tree
version=v4
num_class=1
num_tree_per_iteration=1
label_index=0
max_feature_idx=11
objective=quantile
feature_names=slot dow is_weekend sin_doy cos_doy is_holiday is_holiday_prev temp temp_daymax temp_daymean district_id up_ratio
feature_infos=[0:95] [0:6] [0:1] [-0.9999994220246925:0.99998555065071859] [-0.99997919295908233:0.9999907524084426] [0:1] [0:1] [1.6000000000000001:45.100000000000001] [11.800000000000001:45.100000000000001] [5.9953124999999998:37.56614583333333] [0:1] [0.63404163983687489:1.3073070566434617]
tree_sizes=2821 2978 2974 2992 2982 2983 2989 2991 2985 2981 2983 3001 2997 3000 3003 2995 2999 2970 2990 3001 2995 2991 2980 2995 3007 3006 3004 3010 2981 3013 3013 3006 3006 3001 3012 2993 2994 3022 3008 3016 3001 3005 2993 3011 3002 3013 3020 3015 3002 3007 3019 3000 3014 3001 2997 2984 3015 3016 3021 3006 3005 3009 3004 2984 2991 3001 2995 2992 2996 3004 3000 3006 2981 3008 2993 2999 3008 2995 2989 2992 2978 3006 3004 3011 3018 2974 3010 2994 2991 2995 2986 2984 3004 2996 2995 2980 2994 2990 2998 2967 2986 2975 3009 2954 3010 2968 3009 2984 2951 2972 2952 2970 2940 2975 2956 2930 2975 3008 2956 2882 2971 2973 2980 2950 2960 3008 2989 2935 2955 2958 2993 2941 2932 2938 2918 2970 2916 2924 2981 2912 3003 2999 2961 2946 2897 2926 2922 2995 2870 2886 2937 2913 2947 2874 2889 2883 2900 2896 2913 2896 2889 2966 2921 2861 2903 2982 2908 2982 2898 2875 2925 2919 2836 2943 2943 2916 2894 2943 2872 2878 2874 2926 2925 2942 2910 2950 2913 2906 2913 2960 2868 2892 2900 2897 2883 2858 2919 2969 2866 2868 2881 2933 2935 2953 2850 2856 2862 2942 2905 2923 2906 2906 2860 2889 2924 2889 2898 2897 2911 2915 2935 2855 2913 2942 2891 2884 2936 2940 2898 2933 2905 2907 2903 2865 2874 2925 2897 2915 2950 2854 2903 2890 2932 2964 2859 2885 2854 2906 2933 2906 2878 2895 2914 2888 2913 2852 2977 2937 2911 2848 2837 2863 2902 2880 2927 2881 2901 2893 2901 2947 2924 2864 2934 2885 2911 2921 2938 2853 2859 2918 2937 2965 2901 2905 2921 2879 2902 2954 2863 2819 2905 2943 2921 2836 2919 2892 2920 2941 2895 2902

Tree=0
num_leaves=31
num_cat=0
split_feature=9 0 0 0 0 9 3 0 0 3 10 7 0 9 10 0 9 0 11 4 0 4 10 0 8 0 0 0 0 0
split_gain=10141 970.329 913.761 885.864 957.857 463.035 260.548 240.141 186.847 192.069 183.897 216.253 305.472 173.165 165.095 242.6 166.512 155.971 132.418 90.7252 89.081 83.1626 83.008 72.7868 72.7506 66.1149 98.0087 103.233 65.0812 59.9947
threshold=26.801041666666674 30.500000000000004 48.500000000000007 36.500000000000007 19.500000000000004 24.631250000000005 -0.59869031648930193 72.500000000000014 76.500000000000014 0.91248814248966237 1.0000000180025095e-35 14.212500000000004 86.500000000000014 28.518489583333338 1.0000000180025095e-35 67.500000000000014 28.312500000000004 33.500000000000007 1.0165369992544311 0.42763731121559989 10.500000000000002 -0.074115882986646633 1.0000000180025095e-35 47.500000000000007 29.650000000000002 52.500000000000007 70.500000000000014 82.500000000000014 33.500000000000007 12.500000000000002
decision_type=2 2 2 2 2 2 2 2 2 2 2 2 2 2 2 2 2 2 2 2 2 2 2 2 2 2 2 2 2 2
left_child=1 21 6 4 13 10 -3 -7 9 14 -4 12 -12 20 15 16 -5 -8 28 24 -2 -1 -9 -11 -19 -13 -27 -28 -6 -15
right_child=3 2 5 8 18 7 17 22 -10 23 11 25 -14 29 -16 -17 -18 19 -20 -21 -22 -23 -24 -25 -26 26 27 -29 -30 -31
leaf_value=246.01025161743163 245.62375183105468 245.97075119018555 246.20050201416015 245.87325134277344 245.98325119018554 245.98087654113769 245.94250106811523 245.87025146484376 245.16575088500977 245.59450073242186 245.729500579834 245.94225158691407 246.10762596130371 245.34650115966798 245.42525100708008 245.86687660217285 245.39675140380859 245.97700119018555 245.8222511291504 245.6726261138916 245.86225128173828 246.33862648010253 245.63550186157227 245.89275131225585 245.7298755645752 246.14725189208986 245.90237617492676 246.12325134277344 245.80725173950196 245.63775100708008
leaf_weight=1483 2129 3384 11797 990 4870 3024 1476 989 12678 583 1753 1181 1190 6169 14398 2286 6880 630 5454 5700 1744 19592 1909 1537 1050 5209 2602 2302 1042 3317
leaf_count=1483 2129 3384 11797 990 4870 3024 1476 989 12678 583 1753 1181 1190 6169 14398 2286 6880 630 5454 5700 1744 19592 1909 1537 1050 5209 2602 2302 1042 3317
internal_value=245.845 245.859 245.855 245.831 245.838 245.859 245.843 245.846 245.826 245.829 245.862 245.858 245.846 245.829 245.827 245.832 245.828 245.839 245.849 245.836 245.838 245.868 245.836 245.843 245.846 245.861 245.863 245.858 245.854 245.826
internal_weight=129348 65271 44196 64077 24725 31956 12240 5922 39352 26674 26034 14237 2943 13359 24554 10156 7870 8856 11366 7380 3873 21075 2898 2120 1680 11294 10113 4904 5912 9486
internal_count=129348 65271 44196 64077 24725 31956 12240 5922 39352 26674 26034 14237 2943 13359 24554 10156 7870 8856 11366 7380 3873 21075 2898 2120 1680 11294 10113 4904 5912 9486
is_linear=0
shrinkage=1


Tree=1
num_leaves=31
num_cat=0
split_feature=9 0 0 0 0 9 9 0 0 10 7 0 3 10 0 9 0 11 9 10 4 0 3 8 10 0 7 9 0 9
split_gain=9746.31 962.732 851.443 893.148 802.49 460.801 245.012 214.633 197.35 182.563 200.773 291.69 179.198 155.961 226.961 149.442 148.432 141.631 138.784 92.0292 91.8805 89.4464 84.2183 75.6215 72.1641 69.1146 65.3141 58.0105 53.9922 52.3784
threshold=26.801041666666674 29.500000000000004 36.500000000000007 17.500000000000004 49.500000000000007 24.729427083333338 15.938020833333335 72.500000000000014 76.500000000000014 1.0000000180025095e-35 14.212500000000004 87.500000000000014 0.91248814248966237 1.0000000180025095e-35 66.500000000000014 28.722135416666671 34.500000000000007 1.0236468970418959 28.518489583333338 1.0000000180025095e-35 -0.074115882986646633 33.500000000000007 -0.79384350655589164 30.250000000000004 1.0000000180025095e-35 46.500000000000007 22.662500000000005 29.475000000000001 72.500000000000014 27.834114583333335
decision_type=2 2 2 2 2 2 2 2 2 2 2 2 2 2 2 2 2 2 2 2 2 2 2 2 2 2 2 2 2 2
left_child=1 20 3 18 6 9 21 -7 12 -6 11 -11 13 14 15 -4 -8 27 19 -2 -1 -3 -18 -12 -9 -14 -21 -5 -27 -15
right_child=2 4 8 17 5 7 16 24 -10 10 23 -13 25 29 -16 -17 22 -19 -20 26 -22 -23 -24 -25 -26 28 -28 -29 -30 -31
leaf_value=0.151988334655762 0.076187362670899011 0.040721521377563623 -0.022000465393066548 0.12933780670166045 0.34297477722168002 0.1267061424255374 0.19304355621337876 0.017987213134765059 -0.64528781890869169 -0.097724571228027912 0.23288696289062472 0.26261796951293948 -0.24522491455078069 -0.19451236724853516 0.0079066276550292976 -0.45358695983886721 0.12446277618408175 -0.0463615798950201 -0.39785573959350629 0.065849800109863563 0.47406827926635775 -0.19063203811645479 -0.040868854522705084 0.033546819686889509 -0.20502490997314454 0.081862373352051071 -0.23411293029785157 0.023362236022948936 -0.31513736724853492 -0.45676288604736331
leaf_weight=1435 828 936 1288 4138 11592 2783 2230 966 12678 1860 10081 1073 530 2840 2540 6328 1890 5621 8538 404 18960 3744 4800 1104 1817 1378 2253 2943 212 11558
leaf_count=1435 828 936 1288 4138 11592 2783 2230 966 12678 1860 10081 1073 530 2840 2540 6328 1890 5621 8538 404 18960 3744 4800 1104 1817 1378 2253 2943 212 11558
internal_value=2.78319e-05 0.0136266 -0.0138244 -0.00655308 0.00953294 0.013942 -0.000606618 0.000898311 -0.018393 0.0167658 0.012948 0.00130413 -0.0159519 -0.0171561 -0.0124114 -0.0167279 0.00425448 0.00269249 -0.0163208 -0.00791248 0.0226342 -0.00987179 0.000530643 0.0160013 -0.00892023 -0.00200472 -0.0124482 0.00739655 0.00320755 -0.0205028
internal_weight=129348 65271 64077 24725 44876 31276 13600 5566 39352 25710 14118 2933 26674 24554 10156 7616 8920 12702 12023 3485 20395 4680 6690 11185 2783 2120 2657 7081 1590 14398
internal_count=129348 65271 64077 24725 44876 31276 13600 5566 39352 25710 14118 2933 26674 24554 10156 7616 8920 12702 12023 3485 20395 4680 6690 11185 2783 2120 2657 7081 1590 14398
is_linear=0
shrinkage=0.05


Tree=2
num_leaves=31
num_cat=0
split_feature=9 0 0 0 0 4 0 3 0 10 7 0 0 3 11 10 0 9 9 4 11 10 7 0 9 0 3 7 0 3
split_gain=9355.85 957.167 826.914 846.755 750.198 435.601 274.865 226.344 205.551 183.923 188.887 270.069 172.542 163.993 152.461 151.74 212.119 152.263 106.141 94.4749 88.9318 78.4967 77.943 71.0613 67.1336 65.1354 55.3822 54.6256 54.3539 57.5237
threshold=26.801041666666674 29.500000000000004 36.500000000000007 15.500000000000002 49.500000000000007 0.25829915227078726 72.500000000000014 -0.59869031648930193 76.500000000000014 1.0000000180025095e-35 14.212500000000004 87.500000000000014 33.500000000000007 0.91248814248966237 1.0236468970418959 1.0000000180025095e-35 67.500000000000014 28.953906250000006 28.518489583333338 -0.074115882986646633 0.99547686574958993 1.0000000180025095e-35 21.012500000000006 21.500000000000004 29.475000000000001 47.500000000000007 0.79904096188274243 23.412500000000005 33.500000000000007 0.70290292807158605
decision_type=2 2 2 2 2 2 2 2 2 2 2 2 2 2 2 2 2 2 2 2 2 2 2 2 2 2 2 2 2 2
left_child=1 19 3 18 7 6 26 -3 13 -7 11 -11 -9 15 24 16 17 -4 21 -1 -14 -2 -8 -16 -5 -15 -6 -23 29 -25
right_child=2 4 8 14 5 9 22 12 -10 10 -12 -13 20 25 23 -17 -18 -19 -20 -21 -22 27 -24 28 -26 -27 -28 -29 -30 -31
leaf_value=0.14438891792297426 0.055790050506591631 0.12500627994537297 -0.044360657691955657 0.11787061119079567 0.078621262550353788 0.32907616043090826 0.131076587677002 0.10237808108329745 -0.61302342796325748 -0.09283834266662723 0.20686440086364685 0.2494870710372922 -0.019468997001647639 -0.22681894874572636 -0.17893142509460491 -0.37810536384582538 0.020386281013489341 -0.43665864944457983 -0.40793260669708364 0.45036486530303965 -0.18322445964813172 0.010269369125366268 -0.13877390861511288 -0.019794233322144805 0.010669389724731105 0.042519163131714777 0.24918124437332098 -0.25548200607299804 -0.19679466056823858 0.12470497322082395
leaf_weight=1435 736 3760 1672 4571 1679 11408 267 1968 12678 1860 10406 1073 3280 583 1776 14398 2286 6198 7591 18960 4592 504 2999 2784 3253 1537 1584 1857 885 768
leaf_count=1435 736 3760 1672 4571 1679 11408 267 1968 12678 1860 10406 1073 3280 583 1776 14398 2286 6198 7591 18960 4592 504 2999 2784 3253 1537 1584 1857 885 768
internal_value=4.71596e-05 0.0133708 -0.0135247 -0.00635895 0.00928893 0.0135519 0.00206387 -0.000514706 -0.018027 0.0165828 0.0125965 0.00138936 -0.00450203 -0.0155357 0.00171511 -0.0166877 -0.0120077 -0.0159022 -0.0169629 0.0223523 -0.0078125 -0.00916209 -0.00819045 -0.00413246 0.00635864 -0.0021934 0.0123276 -0.0136065 -0.00074938 0.00201295
internal_weight=129348 65271 64077 24725 44876 31276 6529 13600 39352 24747 13339 2933 9840 26674 14037 24554 10156 7870 10688 20395 7872 3097 3266 6213 7824 2120 3263 2361 4437 3552
internal_count=129348 65271 64077 24725 44876 31276 6529 13600 39352 24747 13339 2933 9840 26674 14037 24554 10156 7870 10688 20395 7872 3097 3266 6213 7824 2120 3263 2361 4437 3552
is_linear=0
shrinkage=0.05


Tree=3
num_leaves=31
num_cat=0
split_feature=9 0 0 0 0 0 10 0 0 3 9 9 0 10 7 4 9 8 0 3 10 0 10 3 11 4 0 10 4 8
split_gain=8925.26 921.257 867.068 794.836 753.628 246.803 246.095 262.574 293.295 225.224 225.169 200.428 190.112 139.219 137.225 124.288 156.481 123.771 107.427 95.4488 114.673 202.943 90.9956 153.646 81.9507 72.0406 68.4764 65.0769 63.7763 62.0742
threshold=26.247916666666669 28.500000000000004 37.500000000000007 14.500000000000002 50.500000000000007 76.500000000000014 1.0000000180025095e-35 70.500000000000014 84.500000000000014 -0.63921128368950708 27.983333333333338 29.157031250000006 33.500000000000007 1.0000000180025095e-35 23.262500000000006 0.92843842216862604 22.233333333333338 30.250000000000004 45.500000000000007 0.91248814248966237 1.0000000180025095e-35 66.500000000000014 1.0000000180025095e-35 0.39827038710620805 0.97407968238158804 0.04621408538533487 53.500000000000007 1.0000000180025095e-35 0.27487873330147788 34.050000000000004
decision_type=2 2 2 2 2 2 2 2 2 2 2 2 2 2 2 2 2 2 2 2 2 2 2 2 2 2 2 2 2 2
left_child=1 -1 3 14 9 10 28 26 15 -3 22 -5 27 -13 -2 16 -9 -10 -14 20 21 -12 -4 -24 -16 -7 -8 -11 -6 -27
right_child=2 4 5 11 6 25 7 8 17 12 19 13 18 -15 24 -17 -18 -19 -20 -21 -22 -23 23 -25 -26 29 -28 -29 -30 -31
leaf_value=0.43084726290702807 0.02483712177276658 0.14874704957008264 0.063280595827102104 0.090026435184478268 0.13048149411678339 -0.58162228708267205 0.10563326449394168 0.072512106513976701 0.24213858394622748 -0.000168367952108639 -0.38501926989555391 0.033644144344329163 -0.14445762219429029 -0.13017956743240405 -0.1950364341259018 -0.16127605028152558 -0.13814417271614091 -0.029085579395294305 0.026061122465134191 -0.063857130718230334 -0.42551904630661003 -0.0098291918039315369 -0.20413145017623863 0.05161806154251139 -0.42224665114879656 -0.19854770174026515 0.24273636480569821 0.17841384845972075 0.31937284069061322 0.14362871999740606
leaf_weight=18676 914 3410 1480 7125 1710 12735 1080 2352 3245 1090 6697 4646 5868 4424 3247 1134 1554 715 2445 1443 10802 2310 3237 1443 6398 418 6116 1355 11070 209
leaf_count=18676 914 3410 1480 7125 1710 12735 1080 2352 3245 1090 6697 4646 5868 4424 3247 1134 1554 715 2445 1443 10802 2310 3237 1443 6398 418 6116 1355 11070 209
internal_value=8.15629e-05 0.0138086 -0.0124852 -0.00549077 0.00979279 -0.0170746 0.0144137 0.0103204 0.00462778 0.000342321 -0.0143587 0.00146805 -0.00320692 -0.00346196 -0.0161639 -0.00337302 0.000857655 0.0148106 -0.00681162 -0.0167984 -0.0177028 -0.0135367 -0.00594156 -0.00935897 -0.0179186 -0.0226463 0.0174402 0.00904908 0.0196009 -0.00610048
internal_weight=129348 61820 67528 26754 43144 40774 28976 16196 9000 14168 27412 16195 10758 9070 10559 5040 3906 3960 8313 21252 19809 9007 6160 4680 9645 13362 7196 2445 12780 627
internal_count=129348 61820 67528 26754 43144 40774 28976 16196 9000 14168 27412 16195 10758 9070 10559 5040 3906 3960 8313 21252 19809 9007 6160 4680 9645 13362 7196 2445 12780 627
is_linear=0
shrinkage=0.05


Tree=4
num_leaves=31
num_cat=0
split_feature=9 0 0 0 0 9 0 9 0 9 11 0 3 10 0 0 0 10 9 4 9 10 9 0 10 0 0 9 0 0
split_gain=8552.32 957.339 713.626 701.998 641.175 491.103 208.238 203.968 198.719 164.128 150.668 134.652 126.656 147.006 180.287 121.67 278.671 123.019 110.732 109.009 81.7119 97.3504 77.2657 74.0139 73.5441 68.0102 77.7306 65.7848 62.9049 80.1813
threshold=26.989322916666673 29.500000000000004 37.500000000000007 14.500000000000002 50.500000000000007 24.729427083333338 72.500000000000014 15.938020833333335 77.500000000000014 11.341666666666669 1.0165369992544311 34.500000000000007 0.91248814248966237 1.0000000180025095e-35 65.500000000000014 71.500000000000014 82.500000000000014 1.0000000180025095e-35 28.312500000000004 -0.074115882986646633 30.108333333333338 1.0000000180025095e-35 15.127864583333336 7.5000000000000009 1.0000000180025095e-35 21.500000000000004 33.500000000000007 22.233333333333338 34.500000000000007 22.500000000000004
decision_type=2 2 2 2 2 2 2 2 2 2 2 2 2 2 2 2 2 2 2 2 2 2 2 2 2 2 2 2 2 2
left_child=1 19 3 20 7 9 -7 -3 12 -6 28 -9 13 14 18 -11 17 -17 -4 23 21 -2 -19 -1 -8 -12 -27 -24 29 -5
right_child=2 4 8 10 5 6 24 11 -10 15 25 -13 -14 -15 -16 16 -18 22 -20 -21 -22 -23 27 -25 -26 26 -28 -29 -30 -31
leaf_value=-0.081999005010128204 -0.053259428252578546 -0.11321563021421355 0.01432409319639163 0.00080793303012782758 0.041229465907512974 0.10263676105707874 0.016377900449036531 0.17455914572238812 -0.57379056237697623 0.27401289689719593 -0.17611419639110437 0.010841651906966378 -0.042739479031563124 -0.35604989292621525 -0.015908540028333109 0.16502872563362134 0.30465737520217862 -0.11522766263246709 -0.38607463140726 0.40630425889253563 -0.46879829285264241 -0.27878436827898129 0.07170770023822684 0.18916686852931974 -0.19171018383979829 0.021383598418235297 -0.20151052569866154 -0.12007476801633743 -0.086473902382851978 0.13164428825855198
leaf_weight=496 1770 4914 866 2720 2160 2992 1012 2305 11743 10727 2191 7376 1960 13998 3035 2574 6643 858 6214 18990 4014 4011 1551 1359 2116 3756 1247 638 1020 4092
leaf_count=496 1770 4914 866 2720 2160 2992 1012 2305 11743 10727 2191 7376 1960 13998 3035 2574 6643 858 6214 18990 4014 4011 1551 1359 2116 3756 1247 638 1020 4092
internal_value=0.000104756 0.0125628 -0.0131635 -0.00657608 0.00852483 0.0125636 -0.000138889 -0.000128469 -0.0174873 0.0156544 0.000212964 0.00408274 -0.0150548 -0.0160484 -0.0114558 0.0168925 0.0134907 0.0052971 -0.0158263 0.0214476 -0.0169908 -0.0131854 -0.00150148 0.00987871 -0.00915921 -0.00501112 -0.00179392 0.00348333 0.00501149 0.00674545
internal_weight=129348 66711 62637 24821 45866 31271 6120 14595 37816 25151 15026 9681 26073 24113 10115 22991 12264 5621 7080 20845 9795 5781 3047 1855 3128 7194 5003 2189 7832 6812
internal_count=129348 66711 62637 24821 45866 31271 6120 14595 37816 25151 15026 9681 26073 24113 10115 22991 12264 5621 7080 20845 9795 5781 3047 1855 3128 7194 5003 2189 7832 6812
is_linear=0
shrinkage=0.05


Tree=5
num_leaves=31
num_cat=0
split_feature=9 0 0 0 0 4 0 0 0 10 7 0 7 11 3 10 7 9 0 4 10 4 0 0 0 9 10 3 0 3
split_gain=8144.95 935.075 689.298 660.157 556.181 482.707 276.487 214.449 204.098 173.874 194.393 237.11 170.249 144.756 126.525 128.946 181.552 118.193 93.5127 84.8078 80.5846 74.596 72.8181 131.603 72.474 72.3697 80.227 69.616 78.9261 69.1893
threshold=26.989322916666673 28.500000000000004 37.500000000000007 13.500000000000002 51.500000000000007 0.24164313636530552 73.500000000000014 34.500000000000007 76.500000000000014 1.0000000180025095e-35 14.012500000000001 88.500000000000014 16.412500000000005 1.0165369992544311 0.7090011537757156 1.0000000180025095e-35 31.412500000000005 25.482812500000005 68.500000000000014 0.089118976521498999 1.0000000180025095e-35 0.089118976521498999 70.500000000000014 82.500000000000014 20.500000000000004 30.108333333333338 1.0000000180025095e-35 -0.59869031648930193 46.500000000000007 0.85673801594079257
decision_type=2 2 2 2 2 2 2 2 2 2 2 2 2 2 2 2 2 2 2 2 2 2 2 2 2 2 2 2 2 2
left_child=1 17 3 25 7 6 29 20 14 -7 11 -11 -9 -5 15 16 -4 -1 19 -18 -3 -10 -12 -24 -15 26 -2 -14 -29 -6
right_child=2 4 8 13 5 9 -8 12 21 10 22 -13 27 24 -16 -17 18 -19 -20 -21 -22 -23 23 -25 -26 -27 -28 28 -30 -31
leaf_value=0.40273938164126832 -0.066291476072581193 0.038261578263521306 0.019690339403271653 0.05456402719092282 0.051170780190244618 0.29200663089982443 -0.12499553889685799 -0.21739862845814173 -0.54460207185578324 -0.086943408091545396 0.23227953387072661 0.22742346884441389 0.078008911741255821 -0.18230787621998701 -0.11544145383715546 -0.34819139280199923 -0.41827007586228721 0.13771243150782625 -0.015470948081313907 0.10469018681538103 0.17887614361804724 -0.0057387372000206943 0.024181930824040878 0.23162578968715622 -0.027498150355816622 -0.46148348502153314 -0.27562529456782342 -0.098746024577140198 0.063026212507128324 0.23169723385146171
leaf_weight=17371 1652 1776 2129 8172 1870 11000 3344 2240 12013 1859 5347 914 3281 2191 4539 12304 5179 2779 995 277 2394 380 2537 2234 5316 3746 3744 4009 2285 1471
leaf_count=17371 1652 1776 2129 8172 1870 11000 3344 2240 12013 1859 5347 914 3281 2191 4539 12304 5179 2779 995 277 2394 380 2537 2234 5316 3746 3744 4009 2285 1471
internal_value=0.000121765 0.0122795 -0.0128267 -0.00635248 0.00838524 0.0123365 0.000459985 0.000827338 -0.0170761 0.0156597 0.0117194 -9.01551e-06 -0.0026132 -0.000125965 -0.0145115 -0.0161559 -0.011451 0.0212779 -0.0156294 -0.0182001 0.0105755 -0.0223372 0.0149338 0.0104433 -0.00513854 -0.0170313 -0.0133247 0.000289817 -0.00278837 0.010633
internal_weight=129348 66711 62637 24821 46561 30576 6685 15985 37816 23891 12891 2773 11815 15679 25423 20884 8580 20150 6451 5456 4170 12393 10118 4771 7507 9142 5396 9575 6294 3341
internal_count=129348 66711 62637 24821 46561 30576 6685 15985 37816 23891 12891 2773 11815 15679 25423 20884 8580 20150 6451 5456 4170 12393 10118 4771 7507 9142 5396 9575 6294 3341
is_linear=0
shrinkage=0.05


Tree=6
num_leaves=31
num_cat=0
split_feature=9 0 0 0 0 0 0 10 0 0 9 9 3 10 4 9 4 3 10 8 0 4 10 10 0 10 0 3 0 0
split_gain=7758.93 884.502 763.791 682.201 559.371 263.559 260.766 232.769 237.293 263.062 218.967 208.713 174.059 153.609 120.986 151.625 104.884 103.533 170.068 103.156 102.674 89.5371 82.2655 79.4144 173.355 77.1329 74.6111 67.1609 66.0092 76.2249
threshold=26.247916666666669 26.500000000000004 37.500000000000007 11.500000000000002 51.500000000000007 32.500000000000007 77.500000000000014 1.0000000180025095e-35 70.500000000000014 85.500000000000014 29.157031250000006 28.587760416666672 -0.63921128368950708 1.0000000180025095e-35 0.92843842216862604 22.233333333333338 -0.15101602693478741 0.79904096188274243 1.0000000180025095e-35 30.250000000000004 45.500000000000007 0.089118976521498999 1.0000000180025095e-35 1.0000000180025095e-35 65.500000000000014 1.0000000180025095e-35 22.500000000000004 -0.8821812062722818 20.500000000000004 32.500000000000007
decision_type=2 2 2 2 2 2 2 2 2 2 2 2 2 2 2 2 2 2 2 2 2 2 2 2 2 2 2 2 2 2
left_child=1 -1 3 16 5 22 11 -6 -9 14 25 17 -7 28 15 -10 -2 18 -4 -11 -14 -8 -3 24 -13 -5 -15 -27 -12 -30
right_child=2 4 6 10 7 12 21 8 9 19 13 23 20 26 -16 -17 -18 -19 -20 -21 -22 -23 -24 -25 -26 27 -28 -29 29 -31
leaf_value=0.38035281165433832 -0.34192724691582232 0.056385595914260025 0.038627861776227235 0.19166586189838597 0.2639522467138356 0.10937547493562648 -0.50987151049932178 0.20140565499828186 0.071973383599245724 0.2191660150040626 -0.076133881620870633 -0.35235687724495368 -0.11474597768177973 -0.25977886241996945 -0.1395977193670504 -0.12141385954895867 0.005876717967565526 0.058994802978693889 -0.18800324902771096 -0.025669083618704749 0.036330034082013185 -0.0089517973347597035 0.22245561838100231 -0.38703106022244643 -0.026015581099176191 -0.05265474596108817 -0.061996308822513418 0.067415068441354725 0.12899420188025842 -0.11243641103732643
leaf_weight=17388 7632 1704 1960 2106 12496 2945 12139 6836 2520 2950 1818 6270 6357 2114 1215 1665 816 1758 5880 650 2934 522 2160 9558 2687 1638 2887 4309 2424 1010
leaf_count=17388 7632 1704 1960 2106 12496 2945 12139 6836 2520 2950 1818 6270 6357 2114 1215 1665 816 1758 5880 650 2934 522 2160 9558 2687 1638 2887 4309 2424 1010
internal_value=0.000173563 0.0129723 -0.0115434 -0.00497869 0.00923096 0.00178882 -0.0158508 0.01346 0.0094342 0.0041 0.000445209 -0.0131674 -0.00180615 -0.00440115 -0.00287963 0.00115293 -0.0167318 -0.00718379 -0.00964286 0.0145694 -0.0051636 -0.0218091 0.0131729 -0.0162692 -0.0128866 0.00661555 -0.0106729 0.00370355 0.00157083 0.00564939
internal_weight=129348 61820 67528 26754 44432 16100 40774 28332 15836 9000 18306 28113 12236 10253 5400 4185 8448 9598 7840 3600 9291 12661 3864 18515 8957 8053 5001 5947 5252 3434
internal_count=129348 61820 67528 26754 44432 16100 40774 28332 15836 9000 18306 28113 12236 10253 5400 4185 8448 9598 7840 3600 9291 12661 3864 18515 8957 8053 5001 5947 5252 3434
is_linear=0
shrinkage=0.05


Tree=7
num_leaves=31
num_cat=0
split_feature=9 0 0 0 0 9 0 0 0 9 0 7 9 9 9 10 3 0 0 10 11 3 10 0 0 10 4 4 11 10
split_gain=7389.46 894.501 636.71 672.598 453.413 445.642 240.071 226.785 206.424 166.146 147.176 144.913 137.563 121.371 120.138 125.309 147.72 102.053 260.208 92.4718 88.803 79.7659 78.9875 76.6766 74.582 111.014 71.5147 70.8073 65.7475 62.3114
threshold=26.989322916666673 27.500000000000004 35.500000000000007 19.500000000000004 51.500000000000007 23.894010416666671 33.500000000000007 77.500000000000014 72.500000000000014 11.341666666666669 8.5000000000000018 16.412500000000005 25.23463541666667 30.140625000000004 29.235937500000002 1.0000000180025095e-35 0.80926549319045582 71.500000000000014 82.500000000000014 1.0000000180025095e-35 1.084488025415445 -0.26037633224328088 1.0000000180025095e-35 7.5000000000000009 67.500000000000014 1.0000000180025095e-35 0.25829915227078726 0.089118976521498999 0.99880428533532839 1.0000000180025095e-35
decision_type=2 2 2 2 2 2 2 2 2 2 2 2 2 2 2 2 2 2 2 2 2 2 2 2 2 2 2 2 2 2
left_child=1 12 3 10 6 9 22 14 -7 29 -2 -8 -1 19 15 -4 -17 -11 21 -12 -5 -19 -3 -14 -16 -26 -10 -9 -13 -6
right_child=2 4 7 20 5 8 11 27 26 17 13 28 23 -15 24 16 -18 18 -20 -21 -22 -23 -24 -25 25 -27 -28 -29 -30 -31
leaf_value=0.37358538232805077 -0.36660055778547901 0.051370077861228935 -0.01397555699540547 0.069416673371996751 0.20304383543510057 0.10165340563179087 -0.17519749632619439 -0.50387790445677749 -0.12696794132488379 0.24462851140771422 0.091266482553182024 0.050931734136494815 -0.010539065988925955 -0.23829845161532859 -0.38268042273866743 -0.21537456702776439 0.055657954141404536 0.11726053829263564 0.27885872085121832 -0.10048585027177595 -0.079256106130149107 0.0046201546756421408 0.19136117112589235 0.16926467932228917 -0.023897720255101264 -0.36131697364198773 0.075303713244317561 -0.00032553235171448594 -0.058904988950319398 -0.050180227816257889
leaf_weight=16352 5877 1776 3022 8270 792 3504 2523 11383 3059 9599 1309 5631 888 2893 12257 7098 1176 1914 6240 2980 2190 3366 2394 2215 1989 1833 782 360 4356 1320
leaf_count=16352 5877 1776 3022 8270 792 3504 2523 11383 3059 9599 1309 5631 888 2893 12257 7098 1176 1914 6240 2980 2190 3366 2394 2215 1989 1833 782 360 4356 1320
internal_value=0.000222655 0.0118028 -0.0121107 -0.00560929 0.00808786 0.0117053 0.00145683 -0.0160195 0.000970048 0.0150994 -0.0131767 -0.00200639 0.0208263 -0.0083751 -0.013526 -0.00957419 -0.0127568 0.0164366 0.0132639 -0.00303684 0.00383843 0.0050947 0.0118465 0.0111747 -0.0163023 -0.0102041 -0.00703593 -0.0218322 0.000698408 0.00172822
internal_weight=129348 66711 62637 23519 47256 30576 16680 39118 7345 23231 13059 12510 19455 7182 27375 11296 8274 21119 11520 4289 10460 5280 4170 3103 16079 3822 3841 11743 9987 2112
internal_count=129348 66711 62637 23519 47256 30576 16680 39118 7345 23231 13059 12510 19455 7182 27375 11296 8274 21119 11520 4289 10460 5280 4170 3103 16079 3822 3841 11743 9987 2112
is_linear=0
shrinkage=0.05


Tree=8
num_leaves=31
num_cat=0
split_feature=9 0 0 0 0 0 0 10 0 0 9 9 3 10 10 4 8 7 4 0 4 8 10 0 3 10 4 0 9 4
split_gain=7016.5 873.951 690.249 602.784 426.446 296.318 263.272 229.294 218.703 241.763 197.471 187.803 153.435 145.848 123.413 112.991 135.363 100.524 94.8662 89.9599 82.9719 81.5178 76.6623 98.7208 96.7535 71.0755 68.3741 66.9381 66.3305 66.0744
threshold=26.247916666666669 24.500000000000004 37.500000000000007 11.500000000000002 51.500000000000007 32.500000000000007 76.500000000000014 1.0000000180025095e-35 70.500000000000014 86.500000000000014 29.157031250000006 27.983333333333338 -0.63921128368950708 1.0000000180025095e-35 1.0000000180025095e-35 0.95436825032516992 29.850000000000005 23.837500000000006 -0.80417042486635371 46.500000000000007 0.089118976521498999 30.250000000000004 1.0000000180025095e-35 63.500000000000007 0.94978112945126536 1.0000000180025095e-35 0.24164313636530552 22.500000000000004 27.773177083333334 0.27487873330147788
decision_type=2 2 2 2 2 2 2 2 2 2 2 2 2 2 2 2 2 2 2 2 2 2 2 2 2 2 2 2 2 2
left_child=1 26 3 17 5 14 11 29 -9 15 25 -4 -7 -12 -3 16 -10 -2 -13 -14 -8 -11 23 -20 -24 -5 -1 -15 -27 -6
right_child=2 4 6 10 7 12 20 8 9 21 13 18 19 27 -16 -17 -18 -19 22 -21 -22 -23 24 -25 -26 28 -28 -29 -30 -31
leaf_value=0.15222755621416939 0.00091397772891355089 0.047246918577611298 -0.057545247476345908 0.17904792219970533 0.099878356992579145 0.10359463157949307 -0.45018364302300146 0.1806469027318599 0.046117314432133585 0.2080283033785264 0.021029794496219268 -0.35904505882829629 -0.10191478861263975 -0.24065718857676688 0.20852380747029076 -0.14366965422353886 -0.15595800129442453 -0.3168799217753332 -0.17264977909785983 0.048403389501368112 -0.0143187709027373 -0.019202214644322171 -0.27057843101851592 0.062180305074883792 0.021029970592488213 0.10941005450572164 0.38465617424680404 -0.059536626942568206 -0.012472784387483671 0.25749170002635113
leaf_weight=2550 890 2272 6160 2106 1672 2945 12811 6836 3536 2655 5252 11564 6846 2114 2880 1072 1152 7558 2858 2445 551 585 4620 1430 780 2621 13550 2887 3326 10824
leaf_count=2550 890 2272 6160 2106 1672 2945 12811 6836 3536 2655 5252 11564 6846 2114 2880 1072 1152 7558 2858 2445 551 585 4620 1430 780 2621 13550 2887 3326 10824
internal_value=0.000223815 0.0123949 -0.0109184 -0.00467781 0.00886702 0.00270301 -0.0150132 0.01265 0.00865433 0.00353333 0.000420627 -0.0122082 -0.00153236 -0.0041817 0.012762 -0.00261285 0.000735922 -0.0157256 -0.0144363 -0.00468464 -0.0207678 0.0144599 -0.0107865 -0.00579524 -0.01475 0.00628027 0.022413 -0.0102929 0.00348495 0.0177137
internal_weight=129348 61820 67528 26754 45720 17388 40774 28332 15836 9000 18306 27412 12236 10253 5152 5760 4688 8448 21252 9291 13362 3240 9688 4288 5400 8053 16100 5001 5947 12496
internal_count=129348 61820 67528 26754 45720 17388 40774 28332 15836 9000 18306 27412 12236 10253 5152 5760 4688 8448 21252 9291 13362 3240 9688 4288 5400 8053 16100 5001 5947 12496
is_linear=0
shrinkage=0.05


Tree=9
num_leaves=31
num_cat=0
split_feature=9 0 0 0 0 9 0 0 0 4 8 11 7 10 10 3 10 0 9 0 0 0 7 0 3 10 4 4 7 9
split_gain=6643.98 873.446 554.885 499.528 333.619 395.13 285.237 216.899 173.676 162.226 158.422 157.607 126.307 124.128 120.632 118.112 132.331 160.74 119.133 110.895 121.473 89.1876 157.742 75.22 70.8948 68.3275 65.0467 61.1235 60.779 58.5031
threshold=26.989322916666673 25.500000000000004 38.500000000000007 10.500000000000002 51.500000000000007 23.894010416666671 34.500000000000007 77.500000000000014 72.500000000000014 0.27487873330147788 20.200000000000006 0.98229519356535999 18.112500000000004 1.0000000180025095e-35 1.0000000180025095e-35 0.7090011537757156 1.0000000180025095e-35 64.500000000000014 30.108333333333338 21.500000000000004 33.500000000000007 90.500000000000014 14.612500000000002 6.5000000000000009 -0.82897401153126982 1.0000000180025095e-35 0.089118976521498999 0.95936279103287792 26.812500000000004 29.157031250000006
decision_type=2 2 2 2 2 2 2 2 2 2 2 2 2 2 2 2 2 2 2 2 2 2 2 2 2 2 2 2 2 2
left_child=1 9 3 28 6 10 14 15 -7 23 13 -5 -8 -6 24 16 17 18 -4 29 -21 22 -15 -1 -3 -10 -9 -16 -2 -13
right_child=2 4 7 11 5 8 12 26 25 -11 -12 19 -14 21 27 -17 -18 -19 -20 20 -22 -23 -24 -25 -26 -27 -28 -29 -30 -31
leaf_value=0.012251237208225518 -0.16955348043872648 0.2364039606702093 -0.090319129136950949 0.059440356426287623 0.23204953832367892 0.09263700739597383 -0.14952996038735619 -0.45617482708278917 0.031619137329211358 0.36092354863993281 0.20812646096350707 -0.027851109867060589 0.013921298108337511 -0.074655652774470838 0.19105110034363834 -0.088253936090383442 -0.29283116667045733 0.0029344967655234202 -0.48668764129761899 0.039146435970959459 -0.16609360612414437 0.21275037586237888 0.11198969492436817 0.16043091204630927 -0.0077729154227071722 -0.12822699144534938 0.00040668281100906259 0.025567102255494235 -0.44263895496420247 -0.20642067898742839
leaf_weight=1141 3359 414 2522 6343 3344 3504 3361 11383 1196 13832 15663 1551 8454 2038 3015 4541 12301 2859 3198 5124 2126 480 1706 3092 2250 2645 360 576 3824 3146
leaf_count=1141 3359 414 2522 6343 3344 3504 3361 11383 1196 13832 15663 1551 8454 2038 3015 4541 12301 2859 3198 5124 2126 480 1706 3092 2250 2645 360 576 3824 3146
internal_value=0.000285663 0.0112661 -0.011409 -0.00572469 0.00777967 0.0109628 0.00239347 -0.0153051 0.000854323 0.0206546 0.0141589 -0.0013368 -0.00217732 0.00821882 0.0110272 -0.012709 -0.0142984 -0.009532 -0.0143706 -0.00471876 -0.000841379 0.00252131 -8.01282e-05 0.0120895 0.00296547 -0.0064892 -0.0209252 0.0170078 -0.0168975 -0.0107036
internal_weight=129348 66711 62637 25473 48646 30576 18070 37164 7345 18065 23231 18290 11815 7568 6255 25421 20880 8579 5720 11947 7250 4224 3744 4233 2664 3841 11743 3591 7183 4697
internal_count=129348 66711 62637 25473 48646 30576 18070 37164 7345 18065 23231 18290 11815 7568 6255 25421 20880 8579 5720 11947 7250 4224 3744 4233 2664 3841 11743 3591 7183 4697
is_linear=0
shrinkage=0.05


Tree=10
num_leaves=31
num_cat=0
split_feature=9 0 0 0 0 4 0 0 0 7 10 4 9 10 9 10 9 10 3 0 0 0 0 0 0 10 3 3 9 3
split_gain=6281.61 870.311 524.36 564.656 260.475 378.841 335.459 226.458 211.515 190.96 164.704 175.738 157.899 145.555 136.5 126.909 123.597 122.061 115.823 94.8281 91.0691 153.009 86.3183 78.9032 82.3036 78.8046 71.227 71.1222 70.9567 70.6146
threshold=26.989322916666673 23.500000000000004 35.500000000000007 20.500000000000004 51.500000000000007 0.25829915227078726 32.500000000000007 77.500000000000014 73.500000000000014 19.962500000000006 1.0000000180025095e-35 0.97263757644091875 30.108333333333338 1.0000000180025095e-35 14.060937500000003 1.0000000180025095e-35 30.140625000000004 1.0000000180025095e-35 0.30983042691905771 67.500000000000014 70.500000000000014 83.500000000000014 62.500000000000007 90.500000000000014 69.500000000000014 1.0000000180025095e-35 0.99466373373798567 0.70290292807158605 30.189062500000002 0.67802080537253961
decision_type=2 2 2 2 2 2 2 2 2 2 2 2 2 2 2 2 2 2 2 2 2 2 2 2 2 2 2 2 2 2
left_child=1 9 3 12 6 8 13 16 -6 -1 -7 20 15 -3 -8 -2 17 22 -19 29 -12 -22 -4 24 -13 -5 -17 28 -27 -18
right_child=2 4 7 25 5 10 14 -9 -10 -11 11 23 -14 -15 -16 26 19 18 -20 -21 21 -23 -24 -25 -26 27 -28 -29 -30 -31
leaf_value=0.34787767638371747 0.023775875222140287 0.043119496324480623 -0.105635820698582 0.12450472212659634 0.10306835404448407 0.23264890105409536 -0.14534071923276387 -0.42286575003529098 -0.098737996965662947 0.12003332032083308 0.20545795988888785 0.039994747212779916 -0.30700679359294586 0.19262712706731122 0.018844622643747755 -0.16919864824461259 -0.45320143065882806 -0.2244523461861718 -0.057650231072877749 -0.13952045760585038 0.0055070445612486196 0.1816345820902015 0.096349616736844723 0.17711209412980652 -0.10744252614040449 0.016823341094476519 0.19395269484918742 0.10963065562830537 -0.11624405166142041 -0.18645808522755658
leaf_weight=13213 2478 2664 3209 4065 3451 10912 3192 11743 3454 3462 4464 990 5622 3591 10013 5465 6562 8377 3024 2617 3055 2820 1785 275 1155 3389 147 1033 1320 1801
leaf_count=13213 2478 2664 3209 4065 3451 10912 3192 11743 3454 3462 4464 990 5622 3591 10013 5465 6562 8377 3024 2617 3055 2820 1785 275 1155 3389 147 1033 1320 1801
internal_value=0.000325479 0.0110023 -0.0110458 -0.00514584 0.00770545 0.0105835 0.00318345 -0.014593 0.000278783 0.0208951 0.0135894 0.00973235 -0.0116978 0.0127218 -0.00133472 -0.00722497 -0.0121014 -0.00935194 -0.0122073 -0.0162067 0.0125713 0.00848085 -0.0028334 -0.00239669 -0.00562937 0.00401499 -0.0113863 0.000243817 -0.0023625 -0.0188061
internal_weight=129348 66711 62637 23519 50036 30576 19460 39118 6905 16675 23671 12759 13712 6255 13205 8090 27375 16395 11401 10980 10339 5875 4994 2420 2145 9807 5612 5742 4709 8363
internal_count=129348 66711 62637 23519 50036 30576 19460 39118 6905 16675 23671 12759 13712 6255 13205 8090 27375 16395 11401 10980 10339 5875 4994 2420 2145 9807 5612 5742 4709 8363
is_linear=0
shrinkage=0.05


Tree=11
num_leaves=31
num_cat=0
split_feature=9 0 0 9 0 0 10 3 10 10 0 0 10 3 7 0 4 9 0 4 9 3 11 11 4 9 7 9 0 0
split_gain=5983.78 877.535 598.206 440.115 304.9 298.784 219.538 283.943 208.842 203.557 185.742 219.811 169.733 137.144 120.095 171.657 109.175 141.561 102.596 100.992 96.2295 89.0664 81.8531 80.2764 79.6556 75.2391 66.0107 68.4065 63.7059 119.713
threshold=26.247916666666669 22.500000000000004 75.500000000000014 29.186197916666668 51.500000000000007 32.500000000000007 1.0000000180025095e-35 0.80926549319045582 1.0000000180025095e-35 1.0000000180025095e-35 69.500000000000014 88.500000000000014 1.0000000180025095e-35 -0.79384350655589164 34.662500000000016 9.5000000000000018 0.95436825032516992 22.233333333333338 46.500000000000007 0.34033495509342487 27.773177083333334 -0.57078386445773377 0.9763748118454606 0.92960870096613757 0.089118976521498999 15.329166666666669 30.312500000000004 33.072916666666671 83.500000000000014 72.500000000000014
decision_type=2 2 2 2 2 2 2 2 2 2 2 2 2 2 2 2 2 2 2 2 2 2 2 2 2 2 2 2 2 2
left_child=1 19 3 6 5 12 21 20 14 28 -11 16 -3 -7 15 -5 17 25 -15 -1 22 -2 -8 -10 -4 -12 27 -17 29 -6
right_child=2 4 24 8 9 13 7 -9 23 10 11 -13 -14 18 -16 26 -18 -19 -20 -21 -22 -23 -24 -25 -26 -27 -28 -29 -30 -31
leaf_value=0.14783072533245942 0.12787685107868541 0.032584525617316729 -0.3802228287444635 -0.27990642339572108 0.21176019038881436 0.12852480342580605 0.022370064378793589 0.095659920884226327 -0.036791796958770107 0.16165231319525619 -0.027264481684692046 0.17555464141215113 0.18855186916112887 -0.086933730187573138 -0.29569332502889906 0.071224161283249293 -0.10939469087234671 -0.086105528230547179 0.063424648826818961 0.34798257186140663 -0.15585376623646141 -0.036701971961851147 -0.11603667818717725 -0.29090287716188218 -0.0080639770676185669 0.10509017135602008 -0.08335519491805031 -0.16458617977234127 0.31452452522910124 0.072335350846213939
leaf_weight=3174 4180 2840 13485 2010 5964 1995 3415 2888 1054 6476 988 2520 3600 7546 4914 3268 1273 2109 2695 11638 8427 2050 2964 13211 580 2470 4469 613 3408 3124
leaf_count=3174 4180 2840 13485 2010 5964 1995 3415 2888 1054 6476 988 2520 3600 7546 4914 3268 1273 2109 2695 11638 8427 2050 2964 13211 580 2470 4469 613 3408 3124
internal_value=0.000373025 0.0116127 -0.00991663 -0.00750285 0.00826881 0.00330906 -0.00246196 -0.00530406 -0.0115855 0.0115382 0.00777343 0.00326923 0.0120264 -0.00127901 -0.00752259 -0.00446911 -0.00138158 0.00163912 -0.00361537 0.0222252 -0.00810145 0.00560995 -0.00346841 -0.0159359 -0.0190917 0.00786582 -0.00131138 0.00345916 0.0163092 0.014123
internal_weight=129348 61820 67528 53463 47008 18676 23924 17694 29539 28332 15836 9360 6440 12236 15274 10360 6840 5567 10241 14812 14806 6230 6379 14265 14065 3458 8350 3881 12496 9088
internal_count=129348 61820 67528 53463 47008 18676 23924 17694 29539 28332 15836 9360 6440 12236 15274 10360 6840 5567 10241 14812 14806 6230 6379 14265 14065 3458 8350 3881 12496 9088
is_linear=0
shrinkage=0.05


Tree=12
num_leaves=31
num_cat=0
split_feature=9 0 0 9 0 0 10 3 8 10 10 9 4 4 9 10 0 0 0 4 7 0 0 3 3 0 7 7 11 0
split_gain=5649.92 876.84 581.357 405.643 280.331 266.005 199.04 252.085 197.345 195.142 163.922 139.411 129.938 112.18 111.995 108.939 104.531 93.7685 174.747 90.5929 84.8327 117.596 83.6046 81.243 78.4275 100.122 76.618 74.9036 73.9262 72.6775
threshold=26.247916666666669 22.500000000000004 75.500000000000014 29.186197916666668 52.500000000000007 32.500000000000007 1.0000000180025095e-35 0.80926549319045582 30.250000000000004 1.0000000180025095e-35 1.0000000180025095e-35 13.074218750000002 0.97263757644091875 0.25829915227078726 32.882812500000007 1.0000000180025095e-35 71.500000000000014 39.500000000000007 9.5000000000000018 -0.12545862287572049 32.912500000000016 7.5000000000000009 64.500000000000014 0.41398981800788198 -0.84772008488809492 45.500000000000007 25.112500000000004 29.812500000000004 0.92960870096613757 86.500000000000014
decision_type=2 2 2 2 2 2 2 2 2 2 2 2 2 2 2 2 2 2 2 2 2 2 2 2 2 2 2 2 2 2
left_child=1 13 3 6 5 10 23 17 11 14 -3 15 24 -1 20 -6 -10 18 -8 -13 21 -5 -22 27 -7 -26 -4 -2 -11 -21
right_child=2 4 26 9 8 12 7 -9 16 28 -12 19 -14 -15 -16 -17 -18 -19 -20 29 22 -23 -24 -25 25 -27 -28 -29 -30 -31
leaf_value=0.11909758379596697 0.15060226019952128 0.03095529933645054 -0.030336672048451876 -0.20789714713469609 0.20672651528261526 0.12622044263539678 -0.23914895514733134 0.090876924840014806 0.095524100409936363 -0.03495220711083178 0.17912427570307232 -0.14719002519180577 -0.16374592764298868 0.3258333822331807 -0.2763087683608802 -0.0029385261528574349 -0.05564587185304859 -0.15515088164984692 0.005001075430183733 0.15415904039601289 -0.22889780370745427 0.025838121414803086 0.047421557207634635 -0.070518954922664537 -0.056148993908234961 0.089171906211170437 -0.36521177885997536 -0.0080824443961276422 -0.27635773330378871 0.26095964792187093
leaf_weight=2461 3498 2840 764 1072 2365 1900 1946 2888 1919 1054 3600 341 2200 12351 5092 3053 2424 7020 5840 13905 2866 5444 800 1062 5707 3073 13301 1670 13211 3681
leaf_count=2461 3498 2840 764 1072 2365 1900 1946 2888 1919 1054 3600 341 2200 12351 5092 3053 2424 7020 5840 13905 2866 5444 800 1062 5707 3073 13301 1670 13211 3681
internal_value=0.000438739 0.0113604 -0.00955974 -0.0071802 0.00801778 0.00339545 -0.00234075 -0.00504691 0.0112431 -0.0110997 0.0116925 0.0130638 -0.000753106 0.0219687 -0.00717232 0.00603544 0.00145637 -0.0076827 -0.00390444 0.015188 -0.00414457 -0.000721301 -0.0102291 0.0053451 0.00152622 -0.00046697 -0.0186047 0.00793344 -0.0153049 0.0156829
internal_weight=129348 61820 67528 53463 47008 19320 23924 17694 27688 29539 6440 23345 12880 14812 15274 5418 4343 14806 7786 17927 10182 6516 3666 6230 10680 8780 14065 5168 14265 17586
internal_count=129348 61820 67528 53463 47008 19320 23924 17694 27688 29539 6440 23345 12880 14812 15274 5418 4343 14806 7786 17927 10182 6516 3666 6230 10680 8780 14065 5168 14265 17586
is_linear=0
shrinkage=0.05


Tree=13
num_leaves=31
num_cat=0
split_feature=9 0 0 0 9 0 0 7 10 0 0 10 10 0 7 4 4 11 10 0 3 10 4 9 9 9 3 0 0 0
split_gain=5316.41 863.47 559.25 587.807 251.645 239.977 276.653 206.782 190.448 203.19 229.974 179.903 179.214 176.675 126.362 124.745 119.072 93.9013 85.5571 145.32 85.3378 104.281 83.4686 95.8859 76.9475 72.8523 70.8941 86.5435 67.8224 123.896
threshold=26.247916666666669 21.500000000000004 35.500000000000007 19.500000000000004 28.678645833333334 52.500000000000007 32.500000000000007 26.287500000000005 1.0000000180025095e-35 70.500000000000014 85.500000000000014 1.0000000180025095e-35 1.0000000180025095e-35 78.500000000000014 32.412500000000016 0.34033495509342487 0.96407344085605606 1.058143950967068 1.0000000180025095e-35 64.500000000000014 -0.11692013674435776 1.0000000180025095e-35 0.92843842216862604 22.233333333333338 22.358333333333338 27.773177083333334 -0.84772008488809492 45.500000000000007 83.500000000000014 72.500000000000014
decision_type=2 2 2 2 2 2 2 2 2 2 2 2 2 2 2 2 2 2 2 2 2 2 2 2 2 2 2 2 2 2
left_child=1 15 3 7 11 6 12 25 28 -10 22 -4 -3 18 -13 -1 26 -5 19 -6 21 -9 23 -11 -12 -2 -8 -28 29 -7
right_child=2 5 4 17 13 8 16 20 9 10 24 14 -14 -15 -16 -17 -18 -19 -20 -21 -22 -23 -24 -25 -26 -27 27 -29 -30 -31
leaf_value=0.13338021655483062 0.038554051513254708 0.029414014879520778 0.028409750744830122 0.089563701640523172 -0.25867939013886032 0.19767564186132988 0.11990942050362677 -0.011814516231660122 0.14666211368335952 0.042652957035910079 0.16628819994813215 -0.15272465670294652 0.17404915962294681 -0.45945042697752286 0.081633099659269001 0.31979256761370894 -0.14550528244130803 -0.023651719530873552 -0.28352114794885214 -0.0089331876543198522 -0.35914797810276156 -0.27453408907392929 -0.12212255663795163 -0.10435451209818894 0.0076315492208344441 -0.084376112555192159 -0.051014534383701009 0.086529683172459224 0.28874264407235728 0.061923701500585793
leaf_weight=3036 2341 3124 3598 7790 6465 5680 1900 1768 6476 2520 2500 9898 3960 7796 1200 11132 2440 3486 10101 3120 3924 2142 1215 1665 1100 3899 5551 2989 3408 3124
leaf_count=3036 2341 3124 3598 7790 6465 5680 1900 1768 6476 2520 2500 9898 3960 7796 1200 11132 2440 3486 10101 3120 3924 2142 1215 1665 1100 3899 5551 2989 3408 3124
internal_value=0.000480487 0.0110749 -0.0092184 -0.00334911 -0.012746 0.00785277 0.00367411 -0.0101641 0.0108657 0.00718209 0.00232222 -0.00746462 0.0116107 -0.0155702 -0.0106145 0.0219121 -0.000690994 0.00515697 -0.0130473 -0.00966354 -0.0155731 -0.0103453 -0.0042037 -0.000854241 0.0121111 -0.0033734 0.00163314 -0.000310304 0.0155339 0.0132156
internal_weight=129348 61820 67528 25350 42178 47652 19964 14074 27688 15476 9000 14696 7084 27482 11098 14168 12880 11276 19686 9585 7834 3910 5400 4185 3600 6240 10440 8540 12212 8804
internal_count=129348 61820 67528 25350 42178 47652 19964 14074 27688 15476 9000 14696 7084 27482 11098 14168 12880 11276 19686 9585 7834 3910 5400 4185 3600 6240 10440 8540 12212 8804
is_linear=0
shrinkage=0.05


Tree=14
num_leaves=31
num_cat=0
split_feature=9 0 0 9 9 10 9 10 8 0 9 0 3 10 3 4 0 0 11 0 0 0 3 0 0 0 0 3 0 4
split_gain=5048.87 831.406 460.54 283.528 249.329 213.433 196.715 169.356 168.668 171.677 291.548 212.003 163.038 156.41 108.843 107.788 103.18 307.801 96.3324 96.2171 119.993 91.8363 80.5051 77.9163 123.356 116.306 87.5148 77.5766 76.1209 73.0926
threshold=26.989322916666673 22.500000000000004 75.500000000000014 30.140625000000004 23.805729166666669 1.0000000180025095e-35 11.341666666666669 1.0000000180025095e-35 31.550000000000004 51.500000000000007 25.23463541666667 34.500000000000007 0.38243310158943505 1.0000000180025095e-35 -0.57078386445773377 0.48126256173783166 71.500000000000014 83.500000000000014 1.0916629031903622 45.500000000000007 7.5000000000000009 45.500000000000007 -0.81923160956083974 7.5000000000000009 34.500000000000007 67.500000000000014 21.500000000000004 -0.26037633224328088 7.5000000000000009 0.089118976521498999
decision_type=2 2 2 2 2 2 2 2 2 2 2 2 2 2 2 2 2 2 2 2 2 2 2 2 2 2 2 2 2 2
left_child=1 4 3 5 -1 14 -3 23 9 11 16 13 18 -8 -2 -13 -11 27 19 20 -7 -17 -22 -5 26 -26 -25 -18 -6 -4
right_child=2 6 29 7 28 12 8 -9 -10 10 -12 15 -14 -15 -16 21 17 -19 -20 -21 22 -23 -24 24 25 -27 -28 -29 -30 -31
leaf_value=0.29663121014757082 0.10306446970917094 -0.053381077597104115 -0.34372811925169344 -0.3218184898107474 -0.0026388205262279033 -0.25633515200956797 0.036632718526524853 -0.28975245431063001 -0.015816585067359768 0.17805845683182897 -0.020728662665734279 0.087785279542920591 0.0050302062840053459 0.16391484506872658 -0.041797483269360926 -0.097039040049494929 0.080913057807656952 0.20846818706745013 -0.27628399479086241 -0.18060669062912355 -0.086081703796472203 0.055976181996769729 0.02662346146839667 -0.080888335191082919 -0.29996000717915622 0.024226132318764117 0.10169306972064476 -0.019939553103303354 0.12810054915918698 0.029762296488428319
leaf_weight=12029 4484 3504 12645 1216 1376 1349 3096 8366 4599 10196 3256 3111 5244 3912 4556 4411 2376 6120 2584 5049 2128 2406 4280 2128 5016 1216 1976 3744 2575 400
leaf_count=12029 4484 3504 12645 1216 1376 1349 3096 8366 4599 10196 3256 3111 5244 3912 4556 4411 2376 6120 2584 5049 2128 2406 4280 2128 5016 1216 1976 3744 2575 400
internal_value=0.000510638 0.0100827 -0.00968397 -0.00748508 0.0200282 -0.00438768 0.00694989 -0.0120996 0.00779798 0.00877944 0.0113557 0.00487128 -0.00719444 0.0115297 0.00201881 0.000171233 0.0133847 0.01029 -0.00978882 -0.00801187 -0.00451528 -0.00334825 -0.00166199 -0.00817607 -0.00676761 -0.0112003 -3.65497e-05 0.00236111 0.0091306 -0.0180433
internal_weight=129348 66711 62637 49592 15980 29674 50731 19918 47227 42628 25692 16936 20634 7008 9040 9928 22436 12240 15390 12806 7757 6817 6408 11552 10336 6232 4104 6120 3951 13045
internal_count=129348 66711 62637 49592 15980 29674 50731 19918 47227 42628 25692 16936 20634 7008 9040 9928 22436 12240 15390 12806 7757 6817 6408 11552 10336 6232 4104 6120 3951 13045
is_linear=0
shrinkage=0.05


Tree=15
num_leaves=31
num_cat=0
split_feature=9 0 0 9 9 10 0 9 10 3 8 0 0 0 0 10 10 4 4 7 11 3 0 0 9 0 0 9 9 0
split_gain=4775.68 829.631 436.548 261.816 259.944 195.38 180.151 199.101 158.933 151.142 129.817 118.003 110.608 209.301 203.805 171.114 139.752 101.091 100.933 100.352 97.3304 93.5325 83.9596 81.9748 80.3376 76.758 96.5401 76.7183 74.7511 67.099
threshold=26.989322916666673 21.500000000000004 75.500000000000014 30.140625000000004 22.710937500000004 1.0000000180025095e-35 90.500000000000014 11.341666666666669 1.0000000180025095e-35 0.38243310158943505 30.950000000000003 73.500000000000014 50.500000000000007 34.500000000000007 71.500000000000014 1.0000000180025095e-35 1.0000000180025095e-35 0.52583933546504591 -0.13398942717002907 30.137500000000006 1.0326169115782082 0.41398981800788198 80.500000000000014 5.5000000000000009 27.746093750000004 42.500000000000007 6.5000000000000009 33.472395833333344 25.23463541666667 44.500000000000007
decision_type=2 2 2 2 2 2 2 2 2 2 2 2 2 2 2 2 2 2 2 2 2 2 2 2 2 2 2 2 2 2
left_child=1 4 3 5 -1 19 7 -3 27 20 12 -12 13 15 28 -9 22 -15 -8 21 25 -2 -16 -6 -4 26 -7 -5 -14 -19
right_child=2 6 24 8 23 9 18 10 -10 -11 11 -13 14 17 16 -17 -18 29 -20 -21 -22 -23 -24 -25 -26 -27 -28 -29 -30 -31
leaf_value=0.29597058526861275 0.12393467080413104 -0.068226034625904222 -0.072906300953875555 -0.072909010726240814 -0.0051027391199411909 -0.23720983481796054 -0.12068333814007418 0.03080513037317445 -0.27526483159509779 0.0047786959698051142 0.039960318339846174 -0.13307025521457519 0.16865849620669879 0.088790409051895836 0.054286103429669198 0.15954023383774685 0.0010381189863281294 -0.097914854684078997 0.23563198044505498 -0.063017352127846496 -0.21621826161779439 -0.067372184046224248 0.21987188492084259 0.12370821136817511 -0.34929180484184319 -0.15237212047206017 -0.002787393062079957 -0.29252461835789351 0.038130769359395349 0.03196362993104316
leaf_weight=10626 4307 3312 1540 7752 1272 977 250 3211 8366 5244 4628 1513 10454 2832 2223 4043 5909 3810 3225 3647 4775 1086 2470 3387 11505 4612 5026 3800 1260 2286
leaf_count=10626 4307 3312 1540 7752 1272 977 250 3211 8366 5244 4628 1513 10454 2832 2223 4043 5909 3810 3225 3647 4775 1086 2470 3387 11505 4612 5026 3800 1260 2286
internal_value=0.000543109 0.00985257 -0.00937186 -0.00723101 0.0200801 -0.00425457 0.0068127 0.00601604 -0.0116653 -0.00694 0.00689364 0.000142485 0.00797054 0.00482326 0.0102527 0.0111318 0.00523015 -0.000302419 0.0178058 0.001875 -0.00943795 0.00620712 0.0116716 0.0102329 -0.0175105 -0.00677108 -0.00304431 -0.00786444 0.0147985 -0.00392881
internal_weight=129348 66711 62637 49592 15285 29674 51426 47951 19918 20634 44639 6141 38498 16182 22316 7254 10602 8928 3475 9040 15390 5393 4693 4659 13045 10615 6003 11552 11714 6096
internal_count=129348 66711 62637 49592 15285 29674 51426 47951 19918 20634 44639 6141 38498 16182 22316 7254 10602 8928 3475 9040 15390 5393 4693 4659 13045 10615 6003 11552 11714 6096
is_linear=0
shrinkage=0.05


Tree=16
num_leaves=31
num_cat=0
split_feature=9 0 0 9 0 9 10 9 7 0 0 0 0 10 10 3 0 4 3 9 0 3 9 9 10 3 11 3 0 0
split_gain=4505.78 873.406 489.405 330.064 210.419 194.98 189.327 155.153 129.377 149.436 126.392 300.25 194.047 164.944 118.473 154.788 115.569 111.587 124.181 106.509 88.699 87.3395 86.9025 86.3346 127.569 84.1564 80.9647 71.3916 70.2146 65.7969
threshold=26.247916666666669 21.500000000000004 75.500000000000014 28.69166666666667 86.500000000000014 11.341666666666669 1.0000000180025095e-35 22.710937500000004 30.387500000000006 21.500000000000004 72.500000000000014 53.500000000000007 31.500000000000004 1.0000000180025095e-35 1.0000000180025095e-35 0.80926549319045582 65.500000000000014 0.34033495509342487 -0.14250824554987665 22.632552083333337 78.500000000000014 -0.59869031648930193 30.189062500000002 28.678645833333334 1.0000000180025095e-35 -0.36647417525074694 0.94187976625705427 -0.94139628442229062 46.500000000000007 6.5000000000000009
decision_type=2 2 2 2 2 2 2 2 2 2 2 2 2 2 2 2 2 2 2 2 2 2 2 2 2 2 2 2 2 2
left_child=1 7 3 14 5 -3 8 -1 9 29 11 12 13 -7 25 26 -10 -12 20 -6 -19 -14 -8 24 -4 -2 -16 -13 -23 -5
right_child=2 4 23 6 19 10 22 -9 16 -11 17 27 21 -15 15 -17 -18 18 -20 -21 -22 28 -24 -25 -26 -27 -28 -29 -30 -31
leaf_value=0.28117205600518247 0.11913397297961979 -0.076826880097144112 0.034706825991652583 -0.21503199938991033 0.22154588737105174 0.029914511740987849 -0.13576796965852367 0.10972469992304142 -0.20657451229555124 0.12614032935505151 -0.090750843227370134 0.0210409649254963 0.086854827395966797 0.16428371554919396 0.0006164382350178244 0.093414775509980785 0.025498844799753329 0.017733564558919567 -0.012792143650279543 0.037186259388200686 0.1794321776939711 -0.054645630661768509 -0.26406604783920928 -0.36932721459975115 -0.17780773604238079 -0.053711939466350604 -0.10356399325056601 0.16139502217591828 0.06196355035364718 -0.014030388456043853
leaf_weight=10626 3420 3120 1200 1172 4302 2660 9470 3542 8526 2360 1932 1026 3630 3300 4324 2432 1959 1176 3668 1494 1568 6465 8062 9167 3698 1138 7671 10294 3017 2929
leaf_count=10626 3420 3120 1200 1172 4302 2660 9470 3542 8526 2360 1932 1026 3630 3300 4324 2432 1959 1176 3668 1494 1568 6465 8062 9167 3698 1138 7671 10294 3017 2929
internal_value=0.000578285 0.0103316 -0.00835061 -0.00616735 0.00709099 0.0058546 -0.0090826 0.0212309 -0.00531394 0.000251509 0.00682311 0.00831962 0.00449088 0.0119715 -0.000873058 -0.00309316 -0.00874344 0.00137224 0.00454616 0.0160197 0.0125911 0.0010906 -0.0127253 -0.0166495 -0.0112903 0.00615401 -0.00542518 0.0147703 -0.0014343 -0.00551695
internal_weight=129348 61820 67528 53463 47652 41856 34478 14168 16946 6461 38736 30392 19072 5960 18985 14427 10485 8344 6412 5796 2744 13112 17532 14065 4898 4558 11995 11320 9482 4101
internal_count=129348 61820 67528 53463 47652 41856 34478 14168 16946 6461 38736 30392 19072 5960 18985 14427 10485 8344 6412 5796 2744 13112 17532 14065 4898 4558 11995 11320 9482 4101
is_linear=0
shrinkage=0.05


Tree=17
num_leaves=31
num_cat=0
split_feature=9 0 0 0 9 0 9 0 9 11 8 10 3 4 3 10 0 0 0 0 10 0 4 4 7 0 0 9 0 9
split_gain=4239.79 868.702 474.257 504.19 229.225 204.601 188.568 180.313 164.265 158.626 140.251 94.4748 100.161 92.9475 89.4804 86.4396 152.296 82.8475 119.797 117.29 142.737 102.18 84.1752 80.9899 80.037 76.0803 150.951 100.146 72.0529 66.2043
threshold=26.247916666666669 21.500000000000004 38.500000000000007 10.500000000000002 28.028125000000003 89.500000000000014 13.695833333333336 78.500000000000014 22.358333333333338 1.082566854600657 30.850000000000005 1.0000000180025095e-35 0.39827038710620805 0.98486764554468398 0.70290292807158605 1.0000000180025095e-35 65.500000000000014 52.500000000000007 71.500000000000014 33.500000000000007 1.0000000180025095e-35 80.500000000000014 0.48126256173783166 0.17435360825960186 26.712500000000006 22.500000000000004 33.500000000000007 30.140625000000004 73.500000000000014 22.632552083333337
decision_type=2 2 2 2 2 2 2 2 2 2 2 2 2 2 2 2 2 2 2 2 2 2 2 2 2 2 2 2 2 2
left_child=1 8 3 24 11 6 13 14 -1 25 17 -4 -13 -3 15 16 -6 19 -19 20 -8 -20 -21 -23 -2 27 -27 -5 -12 -7
right_child=2 5 4 9 7 29 10 -9 -10 -11 28 12 -14 -15 -16 -17 -18 18 21 22 -22 23 -24 -25 -26 26 -28 -29 -30 -31
leaf_value=0.26936259871273621 -0.1022089447804703 0.035325372047675073 0.055241536094830228 0.039432069563109455 -0.24576997433772194 0.23880161683296919 0.031765100494489218 -0.35819270225364763 0.10794964329333112 -0.093805259046665423 0.029531521257489857 -0.11192697884822991 0.022950162068791261 -0.071836478249012001 -0.065932206622472483 -0.24694983381139154 0.017443517696381149 0.16230548302628733 0.011503308795852263 0.11622099665929256 0.16953482209996409 -0.058288593979924745 -0.013060152402132985 0.1475952243674101 -0.3315874608931253 0.11781040865956385 -0.032583935112178608 -0.10149089699162346 -0.11445568873616097 0.05083048173955973
leaf_weight=10406 3708 6800 2164 4459 5346 2868 2292 9188 3762 4027 3744 5016 2109 3400 3900 9776 2572 8014 3798 2451 2772 414 5567 3384 4036 6171 2800 2256 1152 996
leaf_count=10406 3708 6800 2164 4459 5346 2868 2292 9188 3762 4027 3744 5016 2109 3400 3900 9776 2572 8014 3798 2451 2772 414 5567 3384 4036 6171 2800 2256 1152 996
internal_value=0.000624671 0.0100857 -0.00803667 -0.00297465 -0.0115052 0.00685386 0.00588061 -0.0135826 0.0209557 0.001272 0.00768876 -0.00462106 -0.0074 -7.35294e-05 -0.0110864 -0.0125975 -0.00871432 0.00902342 0.011483 0.00608852 0.0120458 0.00698394 0.00232602 0.012783 -0.0137849 0.00354456 0.00655724 -0.000480268 -0.000132761 0.017883
internal_weight=129348 61820 67528 27457 40071 47652 43788 30782 14168 19713 33588 9289 7125 10200 21594 17694 7918 28692 15610 13082 5064 7596 8018 3798 7744 15686 8971 6715 4896 3864
internal_count=129348 61820 67528 27457 40071 47652 43788 30782 14168 19713 33588 9289 7125 10200 21594 17694 7918 28692 15610 13082 5064 7596 8018 3798 7744 15686 8971 6715 4896 3864
is_linear=0
shrinkage=0.05


Tree=18
num_leaves=31
num_cat=0
split_feature=9 0 0 9 0 9 9 10 8 10 3 9 7 9 10 0 7 11 7 0 0 0 0 0 9 3 0 0 9 0
split_gain=3992.93 851.085 453.944 299.059 197.885 176.296 175.024 164.665 133.97 131.24 188.824 107.515 90.9936 84.118 103.494 79.5408 109.582 78.3751 70.8781 108.403 69.99 119.421 110.412 68.6026 65.1712 64.6197 60.5263 60.0883 128.614 128.381
threshold=26.247916666666669 21.500000000000004 75.500000000000014 29.186197916666668 89.500000000000014 13.811458333333336 22.358333333333338 1.0000000180025095e-35 31.550000000000004 1.0000000180025095e-35 0.80926549319045582 33.472395833333344 16.787500000000005 28.587760416666672 1.0000000180025095e-35 6.5000000000000009 27.812500000000004 0.92180858479239347 32.912500000000016 6.5000000000000009 11.500000000000002 34.500000000000007 23.500000000000004 63.500000000000007 22.632552083333337 -0.57078386445773377 55.500000000000007 52.500000000000007 22.358333333333338 33.500000000000007
decision_type=2 2 2 2 2 2 2 2 2 2 2 2 2 2 2 2 2 2 2 2 2 2 2 2 2 2 2 2 2 2
left_child=1 6 3 9 5 12 -1 11 27 25 15 18 -3 14 -4 -11 -17 -9 19 -5 -19 22 -22 -20 -6 -2 -14 29 -29 -7
right_child=2 4 13 7 24 8 -8 17 -10 10 -12 -13 26 -15 -16 16 -18 20 23 -21 21 -23 -24 -25 -26 -27 -28 28 -30 -31
leaf_value=0.25589446877709893 0.10591176206978332 -0.027230269673082577 0.031919204685238615 -0.19283602031309571 0.22686153599132056 0.12851662141148595 0.10255216112866493 0.016953493046922574 -0.03009214142562442 -0.22909676033499196 0.082467360033233211 -0.26493570381604814 0.0036634494982202173 -0.33395219531957993 -0.15616781523578568 0.0047082255839747235 -0.1041062329597736 -0.3672539453316695 -0.18670262404062044 0.030717594416549334 -0.14498792811396158 -0.2671289921952294 0.03068450833013401 0.030515864946579541 0.0482889576525821 -0.027189553983701133 0.13932888941257815 0.12944915399257512 0.03979701349513718 0.029657648744287713
leaf_weight=10406 4180 8004 1180 1050 2868 5328 3762 904 2992 1362 2888 3800 1246 9267 3618 5716 7728 2118 3291 6034 2124 7173 1946 1099 996 2050 1358 11728 4696 8436
leaf_count=10406 4180 8004 1180 1050 2868 5328 3762 904 2992 1362 2888 3800 1246 9267 3618 5716 7728 2118 3291 6034 2124 7173 1946 1099 996 2050 1358 11728 4696 8436
internal_value=0.000665646 0.00984714 -0.00773975 -0.00563708 0.0066482 0.00569106 0.0206063 -0.00900251 0.00748493 -0.00148178 -0.00367921 -0.00539479 8.01282e-05 -0.0157323 -0.0103585 -0.00596042 -0.00479396 -0.0128654 -0.00298065 0.000112931 -0.0138294 -0.0122587 -0.00541769 -0.00797267 0.0174948 0.00475923 0.00819892 0.00848516 0.0105273 0.00604839
internal_weight=129348 61820 67528 53463 47652 43788 14168 29539 33180 23924 17694 15274 10608 14065 4798 14806 13444 14265 11474 7084 13361 11243 4070 4390 3864 6230 2604 30188 16424 13764
internal_count=129348 61820 67528 53463 47652 43788 14168 29539 33180 23924 17694 15274 10608 14065 4798 14806 13444 14265 11474 7084 13361 11243 4070 4390 3864 6230 2604 30188 16424 13764
is_linear=0
shrinkage=0.05


Tree=19
num_leaves=31
num_cat=0
split_feature=9 0 0 9 11 0 0 0 0 9 8 8 0 0 0 0 4 10 9 0 4 7 4 10 0 3 10 10 0 3
split_gain=3766.99 797.58 380.923 275.95 241.151 195.791 329.363 204.531 172.644 162.142 111.879 105.988 105.664 167.491 152.106 142.059 149.503 120.865 91.0311 89.8863 85.5628 83.1843 79.6951 76.5138 74.0312 73.1473 70.898 70.1069 92.6816 84.4847
threshold=26.989322916666673 23.500000000000004 78.500000000000014 22.358333333333338 1.0916629031903622 6.5000000000000009 34.500000000000007 22.500000000000004 90.500000000000014 11.341666666666669 38.95000000000001 30.850000000000005 49.500000000000007 72.500000000000014 35.500000000000007 80.500000000000014 0.17435360825960186 1.0000000180025095e-35 27.834114583333335 73.500000000000014 0.24164313636530552 38.562500000000007 0.52583933546504591 1.0000000180025095e-35 6.5000000000000009 -0.14250824554987665 1.0000000180025095e-35 1.0000000180025095e-35 63.500000000000007 0.38243310158943505
decision_type=2 2 2 2 2 2 2 2 2 2 2 2 2 2 2 2 2 2 2 2 2 2 2 2 2 2 2 2 2 2
left_child=1 3 4 -1 5 -2 7 10 9 -3 23 12 14 -14 17 -15 -17 -11 -4 -13 -10 27 -16 -7 -5 -18 -27 28 -8 -29
right_child=2 8 18 24 -6 6 21 -9 20 11 -12 19 13 15 22 16 25 -19 -20 -21 -22 -23 -24 -25 -26 26 -28 29 -30 -31
leaf_value=0.23534980637340086 -0.2293225804018178 -0.068497107460181186 -0.054937499213666287 -0.0010324046782905327 -0.2021677156053876 0.061165733418472007 -0.10783323868802271 0.097020859954997013 0.013860604734883708 0.015848003071012331 -0.20979578358673906 0.032500237223886334 0.12912572019561283 -0.021797639091249012 0.069538086421592024 -0.078076490955007224 0.16833597419805457 0.12232076539405271 -0.31525415830750775 -0.1100888233537205 0.21793242723280459 -0.36201752512564983 -0.058531339077281079 -0.047807614319751938 0.10639804868698094 0.17275304675065187 -0.0033705369004941588 -0.15761024272597127 0.055224037514147999 -0.035428643423176712
leaf_weight=11352 3751 3216 1479 1554 9222 2848 5618 6444 760 2940 1247 4700 12715 4424 2422 750 2030 3696 9613 1598 2715 1779 5320 4482 3769 1320 1430 9117 3162 3875
leaf_count=11352 3751 3216 1479 1554 9222 2848 5618 6444 760 2940 1247 4700 12715 4424 2422 750 2030 3696 9613 1598 2715 1779 5320 4482 3769 1320 1430 9117 3162 3875
internal_value=0.000676856 0.00894493 -0.00812898 0.0184153 -0.00632021 -0.00472379 -0.00366328 0.00212203 0.00578883 0.00498647 -0.00293518 0.00579017 0.00680959 0.00893621 0.00345667 0.00407876 0.00942134 0.00901145 -0.0165344 -0.000206415 0.0165396 -0.00735319 -0.00130457 -0.000579809 0.00902217 0.0126778 0.00736364 -0.00650377 -0.00305239 -0.00883621
internal_weight=129348 66711 62637 16675 51545 42323 38572 15021 50036 46561 8577 43345 37047 22669 14378 9954 5530 6636 11092 6298 3475 23551 7742 7330 5323 4780 2750 21772 8780 12992
internal_count=129348 66711 62637 16675 51545 42323 38572 15021 50036 46561 8577 43345 37047 22669 14378 9954 5530 6636 11092 6298 3475 23551 7742 7330 5323 4780 2750 21772 8780 12992
is_linear=0
shrinkage=0.05


Tree=20
num_leaves=31
num_cat=0
split_feature=9 0 0 9 9 0 8 10 10 3 7 8 9 9 4 11 11 8 0 0 0 10 4 4 3 3 3 7 0 3
split_gain=3541.17 823.334 412.681 276.061 189.829 183.904 160.524 158.82 115.502 168.881 104.677 104.568 101.174 94.5525 81.6338 76.4599 74.1408 93.3226 68.7492 142.221 124.002 115.321 79.427 73.0693 67.2629 65.9989 62.7394 60.4613 81.539 60.4136
threshold=26.247916666666669 21.500000000000004 75.500000000000014 29.186197916666668 22.358333333333338 85.500000000000014 20.200000000000006 1.0000000180025095e-35 1.0000000180025095e-35 0.80926549319045582 16.787500000000005 31.550000000000004 22.632552083333337 33.072916666666671 0.10623888086365087 0.94187976625705427 1.0632854705466908 32.650000000000013 72.500000000000014 52.500000000000007 33.500000000000007 1.0000000180025095e-35 0.48126256173783166 0.63755505330306683 -0.91246704667116951 0.21022171450811275 0.66527693225344786 32.912500000000016 5.5000000000000009 0.41398981800788198
decision_type=2 2 2 2 2 2 2 2 2 2 2 2 2 2 2 2 2 2 2 2 2 2 2 2 2 2 2 2 2 2
left_child=1 4 3 8 -1 6 10 13 29 15 -3 18 -7 27 -4 -10 17 -9 19 20 21 -8 -22 -20 -21 -14 -19 28 -5 -2
right_child=2 5 14 7 -6 12 11 16 9 -11 -12 -13 25 -15 -16 -17 -18 26 23 24 22 -23 -24 -25 -26 -27 -28 -29 -30 -31
leaf_value=0.23133225501957499 0.090494106482698566 -0.032393058538086453 -0.23849138935697597 -0.17820991036481218 0.093397803915432578 0.17725724093455356 0.037636526797725625 0.094081853422775918 -0.0050885531766397211 0.079469169596497843 0.079918884869425721 -0.025953240008274037 0.1058131444948785 -0.2104067564410258 0.040533773386420793 -0.096422996010163339 -0.24547645042339142 -0.18859769994508327 -0.029162925107669935 0.03560134739050369 0.095510883114652501 0.14905671238823076 -0.019924808717840393 0.079403898592829592 0.15013131841631094 -0.058273210198833428 -0.027009442407619134 -0.11577985419196324 0.029249502082507206 -0.057052048843804215
leaf_weight=10406 5168 8057 13545 840 3762 4780 2316 747 5083 2888 2951 2816 950 4636 520 9723 5296 6557 2743 1200 2850 2820 5282 2821 7356 710 1665 3917 5881 1062
leaf_count=10406 5168 8057 13545 840 3762 4780 2316 747 5083 2888 2951 2816 950 4636 520 9723 5296 6557 2743 1200 2850 2820 5282 2821 7356 710 1665 3917 5881 1062
internal_value=0.000710486 0.009357 -0.00720516 -0.00520033 0.0199393 0.00621065 0.00498277 -0.00843377 -0.00120799 -0.00326947 -0.000186228 0.00686664 0.0140683 -0.00489066 -0.0148258 -0.00542685 -0.0122275 -0.00945758 0.00780999 0.00907487 0.00583358 0.0119159 0.00199213 0.00284867 0.0141012 0.00343373 -0.0109949 -0.00229366 0.00058399 0.00464687
internal_weight=129348 61820 67528 53463 14168 47652 41212 29539 23924 17694 11008 30204 6440 15274 14065 14806 14265 8969 27388 21824 13268 5136 8132 5564 8556 1660 8222 10638 6721 6230
internal_count=129348 61820 67528 53463 14168 47652 41212 29539 23924 17694 11008 30204 6440 15274 14065 14806 14265 8969 27388 21824 13268 5136 8132 5564 8556 1660 8222 10638 6721 6230
is_linear=0
shrinkage=0.05


Tree=21
num_leaves=31
num_cat=0
split_feature=9 0 0 11 0 0 0 9 0 4 10 8 9 9 10 9 0 4 3 0 0 10 0 10 0 0 0 4 3 0
split_gain=3330.38 814.209 386.15 249.94 201.482 343.897 199.106 192.961 168.771 150.061 131.132 117.242 112.58 105.613 114.968 81.3021 80.4099 76.7321 75.3321 82.6355 71.7542 69.6645 64.9007 189.804 179.76 135.533 135.452 92.7428 84.7899 58.0751
threshold=26.247916666666669 20.500000000000004 78.500000000000014 1.0916629031903622 6.5000000000000009 34.500000000000007 22.500000000000004 22.710937500000004 91.500000000000014 0.97263757644091875 1.0000000180025095e-35 31.850000000000005 33.072916666666671 28.905208333333334 1.0000000180025095e-35 30.108333333333338 28.500000000000004 -0.99273797715557011 0.66527693225344786 69.500000000000014 52.500000000000007 1.0000000180025095e-35 47.500000000000007 1.0000000180025095e-35 35.500000000000007 71.500000000000014 81.500000000000014 0.17435360825960186 -0.87395131947920313 8.5000000000000018
decision_type=2 2 2 2 2 2 2 2 2 2 2 2 2 2 2 2 2 2 2 2 2 2 2 2 2 2 2 2 2 2
left_child=1 7 3 4 -2 6 12 -1 9 11 20 22 17 14 -4 -7 -12 -6 19 -17 -11 -19 23 28 -25 -24 -27 -28 -3 -9
right_child=2 8 13 -5 5 15 -8 29 -10 10 16 -13 -14 -15 -16 18 -18 21 -20 -21 -22 -23 25 24 -26 26 27 -29 -30 -31
leaf_value=0.22209905863495438 -0.20124176042705103 0.1098843215734064 0.056873004172049949 -0.18271591471839629 -0.16186904922018217 -0.054679986470297592 0.10068363115318633 0.019881039271874103 0.19107678646728632 -0.027027087170771583 0.10608843558674437 -0.044430097400943683 -0.21843240793813978 -0.33706639264303395 -0.1415669724770183 -0.28223701402748919 -0.085218315759176738 0.075506108649886272 -0.029480136735487862 -0.026744414043816535 0.15534597827498831 -0.020327030903297329 0.12453512709814661 0.12812038524603367 0.019735050931271304 -0.008666106726460043 -0.050154655197989943 0.10994787128329762 -0.046535189554229112 0.11805911082975343
leaf_weight=10143 4094 837 1139 9380 528 16877 7032 1449 2576 1760 440 2343 1119 7201 3619 5360 3465 2896 2102 1368 2145 4813 12020 4230 3384 5010 640 4370 5076 1932
leaf_count=10143 4094 837 1139 9380 528 16877 7032 1449 2576 1760 440 2343 1119 7201 3619 5360 3465 2896 2102 1368 2145 4813 12020 4230 3384 5010 640 4370 5076 1932
internal_value=0.000735612 0.00912083 -0.00694082 -0.00518679 -0.00367566 -0.0026458 0.0030144 0.0199645 0.00608435 0.00538276 -0.000928297 0.00668293 -0.00176357 -0.0150911 -0.00931063 -0.00625413 -0.00740717 0.000257982 -0.0101416 -0.0127229 0.00555058 0.00152095 0.0073966 0.00467029 0.00988968 0.00906987 0.00477545 0.0105888 -0.00205057 0.00961993
internal_weight=129348 61820 67528 55569 46189 42095 16388 13524 48296 45720 7810 37910 9356 11959 4758 25707 3905 8237 8830 6728 3905 7709 35567 13527 7614 22040 10020 5010 5913 3381
internal_count=129348 61820 67528 55569 46189 42095 16388 13524 48296 45720 7810 37910 9356 11959 4758 25707 3905 8237 8830 6728 3905 7709 35567 13527 7614 22040 10020 5010 5913 3381
is_linear=0
shrinkage=0.05


Tree=22
num_leaves=31
num_cat=0
split_feature=9 0 0 4 0 10 9 4 0 0 0 0 10 0 9 10 0 0 0 0 0 9 10 0 3 0 3 7 3 4
split_gain=3127.97 746.441 330.43 276.25 242.522 350.284 218.818 220.774 201.792 200.883 294.37 238.441 121.311 105.994 99.1372 83.842 128.103 82.0808 81.7884 76.3811 86.2615 75.0011 96.042 73.8664 95.7615 73.6747 67.9932 67.7479 58.3014 57.5843
threshold=27.773177083333334 30.500000000000004 78.500000000000014 0.27487873330147788 47.500000000000007 1.0000000180025095e-35 23.317968750000002 0.8852232634113919 20.500000000000004 7.5000000000000009 34.500000000000007 22.500000000000004 1.0000000180025095e-35 7.5000000000000009 14.060937500000003 1.0000000180025095e-35 64.500000000000014 73.500000000000014 84.500000000000014 92.500000000000014 69.500000000000014 33.072916666666671 1.0000000180025095e-35 72.500000000000014 0.75580964594513067 35.500000000000007 0.91248814248966237 33.212500000000013 -0.85671820900978868 0.27487873330147788
decision_type=2 2 2 2 2 2 2 2 2 2 2 2 2 2 2 2 2 2 2 2 2 2 2 2 2 2 2 2 2 2
left_child=1 3 9 13 14 18 7 28 -5 -2 11 21 -10 -1 -3 16 -12 -8 23 20 -9 22 -11 -6 -25 -16 -17 -28 -7 -20
right_child=2 4 -4 8 5 6 17 19 12 10 15 -13 -14 -15 25 26 -18 -19 29 -21 -22 -23 -24 24 -26 -27 27 -29 -30 -31
leaf_value=-0.033118414561024427 -0.24487675687488492 -0.13089448724191399 -0.27048176092085469 0.20574005888420857 0.12328813782573961 -0.021727455751143765 0.0048203267986025372 0.030075297704716775 0.01964771438515598 0.034165885620698333 -0.15484472233416541 0.074088072697060178 0.13000312466250891 0.099157250360643448 0.065550865188876636 -0.17950407915098623 0.034187944891585435 -0.079684269413553471 0.04295144792335464 0.14489832719473128 -0.067152834569711217 -0.20277854530377654 -0.084805703767779059 0.083730345442506154 -0.1174784715195159 -0.0305641393443878 -0.18523572837590266 0.11085966990284533 0.11663646042642598 0.23742575218911527
leaf_weight=1952 4567 2856 9698 11193 7898 672 5093 2310 2470 2850 7528 6863 2860 5607 3045 12845 3512 4312 759 315 2415 1395 4321 3132 660 7308 480 708 7007 2717
leaf_count=1952 4567 2856 9698 11193 7898 672 5093 2310 2470 2850 7528 6863 2860 5607 3045 12845 3512 4312 759 315 2415 1395 4321 3132 660 7308 480 708 7007 2717
internal_value=0.000741411 0.00740437 -0.00833212 0.0146479 0.00395008 0.00601234 0.00200009 0.00627604 0.01827 -0.00653054 -0.00540961 2.43049e-05 0.0102627 0.00673039 -0.00187183 -0.00875344 -0.00549366 -0.00378256 0.0118654 -0.00185516 -0.00344444 -0.00553934 -0.00347581 0.00986313 0.00412711 0.000403265 -0.011318 0.000126263 0.0116128 0.018599
internal_weight=129348 74581 54767 24082 50499 37290 22124 12719 16523 45069 40502 15429 5330 7559 13209 25073 11040 9405 15166 5040 4725 8566 7171 11690 3792 10353 14033 1188 7679 3476
internal_count=129348 74581 54767 24082 50499 37290 22124 12719 16523 45069 40502 15429 5330 7559 13209 25073 11040 9405 15166 5040 4725 8566 7171 11690 3792 10353 14033 1188 7679 3476
is_linear=0
shrinkage=0.05


Tree=23
num_leaves=31
num_cat=0
split_feature=9 0 0 4 0 10 9 0 0 0 0 4 10 0 11 3 0 11 0 11 0 0 1 0 3 4 10 0 0 7
split_gain=2926.31 722.707 311.875 268.537 224.408 318.176 200.958 200.027 188.399 264.062 216.986 185.997 114.89 98.8206 98.1141 83.9818 86.34 83.6426 79.2139 77.1214 72.7512 94.3371 63.2689 58.0044 57.9633 57.8615 55.3552 78.3898 55.1027 53.1136
threshold=27.773177083333334 30.500000000000004 78.500000000000014 0.27487873330147788 50.500000000000007 1.0000000180025095e-35 23.317968750000002 20.500000000000004 7.5000000000000009 34.500000000000007 23.500000000000004 0.87709077819680659 1.0000000180025095e-35 7.5000000000000009 0.99880428533532839 0.73283908552571664 82.500000000000014 1.0916629031903622 73.500000000000014 0.97407968238158804 91.500000000000014 69.500000000000014 5.5000000000000009 73.500000000000014 -0.2102246306142678 -0.73865259438682551 1.0000000180025095e-35 63.500000000000007 78.500000000000014 24.912500000000005
decision_type=2 2 2 2 2 2 2 2 2 2 2 2 2 2 2 2 2 2 2 2 2 2 2 2 2 2 2 2 2 2
left_child=1 3 8 13 14 15 11 -5 -2 10 19 -7 -9 -1 -3 16 -6 22 -8 -10 21 -13 26 -17 28 -4 27 -11 -23 -21
right_child=2 4 25 7 5 6 18 12 9 17 -12 20 -14 -15 -16 23 -18 -19 -20 29 -22 24 -24 -25 -26 -27 -28 -29 -30 -31
leaf_value=-0.031462493832973594 -0.23263291903114125 0.029010978609084505 -0.3371890154824172 0.19545305593999843 0.11335059227454353 0.10287234347343457 0.0084385487197721435 0.018665328665898786 0.026358053555108542 -0.14101652304054541 0.076373785729261109 0.03762535613502678 0.12350296842938278 0.094199387842611781 -0.067736878358002892 0.092569718722593564 0.21600676564118404 -0.22306256486776591 -0.075700055942876085 0.011056439404154617 0.12279584814171117 -0.056667432989914349 -0.0055764511597210745 -0.034979501118290561 -0.091699492318427653 -0.16070080292378322 -0.16065630579862644 0.02716224288411553 0.077559131962125605 -0.10844500778997741
leaf_weight=1952 4567 8120 5858 11193 8224 7019 4505 2470 2738 5133 6291 2071 2860 5607 7420 1355 3341 4952 4312 1133 436 216 3152 1298 1870 3840 9183 2653 312 5267
leaf_count=1952 4567 8120 5858 11193 8224 7019 4505 2470 2738 5133 6291 2071 2860 5607 7420 1355 3341 4952 4312 1133 436 216 3152 1298 1870 3840 9183 2653 312 5267
internal_value=0.000772722 0.00721732 -0.00800345 0.0143447 0.00381839 0.00604065 0.00209127 0.0179159 -0.00625319 -0.00516765 -2.10642e-05 0.00632338 0.00994371 0.00653856 -0.00118082 0.0118019 0.0136425 -0.00833466 -0.00363219 -0.00494091 -0.00114679 -0.00304878 -0.00690199 0.00377874 -0.00979983 -0.0161373 -0.00811038 -0.00500899 0.00482955 -0.00794531
internal_weight=129348 74581 54767 24082 50499 34959 20741 16523 45069 40502 15429 11924 5330 7559 15540 14218 11565 25073 8817 9138 4905 4469 20121 2653 2398 9698 16969 7786 528 6400
internal_count=129348 74581 54767 24082 50499 34959 20741 16523 45069 40502 15429 11924 5330 7559 15540 14218 11565 25073 8817 9138 4905 4469 20121 2653 2398 9698 16969 7786 528 6400
is_linear=0
shrinkage=0.05


Tree=24
num_leaves=31
num_cat=0
split_feature=9 0 0 9 9 0 11 4 9 0 0 10 8 9 10 3 4 3 0 0 0 9 0 0 10 4 0 7 0 3
split_gain=2730.63 745.38 328.544 255.901 203.04 156.482 147.406 135.841 134.529 106.272 145.282 104.293 92.1644 74.7687 106.079 70.2179 78.1347 68.6595 68.2396 63.1502 209.602 113.168 129.535 94.0822 90.3167 70.4521 61.5265 59.8697 78.2235 58.1884
threshold=26.247916666666669 20.500000000000004 74.500000000000014 30.140625000000004 22.358333333333338 91.500000000000014 1.0916629031903622 -0.75013812021657655 11.341666666666669 4.5000000000000009 35.500000000000007 1.0000000180025095e-35 31.850000000000005 29.235937500000002 1.0000000180025095e-35 -0.35846811432664222 -0.12545862287572049 0.21022171450811275 18.500000000000004 73.500000000000014 55.500000000000007 20.793750000000006 81.500000000000014 31.500000000000004 1.0000000180025095e-35 0.42763731121559989 80.500000000000014 34.88750000000001 13.500000000000002 0.83849049182116964
decision_type=2 2 2 2 2 2 2 2 2 2 2 2 2 2 2 2 2 2 2 2 2 2 2 2 2 2 2 2 2 2
left_child=1 4 3 6 -1 8 9 11 -3 -2 18 27 15 14 -4 16 -10 -6 -11 20 23 22 -21 24 -17 -25 -15 28 -5 -12
right_child=2 5 13 7 17 -7 -8 -9 12 10 29 -13 -14 26 -16 19 -18 -19 -20 21 -22 -23 -24 25 -26 -27 -28 -29 -30 -31
leaf_value=0.19360286465032603 -0.14463915283253073 -0.050353126526099606 0.021177492815625955 -0.19555870466537684 0.12481043492569199 0.17035507190287619 -0.13638211907442468 -0.02219223370756538 -0.21531732774448076 0.004067078858531659 -0.055402521805566353 -0.22668430880835971 -0.042542678555496143 -0.13727889904228335 -0.13064224709380953 0.00212377798128216 0.088009582348585982 0.0042082504589409098 0.077853943888097632 -0.04387057954333784 0.11865810123235221 -0.12260407272781465 0.084925308041458439 0.092902157306623684 0.10459051702582017 -0.037417281476476917 -0.32757901539189049 -0.26446912451733484 0.00095766376531827293 0.056838527785374994
leaf_weight=9933 1943 3408 1764 1540 2079 2576 3973 5075 284 5429 12928 6330 2343 2296 4954 1705 15477 1512 6610 2232 6136 1116 2790 1703 2046 6480 5755 3287 3423 2221
leaf_count=9933 1943 3408 1764 1540 2079 2576 3973 5075 284 5429 12928 6330 2343 2296 4954 1705 15477 1512 6610 2232 6136 1116 2790 1703 2046 6480 5755 3287 3423 2221
internal_value=0.000791276 0.00838402 -0.00615967 -0.00431443 0.0187592 0.00547871 -0.00163122 -0.00883363 0.00480315 -0.000399059 0.000408268 -0.011286 0.00557289 -0.0127514 -0.0088568 0.00613788 0.00873517 0.00857004 0.00450826 0.00444688 0.00593525 6.51678e-05 0.00326563 0.00207391 0.00863103 -0.00093181 -0.0160011 -0.00758182 -0.00411545 -0.00285002
internal_weight=129348 61820 67528 52759 13524 48296 33104 19655 45720 29131 27188 14580 42312 14769 6718 39969 15761 3591 12039 24208 18070 6138 5022 11934 3751 8183 8051 8250 4963 15149
internal_count=129348 61820 67528 52759 13524 48296 33104 19655 45720 29131 27188 14580 42312 14769 6718 39969 15761 3591 12039 24208 18070 6138 5022 11934 3751 8183 8051 8250 4963 15149
is_linear=0
shrinkage=0.05


Tree=25
num_leaves=31
num_cat=0
split_feature=9 0 0 9 0 0 0 0 9 8 10 3 10 4 7 8 3 9 10 0 3 8 8 11 0 3 10 3 0 7
split_gain=2547.98 731.775 353.056 279.71 182.16 156.875 199.921 164.036 143.691 142.27 101.382 172.634 89.1527 88.46 84.2141 77.9737 74.3851 71.8295 96.1831 70.9045 70.0606 64.9959 65.4367 64.4524 60.7702 58.2013 56.3215 53.9126 50.4876 50.3606
threshold=25.593489583333341 20.500000000000004 74.500000000000014 28.737760416666671 84.500000000000014 8.5000000000000018 34.500000000000007 22.500000000000004 22.358333333333338 20.200000000000006 1.0000000180025095e-35 -0.8041866928211282 1.0000000180025095e-35 -0.8142754349318998 16.012500000000006 30.550000000000004 0.83849049182116964 29.235937500000002 1.0000000180025095e-35 28.500000000000004 0.21022171450811275 33.050000000000004 30.950000000000003 0.96595727420028521 80.500000000000014 -0.2102246306142678 1.0000000180025095e-35 -0.36647417525074694 5.5000000000000009 29.312500000000004
decision_type=2 2 2 2 2 2 2 2 2 2 2 2 2 2 2 2 2 2 2 2 2 2 2 2 2 2 2 2 2 2
left_child=1 8 3 10 9 -5 7 26 -1 14 27 21 -6 23 19 -11 28 18 -4 -3 -10 22 -12 -8 -19 -14 -7 -2 -13 -30
right_child=2 4 17 5 12 6 13 -9 20 15 11 16 25 -15 -16 -17 -18 24 -20 -21 -22 -23 -24 -25 -26 -27 -28 -29 29 -31
leaf_value=0.18392272141780952 0.095345113920959082 0.055438136636947632 0.0040902717349695196 -0.23779715785494773 0.19939202292797092 -0.0087898721084272331 -0.094560252414198243 0.067577616225156595 0.13348918653260286 0.074836121941138603 -0.040945883077679927 -0.15345861795552765 0.12513167476248768 -0.070200039721525803 0.057087563788833506 -0.0022158247834198619 0.0873151989235538 -0.13041495409016904 -0.12696982193037556 -0.058688960128384343 0.001563827858065281 0.10588942828635838 -0.14475455959288083 -0.24046993159532307 -0.31120006462229527 0.020594754503343894 -0.1178537373802115 -0.029657713878957284 0.042437241168814671 -0.058481853531063881
leaf_weight=9933 4575 1376 2121 3999 2937 3108 2788 5339 1617 23932 2550 597 1408 7453 3667 4032 2925 2296 5332 5965 1239 600 2700 7474 5755 2354 3113 1273 4384 2506
leaf_count=9933 4575 1376 2121 3999 2937 3108 2788 5339 1617 23932 2550 597 1408 7453 3667 4032 2925 2296 5332 5965 1239 600 2700 7474 5755 2354 3113 1273 4384 2506
internal_value=0.000793596 0.00852121 -0.00557922 -0.00371226 0.00556097 -0.00660876 -0.00533988 -0.000224913 0.0190926 0.00425177 0.000646766 -0.00138359 0.0131773 -0.00867767 -0.000563227 0.00614719 0.00247791 -0.0122485 -0.00871126 -0.00365413 0.00920868 -0.00825641 -0.0100381 -0.0116888 -0.0155229 0.00808081 -0.00574265 0.00629275 -0.000163617 0.00104499
internal_weight=129348 58460 70888 55384 45671 33274 29275 11560 12789 38972 22110 16262 6699 17715 11008 27964 10412 15504 7453 7341 2856 5850 5250 10262 8051 3762 6221 5848 7487 6890
internal_count=129348 58460 70888 55384 45671 33274 29275 11560 12789 38972 22110 16262 6699 17715 11008 27964 10412 15504 7453 7341 2856 5850 5250 10262 8051 3762 6221 5848 7487 6890
is_linear=0
shrinkage=0.05


Tree=26
num_leaves=31
num_cat=0
split_feature=9 0 0 9 0 0 10 10 9 4 3 3 10 0 0 7 0 3 0 4 3 10 8 0 7 3 11 0 0 4
split_gain=2377.16 640.236 275.552 242.478 206.397 200.865 291.261 178.401 157.819 177.865 140.127 118.973 108.103 108.083 134.842 99.0269 98.386 79.2486 85.7407 78.6752 73.6183 68.4464 67.7815 66.2385 68.3313 61.4222 61.3079 61.205 59.5381 58.3259
threshold=27.773177083333334 30.500000000000004 78.500000000000014 22.358333333333338 20.500000000000004 47.500000000000007 1.0000000180025095e-35 1.0000000180025095e-35 23.317968750000002 0.87709077819680659 -0.11692013674435776 0.9053161325100999 1.0000000180025095e-35 11.500000000000002 40.500000000000007 30.387500000000006 8.5000000000000018 0.73283908552571664 81.500000000000014 0.52583933546504591 0.66527693225344786 1.0000000180025095e-35 31.050000000000004 92.500000000000014 13.612500000000002 -0.85671820900978868 0.99834483685608044 21.500000000000004 71.500000000000014 -0.73865259438682551
decision_type=2 2 2 2 2 2 2 2 2 2 2 2 2 2 2 2 2 2 2 2 2 2 2 2 2 2 2 2 2 2
left_child=1 3 7 4 -1 19 17 10 9 25 15 13 -6 -9 27 -2 21 18 -7 22 -12 -5 -3 24 -11 -8 -18 -15 -10 -4
right_child=2 5 29 16 12 6 8 11 28 23 20 -13 -14 14 -16 -17 26 -19 -20 -21 -22 -23 -24 -25 -26 -27 -28 -29 -30 -31
leaf_value=0.17472658534691876 0.096429739282235971 0.066910646865819962 -0.29639079381305605 0.082176435425289185 0.0082922681574522979 0.097836348647044963 -0.035027195512642349 -0.23827144335103229 0.007353997022173076 -0.07243032622247654 -0.14521944754911545 0.026745819715721098 0.11038771915262302 -0.091530996649564156 -0.16568644392313275 -0.040772531303660743 0.11943297085863236 0.024703226057928875 0.18898372986310863 -0.064429999799175172 -0.0030188594442151387 -0.055435383318749136 -0.057513612420553528 0.12196612710759638 0.0080145730765110567 0.10006396045579323 0.041302943524373609 -0.00096230762623150667 -0.063759503480893903 -0.13460901619223906
leaf_weight=9933 4521 3757 5858 837 2230 8738 672 3504 4701 1751 7345 2212 2500 2919 11056 3695 3911 2830 3598 7344 4264 1899 2108 327 3154 6815 2772 5553 4704 3840
leaf_count=9933 4521 3757 5858 837 2230 8738 672 3504 4701 1751 7345 2212 2500 2919 11056 3695 3911 2830 3598 7344 4264 1899 2108 327 3154 6815 2772 5553 4704 3840
internal_value=0.000779293 0.0065878 -0.00713066 0.0132962 0.0173174 0.00338868 0.00526549 -0.00548548 0.00160685 0.00523823 -0.00193569 -0.00827325 0.00872093 -0.00933701 -0.00788611 0.0030611 0.00703631 0.0106027 0.0123338 -0.00190968 -0.00547205 -0.000950292 0.00240835 -0.00183486 -0.00328746 0.010181 0.010306 -0.00313975 -0.00330409 -0.0147762
internal_weight=129348 74581 54767 24082 14663 50499 37290 45069 22124 12719 19825 25244 4730 23032 19528 8216 9419 15166 12336 13209 11609 2736 5865 5232 4905 7487 6683 8472 9405 9698
internal_count=129348 74581 54767 24082 14663 50499 37290 45069 22124 12719 19825 25244 4730 23032 19528 8216 9419 15166 12336 13209 11609 2736 5865 5232 4905 7487 6683 8472 9405 9698
is_linear=0
shrinkage=0.05


Tree=27
num_leaves=31
num_cat=0
split_feature=9 0 9 0 0 0 9 8 10 10 3 11 10 3 7 8 10 0 0 0 3 7 0 7 0 3 3 0 0 3
split_gain=2220.55 672.559 306.626 205.372 169.998 164.345 144.088 126.831 125.648 124.133 183.138 91.8562 83.1288 78.085 74.1552 71.2338 67.0962 63.9674 76.9157 62.8503 62.3348 58.2837 67.4354 56.8475 56.7841 55.5467 50.3913 50.7861 49.2578 47.1886
threshold=25.593489583333341 20.500000000000004 30.108333333333338 73.500000000000014 80.500000000000014 85.500000000000014 21.360677083333339 20.200000000000006 1.0000000180025095e-35 1.0000000180025095e-35 0.30983042691905771 1.0326169115782082 1.0000000180025095e-35 -0.57078386445773377 15.012500000000001 30.550000000000004 1.0000000180025095e-35 16.500000000000004 33.500000000000007 27.500000000000004 0.21022171450811275 39.01250000000001 5.5000000000000009 26.537500000000005 9.5000000000000018 -0.71504373327588355 -0.86546281643016554 74.500000000000014 55.500000000000007 -0.2102246306142678
decision_type=2 2 2 2 2 2 2 2 2 2 2 2 2 2 2 2 2 2 2 2 2 2 2 2 2 2 2 2 2 2
left_child=1 6 3 9 8 7 -1 14 21 13 11 -11 -5 23 19 -9 -7 -10 -19 -3 -8 22 -4 -2 -12 -25 -17 -28 -16 -18
right_child=2 5 4 12 -6 16 20 15 17 10 24 -13 -14 -15 28 26 29 18 -20 -21 -22 -23 -24 25 -26 -27 27 -29 -30 -31
leaf_value=0.17123927951707288 0.14285558339441309 0.049797408811553368 -0.22912652491646954 -0.023355206495965321 -0.34002724093743669 0.18575951567706497 0.12104262027136059 0.069061131401598183 -0.25619239869781157 -0.036864088676142617 -0.055386673984006055 -0.13775473974343982 -0.12962412288976141 -0.014340631961018603 -0.0095758569777089526 0.078767268996610088 0.12270246881151295 -0.013585404049057104 -0.20750801784681203 -0.057777101122984932 0.011764598273792615 -0.2666816823055726 -0.030554490794509094 0.020522914453579233 0.059574650648698935 0.16520066556544466 -0.0072918227376433725 -0.17946691529771641 0.075794654291996721 0.02196695025236153
leaf_weight=9219 1810 1190 918 3234 4000 2670 2037 24306 1949 12115 950 4871 7148 4658 2273 1040 1280 1955 5326 5424 1533 1392 10081 3594 6075 812 2538 517 2293 2140
leaf_count=9219 1810 1190 918 3234 4000 2670 2037 24306 1949 12115 950 4871 7148 4658 2273 1040 1280 1955 5326 5424 1533 1392 10081 3594 6075 812 2538 517 2293 2140
internal_value=0.000801713 0.00801574 -0.00514756 -0.00267358 -0.00951856 0.00517779 0.0181504 0.00400129 -0.00776675 -0.000836319 -0.00284349 -0.00565171 -0.00884704 0.00359573 -0.000509839 0.00577709 0.0128243 -0.0121831 -0.0100295 -0.00389326 0.00962185 -0.00447704 -0.00325711 0.00726351 0.00394662 0.00419882 -0.000323565 -0.00355974 0.00439115 0.00818713
internal_weight=129348 58460 70888 45267 25621 45671 12789 39581 21621 34885 24011 16986 10382 10874 11180 28401 6090 9230 7281 6614 3570 12391 10999 6216 7025 4406 4095 3055 4566 3420
internal_count=129348 58460 70888 45267 25621 45671 12789 39581 21621 34885 24011 16986 10382 10874 11180 28401 6090 9230 7281 6614 3570 12391 10999 6216 7025 4406 4095 3055 4566 3420
is_linear=0
shrinkage=0.05


Tree=28
num_leaves=31
num_cat=0
split_feature=9 0 0 4 0 10 0 0 0 0 0 0 3 10 0 4 0 11 11 1 4 10 0 9 7 0 11 7 4 9
split_gain=2074.48 577.673 242.989 232.313 182.392 258.285 181.894 164.064 192.531 183.382 146.58 126.127 111.396 106.737 90.017 83.5136 79.3955 79.0443 76.163 69.8565 60.0888 57.854 114.957 55.1942 53.2491 52.9789 52.614 51.9688 50.9472 92.8551
threshold=27.834114583333335 30.500000000000004 79.500000000000014 0.34033495509342487 50.500000000000007 1.0000000180025095e-35 19.500000000000004 5.5000000000000009 35.500000000000007 21.500000000000004 69.500000000000014 91.500000000000014 -0.91246704667116951 1.0000000180025095e-35 9.5000000000000018 0.67644692717078936 82.500000000000014 0.97407968238158804 1.0052470737456287 5.5000000000000009 -0.73865259438682551 1.0000000180025095e-35 64.500000000000014 22.233333333333338 24.912500000000005 56.500000000000007 1.0400758936931782 18.562500000000004 0.95436825032516992 20.793750000000006
decision_type=2 2 2 2 2 2 2 2 2 2 2 2 2 2 2 2 2 2 2 2 2 2 2 2 2 2 2 2 2 2
left_child=1 3 7 14 18 15 -5 -2 9 17 12 28 -7 -8 27 26 -17 -9 -3 21 -4 22 -10 -13 -19 -14 -6 -1 29 -12
right_child=2 4 20 6 5 10 13 8 19 -11 11 23 25 -15 -16 16 -18 24 -20 -21 -22 -23 -24 -25 -26 -27 -28 -29 -30 -31
leaf_value=0.1123043950004437 -0.2247070342008371 0.017855931996695773 -0.28106922068881207 0.15805237657637577 0.071173471555911763 -0.051814358433820477 0.016317940305754064 0.024098713114249649 -0.14898058292308533 0.055346981575075206 0.024150970676605255 0.13040938394484911 0.035805171535491807 0.10133205616960056 0.085474109027600775 0.10353856010897006 0.20950957971895648 0.010897002858658312 -0.069941509659999221 -0.0097436696657545955 -0.12285267189852647 -0.14972386067955198 0.034791515143392363 0.0068290398204247545 -0.11249390591712399 0.095816099708110877 -0.039637842687798047 -0.032051068854335084 -0.080158975316948766 -0.059866123767389472
leaf_weight=244 3395 9080 5498 10120 5175 1501 2618 2722 6206 7936 3476 996 2313 2948 5791 5824 2366 1059 6560 3630 3550 11808 3208 864 5275 5017 898 2516 1474 5280
leaf_count=244 3395 9080 5498 10120 5175 1501 2618 2722 6206 7936 3476 996 2313 2948 5791 5824 2366 1059 6560 3630 3550 11808 3208 864 5275 5017 898 2516 1474 5280
internal_value=0.000784318 0.00616932 -0.00666136 0.0125211 0.00314025 0.00513728 0.0161354 -0.00516534 -0.00430767 -0.000205979 0.00160007 -0.00197684 0.006497 0.00887531 0.00589112 0.0103257 0.0136203 -0.00506846 -0.0013523 -0.0071121 -0.0141412 -0.00820846 -0.00528468 0.01 -0.00813072 0.0090382 0.0058826 -0.00153986 -0.00415445 -0.00270672
internal_weight=129348 75061 54287 24237 50824 35184 15686 45239 41844 16992 20921 12090 8831 5566 8551 14263 8190 9056 15640 24852 9048 21222 9414 1860 6334 7330 6073 2760 10230 8756
internal_count=129348 75061 54287 24237 50824 35184 15686 45239 41844 16992 20921 12090 8831 5566 8551 14263 8190 9056 15640 24852 9048 21222 9414 1860 6334 7330 6073 2760 10230 8756
is_linear=0
shrinkage=0.05


Tree=29
num_leaves=31
num_cat=0
split_feature=9 0 9 10 3 0 0 9 8 10 0 3 0 0 4 0 0 0 10 10 3 4 10 3 0 9 3 3 4 8
split_gain=1925.09 608.107 282.474 184.342 176.662 160.817 154.842 146.532 115.826 111.294 102.547 98.2038 97.7301 83.3703 81.9528 70.9036 109.983 93.7075 130.665 67.3794 102.866 64.5424 61.8889 61.5397 58.4826 57.3825 57.2937 53.5993 52.3258 51.7162
threshold=25.593489583333341 20.500000000000004 30.108333333333338 1.0000000180025095e-35 0.30983042691905771 81.500000000000014 85.500000000000014 21.360677083333339 20.550000000000004 1.0000000180025095e-35 43.500000000000007 -0.57078386445773377 16.500000000000004 72.500000000000014 0.98005052076767474 72.500000000000014 55.500000000000007 31.500000000000004 1.0000000180025095e-35 1.0000000180025095e-35 0.73283908552571664 -0.70900320270980455 1.0000000180025095e-35 0.21022171450811275 36.500000000000007 33.62916666666667 -0.71504373327588355 -0.63921128368950708 -0.89787881968372518 29.650000000000002
decision_type=2 2 2 2 2 2 2 2 2 2 2 2 2 2 2 2 2 2 2 2 2 2 2 2 2 2 2 2 2 2
left_child=1 7 3 11 10 9 8 -1 14 25 12 24 -5 -6 -3 16 17 18 -10 20 -17 -11 -8 -9 -2 -4 -26 -19 -13 -29
right_child=2 6 5 4 13 -7 22 23 15 21 -12 28 -14 -15 -16 19 -18 27 -20 -21 -22 -23 -24 -25 26 -27 -28 29 -30 -31
leaf_value=0.15527518499365131 0.11910171964841752 0.024556717012146123 -0.026771755543271072 -0.11250124821897814 0.040169260262405262 -0.32184039177864038 0.16771241379906032 0.10953775894136869 0.0048960984119517555 -0.18232932348263448 -0.11595741779894411 0.050481061288788001 0.0059490916503108339 -0.076063908015592582 -0.056191343019257545 0.11559180025820126 0.10511981626124012 0.07751264713051996 0.10932010759892706 -0.033373062161437164 -0.084752339676403221 -0.048378224259812447 0.056064827711929159 0.0068285245714236002 0.004269351009580191 -0.17547034085661936 0.16215719734915979 0.014346259255090388 -0.068732757141670223 -0.14464147354331944
leaf_weight=9219 3108 7540 8526 3898 6930 3735 2670 2037 1991 7482 11941 2112 6205 2185 4550 1703 7188 3192 2662 3146 650 1860 3420 1533 4189 4018 767 5639 3932 1320
leaf_count=9219 3108 7540 8526 3898 6930 3735 2670 2037 1991 7482 11941 2112 6205 2185 4550 1703 7188 3192 2662 3146 650 1860 3420 1533 4189 4018 767 5639 3932 1320
internal_value=0.000776201 0.00749316 -0.00476315 -0.00238861 -0.00453561 -0.00895847 0.00479462 0.01713 0.00365264 -0.00732203 -0.00695654 0.00235327 -0.00324903 0.00131925 -0.000425972 0.00544633 0.00671608 0.00425223 0.0101279 0.000368249 0.00676796 -0.0114537 0.0122167 0.00852941 0.00596478 -0.00424506 0.00259282 0.00155896 -0.00246525 -0.00090171
internal_weight=129348 58460 70888 45267 31159 25621 45671 12789 39581 21886 22044 14108 10103 9115 12090 27491 21992 14804 4653 5499 2353 9342 6090 3570 8064 12544 4956 10151 6044 6959
internal_count=129348 58460 70888 45267 31159 25621 45671 12789 39581 21886 22044 14108 10103 9115 12090 27491 21992 14804 4653 5499 2353 9342 6090 3570 8064 12544 4956 10151 6044 6959
is_linear=0
shrinkage=0.05


Tree=30
num_leaves=31
num_cat=0
split_feature=9 0 9 0 0 0 0 10 0 0 0 0 3 4 10 0 0 0 0 4 10 11 0 3 10 9 4 11 11 4
split_gain=1805.99 524.343 250.921 213.844 153.457 175.663 138.15 206.569 150.733 133.784 132.301 113.262 90.6044 85.9218 85.3401 84.6777 78.1316 77.2222 75.8771 73.5049 67.3052 66.6833 65.9544 63.7339 61.089 59.4014 58.396 49.7948 49.3793 48.6789
threshold=27.773177083333334 28.500000000000004 21.360677083333339 79.500000000000014 5.5000000000000009 38.500000000000007 52.500000000000007 1.0000000180025095e-35 69.500000000000014 20.500000000000004 19.500000000000004 91.500000000000014 -0.91246704667116951 0.67644692717078936 1.0000000180025095e-35 35.500000000000007 32.500000000000007 5.5000000000000009 82.500000000000014 -0.82413948779581736 1.0000000180025095e-35 0.99880428533532839 67.500000000000014 -0.11692013674435776 1.0000000180025095e-35 31.266927083333339 -0.73865259438682551 0.99880428533532839 1.0400758936931782 0.95436825032516992
decision_type=2 2 2 2 2 2 2 2 2 2 2 2 2 2 2 2 2 2 2 2 2 2 2 2 2 2 2 2 2 2
left_child=1 2 10 4 -2 9 15 13 12 20 -1 29 -9 28 -12 -3 -11 -4 -15 22 23 -17 -7 -6 -24 -22 -5 -19 -8 -10
right_child=3 6 17 26 5 19 7 8 11 16 14 -13 -14 18 -16 21 -18 27 -20 -21 25 -23 24 -25 -26 -27 -28 -29 -30 -31
leaf_value=0.15051130367365603 -0.20797781923265718 0.046232526371207429 -0.027767783674718063 -0.25674584154290941 0.08304198952391105 -0.20341030966589671 0.062128157905865324 -0.042555599622043166 -0.020067488718321869 0.06733174918600611 0.016977239721884276 0.078898117173963556 0.081727030099835937 0.098136503719644719 0.094549054897059656 0.011636999593810772 -0.032253248483942086 0.099478145685502284 0.19256188053127801 -0.056437335770267084 -0.056664273404069834 -0.088376373375700729 0.042636388886567289 -0.056981864471518408 -0.13831749882706176 -0.20674168329763207 -0.10704472860371156 0.029310341901771866 -0.041523531297733743 -0.076082027238289385
leaf_weight=8780 3425 5439 2028 5514 1560 8288 4902 1292 8668 6863 1854 1844 6541 5460 2097 6902 3422 4503 2366 11658 3797 6307 1572 2205 1846 1003 3614 3266 858 1474
leaf_count=8780 3425 5439 2028 5514 1560 8288 4902 1292 8668 6863 1854 1844 6541 5460 2097 6902 3422 4503 2366 11658 3797 6307 1572 2205 1846 1003 3614 3266 858 1474
internal_value=0.000778133 0.00584096 0.0122137 -0.00611637 -0.0047191 -0.00389326 0.00308292 0.00500748 0.00175211 -0.000302387 0.0168427 -0.0017729 0.00714605 0.00975637 0.0092445 -0.00036465 0.00354157 0.00619833 0.0131676 -0.00679036 -0.00491827 -0.00252669 -0.0095891 8.63214e-05 -0.00374488 -0.00884375 -0.0131025 0.00846634 0.00512153 -0.0038454
internal_weight=129348 74581 22528 54767 45639 42214 52053 33405 19819 18850 12731 11986 7833 13586 3951 18648 10285 9797 7826 23364 8565 13209 11706 3765 3418 4800 9128 7769 5760 10142
internal_count=129348 74581 22528 54767 45639 42214 52053 33405 19819 18850 12731 11986 7833 13586 3951 18648 10285 9797 7826 23364 8565 13209 11706 3765 3418 4800 9128 7769 5760 10142
is_linear=0
shrinkage=0.05


Tree=31
num_leaves=31
num_cat=0
split_feature=9 0 9 0 0 0 0 0 10 0 9 4 0 0 9 10 4 3 10 3 0 0 0 0 11 0 10 4 9 10
split_gain=1663.13 477.283 228.375 202.622 150.043 146.531 146.161 139.354 217.109 123.095 117.491 174.245 89.9552 87.4453 78.7454 86.4752 78.5133 77.9991 77.7448 73.6004 73.3514 72.5623 65.0474 57.3471 54.8208 54.5459 53.1989 50.4542 49.4799 64.0831
threshold=27.834114583333335 29.500000000000004 21.360677083333339 78.500000000000014 19.500000000000004 4.5000000000000009 39.500000000000007 47.500000000000007 1.0000000180025095e-35 21.500000000000004 22.233333333333338 0.87709077819680659 32.500000000000007 35.500000000000007 33.072916666666671 1.0000000180025095e-35 -0.82413948779581736 0.73283908552571664 1.0000000180025095e-35 -0.85671820900978868 81.500000000000014 5.5000000000000009 66.500000000000014 73.500000000000014 1.0052470737456287 92.500000000000014 1.0000000180025095e-35 -0.99465740988130902 29.860156250000006 1.0000000180025095e-35
decision_type=2 2 2 2 2 2 2 2 2 2 2 2 2 2 2 2 2 2 2 2 2 2 2 2 2 2 2 2 2 2
left_child=1 2 4 5 -1 -2 9 13 17 14 11 19 -11 -3 15 27 22 20 -6 -10 -9 -4 -8 -19 -15 -13 -24 -7 29 -5
right_child=3 7 21 28 18 6 16 8 10 12 -12 25 -14 24 -16 -17 -18 23 -20 -21 -22 -23 26 -25 -26 -27 -28 -29 -30 -31
leaf_value=0.14298573848997337 -0.21482747281678982 0.039022816960174116 -0.026970512464103535 0.0001203516272504146 0.014389780767954365 -0.14285784560793219 -0.2011943009546002 0.081523398411848552 -0.07989340138332679 0.070881198156668296 -0.024136032417983701 -0.023724554191939265 -0.034399510982144936 -0.012389401819770995 -0.17933172021426602 -0.0673800889385852 -0.049692287958869485 0.063156749988809935 0.088118186055589839 0.09096522961269074 0.15020593826754691 0.066354354234807997 0.035222072234944335 -0.048916728267321477 -0.12332398285390696 0.10150085679806153 -0.13286154412325574 0.046053968158549452 -0.25236841952043676 -0.1344252372435811
leaf_weight=8780 2830 4692 2058 1428 2060 187 7689 8772 384 6237 10365 4905 3958 5448 1578 4830 10934 1532 2330 6335 3612 8227 1560 1298 3936 327 1845 3026 4957 3228
leaf_count=8780 2830 4692 2058 1428 2060 187 7689 8772 384 6237 10365 4905 3958 5448 1578 4830 10934 1532 2330 6335 3612 8227 1560 1298 3936 327 1845 3026 4957 3228
internal_value=0.00076615 0.00558779 0.0115018 -0.00590058 0.0158618 -0.00448359 -0.00373889 0.00289986 0.00449107 -0.000623234 0.00135105 0.00472973 0.003205 -0.00134271 -0.00467987 -0.00267624 -0.00654167 0.00909688 0.00831435 0.0100573 0.0108083 0.00591881 -0.00950514 0.00160777 -0.00412937 -0.002112 -0.00375184 0.00368036 -0.0124857 -0.00878436
internal_weight=129348 75061 23455 54287 13170 44674 41844 51606 37530 19816 22316 11951 10195 14076 9621 8043 22028 15214 4390 6719 12384 10285 11094 2830 9384 5232 3405 3213 9613 4656
internal_count=129348 75061 23455 54287 13170 44674 41844 51606 37530 19816 22316 11951 10195 14076 9621 8043 22028 15214 4390 6719 12384 10285 11094 2830 9384 5232 3405 3213 9613 4656
is_linear=0
shrinkage=0.05


Tree=32
num_leaves=31
num_cat=0
split_feature=9 0 9 10 3 0 0 9 3 4 11 3 8 3 10 10 9 0 0 0 0 0 0 0 0 10 3 3 7 0
split_gain=1543.42 514.781 237.711 161.231 163.295 140.531 139.522 131.971 114.752 100.615 99.1398 86.6176 84.1416 132.806 89.3135 78.5929 73.5733 68.8436 67.2234 64.642 64.4246 63.8363 111.746 103.911 97.8863 67.0093 59 56.187 50.1746 53.7826
threshold=25.593489583333341 20.500000000000004 30.108333333333338 1.0000000180025095e-35 0.30983042691905771 91.500000000000014 81.500000000000014 21.360677083333339 -0.35846811432664222 -0.75013812021657655 1.0321746889846761 0.41398981800788198 29.650000000000002 0.88220160189607266 1.0000000180025095e-35 1.0000000180025095e-35 9.2812500000000018 72.500000000000014 42.500000000000007 35.500000000000007 74.500000000000014 52.500000000000007 72.500000000000014 31.500000000000004 82.500000000000014 1.0000000180025095e-35 0.85673801594079257 0.98667101781630195 36.112500000000004 10.500000000000002
decision_type=2 2 2 2 2 2 2 2 2 2 2 2 2 2 2 2 2 2 2 2 2 2 2 2 2 2 2 2 2 2
left_child=1 7 3 11 10 8 9 -1 -3 15 18 19 13 16 -15 28 -10 -6 -5 -2 27 23 -23 -18 -24 -26 -9 -14 29 -4
right_child=2 5 6 4 17 -7 -8 26 12 -11 -12 -13 20 14 -16 -17 21 -19 -20 -21 -22 22 24 -25 25 -27 -28 -29 -30 -31
leaf_value=0.13308529189750545 0.098510452263210632 0.066313373491250618 -0.1757296053754942 -0.0054147715871167186 0.040206108892594732 0.13198623649148758 -0.28271900357477192 0.093988037629770815 -0.11623964568306705 -0.011062936664924194 -0.13725468049122755 -0.064260722908041856 -0.071524295854118944 0.014504574055327169 0.13878225274198144 -0.16475538330293349 0.056747618496358149 -0.061926195412294764 -0.075788554368079991 0.017195986722174438 -0.13347596370762888 0.07853208061843589 -0.063258612685621787 -0.057550488983530101 0.13405398155666576 -0.010237436694792735 -0.005213751060739469 0.057743957207759426 -0.22565192844320167 -0.013856278760498242
leaf_weight=9219 4176 14554 1221 6949 6930 2436 3735 2247 852 5714 6515 2972 1512 1207 1772 7072 3245 2185 8580 6960 935 5900 2950 6195 1296 1359 1323 1458 2614 5265
leaf_count=9219 4176 14554 1221 6949 6930 2436 3735 2247 852 5714 6515 2972 1512 1207 1772 7072 3245 2185 8580 6960 935 5900 2950 6195 1296 1359 1323 1458 2614 5265
internal_value=0.000732133 0.00674649 -0.0042278 -0.00204951 -0.00405742 0.00426365 -0.00807638 0.015613 0.0036053 -0.00655213 -0.00638496 0.00238517 0.00177034 0.0028455 0.0127476 -0.00856728 0.00149218 0.00157159 -0.00421309 0.00440912 -0.00505122 0.00207806 0.00457844 -0.00096928 -0.000477252 0.00648776 0.00745098 -0.00144781 -0.00549451 -0.00313753
internal_weight=129348 58460 70888 45267 31159 45671 25621 12789 43235 21886 22044 14108 28681 24776 2979 16172 21797 9115 15529 11136 3905 20945 11505 9440 5605 2655 3570 2970 9100 6486
internal_count=129348 58460 70888 45267 31159 45671 25621 12789 43235 21886 22044 14108 28681 24776 2979 16172 21797 9115 15529 11136 3905 20945 11505 9440 5605 2655 3570 2970 9100 6486
is_linear=0
shrinkage=0.05


Tree=33
num_leaves=31
num_cat=0
split_feature=9 0 9 0 0 0 0 10 0 0 0 0 3 9 11 4 0 10 1 4 0 9 0 10 0 9 0 8 7 10
split_gain=1425.15 426.856 183.085 176.154 150.341 138.811 134.911 187.541 130.718 144.285 97.7929 100.707 84.51 82.449 77.3809 72.0478 82.1638 71.7758 71.5347 71.0099 69.7243 68.5539 67.1541 84.0306 67.1408 66.86 64.9635 56.0164 52.7552 50.0405
threshold=27.834114583333335 30.500000000000004 21.360677083333339 77.500000000000014 19.500000000000004 4.5000000000000009 46.500000000000007 1.0000000180025095e-35 36.500000000000007 23.500000000000004 69.500000000000014 83.500000000000014 -0.91246704667116951 21.360677083333339 0.97407968238158804 0.689015599449598 81.500000000000014 1.0000000180025095e-35 5.5000000000000009 0.51113019672828186 6.5000000000000009 14.627864583333336 63.500000000000007 1.0000000180025095e-35 31.500000000000004 31.50833333333334 56.500000000000007 31.050000000000004 25.012500000000006 1.0000000180025095e-35
decision_type=2 2 2 2 2 2 2 2 2 2 2 2 2 2 2 2 2 2 2 2 2 2 2 2 2 2 2 2 2 2
left_child=1 2 4 5 -1 -2 19 15 9 14 12 -12 -9 21 -7 -8 -17 -6 22 27 29 -13 25 -24 -11 -10 -14 -3 -16 -4
right_child=3 6 20 -5 17 8 7 10 18 24 11 13 26 -15 28 16 -18 -19 -20 -21 -22 -23 23 -25 -26 -27 -28 -29 -30 -31
leaf_value=0.12918218697059844 -0.20234385256544629 0.06189172061772226 0.060110650371032651 -0.15733274822025153 0.010089084086858692 0.029448668625364861 0.038736294254070464 -0.051701162423616158 -0.091815842811647036 0.090507674998789867 -0.04787903148451278 -4.1542250051662681e-05 0.025378833815219083 -0.021907191124307702 0.013621787262781028 0.081127288016664079 0.16916883429722276 0.07859037711178872 0.011701700126345572 -0.061895379490394475 0.064071033687713455 0.10256628467090111 0.04686296554913412 -0.10517896970182578 -0.0094346427209586643 -0.26995623058637364 0.080466678138094494 -0.051324363594036984 -0.091539277630480601 -0.060254151941443013
leaf_weight=8780 2830 3440 777 10177 2266 3234 6809 1817 9069 4536 6510 1188 3857 2784 1279 6230 2492 2563 3382 7024 8227 1608 2995 3758 2830 3955 5017 2048 6242 1624
leaf_count=8780 2830 3440 777 10177 2266 3234 6809 1817 9069 4536 6510 1188 3857 2784 1279 6230 2492 2563 3382 7024 8227 1608 2995 3758 2830 3955 5017 2048 6242 1624
internal_value=0.0007101 0.00517346 0.0106335 -0.00546125 0.0144739 -0.00409318 0.00256965 0.00404181 -0.00335877 -0.00017797 0.00115337 -0.00192721 0.00463708 0.00300179 -0.00387029 0.0082786 0.0112875 0.00738766 -0.00584762 -0.00193814 0.00571603 0.00906652 -0.00699676 -0.00295054 0.00521314 -0.00909475 0.00664864 0.00232325 -0.00665138 -0.00178051
internal_weight=129348 75061 24237 54287 13609 44110 50824 38312 41280 18121 22781 12090 10691 5580 10755 15531 8722 4829 23159 12512 10628 2796 19777 6753 7366 13024 8874 5488 7521 2401
internal_count=129348 75061 24237 54287 13609 44110 50824 38312 41280 18121 22781 12090 10691 5580 10755 15531 8722 4829 23159 12512 10628 2796 19777 6753 7366 13024 8874 5488 7521 2401
is_linear=0
shrinkage=0.05


Tree=34
num_leaves=31
num_cat=0
split_feature=9 0 9 0 0 10 3 9 8 10 11 7 3 0 0 0 0 9 3 0 10 9 3 3 0 11 0 0 4 3
split_gain=1337.48 450.236 214.952 139.732 132.285 127.146 149.647 117.256 110.497 105.506 85.1782 71.5756 69.7764 68.858 91.6276 66.4146 64.6572 61.3777 61.3494 61.1372 88.3369 60.5736 60.5647 54.0811 75.0873 53.591 51.4398 50.2373 49.1107 48.2882
threshold=25.593489583333341 22.500000000000004 29.860156250000006 81.500000000000014 84.500000000000014 1.0000000180025095e-35 0.30983042691905771 21.360677083333339 20.550000000000004 1.0000000180025095e-35 1.0321746889846761 15.012500000000001 0.41398981800788198 72.500000000000014 55.500000000000007 9.5000000000000018 36.500000000000007 21.360677083333339 0.85673801594079257 33.500000000000007 1.0000000180025095e-35 33.62916666666667 0.21022171450811275 0.06553689391773225 77.500000000000014 0.93656793184022147 41.500000000000007 72.500000000000014 -0.99465740988130902 0.36648264796514479
decision_type=2 2 2 2 2 2 2 2 2 2 2 2 2 2 2 2 2 2 2 2 2 2 2 2 2 2 2 2 2 2
left_child=1 7 5 9 8 12 10 -1 11 21 26 -3 16 14 19 -11 -2 -6 -9 20 -10 28 -19 24 -15 -14 -7 -8 -4 -17
right_child=2 4 3 -5 17 6 27 18 13 15 -12 -13 25 23 -16 29 -18 22 -20 -21 -22 -23 -24 -25 -26 -27 -28 -29 -30 -31
leaf_value=0.11672332176269294 0.094634983016186433 -0.043718866771462223 -0.14860411389418146 -0.24696595822134812 0.09543708136313854 -0.0038316405240479412 0.041175004253844349 0.084094427936682342 0.00023255139423241646 -0.26857809891600443 -0.12333473919002813 0.029267001334552845 -0.24753193978734844 -0.043404824551390678 0.088073065146596727 -0.14733846505342996 0.015016213342374841 0.079264102427534067 -0.0083325602637714276 0.01283404689020955 0.083210861943958048 -0.14605082935458286 -0.040946961060825515 -0.054339250062469091 0.083870873753895125 -0.011872485050263748 -0.065414183640759668 -0.046586859559988626 0.0048157570951637757 -0.057629707412285569
leaf_weight=10097 3959 6445 902 4085 4829 6703 6565 2461 1991 1264 6035 5087 576 1105 7188 4862 6313 1067 1449 9305 2662 4018 803 2424 1547 2012 8634 2070 8690 4200
leaf_count=10097 3959 6445 902 4085 4829 6703 6565 2461 1991 1264 6035 5087 576 1105 7188 4862 6313 1067 1449 9305 2662 4018 803 2424 1547 2012 8634 2070 8690 4200
internal_value=0.000700436 0.00629918 -0.00391674 -0.00732219 0.00383607 -0.00169069 -0.00347336 0.0141162 0.00268713 -0.00586355 -0.00571776 -0.00139178 0.0024689 0.00448097 0.00573631 -0.00967461 0.00431756 0.0103112 0.00676471 0.00337441 0.00805394 -0.00297208 0.00262032 -0.000748621 0.00418552 -0.00486862 -0.00373769 0.00208164 -0.000813178 -0.008177
internal_weight=129348 58460 70888 28021 44453 42867 30007 14007 37754 23936 21372 11532 12860 26222 21146 10326 10272 6699 3910 13958 4653 13610 1870 5076 2652 2588 15337 8635 9592 9062
internal_count=129348 58460 70888 28021 44453 42867 30007 14007 37754 23936 21372 11532 12860 26222 21146 10326 10272 6699 3910 13958 4653 13610 1870 5076 2652 2588 15337 8635 9592 9062
is_linear=0
shrinkage=0.05


Tree=35
num_leaves=31
num_cat=0
split_feature=9 0 9 0 0 0 0 10 10 3 8 0 0 10 0 0 8 9 4 9 4 0 7 1 9 3 11 9 11 3
split_gain=1238.15 432.792 212.367 150.024 123.485 110.3 130.249 107.751 100.127 105.426 99.5964 86.6866 67.6454 77.4686 66.2114 75.8623 65.2618 64.6911 60.8375 57.9151 62.7393 50.7997 50.1555 48.1224 47.6678 46.4645 43.8746 43.1496 56.8689 44.5719
threshold=25.482812500000005 19.500000000000004 28.905208333333334 81.500000000000014 90.500000000000014 6.5000000000000009 41.500000000000007 1.0000000180025095e-35 1.0000000180025095e-35 0.83849049182116964 20.200000000000006 4.5000000000000009 63.500000000000007 1.0000000180025095e-35 21.500000000000004 31.500000000000004 30.550000000000004 31.989843750000002 0.97648852793709995 22.358333333333338 0.98332250088165762 70.500000000000014 10.512500000000001 5.5000000000000009 33.072916666666671 -0.87395131947920313 0.80519389663381347 28.028125000000003 0.84409739968617681 -0.76141707087277943
decision_type=2 2 2 2 2 2 2 2 2 2 2 2 2 2 2 2 2 2 2 2 2 2 2 2 2 2 2 2 2 2
left_child=1 7 8 5 10 -4 14 -1 26 27 18 -9 17 -14 24 -16 23 -8 -3 20 -13 -11 -22 -12 -7 -18 -2 29 -29 -10
right_child=2 4 3 -5 -6 6 12 11 9 21 16 19 13 -15 15 -17 25 -19 -20 -21 22 -23 -24 -25 -26 -27 -28 28 -30 -31
leaf_value=0.18588715567455838 -0.26984974717567811 0.020112313205772381 -0.19162293601639463 -0.19461750772238987 0.10772348083120563 -0.020436872448419765 -0.096383767440481452 0.0023872472272927327 -0.045737162579933967 0.075677747918933849 0.042539461839502482 0.09538575186596461 0.021347260697424278 -0.1150756464062198 0.073479401154014565 -0.033021190137512237 0.074329713344281609 -0.28920238265694709 -0.044005698645855774 0.026264443403105988 -0.021738042689699456 -0.051125626426220094 0.060386667393308363 0.10332275579583411 -0.14228883136299544 -0.036765547931670993 0.050047439995662302 0.1380058665220659 -0.081391683617493271 0.014781869832249585
leaf_weight=5280 288 6958 2970 5933 2995 4971 6189 1675 6528 3053 22364 3105 3886 3717 4250 4234 852 3121 5254 1275 412 1075 233 4044 1394 3053 8062 374 6528 5275
leaf_count=5280 288 6958 2970 5933 2995 4971 6189 1675 6528 3053 22364 3105 3886 3717 4250 4234 852 3121 5254 1275 412 1075 233 4044 1394 3053 8062 374 6528 5275
internal_value=0.000658688 0.00612696 -0.00371757 -0.006098 0.00390158 -0.0048428 -0.00398117 0.0145826 -0.000613315 -0.00232668 0.00321046 0.0103731 -0.00698132 -0.00348218 -0.000564011 0.00232791 0.00474631 -0.00983888 -0.000601867 0.0136567 0.0167867 0.00490552 0.0025969 0.00563844 -0.0044187 -0.00128681 0.00407186 -0.00392275 -0.00706317 -0.00208633
internal_weight=129348 57500 71848 40665 45520 34732 31762 11980 31183 22833 42525 6700 16913 7603 14849 8484 30313 9310 12212 5025 3750 4128 645 26408 6365 3905 8350 18705 6902 11803
internal_count=129348 57500 71848 40665 45520 34732 31762 11980 31183 22833 42525 6700 16913 7603 14849 8484 30313 9310 12212 5025 3750 4128 645 26408 6365 3905 8350 18705 6902 11803
is_linear=0
shrinkage=0.05


Tree=36
num_leaves=31
num_cat=0
split_feature=4 0 0 0 0 8 0 0 11 11 8 8 11 7 10 11 4 4 10 4 0 0 4 1 9 7 8 4 8 1
split_gain=1155.13 419.854 195.003 173.182 184.075 168.41 125.336 122.047 93.1276 91.484 79.5065 81.9032 76.6698 70.4082 65.3929 60.6808 56.5114 51.2615 47.562 89.2075 50.2423 47.0917 46.6856 51.3934 45.2797 42.2956 42.1891 41.2959 39.6717 38.318
threshold=-0.13398942717002907 20.500000000000004 78.500000000000014 8.5000000000000018 35.500000000000007 29.750000000000004 23.500000000000004 91.500000000000014 0.99880428533532839 0.97407968238158804 29.650000000000002 20.200000000000006 1.0916629031903622 39.01250000000001 1.0000000180025095e-35 0.97407968238158804 0.98005052076767474 -0.73865259438682551 1.0000000180025095e-35 0.97461712852231652 5.5000000000000009 31.500000000000004 -0.99465740988130902 4.5000000000000009 14.060937500000003 10.512500000000001 33.850000000000001 0.48126256173783166 34.150000000000013 5.5000000000000009
decision_type=2 2 2 2 2 2 2 2 2 2 2 2 2 2 2 2 2 2 2 2 2 2 2 2 2 2 2 2 2 2
left_child=2 5 3 15 6 18 9 8 24 -5 11 16 13 22 -7 -1 -10 -4 -2 20 -20 -8 -6 -24 -3 -21 27 -16 29 -12
right_child=1 7 17 4 12 14 21 -9 10 -11 28 -13 -14 -15 26 -17 -18 -19 19 25 -22 -23 23 -25 -26 -27 -28 -29 -30 -31
leaf_value=-0.043480237333717045 0.18409249271504963 -0.0058100057439233414 -0.18363486108048335 0.048299696601335998 -0.18343947441493427 0.073382639765931401 0.095194890869223781 0.10888498257443047 0.013460554437242679 -0.047908580137132617 -0.066736442364199886 0.044836576436861723 -0.14161623639824514 -0.23100953578923936 -0.048984889888724584 -0.17902053967989817 -0.063879861551737346 -0.066253845157663707 0.036664974289992359 -0.020526399954628974 0.092616891518760278 0.014601336358735041 -0.045979633461158187 0.025092754216810675 0.05341882793363411 0.044116601601767516 0.14087231308820522 0.11652408482136566 0.043698233582641424 0.032676300149395841
leaf_weight=2058 5082 3195 6419 3416 1436 1281 5280 2756 5254 6465 4899 9585 5012 1436 1743 3873 2769 4775 1368 780 3420 2638 14223 6174 21086 333 273 189 1207 923
leaf_count=2058 5082 3195 6419 3416 1436 1281 5280 2756 5254 6465 4899 9585 5012 1436 1743 3873 2769 4775 1368 780 3420 2638 14223 6174 21086 333 273 189 1207 923
internal_value=0.00064052 0.00525944 -0.0041931 -0.00290467 -0.00186957 0.0127877 0.00211388 0.00315149 0.00257472 -0.00164204 0.000408938 0.00220354 -0.00437661 -0.00316838 0.00321285 -0.0109467 -0.00152374 -0.0101796 0.0158267 0.0127733 0.0157373 0.00680096 -0.00246301 -0.00184954 0.00477225 2.24618e-05 -0.0020068 -0.00460663 -0.00408664 -0.00579698
internal_weight=129348 66143 63205 52011 46080 14469 17799 51674 48918 9881 24637 17608 28281 23269 3486 5931 8023 11194 10983 5901 4788 7918 21833 20397 24281 1113 2205 1932 7029 5822
internal_count=129348 66143 63205 52011 46080 14469 17799 51674 48918 9881 24637 17608 28281 23269 3486 5931 8023 11194 10983 5901 4788 7918 21833 20397 24281 1113 2205 1932 7029 5822
is_linear=0
shrinkage=0.05


Tree=37
num_leaves=31
num_cat=0
split_feature=8 0 9 4 3 0 0 9 3 0 7 7 10 3 11 11 1 11 0 4 0 4 10 0 0 3 3 0 0 10
split_gain=1082.28 340.444 170.492 167.261 147.974 118.243 98.3946 83.9416 82.3418 81.2095 64.0927 61.1101 66.5358 93.6681 50.187 50.1603 49.3265 47.9752 46.0745 45.8416 56.0949 96.2583 64.4257 76.2867 50.8758 51.337 47.7034 45.9378 45.1727 56.6787
threshold=31.150000000000002 25.500000000000004 21.360677083333339 -0.91249077947840473 -0.099819732675876835 74.500000000000014 92.500000000000014 10.710937500000002 -0.24372957273992746 3.5000000000000004 25.812500000000004 39.01250000000001 1.0000000180025095e-35 -0.65234524191686594 1.1163525015609757 1.0267603807040537 5.5000000000000009 1.1135526900622577 35.500000000000007 -0.12545862287572049 46.500000000000007 0.42763731121559989 1.0000000180025095e-35 67.500000000000014 81.500000000000014 -0.19337636264337835 0.73283908552571664 31.500000000000004 18.500000000000004 1.0000000180025095e-35
decision_type=2 2 2 2 2 2 2 2 2 2 2 2 2 2 2 2 2 2 2 2 2 2 2 2 2 2 2 2 2 2
left_child=1 2 28 4 8 9 7 -3 -2 -5 -4 12 -11 15 -15 -14 19 -6 -10 -9 21 -21 26 -24 -25 -26 -22 -23 -1 -30
right_child=3 6 10 5 17 -7 -8 16 18 11 -12 -13 13 14 -16 -17 -18 -19 -20 20 22 27 23 24 25 -27 -28 -29 29 -31
leaf_value=0.10823598590766609 -0.087928413898248445 -0.067205509678139916 0.052644052032994187 -0.12038465859610881 -0.13548478923649795 -0.082132834392585619 0.11099654525093357 -0.017320520960828392 0.12241474394824864 0.031678282618150887 -0.070970482039868443 -0.16998584482434467 -0.038101708863526089 0.016586240932809204 -0.098672533939895862 -0.14021960912301099 0.065725795275491092 -0.27888895478523212 -0.015994259615176531 0.081854482217322305 0.081590861630329678 0.031013942211473734 0.057932845796717203 -0.03927364560940419 0.065629171892565105 -0.016860411227071381 -0.0050926407279398237 -0.059869474283796367 0.023498022214796778 0.075713144636945631
leaf_weight=8341 4128 2010 5195 1836 10522 9621 2052 5561 1280 12832 1175 1273 3834 11568 1255 1775 6630 1632 2132 2037 8326 2250 5396 3598 1232 1595 1564 5625 1442 1631
leaf_count=8341 4128 2010 5195 1836 10522 9621 2052 5561 1280 12832 1175 1273 3834 11568 1255 1775 6630 1632 2132 2037 8326 2250 5396 3598 1232 1595 1564 5625 1442 1631
internal_value=0.000623512 0.00512793 0.0110352 -0.00402038 -0.00785011 -0.002306 0.00293362 0.00245395 -0.00234748 -0.0009346 0.00448195 -0.000357286 7.99642e-05 -0.00184462 0.000512751 -0.00723391 0.00291231 -0.0112638 0.00339977 0.0022039 0.00294011 -0.000176554 0.004363 0.00187167 -0.00180934 0.00321012 0.00734075 -0.00268254 0.0146925 0.00951025
internal_weight=129348 65660 17784 63688 19694 43994 47876 45824 7540 34373 6370 32537 31264 18432 12823 5609 43814 12154 3412 37184 31623 9912 21711 11821 6425 2827 9890 7875 11414 3073
internal_count=129348 65660 17784 63688 19694 43994 47876 45824 7540 34373 6370 32537 31264 18432 12823 5609 43814 12154 3412 37184 31623 9912 21711 11821 6425 2827 9890 7875 11414 3073
is_linear=0
shrinkage=0.05


Tree=38
num_leaves=31
num_cat=0
split_feature=8 0 4 4 3 10 0 3 11 0 9 0 0 11 4 3 3 9 0 0 0 3 0 8 0 0 4 0 3 3
split_gain=981.061 309.718 159.265 150.05 129.855 129.854 90.2026 89.528 89.7162 88.9485 79.2486 76.7281 80.6694 68.5361 68.2929 63.9241 65.4576 59.0841 55.9736 54.7083 91.4814 51.9838 60.4685 50.9088 50.0705 95.81 91.8143 91.2748 80.5652 56.9921
threshold=31.050000000000004 25.500000000000004 -0.80417042486635371 -0.091258822863740666 -0.099819732675876835 1.0000000180025095e-35 90.500000000000014 0.70290292807158605 1.0267603807040537 33.500000000000007 10.710937500000002 82.500000000000014 11.500000000000002 1.0819350045148084 0.12332734741173625 0.59177612190863982 -0.70291267844185523 21.360677083333339 71.500000000000014 43.500000000000007 67.500000000000014 0.9550229469509578 15.500000000000002 29.750000000000004 72.500000000000014 79.500000000000014 0.22491561436810906 58.500000000000007 -0.12546116083924153 0.13398903995667991
decision_type=2 2 2 2 2 2 2 2 2 2 2 2 2 2 2 2 2 2 2 2 2 2 2 2 2 2 2 2 2 2
left_child=1 3 4 -1 9 15 10 8 -7 13 -3 12 -6 -2 18 16 -4 -8 21 -14 -21 22 -9 -5 27 -26 -27 -12 -28 -29
right_child=2 6 5 23 11 7 17 14 -10 -11 24 -13 19 -15 -16 -17 -18 -19 -20 20 -22 -23 -24 -25 25 26 28 29 -30 -31
leaf_value=-0.010280796853231067 0.079637705631161293 -0.067254983057424764 0.041457578208432017 0.090203564605725012 -0.22037030515592662 -0.036556851060962008 0.1155475917229893 -0.090776375581315003 -0.13301273592153109 -0.07399413101385903 0.020050982977798528 -0.29718077189073283 -0.027940289534320331 -0.082778637749453321 -0.075069563449124396 -0.011284462571016719 0.17743145774686725 0.011556297822136231 -0.060563622057103576 -0.2109209386465011 -0.023918820990339641 0.074592626397469539 0.028424170633508085 0.024300345353979225 -0.047696881563754803 -0.054995912886070641 0.087476452126247758 0.04144360239541172 0.00877099309377769 0.088268636587238811
leaf_weight=2392 2839 1950 5856 13468 2202 6816 2195 910 4017 7474 20984 2387 5882 1258 1344 8058 864 1135 2326 4391 2748 2880 3164 1456 4452 1529 2343 5096 3124 3808
leaf_count=2392 2839 1950 5856 13468 2202 6816 2195 910 4017 7474 20984 2387 5882 1258 1344 8058 864 1135 2326 4391 2748 2880 3164 1456 4452 1529 2343 5096 3124 3808
internal_value=0.000612302 0.00501705 -0.00369252 0.0107271 -0.00644169 -0.00147854 0.002896 -0.00396258 -0.00716099 -0.00232694 0.00228596 -0.00914537 -0.00783847 0.00359409 -0.000701242 0.00212816 0.00572917 0.0108258 0.000824353 -0.00634168 -0.00928351 0.00307018 -0.000564556 0.0125905 0.00275063 -6.11461e-05 0.00358776 0.00382762 0.00661697 0.00806941
internal_weight=129348 63932 65416 17316 29181 36235 46616 21457 10833 11571 43286 17610 15223 4097 10624 14778 6720 3330 9280 13021 7139 6954 4074 14924 41336 11448 6996 29888 5467 8904
internal_count=129348 63932 65416 17316 29181 36235 46616 21457 10833 11571 43286 17610 15223 4097 10624 14778 6720 3330 9280 13021 7139 6954 4074 14924 41336 11448 6996 29888 5467 8904
is_linear=0
shrinkage=0.05


Tree=39
num_leaves=31
num_cat=0
split_feature=9 0 10 3 0 10 9 0 11 3 0 0 11 0 0 0 3 10 4 4 0 0 10 0 0 10 4 9 9 8
split_gain=899.015 292.227 131.302 131.741 128.531 147.29 113.779 111.998 89.5734 96.6347 88.1592 88.8572 84.9106 83.2117 75.8784 73.0397 72.7309 70.5428 101.075 69.9772 78.0998 66.5568 65.1766 63.358 59.5741 57.465 56.3391 51.0072 62.8118 49.299
threshold=27.834114583333335 31.500000000000004 1.0000000180025095e-35 -0.57078386445773377 46.500000000000007 1.0000000180025095e-35 21.360677083333339 19.500000000000004 0.84409739968617681 0.9053161325100999 82.500000000000014 9.5000000000000018 1.1054431876437014 69.500000000000014 42.500000000000007 83.500000000000014 -0.91246704667116951 1.0000000180025095e-35 0.97461712852231652 0.689015599449598 83.500000000000014 42.500000000000007 1.0000000180025095e-35 9.5000000000000018 4.5000000000000009 1.0000000180025095e-35 0.51113019672828186 21.360677083333339 14.627864583333336 31.050000000000004
decision_type=2 2 2 2 2 2 2 2 2 2 2 2 2 2 2 2 2 2 2 2 2 2 2 2 2 2 2 2 2 2
left_child=1 6 3 -2 26 19 7 17 -4 10 11 -10 21 16 -13 -15 -7 -1 -19 -6 -21 24 -9 25 -5 -8 29 28 -17 -3
right_child=2 4 8 12 5 13 23 22 9 -11 -12 14 -14 15 -16 27 -18 18 -20 20 -22 -23 -24 -25 -26 -27 -28 -29 -30 -31
leaf_value=0.17846534123722224 0.074104389843200377 0.049419080946671558 0.13349958571942225 -0.11102614762471888 0.028248234515157834 -0.050525620921959558 0.055466900542087673 -0.0023180171214256975 -0.18144878894351493 0.016857942257978209 -0.18426127825333652 -0.019438816308587549 -0.17488233372794895 -0.042979006069842285 -0.10593225836127901 -0.010718476390876931 0.053936938793259517 0.067064008381996137 -0.0095164020985031086 0.07132916008291304 0.14789400543806722 -0.069483037133616685 0.060393407863983131 0.057606500482785351 0.033162171348682538 -0.042811682415057818 -0.066745016323545778 -0.017797039415809481 0.079150571925446667 -0.061280002978889317
leaf_weight=4120 4992 3225 750 855 6809 1817 1110 2472 2814 2592 3652 9285 2590 6510 11198 1188 8874 3600 1060 6586 2136 9061 2796 7541 6498 2320 6585 2784 1608 1920
leaf_count=4120 4992 3225 750 855 6809 1817 1110 2472 2814 2592 3652 9285 2590 6510 11198 1188 8874 3600 1060 6586 2136 9061 2796 7541 6498 2320 6585 2784 1608 1920
internal_value=0.000559344 0.00410433 -0.0043422 -0.00157943 0.00189841 0.00330053 0.00851653 0.0114963 -0.00653082 -0.00696405 -0.00785094 -0.00671868 -0.00347822 0.000740749 -0.00557413 -0.00210091 0.00395426 0.0149544 0.0107403 0.00705524 0.0100206 -0.0021506 0.00573273 0.00470103 0.00138379 -0.000932945 -0.00268116 0.00209677 0.00686695 0.00123907
internal_weight=129348 75061 54287 23996 50042 38312 25019 14048 30291 29541 26949 23297 19004 22781 20483 12090 10691 8780 4660 15531 8722 16414 5268 10971 7353 3430 11730 5580 2796 5145
internal_count=129348 75061 54287 23996 50042 38312 25019 14048 30291 29541 26949 23297 19004 22781 20483 12090 10691 8780 4660 15531 8722 16414 5268 10971 7353 3430 11730 5580 2796 5145
is_linear=0
shrinkage=0.05


Tree=40
num_leaves=31
num_cat=0
split_feature=8 0 9 10 3 11 4 0 11 9 0 3 4 8 0 10 10 0 0 7 3 4 0 4 3 0 0 9 7 4
split_gain=829.33 266.501 141.444 155.573 129.372 106.422 95.9267 90.1384 70.4618 69.3842 66.9639 65.8975 65.038 65.1586 63.8806 100.184 87.5368 81.4948 63.8529 73.0216 63.7587 59.749 57.6461 49.6133 49.1621 46.6862 45.885 44.4588 44.2513 43.933
threshold=31.050000000000004 28.500000000000004 32.288020833333341 1.0000000180025095e-35 0.36648264796514479 1.0267603807040537 -0.091258822863740666 92.500000000000014 0.84409739968617681 13.695833333333336 82.500000000000014 -0.57078386445773377 0.12332734741173625 38.45000000000001 18.500000000000004 1.0000000180025095e-35 1.0000000180025095e-35 5.5000000000000009 10.500000000000002 36.912500000000016 -0.70291267844185523 -0.091258822863740666 12.500000000000002 0.98486764554468398 0.76696112484652035 74.500000000000014 68.500000000000014 12.200520833333334 26.712500000000006 0.089118976521498999
decision_type=2 2 2 2 2 2 2 2 2 2 2 2 2 2 2 2 2 2 2 2 2 2 2 2 2 2 2 2 2 2
left_child=1 6 3 11 5 8 22 9 -5 23 18 20 13 25 15 -8 24 -17 -4 -20 28 -11 -1 -3 -16 -6 -21 -19 -2 -13
right_child=2 7 10 4 12 -7 14 -9 -10 21 -12 29 -14 -15 16 17 -18 27 19 26 -22 -23 -24 -25 -26 -27 -28 -29 -30 -31
leaf_value=-0.075067682128797497 0.073148314201733913 0.0067620976205283517 -0.22509222667931328 0.12180513888632732 0.035132411585925637 -0.13079313701343978 0.15789211345268797 0.10191563883717691 -0.049789697491561216 -0.013455942689056144 -0.32192318250047125 -0.018638880118142253 -0.073028089063333121 -0.1182066086777141 0.027408236862357428 0.0014088783726734278 0.061830796384865043 -0.00053937514257285102 -0.026273614586720132 -0.22471260267052173 0.1648546653673634 0.036281260809867891 0.0623309606034411 -0.057301561403144068 -0.16623156884102175 -0.04059849950327532 0.083532402530019575 0.069712089701177149 0.0066769472915368059 0.10843028191297394
leaf_weight=1196 1825 6400 1402 750 8539 7852 4921 1998 11694 5885 1652 12284 1344 960 2260 1890 3150 559 5784 3026 864 27135 1472 3200 330 2392 345 3536 4031 672
leaf_count=1196 1825 6400 1402 750 8539 7852 4921 1998 11694 5885 1652 12284 1344 960 2260 1890 3150 559 5784 3026 864 27135 1472 3200 330 2392 345 3536 4031 672
internal_value=0.000557411 0.00460724 -0.00340054 -0.00228682 -0.00435791 -0.00686588 0.00951382 0.0024833 -0.00398987 0.00199672 -0.00825416 0.00124263 -0.0005119 0.00066647 0.0109245 0.0131716 0.00665505 0.00882623 -0.00678933 -0.00526761 0.00526042 0.00308449 0.000712144 -0.00174479 -0.00015444 0.00176333 -0.0111169 0.01279 0.00338969 -0.000841309
internal_weight=129348 63932 65416 53207 33531 20296 19314 44618 12444 42620 12209 19676 13235 11891 16646 10906 5740 5985 10557 9155 6720 33020 2668 9600 2590 10931 3371 4095 5856 12956
internal_count=129348 63932 65416 53207 33531 20296 19314 44618 12444 42620 12209 19676 13235 11891 16646 10906 5740 5985 10557 9155 6720 33020 2668 9600 2590 10931 3371 4095 5856 12956
is_linear=0
shrinkage=0.05


Tree=41
num_leaves=31
num_cat=0
split_feature=8 0 11 4 0 0 0 8 4 9 1 11 4 11 4 0 8 11 0 5 3 10 0 3 11 6 11 0 10 0
split_gain=754.465 246.64 157.297 147.963 130.082 179.759 98.3699 87.4969 66.7402 61.1126 59.6333 55.5244 54.9299 51.8829 51.6527 43.3155 61.5704 42.723 41.8695 41.1069 45.2149 40.5985 38.3893 38.2688 35.2135 34.1995 34.167 34.1507 55.5685 52.6761
threshold=30.250000000000004 24.500000000000004 1.0916629031903622 -0.091258822863740666 36.500000000000007 9.5000000000000018 90.500000000000014 20.550000000000004 -0.9260227363677036 31.266927083333339 5.5000000000000009 0.80519389663381347 -0.61915584096709908 0.96359846643765257 0.97648852793709995 23.500000000000004 39.45000000000001 0.82284707828887094 32.500000000000007 1.0000000180025095e-35 0.99053107487289871 1.0000000180025095e-35 74.500000000000014 -0.9954993026558282 1.1016663470368233 1.0000000180025095e-35 0.99547686574958993 3.5000000000000004 1.0000000180025095e-35 18.500000000000004
decision_type=2 2 2 2 2 2 2 2 2 2 2 2 2 2 2 2 2 2 2 2 2 2 2 2 2 2 2 2 2 2
left_child=1 3 4 -1 5 9 7 14 13 21 19 -9 -4 -6 -3 16 -7 -13 -17 20 23 -2 -12 -10 -14 -19 -27 28 -5 -29
right_child=2 6 12 27 8 15 -8 11 10 -11 22 17 24 -15 -16 18 -18 25 -20 -21 -22 -23 -24 -25 -26 26 -28 29 -30 -31
leaf_value=-0.059648633020099595 0.02169393985995427 0.012375244307776256 -0.13501103666678418 0.12014813988944582 -0.038073705361184554 0.022307237463569152 0.084821674937674632 -0.098638153732497361 -0.18891127283599901 -0.17682973486534409 0.06950491021323657 0.25102737241689965 -0.12236785120429872 -0.14886930657926456 -0.046478962784883754 0.083262294012228469 -0.10495681851417374 0.031616157165434089 0.010331996801594558 0.043308525812456367 0.038112375274592838 -0.056630337031393911 -0.034774455066997237 -0.050424910047889432 -0.0007660693010691944 0.13638323602077948 0.0043365203130449007 0.097725203477835976 -0.0061828424267019958 0.049812598906946448
leaf_weight=1350 1690 7128 9012 984 3576 7962 2950 660 413 1364 2960 264 384 5341 5148 5706 896 24152 2534 2065 1652 3276 1638 19660 2583 1056 528 8040 1160 3216
leaf_count=1350 1690 7128 9012 984 3576 7962 2950 660 413 1364 2960 264 384 5341 5148 5706 896 24152 2534 2065 1652 3276 1638 19660 2583 1056 528 8040 1160 3216
internal_value=0.000557024 0.00488382 -0.00281315 0.0104441 -0.00178033 0.00113966 0.0029258 0.00225884 -0.00361413 -0.00605845 -0.00242884 0.00386722 -0.0080495 -0.00738757 -0.00123412 0.00380454 0.00137729 0.00423077 0.00641383 -0.00343632 -0.0040771 -0.00348369 0.00278382 -0.00473148 -0.00214863 0.00402549 0.0111427 0.0120336 0.00625 0.0131352
internal_weight=129348 56636 72712 14750 60733 23428 41886 38936 37305 6330 28388 26660 11979 8917 12276 17098 8858 26000 8240 23790 21725 4966 4598 20073 2967 25736 1584 13400 2144 11256
internal_count=129348 56636 72712 14750 60733 23428 41886 38936 37305 6330 28388 26660 11979 8917 12276 17098 8858 26000 8240 23790 21725 4966 4598 20073 2967 25736 1584 13400 2144 11256
is_linear=0
shrinkage=0.05


Tree=42
num_leaves=31
num_cat=0
split_feature=9 0 0 10 10 3 9 0 0 9 10 9 8 3 11 4 0 3 0 0 10 0 0 7 4 9 8 3 0 0
split_gain=691.336 234.508 115.529 127.655 114.915 111.688 92.7132 88.5649 80.7183 80.3808 76.7288 108.701 74.2 73.4521 70.3704 67.67 70.3763 64.9713 62.5778 58.3944 57.5572 54.8182 61.3305 53.2007 50.891 49.9291 47.554 70.8412 47.4423 45.0963
threshold=27.834114583333335 31.500000000000004 46.500000000000007 1.0000000180025095e-35 1.0000000180025095e-35 -0.099819732675876835 21.360677083333339 19.500000000000004 69.500000000000014 29.860156250000006 1.0000000180025095e-35 12.200520833333334 34.550000000000004 0.66527693225344786 0.84409739968617681 0.689015599449598 82.500000000000014 -0.8821812062722818 83.500000000000014 4.5000000000000009 1.0000000180025095e-35 82.500000000000014 7.5000000000000009 30.312500000000004 0.51113019672828186 28.427604166666669 32.650000000000013 -0.95754239937548935 56.500000000000007 7.5000000000000009
decision_type=2 2 2 2 2 2 2 2 2 2 2 2 2 2 2 2 2 2 2 2 2 2 2 2 2 2 2 2 2 2
left_child=1 6 24 15 5 23 7 10 17 12 -1 -12 14 -7 25 -4 -17 -5 -10 -8 -9 22 -11 -2 -3 -6 27 -16 -19 -13
right_child=4 2 3 8 9 13 19 20 18 21 11 29 -14 -15 26 16 -18 28 -20 -21 -22 -23 -24 -25 -26 -27 -28 -29 -30 -31
leaf_value=0.15676120832883386 0.068453096027273827 0.010421085145854648 0.023799526145998586 -0.041913546530520311 -0.022395924890354024 -0.10327669980187722 -0.03651103003922742 -0.0032634168565465419 -0.041313205281426235 -0.23333337559495462 -0.019278216557110997 0.02422172365950459 0.020388782436364751 0.0087052674454255914 -0.12983558417837671 0.0652635434931014 0.1330904230319426 0.016197043807318325 0.011398823671735414 0.045064725358392371 0.053238101823868081 -0.24756938062290176 -0.080213569996162457 -0.020669287991364627 -0.064695644998475646 0.27095690695300051 -0.10873673842032759 -0.025986880281099189 0.065396971783400204 0.069839370550039345
leaf_weight=4120 5985 5145 6809 2047 384 8734 1715 2472 6510 1010 860 1520 3644 5182 960 6408 2314 3757 5580 9256 2796 1637 9440 4095 6585 366 4800 8050 4887 2280
leaf_count=4120 5985 5145 6809 2047 384 8734 1715 2472 6510 1010 860 1520 3644 5182 960 6408 2314 3757 5580 9256 2796 1637 9440 4095 6585 366 4800 8050 4887 2280
internal_value=0.000528033 0.00363671 0.00166061 0.00298992 -0.00377024 -0.00118561 0.00758923 0.010279 0.000606865 -0.00581773 0.0133542 0.00895923 -0.00371896 -0.00408882 -0.00531593 0.00648542 0.00940151 0.00377186 -0.00219189 0.00414502 0.00515376 -0.00897865 -0.00764593 0.00282242 -0.00268116 0.0096 -0.006126 -0.00398446 0.00566867 0.0125921
internal_weight=129348 75061 50042 38312 54287 23996 25019 14048 22781 30291 8780 4660 18204 13916 14560 15531 8722 10691 12090 10971 5268 12087 10450 10080 11730 750 13810 9010 8644 3800
internal_count=129348 75061 50042 38312 54287 23996 25019 14048 22781 30291 8780 4660 18204 13916 14560 15531 8722 10691 12090 10971 5268 12087 10450 10080 11730 750 13810 9010 8644 3800
is_linear=0
shrinkage=0.05


Tree=43
num_leaves=31
num_cat=0
split_feature=8 0 0 0 0 0 9 0 0 10 9 1 9 4 0 10 4 10 9 0 10 11 9 4 0 3 0 0 3 9
split_gain=636.158 205.997 117.81 117.479 102.601 115.831 85.2276 80.0832 79.6571 76.32 74.1275 62.5359 59.9966 56.7676 56.5921 79.7356 102.149 53.3349 52.9059 67.961 48.4036 46.416 43.7101 43.0948 57.0481 101.148 66.6592 114.039 66.6839 54.588
threshold=31.150000000000002 28.500000000000004 74.500000000000014 4.5000000000000009 34.500000000000007 23.500000000000004 21.360677083333339 63.500000000000007 92.500000000000014 1.0000000180025095e-35 33.072916666666671 5.5000000000000009 10.710937500000002 -0.99273797715557011 18.500000000000004 1.0000000180025095e-35 0.97461712852231652 1.0000000180025095e-35 31.428125000000005 47.500000000000007 1.0000000180025095e-35 1.0150383135137619 16.601302083333337 -0.091258822863740666 46.500000000000007 -0.82897401153126982 71.500000000000014 79.500000000000014 -0.12546116083924153 20.793750000000006
decision_type=2 2 2 2 2 2 2 2 2 2 2 2 2 2 2 2 2 2 2 2 2 2 2 2 2 2 2 2 2 2
left_child=1 6 3 -2 5 10 14 11 12 -9 13 18 -3 -5 15 22 -17 -15 -6 -20 -16 -8 -1 -14 25 -25 -26 -28 -29 -30
right_child=2 8 -4 4 7 -7 21 9 -10 -11 -12 -13 23 17 20 16 -18 -19 19 -21 -22 -23 -24 24 26 -27 27 28 29 -31
leaf_value=0.19692272066629926 -0.12031880314672493 -0.062029635994339576 -0.083607021618929883 -0.11723616743391432 -0.056783711966461682 0.059468366691809396 0.055209222865788381 0.087951970637521984 0.089725626529315872 -0.039642364860569046 -0.11011235646080664 0.023972985401094604 -0.014251861358899021 0.042592529418259778 0.0069309462086017959 0.054687589025212452 -0.014939000124734036 -0.015036798556316455 -0.060372537664095206 -0.2760762002153811 0.05274513797762808 -0.018255203124520846 0.084424246545205514 0.10396270727064733 0.055607845480467689 -0.030704832653569981 -0.041705387070203416 0.070546673484264494 0.021396300694283357 -0.068199931933574473
leaf_weight=2337 3320 1920 13929 722 12032 7314 5075 3124 2052 4161 1764 2832 6653 3990 2060 3420 1007 6136 1951 2413 2330 2030 1577 1548 13749 8352 4400 3224 3419 507
leaf_count=2337 3320 1920 13929 722 12032 7314 5075 3124 2052 4161 1764 2832 6653 3990 2060 3420 1007 6136 1951 2413 2330 2030 1577 1548 13749 8352 4400 3224 3419 507
internal_value=0.000529966 0.0039834 -0.0030304 -0.00189262 -0.00124303 0.00146793 0.00824007 -0.00328047 0.0021408 0.00118394 -0.00143514 -0.00497192 0.00168944 0.000110619 0.0106885 0.0131069 0.00851028 0.00107644 -0.00615699 -0.0108731 0.00609339 0.00385292 0.0183061 0.00208592 0.00278346 -0.000434343 0.00404265 0.00124242 0.00513986 0.000764137
internal_weight=129348 65660 63688 49759 46439 19926 19836 26513 45824 7285 12612 19228 43772 10848 12731 8341 4427 10126 16396 4364 4390 7105 3914 41852 35199 9900 25299 11550 7150 3926
internal_count=129348 65660 63688 49759 46439 19926 19836 26513 45824 7285 12612 19228 43772 10848 12731 8341 4427 10126 16396 4364 4390 7105 3914 41852 35199 9900 25299 11550 7150 3926
is_linear=0
shrinkage=0.05


Tree=44
num_leaves=31
num_cat=0
split_feature=7 0 0 0 4 0 10 7 3 3 4 0 10 9 1 10 4 9 3 0 11 0 7 3 0 3 0 0 11 0
split_gain=589.866 145.999 148.447 139.231 102.887 94.0581 85.8592 85.2755 82.8427 75.9437 75.5706 74.9752 120.792 90.5435 66.2281 63.1904 62.1911 100.551 113.072 59.8691 57.5365 56.268 54.0929 53.7898 53.7004 53.2017 52.5777 50.2631 50.1384 49.9338
threshold=26.012500000000006 83.500000000000014 10.500000000000002 31.500000000000004 0.67644692717078936 45.500000000000007 1.0000000180025095e-35 30.137500000000006 0.70290292807158605 0.7090011537757156 0.42763731121559989 18.500000000000004 1.0000000180025095e-35 14.300520833333335 5.5000000000000009 1.0000000180025095e-35 0.95436825032516992 20.992708333333336 0.79904096188274243 53.500000000000007 0.99854175964657033 3.5000000000000004 36.412500000000016 -0.73866753694953124 79.500000000000014 0.56369777965491019 73.500000000000014 67.500000000000014 0.97407968238158804 67.500000000000014
decision_type=2 2 2 2 2 2 2 2 2 2 2 2 2 2 2 2 2 2 2 2 2 2 2 2 2 2 2 2 2 2
left_child=3 2 28 4 21 10 9 15 14 24 -5 12 -6 -14 22 -4 17 18 20 -10 23 -1 -9 -8 -7 -25 -21 -24 -2 -17
right_child=1 -3 7 5 11 6 16 8 19 -11 -12 -13 13 -15 -16 29 -18 -19 -20 26 -22 -23 27 25 -26 -27 -28 -29 -30 -31
leaf_value=-0.028508645758400064 -0.033151609339942927 -0.12092746638590057 0.043957380494985904 0.074664075264136903 0.16245469377884661 0.049402088585657117 -0.14741621721665865 -0.056252164802480568 -0.048642158338522992 -0.014650431831687172 -0.061293565584918497 0.038544647349012001 -0.0024512849341888909 0.061864365344715115 0.019403690193858836 0.0063927189882932115 -0.035619162584486476 -0.027323742543677556 0.12154984841932333 0.10560890844089102 -0.0072834881286112825 0.036701752479663695 -0.236819920488756 0.09969802815473941 0.1009372969450027 0.0016452059783702566 -0.12654267792034801 0.054873251893040736 -0.16077466251460493 -0.052524000425688659
leaf_weight=1915 1531 7043 8721 1175 3458 6123 123 14954 3042 2211 6292 4732 1767 1691 3381 11701 3350 4739 1261 3167 3487 15003 2912 1757 3935 913 527 449 3640 4348
leaf_count=1915 1531 7043 8721 1175 3458 6123 123 14954 3042 2211 6292 4732 1767 1691 3381 11701 3350 4739 1261 3167 3487 15003 2912 1757 3935 913 527 449 3640 4348
internal_value=0.000515277 -0.0028227 -0.00200221 0.00393074 0.00652699 0.00183368 0.00316768 -0.00121612 -0.00308455 0.00629839 -0.00315053 0.0101434 0.0134615 0.00685367 -0.0045884 0.000928543 0.000710173 0.00235749 0.00594417 0.0017592 0.00320064 0.00403712 -0.00577532 0.00854816 0.00814277 0.0100375 0.00603682 -0.011507 -0.0100899 -0.00093308
internal_weight=129348 65416 58373 63932 28566 35366 27899 53202 28432 12269 7467 11648 6916 3458 21696 24770 15630 12280 7541 6736 6280 16918 18315 2793 10058 2670 3694 3361 5171 16049
internal_count=129348 65416 58373 63932 28566 35366 27899 53202 28432 12269 7467 11648 6916 3458 21696 24770 15630 12280 7541 6736 6280 16918 18315 2793 10058 2670 3694 3361 5171 16049
is_linear=0
shrinkage=0.05


Tree=45
num_leaves=31
num_cat=0
split_feature=8 0 11 4 3 7 3 3 8 10 4 3 11 0 0 0 0 0 10 9 9 10 8 8 4 0 0 0 0 11
split_gain=553.88 197.315 164.03 131.498 109.145 107.712 89.7062 84.591 78.3444 78.0425 89.2359 62.8283 59.2465 59.0226 123.338 55.8449 55.2304 50.0921 52.8344 49.2625 47.7328 48.7745 47.1349 46.8759 46.3529 45.4332 46.4146 45.0819 48.8531 44.8779
threshold=29.750000000000004 19.500000000000004 1.0174574584294211 -0.10837475778693638 -0.099819732675876835 24.087500000000006 -0.98664820696349753 0.70290292807158605 20.550000000000004 1.0000000180025095e-35 0.97461712852231652 0.30983042691905771 0.80519389663381347 45.500000000000007 13.500000000000002 75.500000000000014 35.500000000000007 83.500000000000014 1.0000000180025095e-35 16.601302083333337 29.235937500000002 1.0000000180025095e-35 30.750000000000004 33.350000000000001 0.97648852793709995 63.500000000000007 80.500000000000014 74.500000000000014 53.500000000000007 0.82284707828887094
decision_type=2 2 2 2 2 2 2 2 2 2 2 2 2 2 2 2 2 2 2 2 2 2 2 2 2 2 2 2 2 2
left_child=1 3 4 -1 5 -2 23 13 17 19 -11 -6 -10 14 -4 -13 -8 24 -19 -5 -15 25 -9 -7 -3 -22 -27 28 -24 -14
right_child=2 8 7 9 11 6 16 22 12 10 -12 15 29 20 -16 -17 -18 18 -20 -21 21 -23 27 -25 -26 26 -28 -29 -30 -31
leaf_value=-0.11603960624201051 0.087028856460041493 0.0092856402811818846 -0.12650531068568258 0.17645446029560505 -0.084433091735601817 -0.1287459202286769 0.057964093375973393 -0.10896290240931705 -0.089174505224983144 0.04942217871078896 -0.014896449221686937 0.0058264037194369683 0.21874963967405137 -0.04842062159680225 -0.0046200079461627295 -0.074742088616977759 0.00083241218826373147 0.11981117775978589 -0.0013287986964229505 0.083405318616828344 -0.2313318649743728 -0.17923692348540357 -0.004886228750870459 0.04071176977848126 -0.047179477361252969 0.043689741924807637 -0.18924310005953374 -0.060511195421217683 0.097346935942114507 0.037854388475550144
leaf_weight=720 2340 6912 3637 2460 5273 953 6045 576 760 4540 1060 11080 304 4600 8314 2913 12035 1032 1200 2360 1404 4447 5274 387 4992 1324 1170 2058 2050 27128
leaf_count=720 2340 6912 3637 2460 5273 953 6045 576 760 4540 1060 11080 304 4600 8314 2913 12035 1032 1200 2360 1404 4447 5274 387 4992 1324 1170 2058 2050 27128
internal_value=0.000500201 0.00439796 -0.00224631 0.0103187 -0.000103593 0.00232307 0.00110196 -0.00476846 0.00283973 0.0117466 0.00773214 -0.00284439 0.00436294 -0.00632632 -0.00379257 -0.00109162 0.0020271 -0.000198076 0.00667563 0.0164108 -0.00866551 -0.0109197 -0.000873669 -0.0113806 -0.0014869 -0.00683684 -0.00278669 -2.13174e-05 0.00181595 0.00474446
internal_weight=129348 53468 75880 11140 41026 21760 19420 34854 42328 10420 5600 19266 28192 24896 11951 13993 18080 14136 2232 4820 12945 8345 9958 1340 11904 3898 2494 9382 7324 27432
internal_count=129348 53468 75880 11140 41026 21760 19420 34854 42328 10420 5600 19266 28192 24896 11951 13993 18080 14136 2232 4820 12945 8345 9958 1340 11904 3898 2494 9382 7324 27432
is_linear=0
shrinkage=0.05


Tree=46
num_leaves=31
num_cat=0
split_feature=7 0 0 0 4 0 11 10 4 1 0 10 9 4 0 0 3 0 7 10 0 7 5 4 3 9 11 3 11 0
split_gain=511.495 127.021 125.751 136.989 91.4719 86.9039 85.2515 76.5584 74.6504 72.1691 67.7559 115.047 78.6902 66.5728 62.9773 68.6841 65.5631 58.8773 52.9564 54.0217 51.2281 45.9311 45.6151 44.0476 38.6519 46.5626 46.1511 40.3773 37.5676 33.7433
threshold=26.012500000000006 31.500000000000004 83.500000000000014 6.5000000000000009 0.67644692717078936 46.500000000000007 1.0916629031903622 1.0000000180025095e-35 0.689015599449598 5.5000000000000009 18.500000000000004 1.0000000180025095e-35 14.300520833333335 0.42763731121559989 69.500000000000014 84.500000000000014 0.77788564761185042 79.500000000000014 39.287500000000016 1.0000000180025095e-35 3.5000000000000004 28.112500000000004 1.0000000180025095e-35 0.98332250088165762 -0.96235977360714686 28.778906250000002 0.91987271837397533 0.36648264796514479 0.99880428533532839 57.500000000000007
decision_type=2 2 2 2 2 2 2 2 2 2 2 2 2 2 2 2 2 2 2 2 2 2 2 2 2 2 2 2 2 2
left_child=1 4 3 -2 20 13 9 8 -7 18 11 -6 23 -3 16 -16 29 -10 19 -5 -1 -4 24 -13 -21 -26 -27 -28 -22 -9
right_child=2 5 21 6 10 7 -8 14 17 -11 -12 12 -14 -15 15 -17 -18 -19 -20 22 28 -23 -24 -25 25 26 27 -29 -30 -31
leaf_value=-0.028093321565854978 -0.14615743562519229 0.071088280078532767 -0.050309522617683913 0.016222990902577551 0.14789842002201967 1.0493413284962116e-06 -0.067893170253442756 -0.026347591397417602 0.052992509696592555 0.046053262052826942 0.03590148304956458 0.014155102160178502 0.056799000544282309 -0.056225887933666036 -0.039049982599938464 0.017479585608286642 0.14025364035246854 0.11322012377255533 -0.19244433578412271 -0.075850341181968164 0.054301355807068324 -0.18056708343490016 0.072155063221114799 -0.037752992946880684 0.00085687459692564973 0.08071334181133949 -0.093756150031163096 -0.014301096673109016 0.011164711498065572 0.039800009239047543
leaf_weight=1915 3432 1207 3272 15462 3458 3653 9039 1984 5562 7155 4732 1140 1691 6694 5325 4946 684 2848 1162 2196 8514 3771 1408 627 9575 855 5339 2750 6489 2463
leaf_count=1915 3432 1207 3272 15462 3458 3653 9039 1984 5562 7155 4732 1140 1691 6694 5325 4946 684 2848 1162 2196 8514 3771 1408 627 9575 855 5339 2750 6489 2463
internal_value=0.000485125 0.00366561 -0.00262321 -0.00186173 0.00614542 0.00166261 -0.00125635 0.00299199 0.00597488 -0.000382336 0.00955529 0.0127097 0.00626084 -0.00295849 0.000655759 -0.00160403 0.0051793 0.00856718 -0.00123429 -0.000909272 0.00379773 -0.0089344 -0.00249401 -0.00111771 -0.00308593 -0.00234219 -0.00493627 -0.00610397 0.00478071 0.00296267
internal_weight=129348 63932 65416 58373 28566 35366 54941 27465 12063 45902 11648 6916 3458 7901 15402 10271 5131 8410 38747 37585 16918 7043 22123 1767 20715 18519 8944 8089 15003 4447
internal_count=129348 63932 65416 58373 28566 35366 54941 27465 12063 45902 11648 6916 3458 7901 15402 10271 5131 8410 38747 37585 16918 7043 22123 1767 20715 18519 8944 8089 15003 4447
is_linear=0
shrinkage=0.05


Tree=47
num_leaves=31
num_cat=0
split_feature=8 0 9 4 10 11 3 0 4 4 8 10 0 4 0 11 11 0 0 8 9 4 11 11 7 0 10 0 0 11
split_gain=480.38 159.866 101.703 122.287 107.781 80.6464 83.3856 72.9096 57.8726 54.8334 59.2986 58.4335 97.1125 52.7859 52.1543 52.128 62.3769 52.1162 58.8262 48.0176 46.0459 54.7663 45.7039 48.8384 43.951 41.2224 49.2286 42.3648 39.9604 38.4812
threshold=31.150000000000002 30.500000000000004 33.187500000000007 -0.99273797715557011 1.0000000180025095e-35 0.87215561018691867 0.36648264796514479 92.500000000000014 0.12332734741173625 0.67644692717078936 20.200000000000006 1.0000000180025095e-35 17.500000000000004 0.98332250088165762 6.5000000000000009 0.80519389663381347 0.97505701307780457 84.500000000000014 13.500000000000002 37.350000000000001 13.811458333333336 -0.091258822863740666 1.0267603807040537 1.0042124936396728 37.51250000000001 48.500000000000007 1.0000000180025095e-35 72.500000000000014 32.500000000000007 1.0081730995520795
decision_type=2 2 2 2 2 2 2 2 2 2 2 2 2 2 2 2 2 2 2 2 2 2 2 2 2 2 2 2 2 2
left_child=1 9 3 -2 15 -6 22 20 19 14 11 12 -11 -13 -1 -5 28 18 -4 -8 25 -22 23 -7 -20 -3 -27 -28 -17 -23
right_child=2 7 17 4 5 6 8 -9 -10 10 -12 13 -14 -15 -16 16 -18 -19 24 -21 21 29 -24 -25 -26 26 27 -29 -30 -31
leaf_value=-0.015388749174591966 -0.12923004605263771 -0.082716710392734427 -0.20313988841321803 -0.31847462869190296 0.075513702680139266 -0.056828882712884624 0.020045946412520266 0.080055390349428282 -0.068869178872441247 0.15405109028154274 0.076708379130349169 0.021775297442292188 -0.0040767908996684815 -0.032431047469315646 0.045255711061129494 0.091801589306603412 -0.00049581771155260412 -0.34567792292134741 -0.014026921304760265 -0.060593945722742154 -0.01531043865435322 0.040596248758396319 -0.10081389642238037 0.030588943224724122 -0.156349783451779 0.050421357083660467 0.0094488704586467524 -0.056467064413191541 0.039611421342108599 0.0036144367185322324
leaf_weight=2240 3634 2808 1226 384 1709 7756 8921 2052 1344 1368 5983 1953 988 992 7680 2310 13434 958 3771 2579 6445 17917 6707 2112 2433 3080 2064 1720 4410 8370
leaf_count=2240 3634 2808 1226 384 1709 7756 8921 2052 1344 1368 5983 1953 988 992 7680 2310 13434 958 3771 2579 6445 17917 6707 2112 2433 3080 2064 1720 4410 8370
internal_value=0.000463092 0.00346406 -0.00263079 -0.00185262 -0.00122905 -0.00308404 -0.00369744 0.00176017 -0.000673466 0.00703641 0.00942042 0.0055697 0.0114389 0.000874363 0.0043246 0.00158243 0.00193014 -0.00776109 -0.0063459 0.000473913 0.00131473 0.00221038 -0.00604072 -0.00387617 -0.00436815 -0.00171629 0.000371503 -0.00344873 0.0058631 0.00322308
internal_weight=129348 65660 63688 55300 51666 31128 29419 44456 12844 21204 11284 5301 2356 2945 9920 20538 20154 8388 7430 11500 42404 32732 16575 9868 6204 9672 6864 3784 6720 26287
internal_count=129348 65660 63688 55300 51666 31128 29419 44456 12844 21204 11284 5301 2356 2945 9920 20538 20154 8388 7430 11500 42404 32732 16575 9868 6204 9672 6864 3784 6720 26287
is_linear=0
shrinkage=0.05


Tree=48
num_leaves=31
num_cat=0
split_feature=8 0 11 8 4 10 0 0 11 0 9 4 0 0 3 3 8 11 0 9 0 10 4 0 10 7 10 3 3 4
split_gain=436.547 147.27 96.5658 91.2572 98.2729 85.0909 67.2045 61.4793 54.8696 52.3427 67.3297 61.4143 52.6926 98.2225 71.9355 51.1258 101.616 55.9378 55.1626 49.7217 49.696 46.6179 43.2625 41.3862 118.633 66.1876 54.4106 64.5 40.7655 75.1897
threshold=31.150000000000002 31.500000000000004 1.0916629031903622 39.45000000000001 -0.99465740988130902 1.0000000180025095e-35 93.500000000000014 71.500000000000014 0.80519389663381347 46.500000000000007 25.23463541666667 0.51113019672828186 70.500000000000014 79.500000000000014 -0.03977009085991149 -0.95244167294248061 32.95000000000001 1.0635821354874333 9.5000000000000018 20.793750000000006 2.5000000000000004 1.0000000180025095e-35 -0.61915584096709908 17.500000000000004 1.0000000180025095e-35 25.812500000000004 1.0000000180025095e-35 0.76696112484652035 0.86548282553247169 0.089118976521498999
decision_type=2 2 2 2 2 2 2 2 2 2 2 2 2 2 2 2 2 2 2 2 2 2 2 2 2 2 2 2 2 2
left_child=1 20 3 4 -2 8 9 15 -6 11 12 -3 -11 -14 -15 16 -7 -18 -17 -16 21 -1 -4 24 -22 -26 27 -25 -10 -30
right_child=2 6 22 -5 5 7 -8 -9 28 10 -12 -13 13 14 19 18 17 -19 -20 -21 23 -23 -24 26 25 -27 -28 -29 29 -31
leaf_value=0.057056959905898458 -0.1114083211673787 0.034780351711360423 -0.10623082956407687 -0.10723773023267286 -0.30255089725730716 -0.11792040664666388 0.089365258959124824 -0.062088429854679821 0.042502357195809283 0.047275552271683098 -0.01832133604952375 -0.054887259732416288 -0.033870274311541236 0.063902626887000477 0.016969388089929538 -0.058561733422309463 0.14714595992597454 -0.13301257780687123 0.012754401231910607 -0.064554846044303102 0.11828438383595881 -0.038692404411406756 -0.004982084269954612 0.031902469646080789 0.03287203061917339 -0.12498873517605064 0.045534566447590664 -0.13976122188448487 -0.05318514429831183 0.13328880787095088
leaf_weight=849 2870 3705 8820 6097 384 1368 1368 6532 14016 13244 6204 6555 4968 3402 3738 2426 648 144 15018 588 4245 1203 2199 3500 5508 507 5614 462 2686 480
leaf_count=849 2870 3705 8820 6097 384 1368 1368 6532 14016 13244 6204 6555 4968 3402 3738 2426 648 144 15018 588 4245 1203 2199 3500 5508 507 5614 462 2686 480
internal_value=0.000442604 0.00330338 -0.00250675 -0.00161623 -0.00086318 -0.000274587 0.0016289 -0.00208333 0.0024166 0.001277 0.00226947 -0.00183236 0.00338859 0.00108696 0.0046131 -0.000683534 -0.00793981 0.00631313 0.000214974 0.000335183 0.00665205 -0.000755361 -0.00676332 0.00741833 0.00962476 0.00510806 0.0050543 0.000567895 0.00283436 -0.00228996
internal_weight=129348 65660 63688 52669 46572 43702 43772 26136 17566 42404 32144 10260 25940 12696 7728 19604 2160 792 17444 4326 21888 2052 11019 19836 10260 6015 9576 3962 17182 3166
internal_count=129348 65660 63688 52669 46572 43702 43772 26136 17566 42404 32144 10260 25940 12696 7728 19604 2160 792 17444 4326 21888 2052 11019 19836 10260 6015 9576 3962 17182 3166
is_linear=0
shrinkage=0.05


Tree=49
num_leaves=31
num_cat=0
split_feature=9 0 0 0 0 10 0 0 3 0 0 3 0 10 9 0 3 4 0 10 8 10 0 0 0 3 3 9 0 4
split_gain=400.756 145.798 96.243 94.5076 89.6115 88.8078 81.5088 74.172 62.3852 61.012 56.7683 56.7645 52.9366 55.4719 51.6951 47.6991 45.3151 45.0337 56.6586 46.6021 43.2899 42.6734 42.5952 41.1829 49.4015 40.2845 38.1844 37.9592 37.1611 35.8491
threshold=27.961718750000006 32.500000000000007 47.500000000000007 84.500000000000014 3.5000000000000004 1.0000000180025095e-35 40.500000000000007 20.500000000000004 0.7090011537757156 68.500000000000014 32.500000000000007 -0.91936887716170002 3.5000000000000004 1.0000000180025095e-35 33.072916666666671 87.500000000000014 0.93845596220871974 -0.83375966452616657 66.500000000000014 1.0000000180025095e-35 36.850000000000001 1.0000000180025095e-35 73.500000000000014 79.500000000000014 72.500000000000014 0.9053161325100999 0.87397152483179585 10.710937500000002 56.500000000000007 0.86869874770991873
decision_type=2 2 2 2 2 2 2 2 2 2 2 2 2 2 2 2 2 2 2 2 2 2 2 2 2 2 2 2 2 2
left_child=1 12 27 4 -2 8 7 14 23 11 -9 -7 13 -1 21 29 -5 18 20 -20 -8 -6 25 24 -4 -10 -12 -3 -13 -11
right_child=3 2 5 16 6 9 17 10 22 15 26 28 -14 -15 -16 -17 -18 -19 19 -21 -22 -23 -24 -25 -26 -27 -28 -29 -30 -31
leaf_value=0.054180630769403139 -0.14236620872002775 -0.19309657039369058 0.064013504973762278 -0.12778131802180184 0.028145872353499614 -0.049757312396073422 -0.0777251552272233 0.057870797968162441 -0.028220452321636461 -0.0160807534178403 0.0042616241341875138 0.015203568410256453 0.043820451500519657 -0.032918567793484503 -0.11017335935768387 0.018205425700879376 0.081403221201250639 -0.017949557464510237 0.036091550750957428 -0.073615009129052569 -0.24538324558875219 -0.035475648350640654 -0.06034484135660776 0.086512893718438025 -0.02308753717548058 0.082587484117370033 -0.17662906169257653 -0.024152795503579228 0.057490668655626111 -0.052436823146923932
leaf_weight=1284 2204 450 6425 5697 3145 1659 4693 6623 726 6897 4050 3570 23108 1904 1578 3808 363 12060 2286 2670 2483 4643 1408 4112 1799 936 352 11505 4763 2147
leaf_count=1284 2204 450 6425 5697 3145 1659 4693 6623 726 6897 4050 3570 23108 1904 1578 3808 363 12060 2286 2670 2483 4643 1408 4112 1799 936 352 11505 4763 2147
internal_value=0.000428302 0.00274147 0.00116174 -0.00292022 -0.00215925 0.00238562 -0.00167272 0.000655927 0.00531936 0.000407109 0.00343537 0.00333767 0.00575753 -0.000282309 -0.00261584 -0.0018713 -0.00879538 -0.0036355 -0.00578635 -0.00167474 -0.00862598 -0.00094376 -0.00105863 0.00690661 0.00486381 0.00436221 -0.00096547 -0.00275408 0.0050192 -0.00384785
internal_weight=129348 76501 50205 52847 46787 38250 44583 20391 15406 22844 11025 9992 26296 3188 9366 12852 6060 24192 12132 4956 7176 7788 3070 12336 8224 1662 4402 11955 8333 9044
internal_count=129348 76501 50205 52847 46787 38250 44583 20391 15406 22844 11025 9992 26296 3188 9366 12852 6060 24192 12132 4956 7176 7788 3070 12336 8224 1662 4402 11955 8333 9044
is_linear=0
shrinkage=0.05


Tree=50
num_leaves=31
num_cat=0
split_feature=8 0 11 4 3 4 10 9 8 0 3 0 0 9 11 0 0 8 11 4 10 9 10 0 0 7 4 3 3 0
split_gain=371.854 135.097 123.965 113.47 91.2389 88.489 82.2833 73.7935 68.9682 66.1137 65.6336 50.7765 104.347 50.1557 49.7434 49.6687 52.9629 48.9593 46.9932 43.6526 42.4234 39.0687 44.7654 41.9681 39.5756 37.831 38.7204 40.6204 37.3306 36.8178
threshold=29.750000000000004 18.500000000000004 1.0174574584294211 -0.10837475778693638 -0.099819732675876835 0.29137697329261131 1.0000000180025095e-35 14.300520833333335 20.550000000000004 33.500000000000007 0.70290292807158605 45.500000000000007 12.500000000000002 16.601302083333337 0.80519389663381347 77.500000000000014 10.500000000000002 30.750000000000004 0.82284707828887094 0.98005052076767474 1.0000000180025095e-35 29.235937500000002 1.0000000180025095e-35 62.500000000000007 77.500000000000014 38.562500000000007 0.17435360825960186 0.30983042691905771 -0.87395131947920313 73.500000000000014
decision_type=2 2 2 2 2 2 2 2 2 2 2 2 2 2 2 2 2 2 2 2 2 2 2 2 2 2 2 2 2 2
left_child=1 3 4 -1 5 9 13 -8 19 20 11 12 -4 -5 -10 16 -6 -12 -16 -3 -2 28 23 -23 -25 26 27 -18 -13 -19
right_child=2 8 10 6 15 -7 7 -9 14 -11 17 21 -14 -15 18 -17 25 29 -20 -21 -22 22 -24 24 -26 -27 -28 -29 -30 -31
leaf_value=-0.11725160737865964 0.086583908407128263 0.011910033880595706 -0.11332603770334942 0.14935160162224009 -0.066221167493804953 0.079177712558320942 -0.0073026728201156747 0.047906552049863653 -0.088255765745880413 -0.011000842745295359 -0.1064322046416642 -0.08750713163409217 -0.0010960705161849661 0.067573170135437982 0.20277949174655918 -0.087172021932794053 -0.033897990563557558 0.017370468641653505 0.031018915306303543 -0.033751085969908702 0.016668705762387503 -0.21379312023228891 -0.15290023251670562 0.049526612977918209 -0.13664252814293151 -0.17781560988462816 -0.089166260232627803 0.030158653288548012 -0.0037978655350016767 -0.050035596607673941
leaf_weight=684 2822 8932 3377 2337 2208 2400 1767 3553 770 12509 576 1750 8574 2242 308 3611 3510 7226 27485 5390 4029 1326 4447 1169 1403 653 469 8815 2850 2156
leaf_count=684 2822 8932 3377 2337 2208 2400 1767 3553 770 12509 576 1750 8574 2242 308 3611 3510 7226 27485 5390 4029 1326 4447 1169 1403 653 469 8815 2850 2156
internal_value=0.000404722 0.00359841 -0.00184568 0.00865775 1.70624e-05 0.00223575 0.0100187 0.00578947 0.00234989 0.00111312 -0.00403827 -0.00541051 -0.00306041 0.0149323 0.00376974 -0.00248884 -0.00126956 -0.000607552 0.00411704 -0.000481776 0.0050613 -0.00758015 -0.00961953 -0.00570806 -0.00198289 -9.10984e-05 0.000508051 0.00104462 -0.00388043 0.000261138
internal_weight=129348 53468 75880 10583 41026 21760 9899 5320 42885 19360 34854 24896 11951 4579 28563 19266 15655 9958 27793 14322 6851 12945 8345 3898 2572 13447 12794 12325 4600 9382
internal_count=129348 53468 75880 10583 41026 21760 9899 5320 42885 19360 34854 24896 11951 4579 28563 19266 15655 9958 27793 14322 6851 12945 8345 3898 2572 13447 12794 12325 4600 9382
is_linear=0
shrinkage=0.05


Tree=51
num_leaves=31
num_cat=0
split_feature=7 0 0 0 1 0 7 4 0 10 9 3 0 4 0 10 0 0 0 3 4 3 4 0 3 9 9 9 10 11
split_gain=346.418 102.687 115.208 87.038 70.1223 69.9286 66.578 61.2436 56.5873 114.727 64.1168 54.4944 61.3589 53.9097 65.0945 51.7523 47.9958 71.2354 100.392 59.7446 57.1538 52.6515 45.3932 42.3216 38.6104 38.3698 39.62 38.1272 37.5141 36.2965
threshold=26.012500000000006 85.500000000000014 7.5000000000000009 31.500000000000004 5.5000000000000009 92.500000000000014 29.812500000000004 0.67644692717078936 17.500000000000004 1.0000000180025095e-35 14.300520833333335 0.9053161325100999 43.500000000000007 0.14037931941357643 71.500000000000014 1.0000000180025095e-35 45.500000000000007 72.500000000000014 79.500000000000014 -0.022576249993022688 0.42763731121559989 0.42958674266195179 0.63755505330306683 4.5000000000000009 0.87397152483179585 20.617187500000004 26.947656250000005 32.288020833333341 1.0000000180025095e-35 1.1135526900622577
decision_type=2 2 2 2 2 2 2 2 2 2 2 2 2 2 2 2 2 2 2 2 2 2 2 2 2 2 2 2 2 2
left_child=3 2 -2 7 6 16 15 23 9 -9 -11 29 -13 14 -14 24 20 21 -19 22 -5 -18 -20 -1 -4 -21 -27 28 -3 -8
right_child=1 27 4 5 -6 -7 11 8 -10 10 -12 12 13 -15 -16 -17 17 18 19 25 -22 -23 -24 -25 -26 26 -28 -29 -30 -31
leaf_value=-0.019788612597670865 -0.11824990617911482 -0.0045471996719051331 0.048644286244582703 0.063421730060981937 0.035086526058216806 0.069504346037001605 -0.044612292535472879 0.12257809784350115 0.026829028036762993 -0.0073348672483106725 0.045520444184180067 -0.14856757493221623 0.12001254162841875 -0.093367272743129351 -0.17241627081032221 -0.012734142372978853 0.017090366064692119 -0.054577163691752875 0.0096079670099257445 0.01125920508507079 -0.052499205429831622 0.069275180837198039 0.063076444776703516 0.028159353450129744 -0.052294696798042398 -0.072300533027394212 0.058681817899044121 -0.2855532025011655 -0.10322200810300473 -0.11681159507743147
leaf_weight=2419 3883 1654 6733 1175 8438 2423 20559 3276 5096 1674 1602 468 2002 338 243 13667 7502 4352 2009 3380 6292 4174 2288 14499 690 1344 427 1271 2844 2626
leaf_count=2419 3883 1654 6733 1175 8438 2423 20559 3276 5096 1674 1602 468 2002 338 243 13667 7502 4352 2009 3380 6292 4174 2288 14499 690 1344 427 1271 2844 2626
internal_value=0.000386554 -0.00217149 -0.0015554 0.00300397 -0.00097554 0.00134593 -0.00172421 0.00505671 0.00784684 0.0109203 0.00430403 -0.00340563 0.00287611 0.00589431 0.0086971 0.000367473 0.00074295 0.00177618 -0.000655797 0.00223857 -0.00278224 0.00465057 0.00659181 0.00313571 0.00372828 -0.00139293 -0.0073546 -0.00854134 -0.00638061 -0.00423226
internal_weight=129348 65416 59647 63932 55764 35366 47326 28566 11648 6552 3276 26236 3051 2583 2245 21090 32943 25476 13800 9448 7467 11676 4297 16918 7423 5151 1771 5769 4498 23185
internal_count=129348 65416 59647 63932 55764 35366 47326 28566 11648 6552 3276 26236 3051 2583 2245 21090 32943 25476 13800 9448 7467 11676 4297 16918 7423 5151 1771 5769 4498 23185
is_linear=0
shrinkage=0.05


Tree=52
num_leaves=31
num_cat=0
split_feature=8 0 11 8 4 10 11 3 4 0 4 11 9 10 0 9 11 1 4 11 4 0 0 3 4 0 0 4 11 11
split_gain=322.553 107.392 82.2951 75.3891 76.9053 70.5722 58.0778 61.3407 63.4845 53.732 51.0703 49.7882 48.4411 44.8412 108.983 78.7746 43.6105 41.7189 38.9207 40.2193 38.6693 38.3174 43.1673 38.3102 71.537 47.0778 37.0806 35.585 34.6073 38.1222
threshold=31.150000000000002 28.500000000000004 1.0916629031903622 39.45000000000001 -0.99465740988130902 1.0000000180025095e-35 0.87215561018691867 0.36648264796514479 0.12332734741173625 93.500000000000014 0.67644692717078936 0.80519389663381347 9.2812500000000018 1.0000000180025095e-35 17.500000000000004 14.300520833333335 1.0003514375846063 5.5000000000000009 -0.54219087765047058 1.1016663470368233 -0.93845867424155849 12.500000000000002 81.500000000000014 0.86548282553247169 0.089118976521498999 32.500000000000007 63.500000000000007 0.98332250088165762 0.81414011311459489 0.99547686574958993
decision_type=2 2 2 2 2 2 2 2 2 2 2 2 2 2 2 2 2 2 2 2 2 2 2 2 2 2 2 2 2 2
left_child=1 10 3 4 -2 11 20 -8 -9 12 16 -6 -3 14 -12 27 -1 28 -4 -20 -7 -5 -23 25 -25 -13 -27 -15 -14 -30
right_child=2 9 18 21 5 6 7 8 -10 -11 13 23 17 15 -16 -17 -18 -19 19 -21 -22 22 -24 24 -26 26 -28 -29 29 -31
leaf_value=0.040192335025642484 -0.099660575516261937 -0.087858199702394307 -0.090552505498193631 -0.17030199702466151 -0.28930841480892439 0.1808883514016941 -0.048081748449406804 0.015324220456624005 -0.062549168605299604 0.079863205986892186 0.11644919295132468 0.066253020898182774 -0.085062384745085498 0.012063158670111563 0.030351046111712066 0.044647746530358745 -0.010072634660565427 0.047796003770264411 -0.095056664145968028 0.037542536226737866 0.026884432295231877 -0.043688133165525757 -0.22850161942233316 -0.051899033890932603 0.12787412147220395 -0.016918231336530455 0.056928430501774589 -0.030820826334272057 0.024652209981596229 -0.004159577482700883
leaf_weight=6119 2870 780 9195 826 384 462 13306 9777 1344 1368 3276 4818 1040 1740 2002 2581 3161 6497 384 1440 1247 4388 883 2686 480 4526 4672 957 17289 18850
leaf_count=6119 2870 780 9195 826 384 462 13306 9777 1344 1368 3276 4818 1040 1740 2002 2581 3161 6497 384 1440 1247 4388 883 2686 480 4526 4672 957 17289 18850
internal_value=0.000368386 0.00282744 -0.00216681 -0.00134472 -0.000660268 -0.000139582 -0.00178681 -0.00241024 0.000330456 0.00149703 0.00590089 0.00231128 0.00119669 0.00827965 0.0115385 0.00502084 0.00319504 0.00141725 -0.00609629 0.000575658 0.00712405 -0.0065729 -0.00500379 0.00270923 -0.00225837 0.00383134 0.00173407 -0.000954765 0.000771269 0.00103005
internal_weight=129348 65660 63688 52669 46572 43702 26136 24427 11121 45824 19836 17566 44456 10556 5278 5278 9280 43676 11019 1824 1709 6097 5271 17182 3166 14016 9198 2697 37179 36139
internal_count=129348 65660 63688 52669 46572 43702 26136 24427 11121 45824 19836 17566 44456 10556 5278 5278 9280 43676 11019 1824 1709 6097 5271 17182 3166 14016 9198 2697 37179 36139
is_linear=0
shrinkage=0.05


Tree=53
num_leaves=31
num_cat=0
split_feature=4 0 10 0 0 0 0 0 11 11 9 0 8 0 10 3 0 3 8 9 10 0 0 3 3 8 10 4 3 0
split_gain=296.314 143.957 116.893 96.8423 117.304 67.3362 125.995 66.8632 66.7962 57.6013 56.1442 51.7926 61.0277 51.2769 47.1662 46.3644 62.1209 41.7466 41.1834 62.1462 83.1503 61.1017 47.1426 46.8837 40.4211 39.0309 37.6236 41.424 40.1186 36.4324
threshold=-0.13398942717002907 18.500000000000004 1.0000000180025095e-35 77.500000000000014 4.5000000000000009 35.500000000000007 23.500000000000004 92.500000000000014 0.97407968238158804 0.99750193819539412 16.601302083333337 64.500000000000014 33.45000000000001 5.5000000000000009 1.0000000180025095e-35 0.96465729447553372 43.500000000000007 -0.96235977360714686 29.650000000000002 18.633333333333336 1.0000000180025095e-35 47.500000000000007 35.500000000000007 0.54940630780725741 0.63257020223555627 34.150000000000013 1.0000000180025095e-35 0.689015599449598 -0.75015329512557205 31.500000000000004
decision_type=2 2 2 2 2 2 2 2 2 2 2 2 2 2 2 2 2 2 2 2 2 2 2 2 2 2 2 2 2 2
left_child=3 2 10 4 -1 6 8 9 -6 -3 -2 12 17 -4 -13 -14 -17 -7 19 20 21 -11 -22 -24 -25 -20 27 28 -21 -8
right_child=1 7 13 -5 5 11 29 -9 -10 18 -12 14 15 -15 -16 16 -18 -19 25 26 22 -23 23 24 -26 -27 -28 -29 -30 -31
leaf_value=-0.11144545095994972 0.13001038055375033 0.026000652887546494 -0.014267183865401734 -0.068090047985324989 0.029862066241999233 -0.092121548665997477 0.085290828736400218 0.071405697630571294 -0.038995877145362103 -0.028220109874412459 0.051545074645172662 0.067444007556716201 -0.093922161333077278 0.027724844682623484 -0.021690941123407016 -0.18035617239036983 0.14798423087245 0.0088400219641812331 -0.043606320844230599 0.089526329769871182 0.012597081455465543 0.062793727919513029 -0.062535625854417284 0.079126189797464275 -0.023106209918839937 0.038370160749411755 0.058207070512653308 0.077948411415289354 -0.066583634896812072 0.02010371367747581
leaf_weight=3295 2337 24271 2316 11851 4331 783 5280 2067 8186 2842 3420 3431 10385 5018 5115 152 399 7359 6068 296 1768 4410 4902 342 684 1258 2516 666 962 2638
leaf_count=3295 2337 24271 2316 11851 4331 783 5280 2067 8186 2842 3420 3431 10385 5018 5115 152 399 7359 6068 296 1768 4410 4902 342 684 1258 2516 666 962 2638
internal_value=0.000368773 0.00270815 0.00740394 -0.00207934 -0.00113915 -0.000513431 0.00166259 0.00154942 -0.00146001 0.00119202 0.0127367 -0.00212315 -0.00357218 0.00321789 0.00111163 -0.00601225 0.0081216 -0.000294768 -0.000409897 0.000796885 -0.000745919 0.0030957 -0.0043659 -0.00650304 0.00321637 -0.0036036 0.00599099 0.000727651 -0.00461049 0.00659889
internal_weight=129348 66143 13091 63205 51354 48059 20435 53052 12517 50985 5757 27624 19078 7334 8546 10936 551 8142 26714 19388 14948 7252 7696 5928 1026 7326 4440 1924 1258 7918
internal_count=129348 66143 13091 63205 51354 48059 20435 53052 12517 50985 5757 27624 19078 7334 8546 10936 551 8142 26714 19388 14948 7252 7696 5928 1026 7326 4440 1924 1258 7918
is_linear=0
shrinkage=0.05


Tree=54
num_leaves=31
num_cat=0
split_feature=7 0 0 0 0 1 9 3 10 11 3 10 7 10 0 3 0 0 4 0 3 3 7 4 10 0 0 11 3 4
split_gain=274.894 88.6514 97.3599 78.0956 66.5657 65.5719 55.9383 68.608 65.7818 71.7306 52.1904 51.3742 50.3228 55.8305 56.3178 49.3872 59.4354 48.7452 46.9697 55.1363 46.2521 49.0267 45.2668 44.4218 42.2956 117.841 61.159 42.9658 41.1285 41.0458
threshold=25.912500000000005 3.5000000000000004 83.500000000000014 32.500000000000007 44.500000000000007 5.5000000000000009 20.617187500000004 0.82899317702918729 1.0000000180025095e-35 0.99415218657029769 0.74443451080969758 1.0000000180025095e-35 30.012500000000006 1.0000000180025095e-35 21.500000000000004 0.9053161325100999 42.500000000000007 84.500000000000014 0.14037931941357643 71.500000000000014 -0.03977009085991149 -0.70291267844185523 28.112500000000004 0.84658398682345093 1.0000000180025095e-35 17.500000000000004 5.5000000000000009 1.0480714376785738 0.77788564761185042 0.42763731121559989
decision_type=2 2 2 2 2 2 2 2 2 2 2 2 2 2 2 2 2 2 2 2 2 2 2 2 2 2 2 2 2 2
left_child=3 -2 5 10 29 12 7 8 17 20 24 -9 13 -3 -15 -14 -17 -6 19 -18 21 -10 -4 -11 25 -1 -26 -28 -22 -5
right_child=1 2 22 4 6 -7 -8 11 9 23 -12 -13 15 14 -16 16 18 -19 -20 -21 28 -23 -24 -25 26 -27 27 -29 -30 -31
leaf_value=0.091943520857577718 -0.14656207039062394 0.030633606673579551 -0.031371646368761219 0.056218061449632734 0.036555033231108779 0.034842455383814301 -0.011658900275878637 0.017573198228809161 -0.141120201584193 0.019454327491209258 0.0068884141359944811 0.11278339326861726 -0.051168242895055019 -0.083521145093313723 -0.0008556173551809821 -0.15068434356343091 0.10934922622982413 0.097307903777878846 -0.087635589905069367 -0.18001116782316728 -0.0055369340284755712 0.10253234036176764 -0.14217918826570183 -0.04157383849591767 -0.019008560423731072 0.022637326171172846 0.035686509696122928 -0.0096668817438768442 0.13110467532357148 -0.059157831508244385
leaf_weight=4950 2075 8238 3373 909 6973 8609 7498 694 88 1792 7678 1033 22178 3306 11705 380 2031 1969 332 214 2114 1245 3771 4386 2090 4032 8569 1468 255 5393
leaf_count=4950 2075 8238 3373 909 6973 8609 7498 694 88 1792 7678 1033 22178 3306 11705 380 2031 1969 332 214 2114 1245 3771 4386 2090 4032 8569 1468 255 5393
internal_value=0.000362201 -0.00188863 -0.00155955 0.00272269 0.00111284 -0.000869844 0.0021562 0.00350504 0.0026299 -0.000182186 0.00464359 0.0130428 -0.00158523 9.14018e-05 -0.00172374 -0.00313607 0.00293372 0.00573697 0.0056558 0.00825167 0.00532145 0.0127719 -0.00706187 -0.00348009 0.00592757 0.00852817 0.0040014 0.0056217 0.00112917 -0.00353063
internal_weight=129348 66212 64137 63136 34349 56993 28047 20549 18822 9880 28787 1727 48384 23249 15011 25135 2957 8942 2577 2245 3702 1333 7144 6178 21109 8982 12127 10037 2369 6302
internal_count=129348 66212 64137 63136 34349 56993 28047 20549 18822 9880 28787 1727 48384 23249 15011 25135 2957 8942 2577 2245 3702 1333 7144 6178 21109 8982 12127 10037 2369 6302
is_linear=0
shrinkage=0.05


Tree=55
num_leaves=31
num_cat=0
split_feature=7 0 0 0 0 9 3 10 9 1 10 3 0 7 3 0 3 3 10 0 9 0 9 0 8 10 8 4 4 0
split_gain=254.461 84.761 95.1524 65.9584 80.7135 54.6001 64.2789 59.6145 64.6454 53.816 53.141 48.2387 49.1799 47.7311 46.8097 45.4589 42.6842 39.2205 44.4302 67.7606 49.4792 51.5414 38.3559 37.2907 37.1518 36.1145 36.0845 38.2048 35.0007 40.1544
threshold=26.287500000000005 85.500000000000014 7.5000000000000009 34.500000000000007 44.500000000000007 20.617187500000004 0.82899317702918729 1.0000000180025095e-35 17.789062500000004 5.5000000000000009 1.0000000180025095e-35 0.7090011537757156 85.500000000000014 29.612500000000004 -0.78326540922535159 2.5000000000000004 0.96465729447553372 0.74443451080969758 1.0000000180025095e-35 17.500000000000004 21.109114583333337 22.500000000000004 33.187500000000007 43.500000000000007 20.550000000000004 1.0000000180025095e-35 34.250000000000007 0.63755505330306683 0.14037931941357643 72.500000000000014
decision_type=2 2 2 2 2 2 2 2 2 2 2 2 2 2 2 2 2 2 2 2 2 2 2 2 2 2 2 2 2 2
left_child=3 2 -2 15 -5 6 7 11 -9 13 -8 12 24 25 -10 -1 -15 -17 19 -19 -20 -22 -3 -18 -6 -4 27 -7 29 -25
right_child=1 22 9 4 5 26 10 8 14 -11 -12 -13 -14 16 -16 17 23 18 20 -21 21 -23 -24 28 -26 -27 -28 -29 -30 -31
leaf_value=-0.011630462583134006 -0.10955628480042989 -0.068363378106312211 0.031494555204795209 -0.056357138449853045 0.011667207919532531 -0.027071893011583373 0.015164771044693737 -0.014859660367572048 -0.10881585855367036 0.032885243503191934 0.10759347672412503 -0.047951052961613533 0.10041457863558918 -0.042516295226063511 0.060577776526491794 0.038596122586326234 -0.14351055806056864 0.023629533113648196 0.06175961380685635 -0.099576302093613123 -0.014675214903493839 0.057177375626636717 -0.29418328397394616 0.11263268044567668 0.067690390621150703 -0.010060738617902132 0.080471463040881736 0.044164464448100918 -0.059894819031870133 -0.20777633580191265
leaf_weight=2590 3648 4615 6568 5218 3526 6859 727 7752 123 8174 1052 797 1630 25185 2095 21604 304 1326 1184 1244 2542 1177 871 1405 3053 12134 646 908 254 137
leaf_count=2590 3648 4615 6568 5218 3526 6859 727 7752 123 8174 1052 797 1630 25185 2095 21604 304 1326 1184 1244 2542 1177 871 1405 3053 12134 646 908 254 137
internal_value=0.000348672 -0.00191682 -0.00135316 0.00251957 0.00100332 0.00202791 0.0034052 0.00255323 -0.000110331 -0.000826702 0.012493 0.00550189 0.0066421 -0.00149118 0.00741659 0.00416601 -0.00282481 0.0047314 0.00160913 -0.00371595 0.00440037 0.00156628 -0.00785636 0.00402381 0.00471576 0.000454497 -0.0013699 -0.00231428 0.00676503 0.00959792
internal_weight=129348 63295 57809 66053 34386 29168 20755 18976 9970 54161 1779 9006 8209 45987 2218 31667 27285 29077 7473 2570 4903 3719 5486 2100 6579 18702 8413 7767 1796 1542
internal_count=129348 63295 57809 66053 34386 29168 20755 18976 9970 54161 1779 9006 8209 45987 2218 31667 27285 29077 7473 2570 4903 3719 5486 2100 6579 18702 8413 7767 1796 1542
is_linear=0
shrinkage=0.05


Tree=56
num_leaves=31
num_cat=0
split_feature=9 0 0 0 0 4 11 0 0 0 0 4 3 4 0 0 3 0 4 8 4 4 10 9 8 5 10 11 9 10
split_gain=233.277 93.5693 85.8026 77.5821 111.794 80.1983 64.9649 61.4017 58.7005 56.623 49.3917 52.3443 45.1173 44.4717 41.6749 40.9743 39.0409 35.9378 35.5393 51.6777 41.2778 35.2597 34.4611 33.5536 29.8702 31.5305 29.5399 29.3674 29.5375 29.0985
threshold=28.905208333333334 34.500000000000007 50.500000000000007 71.500000000000014 80.500000000000014 0.089118976521498999 0.96615771278393059 83.500000000000014 5.5000000000000009 2.5000000000000004 42.500000000000007 -0.9292178835113839 0.9053161325100999 -0.70900320270980455 22.500000000000004 31.500000000000004 -0.03977009085991149 67.500000000000014 -0.98521978256641018 38.850000000000001 -0.48313741114591585 0.29137697329261131 1.0000000180025095e-35 10.710937500000002 33.45000000000001 1.0000000180025095e-35 1.0000000180025095e-35 0.7641759112864478 28.997135416666673 1.0000000180025095e-35
decision_type=2 2 2 2 2 2 2 2 2 2 2 2 2 2 2 2 2 2 2 2 2 2 2 2 2 2 2 2 2 2
left_child=1 9 23 12 -5 -6 18 8 -8 26 14 17 21 -9 -10 -16 -7 -12 -2 20 27 -4 -19 -3 25 -25 -1 -20 -29 -18
right_child=6 2 3 4 5 16 7 13 10 -11 11 -13 -14 -15 15 -17 29 22 19 -21 -22 -23 -24 24 -26 -27 -28 28 -30 -31
leaf_value=0.026517002643748813 -0.052509110810550652 -0.17889806547959353 0.00083027916330848941 -0.041541956166788199 -0.027211642729113097 0.052374700678787182 -0.12576238129014713 -0.17203301195864498 -0.032006341454676603 0.029947380012660577 -0.17622546491573773 -0.024423918731110206 0.092080757080992726 -0.019489090767812203 0.066691439411825121 -0.013538667789342896 0.053720362309030635 0.043711195997048695 -0.28999488092955444 -0.13138516281106691 -0.084087157640105659 0.037945474429523784 -0.09052243805255529 -0.024872703150949606 -0.10978035536332982 0.074499528225804565 -0.040426492320793275 -0.1049098280083065 0.081017720462392626 -0.0078614393358535043
leaf_weight=1053 2208 480 6211 8316 4648 4410 1994 2706 5659 29556 3030 8614 2667 1284 2997 3644 2145 896 96 857 288 10520 1045 12432 1104 768 1718 288 5059 2655
leaf_count=1053 2208 480 6211 8316 4648 4410 1994 2706 5659 29556 3030 8614 2667 1284 2997 3644 2145 896 96 857 288 10520 1045 12432 1104 768 1718 288 5059 2655
internal_value=0.000337848 0.00177571 0.000545638 0.00170908 -0.000311175 0.00243902 -0.00279786 -0.00384778 -0.0030175 0.0039201 -0.00238072 -0.00445896 0.00401846 -0.00964912 -8.53659e-05 0.00260126 0.00514115 -0.00854456 0.00100614 0.00284608 0.00455854 0.0030557 -0.00323287 -0.00272592 -0.00228957 -0.00162879 -0.00291411 0.00553463 0.00602674 0.00202083
internal_weight=129348 88683 56356 41572 22174 13858 40665 31869 27879 32327 25885 13585 19398 3990 12300 6641 9210 4971 8796 6588 5731 16731 1941 14784 14304 13200 2771 5443 5347 4800
internal_count=129348 88683 56356 41572 22174 13858 40665 31869 27879 32327 25885 13585 19398 3990 12300 6641 9210 4971 8796 6588 5731 16731 1941 14784 14304 13200 2771 5443 5347 4800
is_linear=0
shrinkage=0.05


Tree=57
num_leaves=31
num_cat=0
split_feature=8 0 11 0 8 10 11 3 4 11 9 4 11 0 4 4 9 4 4 11 0 0 10 10 3 7 9 7 8 3
split_gain=211.905 69.548 68.9088 65.4959 62.9331 61.4197 55.7622 64.8905 61.3475 47.2892 46.1459 43.3895 45.1146 41.6816 40.9616 39.7483 40.6741 37.8846 72.5001 37.199 36.1075 41.9202 91.8259 56.7141 60.2037 47.0563 44.5398 39.8308 38.586 35.4641
threshold=31.150000000000002 35.500000000000007 1.0916629031903622 44.500000000000007 39.45000000000001 1.0000000180025095e-35 0.87215561018691867 0.36648264796514479 0.12332734741173625 1.0267603807040537 25.23463541666667 -0.99628250747696534 0.80519389663381347 93.500000000000014 0.52583933546504591 -0.95242240592625282 35.949479166666677 -0.52765736634565841 1.0000000180025095e-35 1.0042124936396728 3.5000000000000004 17.500000000000004 1.0000000180025095e-35 1.0000000180025095e-35 0.76696112484652035 25.712500000000006 14.777604166666668 23.112500000000004 22.350000000000005 -0.2270106897347694
decision_type=2 2 2 2 2 2 2 2 2 2 2 2 2 2 2 2 2 2 2 2 2 2 2 2 2 2 2 2 2 2
left_child=1 20 4 14 5 11 -7 9 -9 19 13 -2 -13 -5 -3 16 -4 -14 -19 -8 -1 22 28 24 27 -24 -25 29 -22 -23
right_child=2 3 15 10 -6 6 7 8 -10 -11 -12 12 17 -15 -16 -17 -18 18 -20 -21 21 23 25 26 -26 -27 -28 -29 -30 -31
leaf_value=-0.0050536332083702014 -0.14735652429252541 0.015329480692749087 -0.14470059971070129 0.017988095754657252 -0.079837233187926418 0.068617491909509457 -0.041705804308023176 0.016415119209605679 -0.060105069629658919 -0.097990487804834464 -0.014377971257717094 -0.2674497237355638 0.048337436227672018 0.080332040506365138 -0.092135203197911159 -0.040441508437623952 0.16537919308136254 -0.044297091069255862 0.049443213869644613 0.030201709239631926 0.12841913916716977 -0.056049655070103205 0.022812047566345941 -0.0039972873420531128 -0.12669823127960314 -0.093708109930521033 0.048720906491431751 0.11048350309940674 0.059391328560786862 0.051270086165817477
leaf_weight=2736 768 2277 2588 27044 6097 1709 8524 9777 1344 4292 6732 384 10464 1104 3879 8239 192 4318 2784 2208 1610 1561 5092 1818 594 522 5400 635 2352 2304
leaf_count=2736 768 2277 2588 27044 6097 1709 8524 9777 1344 4292 6732 384 10464 1104 3879 8239 192 4318 2784 2208 1610 1561 5092 1818 594 522 5400 635 2352 2304
internal_value=0.000334756 0.0023279 -0.0017201 0.00106736 -0.000967837 -0.00034248 -0.00183098 -0.00240295 0.000492312 -0.00454606 0.00190654 0.00187253 0.00237047 0.00279594 -0.00368746 -0.00531582 -0.0104856 0.00274109 -7.7443e-05 -0.00277208 0.00442861 0.00510554 0.00758668 0.00317576 -0.000863761 0.00347346 0.0060266 0.00111111 0.0134149 -0.000795602
internal_weight=129348 65660 63688 41036 52669 46572 27854 26145 11121 15024 34880 18718 17950 28148 6156 11019 2780 17566 7102 10732 24624 21888 9576 12312 5094 5614 7218 4500 3962 3865
internal_count=129348 65660 63688 41036 52669 46572 27854 26145 11121 15024 34880 18718 17950 28148 6156 11019 2780 17566 7102 10732 24624 21888 9576 12312 5094 5614 7218 4500 3962 3865
is_linear=0
shrinkage=0.05


Tree=58
num_leaves=31
num_cat=0
split_feature=8 11 0 4 3 4 10 4 8 3 8 3 4 0 9 8 1 3 11 0 0 4 8 3 4 3 10 3 9 3
split_gain=194.657 87.6922 84.9693 90.8844 74.3879 69.0645 66.3468 68.1321 55.8933 50.9929 76.5781 49.3159 51.5755 43.5246 42.3263 40.684 40.636 40.3465 63.0939 39.4657 82.7887 39.4218 40.1576 39.1419 38.226 37.9203 98.4116 48.5457 44.8352 50.3325
threshold=29.750000000000004 1.0174574584294211 17.500000000000004 -0.10837475778693638 -0.099819732675876835 0.29137697329261131 1.0000000180025095e-35 0.97461712852231652 20.550000000000004 -0.98664820696349753 33.350000000000001 0.70290292807158605 0.20812153622207724 33.500000000000007 16.601302083333337 22.350000000000005 2.5000000000000004 -0.9954993026558282 0.88579141231058722 45.500000000000007 15.500000000000002 0.17435360825960186 39.050000000000004 -0.77245553105869302 0.98005052076767474 0.88220160189607266 1.0000000180025095e-35 0.74443451080969758 17.422656250000003 -0.76141707087277943
decision_type=2 2 2 2 2 2 2 2 2 2 2 2 2 2 2 2 2 2 2 2 2 2 2 2 2 2 2 2 2 2
left_child=2 4 3 -1 5 9 14 -8 24 10 -2 19 -13 -11 -5 16 -10 -17 23 20 -3 22 -6 -19 -4 27 -27 28 -20 -30
right_child=1 11 8 6 21 -7 7 -9 15 13 -12 12 -14 -15 -16 17 -18 18 25 -21 -22 -23 -24 -25 -26 26 -28 -29 29 -31
leaf_value=-0.11854498834610681 -0.11222371838137164 -0.080765677855360707 0.007400647834077745 0.11151228914727512 -0.0060586726364533668 0.067558404077185941 0.030725419476796391 -0.019585389516299758 0.018474146614076405 0.047913072224778835 0.065969350168809629 0.010020319520442201 -0.057280016414143375 0.0019907109991819994 0.048459550331774182 0.11992634387709061 0.10641302933057234 -0.11325120877063455 -0.013212419730798786 -0.072660389671101208 0.008136980005020434 -0.091963870097090006 -0.09247218895693976 -0.012670242183070002 -0.03184464373741349 -0.017876261271467797 0.08275797926848015 -0.039724232163301565 4.3188934809279546e-05 0.047936117490945666
leaf_weight=648 1056 4157 9048 2214 16015 2400 4086 954 2184 6273 576 8614 1344 11455 2124 1014 1950 780 3822 12945 7794 672 2579 1560 5460 1248 1791 2574 4368 7643
leaf_count=648 1056 4157 9048 2214 16015 2400 4086 954 2184 6273 576 8614 1344 11455 2124 1014 1950 780 3822 12945 7794 672 2579 1560 5460 1248 1791 2574 4368 7643
internal_value=0.000307697 -0.00132051 0.00261839 0.0067674 0.000246185 0.00224954 0.00801877 0.00411706 0.00166084 0.00125775 -0.00719975 -0.00316463 -0.000190801 0.00203633 0.0125519 0.00293081 0.00752298 0.00216532 0.00174893 -0.00435411 -0.00228224 -0.00201651 -0.00158653 -0.00604701 -0.000871933 0.00259955 0.00777394 0.00174526 0.00278058 0.00428149
internal_weight=129348 75880 53468 10026 41026 21760 9378 5040 43442 19360 1632 34854 9958 17728 4338 28934 4134 24800 23786 24896 11951 19266 18594 2340 14508 21446 3039 18407 15833 12011
internal_count=129348 75880 53468 10026 41026 21760 9378 5040 43442 19360 1632 34854 9958 17728 4338 28934 4134 24800 23786 24896 11951 19266 18594 2340 14508 21446 3039 18407 15833 12011
is_linear=0
shrinkage=0.05


Tree=59
num_leaves=31
num_cat=0
split_feature=9 0 0 10 0 0 0 3 0 4 3 0 0 0 10 3 0 3 8 0 3 0 1 9 9 10 3 0 11 4
split_gain=183.753 71.9472 73.4635 68.5715 62.9577 61.8779 57.2668 54.7931 50.7346 45.5692 47.2251 44.8173 47.8541 46.4649 40.3823 39.8436 39.0823 38.7219 37.0224 35.5592 39.0963 35.4255 34.0817 33.6865 32.2604 31.4894 30.4506 33.1185 29.5933 29.2104
threshold=28.905208333333334 34.500000000000007 47.500000000000007 1.0000000180025095e-35 67.500000000000014 84.500000000000014 3.5000000000000004 0.83849049182116964 3.5000000000000004 0.46611290379786346 -0.55657520495441892 42.500000000000007 63.500000000000007 20.500000000000004 1.0000000180025095e-35 0.96465729447553372 31.500000000000004 0.7090011537757156 32.050000000000004 73.500000000000014 0.9053161325100999 58.500000000000007 5.5000000000000009 33.187500000000007 33.255729166666676 1.0000000180025095e-35 -0.95754239937548935 78.500000000000014 0.99547686574958993 -0.031174269516803289
decision_type=2 2 2 2 2 2 2 2 2 2 2 2 2 2 2 2 2 2 2 2 2 2 2 2 2 2 2 2 2 2
left_child=1 8 28 17 7 6 -2 9 25 -5 -11 13 15 23 -14 18 -15 26 -13 20 -19 -12 -20 -8 -7 -1 -4 -28 -3 -9
right_child=5 2 3 4 -6 24 11 29 -10 10 21 12 14 16 -16 -17 -18 19 22 -21 -22 -23 -24 -25 -26 -27 27 -29 -30 -31
leaf_value=0.026221131227852371 -0.12424231466804941 -0.0044577626098387668 -0.010172632395160265 -0.024449619916940436 -0.015110470770002849 -0.064057615057440384 -0.006482982557322714 0.18294960431071702 0.027019687644398261 0.11595859112319573 -0.030927844574152631 0.18856878323044413 0.035612672409931177 0.055263333296467466 -0.042527929193092007 0.10651430226236869 -0.0047911061529319456 -0.034025458867989758 -0.10587633730736955 -0.05586013725426682 0.068317375732733873 0.038398340861968451 0.012506847906826836 -0.091251176590127159 -0.25667017342964726 -0.033505515769516596 0.038048835526724646 0.073079974160377509 -0.066909364620649114 0.046888226158505124
leaf_weight=1404 1697 5863 1824 4740 16042 3768 5720 817 28632 960 1935 210 4534 4675 4337 231 4655 726 7194 1452 988 1584 1254 1493 897 2291 7657 4199 6149 1420
leaf_count=1404 1697 5863 1824 4740 16042 3768 5720 817 28632 960 1935 210 4534 4675 4337 231 4655 726 7194 1452 988 1584 1254 1493 897 2291 7657 4199 6149 1420
internal_value=0.000307311 0.00158345 0.000504826 0.00144439 -9.45523e-05 -0.00247572 -0.00177361 0.00273656 0.00346382 0.00103319 0.00464948 -0.00133006 -0.00307432 0.000542526 -0.000476271 -0.00566712 0.00287245 0.00395643 -0.00621391 -0.00102653 0.00385064 0.00196789 -0.0067294 -0.00247123 -0.00789389 -0.00205007 0.00510965 0.00603492 -0.0029637 0.00975637
internal_weight=129348 88683 56356 44344 27498 40665 36000 11456 32327 9219 4479 34303 17760 16543 8871 8889 9330 16846 8658 3166 1714 3519 8448 7213 4665 3695 13680 11856 12012 2237
internal_count=129348 88683 56356 44344 27498 40665 36000 11456 32327 9219 4479 34303 17760 16543 8871 8889 9330 16846 8658 3166 1714 3519 8448 7213 4665 3695 13680 11856 12012 2237
is_linear=0
shrinkage=0.05


Tree=60
num_leaves=31
num_cat=0
split_feature=8 11 0 10 9 11 8 4 10 9 7 11 11 3 4 4 1 0 9 4 4 4 0 0 11 8 9 4 4 4
split_gain=169.849 58.9006 55.0101 96.412 56.7551 49.9718 49.7979 54.9828 53.0541 48.127 46.5558 42.5371 41.8379 44.3885 51.9844 36.89 36.7939 36.7423 36.5689 36.5193 64.4425 35.2528 33.499 40.4391 35.5444 33.9892 32.7891 30.9227 44.4631 30.4362
threshold=31.150000000000002 1.0916629031903622 18.500000000000004 1.0000000180025095e-35 16.601302083333337 0.99880428533532839 39.45000000000001 -0.99465740988130902 1.0000000180025095e-35 9.2812500000000018 23.562500000000004 0.80519389663381347 0.87215561018691867 0.36648264796514479 0.12332734741173625 -0.95242240592625282 5.5000000000000009 91.500000000000014 35.949479166666677 -0.52765736634565841 1.0000000180025095e-35 -0.93845867424155849 12.500000000000002 49.500000000000007 1.0515743247573357 40.050000000000004 20.344270833333336 -0.79382744783423187 -0.89787881968372518 -0.91249077947840473
decision_type=2 2 2 2 2 2 2 2 2 2 2 2 2 2 2 2 2 2 2 2 2 2 2 2 2 2 2 2 2 2
left_child=2 6 3 4 -1 10 7 -2 11 -4 -5 -9 21 -14 -15 18 17 -11 -3 27 -21 -10 -8 25 -25 -24 -19 28 -13 -23
right_child=1 15 9 5 -6 -7 22 8 12 16 -12 19 13 14 -16 -17 -18 26 -20 20 -22 29 23 24 -26 -27 -28 -29 -30 -31
leaf_value=0.10413838180138271 -0.080324103954866652 -0.13241528681650722 -0.067429188181640148 0.041216375915801962 0.035514880570723766 -0.013176887683268036 -0.13446319170357626 -0.25512528829918468 0.17150061004009204 0.0050682244122072012 -0.039013260782606099 0.060336278653036146 -0.038561262160396841 0.015752307663311173 -0.055998043009202553 -0.035545359670226165 0.041732509048783589 0.071005866204267673 0.16090296609436622 -0.042273163611542236 0.044667971324465587 -0.078275723396609473 -0.10440376826503339 -0.1841664765656674 -0.010698674085939787 0.057973364994091982 -0.00015886889400249516 0.084533435961289885 -0.034750535103636793 0.054274057398092171
leaf_weight=2337 2870 2588 924 3130 3040 3534 826 384 462 41755 955 4320 13306 9777 1344 8239 7697 1348 192 4318 2784 192 664 1827 1086 1694 940 3936 1824 1055
leaf_count=2337 2870 2588 924 3130 3040 3534 826 384 462 41755 955 4320 13306 9777 1344 8239 7697 1348 192 4318 2784 192 664 1827 1086 1694 940 3936 1824 1055
internal_value=0.000288369 -0.00155131 0.0020728 0.00498615 0.0101125 0.00136829 -0.000855817 -0.000299536 0.000140726 0.00135387 0.00513464 0.00226574 -0.0012875 -0.00181664 0.000514792 -0.00487567 0.00155586 0.000998456 -0.00985612 0.00263357 -0.000112644 0.0062756 -0.00510497 -0.00363783 -0.0075781 0.00122986 0.00716783 0.00456845 0.00235189 0.00190457
internal_weight=129348 63688 65660 12996 5377 7619 52669 46572 43702 52664 4085 17566 26136 24427 11121 11019 51740 44043 2780 17182 7102 1709 6097 5271 2913 2358 2288 10080 6144 1247
internal_count=129348 63688 65660 12996 5377 7619 52669 46572 43702 52664 4085 17566 26136 24427 11121 11019 51740 44043 2780 17182 7102 1709 6097 5271 2913 2358 2288 10080 6144 1247
is_linear=0
shrinkage=0.05


Tree=61
num_leaves=31
num_cat=0
split_feature=8 9 4 10 0 0 11 0 0 11 3 3 9 0 9 4 4 11 11 0 0 3 0 4 1 3 9 0 1 0
split_gain=155.075 53.6693 71.383 55.3078 50.7719 56.3828 45.8064 45.7446 46.5713 44.2341 43.8732 45.1261 37.1741 38.1827 36.4112 35.8037 35.5746 35.1441 38.6824 34.6603 70.6897 53.578 39.5845 34.5637 34.0021 41.2203 32.9248 31.3953 31.2726 31.111
threshold=31.150000000000002 33.187500000000007 -0.99273797715557011 1.0000000180025095e-35 35.500000000000007 44.500000000000007 0.87215561018691867 86.500000000000014 7.5000000000000009 1.1163525015609757 0.36648264796514479 0.51297097409535064 25.23463541666667 93.500000000000014 10.334114583333335 0.51113019672828186 0.12332734741173625 0.80519389663381347 0.97505701307780457 70.500000000000014 79.500000000000014 -0.022576249993022688 58.500000000000007 -0.9497838742125716 4.5000000000000009 -0.98664820696349753 28.953906250000006 71.500000000000014 2.5000000000000004 4.5000000000000009
decision_type=2 2 2 2 2 2 2 2 2 2 2 2 2 2 2 2 2 2 2 2 2 2 2 2 2 2 2 2 2 2
left_child=4 2 -2 17 14 15 23 8 -3 -10 24 -12 13 19 -1 -6 26 -4 -19 22 -21 -22 -7 -5 -8 -26 28 -27 -13 -16
right_child=1 7 3 6 5 12 10 -9 9 -11 11 16 -14 -15 29 -17 -18 18 -20 20 21 -23 -24 -25 25 27 -28 -29 -30 -31
leaf_value=-0.027906789724565329 -0.088423860156768092 -0.1855929246665575 -0.24236902388422552 0.23318203547644814 0.015416977589262616 0.01423473912859663 -0.055090007952119893 -0.25392318355580629 -0.019279611184273904 -0.2272224980084559 0.096082811619115208 0.062815292947381349 -0.013085932909503129 0.073155352686365666 -0.0023059730030368544 -0.085079511527230534 -0.053198140858742707 0.049674887118307254 0.0032871296535205378 -0.033309256938871101 0.044544825614055129 -0.0037813996828056418 0.045878660260780892 0.021137537142475085 -0.13454427291824517 0.036897972357714082 -0.027668973837077716 -0.050009011819075515 0.0012173840784882374 0.030617142981120796
leaf_weight=864 3634 698 384 366 2223 7724 11897 784 6195 711 672 1920 6732 1104 3300 3933 1344 6720 13434 4968 3458 4270 6624 1343 384 3229 4689 1065 4219 20460
leaf_count=864 3634 698 384 366 2223 7724 11897 784 6195 711 672 1920 6732 1104 3300 3933 1344 6720 13434 4968 3458 4270 6624 1343 384 3229 4689 1065 4219 20460
internal_value=0.00027484 -0.00148301 -0.000917722 -0.000441296 0.0019799 0.000902866 -0.00177011 -0.00520982 -0.0040242 -0.00278019 -0.0022324 -3.89287e-05 0.00168148 0.00247975 0.00377477 -0.00350877 -0.000735294 0.00157269 0.00185819 0.00210768 0.000204789 0.00319617 0.00379147 0.00618783 -0.00393213 -0.00032065 0.00021703 0.00108291 0.00262665 0.00414141
internal_weight=129348 63688 55300 51666 65660 41036 31128 8388 7604 6906 29419 12844 34880 28148 24624 6156 12172 20538 20154 27044 12696 7728 14348 1709 16575 4678 10828 4294 6139 23760
internal_count=129348 63688 55300 51666 65660 41036 31128 8388 7604 6906 29419 12844 34880 28148 24624 6156 12172 20538 20154 27044 12696 7728 14348 1709 16575 4678 10828 4294 6139 23760
is_linear=0
shrinkage=0.05


Tree=62
num_leaves=31
num_cat=0
split_feature=8 11 0 4 3 4 3 8 3 10 4 10 8 3 8 8 3 0 0 0 0 9 9 8 3 11 1 11 3 9
split_gain=141.483 67.93 66.2555 79.4606 62.7669 71.3491 66.6895 62.5536 59.7806 57.971 63.3229 56.7198 53.2659 45.2409 47.0851 45.2216 42.4243 40.9604 40.1197 40.0282 47.3225 38.0312 38 37.7102 39.7457 55.1981 37.6717 37.5807 37.1165 36.9751
threshold=29.750000000000004 1.0916629031903622 17.500000000000004 -0.10837475778693638 -0.11692013674435776 0.29137697329261131 -0.26037633224328088 30.750000000000004 0.63920241694561786 1.0000000180025095e-35 0.97461712852231652 1.0000000180025095e-35 20.550000000000004 -0.99372698525316483 33.350000000000001 31.950000000000003 0.68432406471780916 7.5000000000000009 86.500000000000014 74.500000000000014 54.500000000000007 30.603125000000002 28.932031250000001 22.350000000000005 -0.9954993026558282 0.88579141231058722 2.5000000000000004 1.0267603807040537 -0.83847110675477843 14.060937500000003
decision_type=2 2 2 2 2 2 2 2 2 2 2 2 2 2 2 2 2 2 2 2 2 2 2 2 2 2 2 2 2 2
left_child=2 4 3 -1 5 6 11 -6 17 16 -11 -2 -4 14 -13 22 -5 -9 -19 20 21 -10 -15 26 -25 -26 29 -17 -7 -14
right_child=1 -3 12 9 7 28 -8 8 19 10 -12 13 23 15 -16 27 -18 18 -20 -21 -22 -23 -24 24 25 -27 -28 -29 -30 -31
leaf_value=-0.11173346997417824 0.025706574754958213 -0.05098368053278364 -0.0077466247538154681 0.085816352607101021 -0.09659167910470573 0.070020293795011665 0.080638711817693581 -0.12964132663405153 -0.011065083858679971 0.026925500599122645 -0.020673597267509794 -0.11804409695515546 -0.0874911048292141 0.0013497328508449869 0.13131872630767347 -0.020067824691119542 0.0042307151668282477 -0.023079208350594627 -0.1554945512901682 -0.038601059955396977 0.071700527299037739 0.050941849236799897 0.13746285309857384 0.1114864166180972 -0.046363094607146854 0.016831033963681821 0.097334268753267145 -0.096942355435135852 -0.042738303920604181 0.031860660422486121
leaf_weight=648 9312 12075 14508 3528 1344 2496 3220 1290 7750 4086 954 1056 234 6240 192 4223 810 12747 1450 3819 3635 2247 480 1014 2340 21446 1950 2016 288 1950
leaf_count=648 9312 12075 14508 3528 1344 2496 3220 1290 7750 4086 954 1056 234 6240 192 4223 810 12747 1450 3819 3635 2247 480 1014 2340 21446 1950 2016 288 1950
internal_value=0.000265949 -0.00112217 0.00223592 0.00589966 -0.000471358 0.00121854 0.000425409 -0.00192667 -0.00149523 0.00706974 0.00342262 -0.000498533 0.00139036 -0.00248645 -0.0115785 -0.00161085 0.0113071 -0.00375638 -0.00298126 0.000511432 0.0017789 2.50075e-06 0.00123512 0.00263012 0.00189315 0.00147986 0.00705128 -0.00467623 0.00883621 0.00254121
internal_weight=129348 75880 53468 10026 63805 29523 26739 34282 32938 9378 5040 23519 43442 14207 1248 12959 4338 15487 14197 17451 13632 9997 6720 28934 24800 23786 4134 6239 2784 2184
internal_count=129348 75880 53468 10026 63805 29523 26739 34282 32938 9378 5040 23519 43442 14207 1248 12959 4338 15487 14197 17451 13632 9997 6720 28934 24800 23786 4134 6239 2784 2184
is_linear=0
shrinkage=0.05


Tree=63
num_leaves=31
num_cat=0
split_feature=7 0 0 9 5 0 0 3 8 8 1 11 10 4 0 4 8 0 8 0 4 9 8 3 8 9 11 11 3 9
split_gain=133.255 83.8342 72.3585 46.0426 41.2909 48.6141 75.2752 39.9914 42.1635 37.9199 37.455 34.3889 50.0734 99.3307 72.1707 63.4923 62.2634 52.7281 40.3613 38.2465 36.6534 35.4089 88.1474 58.7365 33.4306 38.9319 31.731 59.9486 30.867 28.8687
threshold=27.212500000000006 86.500000000000014 6.5000000000000009 9.2812500000000018 1.0000000180025095e-35 33.500000000000007 23.500000000000004 0.99865421017599998 34.650000000000013 33.550000000000004 5.5000000000000009 0.99547686574958993 1.0000000180025095e-35 0.689015599449598 17.500000000000004 0.84658398682345093 19.550000000000004 59.500000000000007 37.550000000000004 14.500000000000002 0.76002003530985496 12.070312500000002 20.200000000000006 0.20180702842483325 27.550000000000004 19.372916666666672 0.80519389663381347 0.82284707828887094 -0.43733984355855576 14.060937500000003
decision_type=2 2 2 2 2 2 2 2 2 2 2 2 2 2 2 2 2 2 2 2 2 2 2 2 2 2 2 2 2 2
left_child=3 2 -2 -1 5 6 -4 11 -9 -6 -7 26 13 18 -15 16 -14 21 -13 -18 24 23 -23 -16 25 -21 -5 -28 -17 -29
right_child=1 -3 4 7 9 10 -8 8 -10 -11 -12 12 15 14 17 28 19 -19 -20 20 -22 22 -24 -25 -26 -27 27 29 -30 -31
leaf_value=-0.047147579174841782 -0.12660904991200256 -0.10727445938252203 -0.026931907294692081 -0.033636318034548654 0.096316032248780922 -0.027659451033065354 0.06556182745603252 -0.074357080461766853 0.072465621504385069 -0.016567296321069593 0.022625489811181867 -0.025463966612248614 0.067027211331152622 0.089976191067592026 -0.017578102954940535 -0.064058734473175602 -0.025600735956054166 0.069264664968243045 0.059676417992180576 0.0095137480225126591 -0.040245440260318337 -0.10734972914963095 0.036554498617260837 0.2333891323631086 0.010411747508949533 0.073575233846442253 0.1407068237860834 -0.0077568424011161602 -0.019719789228420839 0.027449375773053931
leaf_weight=1152 2187 3814 3290 1592 1566 32213 4254 944 140 1225 5899 5072 576 1872 504 576 3791 3725 664 1134 729 1050 2326 420 7747 955 588 3360 6816 29167
leaf_count=1152 2187 3814 3290 1592 1566 32213 4254 944 140 1225 5899 5072 576 1872 504 576 3791 3725 664 1134 729 1050 2326 420 7747 955 588 3360 6816 29167
internal_value=0.000260537 -0.00162173 -0.00108326 0.00162884 -0.000681673 -0.00104258 0.0026246 0.00178378 -0.00774908 0.00522214 -0.00176847 0.00192599 0.000885871 0.00305604 0.00609023 -0.000633847 0.0012423 0.00402804 -0.00217922 0.00059557 0.0021415 0.000255814 -0.00211789 0.00892857 0.00294327 0.00855673 0.0030635 0.00339499 -0.0044237 0.00310896
internal_weight=129348 54448 50634 74900 48447 45656 7544 73748 1084 2791 38112 72664 37957 15633 9897 22324 14932 8025 5736 14356 10565 4300 3376 924 9836 2089 34707 33115 7392 32527
internal_count=129348 54448 50634 74900 48447 45656 7544 73748 1084 2791 38112 72664 37957 15633 9897 22324 14932 8025 5736 14356 10565 4300 3376 924 9836 2089 34707 33115 7392 32527
is_linear=0
shrinkage=0.05


Tree=64
num_leaves=31
num_cat=0
split_feature=9 0 0 0 0 4 11 10 8 0 0 3 3 3 0 0 4 8 3 11 9 7 0 0 4 0 9 0 0 9
split_gain=125.769 56.8974 70.469 57.9304 104.989 56.2091 50.5756 52.1873 60.487 44.7472 43.2973 42.1191 38.1882 36.4665 36.1215 46.3797 35.7916 31.889 31.4616 29.438 28.9577 30.242 27.6653 25.3765 42.5033 37.6921 36.2195 27.6439 26.6775 24.8763
threshold=28.905208333333334 35.500000000000007 47.500000000000007 72.500000000000014 79.500000000000014 0.089118976521498999 1.1135526900622577 1.0000000180025095e-35 32.050000000000004 58.500000000000007 2.5000000000000004 0.31799963745711152 -0.73866753694953124 -0.022576249993022688 9.5000000000000018 43.500000000000007 -0.39036009226888674 33.150000000000013 0.3261394409934788 0.87215561018691867 26.947656250000005 25.212500000000006 87.500000000000014 43.500000000000007 -0.49812626372919411 63.500000000000007 30.737500000000001 76.500000000000014 2.5000000000000004 10.334114583333335
decision_type=2 2 2 2 2 2 2 2 2 2 2 2 2 2 2 2 2 2 2 2 2 2 2 2 2 2 2 2 2 2
left_child=1 10 -3 9 16 20 7 23 -9 -4 -1 17 -8 -7 -10 -16 -5 -11 19 -17 -6 -22 -15 24 28 -25 -26 -27 -2 -12
right_child=6 2 3 4 5 13 12 8 14 11 29 -13 -14 22 15 18 -18 -19 -20 -21 21 -23 -24 25 26 27 -28 -29 -30 -31
leaf_value=-0.019927380524613625 -0.082377154661337215 -0.038253599971024246 0.0044073404808223421 0.016010095443931505 -0.065046324361547656 0.041855345345631893 0.090910283801028419 0.10670852245297624 -0.10453669998588283 0.01758632351124163 -0.021989683668223139 0.063121118393549128 -0.08317629402877956 -0.019473392297830117 0.0022576423765805487 0.11868010717055598 -0.063225930478697026 0.20251565072150798 -0.022910950917101047 -0.092562994857469508 0.15605346486037919 -0.014754576673562525 0.02610849401397175 -0.061896105792271075 -0.10223639424263525 0.063917575346075492 0.045863225090881345 -0.017314441247912527 0.046961392570914029 0.02385838356926584
leaf_weight=2771 504 11088 10160 1225 1536 4768 384 672 1704 7882 792 4800 4504 2528 5784 156 5243 252 3547 5100 290 3132 2528 3920 880 2548 352 3722 6888 29688
leaf_count=2771 504 11088 10160 1225 1536 4768 384 672 1704 7882 792 4800 4504 2528 5784 156 5243 252 3547 5100 290 3132 2528 3920 880 2548 352 3722 6888 29688
internal_value=0.000270588 0.00132635 0.000345468 0.00123692 -0.000647059 0.00167772 -0.00203185 -0.00138008 -0.0033912 0.00297047 0.00296157 0.00492114 -0.00680237 0.00386808 -0.00399761 -0.00319291 -0.00596011 0.00272928 -0.00547825 -0.00793379 -0.00266236 -0.000102279 0.00090981 0.000433188 0.00242927 -0.00125613 -0.00616883 0.00114833 0.00386228 0.00350558
internal_weight=129348 88683 55432 44344 21250 14782 40665 35777 16963 23094 33251 12934 4888 9824 16291 14587 6468 8134 8803 5256 4958 3422 5056 18814 8624 10190 1232 6270 7392 30480
internal_count=129348 88683 55432 44344 21250 14782 40665 35777 16963 23094 33251 12934 4888 9824 16291 14587 6468 8134 8803 5256 4958 3422 5056 18814 8624 10190 1232 6270 7392 30480
is_linear=0
shrinkage=0.05


Tree=65
num_leaves=31
num_cat=0
split_feature=7 0 0 9 5 0 0 11 8 3 8 1 11 10 4 0 4 8 0 8 9 8 3 0 3 1 11 11 6 4
split_gain=116.069 72.336 65.8862 41.3696 35.6538 40.7812 67.9992 36.4935 35.4532 34.4079 39.0715 33.6244 30.2706 47.6724 94.6654 67.8979 59.0404 56.2936 47.4783 37.0434 34.6534 80.9615 56.7286 34.0286 28.7626 28.048 27.9599 58.8295 27.3831 26.3691
threshold=27.212500000000006 86.500000000000014 6.5000000000000009 9.2812500000000018 1.0000000180025095e-35 33.500000000000007 23.500000000000004 1.1855674041436206 33.550000000000004 0.99865421017599998 34.650000000000013 5.5000000000000009 0.99547686574958993 1.0000000180025095e-35 0.689015599449598 17.500000000000004 0.84658398682345093 19.250000000000004 59.500000000000007 37.550000000000004 12.070312500000002 20.200000000000006 0.20180702842483325 14.500000000000002 -0.43733984355855576 2.5000000000000004 0.80519389663381347 0.82284707828887094 1.0000000180025095e-35 0.76002003530985496
decision_type=2 2 2 2 2 2 2 2 2 2 2 2 2 2 2 2 2 2 2 2 2 2 2 2 2 2 2 2 2 2
left_child=3 2 -2 -1 5 6 -4 11 -6 12 -11 28 26 14 19 -16 17 -15 20 -14 22 -22 -17 -19 -18 -23 -5 -28 -7 -25
right_child=1 -3 4 9 8 7 -8 -9 -10 10 -12 -13 13 16 15 18 24 23 -20 -21 21 25 -24 29 -26 -27 27 -29 -30 -31
leaf_value=-0.044670872575617443 -0.11627941764539998 -0.099982129340968839 -0.025684377148605365 -0.031574609468953699 0.090768298009700751 -0.02740749200858943 0.062084491214762498 -0.14480384880801153 -0.016291770769787207 -0.071832145617141671 0.065286728443749095 0.025406449649227628 -0.024612368449304256 0.067403286108657312 0.084333845852074776 -0.017537073815501004 -0.061857487845126971 -0.02332054066525302 0.065123140064474686 0.055222397792450556 -0.10317516187061244 -0.034376525193504648 0.22149930872091306 0.017464551141653573 -0.018835424155113856 0.071292694500101561 0.13350607585815696 0.021422403463792251 0.042186634663785583 -0.029566694561788155
leaf_weight=1152 2187 3814 3290 1592 1566 29931 4254 769 1225 944 140 5793 5072 480 1872 504 576 3806 3725 664 1050 1008 420 9836 6816 1318 588 32527 1619 810
leaf_count=1152 2187 3814 3290 1592 1566 29931 4254 769 1225 944 140 5793 5072 480 1872 504 576 3806 3725 664 1050 1008 420 9836 6816 1318 588 32527 1619 810
internal_value=0.000269042 -0.00148766 -0.000987479 0.00154606 -0.000604269 -0.000939636 0.00241914 -0.00160448 0.00488176 0.00169293 -0.00714945 -0.00138245 0.00182484 0.000848987 0.00296648 0.00592856 -0.000633847 0.00117533 0.00392835 -0.00214435 0.000348837 -0.00199941 0.00892857 0.000615832 -0.00428842 0.00320292 0.00289207 0.00320323 -0.00202536 0.0020665
internal_weight=129348 54448 50634 74900 48447 45656 7544 38112 2791 73748 1084 37343 72664 37957 15633 9897 22324 14932 8025 5736 4300 3376 924 14452 7392 2326 34707 33115 31550 10646
internal_count=129348 54448 50634 74900 48447 45656 7544 38112 2791 73748 1084 37343 72664 37957 15633 9897 22324 14932 8025 5736 4300 3376 924 14452 7392 2326 34707 33115 31550 10646
is_linear=0
shrinkage=0.05


Tree=66
num_leaves=31
num_cat=0
split_feature=8 9 4 10 0 11 0 11 9 0 0 0 11 0 0 10 10 3 0 0 4 0 9 1 5 7 11 10 9 9
split_gain=110.158 47.4568 57.7103 44.489 43.0194 40.4288 40.2181 41.6665 38.5568 36.864 36.2972 36.1307 34.4568 32.9125 38.4002 49.7018 34.1476 51.3302 31.6794 48.2373 39.8701 52.9839 34.7119 32.8316 31.6658 31.5867 30.221 30.2042 29.7222 29.3923
threshold=31.150000000000002 33.187500000000007 -0.99273797715557011 1.0000000180025095e-35 31.500000000000004 0.84409739968617681 86.500000000000014 1.1163525015609757 28.427604166666669 93.500000000000014 6.5000000000000009 73.500000000000014 0.80519389663381347 6.5000000000000009 17.500000000000004 1.0000000180025095e-35 1.0000000180025095e-35 0.76696112484652035 15.500000000000002 34.500000000000007 0.04621408538533487 56.500000000000007 27.834114583333335 4.5000000000000009 1.0000000180025095e-35 25.612500000000004 0.97505701307780457 1.0000000180025095e-35 14.9234375 16.601302083333337
decision_type=2 2 2 2 2 2 2 2 2 2 2 2 2 2 2 2 2 2 2 2 2 2 2 2 2 2 2 2 2 2
left_child=4 2 -2 12 13 8 7 10 -5 24 -3 18 -4 27 15 -15 17 -16 -7 -20 22 -22 -21 -24 -6 -17 -14 29 -18 -1
right_child=1 6 3 5 9 11 -8 -9 -10 -11 -12 -13 26 14 16 25 28 -19 19 20 21 -23 23 -25 -26 -27 -28 -29 -30 -31
leaf_value=0.066200024134019486 -0.077648877870463914 -0.15613987723105183 -0.22508853595156994 0.0052640736367386871 0.0015548815613840362 -0.038234978374364917 -0.22537087450173487 -0.22509754830160633 0.23638558139282326 0.05636719382287439 -0.01737370105610694 -0.046402873830147941 0.0460679354921723 0.071665185541547771 0.010378043418504035 0.021645848529107073 -0.0052972903602061198 -0.13552596995297464 0.027465542757356333 0.075682184386143103 -0.16838647701225115 0.01142089621781679 -0.045921934591854813 0.030436459144424791 0.048842250895675933 -0.08819752282116014 0.0045597999335001303 -0.01875734419526225 0.035402864837345054 -0.006099753117708673
leaf_weight=861 3634 548 384 576 40048 5038 784 783 366 1368 6273 6917 6720 3113 3500 3968 1470 462 5981 1521 858 663 6500 2708 2356 443 13434 2807 4144 1120
leaf_count=861 3634 548 384 576 40048 5038 784 783 366 1368 6273 6917 6720 3113 3500 3968 1470 462 5981 1521 858 663 6500 2708 2356 443 13434 2807 4144 1120
internal_value=0.000270974 -0.00121059 -0.000679024 -0.000250648 0.00170804 -0.00144243 -0.00471507 -0.00360337 0.00875796 0.000803025 -0.00234936 -0.00176075 0.00155565 0.00351791 0.00454386 0.00721691 0.00244361 -0.00111055 -0.000817611 0.000152213 -0.0016449 -0.00922091 -0.000570883 -0.00172676 0.000542402 0.00380299 0.00183834 -0.000146199 0.00495191 0.00458102
internal_weight=129348 63688 55300 51666 65660 31128 8388 7604 942 43772 6821 30186 20538 21888 17100 7524 9576 3962 23269 18231 12250 1521 10729 9208 42404 4411 20154 4788 5614 1981
internal_count=129348 63688 55300 51666 65660 31128 8388 7604 942 43772 6821 30186 20538 21888 17100 7524 9576 3962 23269 18231 12250 1521 10729 9208 42404 4411 20154 4788 5614 1981
is_linear=0
shrinkage=0.05


Tree=67
num_leaves=31
num_cat=0
split_feature=4 0 10 0 0 0 4 0 1 11 0 9 9 8 0 0 0 3 9 11 8 7 3 8 0 11 5 3 11 4
split_gain=99.2571 67.8445 61.5124 58.2651 60.33 87.444 47.5503 46.4361 47.9082 43.7767 41.529 40.1008 38.8091 34.5939 31.3406 54.6494 51.4426 31.0037 29.3093 38.4061 29.2841 28.832 28.6342 35.864 27.7231 27.3348 25.7894 25.7705 25.679 28.1281
threshold=-0.13398942717002907 18.500000000000004 1.0000000180025095e-35 2.5000000000000004 38.500000000000007 23.500000000000004 0.98332250088165762 91.500000000000014 5.5000000000000009 0.97407968238158804 31.500000000000004 16.601302083333337 32.288020833333341 14.100000000000001 86.500000000000014 68.500000000000014 50.500000000000007 -0.96235977360714686 22.233333333333338 0.98966156713236464 33.850000000000001 12.062500000000002 -0.11692013674435776 29.250000000000004 78.500000000000014 1.1135526900622577 1.0000000180025095e-35 -0.8821812062722818 0.93309361111522005 -0.54219087765047058
decision_type=2 2 2 2 2 2 2 2 2 2 2 2 2 2 2 2 2 2 2 2 2 2 2 2 2 2 2 2 2 2
left_child=3 2 11 -1 5 9 18 8 13 22 -7 -2 17 -3 15 16 25 -6 19 -4 -20 -8 23 -5 -17 -14 28 -11 -19 -30
right_child=1 7 6 4 12 10 21 -9 -10 27 -12 -13 14 -15 -16 24 -18 26 20 -21 -22 -23 -24 -25 -26 -27 -28 -29 29 -31
leaf_value=-0.1065232501371348 0.082819257011561842 -0.0941556982619602 0.058767018997764355 -0.11022141886704305 -0.071973501059497388 0.071183641644874035 -0.040557745793380208 0.043833826819994925 0.034442969051698927 -0.092244984020179291 0.011935030210420194 0.029662561583074877 0.031628277081946266 -0.00026979021267266036 -0.18766525451921581 0.10464158549526986 -0.18558545220149159 0.014597593629296314 -0.016723037584150547 0.0075392335946560252 0.12285664077645038 0.016398243807442727 -0.011540890237686341 0.062973784420067611 -0.055618797871894547 -0.25597846732250673 0.049063255959471523 -0.022840645750315504 -0.038883055886634571 0.0060825363123441891
leaf_weight=1976 2337 438 1444 189 1539 5280 635 2756 7373 861 4610 3420 1316 42485 1144 1265 2290 6268 2356 2470 247 182 2242 2357 1016 200 1710 8187 14832 5923
leaf_count=1976 2337 438 1444 189 1539 5280 635 2756 7373 861 4610 3420 1316 42485 1144 1265 2290 6268 2356 2470 247 182 2242 2357 1016 200 1710 8187 14832 5923
internal_value=0.000252033 0.00160599 0.00482965 -0.00116486 -0.000892143 0.00108109 0.00179302 0.000810526 0.000464252 -0.00148526 0.00467139 0.00869811 -0.0021405 -0.000175314 -0.00543148 -0.00400444 -0.0076721 -0.00135439 0.00321851 0.00595299 -0.0008932 -0.00957772 0.00238095 0.00600943 0.0021153 -0.000527704 -0.00098406 -0.00353117 -0.00136088 -0.0022079
internal_weight=129348 66143 13091 63205 61229 23726 7334 53052 50296 13836 9890 5757 37503 42923 7231 6087 3806 30272 6517 3914 2603 817 4788 2546 2281 1516 28733 9048 27023 20755
internal_count=129348 66143 13091 63205 61229 23726 7334 53052 50296 13836 9890 5757 37503 42923 7231 6087 3806 30272 6517 3914 2603 817 4788 2546 2281 1516 28733 9048 27023 20755
is_linear=0
shrinkage=0.05


Tree=68
num_leaves=31
num_cat=0
split_feature=8 9 4 10 11 10 4 4 8 3 0 8 9 3 3 9 11 4 0 11 3 3 11 4 0 11 0 11 11 11
split_gain=92.507 41.1813 51.3131 40.7192 37.9937 73.4107 89.5892 61.7986 59.3138 60.52 44.1509 50.5768 76.7863 103.745 45.1645 41.2583 36.5373 37.5107 36.1136 37.0394 35.1802 47.1095 34.5813 33.6313 31.7239 31.2726 30.7166 30.6425 38.2664 29.5692
threshold=31.150000000000002 33.187500000000007 -0.99273797715557011 1.0000000180025095e-35 0.99880428533532839 1.0000000180025095e-35 0.689015599449598 0.84199059757024453 29.350000000000005 0.88220160189607266 17.500000000000004 20.550000000000004 12.070312500000002 0.20180702842483325 -0.19337636264337835 27.557552083333338 0.84409739968617681 -0.93845867424155849 86.500000000000014 1.1163525015609757 0.36648264796514479 0.51297097409535064 1.0292706579118427 0.12332734741173625 81.500000000000014 0.80519389663381347 6.5000000000000009 1.0234135063856429 1.0086109360742508 1.0065665091727494
decision_type=2 2 2 2 2 2 2 2 2 2 2 2 2 2 2 2 2 2 2 2 2 2 2 2 2 2 2 2 2 2
left_child=4 2 -2 25 -1 6 -6 8 27 15 -8 12 13 24 -13 -10 17 -5 19 26 -18 -22 29 -23 -12 -4 -3 28 -7 -14
right_child=1 18 3 16 5 7 10 -9 9 -11 11 14 22 -15 -16 -17 20 -19 -20 -21 21 23 -24 -25 -26 -27 -28 -29 -30 -31
leaf_value=0.019675661407676161 -0.072985963134345869 -0.14719085108198371 -0.21404359323383987 0.27273565778655284 -0.032498591296062078 0.037613209987526375 0.074968822573691793 -0.027962933185584404 0.014486478107082945 -0.10221633620205424 -0.046903383497126333 0.018739457358359603 -0.11185207337500956 0.22142655019579893 0.10756919224175193 -0.074568210069691082 -0.030888547722080519 0.020160607522135623 -0.20471906805068729 -0.20783375810898408 0.099188474388111569 0.0039103016928805799 -0.082107186177483277 -0.050750368266447771 0.072295357313203829 0.017176081614577045 -0.014420894663884099 0.042782493287222681 -0.023076252268091225 0.042004516247153845
leaf_weight=35039 3634 548 384 270 3072 1152 1818 7584 2880 768 1024 1716 234 780 1872 1248 17150 672 784 783 768 10924 1092 1344 224 20154 6273 2685 1536 936
leaf_count=35039 3634 548 384 270 3072 1152 1818 7584 2880 768 1024 1716 234 780 1872 1248 17150 672 784 783 768 10924 1092 1344 224 20154 6273 2685 1536 936
internal_value=0.000235025 -0.00112266 -0.000627486 -0.000223551 0.00155193 0.000265341 0.00316024 -0.00180502 0.00072305 -0.00325776 0.00551774 0.00389693 0.0002331 0.00729783 0.00827759 -0.000859981 -0.00136372 0.00833333 -0.00438722 -0.00333377 -0.00166634 0.0002915 -0.0061008 -0.000460548 -0.00164263 0.00150453 -0.00215144 0.00435046 0.000576637 -0.000128205
internal_weight=129348 63688 55300 51666 65660 30621 12768 17853 10269 4896 9696 7878 4290 2028 3588 4128 31128 942 8388 7604 30186 13036 2262 12268 1248 20538 6821 5373 2688 1170
internal_count=129348 63688 55300 51666 65660 30621 12768 17853 10269 4896 9696 7878 4290 2028 3588 4128 31128 942 8388 7604 30186 13036 2262 12268 1248 20538 6821 5373 2688 1170
is_linear=0
shrinkage=0.05


Tree=69
num_leaves=31
num_cat=0
split_feature=7 0 0 3 8 9 1 0 0 0 9 3 10 0 11 3 9 10 11 3 3 3 5 0 0 0 10 11 9 0
split_gain=85.2782 59.196 54.4251 31.205 35.6089 31.5748 29.3389 28.1716 34.4488 48.4925 37.4532 52.7161 52.4055 39.0194 34.5451 29.108 45.6533 29.3651 47.47 59.694 41.4806 39.3374 27.6163 31.8074 44.7099 27.8248 32.1738 30.6746 25.3673 25.1687
threshold=27.212500000000006 86.500000000000014 5.5000000000000009 0.99865421017599998 34.650000000000013 9.2812500000000018 5.5000000000000009 1.5000000000000002 35.500000000000007 43.500000000000007 20.617187500000004 0.82899317702918729 1.0000000180025095e-35 91.500000000000014 0.73745831416842689 -0.78326540922535159 18.841927083333335 1.0000000180025095e-35 0.99217867693061745 -0.29343379936893921 0.73283908552571664 0.77788564761185042 1.0000000180025095e-35 33.500000000000007 22.500000000000004 62.500000000000007 1.0000000180025095e-35 1.145836891908117 25.782291666666669 66.500000000000014
decision_type=2 2 2 2 2 2 2 2 2 2 2 2 2 2 2 2 2 2 2 2 2 2 2 2 2 2 2 2 2 2
left_child=3 2 -2 5 -5 -1 22 -7 -9 -10 11 13 -13 15 -12 -11 17 20 19 -19 -17 -21 23 24 -4 27 -27 -25 -8 -20
right_child=1 -3 6 4 -6 7 28 8 9 10 14 12 -14 -15 -16 16 -18 18 29 21 -22 -23 -24 25 -26 26 -28 -29 -30 -31
leaf_value=-0.040234723975280676 -0.112529797837081 -0.085926352465286016 -0.028077086063225922 -0.068692113750370251 0.060997215735400803 -0.026561793894502729 0.10569783624455908 0.018377868423810641 -0.048957076901896102 -0.13194567764972903 -0.26962959394062269 0.0041464544499739018 0.092742559136686969 0.05340599313625774 -0.0043832689314420746 0.032468870795621288 0.051482374019148125 0.11677519640387289 -0.0084007833118292293 -0.014559425184381782 -0.085788560317396192 0.10908231971810167 0.04542540826870365 -0.031476006910676806 0.048866168906489808 0.034192013332217643 -0.022728082783494585 -0.13445642806147903 0.01621105241209193 -0.042646732176647363
leaf_weight=1152 1900 3814 2859 944 140 1954 792 34162 4388 131 179 780 1092 1468 11134 7049 1928 575 2438 2016 480 240 2516 18429 3801 5398 7458 928 6553 2650
leaf_count=1152 1900 3814 2859 944 140 1954 792 34162 4388 131 179 780 1092 1468 11134 7049 1928 575 2438 2016 480 240 2516 18429 3801 5398 7458 928 6553 2650
internal_value=0.000223815 -0.00128196 -0.000829482 0.00131842 -0.00710332 0.0014421 -0.000505807 0.00157231 0.00173596 0.000668983 0.00134173 0.0025987 0.0106036 0.00180896 -0.000974543 0.0011524 0.00132942 0.000424003 -0.0017016 0.00348817 0.00265972 -0.000177305 -0.00102261 -0.00135119 0.00179429 -0.00200152 -0.000198351 -0.0031991 0.0024064 -0.00458923
internal_weight=129348 54448 50634 74900 1084 73816 48734 72664 70710 36548 32160 20847 1872 18975 11313 17507 17376 15448 7919 2831 7529 2256 41389 38873 6660 32213 12856 19357 7345 5088
internal_count=129348 54448 50634 74900 1084 73816 48734 72664 70710 36548 32160 20847 1872 18975 11313 17507 17376 15448 7919 2831 7529 2256 41389 38873 6660 32213 12856 19357 7345 5088
is_linear=0
shrinkage=0.05


Tree=70
num_leaves=31
num_cat=0
split_feature=8 9 4 3 11 3 10 3 8 0 0 3 4 4 4 7 11 10 4 4 8 3 8 9 3 3 9 9 0 11
split_gain=79.7484 37.8765 45.4861 49.0012 33.4035 35.5982 33.0276 33.7909 110.957 32.8315 42.2662 35.717 32.1273 33.7261 47.881 43.052 30.9637 64.4187 81.7924 52.2247 50.8951 53.1802 40.1721 79.8273 107.625 51.4803 40.1519 37.4813 35.0276 32.1353
threshold=31.150000000000002 33.187500000000007 -0.98801846520836312 -0.01397611846945947 1.1163525015609757 0.17646842360078763 1.0000000180025095e-35 -0.96235977360714686 33.050000000000004 86.500000000000014 20.500000000000004 0.3261394409934788 -0.96687281075841669 -0.79382744783423187 -0.6523320455745395 31.112500000000004 0.99880428533532839 1.0000000180025095e-35 0.689015599449598 0.84199059757024453 29.350000000000005 0.88220160189607266 20.550000000000004 12.070312500000002 0.20180702842483325 -0.19337636264337835 18.009635416666672 27.557552083333338 16.500000000000004 1.0292706579118427
decision_type=2 2 2 2 2 2 2 2 2 2 2 2 2 2 2 2 2 2 2 2 2 2 2 2 2 2 2 2 2 2
left_child=16 2 3 -2 5 -3 12 8 -8 10 -7 -12 -4 -14 15 -15 -1 18 -18 20 -19 27 23 24 -20 26 -24 -22 -25 -30
right_child=1 4 6 -5 -6 9 7 -9 -10 -11 11 -13 13 14 -16 -17 17 19 22 -21 21 -23 25 28 -26 -27 -28 -29 29 -31
leaf_value=0.018002317313525397 -7.2782959168904426e-05 0.044323182363462624 0.11143369219124254 -0.11020132892195562 -0.20694768308657957 -0.10016623089944261 -0.092091225147374445 -0.0052536143600242727 0.095789266309263613 -0.21064832032148076 -0.15935181683910501 0.01840186734770697 -0.02664254990183821 0.11075960723567704 0.005322412577155689 0.0013089739105460298 -0.031518474499620912 0.021264744664624403 0.0034628132289938663 -0.026365028269022164 0.014027950738417873 -0.09627600326819348 -0.022480689549165336 0.041808955737741377 0.21126237267980841 0.10080666729156605 0.069463063287150822 -0.070238620067933508 -0.0020668592003815433 -0.078805711206295828
leaf_weight=35039 2590 1632 1536 2770 864 1296 1920 27386 768 550 988 3058 4800 1838 10556 1136 3072 5373 1536 7584 2880 768 1152 493 960 2304 960 1248 1185 1106
leaf_count=35039 2590 1632 1536 2770 864 1296 1920 27386 768 550 988 3058 4800 1838 10556 1136 3072 5373 1536 7584 2880 768 1152 493 960 2304 960 1248 1185 1106
internal_value=0.00021879 -0.0010418 -0.000566908 -0.00494403 -0.00417263 -0.0031034 -9.71165e-05 -0.00114218 -0.00649182 -0.00491344 -0.00371584 -0.00119871 0.00148495 0.000902891 0.00218034 0.00778413 0.00144152 0.000280037 0.00299185 -0.00165938 0.000664622 -0.00302288 0.00524443 0.00230114 0.00879407 0.00876359 0.003125 -0.000775194 -0.00352011 -0.00612178
internal_weight=129348 63688 55300 5360 8388 7524 49940 30074 2688 5892 5342 4046 19866 18330 13530 2974 65660 30621 12768 17853 10269 4896 9696 5280 2496 4416 2112 4128 2784 2291
internal_count=129348 63688 55300 5360 8388 7524 49940 30074 2688 5892 5342 4046 19866 18330 13530 2974 65660 30621 12768 17853 10269 4896 9696 5280 2496 4416 2112 4128 2784 2291
is_linear=0
shrinkage=0.05


Tree=71
num_leaves=31
num_cat=0
split_feature=9 0 0 3 8 8 0 0 0 10 4 11 10 8 0 3 1 3 0 4 4 3 4 4 3 9 3 8 9 8
split_gain=74.0897 38.6199 60.9382 44.1841 54.1483 46.7284 40.1434 38.3006 71.3594 43.3161 41.5108 37.4598 40.4351 51.9472 37.0251 32.0214 31.1983 29.0696 33.7063 28.3291 30.5462 27.6652 26.7729 26.3785 34.5291 28.9373 28.7163 48.1301 32.9304 25.6208
threshold=28.905208333333334 35.500000000000007 44.500000000000007 -0.96235977360714686 33.050000000000004 31.350000000000005 5.5000000000000009 72.500000000000014 80.500000000000014 1.0000000180025095e-35 0.80290535434334509 1.1135526900622577 1.0000000180025095e-35 32.050000000000004 58.500000000000007 -0.73866753694953124 5.5000000000000009 -0.13398594226331254 74.500000000000014 -0.98521978256641018 -0.97874870457683594 -0.62588817255938378 -0.42179730054635828 -0.34234976856068178 -0.2102246306142678 26.49270833333334 0.65883702558178847 25.650000000000002 26.947656250000005 33.750000000000007
decision_type=2 2 2 2 2 2 2 2 2 2 2 2 2 2 2 2 2 2 2 2 2 2 2 2 2 2 2 2 2 2
left_child=1 6 29 4 5 -4 -1 14 17 10 21 12 -2 -14 -5 -13 -16 -9 -19 -15 -21 -10 -20 25 -25 -11 -26 -28 -29 -3
right_child=11 2 3 7 -6 -7 -8 8 9 23 -12 15 13 19 16 -17 -18 18 22 20 -22 -23 -24 24 26 -27 27 28 -30 -31
leaf_value=-0.0090900043919674555 0.0060390886293916427 -0.033503048402204173 -0.022040146743637481 0.0084289540536474309 0.084596923676872396 -0.10182231343724696 0.01934118838523631 -0.0059622791515792535 0.047314509701111979 -0.20362183047344473 0.07200920179867154 0.094655806110149149 0.1056210048615796 -0.080361561131690004 0.028601216167054133 -0.069783659947745491 0.088074997685588852 0.0062294116578307523 0.02843484904789122 0.074575556315710403 -0.03213267619313314 -0.020381605074542366 -0.10991581639682835 0.037346286777124503 -0.031979106840806536 -0.02070502251605575 0.064052535938430563 -0.033657352343729484 0.095960060789363422 -0.13454052857472193
leaf_weight=5541 18814 7776 3315 11476 765 1224 27710 2856 1140 285 2085 384 672 3154 9772 4504 1706 926 348 740 12397 1500 2430 1770 1620 1963 540 1050 345 540
leaf_count=5541 18814 7776 3315 11476 765 1224 27710 2856 1140 285 2085 384 672 3154 9772 4504 1706 926 348 740 12397 1500 2430 1770 1620 1963 540 1050 345 540
internal_value=0.000216084 0.00102641 0.000218285 0.000914764 -0.00338424 -0.00545825 0.00237361 0.00146011 -0.00020946 0.00203692 0.00579365 -0.00155109 -0.000990161 -0.00276042 0.00283175 -0.00565671 0.00483969 -0.00442073 -0.00734341 -0.00332239 -0.00230075 0.00162879 -0.0100972 -0.000307012 0.00161033 -0.00484875 -0.00123066 0.00288114 -0.00202509 -0.00372775
internal_weight=129348 88683 55432 47116 5304 4539 33251 41812 18858 12298 4725 40665 35777 16963 22954 4888 11478 6560 3704 16291 13137 2640 2778 7573 5325 2248 3555 1935 1395 8316
internal_count=129348 88683 55432 47116 5304 4539 33251 41812 18858 12298 4725 40665 35777 16963 22954 4888 11478 6560 3704 16291 13137 2640 2778 7573 5325 2248 3555 1935 1395 8316
is_linear=0
shrinkage=0.05


Tree=72
num_leaves=31
num_cat=0
split_feature=4 0 0 0 0 10 0 4 1 0 9 4 3 11 9 3 4 9 4 11 8 0 0 0 0 11 8 8 1 3
split_gain=67.0558 52.7327 55.8054 70.9948 52.0858 55.9546 45.4244 43.3736 39.8174 34.1524 32.6747 31.5121 41.014 40.6668 31.0208 29.0881 28.3951 26.141 27.4295 26.0347 25.655 24.5819 49.0482 42.3438 29.8359 26.2814 24.2271 29.5516 25.3681 23.1691
threshold=-0.13398942717002907 3.5000000000000004 38.500000000000007 23.500000000000004 17.500000000000004 1.0000000180025095e-35 93.500000000000014 0.98332250088165762 5.5000000000000009 31.500000000000004 32.288020833333341 -0.46800559042974538 -0.11692013674435776 1.0871761346197866 16.601302083333337 -0.96235977360714686 -0.27694043983797384 12.703645833333335 -0.082691941062253513 0.93041277635383546 14.100000000000001 86.500000000000014 69.500000000000014 50.500000000000007 77.500000000000014 1.1135526900622577 29.950000000000003 33.850000000000001 2.5000000000000004 -0.32614396506100213
decision_type=2 2 2 2 2 2 2 2 2 2 2 2 2 2 2 2 2 2 2 2 2 2 2 2 2 2 2 2 2 2
left_child=1 -1 3 11 5 14 8 26 20 -5 15 12 13 29 -2 -4 -13 -10 -19 -9 -6 22 23 25 -24 -12 -7 -28 -29 -3
right_child=4 2 10 9 6 7 -8 19 17 -11 21 16 -14 -15 -16 -17 -18 18 -20 -21 -22 -23 24 -25 -26 -27 27 28 -30 -31
leaf_value=-0.0815364710056386 0.073382182340071725 0.03396607611427243 -0.065468562201711225 0.066594165860797014 -0.078166871214211398 0.01934413735729237 0.053486292081061038 0.064285583104032901 -0.042078290363189552 0.013668796626411251 0.032289106651136733 -0.085733559784272731 -0.022585342380379816 -0.056446937743618975 0.026928347927866983 -0.0087230111186173079 0.00051178321511073936 -0.23571298259063839 0.041755404282415046 -0.028876945890679198 -0.00026204252041281965 -0.16161470908785633 0.11568473561498963 -0.16128071641841474 -0.040152139787888078 -0.22600791033088399 -0.034011713343905119 0.14787528117460697 -0.070166965117131497 0.10334367295357511
leaf_weight=2636 2214 2719 1539 5280 456 4392 1378 72 988 4610 1316 1400 6092 1120 3240 28733 980 76 6612 702 44231 1144 1011 2418 1142 200 1548 180 54 865
leaf_count=2636 2214 2719 1539 5280 456 4392 1378 72 988 4610 1316 1400 6092 1120 3240 28733 980 76 6612 702 44231 1144 1011 2418 1142 200 1548 180 54 865
internal_value=0.000215697 -0.000948896 -0.000647609 0.00128761 0.00132856 0.00424931 0.000654528 0.00127375 0.000418712 0.00448938 -0.00183785 -0.00111566 3.24194e-05 0.00353954 0.00803997 -0.00111654 -0.00632353 0.00374544 0.00486693 -0.00988372 -0.000152729 -0.00485756 -0.00359372 -0.00691408 0.00247329 -0.000362797 0.0026725 -0.00224467 0.0143162 0.00613839
internal_weight=129348 63205 60569 23066 66143 12402 53741 6948 52363 9890 37503 13176 10796 4704 5454 30272 2380 7676 6688 774 44687 7231 6087 3934 2153 1516 6174 1782 234 3584
internal_count=129348 63205 60569 23066 66143 12402 53741 6948 52363 9890 37503 13176 10796 4704 5454 30272 2380 7676 6688 774 44687 7231 6087 3934 2153 1516 6174 1782 234 3584
is_linear=0
shrinkage=0.05


Tree=73
num_leaves=31
num_cat=0
split_feature=4 3 11 11 11 11 9 8 11 8 10 4 4 8 0 0 8 0 4 4 8 11 11 3 8 3 3 3 9 1
split_gain=62.9536 64.4203 37.5765 42.3608 81.4497 35.6364 33.4267 41.4419 65.6474 52.5295 32.9164 77.3952 46.005 73.2641 45.3327 51.6548 42.5854 38.477 36.1883 32.6875 49.4619 32.5088 31.4837 30.271 43.6148 37.575 28.1771 28.0699 37.1382 27.9365
threshold=-0.91249077947840473 1.0000000180025095e-35 0.99547686574958993 0.80519389663381347 0.82284707828887094 1.0871761346197866 35.273437500000007 39.550000000000004 1.0492608630788383 38.150000000000013 1.0000000180025095e-35 0.689015599449598 0.85561368268953431 19.550000000000004 19.500000000000004 60.500000000000007 31.850000000000005 8.5000000000000018 0.88117331841669433 0.76002003530985496 29.350000000000005 0.99517992508811626 1.0770647974085301 -0.57078386445773377 37.550000000000004 0.70290292807158605 0.30983042691905771 -0.9731273977605811 27.773177083333334 4.5000000000000009
decision_type=2 2 2 2 2 2 2 2 2 2 2 2 2 2 2 2 2 2 2 2 2 2 2 2 2 2 2 2 2 2
left_child=1 5 3 -2 -5 22 7 8 9 26 11 16 13 -12 -13 -16 -4 -15 -14 20 -19 27 -1 -18 -25 -26 -3 28 29 -6
right_child=2 6 10 4 21 -7 -8 -9 -10 -11 12 14 18 17 15 -17 23 19 -20 -21 -22 -23 -24 24 25 -27 -28 -29 -30 -31
leaf_value=0.015992416589334368 -0.045310242773773268 -0.047841396309070916 -0.035910958191510647 0.14349596114793145 0.013966257838822571 -0.055706766938347134 0.071525390870166919 -0.18628632173210136 -0.12039035672210119 0.13659386950893904 0.058045452842522854 0.064104700112724802 -0.092328237544305136 -0.045993011355044189 -0.0077280889641727418 0.05282992637937696 0.062798228184419713 0.031303002506382425 -0.019815529758474781 -0.038888433972158513 -0.0061490160281792335 0.10846357908803697 0.31900538065623468 -0.048158236529697265 -0.016945200529986694 0.075080765931033966 0.05116793200952046 0.016796600433387709 -0.089613710745309313 -0.12404047638551106
leaf_weight=7828 2208 4114 4704 576 2688 2688 768 2100 2484 576 672 2180 576 2481 4469 3815 2304 4260 7200 957 18743 576 192 3070 2494 1918 576 41075 576 480
leaf_count=7828 2208 4114 4704 576 2688 2688 768 2100 2484 576 672 2180 576 2481 4469 3815 2304 4260 7200 957 18743 576 192 3070 2494 1918 576 41075 576 480
internal_value=0.000208353 -0.00227422 0.000698469 0.00173779 0.00206271 0.000462271 -0.0050339 -0.00581726 -0.00412903 -0.000968477 -0.000138278 0.0012483 -0.00113001 -0.000157673 0.00452504 0.00283679 -0.00111801 -0.000572028 -0.00452032 4.17362e-05 0.000418424 0.00182564 0.00213217 0.000761292 -0.000781877 0.00240254 -0.00271855 0.00167396 -0.00247062 -0.000347222
internal_weight=129348 21326 108022 48179 45971 10708 10618 9850 7750 5266 59843 24954 34889 27113 10464 8284 14490 26441 7776 23960 23003 45395 8020 9786 7482 4412 4690 44819 3744 3168
internal_count=129348 21326 108022 48179 45971 10708 10618 9850 7750 5266 59843 24954 34889 27113 10464 8284 14490 26441 7776 23960 23003 45395 8020 9786 7482 4412 4690 44819 3744 3168
is_linear=0
shrinkage=0.05


Tree=74
num_leaves=31
num_cat=0
split_feature=7 0 0 0 0 0 0 3 4 8 1 9 0 0 0 3 3 4 4 5 0 0 10 0 10 11 8 8 8 0
split_gain=57.1294 57.216 48.1331 27.7167 39.457 67.9075 30.5589 29.6604 36.8407 27.8175 26.2771 26.1906 27.55 45.2778 33.359 35.47 28.8912 25.6258 22.7856 22.7424 30.4241 41.5322 26.6468 26.57 25.6508 24.3886 23.2923 23.0829 22.1938 22.0608
threshold=27.387500000000006 85.500000000000014 4.5000000000000009 93.500000000000014 72.500000000000014 79.500000000000014 1.5000000000000002 0.022575936829235418 0.63755505330306683 29.150000000000002 5.5000000000000009 9.2812500000000018 59.500000000000007 36.500000000000007 43.500000000000007 0.88220160189607266 -0.159513159777915 0.24164313636530552 -0.42179730054635828 1.0000000180025095e-35 32.500000000000007 20.500000000000004 1.0000000180025095e-35 62.500000000000007 1.0000000180025095e-35 1.145836891908117 37.050000000000004 34.250000000000007 41.45000000000001 74.500000000000014
decision_type=2 2 2 2 2 2 2 2 2 2 2 2 2 2 2 2 2 2 2 2 2 2 2 2 2 2 2 2 2 2
left_child=3 2 -2 4 6 18 -1 8 9 -7 19 -8 13 -13 -15 -16 -14 -11 -6 20 21 22 28 25 29 -22 -24 -21 -4 -25
right_child=1 -3 10 -5 5 7 11 -9 -10 17 -12 12 16 14 15 -17 -18 -19 -20 27 23 -23 26 24 -26 -27 -28 -29 -30 -31
leaf_value=-0.028074280726259816 -0.1105085424945223 -0.076510529422701978 0.035789192443915145 0.045011547246329546 0.042918891287884266 -0.047774869639849983 -0.045989623840664254 -0.012098542849288664 0.032851625908983099 -0.001404593424850731 0.027692569251976808 0.014482392506550923 0.0069813782038110617 -0.065344834355629197 -0.0025200235368629366 0.082986856505335993 0.048965098294760173 0.06780607283169289 -0.055539029072889434 0.074391138767101947 -0.028143993100045606 0.050654249886034113 -0.032780032433485928 0.070943930906872052 -0.018006462603587181 -0.12189463701491193 -0.16243228381933861 -0.020928818050387578 -0.069997190842425991 -0.010788280837481068
leaf_weight=2059 1526 4072 1254 2007 426 812 852 6060 2660 2206 7167 36032 2683 3865 6623 563 4118 638 4675 1508 18702 3433 652 2968 7080 958 404 944 223 2178
leaf_count=2059 1526 4072 1254 2007 426 812 852 6060 2660 2206 7167 36032 2683 3865 6623 563 4118 638 4675 1508 18702 3433 652 2968 7080 958 404 944 223 2178
internal_value=0.000189025 -0.00107078 -0.000597486 0.0010655 0.000908822 -0.00116868 0.00154811 0.000832256 0.00322989 -2.73523e-05 -0.000316509 0.00177306 0.00191059 0.0014809 -0.00131889 0.000695797 0.00488531 0.00230309 -0.00602333 -0.000812574 -0.00111487 0.00216225 -0.00269443 -0.00172803 0.000102241 -0.00286623 -0.00875947 0.003854 0.00164184 0.00278857
internal_weight=129348 53069 48997 76279 74272 17477 56795 12376 6316 3656 47471 54736 53884 47083 11051 7186 6801 2844 5101 40304 37852 5966 2533 31886 12226 19660 1056 2452 1477 5146
internal_count=129348 53069 48997 76279 74272 17477 56795 12376 6316 3656 47471 54736 53884 47083 11051 7186 6801 2844 5101 40304 37852 5966 2533 31886 12226 19660 1056 2452 1477 5146
is_linear=0
shrinkage=0.05


Tree=75
num_leaves=31
num_cat=0
split_feature=4 0 0 0 10 4 0 0 0 0 3 10 3 4 7 7 1 9 7 3 11 11 8 8 8 11 11 0 11 3
split_gain=54.2406 45.3715 44.6284 46.39 44.3652 42.4504 39.6876 50.5763 77.8518 56.8761 49.0486 39.4198 52.3524 51.191 62.411 39.3734 34.4343 33.244 32.68 31.5074 34.9514 31.1603 29.981 29.8153 29.4498 28.2647 27.8244 35.7216 38.0248 25.9338
threshold=-0.13398942717002907 18.500000000000004 2.5000000000000004 77.500000000000014 1.0000000180025095e-35 0.98332250088165762 87.500000000000014 72.500000000000014 58.500000000000007 78.500000000000014 0.01505151768384008 1.0000000180025095e-35 0.7090011537757156 0.96407344085605606 30.012500000000006 29.812500000000004 5.5000000000000009 26.423697916666669 27.587500000000006 -0.89015004145349408 0.89108496733767706 1.0286377156291111 22.350000000000005 31.850000000000005 33.750000000000007 1.0923437463937298 0.99854175964657033 36.500000000000007 1.0702111354222905 0.77788564761185042
decision_type=2 2 2 2 2 2 2 2 2 2 2 2 2 2 2 2 2 2 2 2 2 2 2 2 2 2 2 2 2 2
left_child=2 4 -1 19 22 -6 7 8 11 -9 -11 12 -3 14 26 -14 24 -5 -19 20 -4 -22 -2 -21 -10 -20 -13 -28 29 -29
right_child=1 6 3 17 5 -7 -8 9 16 10 -12 13 15 -15 -16 -17 -18 18 25 23 21 -23 -24 -25 -26 -27 27 28 -30 -31
leaf_value=-0.089582031535897499 0.069244805373384108 -0.009064559070110079 -0.13817037094261836 -0.15582187103755346 0.012305046961517975 -0.021759714405965271 0.024885873709669683 -0.058653288044571643 0.02138143461798947 0.0242303660762083 -0.031221178723147603 0.045940637911778028 -0.089985186280263474 -0.044731320256571651 -0.078284575232072495 0.040950450258485205 0.088921805220419259 0.010084042884435008 -0.033581770549008641 0.030043778831225155 -0.00033956044188983016 -0.10216542224653154 0.023541788929723851 -0.0016005914292719582 0.13069713805253189 -0.12072801054578407 0.020241818455287587 -0.041406283628614919 0.11788066166257921 -0.22926971189175022
leaf_weight=1976 2185 9720 600 486 6517 817 5512 4134 7868 3096 3105 6095 2099 2440 1477 301 1414 3670 6094 7797 3225 750 3572 37006 364 1601 2868 1919 229 411
leaf_count=1976 2185 9720 600 486 6517 817 5512 4134 7868 3096 3105 6095 2099 2440 1477 301 1414 3670 6094 7797 3225 750 3572 37006 364 1601 2868 1919 229 411
internal_value=0.000168924 0.00116981 -0.000878491 -0.000639811 0.00380605 0.00122716 0.000519302 5.3639e-05 0.000913184 -0.00304064 -1.20948e-05 -0.000439965 -0.00257426 0.00123551 0.00248288 -0.0091875 0.00477918 -0.00344908 -0.00290145 3.44283e-05 -0.00391803 -0.00222013 0.00709137 0.000438029 0.00354106 -0.00475309 0.00372331 0.0011194 -0.00317507 -0.00508584
internal_weight=129348 66143 63205 61229 13091 7334 53052 47540 37205 10335 6201 27559 12120 15439 12999 2400 9646 11851 11365 49378 4575 3975 5757 44803 8232 7695 11522 5427 2559 2330
internal_count=129348 66143 63205 61229 13091 7334 53052 47540 37205 10335 6201 27559 12120 15439 12999 2400 9646 11851 11365 49378 4575 3975 5757 44803 8232 7695 11522 5427 2559 2330
is_linear=0
shrinkage=0.05


Tree=76
num_leaves=31
num_cat=0
split_feature=4 3 11 11 11 11 11 9 8 11 8 11 10 4 4 8 8 0 0 0 0 4 3 8 8 3 8 9 10 4
split_gain=51.9676 58.7956 32.9009 32.1017 37.6246 74.8476 30.6693 30.1439 39.7835 54.9614 45.9964 29.4685 28.8124 68.4306 44.2228 68.5182 40.0587 35.6493 44.2569 35.3825 34.8814 33.7606 28.0021 38.5121 34.6608 26.0681 25.9919 83.0881 45.3111 41.5648
threshold=-0.91249077947840473 1.0000000180025095e-35 1.0871761346197866 0.99547686574958993 0.80519389663381347 0.82284707828887094 1.0770647974085301 35.273437500000007 39.550000000000004 1.0492608630788383 38.150000000000013 0.99466861273465434 1.0000000180025095e-35 0.689015599449598 0.85561368268953431 19.250000000000004 31.850000000000005 19.500000000000004 60.500000000000007 12.500000000000002 35.500000000000007 0.88117331841669433 -0.57078386445773377 37.550000000000004 44.000000000000007 -0.69057362043749781 24.550000000000004 15.127864583333336 1.0000000180025095e-35 0.98770287048522643
decision_type=2 2 2 2 2 2 2 2 2 2 2 2 2 2 2 2 2 2 2 2 2 2 2 2 2 2 2 2 2 2
left_child=1 2 6 4 -2 -6 -1 8 9 10 -3 26 13 16 15 -14 -5 -15 -19 -17 -21 -16 25 -24 -25 -18 27 -7 29 -29
right_child=3 7 -4 12 5 11 -8 -9 -10 -11 -12 -13 14 17 21 19 22 18 -20 20 -22 -23 23 24 -26 -27 -28 28 -30 -31
leaf_value=0.01587046820838367 -0.042745233929016996 -0.026621511828021485 -0.0512696514425258 -0.034932820318221758 0.13526665268767957 -0.0064409896656115965 0.30099978507487041 0.068960562761317595 -0.17576254652331544 -0.11084587454196182 0.13254774263409388 0.06887560856919564 0.05843174515093566 0.057792150020844701 -0.088693249369795529 -0.035427185089426418 0.028393135672969552 -0.0072262107063366448 0.049125639981306791 0.017585991783873569 -0.008384476996386071 -0.0184296593930128 -0.044956992880102575 0.035064595277720656 -0.14531708568956178 0.17360933406155965 0.0067614844356491234 -0.012719524407329175 0.066744118716516712 0.16794919643557052
leaf_weight=7828 2208 4690 2688 4704 576 5088 192 768 2100 2484 576 1152 576 2180 576 3598 1920 4469 3815 6369 16570 7200 3070 4028 384 384 33396 1728 3455 576
leaf_count=7828 2208 4690 2688 4704 576 5088 192 768 2100 2484 576 1152 576 2180 576 3598 1920 4469 3815 6369 16570 7200 3070 4028 384 384 33396 1728 3455 576
internal_value=0.000168924 -0.00208665 0.000527643 0.000614227 0.00157486 0.00188108 0.00213217 -0.00472311 -0.00546701 -0.0038129 -0.000921003 0.00165382 -0.000159166 0.00113809 -0.00108702 -0.0001337 -0.00108696 0.00421923 0.00272211 -0.000504013 0.000219059 -0.00441101 0.000735745 -0.000748463 0.00224388 0.00555556 0.00144825 0.00357472 0.00768797 0.00225694
internal_weight=129348 21326 10708 108022 48179 45971 8020 10618 9850 7750 5266 45395 59843 24954 34889 27113 14490 10464 8284 26537 22939 7776 9786 7482 4412 2304 44243 10847 5759 2304
internal_count=129348 21326 10708 108022 48179 45971 8020 10618 9850 7750 5266 45395 59843 24954 34889 27113 14490 10464 8284 26537 22939 7776 9786 7482 4412 2304 44243 10847 5759 2304
is_linear=0
shrinkage=0.05


Tree=77
num_leaves=31
num_cat=0
split_feature=9 0 0 4 10 4 0 0 0 3 4 0 10 0 0 0 8 10 11 7 3 8 4 5 8 8 0 3 8 9
split_gain=49.2862 37.6588 58.6147 64.6398 57.8691 48.2169 45.1163 58.7957 49.8356 49.2784 41.0011 34.0939 51.3899 63.0056 49.4445 62.6715 32.4107 30.6001 24.6036 42.8096 24.2706 23.0111 27.9026 24.8255 24.6948 22.7631 34.6534 23.6805 26.5219 29.0573
threshold=32.288020833333341 73.500000000000014 79.500000000000014 -0.61236746317008228 1.0000000180025095e-35 0.80798785254895478 59.500000000000007 36.500000000000007 3.5000000000000004 0.30983042691905771 -0.70900320270980455 49.500000000000007 1.0000000180025095e-35 23.500000000000004 66.500000000000014 80.500000000000014 44.000000000000007 1.0000000180025095e-35 1.145836891908117 28.487500000000004 1.0000000180025095e-35 33.350000000000001 0.97263757644091875 1.0000000180025095e-35 17.850000000000005 40.350000000000001 23.500000000000004 0.30983042691905771 39.650000000000013 32.882812500000007
decision_type=2 2 2 2 2 2 2 2 2 2 2 2 2 2 2 2 2 2 2 2 2 2 2 2 2 2 2 2 2 2
left_child=1 6 3 -3 5 -4 7 8 -1 17 -6 12 16 -14 -13 -16 18 -8 20 -20 -2 22 23 24 -9 27 -27 28 29 -22
right_child=11 2 4 -5 10 -7 9 21 -10 -11 -12 14 13 -15 15 -17 -18 -19 19 -21 25 -23 -24 -25 -26 26 -28 -29 -30 -31
leaf_value=-0.020493648801640063 0.12509966937065614 0.019910247104008506 0.0089458657664962977 -0.068429290014073274 -0.057890602914066849 0.061517319237899673 0.04804045217236208 0.10415387000562362 0.013615860717789731 0.055403824879446978 -0.0010722338336158544 -0.17402511722764302 -0.13544605373785146 0.014170699239161878 0.067272511528275916 -0.11469313719462093 -0.14625380233891647 -0.0074957729952970457 0.091982909658035794 -0.17854178189136577 -0.19218894936120848 -0.048024491172176199 -0.065259085595231178 0.060248948756207454 -0.0064991489686192956 -0.00085422714606053773 0.20713656235128397 0.10547638278331989 -0.19076793441581047 0.074340501292945768
leaf_weight=4883 550 2058 5536 5262 3113 2192 4312 322 40272 6325 8686 2161 1050 1117 1775 1906 200 6437 113 387 200 6794 2530 1150 17267 768 832 300 350 500
leaf_count=4883 550 2058 5536 5262 3113 2192 4312 322 40272 6325 8686 2161 1050 1117 1775 1906 200 6437 113 387 200 6794 2530 1150 17267 768 832 300 350 500
internal_value=0.000158487 0.000473583 -0.00117052 -0.00498634 0.000259897 0.00362319 0.000962433 0.00042271 0.0015397 0.00327691 -0.00194296 -0.00286469 -0.000333752 -0.00658745 -0.00562307 -0.00209861 0.00289286 0.00121639 0.003875 -0.0065 0.00535714 -0.00137459 -0.000565377 0.000100059 -0.000365285 0.00355932 0.00759375 -0.00122222 -0.0047619 0.000857143
internal_weight=129348 117139 26847 7320 19527 7728 90292 73218 45155 17074 11799 12209 6367 2167 5842 3681 4200 10749 4000 500 3500 28063 21269 18739 17589 2950 1600 1350 1050 700
internal_count=129348 117139 26847 7320 19527 7728 90292 73218 45155 17074 11799 12209 6367 2167 5842 3681 4200 10749 4000 500 3500 28063 21269 18739 17589 2950 1600 1350 1050 700
is_linear=0
shrinkage=0.05


Tree=78
num_leaves=31
num_cat=0
split_feature=4 3 11 3 0 0 4 9 0 0 0 3 3 3 1 9 8 11 8 10 3 11 11 3 1 11 3 4 3 7
split_gain=44.5404 52.043 30.0258 30.543 27.914 61.2753 61.0428 46.6859 41.7518 46.341 41.5455 37.3495 31.538 30.2152 28.4716 27.4784 34.1259 51.264 39.4711 27.2097 68.5723 26.7735 28.4565 25.5312 26.5271 24.9021 33.1901 25.1768 22.7518 22.0943
threshold=-0.91249077947840473 1.0000000180025095e-35 1.0871761346197866 -0.32614396506100213 73.500000000000014 79.500000000000014 -0.61236746317008228 20.344270833333336 59.500000000000007 35.500000000000007 4.5000000000000009 0.9193901325473397 -0.2102246306142678 0.44505654568748165 5.5000000000000009 35.273437500000007 39.550000000000004 1.0492608630788383 38.150000000000013 1.0000000180025095e-35 0.78857998149907527 0.88579141231058722 1.0770647974085301 0.21862473630160603 4.5000000000000009 0.9510013064145737 0.70290292807158605 0.20812153622207724 0.54940630780725741 24.462500000000006
decision_type=2 2 2 2 2 2 2 2 2 2 2 2 2 2 2 2 2 2 2 2 2 2 2 2 2 2 2 2 2 2
left_child=1 2 3 -1 8 6 -6 12 9 10 -2 14 -7 -9 -10 16 17 18 23 28 -21 -5 -23 29 -25 -15 -27 -28 -14 -3
right_child=4 15 -4 21 5 7 -8 13 11 -11 -12 -13 19 25 -16 -17 -18 -19 -20 20 -22 22 -24 24 -26 26 27 -29 -30 -31
leaf_value=-0.028238409494360895 -0.016159095136273293 0.15344785089935159 -0.04887118781388864 0.097249138043034838 0.038202908949044462 0.040960276969974535 -0.065144426521023036 0.0078677976173658244 0.012194613334102655 -0.012148859203737317 0.013710221369169063 0.081384557426525117 0.066957725991025549 -0.10884938378785236 0.064692818970839033 0.062585305312543943 -0.16056277904679706 -0.10236187620506883 0.12352000719078121 -0.028636627790676529 0.065833110240825485 0.014945883616899636 0.28511164312558179 -0.016967931073276078 0.096513846442245921 -0.10822756836915488 0.016314000261203887 -0.044288571922732702 -0.0034096212059367306 -0.060381822570978731
leaf_weight=2016 5630 67 2688 1134 1458 1664 5292 6560 11766 26990 34895 1918 1488 896 2069 768 2100 2484 576 2080 384 4678 192 1056 480 1030 2510 560 832 3087
leaf_count=2016 5630 67 2688 1134 1458 1664 5292 6560 11766 26990 34895 1918 1488 896 2069 768 2100 2484 576 2080 384 4678 192 1056 480 1030 2510 560 832 3087
internal_value=0.000146891 -0.00194129 0.000518304 0.00205112 0.000559145 -0.000915004 -0.00497778 0.000608198 0.000997382 0.000456565 0.0015256 0.00331524 0.00401675 -0.0012937 0.00240875 -0.00442174 -0.00513198 -0.0036 -0.000807064 0.00195443 -0.00170455 0.00383911 0.00222793 -0.00232409 0.00296224 -0.00422338 -0.00257317 3.25733e-05 0.00584052 -0.00489854
internal_weight=129348 21326 10708 8020 108022 24754 6750 18004 83268 67515 40525 15753 6448 11556 13835 10618 9850 7750 5266 4784 2464 6004 4870 4690 1536 4996 4100 3070 2320 3154
internal_count=129348 21326 10708 8020 108022 24754 6750 18004 83268 67515 40525 15753 6448 11556 13835 10618 9850 7750 5266 4784 2464 6004 4870 4690 1536 4996 4100 3070 2320 3154
is_linear=0
shrinkage=0.05


Tree=79
num_leaves=31
num_cat=0
split_feature=9 4 9 0 0 0 3 0 4 9 0 4 1 3 0 11 0 0 7 8 11 0 3 9 10 3 10 10 3 9
split_gain=41.1349 43.804 42.0623 33.048 38.89 53.2079 65.2838 52.0246 44.5789 44.5471 35.3965 35.4458 33.7923 30.1942 34.3759 29.3069 27.371 32.5952 27.643 28.1372 27.0663 25.8144 24.14 22.2138 20.6632 19.9176 19.6674 18.5224 57.2008 18.4515
threshold=33.072916666666671 -0.98521978256641018 28.535937499999999 35.500000000000007 51.500000000000007 73.500000000000014 0.9053161325100999 80.500000000000014 -0.62587551141915865 20.344270833333336 1.5000000000000002 -0.96466008222729416 5.5000000000000009 -0.05695216311707673 77.500000000000014 1.0226926418345352 86.500000000000014 7.5000000000000009 36.912500000000016 40.650000000000013 0.9111617968768696 21.500000000000004 -0.17647087149565668 10.710937500000002 1.0000000180025095e-35 -0.96902457013955734 1.0000000180025095e-35 1.0000000180025095e-35 0.78857998149907527 29.557031250000005
decision_type=2 2 2 2 2 2 2 2 2 2 2 2 2 2 2 2 2 2 2 2 2 2 2 2 2 2 2 2 2 2
left_child=1 2 -1 10 23 6 12 8 -7 22 -3 -12 -6 14 -10 -4 17 -2 21 -20 -8 26 -9 -5 -11 -16 -19 -24 -29 -17
right_child=16 3 15 4 5 7 20 9 13 24 11 -13 -14 -15 25 29 -18 18 19 -21 -22 -23 27 -25 -26 -27 -28 28 -30 -31
leaf_value=0.096811088862629902 -0.11146358327637956 -0.027566115892757637 -0.025142467295317064 -0.14363034262736463 0.0044216408496254187 0.014258146503924964 -0.038025427331479025 0.038211350258870881 -0.053486398852176369 0.011235691157605743 0.087907917729329918 0.011239633969980645 0.0472810943176043 -0.09253981982138626 -0.069886450333594044 0.033022235048298397 -0.14582241431623544 -0.0027298060676891112 -0.18719620835578185 -0.0029920182592526601 0.084015897141681964 0.047320108674941255 0.039870278656323421 -0.020404482805609803 -0.021711280802273338 0.03837788874439383 -0.11383580707895505 -0.023102416254589288 0.063146604055860686 -0.11858098450068014
leaf_weight=470 738 2384 3648 480 19479 2128 176 1680 1716 4410 1590 38924 3433 3206 294 192 829 854 1336 1524 3102 3137 2115 18583 7419 993 448 1890 360 1810
leaf_count=470 738 2384 3648 480 19479 2128 176 1680 1716 4410 1590 38924 3433 3206 294 192 829 854 1336 1524 3102 3137 2115 18583 7419 993 448 1890 360 1810
internal_value=0.000145731 0.00038761 -0.00373366 0.000608157 -5.0375e-05 0.000653136 0.00224704 -0.000939491 -0.00420115 0.000581851 0.00170521 0.00205361 0.00130281 -0.0063416 -0.00273893 -0.0049292 -0.00314121 -0.00224897 -0.00123647 -0.00506993 0.00884686 0.00123339 0.00407361 -0.00198421 -0.00120255 0.00343823 -0.0046851 0.0021134 -0.00104444 -0.00979021
internal_weight=129348 120482 6120 114362 71464 52401 26190 26211 8337 17874 42898 40514 22912 6209 3003 5650 8866 8037 7299 2860 3278 4439 6045 19063 11829 1287 1302 4365 2250 2002
internal_count=129348 120482 6120 114362 71464 52401 26190 26211 8337 17874 42898 40514 22912 6209 3003 5650 8866 8037 7299 2860 3278 4439 6045 19063 11829 1287 1302 4365 2250 2002
is_linear=0
shrinkage=0.05


Tree=80
num_leaves=31
num_cat=0
split_feature=8 0 0 0 11 9 8 1 3 4 3 9 4 4 8 11 10 9 3 8 11 3 8 9 11 11 9 4 9 9
split_gain=39.3767 27.596 34.4285 51.6849 25.1629 24.9043 48.3069 60.6874 57.8142 41.8191 50.063 43.6092 70.4711 40.0673 44.8572 36.0923 39.1503 79.7716 86.929 83.679 42.3688 35.8447 54.4246 32.9009 40.9468 32.4267 31.5445 31.1114 28.8128 28.4214
threshold=31.150000000000002 2.5000000000000004 35.500000000000007 24.500000000000004 1.1855674041436206 13.811458333333336 24.450000000000003 1.5000000000000002 0.64579916509010216 -0.091258822863740666 -0.73866753694953124 26.585416666666671 -0.022575793296316496 0.29137697329261131 26.850000000000005 0.9655108416535565 1.0000000180025095e-35 12.070312500000002 0.20180702842483325 20.200000000000006 1.0114098712100164 0.52033990680116082 19.550000000000004 14.627864583333336 1.0912314765539939 0.97260028685364042 26.111979166666668 0.99981043035926087 14.777604166666668 17.220572916666669
decision_type=2 2 2 2 2 2 2 2 2 2 2 2 2 2 2 2 2 2 2 2 2 2 2 2 2 2 2 2 2 2
left_child=5 -2 3 -3 -4 15 7 23 9 10 26 12 -11 -10 -15 -1 17 18 20 25 -17 -18 -23 24 -7 -19 -8 -27 -25 -14
right_child=1 2 4 -5 -6 6 8 -9 13 11 -12 -13 29 14 -16 16 21 19 -20 -21 -22 22 -24 28 -26 27 -28 -29 -30 -31
leaf_value=-0.061352943850414482 -0.06422066515719678 -0.004726154641962666 -0.013936771429075635 0.038408319138501672 -0.11405633601891624 -0.067410357559818834 -0.13462826871391939 0.037832552158492662 0.013592498280880251 0.13495696754281214 0.032775371023156911 -0.13490941860990377 -0.054510584978795865 -0.011544758603158557 -0.067854897782908805 0.12940681819063826 -0.020957737514014241 0.06714479490359225 0.19481321358204298 0.094569776913132134 -0.0041033499818837532 0.05159380848397177 -0.022825454658159574 0.10868061353642063 0.13291561998976251 -0.063957663485361138 -0.022163605257727426 0.17196198031710708 -0.002942106145172119 0.021920847600993911
leaf_weight=1056 1991 14606 38938 7313 840 768 480 10559 3357 768 3552 384 576 4512 2304 288 6528 288 960 768 1536 672 576 288 96 2208 4896 96 2784 15360
leaf_count=1056 1991 14606 38938 7313 840 768 480 10559 3357 768 3552 384 576 4512 2304 288 6528 288 960 768 1536 672 576 288 96 2208 4896 96 2784 15360
internal_value=0.000137613 -0.000748179 -0.00056121 0.00102993 -0.00143798 0.000996802 0.00152612 0.00396516 0.0005492 0.00179889 -0.000974462 0.00324789 0.00363087 -0.00264671 -0.00484888 -0.000794605 -0.000118534 0.00286458 0.00912356 -0.00232143 0.00271382 -0.00247557 0.00528846 -0.00133384 -0.0099537 -0.00661651 -0.00401786 -0.00859375 0.00109049 0.00291792
internal_weight=129348 63688 61697 21919 39778 65660 50684 14495 36189 26016 8928 17088 16704 10173 6816 14976 13920 6144 2784 3360 1824 7776 1248 3936 864 2592 5376 2304 3072 15936
internal_count=129348 63688 61697 21919 39778 65660 50684 14495 36189 26016 8928 17088 16704 10173 6816 14976 13920 6144 2784 3360 1824 7776 1248 3936 864 2592 5376 2304 3072 15936
is_linear=0
shrinkage=0.05


Tree=81
num_leaves=31
num_cat=0
split_feature=4 3 0 11 11 11 11 11 11 10 4 4 8 4 0 8 9 3 8 9 11 3 3 0 4 4 3 11 5 8
split_gain=37.4232 45.2385 26.063 25.9031 28.1086 25.8246 33.7036 65.4116 27.1727 24.3982 61.1624 39.2962 60.4624 33.6303 31.5468 30.0297 58.9773 94.0173 34.3841 35.0417 41.7201 30.0789 34.534 28.6245 27.3812 24.3784 23.4208 26.478 22.4975 36.3047
threshold=-0.91249077947840473 1.0000000180025095e-35 46.500000000000007 1.0871761346197866 1.0770647974085301 0.99547686574958993 0.80519389663381347 0.82284707828887094 0.99466861273465434 1.0000000180025095e-35 0.87709077819680659 0.85561368268953431 19.250000000000004 0.88117331841669433 14.500000000000002 20.550000000000004 12.070312500000002 0.20180702842483325 19.150000000000002 14.777604166666668 1.0065665091727494 -0.19337636264337835 -0.35846811432664222 35.500000000000007 0.81800285027139286 -0.28519997588938989 -0.32614396506100213 0.9040579196039068 1.0000000180025095e-35 32.95000000000001
decision_type=2 2 2 2 2 2 2 2 2 2 2 2 2 2 2 2 2 2 2 2 2 2 2 2 2 2 2 2 2 2
left_child=1 3 -3 4 26 6 -2 -8 28 10 -7 12 -11 -13 25 16 17 -12 -18 20 -20 22 -17 -16 -25 -14 -1 -28 -9 -30
right_child=5 2 -4 -5 -6 9 7 8 -10 11 15 13 14 -15 23 21 18 -19 19 -21 -22 -23 -24 24 -26 -27 27 -29 29 -31
leaf_value=-0.027528920858028272 -0.039337923926481014 -0.017603785114738459 -0.084877469582482948 -0.046960169662990839 0.26919488632382954 -0.0047782840660119067 0.12325178611917736 0.0077741550722301156 0.065862657693324431 0.054001363822636962 0.0050222917161420362 -0.086171646339322908 -0.079422558570678356 -0.016847765505387004 0.017407243553645913 0.045064184198483306 -0.068843570388322214 0.18171607206592882 -0.18235410724468509 -0.068608639183312198 0.09975785287931771 0.092147686637686382 -0.12464035392405109 -0.0044823402761515752 -0.075223212938631434 -0.0035130004904914362 0.088960652030738885 0.012893823722833276 0.067016216165270495 -0.026657228003205094
leaf_weight=2016 2208 5205 5413 2688 192 17658 576 41464 1152 576 1632 576 1977 7200 5815 960 960 864 96 288 768 1536 192 16210 360 2175 1230 4582 1920 859
leaf_count=2016 2208 5205 5413 2688 192 17658 576 41464 1152 576 1632 576 1977 7200 5815 960 960 864 96 288 768 1536 192 16210 360 2175 1230 4582 1920 859
internal_value=0.000129882 -0.00178421 -0.00409682 0.000508965 0.00193267 0.000507767 0.00136937 0.0016592 0.00144675 -0.000185903 0.00100785 -0.00103973 -0.000141076 -0.0041731 -0.00048894 0.00485883 0.00240885 0.00761218 -0.00374053 0.00208333 0.00711806 0.00905878 0.00295139 0.000253518 -0.000805673 -0.00449181 0.00146909 0.00307983 0.00124935 0.00560453
internal_weight=129348 21326 10618 10708 8020 108022 48179 45971 45395 59843 24954 34889 27113 7776 26537 7296 4608 2496 2112 1152 864 2688 1152 22385 16570 4152 7828 5812 44243 2779
internal_count=129348 21326 10618 10708 8020 108022 48179 45971 45395 59843 24954 34889 27113 7776 26537 7296 4608 2496 2112 1152 864 2688 1152 22385 16570 4152 7828 5812 44243 2779
is_linear=0
shrinkage=0.05


Tree=82
num_leaves=31
num_cat=0
split_feature=0 0 5 1 9 3 9 0 6 10 0 11 9 4 9 9 11 0 0 10 7 4 9 3 11 3 0 11 8 0
split_gain=35.9492 46.9982 36.3534 31.6738 35.3687 55.5522 44.6916 40.4532 34.7682 33.1631 25.4474 25.1595 31.0374 42.6117 40.9697 31.9032 28.4842 23.9724 23.6605 36.4148 28.8463 22.4115 21.7564 21.3606 20.2184 19.5418 19.3321 18.1403 18.096 17.656
threshold=1.5000000000000002 35.500000000000007 1.0000000180025095e-35 5.5000000000000009 20.077083333333338 0.82899317702918729 18.841927083333335 87.500000000000014 1.0000000180025095e-35 1.0000000180025095e-35 43.500000000000007 1.0357773587453021 22.971614583333338 0.63755505330306683 23.317968750000002 33.875000000000007 0.73745831416842689 73.500000000000014 8.5000000000000018 1.0000000180025095e-35 27.612500000000004 0.14037931941357643 14.9234375 0.17646842360078763 1.1054431876437014 -0.73866753694953124 72.500000000000014 0.888018781778247 28.750000000000004 58.500000000000007
decision_type=2 2 2 2 2 2 2 2 2 2 2 2 2 2 2 2 2 2 2 2 2 2 2 2 2 2 2 2 2 2
left_child=-1 18 3 4 5 6 7 10 11 -7 -3 12 13 -6 -14 16 -16 -5 19 22 -21 -13 -2 -17 -19 -8 29 -10 -23 -12
right_child=1 2 -4 17 8 9 25 -9 27 -11 26 21 14 -15 15 23 -18 24 -20 20 -22 28 -24 -25 -26 -27 -28 -29 -30 -31
leaf_value=-0.03862255660703795 0.059584546284199291 -0.093075930849742861 0.0343779112839286 0.033148738389925825 -0.068142949398137628 -0.0059411767978758689 -0.10308728988127031 0.025236196381818135 -0.07192156577985713 0.082975363963439019 -0.017331621742047078 -0.03927236293498311 0.12372642826771668 0.013231439454704487 -0.25176384811656266 0.23402134643836947 -0.0060051038592447981 -0.0017653599153319988 0.014449947651826278 -0.0099774589845168307 -0.11897735393665131 -0.0050251858224910967 0.0079852660226940493 -0.16844368042361924 -0.12542974074661259 0.057215367442424281 -0.021722467452454455 0.03911158898250449 -0.083975157922780153 0.018797571288256876
leaf_weight=2695 693 2232 4620 7195 2280 420 60 2232 240 960 4184 11652 420 1200 180 60 24135 3848 36402 4747 721 420 3276 958 330 1500 4185 2337 1260 3906
leaf_count=2695 693 2232 4620 7195 2280 420 60 2232 240 960 4184 11652 420 1200 180 60 24135 3848 36402 4747 721 420 3276 958 330 1500 4185 2337 1260 3906
internal_value=0.000139159 0.000260752 -0.000464647 -0.000725779 -0.00115279 0.000616139 -0.000113394 -0.000867734 -0.00192393 0.0102899 -0.00183187 -0.00226536 -0.00144443 -0.00587644 -0.000845533 -0.00110232 -0.000739256 0.00170799 0.00153963 -0.000691427 -0.0033376 -0.00406541 0.00295414 -0.00977407 -0.00130445 0.00798077 -0.0009389 0.00371556 -0.00946429 0.000488257
internal_weight=129348 126653 80814 76194 64821 19679 18299 16739 45142 1380 14507 42565 29233 3480 25753 25333 24315 11373 45839 9437 5468 13332 3969 1018 4178 1560 12275 2577 1680 8090
internal_count=129348 126653 80814 76194 64821 19679 18299 16739 45142 1380 14507 42565 29233 3480 25753 25333 24315 11373 45839 9437 5468 13332 3969 1018 4178 1560 12275 2577 1680 8090
is_linear=0
shrinkage=0.05


Tree=83
num_leaves=31
num_cat=0
split_feature=0 0 4 0 4 3 11 8 3 0 3 0 4 9 0 3 7 3 8 9 0 10 7 11 9 9 9 3 8 4
split_gain=33.3288 41.6427 33.3302 39.3678 32.3481 30.5576 29.4804 29.176 28.9561 28.1806 64.4096 49.4128 51.5325 35.8748 34.4933 29.5485 24.8902 24.2865 21.4504 22.5043 20.4996 32.6128 28.118 20.3367 23.7336 22.6098 21.5399 31.2242 20.3269 46.1235
threshold=1.5000000000000002 36.500000000000007 -0.9260227363677036 43.500000000000007 -0.42958798411962301 1.0000000180025095e-35 0.73745831416842689 33.150000000000013 -0.85671820900978868 73.500000000000014 0.9053161325100999 79.500000000000014 -0.61236746317008228 20.344270833333336 60.500000000000007 -0.17647087149565668 31.412500000000005 -0.54220184589352438 31.450000000000003 31.266927083333339 8.5000000000000018 1.0000000180025095e-35 27.687500000000004 0.95583780249162331 28.518489583333338 35.273437500000007 33.875000000000007 0.17646842360078763 27.350000000000005 0.04621408538533487
decision_type=2 2 2 2 2 2 2 2 2 2 2 2 2 2 2 2 2 2 2 2 2 2 2 2 2 2 2 2 2 2
left_child=-1 20 5 4 -4 -3 -5 8 -6 10 14 12 -11 15 16 -13 -8 -15 -19 -20 21 -2 -23 24 -7 -25 27 -26 -12 -30
right_child=1 2 3 6 7 23 9 -9 -10 11 28 13 -14 17 -16 -17 -18 18 19 -21 -22 22 -24 25 26 -27 -28 -29 29 -31
leaf_value=-0.036691428776686054 0.017948945526204341 -0.0031814927322983523 0.020563976417066955 -0.14750465298824339 0.023023931545997557 -0.19362663534724051 0.0032903027413055952 -0.13765707942524585 -0.088935142749472368 0.033521893604802247 0.097215998054851135 0.036505736464745552 -0.057746176372359063 0.010196583965646511 0.020882959280750416 0.0080028806817239225 -0.042809523717775022 -0.046462467883412017 0.0058214461724126927 -0.076458573262272012 0.013564978810188678 -0.0097228898505520092 -0.11413224059211587 -0.11447515778747075 -0.067088742614620861 0.040913693065974144 -0.26908141543004688 0.14074722541971454 0.086337221856735633 -0.014358632810074568
leaf_weight=2695 3969 5990 2428 312 1176 295 11651 623 3766 1554 690 1760 5268 5696 12847 4656 5142 1296 3294 1489 37748 4784 684 3934 590 413 117 701 2430 1350
leaf_count=2695 3969 5990 2428 312 1176 295 11651 623 3766 1554 690 1760 5268 5696 12847 4656 5142 1296 3294 1489 37748 4784 684 3934 590 413 117 701 2430 1350
internal_value=0.000131042 0.000248119 -0.000450496 -1.77968e-05 -0.00331227 -0.00287375 0.000425254 -0.0054133 -0.00412788 0.000506148 0.00144093 -0.0007686 -0.00439754 0.000592326 0.000597166 0.00360037 -0.000894718 -0.00104671 -0.00324478 -0.00169872 0.00142471 -0.000659638 -0.00316386 -0.00538017 -0.000748679 -0.00719462 0.00195312 0.00381487 0.00703579 0.00559524
internal_weight=129348 126653 79468 67428 7993 12040 59435 5565 4942 59123 34110 25013 6822 18191 29640 6416 16793 11775 6079 4783 47185 9437 5468 6050 1703 4347 1408 1291 4470 3780
internal_count=129348 126653 79468 67428 7993 12040 59435 5565 4942 59123 34110 25013 6822 18191 29640 6416 16793 11775 6079 4783 47185 9437 5468 6050 1703 4347 1408 1291 4470 3780
is_linear=0
shrinkage=0.05


Tree=84
num_leaves=31
num_cat=0
split_feature=11 3 3 11 4 9 10 4 11 11 3 1 4 9 8 11 3 8 3 3 3 10 3 8 9 8 9 9 9 10
split_gain=31.6112 30.276 35.9269 52.8337 29.8325 32.0242 40.0045 35.9214 35.8303 37.5861 28.767 39.603 38.751 68.701 67.2557 45.1175 38.9151 30.3741 35.4434 30.3392 57.2337 30.2629 27.7671 44.5496 39.6043 33.8728 31.3073 30.402 35.4564 45.0902
threshold=1.0145048597912061 -0.89015004145349408 -0.98930078251469888 1.0267603807040537 0.99932962452255414 29.235937500000002 1.0000000180025095e-35 -0.97874870457683594 1.1163525015609757 1.0202540345051931 0.056951373111866731 3.5000000000000004 0.45847758937963173 18.633333333333336 29.150000000000002 0.99547686574958993 -0.99372698525316483 29.550000000000004 -0.9954993026558282 -0.99697703579879204 -0.98930078251469888 1.0000000180025095e-35 0.31799963745711152 24.650000000000002 14.300520833333335 17.450000000000003 17.422656250000003 34.265104166666674 13.811458333333336 1.0000000180025095e-35
decision_type=2 2 2 2 2 2 2 2 2 2 2 2 2 2 2 2 2 2 2 2 2 2 2 2 2 2 2 2 2 2
left_child=10 2 -2 -4 5 -3 8 -8 9 -7 11 12 14 15 16 -14 -1 -16 -19 -13 -21 -15 27 24 25 -24 -25 28 -12 -30
right_child=1 4 3 -5 -6 6 7 -9 -10 -11 22 19 13 21 17 -17 -18 18 -20 20 -22 -23 23 26 -26 -27 -28 -29 29 -31
leaf_value=0.017487574073476255 0.0043126215160654629 0.005176724118385323 0.0062190868396520219 -0.10193938412425184 -0.061351054065288936 -0.1475617544114293 -0.10013778536333007 -0.024476102908985099 -0.086114025699635735 0.029504024135151498 -0.048911805641814965 0.10717068235554664 0.020166523253140414 0.018181784230580433 0.080301560277150949 -0.053499595468141342 -0.085839090813693994 -0.086976611443974158 0.0022248229029372623 -0.15239607674641464 0.027212090865180019 0.061105787475631251 0.11374631505793786 -0.11859174860508048 0.03746841783404236 -0.014129382297896599 -0.0045433103893557812 -0.14953458803210112 0.054383709040031647 -0.024940650156813151
leaf_weight=576 1728 29659 960 1632 768 384 2194 8090 1726 7678 1728 864 1440 2592 864 1248 1824 480 11029 384 15723 2399 192 288 5376 2784 17643 670 2784 3641
leaf_count=576 1728 29659 960 1632 768 384 2194 8090 1726 7678 1728 864 1440 2592 864 1248 1824 480 11029 384 15723 2399 192 288 5376 2784 17643 670 2784 3641
internal_value=0.00012563 -0.000785768 -0.00480324 -0.00852623 -0.000442088 -0.000291066 -0.0018334 -0.00401109 0.000454638 0.00185438 0.000795999 0.00172298 0.000345181 0.00322633 -0.00115244 -0.00321801 -0.0088125 0.000333387 -0.000345382 0.00354575 0.00305612 0.00669705 -0.000244972 0.00056976 0.00358597 -0.00104167 -0.000835146 -0.00267199 -0.00183061 -0.000120623
internal_weight=129348 54819 4320 2592 50499 49731 20072 10284 9788 8062 74529 39423 22452 7679 14773 2688 2400 12373 11509 16971 16107 4991 35106 26283 8352 2976 17931 8823 8153 6425
internal_count=129348 54819 4320 2592 50499 49731 20072 10284 9788 8062 74529 39423 22452 7679 14773 2688 2400 12373 11509 16971 16107 4991 35106 26283 8352 2976 17931 8823 8153 6425
is_linear=0
shrinkage=0.05


Tree=85
num_leaves=31
num_cat=0
split_feature=0 0 5 0 1 0 9 9 6 10 3 3 3 11 3 10 8 9 11 11 4 3 8 9 3 8 11 3 9 1
split_gain=31.0557 38.1877 31.0358 29.3181 25.4444 25.3933 23.5289 47.1983 31.3188 30.1862 37.5521 47.0331 35.0214 31.3531 25.4551 31.9248 33.8237 48.2639 23.2001 22.4845 22.3421 21.5096 37.2901 45.6653 39.8067 36.6421 23.6933 20.8701 20.8439 20.7166
threshold=1.5000000000000002 36.500000000000007 1.0000000180025095e-35 93.500000000000014 5.5000000000000009 74.500000000000014 20.077083333333338 17.649479166666669 1.0000000180025095e-35 1.0000000180025095e-35 0.77788564761185042 0.06553689391773225 0.74443451080969758 0.96985539426879674 0.74443451080969758 1.0000000180025095e-35 18.450000000000003 12.200520833333334 1.0022599257946228 0.73745831416842689 0.95436825032516992 -0.29343379936893921 20.550000000000004 12.200520833333334 0.7090011537757156 18.650000000000002 1.0292706579118427 0.048362692321690152 18.841927083333335 1.0000000180025095e-35
decision_type=2 2 2 2 2 2 2 2 2 2 2 2 2 2 2 2 2 2 2 2 2 2 2 2 2 2 2 2 2 2
left_child=-1 -2 3 4 6 -6 7 14 19 12 11 18 13 -9 15 21 17 -17 -11 -8 -19 -3 23 25 -24 -23 27 -25 -13 -27
right_child=1 2 -4 -5 5 -7 8 9 -10 10 -12 28 -14 -15 -16 16 -18 20 -20 -21 -22 22 24 26 -26 29 -28 -29 -30 -31
leaf_value=-0.035440606962072255 0.0090771290526888045 -0.045871261448122175 0.031944284926380816 0.032616203124739229 0.029873286428504287 -0.016548536716602769 -0.23432505760675471 -0.03812190368752582 0.026650946253078445 0.075060481195102113 0.08948666744394132 -0.089129910351753244 -0.047401381767075181 0.065446124061799088 0.051755266994292982 -0.029351442560803066 -0.047676928370043475 0.071370374576642345 -0.051458923816271353 -0.021095042653453789 0.0050003127558241548 0.0027448566737334093 0.069857429642411262 0.086294351519780585 -0.097920690419285 -0.071852027645164185 -0.10244091503639936 -0.036067181792638792 0.052612807278511302 0.15960030881509227
leaf_weight=2695 47185 912 4543 2540 7195 3609 171 456 2448 911 855 456 798 969 513 1596 4446 513 171 40267 399 1140 1539 228 114 57 684 1311 114 513
leaf_count=2695 47185 912 4543 2540 7195 3609 171 456 2448 911 855 456 798 969 513 1596 4446 513 171 40267 399 1140 1539 228 114 57 684 1311 114 513
internal_value=0.00012563 0.000238644 -0.000430362 -0.000673674 -0.000858949 0.00137912 -0.0012516 0.000228671 -0.00189689 0.00454545 0.00830674 0.00390436 0.000303644 0.005 -0.00123344 -0.00165031 -0.00400489 0.000637959 0.0100277 -0.00222934 0.0098136 0.000869498 0.00203187 -0.000616578 0.00833333 0.00552632 -0.00534188 -0.00190058 -0.0077193 0.0158772
internal_weight=129348 126653 79468 74925 72385 10804 61581 18695 42886 4730 2507 1652 2223 1425 13965 13452 6954 2508 1082 40438 912 6498 5586 3933 1653 1710 2223 1539 570 570
internal_count=129348 126653 79468 74925 72385 10804 61581 18695 42886 4730 2507 1652 2223 1425 13965 13452 6954 2508 1082 40438 912 6498 5586 3933 1653 1710 2223 1539 570 570
is_linear=0
shrinkage=0.05


Tree=86
num_leaves=31
num_cat=0
split_feature=9 3 10 3 4 3 0 0 1 3 8 11 9 4 0 9 0 1 3 11 7 9 10 11 3 1 11 8 9 8
split_gain=29.0494 45.7321 41.9518 37.1642 57.3898 40.8835 34.3401 38.8664 33.7547 42.1231 42.2539 37.5077 32.3966 52.8367 26.5571 27.2426 27.3778 32.7333 46.9584 37.3005 26.3362 25.5902 34.3606 31.0927 27.6099 25.5394 25.3968 46.875 31.1157 31.9589
threshold=20.077083333333338 0.87397152483179585 1.0000000180025095e-35 -0.099819732675876835 0.24164313636530552 0.36648264796514479 89.500000000000014 23.500000000000004 4.5000000000000009 -0.89015004145349408 33.250000000000007 0.94542443323476821 22.971614583333338 0.34033495509342487 75.500000000000014 22.632552083333337 23.500000000000004 2.5000000000000004 0.96465729447553372 1.1443318593415424 25.912500000000005 28.722135416666671 1.0000000180025095e-35 1.0259232196813726 -0.83847110675477843 1.5000000000000002 0.87215561018691867 31.050000000000004 27.355208333333341 30.750000000000004
decision_type=2 2 2 2 2 2 2 2 2 2 2 2 2 2 2 2 2 2 2 2 2 2 2 2 2 2 2 2 2 2
left_child=1 6 -3 8 5 -5 7 -1 9 10 12 -11 -2 26 15 -7 17 18 -17 -19 -12 23 25 -13 -24 -23 -14 28 -28 -30
right_child=3 2 -4 4 -6 14 -8 -9 -10 11 20 21 13 -15 -16 16 -18 19 -20 -21 -22 22 24 -25 -26 -27 27 -29 29 -31
leaf_value=0.015954100142788263 -0.093342890577579149 -0.0056068796732944293 0.066706625612941647 -0.038154318044963276 -0.04539438844523716 0.044577239411309935 0.032011755684241194 -0.0043515238026600404 0.022714980264237284 0.037531687797778095 0.091444632676372359 -0.0015202195028457767 -0.088998143737471488 0.076756972897126741 -0.025168364412056124 -0.015086514505766502 0.019869336683823492 -0.039162514225571959 0.074322893682583671 0.099649800138116973 0.0051562972190978941 0.057558657533512303 0.070759122019457263 0.067676059409919276 -0.0613419653960122 -0.028877117012142864 0.02096825049194493 -0.05363104708767779 -0.097231176048307333 0.044390814556802383
leaf_weight=8976 480 768 1440 11780 3456 684 2244 24683 14278 6317 501 4704 1152 768 5957 2085 15032 3856 840 168 1035 1824 384 1920 4224 1728 3072 4128 576 288
leaf_count=8976 480 768 1440 11780 3456 684 2244 24683 14278 6317 501 4704 1152 768 5957 2085 15032 3856 840 168 1035 1824 384 1920 4224 1728 3072 4128 576 288
internal_value=0.000121765 0.00128113 0.0082654 -0.000362517 -0.00141137 -0.000882382 0.0008516 0.000452331 0.000608392 -0.000268119 -0.00263333 0.00107696 -0.00377007 -0.00316006 0.000138006 0.000918818 0.000613029 -0.0019823 0.00204274 -0.00490805 0.00511068 -0.000301001 -0.00217525 0.00200785 -0.00502387 0.00152027 -0.00421007 -0.00321801 0.000685976 -0.00769676
internal_weight=129348 38111 2208 91237 43858 40402 35903 33659 47379 33101 12000 21101 10464 9984 28622 22665 21981 6949 2925 4024 1536 14784 8160 6624 4608 3552 9216 8064 3936 864
internal_count=129348 38111 2208 91237 43858 40402 35903 33659 47379 33101 12000 21101 10464 9984 28622 22665 21981 6949 2925 4024 1536 14784 8160 6624 4608 3552 9216 8064 3936 864
is_linear=0
shrinkage=0.05


Tree=87
num_leaves=31
num_cat=0
split_feature=0 0 9 11 5 0 0 3 0 4 9 9 9 3 0 9 9 4 8 11 1 4 4 8 9 3 1 9 11 11
split_gain=29.0727 40.7771 28.6562 26.518 27.1854 25.5929 34.4922 43.9807 34.7428 32.1884 23.1464 22.9287 31.2341 22.7767 36.3038 24.8163 22.4198 21.3884 28.8189 20.8972 20.8504 25.7335 20.8388 25.295 20.8001 20.7885 19.1627 20.1491 18.2191 19.0682
threshold=3.5000000000000004 33.500000000000007 29.813541666666669 0.73745831416842689 1.0000000180025095e-35 52.500000000000007 70.500000000000014 0.9053161325100999 83.500000000000014 -0.34234976856068178 26.49270833333334 29.661718750000002 29.25026041666667 0.91248814248966237 75.500000000000014 13.074218750000002 32.882812500000007 -0.96904977397942549 33.350000000000001 1.0923437463937298 5.5000000000000009 -0.91939278948206182 0.42763731121559989 27.550000000000004 26.49270833333334 -0.9731273977605811 4.5000000000000009 29.327864583333341 1.0321746889846761 0.9040579196039068
decision_type=2 2 2 2 2 2 2 2 2 2 2 2 2 2 2 2 2 2 2 2 2 2 2 2 2 2 2 2 2 2
left_child=16 -2 3 -3 5 17 7 -7 13 10 -10 12 -6 15 -15 -8 -1 -5 22 20 -4 -22 23 -19 -9 -17 28 -28 29 -25
right_child=1 2 19 4 11 6 8 24 9 -11 -12 -13 -14 14 -16 25 -18 18 -20 -21 21 -23 -24 26 -26 -27 27 -29 -30 -31
leaf_value=-0.015735887475933907 0.010390059650026729 -0.11231604777915082 -0.024404240098968445 0.096879849576490082 0.037141631070269909 0.01119595962602773 -0.061458865654110184 0.043262030410912193 -0.16903180991007929 0.015249434496544013 -0.01547598806129713 0.20453222543397873 -0.096261474547619491 0.014964463569970122 -0.097044410812593906 -0.058642036787128406 -0.13981547352145185 0.071179774488739869 -0.079993469794415975 -0.065038063172802654 -0.01767088701906161 0.090952561494687251 -0.034861185513665308 -0.064629803487703447 0.12807874007823941 0.00065961250008044208 0.034785715493796235 0.18826376795806965 -0.062397906719326102 0.014941850131666002
leaf_weight=4983 40446 372 12383 741 3844 15314 1573 1512 204 8352 3094 186 248 570 912 1105 409 532 1862 4321 1052 929 8493 779 630 8460 1938 152 1273 2679
leaf_count=4983 40446 372 12383 741 3844 15314 1573 1512 204 8352 3094 186 248 570 912 1105 409 532 1862 4321 1052 929 8493 779 630 8460 1938 152 1273 2679
internal_value=0.000116739 0.000273081 -0.000358041 0.000139221 0.000216049 -5.77482e-05 0.000627906 0.00232298 -0.000591265 0.00137768 -0.00280473 0.00406732 0.0032869 -0.00240887 -0.00823212 -0.00163405 -0.00347737 -0.00160849 -0.00195674 -0.00208322 -0.00116611 0.00359667 -0.0012653 0.000683395 0.00903361 -0.000676947 -0.000135611 0.00385167 -0.00189706 -1.44592e-05
internal_weight=129348 123956 83510 64825 64453 60175 41726 17456 24270 11650 3298 4278 4092 12620 1482 11138 5392 18449 17708 18685 14364 1981 15846 7353 2142 9565 6821 2090 4731 3458
internal_count=129348 123956 83510 64825 64453 60175 41726 17456 24270 11650 3298 4278 4092 12620 1482 11138 5392 18449 17708 18685 14364 1981 15846 7353 2142 9565 6821 2090 4731 3458
is_linear=0
shrinkage=0.05


Tree=88
num_leaves=31
num_cat=0
split_feature=0 0 0 5 9 0 9 3 1 6 4 0 11 11 9 9 11 9 9 4 9 3 7 8 11 3 10 1 4 9
split_gain=27.2912 33.7309 26.6796 25.1498 19.8225 35.6059 27.2751 24.0178 22.7375 28.9667 23.8208 26.1733 24.6021 23.5929 23.2972 26.5612 19.7818 34.3305 36.8841 30.0931 21.9571 19.6264 19.4074 17.9567 17.5635 18.0348 21.2019 16.8659 16.6825 15.9634
threshold=2.5000000000000004 36.500000000000007 94.500000000000014 1.0000000180025095e-35 20.077083333333338 42.500000000000007 14.060937500000003 -0.78326540922535159 5.5000000000000009 1.0000000180025095e-35 0.1573897509163161 74.500000000000014 0.95165181534458754 0.73745831416842689 25.782291666666669 28.535937499999999 1.0321746889846761 22.971614583333338 23.317968750000002 0.63755505330306683 33.875000000000007 0.17646842360078763 26.012500000000006 26.450000000000003 0.91343951757766584 0.9053161325100999 1.0000000180025095e-35 3.5000000000000004 -0.99983123799342477 18.841927083333335
decision_type=2 2 2 2 2 2 2 2 2 2 2 2 2 2 2 2 2 2 2 2 2 2 2 2 2 2 2 2 2 2
left_child=22 -2 3 4 5 -3 -7 -8 9 13 11 14 -12 -6 -10 -16 17 19 -19 23 28 -22 -1 -15 -9 29 -27 -21 -20 -26
right_child=1 2 -4 -5 8 6 7 24 10 -11 12 -13 -14 16 15 -17 -18 18 20 27 21 -23 -24 -25 25 26 -28 -29 -30 -31
leaf_value=-0.0062649201976967108 0.0090335521192599806 -0.074053979951740706 0.043973087243051628 0.027553804935858753 -0.21679805450743928 -0.0067669365141689759 -0.09367942908957759 -0.020986925507897072 0.14589099911846262 0.025547681584176019 -0.12576378602059676 -0.039913942757740989 0.063335199956669905 0.020098393495505462 -0.041089182850753053 0.043263327672494259 -0.03654703149655774 0.11568537072217994 -0.3411172609776344 0.025201015073511003 0.23075151583893644 -0.14313517977485476 -0.089474569335330767 -0.076052048391032662 0.012675668238389904 0.0030294602655828841 0.090648607972985934 -0.064035249539126232 -0.0037205574875130766 0.044375712072610443
leaf_weight=2517 45837 2298 1347 4466 174 8320 104 988 263 2491 116 2199 1334 232 1328 2564 13699 406 116 812 58 869 1526 1972 8007 312 468 116 22693 1716
leaf_count=2517 45837 2298 1347 4466 174 8320 104 988 263 2491 116 2199 1334 232 1328 2564 13699 406 116 812 58 869 1526 1972 8007 312 468 116 22693 1716
internal_value=0.00010437 0.000234827 -0.000388207 -0.000508506 -0.000729414 0.00051884 0.00119885 0.00276628 -0.00126842 -0.00171296 0.00121732 -0.000102298 0.007 -0.00202992 0.00223225 0.00125899 -0.0019519 -0.00117328 -0.000534338 -0.00609834 -0.000789939 -0.00833333 -0.00393891 -0.00927858 0.00298277 0.00358231 0.0108974 0.00145474 -0.000483362 0.00299547
internal_weight=129348 125305 79468 78121 73655 22213 19915 11595 51442 43638 7804 6354 1450 41147 4155 3892 40973 27274 24142 3132 23736 927 4043 2204 11491 10503 780 928 22809 9723
internal_count=129348 125305 79468 78121 73655 22213 19915 11595 51442 43638 7804 6354 1450 41147 4155 3892 40973 27274 24142 3132 23736 927 4043 2204 11491 10503 780 928 22809 9723
is_linear=0
shrinkage=0.05


Tree=89
num_leaves=31
num_cat=0
split_feature=0 0 9 0 0 3 0 8 4 9 4 8 3 8 3 8 11 10 11 3 4 4 0 0 0 0 9 9 11 11
split_gain=25.3437 33.8675 23.6316 28.3414 43.4263 44.9855 34.844 30.904 30.098 26.6283 26.3448 29.4911 30.6937 32.5147 38.8095 25.8524 23.5633 23.4252 23.1504 22.8902 22.1297 29.6578 22.8669 50.6501 38.8606 25.4832 21.2221 20.581 19.132 17.2345
threshold=3.5000000000000004 35.500000000000007 30.108333333333338 52.500000000000007 71.500000000000014 0.9053161325100999 80.500000000000014 33.550000000000004 -0.45273527932988084 20.344270833333336 -0.27694043983797384 31.050000000000004 -0.59869031648930193 29.650000000000002 0.88220160189607266 30.650000000000002 0.9111617968768696 1.0000000180025095e-35 0.80519389663381347 -0.17647087149565668 -0.70900320270980455 -0.6391983530350368 87.500000000000014 66.500000000000014 50.500000000000007 79.500000000000014 33.072916666666671 30.529427083333335 1.1135526900622577 0.93041277635383546
decision_type=2 2 2 2 2 2 2 2 2 2 2 2 2 2 2 2 2 2 2 2 2 2 2 2 2 2 2 2 2 2
left_child=26 -2 3 7 5 -5 8 10 -6 19 15 12 18 14 -14 -3 -7 -16 -12 -8 22 -22 23 24 28 27 -1 -25 -4 -23
right_child=1 2 20 4 6 16 9 -9 -10 -11 11 -13 13 -15 17 -17 -18 -19 -20 -21 21 29 -24 25 -26 -27 -28 -29 -30 -31
leaf_value=-0.014633369906071891 0.0092218017841396716 -0.056310911734716744 0.0079552161103485734 0.013115930711968815 0.010599912198913587 -0.041347303114901028 0.029620367100908141 -0.077569261882900531 -0.038471403286253293 -0.0055794721097790047 -0.097582493827928121 -0.073964973808444509 -0.041632338953424157 -0.22798059194953454 -0.011857760117851513 0.052187490458678099 0.076033926327841075 0.102767906642692 0.03746527678867935 0.0080184624304834532 0.11096979001502377 0.29798071889503819 -0.10492533316074315 -0.058024979261466575 -0.12439587739688136 -0.032320022046653206 -0.14392134111217134 0.073735539321438642 -0.14286921349155365 -0.02230903406235285
leaf_weight=5023 43142 731 2696 17913 2662 152 1680 2414 7065 10168 136 1462 6222 323 289 3604 2451 408 2788 4365 1011 60 1657 317 3317 1651 369 2363 405 2504
leaf_count=5023 43142 731 2696 17913 2662 152 1680 2414 7065 10168 136 1462 6222 323 289 3604 2451 408 2788 4365 1011 60 1657 317 3317 1651 369 2363 405 2504
internal_value=9.16133e-05 0.000237584 -0.000366273 5.82265e-05 0.000715731 0.00243469 -0.000643793 -0.00160391 -0.00300966 0.000775612 -0.000806553 -0.00204678 -0.00109187 -0.00283761 -0.00211374 0.00252018 0.00857664 0.00907461 0.00323187 0.00340364 -0.00208842 0.00137762 -0.00308722 -0.00224439 -0.00506388 0.00193373 -0.00326409 0.00494403 -0.00103999 -0.00148206
internal_weight=129348 123956 80814 64833 46456 20516 25940 18377 9727 16213 15963 11628 10166 7242 6919 4335 2603 697 2924 6045 15981 3575 12406 10749 6418 4331 5392 2680 3101 2564
internal_count=129348 123956 80814 64833 46456 20516 25940 18377 9727 16213 15963 11628 10166 7242 6919 4335 2603 697 2924 6045 15981 3575 12406 10749 6418 4331 5392 2680 3101 2564
is_linear=0
shrinkage=0.05


Tree=90
num_leaves=31
num_cat=0
split_feature=0 0 11 5 0 0 10 7 9 11 1 0 9 9 4 10 3 8 9 1 6 10 3 8 3 11 3 8 9 8
split_gain=24.5892 25.3333 24.2999 25.4192 25.0127 20.0436 29.9796 23.4836 19.1872 18.485 19.7079 20.1486 17.5504 37.7587 28.9037 32.6364 35.982 32.1233 39.7242 27.2278 25.3755 24.4079 29.7509 35.9803 44.5967 22.2776 21.5983 34.1457 42.7673 34.6003
threshold=1.5000000000000002 36.500000000000007 0.73745831416842689 1.0000000180025095e-35 94.500000000000014 8.5000000000000018 1.0000000180025095e-35 27.612500000000004 14.9234375 1.1855674041436206 5.5000000000000009 73.500000000000014 20.077083333333338 17.649479166666669 0.99611390731392835 1.0000000180025095e-35 0.74443451080969758 25.450000000000003 19.372916666666672 4.5000000000000009 1.0000000180025095e-35 1.0000000180025095e-35 0.73283908552571664 18.450000000000003 0.50557357885840837 0.96985539426879674 -0.29343379936893921 20.550000000000004 12.200520833333334 18.650000000000002
decision_type=2 2 2 2 2 2 2 2 2 2 2 2 2 2 2 2 2 2 2 2 2 2 2 2 2 2 2 2 2 2
left_child=-1 5 -3 4 9 6 8 -8 -2 10 12 -12 13 21 15 16 25 -17 -19 -20 -14 26 23 24 -23 -15 -4 28 29 -28
right_child=1 2 3 -5 -6 -7 7 -9 -10 -11 11 -13 20 14 -16 17 -18 18 19 -21 -22 22 -24 -25 -26 -27 27 -29 -30 -31
leaf_value=-0.029824454090163502 0.052967133217023843 -0.10896661877555687 -0.041559973531057892 0.029675451106515996 0.042445648324695641 0.011143022113282797 -0.0095867044018405068 -0.10211028644503416 0.0053211873020977407 -0.090090319762035173 0.027941053403576888 -0.010422536562796837 -0.016610915629482293 -0.027613425653336778 -0.13090406407459909 0.078096772708101989 -0.044571833382277506 -0.039602460037119161 0.07492727514735123 -0.089860704382248718 0.028444921325915119 -0.0092554650197264731 0.048970972668249152 -0.04706977120022842 0.071536452838462591 0.061966966121421767 0.0058521072009398269 0.060465945131812054 -0.03684897509268481 0.13339461254892485
leaf_weight=2695 693 354 928 4484 1265 37748 4747 721 3276 870 6932 3946 40277 406 174 1217 812 638 522 58 2317 2204 464 4466 348 986 1160 1798 2262 580
leaf_count=2695 693 354 928 4484 1265 37748 4747 721 3276 870 6932 3946 40277 406 174 1217 812 638 522 58 2317 2204 464 4466 348 986 1160 1798 2262 580
internal_value=9.70251e-05 0.000197587 -0.00034731 -0.000288824 -0.000508509 0.00111529 -0.000945745 -0.00334674 0.00236206 -0.000628706 -0.000541762 0.0014203 -0.000888148 0.000374547 0.00420216 0.00495258 0.000544465 0.00894251 0.00320197 0.0126724 -0.00145208 -0.000921886 -0.00288693 -0.00369763 0.0010384 0.00542385 0.00126338 0.00239655 -0.000174913 0.00571839
internal_weight=129348 126653 79468 79114 74630 47185 9437 5468 3969 73365 72495 10878 61617 19023 4813 4639 2204 2435 1218 580 42594 14210 7482 7018 2552 1392 6728 5800 4002 1740
internal_count=129348 126653 79468 79114 74630 47185 9437 5468 3969 73365 72495 10878 61617 19023 4813 4639 2204 2435 1218 580 42594 14210 7482 7018 2552 1392 6728 5800 4002 1740
is_linear=0
shrinkage=0.05


Tree=91
num_leaves=31
num_cat=0
split_feature=11 4 4 8 10 4 4 7 3 1 8 8 4 8 9 11 3 10 9 3 9 9 3 4 9 8 8 3 8 0
split_gain=23.15 27.2202 34.7186 32.4595 30.4298 30.7337 27.2731 29.3041 25.0202 32.1118 32.7242 43.5858 30.8282 56.5684 54.7209 43.2447 33.379 29.0559 29.2528 28.5369 61.2955 42.0614 37.032 32.5695 35.2453 29.4523 27.0267 33.9559 24.7531 23.5255
threshold=1.0145048597912061 0.99932962452255414 0.89309379682046119 20.200000000000006 1.0000000180025095e-35 0.91511078773075516 0.98005052076767474 8.8875000000000011 0.056951373111866731 3.5000000000000004 33.050000000000004 32.050000000000004 0.45847758937963173 29.150000000000002 18.633333333333336 0.99547686574958993 -0.99372698525316483 1.0000000180025095e-35 19.588802083333338 -0.73866753694953124 22.038541666666671 26.247916666666669 -0.99372698525316483 -0.074115882986646633 22.971614583333338 30.650000000000002 29.550000000000004 -0.9954993026558282 22.050000000000004 5.5000000000000009
decision_type=2 2 2 2 2 2 2 2 2 2 2 2 2 2 2 2 2 2 2 2 2 2 2 2 2 2 2 2 2 2
left_child=8 2 29 6 5 -5 7 -4 9 12 11 19 13 16 15 28 -1 18 -16 20 -11 23 -23 -22 -25 -26 -15 -28 -14 -2
right_child=1 -3 3 4 -6 -7 -8 -9 -10 10 -12 -13 14 26 17 -17 -18 -19 -20 -21 21 22 -24 24 25 -27 27 -29 -30 -31
leaf_value=0.016582819807970141 -0.037788128023181856 -0.057402582611015877 0.050097504958428379 0.01402494686729412 -0.0018593193652250762 0.11454698192971549 -0.019942481165342231 0.0005073949879161433 -0.0025234301926346349 -0.12826514003761888 0.09485240892667407 -0.046098368369966641 0.065363569015901388 0.075344337219418384 0.079368052679793522 -0.05011468228837046 -0.078110456249243759 0.055123227606418371 -0.0018231335304186302 0.037236236368941182 -0.18267966267349253 -0.19051357772234712 -0.0013282733499032418 -0.0067076921219246799 0.097581421994065928 -0.0012839757224078598 -0.079005176665749854 0.0022954523689023179 -0.031058398443047253 -0.006377756205454688
leaf_weight=576 2831 768 1082 672 960 1152 2400 2566 35106 384 2283 2016 960 864 480 1248 1824 2399 2112 5952 96 288 2784 864 1824 480 480 11029 480 42388
leaf_count=576 2831 768 1082 672 960 1152 2400 2566 35106 384 2283 2016 960 864 480 1248 1824 2399 2112 5952 96 288 2784 864 1824 480 480 11029 480 42388
internal_value=0.000100891 -0.000679053 -0.000546243 0.00232111 0.00678879 0.0105811 0.00026455 0.00298794 0.00067457 0.00153908 0.00318043 0.00231481 0.000298414 -0.00103737 0.00286821 -0.00288318 -0.0080625 0.00596574 0.00229552 0.0034012 0.00116815 0.00234375 -0.00185547 0.00629596 0.0071654 0.010395 0.000325305 -0.000314971 0.00302083 -0.00110628
internal_weight=129348 54819 54051 8832 2784 1824 6048 3648 74529 39423 16971 14688 22452 14773 7679 2688 2400 4991 2592 12672 6720 6336 3072 3264 3168 2304 12373 11509 1440 45219
internal_count=129348 54819 54051 8832 2784 1824 6048 3648 74529 39423 16971 14688 22452 14773 7679 2688 2400 4991 2592 12672 6720 6336 3072 3264 3168 2304 12373 11509 1440 45219
is_linear=0
shrinkage=0.05


Tree=92
num_leaves=31
num_cat=0
split_feature=11 4 8 8 3 9 8 10 10 9 9 4 1 0 3 1 3 3 1 3 8 1 3 8 8 4 8 9 11 3
split_gain=21.843 25.1456 31.5788 33.2516 43.8015 28.0942 41.7384 33.3462 32.9402 27.4436 42.0156 27.9386 39.1471 28.2056 38.4617 30.2909 26.2847 27.5788 24.6094 23.5729 29.1863 28.0481 34.8563 30.9135 37.9327 28.7885 52.8655 47.0685 37.5214 28.8395
threshold=1.0145048597912061 0.99932962452255414 23.750000000000004 20.200000000000006 -0.43733984355855576 12.339322916666669 18.750000000000004 1.0000000180025095e-35 1.0000000180025095e-35 18.633333333333336 20.992708333333336 0.14037931941357643 4.5000000000000009 15.500000000000002 0.93845596220871974 2.5000000000000004 0.52033990680116082 0.47559651477048942 4.5000000000000009 0.056951373111866731 17.250000000000004 3.5000000000000004 -0.0053757284505435614 33.050000000000004 32.050000000000004 0.45847758937963173 29.150000000000002 18.633333333333336 0.99547686574958993 -0.99372698525316483
decision_type=2 2 2 2 2 2 2 2 2 2 2 2 2 2 2 2 2 2 2 2 2 2 2 2 2 2 2 2 2 2
left_child=19 2 3 5 -5 6 16 -8 -7 -4 18 13 -13 14 -12 -16 17 -2 -11 20 -1 22 25 24 -23 26 29 28 -27 -22
right_child=1 -3 9 4 -6 8 7 -9 -10 10 11 12 -14 -15 15 -17 -18 -19 -20 -21 21 23 -24 -25 -26 27 -28 -29 -30 -31
leaf_value=0.17132493428333931 -0.0014586576225916305 -0.05453245348046494 -0.038577059412706664 -0.036698656309340549 0.048351919733089943 -0.04704530841898702 0.1467794741759576 -0.018457619282326476 0.0099458376090701961 0.051361975240391905 -0.048180000524841664 -0.053014478287740023 0.0041639226283017193 -0.00069843580036064177 0.11543382259235742 -0.0032384882410497087 0.038822313461987792 -0.11316210206971818 -0.011014494188149371 -0.0023972586830026902 0.015753678817571171 0.022139365978637929 -0.16104832954452136 0.090109788480340569 -0.043793449951468236 0.019819266283634819 0.0047656196346622442 0.034248989324220248 -0.051943392231066102 -0.07420493343678132
leaf_weight=288 3264 768 1920 384 2880 1344 864 384 1248 1344 4989 2976 1920 28470 272 448 384 288 672 35106 576 12576 384 2283 2016 1248 12181 4991 1056 1824
leaf_count=288 3264 768 1920 384 2880 1344 864 384 1248 1344 4989 2976 1920 28470 272 448 384 288 672 35106 576 12576 384 2283 2016 1248 12181 4991 1056 1824
internal_value=0.000105916 -0.00065169 -0.000524042 0.00186141 0.00609681 8.35905e-05 0.00220872 0.0101763 -0.00416667 -0.00113634 -0.000863328 -0.00122649 -0.00475899 -0.000720472 -0.00392801 0.006875 -0.000317581 -0.00166104 0.0061756 0.000663165 0.0015023 0.00138559 0.000220126 0.00292296 0.00207648 0.000482264 -0.0008007 0.00304661 -0.00286458 -0.00758333
internal_weight=129348 54819 54051 11040 3264 7776 5184 1248 2592 43011 41091 39075 4896 34179 5709 720 3936 3552 2016 74529 39423 39135 22260 16875 14592 21876 14581 7295 2304 2400
internal_count=129348 54819 54051 11040 3264 7776 5184 1248 2592 43011 41091 39075 4896 34179 5709 720 3936 3552 2016 74529 39423 39135 22260 16875 14592 21876 14581 7295 2304 2400
is_linear=0
shrinkage=0.05


Tree=93
num_leaves=31
num_cat=0
split_feature=0 0 4 0 4 8 3 11 3 1 3 8 8 3 0 3 3 4 9 0 4 8 8 0 3 3 4 0 9 0
split_gain=21.4843 25.6048 22.437 31.3974 26.7557 28.9049 30.8952 25.7835 25.9555 25.3878 25.3854 36.7447 29.6262 24.4171 21.6534 48.3279 31.4946 29.176 28.5235 26.7698 73.19 32.3133 26.0115 20.2643 23.2586 20.2386 20.2064 19.2398 18.8718 18.4829
threshold=1.5000000000000002 36.500000000000007 -0.9260227363677036 43.500000000000007 -0.44505783185115427 33.150000000000013 -0.85671820900978868 0.8817286741633612 -0.99166060804803513 4.5000000000000009 -0.96235977360714686 33.050000000000004 31.350000000000005 1.0000000180025095e-35 73.500000000000014 0.9053161325100999 -0.022576249993022688 0.66367808336324663 22.971614583333338 83.500000000000014 -0.60555643346685839 40.550000000000004 29.450000000000003 59.500000000000007 -0.51297808981038739 -0.79384350655589164 -0.30982845708428081 76.500000000000014 29.092968750000004 53.500000000000007
decision_type=2 2 2 2 2 2 2 2 2 2 2 2 2 2 2 2 2 2 2 2 2 2 2 2 2 2 2 2 2 2
left_child=-1 -2 13 4 -4 6 -6 8 9 -5 11 12 -9 -3 15 23 17 18 22 20 -18 -21 -16 24 -12 -10 -20 -19 -14 -17
right_child=1 2 3 7 5 -7 -8 10 25 -11 14 -13 28 -15 16 29 19 27 26 21 -22 -23 -24 -25 -26 -27 -28 -29 -30 -31
leaf_value=-0.027490719550726794 0.0072554886686432953 -0.0008815568980580224 0.019741874892073952 -0.0075643349949338304 0.021970740107239806 -0.12808732771009801 -0.079164670707164222 -0.015302766185307348 -0.09509122955379895 0.1293085670405823 0.023973410690447852 0.072102011230614244 -0.081008370348503445 -0.064377203466908381 -0.065121247451622108 0.020909203947307022 0.070541374373713953 -0.019698542311458313 -0.0047747148577080628 0.006894374188275521 -0.061605794759015002 -0.12388712054440419 0.081933072445386307 0.019834443768640145 -0.017474455254336618 -0.027594204195901285 0.04424676319923862 0.026541524505639558 0.18263055087222782 0.070182582388174805
leaf_weight=2695 47185 5990 2400 416 1197 630 3766 2496 624 208 4575 728 1196 6050 638 1450 1198 486 3784 6246 4360 432 154 11679 8766 2803 1166 3078 52 2900
leaf_count=2695 47185 5990 2400 416 1197 630 3766 2496 624 208 4575 728 1196 6050 638 1450 1198 486 3784 6246 4360 432 154 11679 8766 2803 1166 3078 52 2900
internal_value=0.000103983 0.000197982 -0.000349826 5.19072e-06 -0.00293694 -0.00483193 -0.00355128 0.000400858 -0.00344977 0.00592949 0.000682508 -0.00292934 -0.00492788 -0.00233804 0.000999764 0.00188287 -0.000204252 0.00198796 -0.000217694 -0.00187153 -0.00443505 0.000262055 -0.00902778 0.00103717 -0.000294206 -0.00515757 0.00119192 0.00554153 -0.0112179 0.00674713
internal_weight=129348 126653 79468 67428 7993 5593 4963 59435 4051 624 55384 4472 3744 12040 50912 29370 21542 9306 5742 12236 5558 6678 792 25020 13341 3427 4950 3564 1248 4350
internal_count=129348 126653 79468 67428 7993 5593 4963 59435 4051 624 55384 4472 3744 12040 50912 29370 21542 9306 5742 12236 5558 6678 792 25020 13341 3427 4950 3564 1248 4350
is_linear=0
shrinkage=0.05


Tree=94
num_leaves=31
num_cat=0
split_feature=11 8 0 0 0 3 0 0 10 7 3 4 8 10 4 4 9 0 11 8 11 4 0 1 7 3 10 0 9 4
split_gain=20.3389 19.8849 19.2546 24.4065 24.1302 30.8483 28.9399 34.387 28.1272 29.1703 22.7761 37.9802 23.1058 22.4164 20.9726 20.0011 19.139 18.8409 17.6892 17.4307 17.9644 22.7706 16.9573 16.8812 17.4131 16.7039 28.8549 42.3392 23.4626 26.2099
threshold=1.1980087578716245 44.000000000000007 94.500000000000014 73.500000000000014 60.500000000000007 0.41398981800788198 36.500000000000007 7.5000000000000009 1.0000000180025095e-35 27.687500000000004 -0.0053757284505435614 0.66367808336324663 34.95000000000001 1.0000000180025095e-35 -0.54219087765047058 0.98332250088165762 14.9234375 76.500000000000014 0.99750193819539412 28.150000000000002 1.0267603807040537 -0.40613878790836594 69.500000000000014 1.5000000000000002 27.512500000000006 0.85673801594079257 1.0000000180025095e-35 17.500000000000004 21.109114583333337 0.42763731121559989
decision_type=2 2 2 2 2 2 2 2 2 2 2 2 2 2 2 2 2 2 2 2 2 2 2 2 2 2 2 2 2 2
left_child=1 2 3 4 6 13 7 8 16 15 11 12 19 -6 22 -10 -1 -13 -19 -5 -21 23 -7 24 -22 -9 27 -27 -28 -30
right_child=-2 -3 -4 10 5 14 -8 25 9 -11 -12 17 -14 -15 -16 -17 -18 18 -20 20 21 -23 -24 -25 -26 26 28 -29 29 -31
leaf_value=0.049021248259364825 -0.062122443756543792 -0.12566458289948698 0.041025498599387339 -0.059723414009830833 0.034525173616109586 -0.029116073238465393 -0.010764980594412067 0.013421077014014316 -0.0091455077871017924 -0.126223596823926 -0.019836433326476312 -0.022586339100009668 0.063537808398878334 -0.01040193556832918 0.050841259075046712 -0.035183858565093117 -0.0011081565348227684 0.04257671088817503 0.010787644224680549 -0.00051902549139484224 0.20551179404868664 -0.090572513627512313 0.11006416818866427 -0.046340415796409219 -0.00023536959424319548 0.030019351423675289 0.040359633938006567 -0.08793172947231441 0.0055355197643635282 -0.071793764974097493
leaf_weight=792 1152 384 1331 588 4836 1248 31941 33268 5001 838 14108 516 945 6463 4197 344 3680 1188 1908 6288 123 609 552 1365 318 640 580 1216 2755 174
leaf_count=792 1152 384 1331 588 4836 1248 31941 33268 5001 838 14108 516 945 6463 4197 344 3680 1188 1908 6288 123 609 552 1365 318 640 580 1216 2755 174
internal_value=0.000103596 0.000163032 0.000197165 0.00013421 0.000504187 0.00219993 0.000143114 0.000902857 -0.00161192 -0.0037967 -0.0011697 0.000270797 -0.00128468 0.000661563 0.00509838 -0.00243686 0.00140877 0.00467885 0.0061531 -0.0020423 -0.00147937 -0.00514493 0.000583333 -0.00232558 0.00617914 0.00159643 -0.000992544 -0.00603448 0.00167427 -0.000145101
internal_weight=129348 128196 127812 126481 98525 17296 81229 49288 10655 6183 27956 13848 10236 11299 5997 5345 4472 3612 3096 9291 8703 2415 1800 1806 441 38633 5365 1856 3509 2929
internal_count=129348 128196 127812 126481 98525 17296 81229 49288 10655 6183 27956 13848 10236 11299 5997 5345 4472 3612 3096 9291 8703 2415 1800 1806 441 38633 5365 1856 3509 2929
is_linear=0
shrinkage=0.05


Tree=95
num_leaves=31
num_cat=0
split_feature=9 4 0 3 8 0 0 0 0 11 0 4 11 9 0 0 0 3 0 4 0 9 10 3 4 1 11 3 8 7
split_gain=19.7812 28.052 25.7986 23.5683 23.5294 23.1994 30.3133 38.1854 24.9409 25.5426 21.5894 21.266 23.8086 21.6045 18.5766 30.3061 31.3906 29.7253 28.9884 38.8444 25.3892 24.1946 23.2974 25.3529 24.1382 19.9113 19.8537 19.8343 19.3129 18.115
threshold=33.072916666666671 -0.98801846520836312 5.5000000000000009 -0.01397611846945947 37.350000000000001 84.500000000000014 69.500000000000014 50.500000000000007 20.500000000000004 1.1118361362686917 29.500000000000004 -0.97874870457683594 1.058143950967068 28.427604166666669 93.500000000000014 73.500000000000014 59.500000000000007 0.30983042691905771 78.500000000000014 -0.44505783185115427 36.500000000000007 32.080989583333341 1.0000000180025095e-35 0.44505654568748165 -0.91939278948206182 5.5000000000000009 0.84918515311012011 -0.98046803196378884 35.050000000000004 27.187500000000004
decision_type=2 2 2 2 2 2 2 2 2 2 2 2 2 2 2 2 2 2 2 2 2 2 2 2 2 2 2 2 2 2
left_child=1 3 -2 -1 -4 6 7 8 -6 -10 -11 12 13 -3 15 16 20 -18 19 -17 21 -13 23 27 -24 -19 -25 -20 -21 -5
right_child=2 11 4 29 5 -7 -8 -9 9 10 -12 14 -14 -15 -16 18 17 25 22 28 -22 -23 24 26 -26 -27 -28 -29 -30 -31
leaf_value=0.0011176538898681088 -0.10301910847881715 -0.071693268326446 0.15669390235305727 0.037615682840885262 -0.043681321246435804 -0.11554770112892357 0.087695708252480395 -0.13039988894846885 0.062356378232268389 0.06867218589203361 -0.18221257362816987 0.004658646416036305 -0.22819591905655301 0.076399814316204129 0.032110488796890026 0.010539345376179199 0.0080644419389059863 0.032214995117263355 -0.03810107076727718 -0.050980927917669311 -0.010021924789306524 0.065735431467827968 -0.065115403793640073 -0.26735061442858382 -0.0066706593725776031 0.085140967850310292 -0.008972142220665091 0.033327366320270356 -0.22391592787930251 -0.090240480231845055
leaf_weight=2686 554 192 180 324 1363 991 1348 1724 2346 108 252 42544 96 2076 2348 1875 9901 5527 405 3775 26985 888 870 105 9568 991 2325 4335 220 2446
leaf_count=2686 554 192 180 324 1363 991 1348 1724 2346 108 252 42544 96 2076 2348 1875 9901 5527 405 3775 26985 888 870 105 9568 991 2325 4335 220 2446
internal_value=9.12268e-05 0.00025896 -0.00218813 -0.00324413 -0.00149182 -0.0018876 -0.000892732 -0.00246418 0.000178176 0.00295639 -0.00944444 0.000425121 0.00511844 0.00615079 0.000326641 0.000232971 0.000663895 0.00263262 -0.00136085 -0.00440375 0.000204851 0.000953214 -0.000346433 0.00184798 -0.0018538 0.00525468 -0.00230453 0.00397679 -0.00719024 -0.00648014
internal_weight=129348 120482 8866 5456 8312 8132 7141 5793 4069 2706 360 115026 2364 2268 112662 110314 86836 16419 23478 5870 70417 43432 17608 7170 10438 6518 2430 4740 3995 2770
internal_count=129348 120482 8866 5456 8312 8132 7141 5793 4069 2706 360 115026 2364 2268 112662 110314 86836 16419 23478 5870 70417 43432 17608 7170 10438 6518 2430 4740 3995 2770
is_linear=0
shrinkage=0.05


Tree=96
num_leaves=31
num_cat=0
split_feature=0 0 11 5 7 0 1 0 9 0 4 8 0 0 0 3 8 10 0 3 4 8 4 4 3 11 11 8 3 8
split_gain=19.4188 22.4247 22.8474 22.0841 18.9795 18.3352 15.7141 19.4434 15.5468 20.6749 21.978 23.4659 19.0443 32.9311 24.5905 27.1996 18.5315 16.8864 26.8947 27.8682 28.1625 46.017 22.2196 20.5704 39.6529 18.0544 21.7955 20.3307 17.8752 15.508
threshold=2.5000000000000004 36.500000000000007 0.73745831416842689 1.0000000180025095e-35 26.012500000000006 93.500000000000014 5.5000000000000009 73.500000000000014 30.108333333333338 44.500000000000007 -0.18493013702746822 31.750000000000004 64.500000000000014 87.500000000000014 54.500000000000007 0.79904096188274243 40.350000000000001 1.0000000180025095e-35 65.500000000000014 0.9053161325100999 0.029024409397335523 28.550000000000004 0.99349222267034787 0.46611290379786346 -0.46801505794253101 0.84409739968617681 0.8817286741633612 32.550000000000004 -0.18492532721306487 33.750000000000007
decision_type=2 2 2 2 2 2 2 2 2 2 2 2 2 2 2 2 2 2 2 2 2 2 2 2 2 2 2 2 2 2
left_child=4 -2 -3 5 -1 6 8 -8 9 10 29 -12 14 -14 16 -16 -10 -11 19 23 -21 -22 25 -19 -25 28 27 -27 -20 -4
right_child=1 2 3 -5 -6 -7 7 -9 12 17 11 -13 13 -15 15 -17 -18 18 22 20 21 -23 -24 24 -26 26 -28 -29 -30 -31
leaf_value=-0.002889960082799803 0.0068887660664344709 -0.09700244373269129 0.033628629317468038 0.027852033182886517 -0.076889473480854065 0.026359796118807566 0.024312113776864666 -0.014182188158602572 -0.058363666536281049 0.0097573719479697729 -0.043274927680760557 -0.1249936834870205 0.015497926617233305 -0.08391894315483342 -0.15289207608053915 0.093234786197770356 0.053313649808717403 -0.01688628714530296 -0.0027846890532316594 0.1404809766053596 0.090005354049402797 -0.078728492440071574 -0.058207516672407422 0.086837835788602297 -0.00062945515740793218 -0.1148099762858827 -0.011856588593639118 0.070794626962771903 0.1097366822046702 -0.092947429136224002
leaf_weight=2517 45837 354 1824 4484 1526 2530 7006 3798 3146 16072 3984 520 5115 1339 1971 260 849 5481 420 714 315 462 588 944 3108 476 12848 84 280 496
leaf_count=2517 45837 354 1824 4484 1526 2530 7006 3798 3146 16072 3984 520 5115 1339 1971 260 849 5481 420 714 315 462 588 944 3108 476 12848 84 280 496
internal_value=7.76974e-05 0.000187742 -0.000320255 -0.000263544 -0.00333292 -0.00046831 -0.000615118 0.0011431 -0.00092502 -0.000518348 -0.00307005 -0.00510657 -0.00248423 -0.000581035 -0.00445712 -0.00866203 -0.00210889 -0.000101694 -0.00089619 0.00097061 0.0073273 0.000740026 -0.00229654 -2.36022e-05 0.00267769 -0.00189963 -0.00230832 -0.0119643 0.00592857 0.000883621
internal_weight=129348 125305 79468 79114 4043 74630 72100 10804 61296 48616 6824 4504 12680 6454 6226 2231 3995 41792 25720 11024 1491 777 14696 9533 4052 14108 13408 560 700 2320
internal_count=129348 125305 79468 79114 4043 74630 72100 10804 61296 48616 6824 4504 12680 6454 6226 2231 3995 41792 25720 11024 1491 777 14696 9533 4052 14108 13408 560 700 2320
is_linear=0
shrinkage=0.05


Tree=97
num_leaves=31
num_cat=0
split_feature=11 8 10 9 3 8 4 11 8 3 0 0 1 4 7 11 11 3 3 3 11 6 8 4 9 8 11 4 8 11
split_gain=19.0143 29.1058 26.3106 49.8249 88.2811 48.3434 63.803 47.4785 41.0889 39.7225 33.7979 27.6821 39.4806 29.1897 26.4262 24.8152 22.0953 23.3544 21.5597 21.4908 20.8433 31.387 22.5682 26.8316 37.7665 36.5223 29.322 23.9563 22.0783 18.727
threshold=0.99547686574958993 38.850000000000001 1.0000000180025095e-35 12.070312500000002 0.20180702842483325 19.150000000000002 0.91511078773075516 1.0061158603317641 22.650000000000002 -0.19337636264337835 12.500000000000002 66.500000000000014 4.5000000000000009 -0.97874870457683594 27.687500000000004 0.99466861273465434 1.0118133182750044 0.77788564761185042 0.39827038710620805 0.99274428880883148 1.1135526900622577 1.0000000180025095e-35 31.850000000000005 0.689015599449598 17.220572916666669 25.050000000000004 0.99909664317366975 -0.8901731938066898 44.000000000000007 0.80519389663381347
decision_type=2 2 2 2 2 2 2 2 2 2 2 2 2 2 2 2 2 2 2 2 2 2 2 2 2 2 2 2 2 2
left_child=1 15 3 4 -2 -5 19 8 -8 -9 14 12 13 -12 -4 29 17 -14 -3 20 22 -22 23 27 25 26 -25 -7 -24 -1
right_child=2 18 10 5 -6 6 7 9 -10 -11 11 -13 16 -15 -16 -17 -18 -19 -20 -21 21 -23 28 24 -26 -27 -28 -29 -30 -31
leaf_value=-0.02932260042375319 0.0015301145466409594 -0.14136161622736695 -0.017939619651301798 -0.057644011837273017 0.16399284247053458 0.17716253962356066 -0.14253108495289765 -0.033307649767260729 0.0752162572757996 0.095063489532603296 -0.093969778850554075 -0.017686018548168647 0.098141707622764335 -0.0037800680315307035 -0.12055515236361743 0.055785233338659174 0.016582691064884615 -0.059854881543571284 -0.011781671823678154 -0.080881628588108614 -0.056343145040477084 0.24571761046281965 0.022342559577845835 0.10453447072305125 0.045515654378522188 -0.20496403966915083 -0.013922534324179026 -0.034225597966572256 -0.14015631042133378 0.0078402743806137206
leaf_weight=2304 1632 665 4814 1248 960 96 288 288 192 1920 1016 12585 970 15362 835 1152 5978 108 863 672 2686 96 11612 192 1536 192 2016 4032 288 52750
leaf_count=2304 1632 665 4814 1248 960 96 288 288 192 1920 1016 12585 970 15362 835 1152 5978 108 863 672 2686 96 11612 192 1536 192 2016 4032 288 52750
internal_value=8.00167e-05 0.000755188 -0.000464295 0.000666199 0.00729167 3.83856e-05 0.00049797 0.0077939 -0.00645833 0.0108922 -0.00127676 -0.000712818 0.000302979 -0.00104408 -0.00487254 0.000940291 0.00342971 0.0100186 -0.00605366 -0.000339482 -7.91348e-05 -0.00413372 0.000485875 -0.0015563 0.00139736 -0.00252083 -0.000701993 -0.00437258 0.00186975 0.000788317
internal_weight=129348 57734 71614 29946 2592 27354 26106 2688 480 2208 41668 36019 23434 16378 5649 56206 7056 1078 1528 23418 22746 2782 19964 8064 3936 2400 2208 4128 11900 55054
internal_count=129348 57734 71614 29946 2592 27354 26106 2688 480 2208 41668 36019 23434 16378 5649 56206 7056 1078 1528 23418 22746 2782 19964 8064 3936 2400 2208 4128 11900 55054
is_linear=0
shrinkage=0.05


Tree=98
num_leaves=31
num_cat=0
split_feature=11 9 10 9 3 8 4 11 8 3 4 4 8 0 8 8 9 4 3 3 11 1 11 6 11 3 11 8 9 8
split_gain=17.2025 27.0946 24.8327 46.0387 83.1491 45.2803 57.5258 45.7107 39.2 37.0003 31.7712 32.8184 43.4388 25.3041 24.2129 29.2111 28.401 25.0581 23.9643 30.2689 23.4693 20.618 26.479 26.5672 23.0259 28.4692 20.6868 20.4546 58.5416 46.1864
threshold=0.99547686574958993 34.889322916666671 1.0000000180025095e-35 12.070312500000002 0.20180702842483325 19.150000000000002 0.91511078773075516 1.0061158603317641 22.650000000000002 -0.19337636264337835 -0.98521978256641018 0.84658398682345093 19.250000000000004 16.500000000000004 38.45000000000001 34.150000000000013 24.289322916666674 -0.8142754349318998 -0.43733984355855576 -0.19337636264337835 0.99466861273465434 4.5000000000000009 1.0037329538813851 1.0000000180025095e-35 1.0145048597912061 0.77788564761185042 1.0536951534388417 24.450000000000003 15.127864583333336 22.350000000000005
decision_type=2 2 2 2 2 2 2 2 2 2 2 2 2 2 2 2 2 2 2 2 2 2 2 2 2 2 2 2 2 2
left_child=1 20 3 4 -2 -5 -7 8 -8 -9 -4 12 -12 14 15 16 -14 -18 -13 -20 27 22 23 -15 25 -23 -26 28 -1 -30
right_child=2 -3 10 5 -6 6 7 9 -10 -11 11 18 13 21 -16 -17 17 -19 19 -21 -22 24 -24 -25 26 -27 -28 -29 29 -31
leaf_value=-0.0070521587483092681 0.0014536088193082719 -0.1701606545298823 -0.062400419947513087 -0.054761811245408867 0.15579320034700858 -0.0027279174297220269 -0.13540453070525232 -0.031642267278897407 0.071455444412008975 0.090310315055972978 0.047919664216829007 -0.051004975628136863 0.0059261037504334986 -0.042794543078366588 -0.083578145693992675 0.028818741990889407 0.0042176745852458451 -0.070846422575045406 0.01247473835136006 -0.024683404516188293 0.052995971671725789 0.09729231804602706 0.00061075310681530943 0.11883900224895286 -0.014188987377853835 -0.042894612705650564 0.035081133788608554 0.0015516787436311574 0.099765408209275819 0.019194518120778527
leaf_weight=5280 1632 288 2674 1248 960 23418 288 288 192 1920 480 576 1190 1975 572 1105 731 1802 1632 5856 1152 1104 15595 79 2923 237 3137 45447 1728 3839
leaf_count=5280 1632 288 2674 1248 960 23418 288 288 192 1920 480 576 1190 1975 572 1105 731 1802 1632 5856 1152 1104 15595 79 2923 237 3137 45447 1728 3839
internal_value=7.22856e-05 0.000714484 -0.000445444 0.000652842 0.0070216 4.93529e-05 0.000494139 0.00742188 -0.0065625 0.010462 -0.00123476 -0.000873211 -0.000132557 -0.000367816 -0.00347222 -0.0023198 -0.00443862 -0.0074319 -0.00371404 -0.00295807 0.000791178 0.000301397 -0.000627514 -0.00596397 0.00251655 0.00844519 0.00120462 0.000646605 0.00259749 0.00617478
internal_weight=129348 57734 71614 29946 2592 27354 26106 2688 480 2208 41668 38994 30930 30450 5400 4828 3723 2533 8064 7488 57446 25050 17649 2054 7401 1341 6060 56294 10847 5567
internal_count=129348 57734 71614 29946 2592 27354 26106 2688 480 2208 41668 38994 30930 30450 5400 4828 3723 2533 8064 7488 57446 25050 17649 2054 7401 1341 6060 56294 10847 5567
is_linear=0
shrinkage=0.05


Tree=99
num_leaves=31
num_cat=0
split_feature=0 0 11 5 0 9 4 3 3 1 8 10 0 3 11 11 11 11 9 11 8 0 4 7 4 0 4 8 3 0
split_gain=17.1274 21.4358 20.355 20.3474 17.9364 16.742 16.4746 14.4836 14.4347 27.0552 21.2571 19.2489 32.6565 18.5611 27.1912 15.1369 14.8458 18.3583 19.0521 15.8823 22.5204 15.0376 16.8543 14.8661 14.2768 23.9679 24.5832 20.0139 25.8239 19.1468
threshold=2.5000000000000004 36.500000000000007 0.73745831416842689 1.0000000180025095e-35 94.500000000000014 32.882812500000007 0.7254836971458194 0.99983759474438971 0.85673801594079257 2.5000000000000004 22.750000000000004 1.0000000180025095e-35 17.500000000000004 0.96465729447553372 0.97366293224832023 0.93656793184022147 1.1102543501962845 1.09763366194496 10.334114583333335 1.0916629031903622 34.050000000000004 19.500000000000004 -0.95242240592625282 33.112500000000004 -0.9260227363677036 43.500000000000007 -0.31800055644052067 31.750000000000004 -0.89015004145349408 73.500000000000014
decision_type=2 2 2 2 2 2 2 2 2 2 2 2 2 2 2 2 2 2 2 2 2 2 2 2 2 2 2 2 2 2
left_child=5 8 6 4 24 -1 -3 -5 16 11 -11 12 15 14 -13 -10 17 18 -2 -20 -21 22 -18 -23 -4 26 -26 28 -28 -27
right_child=1 2 3 7 -6 -7 -8 -9 9 10 -12 13 -14 -15 -16 -17 21 -19 19 20 -22 23 -24 -25 25 29 27 -29 -30 -31
leaf_value=-0.012992707745391387 -0.026356347223998711 -0.16665064275060076 -0.024349893474538222 0.028563054603985449 0.035727403228261782 -0.1355129508408531 0.0079640259823250403 -0.17516821351344022 -0.14560522742189405 0.089136769140989003 -0.02485745838995328 0.054186009681347264 -0.077219029365600989 0.049878801816195306 -0.023338819774494368 0.068305697843092622 -0.13108953440085289 0.06225780163850772 0.011200855838003322 -0.13512898093154249 0.050666349383493528 0.026961612710066165 -0.0246574517582566 -0.15098459067099981 0.013113079186750554 0.0078926160341886483 0.026871733599242022 -0.10561985794568757 -0.073736441809980138 -0.0069029940714600002
leaf_weight=3737 680 236 11778 4425 1265 306 118 59 60 170 3434 204 513 952 612 345 221 1187 34416 272 170 1308 1190 103 2512 31860 707 728 3479 22301
leaf_count=3737 680 236 11778 4425 1265 306 118 59 60 170 3434 204 513 952 612 345 221 1187 34416 272 170 1308 1190 103 2512 31860 707 728 3479 22301
internal_value=6.80335e-05 0.000171382 -0.000325288 -0.00027176 -0.00046831 -0.00313505 -0.0122881 0.00299955 0.00103246 -0.00119237 -0.00402331 0.00260611 -0.00326797 0.00565611 0.000122549 0.00734568 0.00138633 0.00165487 0.00145056 0.00161226 -0.00780543 -0.00210843 -0.00575833 0.00154146 -0.000570095 -0.000265072 -0.0029289 -0.00498575 -0.00365504 0.000100164
internal_weight=129348 125305 79468 79114 74630 4043 354 4484 45837 6290 3604 2686 918 1768 816 405 39547 36725 35538 34858 442 2822 1411 1411 73365 61587 7426 4914 4186 54161
internal_count=129348 125305 79468 79114 74630 4043 354 4484 45837 6290 3604 2686 918 1768 816 405 39547 36725 35538 34858 442 2822 1411 1411 73365 61587 7426 4914 4186 54161
is_linear=0
shrinkage=0.05


Tree=100
num_leaves=31
num_cat=0
split_feature=11 8 0 0 11 5 0 4 7 3 10 9 0 4 4 8 0 1 3 11 8 4 10 0 9 3 9 4 11 11
split_gain=17.0848 17.1261 14.3711 20.7917 20.7215 20.7266 17.5735 16.4746 15.313 15.2284 22.1769 32.6106 34.6757 33.5052 22.3179 21.5551 28.6946 27.7993 45.05 34.3527 20.7909 17.1871 16.6386 29.9246 33.1887 29.4881 55.2875 26.6267 23.5282 22.5261
threshold=1.1980087578716245 44.000000000000007 3.5000000000000004 36.500000000000007 0.73745831416842689 1.0000000180025095e-35 93.500000000000014 0.7254836971458194 27.012500000000006 0.75580964594513067 1.0000000180025095e-35 32.080989583333341 17.500000000000004 -0.5129677127369543 -0.35042475891464198 24.350000000000005 23.500000000000004 2.5000000000000004 0.96465729447553372 0.91425880925186409 35.95000000000001 -0.33426211444629356 1.0000000180025095e-35 20.500000000000004 32.651041666666671 -0.30983472475487867 18.633333333333336 0.98332250088165762 0.93656793184022147 0.7641759112864478
decision_type=2 2 2 2 2 2 2 2 2 2 2 2 2 2 2 2 2 2 2 2 2 2 2 2 2 2 2 2 2 2
left_child=1 2 8 9 7 6 -6 -5 -1 22 11 12 14 -14 -11 -12 17 18 19 -17 -19 -18 25 24 27 26 -4 -24 -28 -27
right_child=-2 -3 3 4 5 -7 -8 -9 -10 10 15 -13 13 -15 -16 16 21 20 -20 -21 -22 -23 23 -25 -26 29 28 -29 -30 -31
leaf_value=-0.0038847905043290611 -0.054765349258438789 -0.11115259551888812 -0.073685318323468613 -0.15831811061307094 -0.004470431342122794 0.027901903079364132 0.025313321415331561 0.0075658246832091443 -0.067689180948540442 -0.061044664045414268 0.05170379540074066 0.077714164238945227 0.045286321862106155 -0.10733371586578998 0.024920138487615873 0.051468064862933011 0.10070112501909563 -0.022397345450389142 0.056511075523039273 -0.044574189260857371 -0.097880608080158291 0.0090568273589191513 0.0012245047723617121 0.016073985733254404 -0.10686707995386797 -0.23958192252071911 0.061381146179725482 -0.022550022233478729 0.0019330255853276413 0.042473591099360421
leaf_weight=3934 1152 384 792 236 71302 4366 2502 118 1394 336 561 297 285 1368 882 100 569 1395 560 620 280 1352 8978 9741 626 66 1551 731 4620 8250
leaf_count=3934 1152 384 792 236 71302 4366 2502 118 1394 336 561 297 285 1368 882 100 569 1395 560 620 280 1352 8978 9741 626 66 1551 731 4620 8250
internal_value=7.22856e-05 0.000126759 0.000158436 0.000269015 -0.000218405 -0.000163746 -0.000361769 -0.0122881 -0.00238363 0.00113967 -0.000746659 -0.00407197 -0.00570359 -0.0104204 0.000697865 0.00119091 0.000123052 -0.00296954 0.00257813 -0.00569444 -0.00720896 0.00488027 0.00159878 0.00065252 -0.00122158 0.00284214 0.00044162 -0.000502111 0.00203776 0.00485209
internal_weight=129348 128196 127812 122484 78524 78170 73804 354 5328 43960 8605 3168 2871 1653 1218 5437 4876 2955 1280 720 1675 1921 35355 20076 10335 15279 6963 9709 6171 8316
internal_count=129348 128196 127812 122484 78524 78170 73804 354 5328 43960 8605 3168 2871 1653 1218 5437 4876 2955 1280 720 1675 1921 35355 20076 10335 15279 6963 9709 6171 8316
is_linear=0
shrinkage=0.05


Tree=101
num_leaves=31
num_cat=0
split_feature=11 8 0 0 11 5 4 0 3 3 8 7 1 11 11 8 8 8 11 1 0 9 7 9 3 3 8 10 8 11
split_gain=15.5922 15.0371 13.1941 17.6873 20.7193 18.2599 15.572 15.3346 14.463 14.1739 23.1229 13.8299 13.3346 13.0792 13.5541 15.109 16.3819 15.116 14.9247 18.555 14.0829 56.5493 38.6892 30.6848 24.1067 29.7771 21.3247 41.8382 23.3434 20.5203
threshold=1.1980087578716245 44.000000000000007 2.5000000000000004 36.500000000000007 0.73745831416842689 1.0000000180025095e-35 0.7254836971458194 93.500000000000014 0.99983759474438971 0.99865421017599998 34.650000000000013 24.812500000000004 2.5000000000000004 1.172278468731752 0.91425880925186409 33.95000000000001 34.45000000000001 35.050000000000004 0.9083425663746435 1.0000000180025095e-35 24.500000000000004 23.176562500000006 25.512500000000006 29.570052083333341 -0.16799356919963607 -0.77245553105869302 37.050000000000004 1.0000000180025095e-35 34.650000000000013 1.0916629031903622
decision_type=2 2 2 2 2 2 2 2 2 2 2 2 2 2 2 2 2 2 2 2 2 2 2 2 2 2 2 2 2 2
left_child=1 2 11 9 6 7 -5 -6 -7 13 12 -1 -11 14 15 18 -17 -18 -4 -20 22 -22 -16 24 25 -24 28 -28 -25 -27
right_child=-2 -3 3 4 5 8 -8 -9 -10 10 -12 -13 -14 -15 20 16 17 -19 19 -21 21 -23 23 26 -26 29 27 -29 -30 -31
leaf_value=-6.6268726271800915e-05 -0.052027081795516496 -0.10559496574294372 0.025830433235507402 -0.15040220508241761 -0.0042469097750164053 0.029295306573708046 0.0071875334490485443 0.024047655344565301 -0.16780489799173637 -0.0072246187092737564 0.033212534437846844 -0.054251505240110735 -0.08172398026668902 0.093172106373980768 0.007142959536960803 -0.14149903943458356 0.06518348302274149 -0.036487301944020348 -0.013090924506196444 0.10469026725907966 -0.014936931204392323 0.039585157283333672 -0.083686727305963882 -0.013121254996498521 -0.1368163635810376 0.027185850238850409 0.009154630303042666 -0.085810355669677568 0.052071444926890822 -0.089087160190924664
leaf_weight=2205 1152 384 4200 236 71302 4307 118 2502 59 204 102 1790 306 238 16222 204 272 510 170 476 5460 8167 1192 1391 471 1258 1730 1038 1292 390
leaf_count=2205 1152 384 4200 236 71302 4307 118 2502 59 204 102 1790 306 238 16222 204 272 510 170 476 5460 8167 1192 1391 471 1258 1730 1038 1292 390
internal_value=6.18487e-05 0.000113888 0.00014357 0.000234822 -0.000219041 -0.000164385 -0.0122881 -0.000350252 0.00297755 0.00102168 -0.00653595 -0.00268461 -0.0108824 0.0011252 0.0010626 0.00330933 -0.00233266 0.000959079 0.00445728 0.0115325 0.000723239 0.00201622 1.80115e-05 -0.00265921 -0.00645575 -0.00471831 -0.000353146 -0.00343208 0.00282333 -0.000364078
internal_weight=129348 128196 127812 123817 78524 78170 354 73804 4366 45293 612 3995 510 44681 44443 5832 986 782 4846 646 38611 13627 24984 8762 3311 2840 5451 2768 2683 1648
internal_count=129348 128196 127812 123817 78524 78170 354 73804 4366 45293 612 3995 510 44681 44443 5832 986 782 4846 646 38611 13627 24984 8762 3311 2840 5451 2768 2683 1648
is_linear=0
shrinkage=0.05


Tree=102
num_leaves=31
num_cat=0
split_feature=11 9 10 9 3 8 4 11 8 3 0 4 4 8 11 1 11 6 3 11 11 3 9 3 3 3 1 8 9 8
split_gain=15.104 24.5006 21.6896 42.7143 79.8849 43.0387 50.4571 43.2636 36.2253 32.3438 27.1367 22.0217 25.9314 31.0961 21.4431 21.0148 28.47 30.4615 20.6093 20.443 19.9755 33.9297 19.827 19.6743 21.1994 19.4876 23.2365 19.3562 54.9264 40.4882
threshold=0.99547686574958993 34.889322916666671 1.0000000180025095e-35 12.070312500000002 0.20180702842483325 19.150000000000002 0.91511078773075516 1.0061158603317641 22.650000000000002 -0.19337636264337835 7.5000000000000009 -0.98521978256641018 0.84658398682345093 19.250000000000004 0.99517992508811626 4.5000000000000009 1.0037329538813851 1.0000000180025095e-35 0.99466373373798567 1.0052470737456287 1.0145048597912061 0.77788564761185042 29.186197916666668 -0.43733984355855576 -0.19337636264337835 0.9550229469509578 2.5000000000000004 24.450000000000003 15.127864583333336 22.350000000000005
decision_type=2 2 2 2 2 2 2 2 2 2 2 2 2 2 2 2 2 2 2 2 2 2 2 2 2 2 2 2 2 2
left_child=1 14 3 4 -2 -5 18 8 -8 -9 -4 22 13 -13 27 16 17 -15 -7 -18 21 -17 -12 -14 -25 -21 -27 28 -1 -30
right_child=2 -3 10 5 -6 6 7 9 -10 -11 11 12 23 15 -16 20 19 -19 -20 25 -22 -23 -24 24 -26 26 -28 -29 29 -31
leaf_value=-0.0070144007178669201 -1.6106204102328549e-05 -0.16380411345497237 -0.029064399794548737 -0.053514428804436423 0.1466616254985425 -0.00060843161667278878 -0.12976423095213363 -0.027560272784850782 0.066382855156625453 0.085883441594267404 0.064502609346508422 0.049206361483394551 -0.049102075588906759 -0.041905602125714127 0.079796994966566365 0.086961252659516222 0.07571536472604308 0.10514135064928781 -0.0881690911238458 -0.0094103412528568249 0.0059270548642288649 -0.044155665127337332 -0.067921549427124722 0.011997195108990867 -0.02121705086506509 0.048287881792642651 -0.010978913803868551 0.0013358620159209522 0.089518683980654157 0.018145449753770037
leaf_weight=5472 1632 288 3474 1248 960 22842 288 288 192 1920 264 440 528 2200 576 1230 440 88 576 14297 6753 264 2186 1496 5368 1496 1144 45735 1824 3839
leaf_count=5472 1632 288 3474 1248 960 22842 288 288 192 1920 264 440 528 2200 576 1230 440 88 576 14297 6753 264 2186 1496 5368 1496 1144 45735 1824 3839
internal_value=5.64369e-05 0.000658191 -0.000428687 0.000597743 0.00673225 1.6451e-05 0.000450088 0.00693824 -0.00666667 0.00989583 -0.00116636 -0.000781536 -0.000467211 0.000220443 0.000731121 1.25394e-05 -0.000875922 -0.00611888 -0.000294645 -0.00018559 0.00213108 0.00736278 -0.00536735 -0.00310471 -0.00238928 -0.000462006 0.00348485 0.000633902 0.00250337 0.00595532
internal_weight=129348 57734 71614 29946 2592 27354 26106 2688 480 2208 41668 38194 35744 28352 57446 27912 19665 2288 23418 17377 8247 1494 2450 7392 6864 16937 2640 56870 11135 5663
internal_count=129348 57734 71614 29946 2592 27354 26106 2688 480 2208 41668 38194 35744 28352 57446 27912 19665 2288 23418 17377 8247 1494 2450 7392 6864 16937 2640 56870 11135 5663
is_linear=0
shrinkage=0.05


Tree=103
num_leaves=31
num_cat=0
split_feature=11 8 6 11 11 4 8 11 9 0 4 1 9 9 9 8 11 8 4 10 10 9 8 3 11 11 8 3 8 7
split_gain=14.6956 14.2641 13.6651 19.3083 16.5889 15.0966 31.8449 30.4455 26.6512 18.2409 15.4472 18.7915 20.0524 14.9524 34.9484 29.6317 28.7538 27.4817 28.5055 35.5947 24.9559 59.1365 66.5983 61.344 43.776 38.8008 35.0987 32.1066 30.3601 25.8401
threshold=1.1980087578716245 44.000000000000007 1.0000000180025095e-35 1.1649345393363679 1.1338093104982068 0.87291090774974645 28.850000000000005 0.888018781778247 14.777604166666668 39.500000000000007 -0.70289845916694649 2.5000000000000004 24.470572916666672 20.077083333333338 14.060937500000003 18.850000000000005 0.9655108416535565 28.150000000000002 0.67644692717078936 1.0000000180025095e-35 1.0000000180025095e-35 12.070312500000002 20.200000000000006 0.20180702842483325 1.0114098712100164 0.98871441963832118 20.050000000000004 0.534952257794027 18.850000000000005 12.262500000000001
decision_type=2 2 2 2 2 2 2 2 2 2 2 2 2 2 2 2 2 2 2 2 2 2 2 2 2 2 2 2 2 2
left_child=1 2 13 4 5 6 -4 -8 9 -7 -9 12 -12 14 16 -16 -1 18 -15 -20 21 23 25 24 -18 28 27 -22 -23 -24
right_child=-2 -3 3 -5 -6 8 7 10 -10 -11 11 -13 -14 17 15 -17 20 -19 19 -21 26 22 29 -25 -26 -27 -28 -29 -30 -31
leaf_value=-0.053175927173253257 -0.048955210643097762 -0.10028479587496264 0.06477161936949187 0.1701396626930837 -0.15024592869937337 0.051623893325811569 -0.13237348902024734 0.066058807026323052 -0.10456407397474053 -0.021644821810078697 -0.026959143715447456 -0.024252226050253258 0.035169886882464141 -0.031130317722553969 0.079871344317096069 0.01015481013982651 0.11520646316267787 -0.00089742349038886011 -0.019883875867702728 0.046924042274945781 -0.014342886957365408 -0.16147447715571986 0.098849352733640219 0.13932854422361488 -0.010548867337841729 -0.056751176503886572 -0.075041836558303043 0.03084047361772875 0.066233588994523987 0.012498004263343888
leaf_weight=1152 1152 384 1152 192 96 280 192 957 288 392 288 1632 1248 4416 672 20831 288 78472 768 480 6144 96 527 960 1440 2016 576 960 672 625
leaf_count=1152 1152 384 1152 192 96 280 192 957 288 392 288 1632 1248 4416 672 20831 288 78472 768 480 6144 96 527 960 1440 2016 576 960 672 625
internal_value=6.64873e-05 0.000117008 0.000145917 0.00234107 0.00188123 0.0021893 0.00320442 0.0012335 -0.00359375 0.00186012 0.00213939 0.000457702 0.00442708 2.41546e-05 0.000862442 0.00216598 -0.000951087 -0.000344086 -0.00370763 0.00296474 -0.000339066 0.00190972 -0.00199441 0.00762649 0.00199653 -0.00617816 -0.00227865 -0.00131616 0.00338542 0.00811632
internal_weight=129348 128196 127812 6717 6525 6429 5469 4317 960 672 4125 3168 1536 121095 36959 21503 15456 84136 5664 1248 14304 6624 3936 2688 1728 2784 7680 7104 768 1152
internal_count=129348 128196 127812 6717 6525 6429 5469 4317 960 672 4125 3168 1536 121095 36959 21503 15456 84136 5664 1248 14304 6624 3936 2688 1728 2784 7680 7104 768 1152
is_linear=0
shrinkage=0.05


Tree=104
num_leaves=31
num_cat=0
split_feature=11 8 0 0 0 10 0 0 0 10 7 0 4 3 4 8 11 3 4 8 8 9 9 3 0 4 0 8 3 10
split_gain=13.5927 13.1295 12.5651 17.3396 20.6503 25.6292 26.6727 21.2868 22.4116 21.0801 23.1129 20.0178 30.68 17.8699 29.667 21.0478 17.2827 16.7435 16.704 16.6341 20.9645 23.8718 21.202 20.4359 32.888 17.3864 15.7014 15.4444 15.152 24.2861
threshold=1.1980087578716245 44.000000000000007 94.500000000000014 73.500000000000014 60.500000000000007 1.0000000180025095e-35 63.500000000000007 36.500000000000007 7.5000000000000009 1.0000000180025095e-35 27.687500000000004 65.500000000000014 -0.54219087765047058 -0.0053757284505435614 0.66367808336324663 34.95000000000001 0.99750193819539412 -0.86546281643016554 0.98332250088165762 41.550000000000004 33.350000000000001 25.825781250000002 29.611718750000001 0.96465729447553372 41.500000000000007 0.99024581825578073 56.500000000000007 27.650000000000002 0.75580964594513067 1.0000000180025095e-35
decision_type=2 2 2 2 2 2 2 2 2 2 2 2 2 2 2 2 2 2 2 2 2 2 2 2 2 2 2 2 2 2
left_child=1 2 3 4 7 6 -6 8 9 -1 18 12 -7 14 15 27 -16 -14 -11 20 22 -22 25 -23 -25 -9 -21 -5 -10 -30
right_child=-2 -3 -4 13 5 11 -8 19 28 10 -12 -13 17 -15 16 -17 -18 -19 -20 26 21 23 -24 24 -26 -27 -28 -29 29 -31
leaf_value=0.0086115036509880841 -0.046507450110942733 -0.095270556081214874 0.03331460892284497 -0.077492096004394287 -0.012489322710941053 -0.030222044446477983 0.057730425135834908 -0.00040037021140406639 0.011572144632554427 -0.0079264011020171669 -0.10018867287331119 -0.010230293725118146 -0.0023067350473439776 -0.017395845731400784 0.034688638281587462 0.058945093659200157 0.0060615795089553615 0.056291992740123933 -0.030859565028425351 0.1221618480295561 -0.1968774114217382 -0.047519570783912002 0.13248479896261856 -0.12716556680514302 0.071363127689991757 -0.058072660405763803 -0.09044496735014676 -0.01143120573577079 -0.034047182078366232 0.0073462402617849422
leaf_weight=4472 1152 384 1331 336 1675 1450 5590 20156 31072 5001 838 6171 640 14108 1386 945 2226 1770 344 397 144 8310 406 180 684 1584 80 8955 2784 4777
leaf_count=4472 1152 384 1331 336 1675 1450 5590 20156 31072 5001 838 6171 640 14108 1386 945 2226 1770 344 397 144 8310 406 180 684 1584 80 8955 2784 4777
internal_value=6.84201e-05 0.000117008 0.000144744 9.38876e-05 0.000405735 0.00197444 0.00423606 7.17108e-05 0.0007233 -0.0013069 -0.00319829 0.000336457 0.00316062 -0.00100515 0.000270797 -0.00110395 0.00416667 0.00661826 -0.00198784 -0.000933753 -0.00107424 -0.00306396 -0.000237063 -0.00274689 0.00457176 -0.000448482 0.00833333 -0.00182704 0.00128323 -0.000724111
internal_weight=129348 128196 127812 126481 98525 17296 7265 81229 49288 10655 6183 10031 3860 27956 13848 10236 3612 2410 5345 31941 31464 9318 22146 9174 864 21740 477 9291 38633 7561
internal_count=129348 128196 127812 126481 98525 17296 7265 81229 49288 10655 6183 10031 3860 27956 13848 10236 3612 2410 5345 31941 31464 9318 22146 9174 864 21740 477 9291 38633 7561
is_linear=0
shrinkage=0.05


Tree=105
num_leaves=31
num_cat=0
split_feature=11 11 11 9 7 1 3 1 10 9 6 11 11 11 8 9 1 11 3 11 8 8 11 9 4 9 4 8 3 10
split_gain=13.1091 11.996 35.4005 30.8008 17.849 15.6358 24.3697 13.3997 17.2356 17.4393 13.0386 17.0122 16.8241 14.8375 13.797 44.3157 34.133 32.0663 28.7901 39.3136 27.04 29.2985 41.6571 23.9456 36.3389 35.7662 60.3452 50.414 43.7922 30.8347
threshold=1.2071527841224958 0.80519389663381347 0.82284707828887094 28.518489583333338 17.662500000000005 2.5000000000000004 -0.15101209918632377 1.5000000000000002 1.0000000180025095e-35 27.961718750000006 1.0000000180025095e-35 1.1649345393363679 0.93041277635383546 1.1338093104982068 24.450000000000003 14.060937500000003 2.5000000000000004 0.96159218389975776 0.30164402523644185 1.067458542709339 21.050000000000004 22.350000000000005 0.99352454386796529 17.422656250000003 0.67644692717078936 22.971614583333338 0.38043945030393422 30.550000000000004 0.96465729447553372 1.0000000180025095e-35
decision_type=2 2 2 2 2 2 2 2 2 2 2 2 2 2 2 2 2 2 2 2 2 2 2 2 2 2 2 2 2 2
left_child=1 4 3 5 -1 6 -3 8 -6 -10 14 12 -12 -14 15 17 18 -4 19 20 -17 22 -22 -16 25 28 -27 -28 -25 -30
right_child=-2 2 10 -5 7 -7 -8 -9 9 -11 11 -13 13 -15 23 16 -18 -19 -20 -21 21 -23 -24 24 -26 26 27 -29 29 -31
leaf_value=0.06316577697206896 -0.055026512102852365 -0.073192696631986826 -0.06582470482963601 -0.047474789011705813 -0.0894321010290966 0.11706202734071099 0.13458562990622341 -0.079905438165679507 0.036680292551866958 -0.15479852350992473 0.055278855404692712 0.16162915608600914 0.0075841504617073958 -0.14243784286572564 -0.039366576676209776 -0.079708854332051271 0.030915646123435184 -0.0019463046519540229 0.024582941954545846 0.087142433374351222 0.078337231799609705 -0.043337948918683367 -0.019772813446916615 -0.031243239345181452 0.017614127800084135 -0.0039993445715836634 0.10870262497671278 0.00062401783685288596 -0.026966322759873408 0.041275812722507514
leaf_weight=245 864 96 864 288 445 664 94 880 638 96 960 192 5277 96 1248 480 7775 14496 2016 288 480 1248 672 7584 5952 71186 1440 1344 480 960
leaf_count=245 864 96 864 288 445 664 94 880 638 96 960 192 5277 96 1248 480 7775 14496 2016 288 480 1248 672 7584 5952 71186 1440 1344 480 960
internal_value=6.18487e-05 0.000103126 0.00016841 0.0089317 -0.00347222 0.0137002 0.00105263 -0.00499029 -0.00150551 0.00320163 8.83731e-05 0.00226437 0.00181983 0.000730504 -3.14312e-05 0.000931354 0.00308473 -0.000885417 -5.78704e-05 -0.0030303 -0.00479167 -0.002625 0.003125 -0.000333725 -0.000237223 -0.000507868 -0.000145329 0.00707615 -0.00347961 0.00451389
internal_weight=129348 128484 126180 1142 2304 854 190 2059 1179 734 125038 6525 6333 5373 118513 28319 12959 15360 5184 3168 2880 2400 1152 90194 88946 82994 73970 2784 9024 1440
internal_count=129348 128484 126180 1142 2304 854 190 2059 1179 734 125038 6525 6333 5373 118513 28319 12959 15360 5184 3168 2880 2400 1152 90194 88946 82994 73970 2784 9024 1440
is_linear=0
shrinkage=0.05


Tree=106
num_leaves=31
num_cat=0
split_feature=0 0 11 3 4 8 8 1 3 4 9 11 3 11 1 0 5 4 9 3 0 6 9 4 8 1 4 3 1 11
split_gain=12.8096 15.0096 19.7138 18.1994 39.2453 34.6871 33.2785 22.3559 18.7497 42.6217 18.252 16.8302 17.9022 15.9515 16.5233 18.027 17.9886 16.6399 18.9868 26.4338 23.2096 19.6431 20.9003 28.9018 38.8802 33.5585 23.9348 20.7514 18.8964 17.937
threshold=1.5000000000000002 32.500000000000007 0.73745831416842689 -0.8821812062722818 -0.14250536273956091 33.050000000000004 31.050000000000004 5.5000000000000009 -0.16799356919963607 -0.97315270831292444 22.971614583333338 0.94542443323476821 -0.52032787705993211 1.1855674041436206 5.5000000000000009 72.500000000000014 1.0000000180025095e-35 0.99349222267034787 20.077083333333338 0.83849049182116964 90.500000000000014 1.0000000180025095e-35 22.971614583333338 0.38043945030393422 30.550000000000004 2.5000000000000004 0.63755505330306683 0.94425825643485939 4.5000000000000009 0.888018781778247
decision_type=2 2 2 2 2 2 2 2 2 2 2 2 2 2 2 2 2 2 2 2 2 2 2 2 2 2 2 2 2 2
left_child=-1 3 -3 4 7 6 10 -2 9 -5 -6 12 -11 14 16 -16 17 18 19 20 -4 22 26 -24 25 -25 27 -20 -21 -23
right_child=1 2 13 8 5 -7 -8 -9 -10 11 -12 -13 -14 -15 15 -17 -18 -19 21 28 -22 29 23 24 -26 -27 -28 -29 -30 -31
leaf_value=-0.020926714028882999 -0.0725772001917349 -0.070496873931799806 -0.0011363276868195272 0.12600108423978185 -0.059002523697326129 0.11060507392094224 -0.051892200765432508 0.043963093813634661 0.0027063279108709539 0.066598294712022721 0.024260720977211749 0.0076426982677077152 0.0058743142847646375 -0.063413683591142703 0.025562642331283317 -0.0070165024001369149 0.024237837655329032 -0.031205707183406872 -0.07492142249738834 0.064303150084920449 0.028694166359423436 -0.095449050010419978 -0.011384508563755703 -0.13442674519518932 -0.011514378546878846 0.12657075558894207 0.0055599017547294238 -0.0026182024969813259 -0.013166326069943324 0.03102717473514929
leaf_weight=2695 1612 378 15369 612 248 589 961 279 23544 1518 2139 9238 1054 1008 7937 4573 4032 2646 2079 945 1325 126 38018 126 756 567 1323 882 378 2391
leaf_count=2695 1612 378 15369 612 248 589 961 279 23544 1518 2139 9238 1054 1008 7937 4573 4032 2646 2079 945 1325 126 38018 126 756 567 1323 882 378 2391
internal_value=6.22352e-05 0.000134817 -0.000247175 0.000910418 -0.00168154 0.00116205 -0.000806452 -0.0076018 0.00133042 0.00290211 0.00235651 0.00223539 0.0058126 -0.000196198 -0.000120698 0.00155476 -0.000416062 -0.000611451 -0.000451505 0.000925515 0.000386366 -0.000987724 -0.00123483 -0.000874781 0.0060559 0.0146104 -0.00455182 -0.00704998 0.00772865 0.00330751
internal_weight=129348 126653 84859 41794 5828 3937 3348 1891 35966 12422 2387 11810 2572 84481 83473 12510 70963 66931 64285 18017 16694 46268 43751 39467 1449 693 4284 2961 1323 2517
internal_count=129348 126653 84859 41794 5828 3937 3348 1891 35966 12422 2387 11810 2572 84481 83473 12510 70963 66931 64285 18017 16694 46268 43751 39467 1449 693 4284 2961 1323 2517
is_linear=0
shrinkage=0.05


Tree=107
num_leaves=31
num_cat=0
split_feature=11 8 1 11 10 9 3 8 4 11 8 3 4 4 8 3 3 4 8 9 1 11 9 11 4 11 8 0 5 4
split_gain=12.0084 23.132 20.606 20.5071 18.5724 38.679 72.7281 34.1979 41.794 36.9578 33.3681 28.2918 23.2215 25.4302 35.358 23.1251 23.6726 22.1168 29.5687 37.8897 27.7436 44.3963 25.8525 29.8473 33.5897 25.026 23.1267 19.8569 19.8567 35.1562
threshold=0.99547686574958993 38.850000000000001 1.5000000000000002 0.99517992508811626 1.0000000180025095e-35 12.070312500000002 0.20180702842483325 19.150000000000002 0.91511078773075516 1.0061158603317641 22.650000000000002 -0.19337636264337835 -0.99273797715557011 0.84658398682345093 19.250000000000004 -0.43733984355855576 -0.19337636264337835 0.76002003530985496 27.550000000000004 19.372916666666672 4.5000000000000009 1.0037329538813851 24.879427083333336 1.0267603807040537 0.17435360825960186 1.0393064066417959 29.650000000000002 16.500000000000004 1.0000000180025095e-35 0.029024409397335523
decision_type=2 2 2 2 2 2 2 2 2 2 2 2 2 2 2 2 2 2 2 2 2 2 2 2 2 2 2 2 2 2
left_child=1 3 -3 -1 5 6 -2 27 -9 10 -10 -11 -6 14 -14 -15 -17 18 19 -16 21 -20 23 -22 -25 -19 -24 -7 -23 -30
right_child=4 2 -4 -5 12 7 -8 8 9 11 -12 -13 13 15 17 16 -18 25 20 -21 22 28 26 24 -26 -27 -28 -29 29 -31
leaf_value=0.0050907578243105439 1.003717079015587e-05 0.047288375321343779 -0.10436211809267988 0.075920191618838839 -0.061594244642554231 0.020132903687655815 0.13276297126111133 -0.0021871318728543089 -0.12353061112684643 -0.028570507728680639 0.061595697089951079 0.079725644659712464 0.04230590993277375 -0.046394218866258545 -0.0032052366854458114 0.010807969367138527 -0.020813892508788002 -0.042517229994820133 -0.070765458588109453 0.046886655706178719 0.099318333257975414 -0.011616136624863316 -0.08972877109311668 0.10745683378893603 -0.023709924235448911 0.042888349220917381 0.0075801107753889598 -0.074967447030729772 0.0048766822010428259 0.1508773552579605
leaf_weight=55630 1632 384 1144 576 2098 221 960 23418 288 288 192 1920 480 576 1344 1632 5856 768 1440 1152 672 16270 384 381 576 192 6407 1027 1152 288
leaf_count=55630 1632 384 1144 576 2098 221 960 23418 288 288 192 1920 480 576 1344 1632 5856 768 1440 1152 672 16270 384 381 576 192 6407 1027 1152 288
internal_value=6.88066e-05 0.000605363 -0.00546466 0.00077038 -0.000363756 0.000586055 0.00642361 3.2902e-05 0.000419444 0.0063244 -0.00625 0.00905797 -0.00104637 -0.000774577 -0.000133308 -0.00328001 -0.00253739 -0.000341649 -0.000103106 0.00510817 -0.0005749 -0.00162663 0.0018171 0.00747391 0.00180251 -0.0078125 0.000460168 -0.00805288 -0.000940147 0.0046875
internal_weight=129348 57734 1528 56206 71614 29946 2592 27354 26106 2688 480 2208 41668 39570 31506 8064 7488 31026 30066 2496 27570 19150 8420 1629 957 960 6791 1248 17710 1440
internal_count=129348 57734 1528 56206 71614 29946 2592 27354 26106 2688 480 2208 41668 39570 31506 8064 7488 31026 30066 2496 27570 19150 8420 1629 957 960 6791 1248 17710 1440
is_linear=0
shrinkage=0.05


Tree=108
num_leaves=31
num_cat=0
split_feature=0 0 0 7 4 10 7 3 9 4 11 8 8 8 3 9 3 9 3 9 11 5 11 3 8 11 3 4 1 9
split_gain=11.6497 13.9804 17.7679 59.6178 35.6888 20.6708 42.4502 38.0193 30.5399 23.245 20.3952 22.4675 25.8331 34.6675 30.6918 20.0453 19.7028 21.343 18.9942 18.7679 18.087 17.6955 15.4998 17.8433 32.6943 21.9614 19.284 17.4477 15.6582 18.4411
threshold=1.5000000000000002 32.500000000000007 24.500000000000004 20.487500000000004 0.67644692717078936 1.0000000180025095e-35 14.812500000000002 -0.43733984355855576 18.009635416666672 0.98332250088165762 0.97366293224832023 24.250000000000004 33.650000000000013 37.050000000000004 0.60555468348150676 31.989843750000002 0.26866988313759588 34.603385416666676 0.7210268013660811 30.603125000000002 0.98770160441593557 1.0000000180025095e-35 0.95864859668410973 -0.11692013674435776 29.150000000000002 0.94542443323476821 -0.99372698525316483 0.46611290379786346 3.5000000000000004 18.314583333333335
decision_type=2 2 2 2 2 2 2 2 2 2 2 2 2 2 2 2 2 2 2 2 2 2 2 2 2 2 2 2 2 2
left_child=-1 2 4 -4 10 7 9 8 -6 21 22 -12 -13 15 16 -14 17 -15 19 -16 -10 -7 23 24 26 -26 -2 -28 -25 -30
right_child=1 -3 3 -5 5 6 -8 -9 20 -11 11 12 13 14 18 -17 -18 -19 -20 -21 -22 -23 -24 28 25 -27 27 -29 29 -31
leaf_value=-0.019771021733795635 0.030778999833751187 -0.0019237796537169062 -0.014444974836862202 0.047301264073507099 -0.0694749149043659 0.0063293581423948808 0.055038964403324543 0.04709666355003464 -0.03269664631266949 -0.018239354044243327 0.063641281910200576 -0.025314724340745443 0.015179898325243357 -0.066565691345724085 -0.095579844569137151 0.10057898384484504 -0.079064945866706898 0.10082685803362992 -0.018259940742554905 0.074088138075519797 0.047698808288194533 -0.048811411928630838 0.043045529848842537 0.0034952716595533675 0.047766931106909993 -0.022944147412527371 -0.086608220299032729 0.019742665326051425 0.037156258574944444 -0.059608679768497555
leaf_weight=2695 230 84859 4190 6602 322 2671 444 3266 299 962 184 7544 3082 552 69 230 1146 276 920 529 299 109 1628 1610 2376 414 483 92 230 1035
leaf_count=2695 230 84859 4190 6602 322 2671 444 3266 299 962 184 7544 3082 552 69 230 1146 276 920 529 299 109 1628 1610 2376 414 483 92 230 1035
internal_value=7.1126e-05 0.000140344 0.000888884 0.00263621 0.000280627 0.00306976 0.000585284 0.00555423 -0.00342391 -0.00114912 -0.000751215 -0.00187173 -0.00209437 0.000139624 -0.0033362 0.00380435 -0.00744681 -0.00157005 0.00200922 0.00894649 0.00326087 0.00116906 0.00125957 0.000162287 0.00251043 0.00507168 -0.00636646 -0.0112609 -0.00277391 -0.00693676
internal_weight=129348 126653 41794 10792 31002 8372 4186 4186 920 3742 22630 14532 14348 6804 3492 3312 1974 828 1518 598 598 2780 8098 6470 3595 2790 805 575 2875 1265
internal_count=129348 126653 41794 10792 31002 8372 4186 4186 920 3742 22630 14532 14348 6804 3492 3312 1974 828 1518 598 598 2780 8098 6470 3595 2790 805 575 2875 1265
is_linear=0
shrinkage=0.05


Tree=109
num_leaves=31
num_cat=0
split_feature=0 9 0 11 4 8 7 0 0 0 0 0 3 4 11 11 10 9 8 9 8 3 9 8 11 9 8 8 0 4
split_gain=11.6312 19.2027 16.795 15.4994 14.4053 22.1921 35.5459 27.398 24.8517 21.7277 30.0131 43.0201 38.428 35.2102 23.6741 21.9167 27.7737 22.8423 22.9954 22.5611 20.8536 20.7041 21.9275 21.4599 20.1131 24.8753 20.023 19.5438 18.9938 18.3092
threshold=4.5000000000000009 33.072916666666671 32.500000000000007 0.73745831416842689 -0.84313311835787952 41.650000000000013 35.962500000000013 84.500000000000014 65.500000000000014 51.500000000000007 72.500000000000014 80.500000000000014 0.9053161325100999 -0.61236746317008228 0.9111617968768696 0.99750193819539412 1.0000000180025095e-35 12.200520833333334 19.750000000000004 15.127864583333336 33.45000000000001 -0.84772008488809492 31.589322916666671 44.000000000000007 1.1064219518172318 25.593489583333341 35.050000000000004 41.150000000000013 48.500000000000007 -0.65883892954715351
decision_type=2 2 2 2 2 2 2 2 2 2 2 2 2 2 2 2 2 2 2 2 2 2 2 2 2 2 2 2 2 2
left_child=1 -1 -2 -4 5 6 7 -5 28 15 12 13 -11 -12 -14 16 29 -18 -19 -20 -21 24 -23 -24 25 -17 -15 -13 -8 -6
right_child=2 -3 3 4 9 -7 8 -9 -10 10 11 27 14 26 -16 21 17 18 19 20 -22 22 23 -25 -26 -27 -28 -29 -30 -31
leaf_value=-0.0064706545779941397 0.0063623769117782565 -0.084532750859883529 -0.067130379143738858 0.0025369186406038581 0.082148272252113241 0.085013171750033228 -0.041246635430587736 -0.051653720812434759 0.03496084176637098 0.010105691773107141 0.036909401543648815 0.0077432350006205299 -0.044779744643516042 -0.030600878064756643 0.061180133129185778 0.10275978609654289 -0.23817601618912931 0.10409723481500564 -0.18360667319605142 0.04472109162894853 -0.05120622544023519 -0.050281789522927056 0.053994500620127894 -0.21369985237915545 0.10884633900188589 -0.020939113243065324 -0.13940580316054393 -0.13376005419672837 -0.18358687003646568 -0.032524351550635093
leaf_weight=6278 37749 462 378 12413 418 693 634 3183 484 18737 1305 15409 168 6440 2961 209 95 380 171 3914 662 8189 831 76 247 1083 584 210 1489 3496
leaf_count=6278 37749 462 378 12413 418 693 634 3183 484 18737 1305 15409 168 6440 2961 209 95 380 171 3914 662 8189 831 76 247 1083 584 210 1489 3496
internal_value=6.37814e-05 -0.00195846 0.000174948 -0.000215357 -0.000170157 -0.00138654 -0.00172087 -0.000817517 -0.00712505 0.0001803 0.000778146 -0.000444714 0.00211744 -0.00334674 0.00724672 -0.00120505 0.000591068 0.00297779 0.00342793 0.00248051 0.00314685 -0.002748 -0.00365545 0.00372106 0.00261533 0.000116099 -0.00474801 0.00110282 -0.00945596 -0.00259325
internal_weight=129348 6740 122608 84859 84481 18896 18203 15596 2607 65585 45814 23948 21866 8329 3129 19771 9136 5222 5127 4747 4576 10635 9096 907 1539 1292 7024 15619 2123 3914
internal_count=129348 6740 122608 84859 84481 18896 18203 15596 2607 65585 45814 23948 21866 8329 3129 19771 9136 5222 5127 4747 4576 10635 9096 907 1539 1292 7024 15619 2123 3914
is_linear=0
shrinkage=0.05


Tree=110
num_leaves=31
num_cat=0
split_feature=8 6 11 11 11 4 1 4 8 8 11 9 1 11 0 1 5 0 3 8 7 8 4 10 8 9 3 9 9 4
split_gain=12.2545 13.4503 18.6073 17.2827 15.5107 13.5021 16.8382 16.4269 30.7101 18.9969 34.042 17.8478 14.8216 12.5983 24.5718 18.6667 12.3153 12.2991 12.0178 11.1111 10.9032 17.7924 9.88586 26.9819 18.9567 28.4253 24.0569 36.2258 22.5227 27.5658
threshold=43.550000000000004 1.0000000180025095e-35 1.1538549292311382 1.1649345393363679 1.1338093104982068 -0.70289845916694649 2.5000000000000004 0.87291090774974645 20.350000000000005 28.850000000000005 0.89108496733767706 24.470572916666672 1.5000000000000002 0.73745831416842689 41.500000000000007 3.5000000000000004 1.0000000180025095e-35 94.500000000000014 0.70290292807158605 19.150000000000002 22.512500000000006 27.850000000000005 0.99349222267034787 1.0000000180025095e-35 24.450000000000003 14.060937500000003 -0.54220184589352438 18.841927083333335 17.489322916666669 0.67644692717078936
decision_type=2 2 2 2 2 2 2 2 2 2 2 2 2 2 2 2 2 2 2 2 2 2 2 2 2 2 2 2 2 2
left_child=1 2 13 4 5 -3 7 9 19 12 -11 -12 20 14 15 -1 -8 22 -4 -9 21 -7 24 -24 25 -15 27 -27 -26 -30
right_child=-2 3 18 -5 -6 6 16 8 -10 10 11 -13 -14 17 -16 -17 -18 -19 -20 -21 -22 -23 23 -25 28 26 -28 -29 29 -31
leaf_value=0.16378760836697595 -0.079708049308470669 0.059517885475307258 -0.048981996820812418 0.116013811660752 -0.13614666755767998 0.032428283967780656 -0.021989490824487493 -0.084181557839061588 -0.097429679699464353 -0.12377746693856367 -0.026217633480665373 0.032103006154738267 0.089509929247834213 -0.0020729144119641775 -0.14420699506617254 -0.076401292544694147 0.038713565740334847 0.032431552301459735 0.055609552826378209 0.070368730776264252 0.099146067086208239 -0.16180862933497339 0.014429823148540778 -0.028087999110759654 -0.033570904223705615 -0.044305193475045718 0.020920704470008645 0.1055292270849094 -0.0026073986035157759 0.016160444294436617
leaf_weight=84 480 957 2400 288 96 330 1920 96 288 192 288 1248 384 11780 216 84 192 1240 192 192 249 93 2375 2375 1425 665 10924 95 82405 5795
leaf_count=84 480 957 2400 288 96 330 1920 96 288 192 288 1248 384 11780 216 84 192 1240 192 192 249 93 2375 2375 1425 665 10924 95 82405 5795
internal_value=5.75966e-05 8.72986e-05 -3.33866e-05 0.00224938 0.00172031 0.0020182 0.00105994 0.00325893 -0.00442708 0.00484914 0.00162037 0.00410156 0.0101326 5.75492e-05 -0.00898438 0.00535714 -0.00243845 8.67071e-05 -0.00422454 0.00711806 0.00565476 0.000768322 3.45811e-05 -0.0022 0.000128439 0.00139362 0.00314105 -0.00546053 -0.000202789 -0.000102041
internal_weight=129348 128868 122055 6813 6525 6429 5472 3360 576 2784 1728 1536 1056 119463 384 168 2112 119079 2592 288 672 423 117839 4750 113089 23464 11684 760 89625 88200
internal_count=129348 128868 122055 6813 6525 6429 5472 3360 576 2784 1728 1536 1056 119463 384 168 2112 119079 2592 288 672 423 117839 4750 113089 23464 11684 760 89625 88200
is_linear=0
shrinkage=0.05


Tree=111
num_leaves=31
num_cat=0
split_feature=3 4 8 9 10 9 8 9 1 9 8 3 3 4 9 3 11 8 10 8 8 1 3 9 9 7 0 8 0 9
split_gain=10.8853 26.6765 27.0126 25.5736 38.6708 26.7405 43.3731 37.8316 29.423 24.8037 23.3835 23.3273 22.9394 36.9055 24.8821 67.6305 42.7014 37.2225 30.7897 24.5557 23.653 22.1883 22.1428 21.497 20.7498 21.4898 28.2383 20.4176 20.3804 19.1787
threshold=-0.12546116083924153 -0.97315270831292444 32.95000000000001 25.593489583333341 1.0000000180025095e-35 18.314583333333335 22.350000000000005 19.278385416666669 3.5000000000000004 29.444531250000001 23.250000000000004 -0.40614700388750385 -0.98930078251469888 0.17435360825960186 22.971614583333338 -0.76141707087277943 0.89108496733767706 31.050000000000004 1.0000000180025095e-35 28.250000000000004 29.750000000000004 3.5000000000000004 -0.39036798905311365 19.372916666666672 25.992708333333336 29.812500000000004 62.500000000000007 28.950000000000003 63.500000000000007 15.792968750000002
decision_type=2 2 2 2 2 2 2 2 2 2 2 2 2 2 2 2 2 2 2 2 2 2 2 2 2 2 2 2 2 2
left_child=1 2 -1 5 24 6 11 -7 -8 -4 -10 29 19 -14 15 20 -16 -18 22 -9 28 -11 27 -20 -5 -26 -27 -17 -15 -3
right_child=-2 3 9 4 -6 7 8 12 10 21 -12 -13 13 14 16 18 17 -19 23 -21 -22 -23 -24 -25 25 26 -28 -29 -30 -31
leaf_value=0.14584197414492764 -0.0025661176626314841 0.091431405152545872 -0.10524762470461796 -0.035867337097258915 -0.016552173148323846 0.060417624980883038 -0.046507217315878792 0.0070628206991507625 0.02871070158272673 -0.0028204540156082205 -0.019465670839996108 0.0055396456077247084 -0.077937980877738511 -0.043096837278097412 -0.060706617849439232 -0.012353537295530259 0.060277462666985575 -0.015340781760040301 -0.057264345371910254 0.093894647009088325 0.020654982008331758 0.092012095643164579 0.11191176373243934 0.038776645212269756 0.034729211315347897 -0.039315912412251922 0.06497395127202879 0.077317991595380428 -0.072656029172651418 -0.019081405057871592
leaf_weight=649 70834 480 192 864 19487 1151 1632 480 480 1248 1440 4224 480 1472 384 2592 3456 864 96 576 480 1035 192 1920 7404 2873 1243 192 736 192
leaf_count=649 70834 480 192 864 19487 1151 1632 480 480 1248 1440 4224 480 1472 384 2592 3456 864 96 576 480 1035 192 1920 7404 2873 1243 192 736 192
internal_value=5.75966e-05 0.000562259 0.00505762 0.00030872 -0.000614195 0.00155938 -0.000692472 0.00282164 -0.00489865 0.00267677 -0.000703125 0.00235907 0.00210129 0.00151975 0.002047 0.000292969 0.00491071 0.00633102 0.00373598 0.00918561 -0.00610119 0.00412834 0.000504032 0.00850694 0.00157057 0.00213108 -0.000765306 -0.000628592 -0.00828804 0.0110119
internal_weight=129348 58514 3124 55390 31871 23519 8448 15071 3552 2475 1920 4896 13920 12864 12384 7680 4704 4320 4992 1056 2688 2283 2976 2016 12384 11520 4116 2784 2208 672
internal_count=129348 58514 3124 55390 31871 23519 8448 15071 3552 2475 1920 4896 13920 12864 12384 7680 4704 4320 4992 1056 2688 2283 2976 2016 12384 11520 4116 2784 2208 672
is_linear=0
shrinkage=0.05


Tree=112
num_leaves=31
num_cat=0
split_feature=8 6 11 11 11 3 4 8 11 7 8 11 3 8 0 7 11 0 1 0 10 7 0 3 9 11 0 3 8 0
split_gain=10.5502 12.1747 16.5642 15.4649 14.584 12.7296 12.0863 23.2534 29.3895 22.3106 14.4413 12.6596 12.6322 13.5679 12.667 11.9634 11.9033 24.6994 16.7202 10.8722 15.7906 17.6266 13.4329 16.3978 24.3714 32.4629 26.5556 16.3253 17.9192 16.9424
threshold=44.000000000000007 1.0000000180025095e-35 1.1649345393363679 1.1538549292311382 1.1338093104982068 0.99939377080793557 0.87291090774974645 28.850000000000005 0.888018781778247 10.012500000000001 15.350000000000003 0.89222405554218354 -0.71504373327588355 34.750000000000007 53.500000000000007 22.512500000000006 0.73745831416842689 41.500000000000007 3.5000000000000004 92.500000000000014 1.0000000180025095e-35 25.012500000000006 73.500000000000014 0.86548282553247169 20.617187500000004 0.9510013064145737 81.500000000000014 -0.9731273977605811 33.150000000000013 77.500000000000014
decision_type=2 2 2 2 2 2 2 2 2 2 2 2 2 2 2 2 2 2 2 2 2 2 2 2 2 2 2 2 2 2
left_child=1 3 4 16 5 6 7 15 -9 10 -8 -10 13 -13 -14 -3 17 18 -1 22 -21 -22 -18 27 -25 -26 -27 28 -24 -30
right_child=-2 2 -4 -5 -6 -7 9 8 11 -11 -12 12 14 -15 -16 -17 19 -19 -20 20 21 -23 23 24 25 26 -28 -29 29 -31
leaf_value=0.15718004633642835 -0.083220777747943953 0.031007308586389826 0.11088521035081059 -0.037743408091836989 -0.12851172552238027 -0.067033049353978677 -0.022369636023502438 -0.11512690906344716 0.087825083907171836 -0.041861969172466477 0.054887960247586423 -0.018182088694103982 0.0036360936988366179 0.091351629240146087 0.061250323775347226 0.10964647152047108 0.0019771590571032505 -0.13390281907713941 -0.070568625453950068 0.046035977836731946 0.018311463739716063 -0.044388336128886867 -0.052388568022091422 0.018705973037720015 -0.12376709132551866 -0.091290187217565238 0.0049777403845105541 -0.0010717988298807768 -0.11176450262672902 0.081629190744443747
leaf_weight=84 384 744 288 2592 96 96 74 192 192 642 244 1344 1348 96 1049 408 91868 216 84 1575 1182 967 1387 513 456 896 1232 18833 56 210
leaf_count=84 384 744 288 2592 96 96 74 192 192 642 244 1344 1348 96 1049 408 91868 216 84 1575 1182 967 1387 513 456 896 1232 18833 56 210
internal_value=7.22856e-05 9.69263e-05 0.00215397 -1.78058e-05 0.00163602 0.00192487 0.0021988 0.00312209 0.0014037 -0.00296875 0.00786164 0.00231447 0.00168752 -0.00201389 0.00391114 0.0094184 6.50307e-05 -0.00872396 0.00565476 9.33501e-05 0.00275242 -3.49e-05 7.57897e-06 -0.00105691 -0.00444785 -0.00642415 -0.00382989 -0.000544274 -0.00530853 0.00657895
internal_weight=129348 128964 6813 122151 6525 6429 6333 5373 4221 960 318 4029 3837 1440 2397 1152 119559 384 168 119175 3724 2149 115451 23583 3097 2584 2128 20486 1653 266
internal_count=129348 128964 6813 122151 6525 6429 6333 5373 4221 960 318 4029 3837 1440 2397 1152 119559 384 168 119175 3724 2149 115451 23583 3097 2584 2128 20486 1653 266
is_linear=0
shrinkage=0.05


Tree=113
num_leaves=31
num_cat=0
split_feature=0 9 0 11 3 4 1 8 3 5 6 1 11 8 9 3 0 8 8 6 8 4 3 0 7 10 3 9 3 0
split_gain=10.6944 17.0503 14.6199 15.9703 14.5758 33.7278 32.1433 29.7872 18.0458 18.0772 18.0646 16.0786 22.011 21.2227 19.1615 20.0297 16.6028 15.5093 17.1449 15.0722 14.1615 33.0307 29.0029 19.9646 24.0536 23.4667 19.5461 16.9894 21.6261 19.0073
threshold=4.5000000000000009 33.072916666666671 32.500000000000007 0.73745831416842689 -0.8821812062722818 -0.26867065956352881 5.5000000000000009 33.150000000000013 0.74443451080969758 1.0000000180025095e-35 1.0000000180025095e-35 2.5000000000000004 1.0627860117078571 22.750000000000004 31.50833333333334 0.98667101781630195 17.500000000000004 31.050000000000004 28.250000000000004 1.0000000180025095e-35 20.200000000000006 0.89691351184655443 0.61915405168109316 16.500000000000004 8.2375000000000025 1.0000000180025095e-35 0.534952257794027 17.422656250000003 0.70290292807158605 24.500000000000004
decision_type=2 2 2 2 2 2 2 2 2 2 2 2 2 2 2 2 2 2 2 2 2 2 2 2 2 2 2 2 2 2
left_child=1 -1 4 -4 5 6 -2 17 9 20 -11 12 14 -13 15 19 -17 18 -7 -10 22 27 23 25 -25 -6 -27 -22 29 -29
right_child=2 -3 3 -5 8 7 -8 -9 11 10 -12 13 -14 -15 -16 16 -18 -19 -20 -21 21 -23 -24 24 -26 26 -28 28 -30 -31
leaf_value=-0.0062015038658095991 -0.089927068437002336 -0.080146295456436437 -0.059147912818670538 -0.001285672162585172 0.047861099882344153 -0.038700337464801754 0.067090497239394156 0.10218854393882282 -0.026024376217435474 -0.026226020086979676 0.051089007358126541 0.076460258699877673 0.05457472420247314 -0.017874625797753653 0.1155110633577138 0.067011880130104381 -0.0023864002257958819 -0.03407322899883241 0.018643924092823737 0.05279747406853233 -0.010557501036231542 0.042612873877681784 -0.044144209982519556 0.013755031471490754 -0.042616450495354743 -0.0059898554042987946 0.037802338996050372 0.0091860635844149396 0.06049061310813713 0.044459851482393731
leaf_weight=6278 952 462 378 84481 864 420 168 476 1792 1092 112 224 476 4167 140 312 360 1120 2128 84 1568 1708 168 1364 1196 972 84 10902 532 4368
leaf_count=6278 952 462 378 84481 864 420 168 476 1792 1092 112 224 476 4167 140 312 360 1120 2128 84 1568 1708 168 1364 1196 972 84 10902 532 4368
internal_value=6.22352e-05 -0.00187685 0.000168831 -0.000195324 0.000987443 -0.00145327 -0.00915179 0.000627413 0.00138295 0.00203169 -0.00394518 -0.000757776 0.00195954 -0.00271578 0.000204613 -0.000784929 0.00662202 -0.000899673 0.00125589 -0.00343817 0.00233499 0.00293794 -0.000139845 0.000625 -0.00226562 0.00447917 -0.000520833 0.00228555 0.00277813 0.00243287
internal_weight=129348 6740 122608 84859 37749 5264 1120 4144 32485 24930 1204 7555 3164 4391 2688 2548 672 3668 2548 1876 23726 19078 4648 4480 2560 1920 1056 17370 15802 15270
internal_count=129348 6740 122608 84859 37749 5264 1120 4144 32485 24930 1204 7555 3164 4391 2688 2548 672 3668 2548 1876 23726 19078 4648 4480 2560 1920 1056 17370 15802 15270
is_linear=0
shrinkage=0.05


Tree=114
num_leaves=31
num_cat=0
split_feature=0 7 0 0 3 0 10 11 3 4 8 8 9 11 8 4 3 3 4 0 9 4 5 3 0 1 8 11 9 11
split_gain=9.9632 12.2578 11.3466 22.1997 24.7785 21.5728 18.7798 18.1957 24.3746 17.3424 31.1378 24.4992 50.5693 21.3234 31.6845 28.7944 26.9031 37.5057 28.5413 22.6953 20.8581 25.7143 19.8693 19.6749 31.8336 20.617 19.4083 19.1692 18.1225 17.7664
threshold=1.5000000000000002 24.812500000000004 73.500000000000014 60.500000000000007 0.41398981800788198 36.500000000000007 1.0000000180025095e-35 1.1135526900622577 -0.52032787705993211 0.97263757644091875 16.900000000000002 31.850000000000005 25.825781250000002 1.0015760182812448 19.750000000000004 0.34033495509342487 0.77788564761185042 0.19337368024598436 0.49626980634301188 54.500000000000007 20.344270833333336 0.29137697329261131 1.0000000180025095e-35 0.94425825643485939 41.500000000000007 5.5000000000000009 29.650000000000002 0.84409739968617681 12.998697916666668 1.0042124936396728
decision_type=2 2 2 2 2 2 2 2 2 2 2 2 2 2 2 2 2 2 2 2 2 2 2 2 2 2 2 2 2 2
left_child=1 -1 3 5 -5 -2 7 -7 -9 11 -11 13 -13 14 -8 -15 17 18 22 26 -18 -22 -16 25 -25 27 29 -14 -12 -17
right_child=2 -3 -4 4 -6 6 9 8 -10 10 28 12 23 15 16 19 20 -19 -20 -21 21 -23 -24 24 -26 -27 -28 -29 -30 -31
leaf_value=0.00044250760096389288 0.0039320604882803426 -0.061173326569839051 -0.0049345739185511668 0.0053336099149476016 0.035787832350078479 -0.018008288039487043 0.10898868471739719 0.070980102383887106 -0.12973436239514413 0.031639568838504321 -0.20521554841508163 -0.16048184958395453 0.14463261166857394 0.035732262129914719 -0.0072586915610671106 -0.20652441644908848 0.11042226472657718 -0.10529403248372518 0.091506468671543939 0.02513017214734603 0.087370590162291262 -0.21841476668129617 0.070910254539248291 -0.099916352503209543 0.10894675991212283 0.046989680572092143 -0.20929129822959142 -0.038873044140928674 -0.03900156615697057 -0.060895669252126798
leaf_weight=1463 47185 1232 29639 11403 6101 12840 408 144 622 432 456 480 216 1749 2136 108 504 672 983 570 360 144 240 160 608 981 234 5478 432 1368
leaf_count=1463 47185 1232 29639 11403 6101 12840 408 144 622 432 456 480 216 1749 2136 108 504 672 983 570 360 144 240 160 608 981 234 5478 432 1368
internal_value=6.7647e-05 -0.00294063 0.000131659 0.000393242 0.00200526 3.836e-05 -0.00095669 -0.00237028 -0.0098564 7.07837e-05 -0.00545455 0.000489971 -0.00156191 0.00220557 0.00424546 -0.000552246 0.00316035 0.00133342 0.00349062 -0.00425439 0.0104663 0.00327381 0.000526094 -0.000547494 0.00703125 -0.00141948 -0.0071345 -0.00257288 -0.0108108 -0.00501355
internal_weight=129348 2695 126653 97014 17504 79510 32325 13606 766 18719 1320 17399 7923 9476 5447 4029 5039 4031 3359 2280 1008 504 2376 7443 768 6675 1710 5694 888 1476
internal_count=129348 2695 126653 97014 17504 79510 32325 13606 766 18719 1320 17399 7923 9476 5447 4029 5039 4031 3359 2280 1008 504 2376 7443 768 6675 1710 5694 888 1476
is_linear=0
shrinkage=0.05


Tree=115
num_leaves=31
num_cat=0
split_feature=8 8 4 10 7 4 3 8 0 8 0 11 9 8 9 3 0 0 11 1 9 0 8 4 3 11 4 11 7 8
split_gain=9.94545 31.6216 15.6258 15.6121 27.4662 25.3891 17.2805 15.0645 13.9215 23.4868 17.4124 25.1062 22.1563 13.2265 26.2458 12.3086 12.1815 15.8822 11.4637 11.2325 12.4675 11.1795 11.0572 29.958 33.5954 44.5444 34.5826 28.9925 26.7974 24.721
threshold=39.45000000000001 39.750000000000007 -0.99983123799342477 1.0000000180025095e-35 31.112500000000004 -0.99938741687870725 0.81925054981890411 40.050000000000004 50.500000000000007 44.000000000000007 22.500000000000004 1.1064219518172318 35.062239583333344 39.250000000000007 34.057291666666679 0.39827038710620805 62.500000000000007 78.500000000000014 1.1265970327176902 2.5000000000000004 35.273437500000007 69.500000000000014 34.45000000000001 -0.082691941062253513 0.77244481603295057 1.0299448977757397 -0.99465740988130902 1.0226926418345352 34.787500000000016 35.750000000000007
decision_type=2 2 2 2 2 2 2 2 2 2 2 2 2 2 2 2 2 2 2 2 2 2 2 2 2 2 2 2 2 2
left_child=2 16 -1 5 -5 -3 7 -7 9 10 12 19 -9 14 22 -15 -2 -18 21 -12 -21 -6 -4 24 26 28 27 -24 -26 -27
right_child=1 3 13 4 18 6 -8 8 -10 -11 11 -13 -14 15 -16 -17 17 -19 -20 20 -22 -23 23 -25 25 29 -28 -29 -30 -31
leaf_value=-0.17473506492272364 -0.17972965033707952 0.17830440427085678 -0.00014838487833372939 -0.090851715106336439 -0.023793565556634633 -0.10920791248193212 0.060238489296406073 0.044182951475548293 -0.041555288559888486 -0.093557458824804485 0.21426290318978047 -0.11929053262259047 -0.053139329425636109 0.20243725654920369 -0.19325208822474807 0.021617228875378203 0.12517729334579286 -0.14194772677231526 -0.23064179185845435 0.0402554739794347 0.2099114923800201 0.089095750701517318 0.019727588856332547 0.071333346298725078 -0.080026856466535179 0.049259454301968479 0.028470393450342614 -0.1216146155435176 0.021327308392474011 -0.013598972297239699
leaf_weight=288 628 288 98071 845 947 384 480 483 1843 204 280 140 368 192 384 575 159 165 61 336 280 405 864 1440 2120 1150 12158 946 568 2296
leaf_count=288 628 288 98071 845 947 384 480 483 1843 204 280 140 368 192 384 575 159 165 61 336 280 405 864 1440 2120 1150 12158 946 568 2296
internal_value=5.95293e-05 -0.00161524 0.000174305 -0.000503813 -0.00396368 0.00103225 0.000166736 -0.000833719 8.8968e-05 0.0028814 0.00462374 0.00897683 -0.000675676 0.000202047 0.000160212 0.00674707 -0.0101891 -0.00231481 0.000300778 0.0120536 0.00827922 0.0012574 0.00020211 0.00122783 0.000728783 -0.00235572 0.00208333 -0.00436464 -0.00718006 0.00140743
internal_weight=129348 8296 121052 7344 2258 5086 4798 4318 3934 2091 1887 1036 851 120764 119997 767 952 324 1413 896 616 1352 119613 21542 20102 6134 13968 1810 2688 3446
internal_count=129348 8296 121052 7344 2258 5086 4798 4318 3934 2091 1887 1036 851 120764 119997 767 952 324 1413 896 616 1352 119613 21542 20102 6134 13968 1810 2688 3446
is_linear=0
shrinkage=0.05


Tree=116
num_leaves=31
num_cat=0
split_feature=0 9 0 7 11 5 3 1 9 8 8 0 11 11 9 3 11 11 3 4 1 8 9 8 9 9 11 8 8 11
split_gain=9.65595 14.6731 14.2014 14.5209 13.9835 12.4746 13.0045 12.6872 15.0393 22.1128 26.8477 17.1756 17.9537 16.7483 18.7798 18.0449 15.7529 16.1587 15.8491 13.9243 18.3288 15.4346 14.4082 22.8924 24.374 20.7117 18.4398 17.1711 26.1951 17.0916
threshold=5.5000000000000009 33.072916666666671 32.500000000000007 31.612500000000004 0.73745831416842689 1.0000000180025095e-35 0.99983759474438971 5.5000000000000009 12.703645833333335 23.650000000000002 24.050000000000004 74.500000000000014 0.89222405554218354 1.0554868164159037 25.992708333333336 -0.98370366633421236 1.1054431876437014 1.0627860117078571 0.76140650896573492 0.99349222267034787 1.0000000180025095e-35 15.350000000000003 29.235937500000002 32.050000000000004 29.296614583333341 29.157031250000006 0.96717358864259573 38.750000000000007 38.150000000000013 0.93155087118158786
decision_type=2 2 2 2 2 2 2 2 2 2 2 2 2 2 2 2 2 2 2 2 2 2 2 2 2 2 2 2 2 2
left_child=1 -1 3 -2 -4 7 -7 19 -9 -10 -11 12 -12 15 -15 -14 17 -13 -19 21 -21 -6 25 -24 -25 -23 27 28 -26 -29
right_child=2 -3 4 -5 5 6 -8 8 9 10 11 16 13 14 -16 -17 -18 18 -20 20 -22 22 23 24 26 -27 -28 29 -30 -31
leaf_value=-0.0048440239921916373 0.0048408337657164686 -0.072094522384929152 -0.056954429394608042 0.10687123157346008 0.055268828473468548 0.020758377644197881 -0.13090576646674634 -0.050005805021184818 0.042174199942325435 -0.10746564478361194 0.10665791639364884 -0.01543090892358805 -0.1119525474854072 0.16291032490951951 0.041559606624061024 0.0080371878649636141 -0.099204256636849675 -0.099465248392377248 0.14723716706339474 -0.096606988323880927 -0.012310737562611251 -0.00056586201929960118 0.1174157910249079 -0.094805470486418394 0.020879175491909763 0.09853501877600622 -0.027415063544165008 -0.17097579114620345 0.29180876030325609 0.012409527120014731
leaf_weight=7533 35737 554 378 665 126 4725 63 756 1764 126 378 2457 210 165 1365 4072 315 104 231 504 2142 44664 189 752 3386 504 14546 308 189 440
leaf_count=7533 35737 554 378 665 126 4725 63 756 1764 126 378 2457 210 165 1365 4072 315 104 231 504 2142 44664 189 752 3386 504 14546 308 189 440
internal_value=4.98655e-05 -0.00162298 0.000161429 0.000987583 -0.000192967 -0.000150034 0.00232874 -0.00029896 0.00120363 0.00166488 0.000703067 0.00101377 0.00253635 0.00184962 0.00633987 0.000245213 -0.00201963 -0.000823782 0.00947761 -0.000563838 -0.00411943 -0.000419329 -0.00045323 -0.00157749 -0.0017443 3.98512e-05 -0.0013925 0.00147467 0.00291608 -0.00541444
internal_weight=129348 8087 121261 36402 84859 84481 4788 79693 11943 11187 9423 9297 6190 5812 1530 4282 3107 2792 335 67750 2646 65104 64978 19810 19621 45168 18869 4323 3575 748
internal_count=129348 8087 121261 36402 84859 84481 4788 79693 11943 11187 9423 9297 6190 5812 1530 4282 3107 2792 335 67750 2646 65104 64978 19810 19621 45168 18869 4323 3575 748
is_linear=0
shrinkage=0.05


Tree=117
num_leaves=31
num_cat=0
split_feature=0 0 0 10 0 0 4 3 0 4 8 4 8 7 7 11 8 11 0 0 10 7 10 8 9 8 8 8 0 3
split_gain=10.4647 14.3483 23.116 23.6168 25.2605 17.1539 25.2514 16.1181 22.2978 25.8685 20.948 19.527 16.7341 15.8664 15.7971 16.254 15.5846 14.996 14.8258 17.4732 21.4325 21.4989 16.2289 18.6916 19.3455 18.5721 18.272 17.0752 16.835 19.0336
threshold=93.500000000000014 73.500000000000014 60.500000000000007 1.0000000180025095e-35 63.500000000000007 65.500000000000014 -0.54219087765047058 0.022575936829235418 76.500000000000014 0.63755505330306683 38.650000000000013 -0.69676771491221523 28.250000000000004 32.312500000000007 35.26250000000001 1.1443318593415424 44.000000000000007 0.99750193819539412 36.500000000000007 8.5000000000000018 1.0000000180025095e-35 28.112500000000004 1.0000000180025095e-35 41.550000000000004 34.057291666666679 38.150000000000013 38.850000000000001 35.150000000000013 44.500000000000007 0.98667101781630195
decision_type=2 2 2 2 2 2 2 2 2 2 2 2 2 2 2 2 2 2 2 2 2 2 2 2 2 2 2 2 2 2
left_child=1 2 16 4 -4 6 -5 8 11 10 12 -3 -10 -8 15 -9 18 -11 19 20 -1 -22 23 24 25 27 -27 28 -20 -30
right_child=-2 7 3 5 -6 -7 13 14 9 17 -12 -13 -14 -15 -16 -17 -18 -19 22 -21 21 -23 -24 -25 -26 26 -28 -29 29 -31
leaf_value=0.0088097279454075316 0.019522760448210622 0.01930235156835778 -0.012658706321606417 -0.027037453722599736 0.056320864614072264 -0.010203026504059666 0.027580261203177515 -0.017155133357671559 -0.050965607404627633 0.034284241020763773 0.15861383775811222 -0.054329372506192186 -0.0013121966623650394 0.16159392405462469 0.13139599271298438 -0.08491142428269001 -0.091451925816932803 0.0070221578494908954 -0.051289737041964406 0.0061712170486330825 -0.011005566115665034 -0.10786012076950158 0.00072635612619649243 0.095754592394961702 -0.22229590940514754 0.16685915839495991 -0.0052363693188929973 -0.09204912440539631 -0.0082151989139362062 0.050289582447683757
leaf_weight=5067 2694 609 1699 1480 5670 6235 2116 12673 425 1224 119 1416 7710 304 278 485 244 2006 3296 37636 6404 625 18719 408 648 336 622 1608 6304 288
leaf_count=5067 2694 609 1699 1480 5670 6235 2116 12673 425 1224 119 1416 7710 304 278 485 244 2006 3296 37636 6404 625 18719 408 648 336 622 1608 6304 288
internal_value=5.29579e-05 -1.26328e-05 0.000264018 0.00191385 0.00406772 0.000347805 0.00294872 -0.00103637 0.000183211 0.00103622 -0.000448268 -0.00465432 -0.000752919 0.00609504 -0.00226258 -0.00251178 -8.72818e-05 0.00482972 -4.97188e-05 0.000491635 -0.00116154 -0.0029485 -0.000885072 -0.00220577 -0.00253396 -0.00209571 0.0045929 -0.0026531 -0.00187601 -0.000417172
internal_weight=129348 126654 99709 17504 7369 10135 3900 26945 13509 11484 8254 2025 8135 2420 13436 13158 82205 3230 81961 49732 12096 7029 32229 13510 13102 12454 958 11496 9888 6592
internal_count=129348 126654 99709 17504 7369 10135 3900 26945 13509 11484 8254 2025 8135 2420 13436 13158 82205 3230 81961 49732 12096 7029 32229 13510 13102 12454 958 11496 9888 6592
is_linear=0
shrinkage=0.05


Tree=118
num_leaves=31
num_cat=0
split_feature=11 11 9 8 1 3 11 3 8 8 5 8 9 1 3 4 8 9 9 0 9 11 3 9 4 8 3 8 8 8
split_gain=9.32684 31.0852 28.1883 15.4701 14.2901 23.6512 13.8776 12.6107 50.1411 31.3058 21.2878 21.2674 28.0167 17.7347 15.8766 31.647 31.9665 21.4376 46.4833 26.0067 21.7139 25.7064 24.9247 39.2502 51.6446 30.0573 29.7326 37.0119 31.3544 28.3938
threshold=0.80519389663381347 0.82284707828887094 28.518489583333338 27.250000000000004 2.5000000000000004 -0.15101209918632377 0.7641759112864478 -0.96902457013955734 33.050000000000004 31.550000000000004 1.0000000180025095e-35 34.650000000000013 27.252864583333338 1.5000000000000002 -0.17647087149565668 -0.97874870457683594 16.900000000000002 18.314583333333335 19.278385416666669 77.500000000000014 28.69166666666667 0.888018781778247 -0.72696319516528884 22.971614583333338 -0.30982845708428081 30.850000000000005 -0.85671820900978868 27.350000000000005 29.450000000000003 29.050000000000004
decision_type=2 2 2 2 2 2 2 2 2 2 2 2 2 2 2 2 2 2 2 2 2 2 2 2 2 2 2 2 2 2
left_child=3 2 4 -1 5 -2 -5 8 9 10 -3 12 13 -10 15 -9 -17 19 -19 -18 21 -20 23 26 25 -25 28 -28 -23 -26
right_child=1 7 -4 6 -6 -7 -8 14 11 -11 -12 -13 -14 -15 -16 16 17 18 20 -21 -22 22 -24 24 29 -27 27 -29 -30 -31
leaf_value=0.02222531127145402 -0.069173877020391225 -0.016583999508492299 -0.04601690183713103 -0.076632598022303003 0.10439421156768845 0.11973415585972731 -0.020278660387194947 0.10228048205961784 -0.044605522281449345 -0.057649126379830308 0.054242776129899542 -0.010342769912976025 0.16058902606885256 0.045318817002848989 -0.0021201336039780474 0.071480655957576286 -0.020488548889839822 0.057072661268230719 -0.03502719529057146 0.014273117433981498 -0.0076289247237717461 -0.081717330348623565 0.029672579859393977 -0.038236895239034396 0.1132979935642517 0.028744679879216764 0.052782811548255641 -0.016773775681768657 0.059863017909289343 0.033022090285484751
leaf_weight=576 96 4800 288 576 664 94 1152 939 192 1920 384 576 480 288 71890 480 5382 1151 1728 1242 14386 864 7008 2016 576 1920 384 2400 192 4704
leaf_count=576 96 4800 288 576 664 94 1152 939 192 1920 384 576 480 288 71890 480 5382 1151 1728 1242 14386 864 7008 2016 576 1920 384 2400 192 4704
internal_value=4.94789e-05 0.000106656 0.00831874 -0.0031033 0.0128806 0.000789474 -0.00546875 3.21679e-05 -0.00181134 -0.00358249 -0.0015625 0.00638021 0.0109375 0.00239583 0.000168 0.000900335 0.00070837 0.000568221 0.00103338 -0.00205314 0.000718669 0.00171393 0.0022179 0.000926777 0.0026964 -0.00163872 -0.00332031 -0.000610632 -0.010464 0.00592803
internal_weight=129348 127044 1142 2304 854 190 1728 125902 8640 7104 5184 1536 960 480 117262 45372 44433 43953 37329 6624 36178 21792 20064 13056 9216 3936 3840 2784 1056 5280
internal_count=129348 127044 1142 2304 854 190 1728 125902 8640 7104 5184 1536 960 480 117262 45372 44433 43953 37329 6624 36178 21792 20064 13056 9216 3936 3840 2784 1056 5280
is_linear=0
shrinkage=0.05


Tree=119
num_leaves=31
num_cat=0
split_feature=6 11 11 11 3 0 8 3 9 11 7 11 0 1 3 11 3 8 8 7 3 0 8 1 7 8 7 0 1 3
split_gain=9.37362 15.0034 11.9452 11.6231 10.9017 10.1679 17.7134 11.5833 10.2169 10.5714 11.2858 10.1117 23.5003 13.8062 9.87007 9.46648 20.9786 18.1562 10.0153 13.5566 11.1224 18.8074 14.4097 9.32055 9.57477 9.96699 11.366 9.24154 9.05822 9.0088
threshold=1.0000000180025095e-35 1.1649345393363679 1.1338093104982068 1.1538549292311382 0.99939377080793557 72.500000000000014 32.750000000000007 -0.99166060804803513 30.817708333333339 1.1098813432497676 26.287500000000005 0.73745831416842689 39.500000000000007 3.5000000000000004 0.70290292807158605 0.97560810725690494 -0.89015004145349408 31.750000000000004 34.350000000000001 9.1875000000000018 -0.48314718476766422 50.500000000000007 27.750000000000004 1.5000000000000002 26.337500000000006 27.850000000000005 20.112500000000004 94.500000000000014 2.5000000000000004 0.57077594689671507
decision_type=2 2 2 2 2 2 2 2 2 2 2 2 2 2 2 2 2 2 2 2 2 2 2 2 2 2 2 2 2 2
left_child=3 2 4 11 5 7 -7 -2 15 10 -10 12 13 -1 -5 16 -9 23 19 -17 22 -22 -21 24 25 -18 -27 -13 -19 -8
right_child=1 -3 -4 14 -6 6 29 8 9 -11 -12 27 -14 -15 -16 18 17 28 -20 20 21 -23 -24 -25 -26 26 -28 -29 -30 -31
leaf_value=0.15017895626409086 -0.13122237075921248 0.10424780320419842 -0.11770396181636684 -0.041924125771859624 -0.061932869094052739 -0.028266392681580755 0.24213763877551175 -0.10261447293820965 -0.12323308194669168 0.12276476858476855 -0.020526370392244076 6.4146681808097128e-05 -0.1140995695136553 -0.051912811181894371 0.054987911866971474 0.048792459930831457 0.053773267894963797 -0.15620864717665769 0.039084539589428861 0.079703788618294885 -0.070053180730677414 0.020296150478277753 0.0023288777350622069 0.08957772134852178 0.11783226839315547 -0.17054340820045014 0.023927002498164998 0.028659663786598344 0.019492313384422033 0.01882609558986701
leaf_weight=80 73 288 96 2400 96 1058 115 73 66 73 515 118219 224 80 192 228 340 73 657 73 389 259 1022 511 101 62 81 1244 292 368
leaf_count=80 73 288 96 2400 96 1058 115 73 66 73 515 118219 224 80 192 228 340 73 657 73 389 259 1022 511 101 62 81 1244 292 368
internal_value=5.721e-05 0.00184904 0.00136309 -4.38994e-05 0.00162069 0.00187043 -0.00167099 0.00298691 0.0032866 -0.00252294 -0.00477625 2.77437e-05 -0.00807292 0.0065625 -0.00335648 0.00419971 0.00732224 0.00863014 0.00237823 0.000596144 -0.000903614 -0.00609568 0.00216895 0.0118493 0.00753425 0.00460663 -0.00646853 5.37823e-05 -0.0010274 0.00626294
internal_weight=129348 6909 6621 122439 6525 6429 1541 4888 4815 654 581 119847 384 160 2592 4161 1533 1460 2628 1971 1743 648 1095 1095 584 483 143 119463 365 483
internal_count=129348 6909 6621 122439 6525 6429 1541 4888 4815 654 581 119847 384 160 2592 4161 1533 1460 2628 1971 1743 648 1095 1095 584 483 143 119463 365 483
is_linear=0
shrinkage=0.05


Tree=120
num_leaves=31
num_cat=0
split_feature=6 11 11 3 11 8 8 10 0 4 0 8 3 4 11 0 8 10 7 8 4 4 11 9 3 7 1 3 7 0
split_gain=9.07718 13.2692 11.1736 10.5661 10.8817 10.4275 32.804 15.9248 25.3165 23.804 15.6916 18.6253 20.7189 14.5506 13.9785 12.0306 11.7492 11.1111 10.7658 10.1674 23.9321 29.5885 43.6929 28.8051 36.8551 24.5798 23.6604 18.2145 17.8495 21.7878
threshold=1.0000000180025095e-35 1.1649345393363679 1.2071527841224958 0.99939377080793557 1.1338093104982068 39.550000000000004 39.750000000000007 1.0000000180025095e-35 24.500000000000004 -0.99938741687870725 52.500000000000007 39.95000000000001 0.79383249484937135 -0.99983123799342477 1.0515743247573357 87.500000000000014 44.000000000000007 1.0000000180025095e-35 39.812500000000007 34.45000000000001 -0.082691941062253513 -0.6391983530350368 1.0299448977757397 30.048697916666672 0.70290292807158605 34.787500000000016 1.0000000180025095e-35 -0.97694226132849327 35.662500000000016 87.500000000000014
decision_type=2 2 2 2 2 2 2 2 2 2 2 2 2 2 2 2 2 2 2 2 2 2 2 2 2 2 2 2 2 2
left_child=2 3 5 4 -2 13 -7 9 -9 -8 11 -11 16 17 -12 18 -13 -1 -10 -15 21 23 25 26 28 -23 -21 -22 29 -25
right_child=1 -3 -4 -5 -6 6 7 8 15 10 14 12 -14 19 -16 -17 -18 -19 -20 20 27 22 -24 24 -26 -27 -28 -29 -30 -31
leaf_value=-0.44412342035591412 0.01079505672697394 0.099035413043988288 -0.054711437663510769 -0.058836225639350204 -0.11181876372554811 -0.15411017872594146 0.1642189104069175 -0.090062651854410092 0.029391590733542472 -0.071135993067616712 -0.081792704532470853 0.033668848796587984 0.13665804017263811 -0.0005489877354335704 0.009184956692185154 -0.13542674859966369 -0.071196949437067766 -0.038833375218835189 -0.13167377026089327 -0.17946409474282563 0.011770362516190859 -0.086469995760195678 0.0097642350414822946 0.016823805979315411 0.073730037681504254 0.025136032150967227 0.069818782904982876 0.10664828371620416 -0.060582526849792373 -0.070937125904422513
leaf_weight=96 6429 288 768 96 96 664 288 544 1048 212 1032 1802 265 92887 944 174 159 192 303 96 576 1902 3254 7951 1719 498 1628 768 1781 888
leaf_count=96 6429 288 768 96 96 664 288 544 1048 212 1032 1802 265 92887 944 174 159 192 303 96 576 1902 3254 7951 1719 498 1628 768 1781 888
internal_value=5.68235e-05 0.00182009 -4.26743e-05 0.00136309 0.00160536 -4.72586e-06 -0.0018191 -0.000779058 -0.00443451 0.000829434 -7.92932e-05 0.00260459 0.00395328 0.000113362 -0.00339069 -0.00113115 0.00218001 -0.0111111 0.00046262 0.000141731 0.00113361 0.000693564 -0.00236116 0.00192171 0.00107586 -0.00747917 0.00797564 0.00758929 -2.35405e-05 0.000896595
internal_weight=129348 6909 122439 6621 6525 121671 7435 6771 2069 4702 4414 2438 2226 114236 1976 1525 1961 288 1351 113948 21061 19717 5654 14063 12339 2400 1724 1344 10620 8839
internal_count=129348 6909 122439 6621 6525 121671 7435 6771 2069 4702 4414 2438 2226 114236 1976 1525 1961 288 1351 113948 21061 19717 5654 14063 12339 2400 1724 1344 10620 8839
is_linear=0
shrinkage=0.05


Tree=121
num_leaves=31
num_cat=0
split_feature=8 9 1 9 11 11 11 4 8 10 9 3 8 11 1 7 11 8 6 9 4 3 10 9 10 3 4 8 5 9
split_gain=8.74193 32.4362 33.8252 27.5995 28.8786 31.4168 26.0046 25.8787 24.4565 23.7495 51.4328 56.0085 52.3001 40.2833 26.5212 25.9984 25.796 27.4286 24.6689 22.6311 56.7947 36.6718 38.8025 34.7265 31.7252 32.4875 28.7422 25.296 23.8214 21.6084
threshold=24.450000000000003 14.060937500000003 1.5000000000000002 17.422656250000003 1.0015760182812448 1.0052470737456287 0.9655108416535565 0.67644692717078936 26.650000000000002 1.0000000180025095e-35 12.070312500000002 0.20180702842483325 20.200000000000006 1.0114098712100164 2.5000000000000004 10.987500000000002 0.98871441963832118 18.850000000000005 1.0000000180025095e-35 22.971614583333338 0.38043945030393422 0.9193901325473397 1.0000000180025095e-35 24.289322916666674 1.0000000180025095e-35 -0.83847110675477843 0.29137697329261131 29.550000000000004 1.0000000180025095e-35 14.627864583333336
decision_type=2 2 2 2 2 2 2 2 2 2 2 2 2 2 2 2 2 2 2 2 2 2 2 2 2 2 2 2 2 2
left_child=1 6 29 4 -2 -6 -1 19 -9 10 11 13 16 -8 -15 -14 17 -12 -18 21 23 -5 -23 -21 27 28 -25 -22 -26 -3
right_child=3 2 -4 7 5 -7 9 8 -10 -11 12 -13 15 14 -16 -17 18 -19 -20 20 24 22 -24 26 25 -27 -28 -29 -30 -31
leaf_value=-0.047803195363945152 -0.1431266596587065 -0.043137249333479136 0.023818663595271516 -0.028275755698910388 0.21931089327576317 -0.024419344828149295 0.10698807416719376 0.0016552209879506564 0.037635014445547912 -0.010319352935728433 -0.15881260447125245 0.12540686020940797 0.10316555697044692 -0.055718993015241129 0.034651804185754996 0.012949881321907242 -0.053226606206769847 0.064095644346431155 0.11823501397689357 -0.035742727912467846 0.066221750819948966 -0.016565517294878162 0.038580298986753553 -0.0016366986969600817 0.13512683363366237 0.012910985453594748 0.056111251978063596 -0.014006027977178804 0.040132020846385077 0.0018185469892728181
leaf_weight=1152 384 672 9599 7200 96 864 288 3840 2688 8064 96 960 455 672 864 793 2016 672 96 2784 384 1152 1152 75493 768 864 864 1056 288 3072
leaf_count=1152 384 672 9599 7200 96 864 288 3840 2688 8064 96 960 455 672 864 793 2016 672 96 2784 384 1152 1152 75493 768 864 864 1056 288 3072
internal_value=4.83193e-05 0.000805029 0.00262872 -0.000174965 -0.00729167 -0.00265625 -0.000703745 -7.78927e-05 0.00296415 -0.000146902 0.00200376 0.00725575 -0.00153828 0.00211075 -0.00110677 0.00701122 -0.00524306 0.00260417 -0.00809659 -0.000293734 -2.75754e-05 -0.00260417 0.00288628 -0.000297886 0.00633929 0.0105469 -9.78954e-05 0.000729167 0.0164299 -0.00140224
internal_weight=129348 29471 13343 99877 1344 960 16128 98533 6528 14976 6912 2784 4128 1824 1536 1248 2880 768 2112 92005 82501 9504 2304 79141 3360 1920 76357 1440 1056 3744
internal_count=129348 29471 13343 99877 1344 960 16128 98533 6528 14976 6912 2784 4128 1824 1536 1248 2880 768 2112 92005 82501 9504 2304 79141 3360 1920 76357 1440 1056 3744
is_linear=0
shrinkage=0.05


Tree=122
num_leaves=31
num_cat=0
split_feature=0 7 0 0 3 0 11 10 7 11 3 10 0 4 0 11 4 8 11 3 3 11 9 9 3 4 0 3 4 8
split_gain=8.45032 13.8526 10.4403 18.6838 23.2829 19.4119 18.1061 17.4519 16.1002 16.067 21.1199 15.3722 17.6126 17.4282 15.1398 15.1379 25.0328 29.599 22.4222 20.8821 23.3346 19.5901 18.8652 18.181 18.1071 17.5591 16.5346 31.0695 20.3692 21.9583
threshold=3.5000000000000004 27.012500000000006 73.500000000000014 60.500000000000007 0.41398981800788198 36.500000000000007 1.1338093104982068 1.0000000180025095e-35 36.712500000000013 1.1135526900622577 -0.52032787705993211 1.0000000180025095e-35 66.500000000000014 -0.039769286347669845 92.500000000000014 1.0052470737456287 0.98174098242282837 26.150000000000002 1.0037329538813851 0.77788564761185042 0.52033990680116082 0.99948647577224803 13.511197916666669 19.372916666666672 0.67802080537253961 0.62420859727530387 53.500000000000007 0.83849049182116964 0.19126587156512342 27.850000000000005
decision_type=2 2 2 2 2 2 2 2 2 2 2 2 2 2 2 2 2 2 2 2 2 2 2 2 2 2 2 2 2 2
left_child=1 -1 3 5 6 -2 8 9 11 -7 -11 -5 13 -13 -4 16 17 19 23 20 21 -9 -22 -19 -24 -25 28 -28 -17 -30
right_child=2 -3 14 4 -6 7 -8 15 -10 10 -12 12 -14 -15 -16 26 -18 18 -20 -21 22 -23 24 25 -26 -27 27 -29 29 -31
leaf_value=-0.0012832095165705938 0.0042326025548362622 -0.051237732753843093 -0.0074110220073350776 0.028049876920591289 0.032189579743280204 -0.016454087811210629 0.095918562339458904 0.079439251598471122 -0.073639845561440612 0.067056996822890375 -0.11861409847534646 -0.023095040878138209 -0.027850398367808539 0.035675853064145717 0.014210259461992792 -0.0072802740510887537 -0.087354849434411366 -0.1988897354997107 0.13495516040514419 0.10928333501792907 0.10020511935781613 -0.13591418818632803 -0.20498784700368022 -0.00028202944362476501 0.008509461192331003 0.095370375060630161 -0.0048032227305270687 0.10912746388472101 -0.06591748475256054 -0.15415121101421506
leaf_weight=3954 44488 1438 25597 4366 6101 12840 481 935 513 144 622 1401 3286 1356 4042 4130 528 120 192 504 120 120 168 6573 168 240 2135 508 1717 561
leaf_count=3954 44488 1438 25597 4366 6101 12840 481 935 513 144 622 1401 3286 1356 4042 4130 528 120 192 504 120 120 168 6573 168 240 2135 508 1717 561
internal_value=5.52772e-05 -0.00188242 0.000139566 0.0003968 0.001871 6.08621e-05 0.000537139 -0.000871616 0.000119026 -0.00223431 -0.00926893 0.000545201 -0.00108804 0.0018589 -0.000679004 0.000118863 0.00149462 0.00210613 0.000592982 0.00745658 0.00451688 0.0086019 -0.00493421 0.000126208 -0.0110119 0.000466021 -0.00135068 0.00197692 -0.00272316 -0.00651888
internal_weight=129348 5392 123956 94317 17504 76813 11403 32325 10922 13606 766 10409 6043 2757 29639 18719 9668 9140 7125 2015 1511 1055 456 6933 336 6813 9051 2643 6408 2278
internal_count=129348 5392 123956 94317 17504 76813 11403 32325 10922 13606 766 10409 6043 2757 29639 18719 9668 9140 7125 2015 1511 1055 456 6933 336 6813 9051 2643 6408 2278
is_linear=0
shrinkage=0.05


Tree=123
num_leaves=31
num_cat=0
split_feature=6 11 11 11 3 10 9 3 9 9 8 4 9 9 1 9 0 4 3 3 9 1 8 3 4 9 8 4 3 0
split_gain=8.09884 12.2482 10.4502 10.4095 10.0982 9.24162 33.8689 66.7361 33.173 44.2599 35.5845 32.7738 36.4522 29.852 35.7044 31.5084 28.3872 27.8656 34.1446 46.36 53.1444 50.6265 35.8997 35.0275 33.2802 33.935 27.7275 26.5225 27.6391 26.92
threshold=1.0000000180025095e-35 1.1649345393363679 1.1338093104982068 1.1538549292311382 0.99939377080793557 1.0000000180025095e-35 12.070312500000002 0.20180702842483325 13.209375 14.9234375 20.200000000000006 0.97461712852231652 32.651041666666671 14.060937500000003 2.5000000000000004 14.627864583333336 21.500000000000004 -0.48313741114591585 0.7090011537757156 -0.14250824554987665 18.633333333333336 2.5000000000000004 21.750000000000004 0.97112537654464559 -0.79382744783423187 28.071614583333339 33.850000000000001 0.071972700440407641 0.98667101781630195 20.500000000000004
decision_type=2 2 2 2 2 2 2 2 2 2 2 2 2 2 2 2 2 2 2 2 2 2 2 2 2 2 2 2 2 2
left_child=3 2 4 5 -2 6 7 -1 10 13 -8 12 -7 -10 15 -15 -14 24 19 -19 21 22 -21 -20 25 -11 -27 -25 29 -29
right_child=1 -3 -4 -5 -6 11 8 -9 9 17 -12 -13 16 14 -16 -17 -18 18 23 20 -22 -23 -24 27 -26 26 -28 28 -30 -31
leaf_value=0.0021472100128093531 0.010188086158858313 0.093913089676779304 -0.10606653011810963 -0.032300164803876895 -0.055911343750315728 0.0013911065515188172 -0.045497804272798703 0.11918050728182834 0.0084374679706897392 0.12078351883186685 0.096698267243687047 -0.018746092851609577 -0.1011138794619896 -0.013522923395476028 0.11176736038530635 0.12048908429761199 -0.034244509849483511 -0.0058472768531395054 -0.046545393542328388 -0.048212604025490435 -0.11072216824145401 0.13191870699284608 0.070422368483757228 -0.021640081796929424 0.045412839952903288 -0.046281653655513115 0.0073327373552189105 0.08722375382289585 0.088702074406696599 -0.065362291906443923
leaf_weight=1920 6429 288 96 2592 96 60784 2304 960 1824 480 288 4896 808 672 864 288 2677 12768 4798 384 192 768 864 1440 6524 2688 9696 84 576 300
leaf_count=1920 6429 288 96 2592 96 60784 2304 960 1824 480 288 4896 808 672 864 288 2677 12768 4798 384 192 768 864 1440 6524 2688 9696 84 576 300
internal_value=4.59999e-05 0.00171154 0.00127247 -4.79831e-05 0.00151341 1.98169e-05 0.000532734 0.00579861 0.000215472 0.000530856 -0.00528549 -0.000356033 -5.56256e-05 0.0058114 0.0103344 0.00369792 -0.00502869 6.73692e-05 -0.00114323 0.000217014 0.0069067 0.0093006 0.00308494 -0.00397333 0.00145193 -2.33209e-05 -0.000528908 0.000958333 0.00739583 -0.00299479
internal_weight=129348 6909 6621 122439 6525 119847 50682 2880 47802 45210 2592 69165 64269 3648 1824 960 3485 41562 22174 14976 2208 2016 1248 7198 19388 12864 12384 2400 960 384
internal_count=129348 6909 6621 122439 6525 119847 50682 2880 47802 45210 2592 69165 64269 3648 1824 960 3485 41562 22174 14976 2208 2016 1248 7198 19388 12864 12384 2400 960 384
is_linear=0
shrinkage=0.05


Tree=124
num_leaves=31
num_cat=0
split_feature=11 11 9 7 1 3 3 8 8 8 9 5 1 3 3 0 8 9 9 0 9 4 8 11 10 9 11 9 3 10
split_gain=7.94048 28.8772 26.9254 13.379 12.7436 20.2613 10.3354 46.559 27.2376 20.0694 27.676 19.031 15.6056 14.3752 28.6935 25.4419 23.1076 21.1527 39.2495 25.8086 20.8318 19.3248 17.4277 16.9855 26.7257 16.7395 21.1312 21.0431 43.7843 39.2228
threshold=0.80519389663381347 0.82284707828887094 28.518489583333338 23.412500000000005 2.5000000000000004 -0.15101209918632377 -0.96902457013955734 33.050000000000004 31.550000000000004 34.650000000000013 27.252864583333338 1.0000000180025095e-35 1.5000000000000002 -0.17647087149565668 -0.24372957273992746 29.500000000000004 18.250000000000004 18.314583333333335 19.278385416666669 76.500000000000014 16.723697916666669 0.91852788691372023 24.550000000000004 0.98483353674826957 1.0000000180025095e-35 28.69166666666667 0.888018781778247 22.971614583333338 -0.85671820900978868 1.0000000180025095e-35
decision_type=2 2 2 2 2 2 2 2 2 2 2 2 2 2 2 2 2 2 2 2 2 2 2 2 2 2 2 2 2 2
left_child=3 2 4 -1 5 -2 7 8 11 10 12 -3 -9 14 16 -16 -8 19 22 23 -21 25 -19 24 -18 26 -20 28 -28 -30
right_child=1 6 -4 -5 -6 -7 13 9 -10 -11 -12 -13 -14 -15 15 -17 17 18 21 20 -22 -23 -24 -25 -26 -27 27 -29 29 -31
leaf_value=0.017932771114843149 -0.065796735914084081 -0.015995381676691522 -0.04424862856578074 -0.035141693686806266 0.098848637550836574 0.11400132551479203 0.26118892793839238 -0.042550354635164926 -0.054405169506168249 -0.0096618408971458798 0.15231765601604366 0.051823556909762661 0.043228737764518854 -0.0019430582621367876 0.067499781593950564 0.021449518628677569 -0.027904983211924164 0.12521033535861648 -0.033643814679049915 0.028894824826038248 -0.011973900451937426 0.10360083664755493 0.03516339538686282 -0.031300481925062233 0.059162027455601424 -0.0090564618722140718 -0.062443999337048695 0.024693273283142504 -0.012955019858044637 0.024793219962027283
leaf_weight=663 96 4800 288 1641 664 94 96 192 1920 576 480 384 288 71890 1012 2218 539 287 1728 665 456 192 864 3542 462 13535 1056 12768 3264 2688
leaf_count=663 96 4800 288 1641 664 94 96 192 1920 576 480 384 288 71890 1012 2218 539 287 1728 665 456 192 864 3542 462 13535 1056 12768 3264 2688
internal_value=4.44537e-05 9.72104e-05 0.00801226 -0.00286458 0.0124707 0.00105263 2.54166e-05 -0.00164352 -0.00335023 0.00625 0.0106771 -0.00146605 0.0021875 0.000148386 0.000845235 0.005387 0.000497129 0.000441183 0.000883679 -0.00240113 0.0043934 0.000586841 0.00996959 -0.0040777 0.00167333 0.000500157 0.00136719 0.0018305 -0.000371005 0.00129368
internal_weight=129348 127044 1142 2304 854 190 125902 8640 7104 1536 960 5184 480 117262 45372 3230 42142 42046 36382 5664 1121 35231 1151 4543 1001 35039 21504 19776 7008 5952
internal_count=129348 127044 1142 2304 854 190 125902 8640 7104 1536 960 5184 480 117262 45372 3230 42142 42046 36382 5664 1121 35231 1151 4543 1001 35039 21504 19776 7008 5952
is_linear=0
shrinkage=0.05


Tree=125
num_leaves=31
num_cat=0
split_feature=0 7 0 0 3 11 0 8 4 8 8 0 10 7 7 10 0 4 3 8 5 1 7 3 0 4 4 8 11 8
split_gain=8.28426 11.4371 9.52382 17.8035 21.5494 17.4529 17.0527 16.5308 16.1599 24.4715 18.1156 14.3949 15.7032 16.2694 14.2403 14.0938 15.3265 16.4618 14.4909 13.9438 13.8678 13.7436 13.3701 15.652 20.8853 18.0637 17.9356 19.7863 14.664 13.8073
threshold=1.5000000000000002 27.012500000000006 73.500000000000014 60.500000000000007 0.41398981800788198 1.1338093104982068 36.500000000000007 33.45000000000001 0.92519182738459482 21.950000000000003 21.750000000000004 92.500000000000014 1.0000000180025095e-35 26.412500000000005 36.712500000000013 1.0000000180025095e-35 66.500000000000014 -0.039769286347669845 -0.99166060804803513 17.850000000000005 1.0000000180025095e-35 5.5000000000000009 35.26250000000001 0.022575936829235418 76.500000000000014 -0.69676771491221523 0.63755505330306683 38.650000000000013 0.99466861273465434 27.850000000000005
decision_type=2 2 2 2 2 2 2 2 2 2 2 2 2 2 2 2 2 2 2 2 2 2 2 2 2 2 2 2 2 2
left_child=1 -1 3 6 5 14 -2 8 19 10 -10 22 -13 -14 15 18 17 -17 -5 -8 -21 -6 23 24 25 -4 27 29 -28 -26
right_child=2 -3 11 4 21 -7 7 -9 9 -11 -12 12 13 -15 -16 16 -18 -19 -20 20 -22 -23 -24 -25 26 -27 28 -29 -30 -31
leaf_value=-0.0028112343651045535 0.0035642655863313169 -0.076732897701622005 0.018172574434228039 0.14688518239741627 0.023896682883075473 0.092834795375786427 0.17473482465589571 -0.031738555577372554 -0.022162308072482519 -0.098541730798252306 0.062979100409224748 0.040384468659840425 0.01109105531812915 -0.064330751812606488 -0.069483553723264896 -0.022395938657683703 -0.025713513969792958 0.034479579328227317 0.021410910547699304 0.00019347196637298225 0.035680418075445884 0.071475779584754665 0.11809587001571203 -0.018871810360034404 -0.0591564891193741 -0.050101228253038955 0.031685375861638936 0.14743150199800326 0.0066741183972190759 -0.0018899555471740825
leaf_weight=1947 47185 748 600 169 5220 481 120 9867 3456 432 96 1701 1544 797 513 1401 3286 1356 4197 17106 1248 881 291 12486 288 1416 1024 108 2016 7368
leaf_count=1947 47185 748 600 169 5220 481 120 9867 3456 432 96 1701 1544 797 513 1401 3286 1356 4197 17106 1248 881 291 12486 288 1416 1024 108 2016 7368
internal_value=4.36806e-05 -0.00269944 0.00010205 0.000341703 0.00178531 0.000502061 2.38964e-05 -0.000860789 -0.000111319 -0.0029995 -0.00163288 -0.000682378 0.00209055 -0.000565997 9.15583e-05 0.000492362 -0.00107149 0.00167755 0.00265689 0.00051153 0.000400458 0.00418374 -0.00112025 -0.00124279 -1.56006e-05 -0.0046875 0.000856164 -0.000418599 0.00411184 -0.000718391
internal_weight=129348 2695 126653 97014 17504 11403 79510 32325 22458 3984 3552 29639 4042 2341 10922 10409 6043 2757 4366 18474 18354 6101 25597 25306 12820 2016 10804 7764 3040 7656
internal_count=129348 2695 126653 97014 17504 11403 79510 32325 22458 3984 3552 29639 4042 2341 10922 10409 6043 2757 4366 18474 18354 6101 25597 25306 12820 2016 10804 7764 3040 7656
is_linear=0
shrinkage=0.05


Tree=126
num_leaves=31
num_cat=0
split_feature=0 0 3 4 8 0 3 11 9 8 11 11 1 0 10 8 9 8 8 0 8 0 10 7 4 3 3 7 9 3
split_gain=7.85306 10.66 16.4742 20.417 20.6781 16.4099 25.0014 19.9671 15.879 14.1545 13.3396 12.5763 12.4274 11.6558 14.895 15.6175 18.4944 17.5389 17.1327 15.1843 15.0913 14.8717 18.6622 15.5909 14.4484 14.4152 16.5495 14.5745 14.2883 13.73
threshold=94.500000000000014 74.500000000000014 0.022575936829235418 0.63755505330306683 38.650000000000013 60.500000000000007 0.41398981800788198 1.1338093104982068 21.109114583333337 44.000000000000007 0.99466861273465434 1.1443318593415424 5.5000000000000009 36.500000000000007 1.0000000180025095e-35 41.550000000000004 34.057291666666679 38.150000000000013 38.850000000000001 56.500000000000007 33.750000000000007 8.5000000000000018 1.0000000180025095e-35 28.112500000000004 0.9989598388634241 -0.99372698525316483 -0.95754239937548935 27.987500000000004 14.9234375 0.7090011537757156
decision_type=2 2 2 2 2 2 2 2 2 2 2 2 2 2 2 2 2 2 2 2 2 2 2 2 2 2 2 2 2 2
left_child=1 5 3 4 8 9 7 -7 -3 13 -5 -4 -8 21 15 16 17 20 -19 -17 25 22 28 24 -24 -15 -27 29 -1 -28
right_child=-2 2 11 10 -6 6 12 -9 -10 -11 -12 -13 -14 14 -16 19 -18 18 -20 -21 -22 -23 23 -25 -26 26 27 -29 -30 -31
leaf_value=0.031571628733567537 0.024131365307006547 -0.077416516723545215 -0.01366923918460259 0.028686448646811871 0.13772243773293624 -0.0013605236626887064 0.023946137504230337 0.088228041443723981 -0.0056644038953663767 -0.08362668809290881 0.0052514748770022381 -0.076126548009810335 0.067206858187535093 0.087705933907679431 0.0012250914160475191 0.13510630551140893 -0.20305992985755097 0.15959159194278813 -0.0020492227578493782 -0.084808902816286752 -0.064904502895335989 0.0056678124455537219 -0.0088776211526976571 -0.096187674016132985 -0.062899945293497697 -0.073423729255059564 -0.010861071939718414 0.013794325938540908 0.00012665191309082501 -0.051455802224928959
leaf_weight=891 1347 140 12937 1280 140 11761 5622 518 9429 244 2520 500 949 264 18719 340 648 336 622 68 2592 37636 6305 625 99 504 4468 2663 4176 1005
leaf_count=891 1347 140 12937 1280 140 11761 5622 518 9429 244 2520 500 949 264 18719 340 648 336 622 68 2592 37636 6305 625 99 504 4468 2663 4176 1005
internal_value=4.40672e-05 4.10153e-06 -0.000879537 0.000353468 -0.000862602 0.000239721 0.00157029 0.000238212 -0.00114171 -6.53853e-05 0.00346053 -0.00211915 0.0040595 -2.95872e-05 -0.000770269 -0.00203553 -0.00233552 -0.00190702 0.0045929 0.00759804 -0.00244868 0.000450414 -0.00107474 -0.00274221 -0.00200656 -0.00147125 -0.00182292 -0.00127827 0.00123841 -0.00275443
internal_weight=129348 128001 26946 13509 9709 101055 18850 12279 9569 82205 3800 13437 6571 81961 32229 13510 13102 12454 958 408 11496 49732 12096 7029 6404 8904 8640 8136 5067 5473
internal_count=129348 128001 26946 13509 9709 101055 18850 12279 9569 82205 3800 13437 6571 81961 32229 13510 13102 12454 958 408 11496 49732 12096 7029 6404 8904 8640 8136 5067 5473
is_linear=0
shrinkage=0.05


Tree=127
num_leaves=31
num_cat=0
split_feature=11 11 9 1 3 9 3 7 0 11 4 3 3 8 8 8 9 5 1 0 9 3 4 8 0 9 9 8 3 1
split_gain=7.77435 26.4439 25.5176 12.8732 18.9628 12.2925 24.025 13.4631 16.3656 18.0338 9.74175 10.9505 9.65542 42.3298 34.032 18.1127 25.676 13.8544 13.2031 12.6172 13.4563 12.5582 28.3583 28.3845 17.9431 17.9001 34.6154 20.8513 30.7824 25.0025
threshold=0.80519389663381347 0.82284707828887094 28.518489583333338 2.5000000000000004 -0.15101209918632377 27.401302083333334 -0.67803021058859214 25.912500000000005 74.500000000000014 0.78920070979102952 -0.65883892954715351 0.88220160189607266 -0.96235977360714686 33.050000000000004 31.350000000000005 34.650000000000013 27.252864583333338 1.0000000180025095e-35 1.5000000000000002 11.500000000000002 25.482812500000005 -0.17647087149565668 -0.97874870457683594 16.900000000000002 54.500000000000007 18.314583333333335 19.278385416666669 22.350000000000005 -0.40614700388750385 3.5000000000000004
decision_type=2 2 2 2 2 2 2 2 2 2 2 2 2 2 2 2 2 2 2 2 2 2 2 2 2 2 2 2 2 2
left_child=5 2 3 4 -2 6 7 8 9 -1 -7 -12 13 14 17 16 18 19 -15 20 -3 22 24 -24 -14 27 -27 28 -25 -29
right_child=1 12 -4 -5 -6 10 -8 -9 -10 -11 11 -13 21 15 -16 -17 -18 -19 -20 -21 -22 -23 23 25 -26 26 -28 29 -30 -31
leaf_value=-0.023963233734623657 -0.062968503019973809 -0.066431526603453514 -0.039815967357410643 0.094497338582561249 0.10812138886474046 -0.19623074901698134 0.030601784699443614 -0.12852378424909575 -0.083819886041910513 0.10158308004017585 0.0015428073586797098 -0.19548752370765499 0.13170765420111225 -0.040884440805001532 -0.050597148222112767 -0.0049574398213522389 0.14441855972786116 0.047681546555361366 0.041036163776973215 -0.0030725606977981103 -0.024137936288213525 -0.0017409283106992746 0.066228547708067964 0.051661941757718925 0.012816352942405729 0.0485463809747472 0.005270861985345477 -0.041988914104774726 -0.008133920093528247 -0.0034032712474406424
leaf_weight=160 96 132 288 664 94 288 960 183 124 109 384 96 542 192 2400 576 480 384 288 4368 492 71890 480 672 397 1151 35506 1632 2400 1920
leaf_count=160 96 132 288 664 94 288 960 183 124 109 384 96 542 192 2400 576 480 384 288 4368 492 71890 480 672 397 1151 35506 1632 2400 1920
internal_value=3.5563e-05 8.77649e-05 0.007662 0.0120023 0.000526316 -0.00284288 -0.000260417 -0.00833333 -0.00311705 0.00381041 -0.00800781 -0.00364583 1.90624e-05 -0.00153028 -0.00302855 0.00605469 0.0102604 -0.000818452 0.00208333 -0.00152244 -0.00817308 0.000142808 0.000800895 0.000616416 0.0093983 0.000482313 0.000914559 -0.00190972 0.00110677 -0.00451858
internal_weight=129348 127044 1142 854 190 2304 1536 576 393 269 768 480 125902 9312 7776 1536 960 5376 480 4992 624 116590 44700 43761 939 43281 36657 6624 3072 3552
internal_count=129348 127044 1142 854 190 2304 1536 576 393 269 768 480 125902 9312 7776 1536 960 5376 480 4992 624 116590 44700 43761 939 43281 36657 6624 3072 3552
is_linear=0
shrinkage=0.05


Tree=128
num_leaves=31
num_cat=0
split_feature=4 10 0 4 11 8 9 9 9 10 3 0 0 10 3 1 11 11 8 8 3 3 11 9 4 8 1 9 4 10
split_gain=7.41789 23.6304 16.4341 18.441 44.7263 16.2003 24.6631 29.5911 21.872 83.6109 37.8545 20.0423 22.0854 18.7469 18.1843 21.503 23.1132 23.5005 18.343 17.7268 25.5229 17.7101 16.8787 15.5447 15.4724 24.7929 17.8755 17.7414 47.9879 38.4527
threshold=0.99349222267034787 1.0000000180025095e-35 22.500000000000004 0.99855310097228334 1.0536951534388417 24.450000000000003 17.220572916666669 16.601302083333337 17.789062500000004 1.0000000180025095e-35 -0.49813634056773481 90.500000000000014 16.500000000000004 1.0000000180025095e-35 -0.27694604220087021 3.5000000000000004 1.0118133182750044 1.0571501552533558 23.450000000000003 17.850000000000005 0.73283908552571664 0.67167992559793654 0.99750193819539412 16.230208333333334 0.67644692717078936 26.650000000000002 3.5000000000000004 23.176562500000006 0.38043945030393422 1.0000000180025095e-35
decision_type=2 2 2 2 2 2 2 2 2 2 2 2 2 2 2 2 2 2 2 2 2 2 2 2 2 2 2 2 2 2
left_child=5 2 -2 -4 -5 8 7 21 10 -10 -1 12 13 -12 18 16 19 -18 -15 -16 -21 -7 -11 -17 27 26 -26 -8 -29 -30
right_child=1 -3 3 4 -6 6 24 -9 9 22 11 -13 -14 14 15 23 17 -19 -20 20 -22 -23 -24 -25 25 -27 -28 28 29 -31
leaf_value=-0.046589733923515557 0.052347859619649745 -0.022315720434492904 -0.030257172797086441 0.11534947476161719 -0.12837182506224851 0.20553361908741083 -0.012679321233105157 -0.079677411357573655 -0.099583134073670018 0.074171501376349633 0.03608085162018284 0.0311485710726771 0.00072353400168623239 0.040635496729377968 0.073297139909485054 -0.021282734294135255 0.049239791047750718 -0.009140409741539202 -0.014903615693137341 -0.02545753361392258 0.039523847771516789 -0.0092722587204633559 0.0027407788033400496 0.015311854531537961 0.01125091129835667 0.033797107820006292 -0.023543791964534933 -0.0020227345303169388 -0.0015956903485680131 0.05824248474888663
leaf_weight=768 621 2592 1022 584 365 96 9984 768 384 959 1802 1145 16946 238 102 646 238 153 85 391 85 192 192 153 2592 2688 1536 78949 1344 1728
leaf_count=768 621 2592 1022 584 365 96 9984 768 384 959 1802 1145 16946 238 102 646 238 153 85 391 85 192 192 153 2592 2688 1536 78949 1344 1728
internal_value=3.98151e-05 -0.00181327 0.0015625 -0.000672248 0.00434668 0.000117184 -0.000164452 -0.00776515 0.00127537 0.00705212 0.000885636 0.00126683 0.000912952 0.00430902 0.001088 -0.000904977 0.00410217 0.013491 0.0119969 -0.00224913 -0.00630252 0.00590278 0.0137924 -0.00697747 -8.32313e-05 0.00221538 -0.000218023 -0.000253519 -1.12776e-05 0.00611979
internal_weight=129348 5184 2592 1971 949 124164 99877 1056 24287 1535 22752 21984 20839 3893 2091 1768 969 391 323 578 476 288 1151 799 98821 6816 4128 92005 82021 3072
internal_count=129348 5184 2592 1971 949 124164 99877 1056 24287 1535 22752 21984 20839 3893 2091 1768 969 391 323 578 476 288 1151 799 98821 6816 4128 92005 82021 3072
is_linear=0
shrinkage=0.05


Tree=129
num_leaves=31
num_cat=0
split_feature=0 0 0 10 0 8 0 9 3 4 9 7 3 0 8 9 4 11 8 4 3 8 8 11 3 4 3 10 7 4
split_gain=7.42803 11.6879 16.8972 20.5946 22.8034 13.1992 13.199 24.4182 12.0744 12.2921 15.1286 11.2793 11.8792 18.5401 16.3139 16.3704 16.0814 14.2987 14.1738 13.4436 12.6961 12.48 11.2979 11.141 11.0075 14.5442 12.9165 10.8035 11.2466 10.6949
threshold=93.500000000000014 73.500000000000014 60.500000000000007 1.0000000180025095e-35 63.500000000000007 44.000000000000007 65.500000000000014 31.820312500000004 0.9053161325100999 0.49626980634301188 22.971614583333338 35.26250000000001 -0.0053757284505435614 76.500000000000014 19.150000000000002 13.209375 -0.69676771491221523 1.0711909405400801 38.650000000000013 -0.84313311835787952 -0.97694226132849327 33.150000000000013 16.900000000000002 1.1443318593415424 0.41398981800788198 0.73721509932751383 -0.99166060804803513 1.0000000180025095e-35 24.812500000000004 -0.42958798411962301
decision_type=2 2 2 2 2 2 2 2 2 2 2 2 2 2 2 2 2 2 2 2 2 2 2 2 2 2 2 2 2 2
left_child=1 2 5 4 29 -1 7 8 9 10 -5 12 13 16 17 -16 -3 -15 19 -17 21 -21 -19 -14 26 -26 -6 -2 -29 -4
right_child=27 11 3 6 24 -7 -8 -9 -10 -11 -12 -13 23 14 15 18 -18 22 -20 20 -22 -23 -24 -25 25 -27 -28 28 -30 -31
leaf_value=-0.00025770864610592527 0.043780411098119032 0.01817236430849789 -0.069900601200907894 -0.074513789487933482 0.14505816467300647 -0.079257170546210898 -0.0102896009704196 -0.14271040031557761 0.079461109602977587 0.031795719175310926 0.010274169676581835 0.11306272161620826 -0.013351755094639373 0.086093655492045687 -0.062080240629045852 -0.020854740594909063 -0.046347709145772603 0.040873919249689555 0.14052114434840776 -0.0329539774690943 0.011679054483646213 0.053407477974845824 -0.041800345679247647 -0.075103015362417133 0.054997938855849783 0.18090421982700633 0.029442390351108828 0.014426872449209328 -0.038920243906683541 0.018883620857640438
leaf_weight=81961 1134 592 681 90 160 244 6235 258 490 1135 1927 291 12945 306 136 2491 1386 204 85 1224 6443 204 153 485 1550 370 3590 834 726 1018
leaf_count=81961 1134 592 681 90 160 244 6235 258 490 1135 1927 291 12945 306 136 2491 1386 204 85 1224 6443 204 153 485 1550 370 3590 834 726 1018
internal_value=3.74957e-05 -1.77649e-05 0.000231925 0.00164248 0.00365382 -6.84265e-05 0.000180069 0.00246154 0.00351455 0.00237944 3.71839e-05 -0.000941733 -0.00104862 1.5124e-05 0.000800285 0.000323632 -0.00444894 0.00840875 0.000548004 0.000381201 0.00139436 -0.00287115 0.00161064 -0.00209605 0.00517637 0.00825521 0.0036 0.00263549 -6.41026e-05 -0.00142731
internal_weight=129348 126654 99709 17504 7369 82205 10135 3900 3642 3152 2017 26945 26654 13224 11246 10583 1978 663 10447 10362 7871 1428 357 13430 5670 1920 3750 2694 1560 1699
internal_count=129348 126654 99709 17504 7369 82205 10135 3900 3642 3152 2017 26945 26654 13224 11246 10583 1978 663 10447 10362 7871 1428 357 13430 5670 1920 3750 2694 1560 1699
is_linear=0
shrinkage=0.05


Tree=130
num_leaves=31
num_cat=0
split_feature=0 0 3 8 9 7 0 3 11 1 9 4 9 8 10 0 4 3 8 11 0 3 1 0 3 10 7 11 10 8
split_gain=7.43687 10.7048 13.6425 16.084 15.5972 13.8542 13.6243 21.0944 15.7521 13.948 13.0405 12.8546 13.871 12.2893 11.9947 13.2573 16.3537 13.19 10.5712 10.3634 10.1472 14.1812 19.3742 13.5349 19.2493 14.598 13.788 13.3235 13.1684 15.6189
threshold=93.500000000000014 74.500000000000014 -0.0053757284505435614 19.150000000000002 13.209375 32.412500000000016 60.500000000000007 0.31799963745711152 1.1338093104982068 5.5000000000000009 12.339322916666669 0.63755505330306683 21.109114583333337 44.000000000000007 1.0000000180025095e-35 66.500000000000014 -0.039769286347669845 -0.99166060804803513 16.900000000000002 1.1443318593415424 36.500000000000007 0.99865421017599998 2.5000000000000004 7.5000000000000009 0.95998215779580554 1.0000000180025095e-35 28.112500000000004 1.0751037620239305 1.0000000180025095e-35 41.550000000000004
decision_type=2 2 2 2 2 2 2 2 2 2 2 2 2 2 2 2 2 2 2 2 2 2 2 2 2 2 2 2 2 2
left_child=1 6 3 10 -5 11 13 8 14 -9 18 12 -6 20 17 16 -16 -8 -3 -4 21 23 -23 24 25 -1 -27 -26 29 -22
right_child=-2 2 19 4 5 -7 7 9 -10 -11 -12 -13 -14 -15 15 -17 -18 -19 -20 -21 28 22 -24 -25 27 26 -28 -29 -30 -31
leaf_value=0.0044166775023569476 0.015591074793971416 0.036008152062959202 -0.012828829195534297 -0.05936395790742495 -0.075025431783799945 0.11845587852959483 0.126023151396533 0.019601315800948527 0.090878082633354756 0.067451081549120315 0.098158681040892051 0.010167200150979739 -0.0059381316028989774 -0.075294312018900203 -0.024656444485926701 -0.027810572831751302 0.029871898175800739 0.011143839595392536 -0.039778488203722873 -0.073538020921047581 -0.020011823936927443 0.017381518936240781 -0.067091767615151815 0.0058656356477655436 0.016019660618254505 -0.01182889555054345 -0.095774368980997338 0.063723933241089978 0.001192430764804442 0.084007880554296588
leaf_weight=4240 2694 361 12556 152 133 148 182 6194 434 1061 190 2527 8867 244 1456 3647 1284 4592 190 475 13102 296 370 38459 440 5170 573 184 18719 408
leaf_count=4240 2694 361 12556 152 133 148 182 6194 434 1061 190 2527 8867 244 1456 3647 1284 4592 190 475 13102 296 370 38459 440 5170 573 184 18719 408
internal_value=3.59495e-05 -1.9344e-05 -0.000932654 0.00024268 -0.000205039 2.14133e-06 0.000212013 0.0014244 0.000101337 0.00353894 0.00738866 -0.000193025 -0.00107778 -6.59936e-05 -0.000262073 -0.00167919 0.000948905 0.00163385 0.00349365 -0.00206623 -3.26375e-05 0.000415226 -0.00683183 0.000513594 -0.00106769 -0.00160022 -0.00324308 0.00745192 -0.000723727 -0.0019134
internal_weight=129348 126654 25599 12568 11827 11675 101055 18850 11595 7255 741 11527 9000 82205 11161 6387 2740 4774 551 13031 81961 49732 666 49066 10607 9983 5743 624 32229 13510
internal_count=129348 126654 25599 12568 11827 11675 101055 18850 11595 7255 741 11527 9000 82205 11161 6387 2740 4774 551 13031 81961 49732 666 49066 10607 9983 5743 624 32229 13510
is_linear=0
shrinkage=0.05


Tree=131
num_leaves=31
num_cat=0
split_feature=11 11 9 1 3 9 3 7 11 0 11 4 6 11 11 10 9 3 9 9 8 9 3 3 1 9 4 4 11 4
split_gain=7.24382 23.2858 21.0672 12.6749 17.0956 10.8889 19.7168 13.8212 15.0054 12.6671 9.89627 9.75347 8.75864 12.5323 10.511 9.6394 29.9006 63.546 34.5266 40.8308 35.5678 29.3117 34.3027 29.7505 41.713 27.3108 29.7998 26.3159 34.2648 29.6797
threshold=0.80519389663381347 0.82284707828887094 28.518489583333338 2.5000000000000004 -0.15101209918632377 27.401302083333334 -0.67803021058859214 25.912500000000005 0.78920070979102952 74.500000000000014 0.78920070979102952 -0.65883892954715351 1.0000000180025095e-35 1.1649345393363679 1.1338093104982068 1.0000000180025095e-35 12.070312500000002 0.20180702842483325 13.209375 14.9234375 20.200000000000006 14.060937500000003 0.26866988313759588 0.099822040462190967 3.5000000000000004 32.651041666666671 0.97461712852231652 -0.48313741114591585 1.1054431876437014 0.98770287048522643
decision_type=2 2 2 2 2 2 2 2 2 2 2 2 2 2 2 2 2 2 2 2 2 2 2 2 2 2 2 2 2 2
left_child=5 2 3 4 -2 6 7 8 -1 -10 11 -7 15 14 -14 16 17 -3 20 21 -18 -20 23 -23 -25 26 -17 28 -21 -29
right_child=1 12 -4 -5 -6 10 -8 -9 9 -11 -12 -13 13 -15 -16 25 18 -19 19 27 -22 22 -24 24 -26 -27 -28 29 -30 -31
leaf_value=-0.066403238473081674 -0.059999337492543249 0.0011621884319509945 -0.03735749212348978 0.089173705080169446 0.10281276543529644 -0.20808865092449411 0.029341605066587562 -0.12282037698433045 0.097623279229000562 -0.042365096373904981 -0.17486597554182312 0.0021979502715495868 0.0095836820444958459 0.088965248091533777 -0.10067998485928271 0.00032033603692553929 -0.045439527451875961 0.11277364929571405 0.008182212565877478 0.022393194803761673 0.089687225786666158 0.073336737397100657 0.10093465898947188 -0.074016898301135114 0.18107415492091405 -0.051184666520853739 -0.017506522129583858 -0.010030588239804673 -0.045092754766552903 0.084810975506663777
leaf_weight=221 96 1920 288 664 94 192 960 183 109 63 192 384 6237 288 96 60314 2208 960 1824 16894 288 384 960 384 96 3581 4896 21022 2782 768
leaf_count=221 96 1920 288 664 94 192 960 183 109 63 192 384 6237 288 96 60314 2208 960 1824 16894 288 384 960 384 96 3581 4896 21022 2782 768
internal_value=2.24201e-05 7.28094e-05 0.00718039 0.0111241 -0.000263158 -0.00275608 -0.000325521 -0.00763889 -0.00235369 0.00872093 -0.00761719 -0.00434028 8.33982e-06 0.00177843 0.00131454 -8.99137e-05 0.00043474 0.00538194 0.000135476 0.000452188 -0.00558894 0.00552357 0.0100055 0.00277778 -0.00552083 -0.000474989 -0.000241527 6.02904e-06 0.00133157 -0.00119091
internal_weight=129348 127044 1142 854 190 2304 1536 576 393 172 768 576 125902 6621 6333 119281 50490 2880 47610 45114 2496 3648 1824 864 480 68791 65210 41466 19676 21790
internal_count=129348 127044 1142 854 190 2304 1536 576 393 172 768 576 125902 6621 6333 119281 50490 2880 47610 45114 2496 3648 1824 864 480 68791 65210 41466 19676 21790
is_linear=0
shrinkage=0.05


Tree=132
num_leaves=31
num_cat=0
split_feature=0 9 4 10 8 9 8 3 7 9 0 4 11 0 3 8 1 0 7 7 1 3 1 9 4 4 10 8 8 8
split_gain=7.38369 7.47204 6.85073 18.9754 15.6392 18.579 16.373 17.3006 15.5569 19.7964 14.9001 19.7048 37.4587 12.2905 11.8132 11.616 11.5105 9.72257 9.68572 9.31314 12.4005 9.25683 12.6251 9.09392 15.6378 12.4725 41.5839 34.1404 35.3834 34.2743
threshold=1.0000000180025095e-35 32.882812500000007 0.99349222267034787 1.0000000180025095e-35 15.350000000000003 10.334114583333335 16.900000000000002 -0.19337636264337835 6.7375000000000016 12.070312500000002 24.500000000000004 0.99855310097228334 1.0536951534388417 49.500000000000007 0.20180702842483325 20.050000000000004 2.5000000000000004 85.500000000000014 11.437500000000002 12.262500000000001 1.0000000180025095e-35 -0.05695216311707673 2.5000000000000004 11.341666666666669 0.97648852793709995 0.97648852793709995 1.0000000180025095e-35 20.550000000000004 19.450000000000003 19.050000000000004
decision_type=2 2 2 2 2 2 2 2 2 2 2 2 2 2 2 2 2 2 2 2 2 2 2 2 2 2 2 2 2 2
left_child=1 -1 4 10 -2 14 7 16 9 -8 -4 17 -13 -14 -6 -11 -7 21 -15 -5 -21 22 -12 24 -10 -25 27 28 29 -27
right_child=2 -3 3 19 5 6 8 -9 23 15 11 12 13 18 -16 -17 -18 -19 -20 20 -22 -23 -24 25 -26 26 -28 -29 -30 -31
leaf_value=-0.016379386681293795 0.038240005937695547 -0.14995432678906512 0.049685206947101795 -0.025682738889328507 -0.1309122128549369 0.023760619122195695 0.092106454660540751 0.0081268070549178617 0.0073847770810999691 -0.055174260097211915 -0.15600429713551733 0.10873626122424938 -0.30123418129195162 0.055040698041656816 -0.0058805429522351465 0.099089990776761283 0.17198869559177654 0.028718421188125377 -0.13079770862223797 -0.071674930985815885 0.0040686656660071209 -0.1145309158822542 0.020613836824738031 0.00019425871563143461 -0.082067512979404011 0.0074894740458695715 -0.016736358685363939 0.099156663410065002 -0.059982982964025669 0.1856268420486373
leaf_weight=1245 190 102 648 1357 190 95 357 570 553 112 61 568 125 118 190 53 190 140 112 223 985 488 305 117002 591 548 941 657 357 275
leaf_count=1245 190 102 648 1357 190 95 357 570 553 112 61 568 125 118 190 53 190 140 112 223 985 488 305 117002 591 548 941 657 357 275
internal_value=2.62857e-05 -0.00365627 6.50386e-05 -0.00172515 0.000139781 0.000117581 0.000151879 0.00704678 0.000103338 0.00871648 0.00131579 -0.000899844 0.00436078 -0.00838028 -0.0109211 -0.00560606 0.0171053 -0.00578471 -0.00152174 -0.00476608 -0.00157285 -0.00778689 -0.00177596 6.61573e-05 -0.00437063 0.000108532 0.00341973 0.00779804 0.00271186 0.00841434
internal_weight=129348 1347 128001 5130 122871 122681 122301 855 121446 522 2565 1917 923 355 380 165 285 994 230 2565 1208 854 366 120924 1144 119780 2778 1837 1180 823
internal_count=129348 1347 128001 5130 122871 122681 122301 855 121446 522 2565 1917 923 355 380 165 285 994 230 2565 1208 854 366 120924 1144 119780 2778 1837 1180 823
is_linear=0
shrinkage=0.05


Tree=133
num_leaves=31
num_cat=0
split_feature=8 9 1 11 9 11 11 8 9 11 10 3 1 9 9 9 9 9 11 9 3 10 9 3 8 11 1 11 4 7
split_gain=7.00371 24.8031 27.2077 24.0427 21.4267 27.959 26.2241 17.7201 27.2093 22.6714 20.5109 68.5425 21.128 19.9454 17.209 32.1429 26.0184 27.9914 16.4776 16.4302 15.4578 15.2901 42.934 42.7084 41.7471 35.6218 22.9425 22.3931 23.7778 21.344
threshold=24.450000000000003 14.060937500000003 1.5000000000000002 0.96159218389975776 17.422656250000003 1.0015760182812448 1.0052470737456287 22.350000000000005 15.938020833333335 0.84918515311012011 1.0000000180025095e-35 -0.12546116083924153 2.5000000000000004 15.127864583333336 14.627864583333336 14.300520833333335 14.777604166666668 15.127864583333336 0.99352454386796529 15.938020833333335 -0.27694604220087021 1.0000000180025095e-35 12.070312500000002 0.20180702842483325 20.200000000000006 1.0114098712100164 2.5000000000000004 1.0292706579118427 0.9989598388634241 12.662500000000003
decision_type=2 2 2 2 2 2 2 2 2 2 2 2 2 2 2 2 2 2 2 2 2 2 2 2 2 2 2 2 2 2
left_child=1 3 14 -1 5 -2 -7 10 -9 -10 11 -4 -13 20 15 -3 -16 -18 19 -19 -12 22 23 25 27 -5 -27 28 -24 -26
right_child=4 2 7 21 -6 6 -8 8 9 -11 13 12 -14 -15 16 -17 17 18 -20 -21 -22 -23 24 -25 29 26 -28 -29 -30 -31
leaf_value=-0.053088588561536199 -0.12836712910136613 0.076088742465999115 -0.019523253302102719 0.097786112493609786 -0.0005638347338177141 0.19611529474878325 -0.019876472409660551 -0.049804038714943745 -0.25394897495249397 0.016129101956309455 0.035687834356748029 0.048509801401968394 0.12867778791129467 0.035218697820243963 0.090660286029407192 -0.05684695312600923 -0.060450399239729793 0.089555190704756177 -0.010390977178822425 0.0069733406445323005 -0.019046919993172651 -0.0083658483732506287 -0.019570155862952989 0.10379967741505568 0.074702299829078819 -0.051592261120130448 0.029120836924658278 -0.055775001829795202 0.13040368896239726 -0.0021941364320156253
leaf_weight=960 384 96 768 288 98533 96 864 384 96 4319 288 480 1056 1152 288 576 480 384 1248 672 1056 8160 1728 960 615 672 864 1056 192 633
leaf_count=960 384 96 768 288 98533 96 864 384 96 4319 288 480 1056 1152 288 576 480 384 1248 672 1056 8160 1728 960 615 672 864 1056 192 633
internal_value=3.44033e-05 0.000711717 0.00230645 -0.000607639 -0.000165454 -0.00643601 -0.001875 0.00371653 0.00156804 0.00267837 0.00586458 0.00926649 0.0153646 0.00272436 -0.00130876 -0.00855655 0.000276693 -0.0012033 0.00108507 0.00568182 -0.00141369 -0.000121967 0.00159104 0.00641164 -0.00158617 0.00191886 -0.00110677 -0.00480511 -0.00158854 0.00608974
internal_weight=129348 29471 13343 16128 99877 1344 960 9599 4799 4415 4800 2304 1536 2496 3744 672 3072 2784 2304 1056 1344 15168 7008 2784 4224 1824 1536 2976 1920 1248
internal_count=129348 29471 13343 16128 99877 1344 960 9599 4799 4415 4800 2304 1536 2496 3744 672 3072 2784 2304 1056 1344 15168 7008 2784 4224 1824 1536 2976 1920 1248
is_linear=0
shrinkage=0.05


Tree=134
num_leaves=31
num_cat=0
split_feature=11 11 9 1 3 9 3 1 0 11 3 3 8 8 8 9 9 3 8 1 9 10 9 1 1 1 1 7 0 3
split_gain=6.98927 21.2272 19.9774 11.7789 17.0956 10.3134 16.1502 12.8403 29.9009 10.2934 8.85503 8.37017 40.2041 23.2362 18.0007 23.751 13.6367 17.3757 16.2522 18.5251 19.6681 16.2255 14.6701 14.0009 20.4734 13.5957 12.142 11.6806 11.3084 10.8274
threshold=0.80519389663381347 0.82284707828887094 28.518489583333338 2.5000000000000004 -0.15101209918632377 27.401302083333334 -0.67803021058859214 1.5000000000000002 39.500000000000007 0.78920070979102952 0.75014288946266361 -0.96902457013955734 33.050000000000004 31.550000000000004 34.650000000000013 27.252864583333338 26.585416666666671 -0.99166060804803513 28.950000000000003 4.5000000000000009 25.992708333333336 1.0000000180025095e-35 26.352343750000006 1.5000000000000002 5.5000000000000009 2.5000000000000004 1.5000000000000002 25.812500000000004 26.500000000000004 -0.17647087149565668
decision_type=2 2 2 2 2 2 2 2 2 2 2 2 2 2 2 2 2 2 2 2 2 2 2 2 2 2 2 2 2 2
left_child=5 2 3 4 -2 6 7 8 -1 10 -7 12 13 16 15 26 17 18 28 25 -21 22 -19 -18 -25 -20 -14 -28 -3 -13
right_child=1 11 -4 -5 -6 9 -8 -9 -10 -11 -12 29 14 -15 -16 -17 23 21 19 20 -22 -23 -24 24 -26 -27 27 -29 -30 -31
leaf_value=0.070593326124718206 -0.056980891817006808 -0.044823237425845264 -0.035471138716406614 0.084733498627070969 0.097690605964441346 -0.06258479017452033 0.027893003614168067 -0.085818870709312031 -0.062613135896805977 -0.16610419796382275 0.041892260544369724 0.0053254636469041829 -0.03901701638925488 -0.04866287187766432 -0.00372188275133567 0.13720607954270606 -0.089596427407513349 -0.10344323476656712 0.038232586691557914 0.031174986438514199 -0.10859864138607733 0.0010856288994226305 0.0028864012238770443 0.0083632217852240842 -0.10461286449970189 0.13371006326643312 0.059791269310521505 -0.0064938778555514894 0.00042840140401523286 -0.0015854321776572534
leaf_weight=120 96 135 288 664 94 384 960 288 168 192 192 45372 192 1920 576 480 384 384 768 288 192 1056 192 864 288 288 144 144 345 71890
leaf_count=120 96 135 288 664 94 384 960 288 168 192 192 45372 192 1920 576 480 384 384 768 288 192 1056 192 864 288 288 144 144 345 71890
internal_value=3.82689e-05 8.77649e-05 0.00687391 0.0107143 -0.000263158 -0.00269097 -0.000325521 -0.00694444 0.000520833 -0.00742188 -0.00407986 2.62109e-05 -0.00147569 -0.00306166 0.00585938 0.0100521 -0.00132137 0.000342654 0.00344742 0.00595703 -0.0021875 -0.00349265 -0.0102431 -0.00527344 -0.00251736 0.00965909 0.0021875 0.00868056 -0.00458333 0.000136873
internal_weight=129348 127044 1142 854 190 2304 1536 576 288 768 576 125902 8640 7104 1536 960 5184 3648 2016 1536 480 1632 576 1536 1152 1056 480 288 480 117262
internal_count=129348 127044 1142 854 190 2304 1536 576 288 768 576 125902 8640 7104 1536 960 5184 3648 2016 1536 480 1632 576 1536 1152 1056 480 288 480 117262
is_linear=0
shrinkage=0.05


Tree=135
num_leaves=31
num_cat=0
split_feature=0 10 0 0 3 11 3 8 9 11 8 8 8 7 10 0 4 3 8 3 8 0 3 4 8 9 9 4 11 8
split_gain=7.1347 10.1127 9.91388 12.1033 19.3458 15.6818 12.0007 15.9596 14.8861 13.2635 12.6884 11.6351 10.9903 10.9033 10.3177 15.0099 14.6545 12.6533 10.7343 17.4101 12.0139 12.0614 11.1514 10.3115 11.0924 15.2647 10.9239 14.3223 11.0701 10.5341
threshold=93.500000000000014 1.0000000180025095e-35 74.500000000000014 60.500000000000007 0.41398981800788198 1.1338093104982068 -0.0053757284505435614 19.150000000000002 13.209375 1.078728888014248 38.650000000000013 43.20000000000001 44.000000000000007 36.712500000000013 1.0000000180025095e-35 66.500000000000014 -0.039769286347669845 -0.99166060804803513 32.750000000000007 -0.46801505794253101 26.650000000000002 71.500000000000014 -0.69057362043749781 0.66367808336324663 29.450000000000003 22.358333333333338 22.971614583333338 0.34033495509342487 1.0221204649632492 29.050000000000004
decision_type=2 2 2 2 2 2 2 2 2 2 2 2 2 2 2 2 2 2 2 2 2 2 2 2 2 2 2 2 2 2
left_child=2 -2 3 12 5 13 7 9 -9 -4 23 -6 -1 14 17 16 -16 -5 19 22 21 -21 -19 24 26 -26 28 -28 -10 -29
right_child=1 -3 6 4 11 -7 -8 8 10 -11 -12 -13 -14 -15 15 -17 -18 18 -20 20 -22 -23 -24 -25 25 -27 27 29 -30 -31
leaf_value=-0.00022736483686713882 0.039446067358291974 -0.00012383515848526371 0.063936349801912942 0.11643337790039539 0.024530865558986648 0.080878310959160871 -0.014176151527539106 -0.053830622792438734 -0.046786297719202709 -0.0057564613945515937 0.12687663033096472 0.25225198548543232 -0.069295168431612805 -0.060838055816466868 -0.020076301767744553 -0.023031209805035504 0.030519420259627596 -0.0071099134985146868 0.057157505025149651 0.050019373963198888 0.15430897443025629 -0.050589057734251243 -0.059018963735911006 0.0093015468068585964 0.12433844655205491 -0.0031065477563274159 -0.033818654349866507 0.080846567589718893 0.063242846811650114 -0.04183130753954032
leaf_weight=81961 1134 1560 456 182 6487 518 13031 152 475 285 95 84 244 524 1401 3764 1356 1162 1342 1012 196 276 546 2375 95 7609 741 114 76 95
leaf_count=81961 1134 1560 456 182 6487 518 13031 152 475 285 95 84 244 524 1401 3764 1356 1162 1342 1012 196 276 546 2375 95 7609 741 114 76 95
internal_value=3.36302e-05 0.00257981 -2.05284e-05 0.000202118 0.00134483 0.00017306 -0.000899449 0.000202896 -0.000243088 0.00732119 -4.06852e-05 0.00353447 -5.99112e-05 -0.000201939 0.000126813 -0.00116163 0.00164128 0.0019084 0.0013895 -0.00018797 0.00377358 0.00201863 -0.00362998 -0.000189983 -0.000947854 -0.000181724 -0.00488008 -0.00163158 -0.0104809 0.00992823
internal_weight=129348 2694 126654 101055 18850 12279 25599 12568 11827 741 11675 6571 82205 11761 11237 6521 2757 4716 4534 3192 1484 1288 1708 11580 9205 7704 1501 950 551 209
internal_count=129348 2694 126654 101055 18850 12279 25599 12568 11827 741 11675 6571 82205 11761 11237 6521 2757 4716 4534 3192 1484 1288 1708 11580 9205 7704 1501 950 551 209
is_linear=0
shrinkage=0.05


Tree=136
num_leaves=31
num_cat=0
split_feature=11 11 9 1 3 9 8 7 0 11 4 11 8 7 4 3 8 8 8 9 5 0 9 3 11 11 4 9 3 3
split_gain=7.01305 19.325 17.7497 11.7776 15.9045 9.47938 15.0975 15.8084 15.0739 13.3653 11.2344 10.6984 9.41034 11.11 8.16753 7.75642 37.4154 20.6335 17.0085 22.5094 13.7812 10.8936 11.5183 14.8461 13.6967 24.1429 12.9018 10.6667 10.1633 27.0909
threshold=0.80519389663381347 0.82284707828887094 28.518489583333338 2.5000000000000004 -0.15101209918632377 27.401302083333334 30.750000000000004 25.712500000000006 76.500000000000014 0.7641759112864478 0.7254836971458194 0.78920070979102952 27.250000000000004 12.837500000000004 -0.65883892954715351 -0.96902457013955734 33.050000000000004 31.550000000000004 34.650000000000013 27.252864583333338 1.0000000180025095e-35 11.500000000000002 26.585416666666671 -0.9954993026558282 0.98064404989197518 0.92664623957318337 1.0000000180025095e-35 25.482812500000005 -0.17647087149565668 -0.24372957273992746
decision_type=2 2 2 2 2 2 2 2 2 2 2 2 2 2 2 2 2 2 2 2 2 2 2 2 2 2 2 2 2 2
left_child=5 2 3 4 -2 6 7 8 9 12 -10 14 13 -1 -7 16 17 20 19 -18 21 27 23 26 25 -24 -23 -3 29 -17
right_child=1 15 -4 -5 -6 11 -8 -9 10 -11 -12 -13 -14 -15 -16 28 18 -19 -20 -21 -22 22 24 -25 -26 -27 -28 -29 -30 -31
leaf_value=-0.17396031291197006 -0.05412047898431354 -0.068812094654271766 -0.033686213538742751 0.080742422973916927 0.092889423481049255 -0.19411079069186885 0.075723462124007324 -0.069801739705283694 -0.09732794145427022 0.079665314180813601 0.027514487986881875 -0.15778761982378883 -0.075832647099245074 0.04119144540735889 0.0029839327087458401 0.0027169118027828179 0.0088744381473730982 -0.045867785213165035 -0.003524420371925885 0.1302887285037464 0.043071358057006397 0.099051186352838272 0.057386433401550363 -0.010740825796959542 -0.01295581255538707 -0.14295379592567273 0.0057955578965056993 -0.027910756526459579 -0.0014274311237066684 0.03469977860434597
leaf_weight=51 96 120 288 664 94 192 288 357 150 124 76 192 122 368 384 42142 480 1920 576 480 384 336 84 2016 1008 252 504 480 71890 3230
leaf_count=51 96 120 288 664 94 192 288 357 150 124 76 192 122 368 384 42142 480 1920 576 480 384 336 84 2016 1008 252 504 480 71890 3230
internal_value=4.29075e-05 9.24876e-05 0.00656743 0.0101874 -0.000789474 -0.00269097 -0.000423177 -0.00280449 0.000757576 0.00454887 -0.0103982 -0.00722656 0.00115527 0.0047136 -0.00381944 3.37564e-05 -0.00141204 -0.002942 0.00566406 0.00973958 -0.00130208 -0.00203125 -0.00113095 0.000665266 -0.00494792 -0.0136905 0.00625 -0.00833333 0.000140284 0.000726219
internal_weight=129348 127044 1142 854 190 2304 1536 1248 891 665 226 768 541 419 576 125902 8640 7104 1536 960 5184 4800 4200 2856 1344 336 840 600 117262 45372
internal_count=129348 127044 1142 854 190 2304 1536 1248 891 665 226 768 541 419 576 125902 8640 7104 1536 960 5184 4800 4200 2856 1344 336 840 600 117262 45372
is_linear=0
shrinkage=0.05


Tree=137
num_leaves=31
num_cat=0
split_feature=3 7 1 1 3 11 1 11 0 0 8 11 7 0 0 0 4 3 8 8 8 3 8 1 3 1 11 10 0 7
split_gain=6.922 22.2194 23.5752 13.1509 12.8084 40.9925 33.1971 35 26.6572 26.4616 22.451 22.6452 20.5458 15.9691 20.8636 20.1994 15.1613 14.3429 62.6517 29.7273 28.5054 22.5277 20.5013 19.5004 15.1093 13.771 17.777 20.5944 29.0026 24.2365
threshold=0.99939377080793557 29.112500000000004 3.5000000000000004 2.5000000000000004 0.95998215779580554 0.95583780249162331 2.5000000000000004 0.95693658795603842 17.500000000000004 82.500000000000014 29.750000000000004 1.0118133182750044 36.412500000000016 47.500000000000007 69.500000000000014 84.500000000000014 0.17435360825960186 0.87397152483179585 26.750000000000004 30.750000000000004 30.950000000000003 0.9053161325100999 29.650000000000002 4.5000000000000009 0.88220160189607266 2.5000000000000004 1.0916629031903622 1.0000000180025095e-35 20.500000000000004 29.912500000000005
decision_type=2 2 2 2 2 2 2 2 2 2 2 2 2 2 2 2 2 2 2 2 2 2 2 2 2 2 2 2 2 2
left_child=4 3 -3 -2 17 -6 8 -8 -7 12 -9 -12 -10 -13 16 -16 -15 25 23 22 -21 -22 24 -19 -20 26 -1 29 -29 -28
right_child=1 2 -4 -5 5 6 7 10 9 -11 11 13 -14 14 15 -17 -18 18 19 20 21 -23 -24 -25 -26 -27 27 28 -30 -31
leaf_value=-0.0016901130796625808 -0.015684277237833302 0.082306920609730841 -0.070450404799024119 -0.094419609313958833 -0.055924032772153964 0.078965536122925076 0.12660868319769633 0.0262428766183362 0.0046446070483469274 0.084896011854922904 -0.097228771989306753 -0.026316655444193773 0.14465545284243361 0.087312073122060962 -0.074300758815616069 0.02770558079133565 -0.029752676667312274 0.044699605548740355 -0.11435068577384372 0.092362459404087369 -0.11239016882848461 -0.013105572306919555 -0.09377162451089234 -0.010703210712176059 -0.0033487834957554698 0.0039055256687646534 0.067453225726293906 -0.11052433916900953 -0.026613203952335598 -0.04971717686174984
leaf_weight=42781 480 278 62 332 576 630 192 768 2099 455 192 1488 176 528 465 341 154 1440 192 192 670 2976 672 576 477 66028 500 609 2175 844
leaf_count=42781 480 278 62 332 576 630 192 768 2099 455 192 1488 176 528 465 341 154 1440 192 192 670 2976 672 576 477 66028 500 609 2175 844
internal_value=3.9042e-05 -0.00381944 0.00691176 -0.00831281 7.37152e-05 0.00200273 0.00299145 -1.21124e-05 0.00668155 0.00454212 -0.00102896 -0.00288826 0.00234066 -0.00181452 0.00184812 -0.00359801 0.00828446 -5.5772e-05 -0.00222029 -0.0051313 -0.00289213 -0.00388097 -0.0115399 0.00525794 -0.0053438 8.21254e-05 -0.000572918 -0.0037064 -0.0061602 0.00137649
internal_weight=129348 1152 340 812 128196 8064 7488 4128 3360 2730 3936 3168 2275 2976 1488 806 682 120132 7195 5179 3838 3646 1341 2016 669 112937 46909 4128 2784 1344
internal_count=129348 1152 340 812 128196 8064 7488 4128 3360 2730 3936 3168 2275 2976 1488 806 682 120132 7195 5179 3838 3646 1341 2016 669 112937 46909 4128 2784 1344
is_linear=0
shrinkage=0.05


Tree=138
num_leaves=31
num_cat=0
split_feature=11 11 1 9 1 1 11 3 6 11 11 3 11 10 0 0 8 3 0 9 0 3 9 0 4 8 8 11 0 11
split_gain=6.81558 18.7826 16.1884 8.33681 13.1276 13.6813 10.8351 8.00833 7.95609 11.0054 9.24906 9.25174 9.19119 8.40894 26.1517 45.0908 37.6384 41.1252 37.9858 26.9164 25.608 28.6698 23.6981 26.0241 24.7282 32.7795 22.1942 20.492 18.283 19.8954
threshold=0.80519389663381347 0.82284707828887094 4.5000000000000009 27.401302083333334 1.5000000000000002 4.5000000000000009 0.78920070979102952 0.66527693225344786 1.0000000180025095e-35 1.1649345393363679 1.1538549292311382 0.70290292807158605 1.1338093104982068 1.0000000180025095e-35 17.500000000000004 63.500000000000007 38.150000000000013 0.74443451080969758 54.500000000000007 14.9234375 43.500000000000007 0.97875492728876534 32.651041666666671 23.500000000000004 0.95436825032516992 17.550000000000004 16.300000000000001 0.83812870703902109 72.500000000000014 1.0959530445469128
decision_type=2 2 2 2 2 2 2 2 2 2 2 2 2 2 2 2 2 2 2 2 2 2 2 2 2 2 2 2 2 2
left_child=3 2 -2 4 -1 7 -5 -6 10 12 13 -12 -10 14 19 16 17 -16 -18 -3 -19 -22 24 -24 25 -15 -26 -17 -29 -30
right_child=1 8 -4 6 5 -7 -8 -9 9 -11 11 -13 -14 22 15 27 18 20 -20 -21 21 -23 23 -25 26 -27 -28 28 29 -31
leaf_value=0.018479807832031271 0.01948217866562061 0.038691186532101088 0.074403522702844782 -0.026345073406625376 -0.084038847137778566 0.039105158838285803 -0.14427873039117572 0.16932650646097613 0.0088470368947824347 0.084294936533481038 -0.032674403454067406 0.054270425008823509 -0.095319824740307979 0.08944530691291136 -0.011591588187567226 -0.18517485164345546 0.074100278863726041 -0.090286905639044346 -0.0886747809062257 0.0093824617023940959 -0.040205358851009267 0.045267131873240635 -0.088382622258362895 -0.026026253779996011 0.011354904580691284 0.00054888357906932581 -0.020639254095129192 0.045908529701537762 0.010656982229368596 -0.046207717790620967
leaf_weight=768 758 1692 384 576 384 288 192 96 6237 288 2400 192 96 288 16974 128 2738 1898 664 7596 1038 420 882 2603 1344 57242 4800 4608 10762 1012
leaf_count=768 758 1692 384 576 384 288 192 96 6237 288 2400 192 96 288 16974 128 2738 1898 664 7596 1038 420 882 2603 1344 57242 4800 4608 10762 1012
internal_value=4.75462e-05 9.64233e-05 0.00647986 -0.00264757 -0.000520833 -0.00514323 -0.00690104 -0.0103125 3.8522e-05 0.00172557 -5.51219e-05 -0.00300926 0.00129086 1.0498e-05 0.000504745 -4.72144e-05 -0.0014432 -0.00225775 0.00342446 0.00289621 -0.00731526 -0.00233196 -0.000354011 -0.00436872 -0.000134278 0.000187728 -0.00314941 0.00195942 0.00211513 0.00107015
internal_weight=129348 127044 1142 2304 1536 768 768 480 125902 6621 119281 2592 6333 116689 49530 40242 23732 20330 3402 9288 3356 1458 67159 3485 63674 57530 6144 16510 16382 11774
internal_count=129348 127044 1142 2304 1536 768 768 480 125902 6621 119281 2592 6333 116689 49530 40242 23732 20330 3402 9288 3356 1458 67159 3485 63674 57530 6144 16510 16382 11774
is_linear=0
shrinkage=0.05


Tree=139
num_leaves=31
num_cat=0
split_feature=3 7 1 1 3 11 11 1 0 0 7 8 11 9 4 11 8 0 10 7 8 4 7 3 8 8 8 3 8 1
split_gain=6.93865 19.8659 22.2515 12.9341 12.4199 38.6539 31.3729 32.744 23.1713 25.2354 20.8166 19.0664 31.8897 24.6381 18.2536 16.6736 14.0028 13.3025 12.8181 17.4545 15.1644 17.13 14.2034 12.3847 57.5869 27.5244 25.6173 21.0538 19.5317 17.5018
threshold=0.99939377080793557 28.612500000000004 3.5000000000000004 2.5000000000000004 0.95998215779580554 0.95583780249162331 0.96717358864259573 2.5000000000000004 17.500000000000004 84.500000000000014 36.412500000000016 22.750000000000004 1.0118133182750044 24.729427083333338 -0.15101602693478741 1.0819350045148084 35.850000000000001 49.500000000000007 1.0000000180025095e-35 26.887500000000006 36.250000000000007 0.1573897509163161 28.912500000000005 0.87397152483179585 26.750000000000004 30.750000000000004 30.950000000000003 0.9053161325100999 29.650000000000002 4.5000000000000009
decision_type=2 2 2 2 2 2 2 2 2 2 2 2 2 2 2 2 2 2 2 2 2 2 2 2 2 2 2 2 2 2
left_child=4 3 -3 -2 23 -6 -7 8 -8 10 18 -9 -13 15 16 -14 -15 -18 22 -20 21 -21 -10 -1 29 28 -27 -28 -26 -25
right_child=1 2 -4 -5 5 6 7 11 9 -11 -12 12 13 14 -16 -17 17 -19 19 20 -22 -23 -24 24 25 26 27 -29 -30 -31
leaf_value=0.00051444846093602343 -0.015025800725094031 0.071329249031610684 -0.070794120579910927 -0.09155780114900694 -0.053966992286236609 0.097308198028754594 0.068524172233796324 0.088746538298819649 -0.053244113342196898 0.087331372356747761 0.13798964525447133 -0.081050482648250016 0.097104182386780036 0.052681726324034631 -0.041317061396167531 0.005015211555823385 -0.052839022071090369 0.032655498767886829 0.037612560381752758 0.076792199907080069 -0.091701486188319595 -0.11784509949389275 0.011709801673967492 0.042109022046452796 -0.035613268869944648 0.087268619148606064 -0.102710672893393 -0.012048204648023387 -0.089110487464301266 -0.0100609969476956
leaf_weight=112937 465 299 66 322 576 576 594 96 381 363 176 288 384 384 1248 768 300 276 583 392 284 124 271 1440 669 192 670 2976 672 576
leaf_count=112937 465 299 66 322 576 576 594 96 381 363 176 288 384 384 1248 768 300 276 583 392 284 124 271 1440 669 192 670 2976 672 576
internal_value=4.36806e-05 -0.00381944 0.00582192 -0.00829098 7.83956e-05 0.00197793 0.00293803 0.00200376 0.00574495 0.00369075 0.00168476 -0.00116186 -0.00174068 -0.000372024 -0.00346467 0.00555556 0.00171875 -0.00321181 0.000257985 0.00298265 -0.0018125 0.00329457 -0.00552147 -4.91126e-05 -0.00206046 -0.00485132 -0.00269672 -0.00363412 -0.0110179 0.00510913
internal_weight=129348 1152 365 787 128196 8064 7488 6912 3168 2574 2211 3744 3648 3360 2208 1152 960 576 2035 1383 800 516 652 120132 7195 5179 3838 3646 1341 2016
internal_count=129348 1152 365 787 128196 8064 7488 6912 3168 2574 2211 3744 3648 3360 2208 1152 960 576 2035 1383 800 516 652 120132 7195 5179 3838 3646 1341 2016
is_linear=0
shrinkage=0.05


Tree=140
num_leaves=31
num_cat=0
split_feature=0 0 0 3 11 8 3 8 9 7 0 3 4 11 11 3 11 11 8 3 1 0 0 4 0 4 0 10 3 10
split_gain=7.14773 9.62029 10.8534 18.4521 15.0521 11.0188 10.7067 13.2068 12.4877 12.1559 12.4238 11.8531 11.6046 11.2324 10.6149 16.8614 15.2154 10.3917 10.21 9.72959 12.852 9.44315 13.0672 13.125 36.3064 54.0738 34.9123 33.7806 38.7913 25.3242
threshold=93.500000000000014 74.500000000000014 60.500000000000007 0.41398981800788198 1.1338093104982068 43.20000000000001 -0.0053757284505435614 19.150000000000002 13.209375 32.412500000000016 76.500000000000014 -0.96902457013955734 -0.84313311835787952 1.078728888014248 1.0267603807040537 -0.91246704667116951 1.0230935316253413 1.1500756134737387 44.000000000000007 -0.18492532721306487 4.5000000000000009 36.500000000000007 8.5000000000000018 -0.46800559042974538 16.500000000000004 -0.26867065956352881 23.500000000000004 1.0000000180025095e-35 0.74443451080969758 1.0000000180025095e-35
decision_type=2 2 2 2 2 2 2 2 2 2 2 2 2 2 2 2 2 2 2 2 2 2 2 2 2 2 2 2 2 2
left_child=1 2 18 4 -4 -5 7 13 -9 10 11 -10 17 -3 16 -16 -14 19 21 -12 -21 22 -1 26 25 -25 -24 28 -26 -27
right_child=-2 6 3 5 -6 -7 -8 8 9 -11 12 -13 14 -15 15 -17 -18 -19 -20 20 -22 -23 23 24 27 29 -28 -29 -30 -31
leaf_value=-0.0051839716546794538 0.012713012506771549 0.060075890386815448 -0.0018155342756003279 0.023223715711399962 0.076842506659622251 0.23807562126258974 -0.013871862916562351 -0.049976974160937715 -0.13581364593229212 0.11104008417404856 -0.042789157293654512 -0.019054214684495464 0.0091562507889570103 -0.0051142400719939481 -0.061014167332824346 0.0042472929568774026 0.064241860228324302 0.15267027552979187 -0.068197270450882294 0.057209052235322133 -0.082874441610039193 -0.0059830539998216642 -0.0013254896356052371 -0.079748500548179641 -0.015442515082091291 0.038532252120280934 0.041771392635465081 0.0044588670018647749 -0.079517332605321664 0.0060246689801935821
leaf_weight=12096 2694 456 11761 6487 518 84 13031 152 196 148 1791 980 5814 285 493 1309 255 75 244 435 179 32229 8036 584 5420 2552 6976 9280 1460 3328
leaf_count=12096 2694 456 11761 6487 518 84 13031 152 196 148 1791 980 5814 285 493 1309 255 75 244 435 179 32229 8036 584 5420 2552 6976 9280 1460 3328
internal_value=4.98655e-05 -4.34254e-06 0.000214982 0.00129708 0.0001527 0.00343555 -0.000870151 0.000171069 -0.000234633 -4.92505e-05 -0.000232064 -0.00510204 0.000321225 0.00664642 0.00126096 -0.00210877 0.00226149 -0.00266129 -3.31488e-05 -0.00323285 0.0021987 -2.74521e-06 0.000429301 0.000888777 0.000128182 0.00329517 0.00203504 -0.00113861 -0.0037936 0.00473639
internal_weight=129348 126654 101055 18850 12279 6571 25599 12568 11827 11675 11527 1176 10351 741 7871 1802 6069 2480 82205 2405 614 81961 49732 37636 22624 6464 15012 16160 6880 5880
internal_count=129348 126654 101055 18850 12279 6571 25599 12568 11827 11675 11527 1176 10351 741 7871 1802 6069 2480 82205 2405 614 81961 49732 37636 22624 6464 15012 16160 6880 5880
is_linear=0
shrinkage=0.05


Tree=141
num_leaves=31
num_cat=0
split_feature=0 0 0 3 11 8 7 3 11 1 8 8 0 3 0 8 9 11 9 9 4 3 4 11 11 8 4 3 10 4
split_gain=6.74368 8.73872 9.80168 16.8304 13.0756 11.2154 9.99621 32.9569 27.3224 16.5732 13.6692 14.4551 26.4116 15.4571 14.6749 13.3235 20.2248 19.6622 16.8005 16.298 13.7121 13.0284 42.128 24.5221 17.4435 17.1689 15.9374 28.4705 22.6773 40.7759
threshold=93.500000000000014 74.500000000000014 60.500000000000007 0.41398981800788198 1.1338093104982068 43.20000000000001 30.412500000000005 -0.95754239937548935 1.1423394090148442 5.5000000000000009 44.000000000000007 40.350000000000001 55.500000000000007 0.21022171450811275 23.500000000000004 39.550000000000004 34.42239583333334 1.0610300454257775 34.057291666666679 33.875000000000007 -0.98801846520836312 -0.159513159777915 -0.96234030595689413 1.1102543501962845 1.172278468731752 34.95000000000001 -0.091258822863740666 -0.8821812062722818 1.0000000180025095e-35 -0.022575793296316496
decision_type=2 2 2 2 2 2 2 2 2 2 2 2 2 2 2 2 2 2 2 2 2 2 2 2 2 2 2 2 2 2
left_child=1 2 6 4 -4 -5 21 -8 9 10 11 15 13 -13 -15 16 20 18 -17 -19 -9 22 23 -1 -23 26 27 -24 29 -28
right_child=-2 -3 3 5 -6 -7 7 8 -10 -11 -12 12 -14 14 -16 17 -18 19 -20 -21 -22 24 25 -25 -26 -27 28 -29 -30 -31
leaf_value=0.096544603074929125 0.012077361881433291 -0.0047292826527240098 -0.0017247575618199564 0.022062529925830177 0.073000381326640704 0.22617184019945996 -0.058818391638077117 -0.074215969914541088 -0.086457191445668977 0.03780889452185221 -0.12665330808236064 0.21816280293939344 -0.13817825153832786 -0.043805995059490503 0.068229823757074828 0.0024633561965629273 0.21919427783948039 -0.069175069416377258 -0.28210143666834003 0.096654899858705789 -0.0025650670681059752 -0.0030720538509079634 -0.033219096405952088 -0.10353480750455334 0.060295486495977005 0.078739065950912845 0.13066817340111642 0.0046522628201167036 0.016448309121122408 -0.0082798241907852347
leaf_weight=1051 2694 25599 11761 6487 518 84 1155 1408 1071 2488 162 203 230 187 1181 144 98 213 335 206 8927 33786 3403 82 504 516 244 8148 9443 7020
leaf_count=1051 2694 25599 11761 6487 518 84 1155 1408 1071 2488 162 203 230 187 1181 144 98 213 335 206 8927 33786 3403 82 504 516 244 8148 9443 7020
internal_value=4.87058e-05 -3.94776e-06 0.000205086 0.00123342 0.000140484 0.00327576 -3.07159e-05 -0.00107175 -0.000511778 1.26727e-05 -0.00068828 -0.000510204 0.00365075 0.00596754 0.00405702 -0.00117156 -0.000668552 -0.00701559 -0.0139353 0.000894988 -0.000882922 0.000261305 0.00102401 0.010481 -0.000403908 0.00065163 0.000486588 -0.000941477 0.00147393 -0.000626377
internal_weight=129348 126654 101055 18850 12279 6571 82205 18008 16853 15782 13294 13132 1801 1571 1368 11331 10433 898 479 419 10335 64197 29907 1133 34290 28774 28258 11551 16707 7264
internal_count=129348 126654 101055 18850 12279 6571 82205 18008 16853 15782 13294 13132 1801 1571 1368 11331 10433 898 479 419 10335 64197 29907 1133 34290 28774 28258 11551 16707 7264
is_linear=0
shrinkage=0.05


Tree=142
num_leaves=31
num_cat=0
split_feature=7 3 8 0 11 0 10 7 4 0 7 3 4 1 8 3 10 0 4 0 8 1 3 4 5 6 9 8 10 1
split_gain=7.14591 15.5024 14.3882 13.426 11.9722 6.79498 10.0596 13.4782 12.2998 9.09478 16.0314 11.422 25.0438 22.2618 20.739 12.5049 14.9813 29.975 27.6966 17.8131 24.2352 15.8076 23.147 13.6238 13.2065 13.6324 11.3227 11.1444 12.1411 11.5144
threshold=39.287500000000016 0.79904096188274243 41.550000000000004 53.500000000000007 1.0863116984423709 7.5000000000000009 1.0000000180025095e-35 28.112500000000004 0.99958851518450398 31.500000000000004 31.312500000000007 -0.8821812062722818 -0.26867065956352881 5.5000000000000009 33.050000000000004 0.75580964594513067 1.0000000180025095e-35 18.500000000000004 -0.48313741114591585 23.500000000000004 26.150000000000002 2.5000000000000004 0.96465729447553372 -0.31800055644052067 1.0000000180025095e-35 1.0000000180025095e-35 35.062239583333344 31.050000000000004 1.0000000180025095e-35 1.5000000000000002
decision_type=2 2 2 2 2 2 2 2 2 2 2 2 2 2 2 2 2 2 2 2 2 2 2 2 2 2 2 2 2 2
left_child=5 2 3 -2 -4 6 -1 8 -8 10 11 12 13 -7 27 24 17 23 -19 20 -18 22 -22 -17 26 -26 -13 -14 -29 -30
right_child=1 -3 4 -5 -6 9 7 -9 -10 -11 -12 15 14 -15 -16 16 19 18 -20 -21 21 -23 -24 -25 25 -27 -28 28 29 -31
leaf_value=0.0038546133413930764 -0.0038260243304904409 0.17134212005922222 -0.037439427793930946 -0.17606262605624468 0.080166969703184779 -0.082844522518784922 -0.0069484517447939709 -0.085426370989765132 -0.064001150654969058 -0.00057007781633515724 0.095778912633892335 0.012173782306555837 0.0037321854442097903 0.058432895829754021 0.080332757298509708 -0.037927021277705822 0.033187316449794939 0.034578552679035111 -0.098484730929444458 0.027936404545431517 -0.025392441492906672 -0.035369974745781012 0.029694834157623973 0.02947008084902052 -0.025150364810979653 0.044864807833933186 -0.045817091920634573 0.013432047605741815 0.0057725429888492389 -0.084998509866798605
leaf_weight=4536 333 147 404 620 254 816 5618 573 56 84450 652 19679 2184 144 456 363 432 297 936 1312 512 1259 432 693 914 96 268 312 168 432
leaf_count=4536 333 147 404 620 254 816 5618 573 56 84450 652 19679 2184 144 456 363 432 297 936 1312 512 1259 432 693 914 96 268 312 168 432
internal_value=3.74957e-05 -0.00312856 -0.00454687 -0.00847324 0.00113982 8.11192e-05 -0.00111982 -0.00242116 -0.00168312 0.000191983 0.00090475 0.000745151 -0.00158466 -0.00875 0.000351914 0.00113173 -0.000833868 -0.00405199 -0.00934712 0.00103243 -0.00133776 -0.00346119 0.00143008 0.00213068 0.00171661 -0.00386139 0.00199905 -0.00111434 -0.00575658 -0.00991667
internal_weight=129348 1758 1611 953 658 127590 10783 6247 5674 116807 32357 31705 4512 960 3552 27193 6236 2289 1233 3947 2635 2203 944 1056 20957 1010 19947 3096 912 600
internal_count=129348 1758 1611 953 658 127590 10783 6247 5674 116807 32357 31705 4512 960 3552 27193 6236 2289 1233 3947 2635 2203 944 1056 20957 1010 19947 3096 912 600
is_linear=0
shrinkage=0.05


Tree=143
num_leaves=31
num_cat=0
split_feature=3 11 11 1 0 0 7 8 11 10 4 7 0 10 3 8 1 7 8 8 11 11 9 8 11 3 11 8 8 11
split_gain=6.75459 47.3682 35.0349 30.9778 27.9575 22.9931 20.8558 17.9167 21.2323 17.9467 14.5564 14.8566 22.0015 14.2782 15.7242 14.3098 14.0009 13.8836 11.6314 11.6037 10.9486 42.4496 28.4367 35.9579 29.3048 23.7837 30.3269 18.1012 21.0959 27.9584
threshold=0.95998215779580554 0.94757355787554809 0.96717358864259573 2.5000000000000004 16.500000000000004 84.500000000000014 36.412500000000016 30.650000000000002 1.0118133182750044 1.0000000180025095e-35 0.22491561436810906 30.887500000000006 49.500000000000007 1.0000000180025095e-35 0.99466373373798567 27.350000000000005 5.5000000000000009 29.712500000000006 37.750000000000007 35.850000000000001 0.94187976625705427 0.95864859668410973 14.300520833333335 22.550000000000004 0.89600948955585458 -0.96902457013955734 0.95583780249162331 38.850000000000001 28.250000000000004 0.93155087118158786
decision_type=2 2 2 2 2 2 2 2 2 2 2 2 2 2 2 2 2 2 2 2 2 2 2 2 2 2 2 2 2 2
left_child=20 -2 -3 4 -4 6 13 9 -9 -5 11 -10 19 14 17 -15 -11 -6 -17 -13 22 25 -1 24 -24 -22 -27 28 29 -25
right_child=1 2 3 7 5 -7 -8 8 10 16 -12 12 -14 15 -16 18 -18 -19 -20 -21 21 -23 23 27 -26 26 -28 -29 -30 -31
leaf_value=-0.036699378636403428 -0.04567430288807231 0.077011005293444873 0.067838053671127344 -0.042085526280397551 -0.036864795373477935 0.076274705149376135 0.12946292464512368 -0.073056393145008516 -0.017772013159063248 0.012138990031874642 -0.073499856464318475 0.017740661889849463 0.070217383444665424 0.048075802027997841 -0.2276206603046127 0.016692679580974357 0.080757690273816254 0.028869895958178661 -0.10121471060937424 -0.11750458746625157 -0.095807447867903767 -0.00029489417122903206 0.0025497868978817451 -0.0042675113095057785 0.10509147813421507 -0.0082866224549235316 -0.089033877269741171 -0.072344843540379608 0.016228281602617047 -0.073868372382990086
leaf_weight=1056 960 864 595 96 399 385 176 288 2079 384 192 110 570 136 136 1201 192 196 136 121 480 89925 480 4320 672 4224 768 665 17062 480
leaf_count=1056 960 864 595 96 399 385 176 288 2079 384 192 110 570 136 136 1201 192 196 136 121 480 89925 480 4320 672 4224 768 665 17062 480
internal_value=4.09747e-05 0.00134549 0.00256783 0.00145427 0.005 0.00288427 0.00105042 -0.0015005 -0.00299107 0.00595238 -0.00177409 -0.000885417 0.00490012 -0.000272232 -0.00598495 0.0025628 0.00928819 -0.00247899 0.000991025 -0.00811688 -5.91017e-05 -0.000302158 0.00087831 0.00123633 0.00985243 -0.00457785 -0.00355569 0.000795712 0.00104291 -0.00188542
internal_weight=129348 9216 8256 7392 3360 2765 2380 4032 3360 672 3072 2880 801 2204 731 1473 576 595 1337 231 120132 95397 24735 23679 1152 5472 4992 22527 21862 4800
internal_count=129348 9216 8256 7392 3360 2765 2380 4032 3360 672 3072 2880 801 2204 731 1473 576 595 1337 231 120132 95397 24735 23679 1152 5472 4992 22527 21862 4800
is_linear=0
shrinkage=0.05


Tree=144
num_leaves=31
num_cat=0
split_feature=11 11 9 1 3 9 1 1 11 7 0 3 3 3 8 8 0 8 9 11 10 9 0 8 1 4 8 0 11 9
split_gain=6.76679 14.938 15.239 10.1419 12.1064 8.08355 11.1725 12.142 10.4275 7.78013 7.69144 7.67014 7.25208 7.1041 31.7346 23.7994 15.5491 14.7016 22.2042 14.5558 17.0673 12.551 12.0101 12.1562 11.0014 10.8539 10.2921 10.2692 16.388 12.1184
threshold=0.80519389663381347 0.82284707828887094 28.518489583333338 2.5000000000000004 -0.15101209918632377 27.401302083333334 1.5000000000000002 4.5000000000000009 0.78920070979102952 12.062500000000002 80.500000000000014 0.75014288946266361 0.66527693225344786 -0.96235977360714686 33.050000000000004 31.150000000000002 11.500000000000002 34.650000000000013 27.252864583333338 1.0891277928364806 1.0000000180025095e-35 25.482812500000005 55.500000000000007 30.750000000000004 1.5000000000000002 0.17435360825960186 30.550000000000004 40.500000000000007 0.97505701307780457 26.680729166666669
decision_type=2 2 2 2 2 2 2 2 2 2 2 2 2 2 2 2 2 2 2 2 2 2 2 2 2 2 2 2 2 2
left_child=5 2 3 4 -2 6 10 12 11 -9 -1 -7 -8 14 15 16 21 18 24 20 27 -3 23 25 -16 26 -18 -17 -29 -30
right_child=1 13 -4 -5 -6 8 7 9 -10 -11 -12 -13 -14 -15 17 19 22 -19 -20 -21 -22 -23 -24 -25 -26 -27 -28 28 29 -31
leaf_value=0.029989882533341474 -0.055752470202607186 -0.054037732271905274 -0.036831376746962262 0.072829033172777002 0.087507163834620635 -0.056381903635341506 -0.080780315007165635 -0.097719540169768498 -0.13104635912422183 0.083798033457642876 -0.02170888577898893 0.039499165392594196 0.16040921066947578 0.00083338318033057137 -0.041166781599763884 0.027535531290160977 0.0076492550428355344 -0.0060767455789864757 0.12098945989713741 0.014196501674435071 -0.0660922985933972 -0.020384239586163491 -0.01724454301181666 0.047593205024734436 0.036119140953569231 0.060033805733348801 -0.066866091011274165 -0.25930595382581317 -0.02797165035092064 0.082648301548817221
leaf_weight=648 96 144 288 664 94 384 384 65 192 223 120 192 96 116590 192 369 1540 576 480 384 1632 468 2040 528 288 88 88 110 275 110
leaf_count=648 96 144 288 664 94 384 384 65 192 223 120 192 96 116590 192 369 1540 576 480 384 1632 468 2040 528 288 88 88 110 275 110
internal_value=3.78823e-05 8.65842e-05 0.00577933 0.00913349 -0.00105263 -0.00264757 -0.000553385 -0.00481771 -0.00683594 0.00329861 0.00371094 -0.00347222 -0.0096875 3.49478e-05 -0.00129403 -0.00259131 -0.000469771 0.00527344 0.0090625 -0.00619792 -0.00759215 -0.00792484 0.000595238 0.00311943 0.00145833 0.00107809 0.000153563 -0.00190972 -0.00661616 -0.00175325
internal_weight=129348 127044 1142 854 190 2304 1536 768 768 288 768 576 480 125902 9312 7776 4896 1536 960 2880 2496 612 4284 2244 480 1716 1628 864 495 385
internal_count=129348 127044 1142 854 190 2304 1536 768 768 288 768 576 480 125902 9312 7776 4896 1536 960 2880 2496 612 4284 2244 480 1716 1628 864 495 385
is_linear=0
shrinkage=0.05


Tree=145
num_leaves=31
num_cat=0
split_feature=11 11 9 1 3 4 4 7 8 0 1 0 11 3 3 8 9 11 7 0 8 8 3 3 11 11 11 9 9 8
split_gain=6.43317 14.4982 13.9358 8.68406 11.1279 6.90935 19.1528 15.8424 26.2864 20.3606 15.7909 12.5991 19.5279 20.0746 29.1561 23.6023 17.7558 15.9969 14.5423 13.8495 13.1933 11.9949 11.6138 16.5025 12.2833 12.8501 15.0787 11.5229 11.3295 27.2595
threshold=0.80519389663381347 0.82284707828887094 28.518489583333338 2.5000000000000004 -0.15101209918632377 -0.91249077947840473 -0.89787881968372518 35.962500000000013 41.650000000000013 84.500000000000014 2.5000000000000004 20.500000000000004 1.103694758981794 -0.15101209918632377 -0.32614396506100213 34.250000000000007 31.589322916666671 0.888018781778247 31.712500000000006 29.500000000000004 33.350000000000001 40.95000000000001 0.26037272046371446 -0.065535378769913874 0.9510013064145737 0.96902556631768955 0.9796508072056479 27.912500000000005 27.501822916666672 31.350000000000005
decision_type=2 2 2 2 2 2 2 2 2 2 2 2 2 2 2 2 2 2 2 2 2 2 2 2 2 2 2 2 2 2
left_child=-1 2 3 4 -2 7 10 9 -9 11 -7 12 13 14 28 17 -17 -15 22 20 27 -21 23 -18 -25 -26 -27 -13 -3 -30
right_child=1 5 -4 -5 -6 6 -8 8 -10 -11 -12 19 -14 15 -16 16 18 -19 -20 21 -22 -23 -24 24 25 26 -28 -29 29 -31
leaf_value=-0.016568619511645722 -0.052964846692476898 -0.12581680693857039 -0.034989807909614257 0.06918758151413798 0.083131805642889134 -0.024463751389237134 0.00059722549041083548 -0.093025746140453697 0.14324514520076834 -0.042359952896606504 0.080322071387310956 0.083224743984976618 -0.069013832802205854 0.036871901029535081 0.078240160567688843 0.046146653999579713 -0.20034948901733005 -0.098665525470414656 0.11901700267874418 0.002313989718219034 0.056504706598238391 0.12998660633734005 -0.092161843826133349 -0.087485184695999862 0.11546614801072082 -0.14785379601215426 0.019473746279354033 -0.042767021041680668 0.078481976204198389 -0.075918080187040007
leaf_weight=2304 96 63 288 664 94 384 103514 2131 231 2371 1340 144 735 84 832 525 105 609 179 9331 1485 131 297 121 63 63 429 315 84 336
leaf_count=2304 96 63 288 664 94 384 103514 2131 231 2371 1340 144 735 84 832 525 105 609 179 9331 1485 131 297 121 63 63 429 315 84 336
internal_value=3.59495e-05 8.34357e-05 0.00569177 0.0088993 -0.000526316 3.2565e-05 0.000196697 -0.000803329 -0.00465707 -0.000305977 0.00542343 0.000337393 -0.00189503 -0.000448549 0.00454373 -0.00310101 -5.61167e-05 -0.0109307 -0.00328162 0.00122304 0.00506687 0.000433312 -0.0054731 -0.00227273 0.000591716 0.00373874 0.00101626 -0.00234205 -0.00522774 -0.0022619
internal_weight=129348 127044 1142 854 190 125902 105238 20664 2362 18302 1724 15931 4525 3790 1315 2475 1782 693 1257 11406 1944 9462 1078 781 676 555 492 459 483 420
internal_count=129348 127044 1142 854 190 125902 105238 20664 2362 18302 1724 15931 4525 3790 1315 2475 1782 693 1257 11406 1944 9462 1078 781 676 555 492 459 483 420
is_linear=0
shrinkage=0.05


Tree=146
num_leaves=31
num_cat=0
split_feature=0 9 7 3 8 0 3 7 1 1 3 11 1 11 3 3 0 8 8 0 0 7 3 0 11 11 9 8 11 3
split_gain=6.55696 6.31333 6.06837 14.2817 12.3299 8.18172 6.03886 19.8731 19.2095 11.1387 10.9821 35.3069 22.1608 29.1672 23.5425 25.8353 16.0192 18.1071 20.5714 24.1858 10.2207 10.0434 9.75451 8.67998 8.54358 26.52 26.0848 32.025 27.0036 25.7154
threshold=1.0000000180025095e-35 32.982031250000013 39.287500000000016 0.79904096188274243 41.350000000000001 53.500000000000007 0.99939377080793557 29.112500000000004 3.5000000000000004 2.5000000000000004 0.98667101781630195 0.95583780249162331 2.5000000000000004 0.95693658795603842 0.98802474685579866 0.9962888416657264 84.500000000000014 35.050000000000004 36.250000000000007 31.500000000000004 16.500000000000004 31.712500000000006 0.99274428880883148 18.500000000000004 0.93309361111522005 0.95864859668410973 14.300520833333335 22.550000000000004 0.89600948955585458 -0.96902457013955734
decision_type=2 2 2 2 2 2 2 2 2 2 2 2 2 2 2 2 2 2 2 2 2 2 2 2 2 2 2 2 2 2
left_child=1 -1 6 4 5 -4 10 9 -9 23 24 -12 16 -14 -15 22 17 20 21 -20 -13 -19 -16 -8 26 29 -2 28 -28 -26
right_child=2 -3 3 -5 -6 -7 7 8 -10 -11 11 12 13 14 15 -17 -18 18 19 -21 -22 -23 -24 -25 25 -27 27 -29 -30 -31
leaf_value=-0.014461605415452539 -0.034863841351678103 -0.13924074817360294 -0.014188716206990649 0.16271822833128483 0.0010919353160552703 -0.1830109525713276 0.024868377213274329 0.071921603780428708 -0.06161628879804866 -0.08206699248843706 -0.048416299481885264 0.087173272355467193 0.11187736012008714 0.08441216696492404 -0.029816463591020439 0.010091034441539649 0.14552274624237713 -0.16266866541703351 0.12592411614527421 -0.024749720693564115 0.05307591530333014 0.0010773413067504123 -0.088798723373956542 -0.037000938981145738 -0.087515767668844557 0.00052327129388061164 0.0015091150086391282 0.0069154219908128317 0.1007121844806548 -0.014027665321751216
leaf_weight=1250 1045 97 271 147 814 526 126 278 62 327 570 192 190 190 380 950 198 106 124 212 816 62 285 347 475 91041 475 20132 665 6995
leaf_count=1250 1045 97 271 147 814 526 126 278 62 327 570 192 190 190 380 950 198 106 124 212 816 62 285 347 475 91041 475 20132 665 6995
internal_value=3.67226e-05 -0.00343356 7.32416e-05 -0.00284414 -0.00420546 -0.0086261 0.000113868 -0.00350877 0.00661765 -0.0078125 0.000146879 0.00263743 0.0044197 0.000839599 -0.00112188 -0.0030805 0.00859649 0.00684524 -0.000892857 0.00625 0.0107143 -0.0151786 -0.0106391 -0.00290698 5.87612e-05 -0.000141355 0.000942107 0.00132099 0.00947368 -0.00300535
internal_weight=129348 1347 128001 1758 1611 797 126243 1140 340 800 125103 4275 3705 1995 1805 1615 1710 1512 504 336 1008 168 665 473 120828 98511 22317 21272 1140 7470
internal_count=129348 1347 128001 1758 1611 797 126243 1140 340 800 125103 4275 3705 1995 1805 1615 1710 1512 504 336 1008 168 665 473 120828 98511 22317 21272 1140 7470
is_linear=0
shrinkage=0.05


Tree=147
num_leaves=31
num_cat=0
split_feature=0 10 7 8 9 3 0 3 0 4 1 4 11 11 0 10 0 5 1 11 11 3 11 11 4 7 3 11 1 8
split_gain=5.97826 11.5889 13.7067 10.8304 11.36 10.3215 8.97181 11.2823 39.3056 19.8174 16.2479 12.6382 10.4151 9.9323 9.71125 15.3343 16.4793 12.524 11.9651 12.5109 11.8912 11.9687 10.3332 10.1485 9.49936 9.39509 28.0092 24.2145 14.2019 12.5047
threshold=92.500000000000014 1.0000000180025095e-35 26.412500000000005 22.550000000000004 26.111979166666668 -0.082689790342551819 74.500000000000014 0.86548282553247169 81.500000000000014 -0.33426211444629356 1.5000000000000002 0.04621408538533487 1.0653535727147359 1.172278468731752 60.500000000000007 1.0000000180025095e-35 63.500000000000007 1.0000000180025095e-35 3.5000000000000004 0.88579141231058722 1.0167822857346078 0.70290292807158605 1.1178088744719634 1.1589671265514687 -0.42958798411962301 30.412500000000005 -0.95754239937548935 1.1423394090148442 5.5000000000000009 44.000000000000007
decision_type=2 2 2 2 2 2 2 2 2 2 2 2 2 2 2 2 2 2 2 2 2 2 2 2 2 2 2 2 2 2
left_child=6 3 -3 -2 -5 -6 14 13 11 -10 -11 -9 -12 -8 25 16 24 18 -17 -20 -21 22 -22 -18 -16 -1 -27 28 29 -28
right_child=1 2 -4 4 5 -7 7 8 9 10 12 -13 -14 -15 15 17 23 -19 19 20 21 -23 -24 -25 -26 26 27 -29 -30 -31
leaf_value=0.0013328008099023237 0.055521790527291164 0.0092135340783471523 -0.060903200458415088 -0.012276578497944259 0.1119787666324271 0.01158283334345569 -0.0016877487094461687 -0.14730486545952745 -0.079880648017297773 0.054403271021969603 -0.016688231204448557 -0.03469572206913512 0.030110137936459582 -0.068791417671520347 -0.069085161527503658 -0.015543092920963631 0.035175692906448577 0.068429311407046362 -0.044610733467848718 0.033297150833298872 -0.029900773858970098 0.043319699736088069 0.050332049813841456 0.22312107477896179 0.013520317708059794 -0.054877937490451251 -0.0062631867790152286 -0.081999781035732161 0.035204128153837645 -0.12070258205369769
leaf_weight=64197 354 1544 797 486 405 456 20705 665 308 484 858 581 308 342 681 5786 6138 644 350 2149 1204 557 224 99 1018 1155 13132 1071 2488 162
leaf_count=64197 354 1544 797 486 405 456 20705 665 308 484 858 581 308 342 681 5786 6138 644 350 2149 1204 557 224 99 1018 1155 13132 1071 2488 162
internal_value=3.71092e-05 0.00192974 -0.000352413 0.00507055 0.00302524 0.00647503 -2.39414e-05 -0.000887592 -0.00365169 0.000766088 0.00293939 -0.0105939 -0.00025729 -0.000466812 0.000183316 0.0012069 0.00287928 -9.16254e-06 -0.000433301 0.00150535 0.00227383 -0.000516373 -0.00294118 0.00406846 -0.00148617 -5.13959e-05 -0.00106064 -0.000544413 -5.06907e-05 -0.000699564
internal_weight=129348 4042 2341 1701 1347 861 125306 24251 3204 1958 1650 1246 1166 21047 101055 18850 7936 10914 10270 4484 4134 1985 1428 6237 1699 82205 18008 16853 15782 13294
internal_count=129348 4042 2341 1701 1347 861 125306 24251 3204 1958 1650 1246 1166 21047 101055 18850 7936 10914 10270 4484 4134 1985 1428 6237 1699 82205 18008 16853 15782 13294
is_linear=0
shrinkage=0.05


Tree=148
num_leaves=31
num_cat=0
split_feature=0 4 10 8 9 8 3 7 9 0 4 11 7 0 3 1 8 8 9 3 8 11 4 7 3 3 1 7 8 0
split_gain=5.84674 5.563 15.9446 13.9824 17.2488 15.8643 17.1 14.565 18.198 12.6995 19.348 27.8056 13.1302 11.7509 11.4485 11.2281 10.163 9.60426 14.3563 9.47368 9.14769 9.68621 9.09091 9.06136 8.66221 8.48485 11.2097 8.06378 10.8431 12.9243
threshold=1.0000000180025095e-35 0.99349222267034787 1.0000000180025095e-35 15.350000000000003 10.334114583333335 16.900000000000002 -0.19337636264337835 6.7375000000000016 12.070312500000002 29.500000000000004 0.99855310097228334 1.065666172741313 12.462500000000004 84.500000000000014 0.048362692321690152 2.5000000000000004 20.050000000000004 17.850000000000005 10.96640625 0.20180702842483325 17.650000000000002 1.078728888014248 0.99995376255531909 15.612500000000002 1.0000000180025095e-35 -0.05695216311707673 2.5000000000000004 12.262500000000001 17.450000000000003 29.500000000000004
decision_type=2 2 2 2 2 2 2 2 2 2 2 2 2 2 2 2 2 2 2 2 2 2 2 2 2 2 2 2 2 2
left_child=-1 3 9 -2 19 6 15 8 17 12 13 23 14 25 20 -6 -10 18 -7 -5 21 -3 -13 24 -12 26 -11 -4 -29 -30
right_child=1 2 27 4 5 7 -8 -9 16 10 11 22 -14 -15 -16 -17 -18 -19 -20 -21 -22 -23 -24 -25 -26 -27 -28 28 29 -31
leaf_value=-0.019813438623789637 0.034545873493199507 -0.011931372491380189 -0.02331575337127987 -0.12070154066201724 0.020216870816234689 0.09421721486293394 0.0070107802599324032 0.00035235326875877605 -0.052036623744271537 -0.15323079356096658 0.10288250619426834 -0.20130056241358008 0.21102718494883846 0.02441090504585617 -0.085637941255745892 0.15547993066394811 0.085875541261330568 0.1076631581300454 -0.044189204364774075 -0.0061926444386848807 0.087419421941103803 0.096435823006056867 0.025851012922739613 0.14247638800173093 -0.01412324898395525 -0.11666201606566347 0.012622565451259504 0.039036554936080853 0.038067935981455039 -0.030629501224771618
leaf_weight=1347 190 232 1357 190 95 85 570 120924 112 55 203 132 129 154 115 190 53 222 50 190 249 58 66 242 215 440 275 161 87 960
leaf_count=1347 190 232 1357 190 95 85 570 120924 112 55 203 132 129 154 115 190 53 222 50 190 249 58 66 242 215 440 275 161 87 960
internal_value=2.89916e-05 6.34761e-05 -0.00154971 0.000130828 0.000109838 0.000142885 0.00692982 9.5104e-05 0.00842912 0.00123782 -0.00109428 0.00431235 0.00654534 -0.00611472 0.00366972 0.0169298 -0.00530303 0.0147759 0.00425926 -0.0105263 0.00672542 0.000689655 -0.0121212 0.00924242 0.00478469 -0.00863636 -0.00257576 -0.00433723 -0.00136589 -0.0032235
internal_weight=129348 128001 5130 122871 122681 122301 855 121446 522 2565 1782 858 783 924 654 285 165 357 135 380 539 290 198 660 418 770 330 2565 1208 1047
internal_count=129348 128001 5130 122871 122681 122301 855 121446 522 2565 1782 858 783 924 654 285 165 357 135 380 539 290 198 660 418 770 330 2565 1208 1047
is_linear=0
shrinkage=0.05


Tree=149
num_leaves=31
num_cat=0
split_feature=8 6 4 9 0 4 0 3 3 1 3 3 8 7 1 0 11 8 0 8 7 8 1 3 7 1 11 4 0 9
split_gain=5.71176 6.19868 12.4621 17.467 15.1888 12.5921 11.7537 13.6124 13.099 11.3164 10.305 12.2747 13.9517 13.4026 12.3215 11.7647 7.31496 9.65306 15.984 13.5334 11.5071 24.8051 9.42517 7.26925 9.95615 9.65517 7.08762 14.3008 6.73916 9.72222
threshold=43.550000000000004 1.0000000180025095e-35 -0.70289845916694649 28.932031250000001 70.500000000000014 -0.5129677127369543 50.500000000000007 0.97112537654464559 0.93845596220871974 1.0000000180025095e-35 -0.074117382312902977 -0.48314718476766422 27.750000000000004 22.387500000000006 5.5000000000000009 16.500000000000004 1.1538549292311382 33.95000000000001 28.500000000000004 38.150000000000013 28.612500000000004 39.050000000000004 3.5000000000000004 -0.89785546691630314 20.112500000000004 1.5000000000000002 0.98770160441593557 0.45847758937963173 67.500000000000014 30.359635416666674
decision_type=2 2 2 2 2 2 2 2 2 2 2 2 2 2 2 2 2 2 2 2 2 2 2 2 2 2 2 2 2 2
left_child=1 16 3 -3 5 -4 7 10 26 -5 11 12 -7 23 -15 -12 -1 18 -18 22 21 -21 -19 -14 25 -25 27 -8 -11 -30
right_child=-2 2 4 9 -6 6 8 -9 -10 28 15 -13 13 14 -16 -17 17 19 -20 20 -22 -23 -24 24 -26 -27 -28 -29 29 -31
leaf_value=0.0001429716020311389 -0.045239908310892224 0.11259878350881465 -0.028660791031717283 -0.095521621774972948 -0.022100346158255492 0.057432446001375585 -0.074565752975171054 -0.025901569275963255 0.083764606004780265 0.0096264013614955971 0.041370239877328886 -0.038964633002428431 -0.10820792340258266 0.03877372148324696 -0.081352266453178862 0.023303539719570665 -0.15720743769903436 -0.0051507733909396339 -0.021674688511325257 -0.068903087916932296 -0.091130952307604221 0.10005303960152219 0.055608022945743588 -0.084227544052090056 0.036151576481708504 0.0033756438563358419 0.00013038651833383597 0.080180310184174181 -0.018612183080291802 0.16527929334979349
leaf_weight=119463 480 384 639 96 1425 306 60 459 260 609 204 204 52 413 82 408 145 576 335 124 915 113 384 116 99 105 400 240 84 168
leaf_count=119463 480 384 639 96 1425 306 60 459 260 609 204 204 52 413 82 408 145 576 335 124 915 113 384 116 99 105 400 240 84 168
internal_value=2.74453e-05 4.77233e-05 0.00151549 0.0058352 0.000456871 0.00202001 0.0032277 0.00138889 0.00791667 0.00222048 0.00317999 0.000780683 0.00274936 -0.000490196 0.00489899 0.00857843 -3.42059e-05 -0.00266204 -0.0090625 -0.00120739 -0.00486111 0.00495781 0.00317708 -0.00766129 -0.00484375 -0.0107466 0.00435714 0.0101667 0.004036 0.0109127
internal_weight=129348 128868 6813 1341 5472 4047 3408 2448 960 957 1989 1377 1173 867 495 612 122055 2592 480 2112 1152 237 960 372 320 221 700 300 861 252
internal_count=129348 128868 6813 1341 5472 4047 3408 2448 960 957 1989 1377 1173 867 495 612 122055 2592 480 2112 1152 237 960 372 320 221 700 300 861 252
is_linear=0
shrinkage=0.05


Tree=150
num_leaves=31
num_cat=0
split_feature=11 8 8 0 11 11 1 9 4 10 8 8 8 8 3 9 9 11 3 4 9 9 9 9 3 3 3 0 1 1
split_gain=5.96111 12.0868 6.67361 10.9643 6.5682 32.1157 22.0883 17.0322 16.0972 38.967 16.0382 16.6484 16.9965 15.3417 29.9657 47.8046 18.2904 34.7561 34.3125 49.3334 26.219 32.347 25.5676 22.7462 20.8164 20.2844 19.2035 21.341 18.3252 16.7429
threshold=0.7641759112864478 27.250000000000004 31.050000000000004 67.500000000000014 0.98229519356535999 0.9763748118454606 1.0000000180025095e-35 10.96640625 -0.99628250747696534 1.0000000180025095e-35 24.250000000000004 26.550000000000004 30.550000000000004 34.45000000000001 0.76140650896573492 30.242968750000003 27.773177083333334 0.94341039438002372 -0.52032787705993211 -0.8901731938066898 27.401302083333334 27.237760416666671 28.997135416666673 28.427604166666669 0.88220160189607266 0.76140650896573492 -0.11692013674435776 22.500000000000004 2.5000000000000004 4.5000000000000009
decision_type=2 2 2 2 2 2 2 2 2 2 2 2 2 2 2 2 2 2 2 2 2 2 2 2 2 2 2 2 2 2
left_child=1 -1 -3 -4 5 7 -7 -2 9 -9 -8 -12 -13 16 15 -15 20 18 22 23 21 29 28 -20 25 -22 -25 -28 -18 -10
right_child=4 2 3 -5 -6 6 10 8 13 -11 11 12 -14 14 -16 -17 17 -19 19 -21 24 -23 -24 26 -26 -27 27 -29 -30 -31
leaf_value=0.0072812227445730572 -0.15501806567286069 -0.067710241968602244 -0.046272066262343259 0.081060184223125026 -0.00121361326105216 -0.16574968165692638 0.1433073208742961 -0.21933130809778448 0.007680327005371624 0.047791862095093764 -0.008987019153549625 0.092354990871132261 0.036209413522354343 0.10292893838657734 -0.035582390423014233 0.015103122361371391 -0.030009107981303629 -0.047771820013817037 -0.046059621620036496 -0.12051101507761289 0.044318133084073001 -0.093213997158895279 0.13876555984799951 0.088573385693431567 -0.13105810906443338 0.18045093399913981 -0.12722547964783715 0.030511083388970663 0.036915733704186236 -0.0093258504609053713
leaf_weight=576 96 288 204 84 82557 96 384 288 16315 192 672 384 1147 1231 1344 4021 768 3552 576 1056 2112 480 671 1038 96 192 230 730 1344 6624
leaf_count=576 96 288 204 84 82557 96 384 288 16315 192 672 384 1147 1231 1344 4021 768 3552 576 1056 2112 480 671 1038 96 192 230 730 1344 6624
internal_value=2.1647e-05 -0.00355903 -0.00868056 -0.00329861 5.38238e-05 0.000535178 0.00584234 0.000203697 0.000250817 -0.00885417 0.00671627 0.00507263 0.00795232 0.000353941 0.00256974 0.00427456 -5.44936e-05 -0.00187406 0.000323562 -0.00287879 0.000647779 0.000137709 0.00450054 0.000854701 0.005625 0.00657552 0.00337838 -0.00171875 0.00179924 0.000406513
internal_weight=129348 1152 576 288 128196 45639 2683 42956 42860 480 2587 2203 1531 42380 6596 5252 35784 9965 6413 3630 25819 23419 2783 2574 2400 2304 1998 960 2112 22939
internal_count=129348 1152 576 288 128196 45639 2683 42956 42860 480 2587 2203 1531 42380 6596 5252 35784 9965 6413 3630 25819 23419 2783 2574 2400 2304 1998 960 2112 22939
is_linear=0
shrinkage=0.05


Tree=151
num_leaves=31
num_cat=0
split_feature=0 7 11 11 9 9 8 8 3 8 3 7 0 1 11 0 4 3 0 7 0 10 7 4 9 0 7 0 4 4
split_gain=5.67963 5.61632 5.3458 11.2555 12.4253 8.25888 8.73086 7.02535 11.0644 9.30614 6.40947 10.8168 8.20979 7.9021 7.6875 15.166 6.5 6.39366 9.15746 5.52364 5.51265 9.61467 13.6089 10.596 13.9086 8.38603 10.3044 12.8254 61.5921 26.0293
threshold=1.0000000180025095e-35 27.187500000000004 0.80519389663381347 0.82284707828887094 25.097135416666671 28.518489583333338 32.750000000000007 33.550000000000004 0.88220160189607266 37.750000000000007 -0.32614396506100213 26.612500000000004 13.500000000000002 5.5000000000000009 0.73745831416842689 44.500000000000007 -0.75013812021657655 -0.9731273977605811 17.500000000000004 16.612500000000004 92.500000000000014 1.0000000180025095e-35 26.412500000000005 0.80290535434334509 26.111979166666668 73.500000000000014 35.38750000000001 78.500000000000014 -0.44505783185115427 -0.7614016681079937
decision_type=2 2 2 2 2 2 2 2 2 2 2 2 2 2 2 2 2 2 2 2 2 2 2 2 2 2 2 2 2 2
left_child=1 -1 7 4 -4 6 -6 8 10 -9 11 17 16 -13 15 -14 -12 18 -2 -19 25 23 -23 24 -22 -5 27 28 -27 -29
right_child=2 -3 3 20 5 -7 -8 9 -10 -11 12 13 14 -15 -16 -17 -18 19 -20 -21 21 22 -24 -25 -26 26 -28 29 -30 -31
leaf_value=-0.0071903982124183587 0.080506070823231829 -0.085345982816407692 0.15587595436646781 0.0014220209942692463 0.023489802454723475 -0.027979940191312381 0.47487949316639444 -0.1532874920678495 0.087540759500666365 0.048164677548064111 -0.065781090666971673 -0.094748957981455106 0.27216590067940633 0.0258138670970844 0.047381720973304911 -0.12877811861324559 0.055613757396702823 0.073228838401276877 -0.00052644025761452442 -0.025209938145074773 -0.019909313645965199 0.010133812735711701 -0.057834450167996466 0.049254026948626975 0.061478098124713658 0.02911927309686746 0.11242981457716753 -0.031917125891252597 -0.046437960857659992 0.0040945285744449222
leaf_weight=983 51 364 95 95741 663 285 88 285 95 95 52 266 62 62 492 102 52 50 130 486 411 1492 782 414 837 2437 270 4820 3920 13466
leaf_count=983 51 364 95 95741 663 285 88 285 95 95 52 266 62 62 492 102 52 50 130 486 411 1492 782 414 837 2437 270 4820 3920 13466
internal_value=1.89412e-05 -0.00321084 5.29293e-05 9.64437e-05 0.00506189 0.0034749 0.00622503 -0.00234649 -0.00110526 -0.00855263 -0.00198061 -0.00452153 0.00151316 -0.0120427 0.00358232 -0.00579268 -0.0115385 -0.00108089 0.0070442 -0.00382463 5.13685e-05 0.00189278 -0.000219877 0.00478339 0.00248397 -8.70257e-06 -0.000825874 -0.000932313 -0.00286692 -0.000259762
internal_weight=129348 1347 128001 125721 1131 1036 751 2280 1900 380 1805 1045 760 328 656 164 104 717 181 536 124590 3936 2274 1662 1248 120654 24913 24643 6357 18286
internal_count=129348 1347 128001 125721 1131 1036 751 2280 1900 380 1805 1045 760 328 656 164 104 717 181 536 124590 3936 2274 1662 1248 120654 24913 24643 6357 18286
is_linear=0
shrinkage=0.05


Tree=152
num_leaves=31
num_cat=0
split_feature=8 8 4 10 8 4 3 11 9 3 7 8 1 11 11 11 3 3 8 10 11 7 7 0 3 9 11 1 9 3
split_gain=5.78872 34.7398 11.5592 13.1406 12.3435 20.6809 23.3714 39.5449 25.818 29.9795 20.2599 18.4266 19.2379 18.3956 20.8282 26.1903 18.2418 15.5126 15.5071 17.1011 14.2645 16.8696 14.1491 13.2225 12.9605 12.6756 16.0114 13.0208 12.6542 12.8655
threshold=39.550000000000004 39.750000000000007 -0.99983123799342477 1.0000000180025095e-35 34.45000000000001 -0.082691941062253513 0.77244481603295057 1.0299448977757397 30.048697916666672 0.70290292807158605 34.787500000000016 35.750000000000007 5.5000000000000009 1.0226926418345352 1.0292706579118427 1.0315188957178159 -0.97694226132849327 -0.11692013674435776 37.550000000000004 1.0000000180025095e-35 1.0959530445469128 29.212500000000006 26.812500000000004 44.500000000000007 0.47559651477048942 29.979947916666667 1.1218908147696223 3.5000000000000004 34.603385416666676 0.30983042691905771
decision_type=2 2 2 2 2 2 2 2 2 2 2 2 2 2 2 2 2 2 2 2 2 2 2 2 2 2 2 2 2 2
left_child=2 -2 3 -1 25 6 8 10 24 13 -8 12 22 -10 -15 -16 -7 20 -13 -20 21 -17 -9 -14 -6 -4 -27 -28 29 -19
right_child=1 -3 4 -5 5 16 7 11 9 -11 -12 18 23 14 15 17 -18 28 19 -21 -22 -23 -24 -25 -26 26 27 -29 -30 -31
leaf_value=-0.40774336991657667 -0.13606911518036213 -0.001059942503206912 -0.00010805410711043351 -0.023475398761252111 0.077252280001938803 0.00038128615570087732 -0.067880949553978095 0.076825038813714747 0.018365544813173075 0.067286146385640677 0.019692184652812729 -0.034318543289101909 -0.17337919338350219 -0.1389317402740616 0.16316096247319509 0.11848323657641516 0.084311670151682006 -0.081213477871838802 0.064615542431546658 -0.041953749928210021 -0.019112910749697676 0.03040237134291033 0.032076080995810233 0.061094594665814843 0.026772956096878887 -0.046714699775098727 -0.018442774751441959 0.16217505524053452 0.13576656009748406 -0.0091912636754017292
leaf_weight=96 760 7344 95383 192 956 576 2120 385 5647 1719 568 1152 135 288 288 203 864 1714 862 474 864 661 479 151 960 2496 96 96 96 1723
leaf_count=96 760 7344 95383 192 956 576 2120 385 5647 1719 568 1152 135 288 288 203 864 1714 862 474 864 661 479 151 960 2496 96 96 96 1723
internal_value=2.28067e-05 -0.00127098 0.000109284 -0.00989583 0.000133106 0.00117872 0.000789228 -0.00176257 0.00185693 0.00106983 -0.00636161 0.00163551 0.00686957 0.000148032 -0.00182028 -0.00113985 0.00697917 -0.00194355 -0.000783762 0.00288174 0.00193866 0.00648148 0.0105903 -0.00437063 0.00728079 -0.000110889 -0.00349702 0.0104167 -0.00384234 -0.00434245
internal_weight=129348 8104 121244 288 120956 22885 21445 6326 15119 13203 2688 3638 1150 11484 5837 5549 1440 5261 2488 1336 1728 864 864 286 1916 98071 2688 192 3533 3437
internal_count=129348 8104 121244 288 120956 22885 21445 6326 15119 13203 2688 3638 1150 11484 5837 5549 1440 5261 2488 1336 1728 864 864 286 1916 98071 2688 192 3533 3437
is_linear=0
shrinkage=0.05


Tree=153
num_leaves=31
num_cat=0
split_feature=3 7 1 3 1 3 1 8 8 7 0 0 1 3 7 8 8 0 0 0 1 4 7 10 4 3 3 8 9 1
split_gain=5.80604 18.9414 17.4145 11.2552 41.4074 28.7134 26.2191 20.7094 16.2925 21.8903 12.4146 11.2452 11.0312 9.86687 12.5922 13.2062 9.65074 8.50822 7.71902 9.38788 7.64055 11.1321 6.7046 6.5691 12.0643 6.40702 6.26566 5.98524 21.6728 23.9816
threshold=0.99939377080793557 28.512500000000006 3.5000000000000004 0.99053107487289871 2.5000000000000004 0.99552231814189451 3.5000000000000004 35.050000000000004 36.250000000000007 28.812500000000004 82.500000000000014 44.500000000000007 2.5000000000000004 0.9962888416657264 29.212500000000006 33.050000000000004 37.150000000000013 18.500000000000004 17.500000000000004 31.500000000000004 2.5000000000000004 1.0000000180025095e-35 34.312500000000007 1.0000000180025095e-35 0.071972700440407641 0.99995780822346225 0.99983759474438971 24.450000000000003 14.060937500000003 1.5000000000000002
decision_type=2 2 2 2 2 2 2 2 2 2 2 2 2 2 2 2 2 2 2 2 2 2 2 2 2 2 2 2 2 2
left_child=3 12 20 27 7 10 -7 18 11 -10 -6 -9 17 -8 23 -16 22 26 -5 -20 21 -3 -11 24 -15 -19 -2 28 -1 -30
right_child=1 2 -4 4 5 6 13 8 9 16 -12 -13 -14 14 15 -17 -18 25 19 -21 -22 -23 -24 -25 -26 -27 -28 -29 29 -31
leaf_value=-0.0030517808965583983 -0.013812004801283707 -0.12008141321765323 -0.063580033117757756 0.098108371166561181 -0.1042063529094861 0.10635664848177556 -0.069928765246548605 -0.15091423575803731 0.11946521945048404 -0.13081717284990332 0.017605090940439539 0.0034270416317411902 -0.07945845380992296 -0.046138336316897725 0.16232101444831104 -0.0087097190756850306 0.088202433358537752 -0.057698149301921832 -0.0007594886443541782 0.098517594290550653 0.13016307908530678 0.055723766206793361 -0.0014013508526119268 0.002797021811824152 0.038742336951630568 0.030213663612357777 0.053792564387539703 -0.00143453622535219 -0.0069511345357312852 0.017915502621634972
leaf_weight=16128 57 66 66 162 332 192 96 90 193 62 52 102 321 369 126 134 56 229 126 576 93 143 73 619 96 101 76 95269 3744 9599
leaf_count=16128 57 66 66 162 332 192 96 90 193 62 52 102 321 369 126 134 56 229 126 576 93 143 73 619 96 101 76 95269 3744 9599
internal_value=1.8168e-05 -0.00351563 0.00584239 4.99236e-05 0.00286458 -0.00176091 0.00113358 0.00934028 0.00199653 0.00794271 -0.0140625 -0.00989583 -0.00790816 -0.00118056 -7.44048e-05 0.00980769 -0.00405759 -0.00296976 0.0142361 0.0119658 0.0109272 0.00562201 -0.0112963 -0.00244465 -0.00693548 -0.00727273 0.00770677 -2.80584e-05 0.000594652 0.00208536
internal_weight=129348 1152 368 128196 3456 2016 1632 1440 576 384 384 192 784 1440 1344 260 191 463 864 702 302 209 135 1084 465 330 133 124740 29471 13343
internal_count=129348 1152 368 128196 3456 2016 1632 1440 576 384 384 192 784 1440 1344 260 191 463 864 702 302 209 135 1084 465 330 133 124740 29471 13343
is_linear=0
shrinkage=0.05


Tree=154
num_leaves=31
num_cat=0
split_feature=11 11 9 9 8 8 3 7 8 11 0 6 11 11 4 8 7 8 0 11 11 7 9 8 7 9 0 4 11 8
split_gain=5.54822 10.5891 12.1377 8.45141 8.90552 7.65703 9.5455 9.99129 8.68056 7.6082 7.33631 6.46614 10.2373 8.38748 8.06485 18.9346 18.7932 13.2916 6.95679 6.77608 12.5782 8.4089 10.7986 8.38719 13.3079 6.38907 6.23448 6.17505 6.14613 9.60657
threshold=0.80519389663381347 0.82284707828887094 25.097135416666671 28.518489583333338 32.750000000000007 33.550000000000004 -0.32614396506100213 24.812500000000004 37.750000000000007 0.78920070979102952 74.500000000000014 1.0000000180025095e-35 1.1649345393363679 1.1338093104982068 0.87291090774974645 26.150000000000002 10.012500000000001 15.350000000000003 68.500000000000014 0.888018781778247 0.93041277635383546 25.412500000000005 23.614062500000006 27.750000000000004 18.712500000000006 12.483854166666669 69.500000000000014 0.66367808336324663 1.1538549292311382 33.95000000000001
decision_type=2 2 2 2 2 2 2 2 2 2 2 2 2 2 2 2 2 2 2 2 2 2 2 2 2 2 2 2 2 2
left_child=5 2 -2 4 -4 6 7 9 -7 -1 -11 28 13 14 15 18 17 -16 -13 -17 21 22 -21 26 27 -18 -22 -25 -3 -30
right_child=1 11 3 -5 -6 8 -8 -9 -10 10 -12 12 -14 -15 16 19 25 -19 -20 20 23 -23 -24 24 -26 -27 -28 -29 29 -31
leaf_value=-0.0069600038062375804 0.14688143020297703 -3.9520620521216192e-05 0.022780549479998771 -0.033804690697619579 0.4512126480246984 -0.14989941235726648 0.02446173897433326 -0.050395116024310488 0.042469680218994915 0.083329535768577767 -0.0045617615917976197 0.090364078556643801 0.074753512000717851 -0.090678831556262204 -0.026164546853001982 -0.055446570482111927 0.019859612908695114 0.045562668165092648 0.018926947137049413 0.093825895077429777 0.067405394936879762 0.073117561732706809 -0.037357807382058898 -0.064092180702712651 0.0054719565002670839 -0.05251606886126297 -0.0079762642784963599 -0.0061992753569796834 -0.074965587320069457 -0.0083105435789747172
leaf_weight=364 96 116689 670 288 88 288 864 566 96 74 52 207 288 96 74 192 117 244 81 67 140 391 214 119 3727 525 52 87 480 2112
leaf_count=364 96 116689 670 288 88 288 864 566 96 74 52 207 288 96 74 192 117 244 81 67 140 391 214 119 3727 525 52 87 480 2112
internal_value=2.28067e-05 6.6906e-05 0.00485989 0.00329828 0.0060686 -0.00240885 -0.00111979 -0.00430871 -0.00885417 0.000918367 0.0115079 2.34309e-05 0.00154433 0.00112506 0.00135081 0.00211768 -0.00286458 0.00707547 0.0145833 0.00139808 0.00176673 0.00811012 0.00151246 0.000733333 0.000235189 -0.00778816 0.0109375 -0.0121359 -6.09904e-05 -0.00246914
internal_weight=129348 127044 1142 1046 758 2304 1920 1056 384 490 126 125902 6621 6333 6237 5277 960 318 288 4989 4797 672 281 4125 3933 642 192 206 119281 2592
internal_count=129348 127044 1142 1046 758 2304 1920 1056 384 490 126 125902 6621 6333 6237 5277 960 318 288 4989 4797 672 281 4125 3933 642 192 206 119281 2592
is_linear=0
shrinkage=0.05


Tree=155
num_leaves=31
num_cat=0
split_feature=3 7 1 3 1 3 1 8 8 7 0 1 0 8 3 7 8 0 0 0 1 4 3 3 7 11 11 9 8 11
split_gain=5.54662 18.3507 15.2904 11.7901 38.7502 27.3408 24.2222 18.0584 15.125 20.4787 12.2096 10.8373 9.75247 9.08034 8.87545 12.1226 13.2062 7.98271 7.96308 9.07779 7.08288 9.93983 6.35403 6.26566 5.77222 5.75266 31.382 21.6301 31.1164 26.5681
threshold=0.99939377080793557 29.112500000000004 3.5000000000000004 0.99053107487289871 2.5000000000000004 0.99552231814189451 3.5000000000000004 35.050000000000004 36.250000000000007 28.812500000000004 81.500000000000014 2.5000000000000004 44.500000000000007 37.150000000000013 0.9962888416657264 29.212500000000006 33.050000000000004 18.500000000000004 17.500000000000004 32.500000000000007 2.5000000000000004 1.0000000180025095e-35 0.99995780822346225 0.99983759474438971 34.312500000000007 0.94187976625705427 0.95864859668410973 14.300520833333335 22.550000000000004 0.89600948955585458
decision_type=2 2 2 2 2 2 2 2 2 2 2 2 2 2 2 2 2 2 2 2 2 2 2 2 2 2 2 2 2 2
left_child=3 11 20 25 7 10 -7 18 12 -10 -6 17 -9 24 -8 -16 -17 23 -5 -20 21 -3 -19 -2 -11 27 -27 -1 29 -29
right_child=1 2 -4 4 5 6 14 8 9 13 -12 -13 -14 -15 15 16 -18 22 19 -21 -22 -23 -24 -25 -26 26 -28 28 -30 -31
leaf_value=-0.032681424305204133 -0.013119428530193034 -0.10200239864344668 -0.057518793049308674 0.093204928639259069 -0.10055960256731283 0.10104079208871326 -0.066430350953194758 -0.1435887622855006 0.11349393450898618 -0.12427433817638162 0.015471270887778844 -0.074818780299821697 0.0030036408257750227 0.083794287721637772 -0.010466583189107582 0.15420693975692218 -0.0082722570908742906 -0.054805191375474752 -0.00038877698632404649 0.094088496673822422 0.12775011775466114 0.054386091401738668 0.033036626858306307 0.051104912199188848 -0.0016048811349946845 -0.022298536222061217 0.00014822418941236039 5.1336670883017635e-05 0.0044921741862864904 0.093457189044259092
leaf_weight=1056 57 62 62 162 328 192 96 90 193 62 56 332 102 56 1084 126 134 242 135 567 86 130 105 76 73 5472 94437 480 22623 672
leaf_count=1056 57 62 62 162 328 192 96 90 193 62 56 332 102 56 1084 126 134 242 135 567 86 130 105 76 73 5472 94437 480 22623 672
internal_value=2.5126e-05 -0.00342882 0.00632353 5.6164e-05 0.00293692 -0.0015377 0.00128676 0.00920139 0.00234375 0.00807292 -0.0135417 -0.00751232 -0.00911458 -0.00353403 -0.0009375 0.000111607 0.00980769 -0.00270833 0.0137731 0.0114672 0.0113309 0.00598958 -0.00670029 0.00770677 -0.0105556 -2.36492e-05 -0.000192926 0.000657444 0.000968454 0.00898438
internal_weight=129348 1152 340 128196 3456 2016 1632 1440 576 384 384 812 192 191 1440 1344 260 480 864 702 278 192 347 133 135 124740 99909 24831 23775 1152
internal_count=129348 1152 340 128196 3456 2016 1632 1440 576 384 384 812 192 191 1440 1344 260 480 864 702 278 192 347 133 135 124740 99909 24831 23775 1152
is_linear=0
shrinkage=0.05


Tree=156
num_leaves=31
num_cat=0
split_feature=3 11 1 0 0 11 7 8 4 11 4 9 7 0 3 8 11 11 7 9 1 11 10 11 0 4 3 8 7 3
split_gain=5.76965 37.355 20.065 25.4884 22.4237 18.6745 17.1037 16.1556 20.1583 12.1805 16.8902 14.6832 15.8705 10.3187 10.1838 17.0157 16.6513 17.6668 18.7633 10.5035 10.0725 9.83323 15.1656 13.049 12.3465 12.2558 10.733 9.32238 8.92489 13.0926
threshold=0.95998215779580554 0.93309361111522005 2.5000000000000004 17.500000000000004 84.500000000000014 0.95693658795603842 36.412500000000016 22.750000000000004 0.22491561436810906 1.0653535727147359 0.089118976521498999 24.729427083333338 30.887500000000006 53.500000000000007 0.94425825643485939 24.650000000000002 1.0393064066417959 0.93825018639968583 33.51250000000001 31.428125000000005 4.5000000000000009 0.99880428533532839 1.0000000180025095e-35 1.0353027724959731 68.500000000000014 -0.099822328936730861 0.99274428880883148 35.95000000000001 28.512500000000006 0.99995780822346225
decision_type=2 2 2 2 2 2 2 2 2 2 2 2 2 2 2 2 2 2 2 2 2 2 2 2 2 2 2 2 2 2
left_child=14 20 3 -3 6 28 21 -7 9 10 11 -9 -13 -14 -1 -16 17 -17 -19 -18 -2 -5 25 26 -25 -23 -24 -11 29 -4
right_child=1 2 5 4 -6 7 -8 8 -10 27 -12 12 13 -15 15 16 19 18 -20 -21 -22 22 23 24 -26 -27 -28 -29 -30 -31
leaf_value=-5.8928882466346981e-05 -0.098875774682607442 0.05491582905962105 0.083498281342156144 0.020130417154238956 0.070348282294354192 0.078918741809282988 0.1193129786907214 0.058893694584296698 -0.063162623973421719 0.019194375589023593 -0.065652879340925813 -0.033691329629547795 -0.029063307494800485 0.065237317982895601 0.036181682328820131 0.01546575923660214 0.0477565123436186 -0.087308073060872016 0.053751325141611517 -0.092666771191787234 -0.016714575441550038 -0.0084295021474716236 -0.076895744574426328 0.048124530501014819 -0.044336718451424423 -0.089709354369428243 0.01498095936364905 -0.024293858067790809 0.1518582819882866 -0.035166176400694839
leaf_weight=118404 288 756 136 998 462 96 176 384 288 1344 288 947 163 234 192 192 288 833 127 96 384 250 226 417 144 268 335 480 92 60
leaf_count=118404 288 756 136 998 462 96 176 384 288 1344 288 947 163 234 192 192 288 833 127 96 384 250 226 417 144 268 335 480 92 60
internal_value=2.58991e-05 0.00123155 0.0021243 0.0046875 0.00277778 -0.000166223 0.00110163 -0.00100616 -0.00147771 -0.000520833 -0.0031994 -0.00133102 -0.00379464 0.00459698 -6.65934e-05 -0.00387731 -0.00563151 -0.00863715 -0.0114062 0.00338542 -0.010119 9.47688e-05 -0.00228659 0.000980392 0.00637255 -0.00936293 -0.00441176 0.00243969 0.0121528 0.00612245
internal_weight=129348 9216 8544 4032 3276 4512 2814 4224 4128 3840 2016 1728 1344 397 120132 1728 1536 1152 960 384 672 2638 1640 1122 561 518 561 1824 288 196
internal_count=129348 9216 8544 4032 3276 4512 2814 4224 4128 3840 2016 1728 1344 397 120132 1728 1536 1152 960 384 672 2638 1640 1122 561 518 561 1824 288 196
is_linear=0
shrinkage=0.05


Tree=157
num_leaves=31
num_cat=0
split_feature=3 11 1 0 0 11 7 8 4 11 4 9 7 10 7 11 8 0 3 1 0 7 3 3 8 11 11 7 9 8
split_gain=5.93036 36.0404 19.0167 23.4676 22.3568 18.4734 15.1884 14.4312 18.3142 11.5351 15.215 12.8705 13.3687 9.93136 17.0047 13.0005 12.6454 10.8275 10.0824 9.72222 9.27035 8.92489 10.9455 8.85816 15.1739 14.4453 15.625 16.4833 9.38889 8.60201
threshold=0.95998215779580554 0.93309361111522005 2.5000000000000004 17.500000000000004 84.500000000000014 0.95693658795603842 36.412500000000016 22.750000000000004 0.22491561436810906 1.0653535727147359 0.089118976521498999 24.729427083333338 30.887500000000006 1.0000000180025095e-35 28.912500000000005 1.0065665091727494 27.350000000000005 66.500000000000014 0.99466373373798567 4.5000000000000009 53.500000000000007 28.512500000000006 0.99995780822346225 0.94425825643485939 24.650000000000002 1.0393064066417959 0.93825018639968583 33.51250000000001 31.428125000000005 35.95000000000001
decision_type=2 2 2 2 2 2 2 2 2 2 2 2 2 2 2 2 2 2 2 2 2 2 2 2 2 2 2 2 2 2
left_child=23 19 3 -3 6 21 13 -7 9 10 11 -9 -13 14 -5 -16 -15 -18 -17 -2 -14 22 -4 -1 -25 26 -26 -28 -27 -11
right_child=1 2 5 4 -6 7 -8 8 -10 29 -12 12 20 16 15 18 17 -19 -20 -21 -22 -23 -24 24 25 28 27 -29 -30 -31
leaf_value=-5.5982438342994105e-05 -0.093931985948477612 0.052170037606640567 0.079323367275048906 -0.048237324437974398 0.066830868179636127 0.074972804718819216 0.11334732975618565 0.055949009855081756 -0.060004492774750423 0.018234656809572414 -0.062370235373879979 -0.032006763148069696 -0.027610142120060743 0.044983986157753009 0.049172465960295147 0.0078675602748816686 0.019996194751233532 -0.040773503698443396 -0.18585607075896463 -0.015878846669473035 0.061975452083750326 0.14426536788887176 -0.033407867580659459 0.034372598212378591 0.014692471274771891 0.045368686726437346 -0.082942669407827907 0.051063758884531296 -0.088033432632197164 -0.023079165164401873
leaf_weight=118404 288 756 136 531 462 96 176 384 288 1344 288 947 163 134 143 171 1137 447 75 384 234 92 60 192 192 288 833 127 96 480
leaf_count=118404 288 756 136 531 462 96 176 384 288 1344 288 947 163 134 143 171 1137 447 75 384 234 92 60 192 192 288 833 127 96 480
internal_value=3.09243e-05 0.00125326 0.00213015 0.0046255 0.00279304 -9.9734e-05 0.0011194 -0.000935133 -0.00138081 -0.00046875 -0.0030754 -0.00130208 -0.00360863 0.000170584 -0.00402174 0.00392031 0.0024156 0.00116793 -0.00304878 -0.00989583 0.0040932 0.0121528 0.00612245 -6.28475e-05 -0.0036169 -0.00527344 -0.00807292 -0.0106771 0.003125 0.00241228
internal_weight=129348 9216 8544 4032 3276 4512 2814 4224 4128 3840 2016 1728 1344 2638 920 389 1718 1584 246 672 397 288 196 120132 1728 1536 1152 960 384 1824
internal_count=129348 9216 8544 4032 3276 4512 2814 4224 4128 3840 2016 1728 1344 2638 920 389 1718 1584 246 672 397 288 196 120132 1728 1536 1152 960 384 1824
is_linear=0
shrinkage=0.05


Tree=158
num_leaves=31
num_cat=0
split_feature=8 9 7 0 9 3 3 3 4 4 4 9 9 7 11 8 8 8 8 8 4 1 1 0 0 11 11 8 7 9
split_gain=5.49289 6.42393 16.6164 17.5581 9.36029 20.5269 46.9026 15.7156 17.0006 11.5906 25.1226 20.3995 18.3409 10.9356 10.8675 17.3977 13.3344 25.0091 15.3592 23.2515 14.0556 13.2031 13.1531 11.45 11.1031 9.94571 9.27198 9.08348 8.85221 8.4684
threshold=43.550000000000004 35.424479166666679 31.412500000000005 48.500000000000007 34.057291666666679 0.17646842360078763 0.3261394409934788 0.091259403071267925 -0.99983123799342477 -0.98521978256641018 -0.97874870457683594 28.587760416666672 28.778906250000002 26.412500000000005 1.0226926418345352 38.45000000000001 37.45000000000001 37.150000000000013 36.550000000000004 33.95000000000001 -0.99052477729077237 2.5000000000000004 2.5000000000000004 50.500000000000007 20.500000000000004 0.93656793184022147 1.09763366194496 39.750000000000007 30.012500000000006 33.875000000000007
decision_type=2 2 2 2 2 2 2 2 2 2 2 2 2 2 2 2 2 2 2 2 2 2 2 2 2 2 2 2 2 2
left_child=1 4 26 -4 9 7 27 8 -6 12 11 -11 -1 -13 15 16 17 18 19 24 -21 -20 -16 -23 -14 -26 -3 -7 -18 -12
right_child=-2 2 3 -5 5 6 -8 -9 -10 10 29 13 14 -15 22 -17 28 -19 21 20 -22 23 -24 -25 25 -27 -28 -29 -30 -31
leaf_value=0.057523164363807666 -0.043359680530770106 -0.055547526284984633 0.15156135291833409 0.0072221563665195278 0.13675824561426708 -0.18285498511166409 0.012612717624377013 0.19305036539905843 -0.087465217232271186 -0.068006631577966922 0.00054457003611929622 0.13247063352028618 -0.11272952707885012 0.065360386621421893 -0.10919821890444724 0.052371339719259426 0.03175669131142058 0.12326689997304996 -0.30291618076286542 0.054543837414447439 -0.020568513157928695 0.036457363575121353 -0.029470315547180805 -0.090860913607167512 0.02972892575149615 -0.079077361543311755 0.11369084208948124 -0.099984448232729062 -0.16503929673546197 0.063130326798365388
leaf_weight=566 480 140 352 512 192 478 1344 192 480 192 115389 122 294 1386 665 288 53 192 192 864 480 153 1721 135 450 600 52 672 235 477
leaf_count=566 480 140 352 512 192 478 1344 192 480 192 115389 122 294 1386 665 288 53 192 192 864 480 153 1721 135 450 600 52 672 235 477
internal_value=2.62857e-05 4.61713e-05 0.00392992 0.00688657 1.40832e-05 -0.00259083 -0.00489174 0.00405093 0.000446429 8.43685e-05 0.000201164 0.00623529 -0.00190912 0.00818966 -0.00268111 -0.00106707 -0.0020011 -0.00111607 -0.00217803 -0.000706845 0.00394345 -0.0104167 -0.00534367 -0.00364583 -0.00535714 -0.00295238 -0.009375 -0.0123043 -0.0123264 0.00011263
internal_weight=129348 128868 1056 864 127812 3358 2494 864 672 124454 117566 1700 6888 1508 6322 3936 3648 3360 3168 2688 1344 480 2386 288 1344 1050 192 1150 288 115866
internal_count=129348 128868 1056 864 127812 3358 2494 864 672 124454 117566 1700 6888 1508 6322 3936 3648 3360 3168 2688 1344 480 2386 288 1344 1050 192 1150 288 115866
is_linear=0
shrinkage=0.05


Tree=159
num_leaves=31
num_cat=0
split_feature=4 10 8 9 8 3 7 9 11 4 9 7 3 0 0 1 11 3 8 8 1 11 7 9 4 8 4 10 8 8
split_gain=5.37889 16.1113 12.8593 15.7082 15.2091 16.5284 15.0402 16.8707 11.7687 31.1296 19.5069 28.0518 18.75 12.039 12.8658 10.2934 9.91875 9.6901 9.49466 9.37399 10.5351 9.22535 8.61154 8.28006 14.5687 13.3895 12.4331 34.536 27.5214 30.5603
threshold=0.99349222267034787 1.0000000180025095e-35 15.350000000000003 10.334114583333335 16.900000000000002 -0.19337636264337835 6.7375000000000016 12.070312500000002 1.0353027724959731 0.9989598388634241 16.131770833333338 16.612500000000004 0.048362692321690152 80.500000000000014 23.500000000000004 2.5000000000000004 1.065666172741313 0.20180702842483325 20.200000000000006 18.450000000000003 4.5000000000000009 1.0114098712100164 8.5625000000000018 11.341666666666669 0.97648852793709995 17.450000000000003 0.97648852793709995 1.0000000180025095e-35 20.550000000000004 19.450000000000003
decision_type=2 2 2 2 2 2 2 2 2 2 2 2 2 2 2 2 2 2 2 2 2 2 2 2 2 2 2 2 2 2
left_child=2 8 -1 17 5 15 7 19 9 10 12 -12 -2 14 16 -5 -10 -4 -9 20 -6 -11 -15 24 -8 -25 -27 28 29 -28
right_child=1 -3 3 4 6 -7 23 18 13 21 11 -13 -14 22 -16 -17 -18 -19 -20 -21 -22 -23 -24 25 -26 26 27 -29 -30 -31
leaf_value=0.032714289694215637 0.0093796819213160642 -0.01745398347624345 -0.10995191221586893 0.019308453743813205 0.070953424652525146 0.0068701223966165514 0.0087782715680368995 -0.04932128788784667 -0.017712198664405321 0.09090990654582215 0.19851282779026322 -0.048277059613417356 -0.12786993936329835 0.088015820833795999 -0.1098001875061243 0.14612134371535462 0.10253400405237444 -0.0063024272968412731 0.086945818183883722 0.12755605328515005 -0.027757279807798341 -0.010314171268464635 -0.034029847705177474 0.045018284552212157 -0.077858456908288798 -0.00028395540512917707 0.062731590599101147 -0.015233223441299515 0.088133034207487526 -0.054408603822636792
leaf_weight=192 384 2592 192 96 154 576 560 114 96 480 170 214 384 83 513 192 120 192 51 147 56 96 52 479 598 117853 832 855 664 361
leaf_count=192 384 2592 192 96 154 576 560 114 96 480 170 214 384 83 513 192 120 192 51 147 56 96 52 479 598 117853 832 855 664 361
internal_value=2.5126e-05 -0.00155285 9.10087e-05 7.09838e-05 0.000102356 0.00671296 5.58163e-05 0.0085249 0.00123457 0.0036169 -0.00112847 0.00807292 -0.00572917 -0.00353009 -0.00606996 0.0164931 0.00416667 -0.010026 -0.00469697 0.0146359 0.00785714 0.0131076 0.0101852 1.96396e-05 -0.00418826 5.98956e-05 2.67491e-05 0.00337389 0.00720248 0.00266136
internal_weight=129348 5184 124164 123972 123588 864 122724 522 2592 1728 1152 384 768 864 729 288 216 384 165 357 210 576 135 122202 1158 121044 120565 2712 1857 1193
internal_count=129348 5184 124164 123972 123588 864 122724 522 2592 1728 1152 384 768 864 729 288 216 384 165 357 210 576 135 122202 1158 121044 120565 2712 1857 1193
is_linear=0
shrinkage=0.05


Tree=160
num_leaves=31
num_cat=0
split_feature=11 11 9 8 8 8 3 7 6 11 11 8 0 1 7 8 9 4 7 8 0 0 11 8 0 7 7 0 3 3
split_gain=5.27401 8.90682 11.2313 7.10818 6.90409 6.90312 9.31713 7.55272 6.1557 9.17675 7.64537 19.6445 13.8062 13.6963 9.91144 9.02414 13.0928 18.8897 18.4087 11.8481 10.1494 13.2438 11.8491 9.1746 11.4367 8.11616 7.70922 6.78695 12.8074 7.41239
threshold=0.80519389663381347 0.82284707828887094 25.097135416666671 34.95000000000001 32.750000000000007 33.550000000000004 0.88220160189607266 26.012500000000006 1.0000000180025095e-35 1.1649345393363679 0.94932709307190133 31.850000000000005 23.500000000000004 5.5000000000000009 27.487500000000004 34.350000000000001 22.358333333333338 0.87291090774974645 10.012500000000001 15.350000000000003 51.500000000000007 32.500000000000007 1.0165369992544311 27.750000000000004 70.500000000000014 20.112500000000004 20.112500000000004 56.500000000000007 0.99865421017599998 -0.73866753694953124
decision_type=2 2 2 2 2 2 2 2 2 2 2 2 2 2 2 2 2 2 2 2 2 2 2 2 2 2 2 2 2 2
left_child=5 2 -2 4 -4 6 -1 -7 -3 10 11 14 -13 -14 -10 16 17 23 19 -19 21 22 -17 24 -12 -18 -25 -27 29 -29
right_child=1 8 3 -5 -6 7 -8 -9 9 -11 15 12 13 -15 -16 20 25 18 -20 -21 -22 -23 -24 26 -26 27 -28 28 -30 -31
leaf_value=-0.0098979097487138304 0.13930546481800476 -0.00029503125146561619 0.019925530043306595 -0.043857582614646874 0.42557119203225613 -0.18653341264125631 0.082533256590235748 -0.059225986951837228 0.034221554345667475 0.071001140025702375 0.066543976697195015 -0.08210656233535546 -0.059019953776095951 0.081796101754866873 0.11627143844713431 0.06916403671655616 -0.041220048078373143 -0.024012514481776749 -0.034661356817593261 0.04278665651553766 0.054650880336782851 -0.047309935641165174 0.00054203334281837105 -0.041474026585323287 -0.0015811384842955079 -0.001486972897373562 0.058653494220193642 -0.029241259172906098 0.030766006762680577 -0.10076698350334823
leaf_weight=1824 96 119281 766 192 88 121 96 263 641 288 284 120 216 144 223 132 168 74 642 244 702 303 396 126 100 921 162 390 114 231
leaf_count=1824 96 119281 766 192 88 121 96 263 641 288 284 120 216 144 223 132 168 74 642 244 702 303 396 126 100 921 162 390 114 231
internal_value=2.70588e-05 7.00545e-05 0.00446585 0.00296367 0.00491803 -0.00234375 -0.00111979 -0.00846354 3.01822e-05 0.00151412 0.00111716 0.00446429 -0.00364583 0.00125 0.00896991 0.000215474 -0.00120081 0.0020527 -0.00244792 0.00738994 0.00340835 -0.000330927 0.00445076 0.00848214 0.0135417 -0.00411184 0.00173611 -0.00304952 -0.00663265 -0.00946055
internal_weight=129348 127044 1142 1046 854 2304 1920 384 125902 6621 6333 1344 480 360 864 4989 3456 1632 960 318 1533 831 528 672 384 1824 288 1656 735 621
internal_count=129348 127044 1142 1046 854 2304 1920 384 125902 6621 6333 1344 480 360 864 4989 3456 1632 960 318 1533 831 528 672 384 1824 288 1656 735 621
is_linear=0
shrinkage=0.05


Tree=161
num_leaves=31
num_cat=0
split_feature=0 4 0 7 3 4 1 8 11 3 10 0 4 0 8 3 4 5 6 3 11 11 11 3 10 3 3 3 3 8
split_gain=4.93029 10.1582 10.0187 15.7426 12.1956 22.5895 20.7941 19.7449 11.3306 10.3289 13.3212 26.1528 26.338 16.9402 20.9095 12.6044 12.5258 11.1015 13.0237 10.6778 10.2112 19.634 12.2959 14.4354 12.1609 26.0522 20.25 12.5 12.0595 16.9516
threshold=7.5000000000000009 0.99981043035926087 31.500000000000004 31.512500000000006 -0.8821812062722818 -0.26867065956352881 5.5000000000000009 33.050000000000004 1.0230935316253413 0.75580964594513067 1.0000000180025095e-35 18.500000000000004 -0.48313741114591585 22.500000000000004 26.150000000000002 0.80926549319045582 -0.31800055644052067 1.0000000180025095e-35 1.0000000180025095e-35 0.87397152483179585 0.88579141231058722 0.84409739968617681 0.80519389663381347 -0.99166060804803513 1.0000000180025095e-35 -0.18492532721306487 0.51297097409535064 -0.70291267844185523 -0.99372698525316483 32.550000000000004
decision_type=2 2 2 2 2 2 2 2 2 2 2 2 2 2 2 2 2 2 2 2 2 2 2 2 2 2 2 2 2 2
left_child=1 -1 3 4 5 6 -2 -7 -9 17 11 16 -13 14 -12 -16 19 -6 -19 -11 21 22 -4 -24 26 -26 27 -25 -23 -30
right_child=2 -3 20 -5 9 7 -8 8 -10 10 13 12 -14 -15 15 -17 -18 18 -20 -21 -22 28 23 24 25 -27 -28 -29 29 -31
leaf_value=-0.0042847999832659415 -0.077937648643093382 -0.050258358055728536 -0.01783301867963516 0.092492553667752733 0.010479043604077276 -0.0057962298616480723 0.053158170746169735 0.091984640013937746 -0.039431524560916392 -0.0011039655326271715 0.028812632551250772 0.034817575567997493 -0.089882395821616265 0.024117525318123969 -0.063228210294975898 -0.0092377265194599541 0.027284969626293787 -0.024362792927860255 0.040202303503214409 -0.094833152419873556 -4.247426849985914e-05 0.048986791104312748 0.069031675288304936 -0.17918849385174199 -0.014368980260876185 0.11335627935777169 -0.17024779816229271 0.041539115098345292 -0.063814745401161596 -0.0064851644963709989
leaf_weight=10703 816 80 1536 542 20051 3096 144 384 72 264 405 301 936 1477 250 1815 693 916 96 99 79687 256 256 64 576 446 192 512 1664 1019
leaf_count=10703 816 80 1536 542 20051 3096 144 384 72 264 405 301 936 1477 250 1815 693 916 96 99 79687 256 256 64 576 446 192 512 1664 1019
internal_value=2.43529e-05 -0.000999258 0.000117446 0.000867664 0.000723715 -0.0016844 -0.00848958 0.000154842 0.00986842 0.00112167 -0.000665064 -0.00369603 -0.00862975 0.00109577 -0.00143725 -0.00347458 0.00208333 0.001651 -0.0034585 -0.00544077 -0.000164138 -0.0020664 0.00041876 0.00295699 0.00136872 0.00494129 -0.00338542 0.00130208 -0.00509527 -0.00608461
internal_weight=129348 10783 118565 32357 31815 4512 960 3552 456 27303 6240 2293 1237 3947 2470 2065 1056 21063 1012 363 86208 6521 3582 2046 1790 1022 768 576 2939 2683
internal_count=129348 10783 118565 32357 31815 4512 960 3552 456 27303 6240 2293 1237 3947 2470 2065 1056 21063 1012 363 86208 6521 3582 2046 1790 1022 768 576 2939 2683
is_linear=0
shrinkage=0.05


Tree=162
num_leaves=31
num_cat=0
split_feature=8 8 4 10 8 4 3 3 11 3 11 11 7 11 9 9 11 8 4 0 8 7 3 8 0 3 4 7 0 1
split_gain=5.1972 30.7885 10.3636 14.0625 10.5319 18.176 15.3972 19.0764 35.253 19.4235 26.0613 19.3739 18.9579 18.4767 15.4031 21.6924 14.8423 19.1774 27.2475 18.0458 15.8031 14.7247 12.6494 12.7364 12.2022 12.15 11.1367 12.1479 11.0345 12.1631
threshold=39.550000000000004 39.750000000000007 -0.99983123799342477 1.0000000180025095e-35 34.45000000000001 0.27487873330147788 0.9962888416657264 0.77244481603295057 1.0299448977757397 0.70290292807158605 1.0226926418345352 1.0292706579118427 25.612500000000004 0.9111617968768696 30.108333333333338 29.382031250000001 1.0315188957178159 36.150000000000013 -0.97874870457683594 45.500000000000007 35.850000000000001 34.787500000000016 -0.36647417525074694 39.050000000000004 53.500000000000007 0.49065764355977465 -0.75013812021657655 26.287500000000005 28.500000000000004 2.5000000000000004
decision_type=2 2 2 2 2 2 2 2 2 2 2 2 2 2 2 2 2 2 2 2 2 2 2 2 2 2 2 2 2 2
left_child=2 -2 3 -1 -4 6 7 9 13 10 14 -12 28 -9 15 -6 -13 18 -18 -19 -20 -15 -21 -24 -23 -25 27 -16 29 -10
right_child=1 -3 4 -5 5 -7 -8 8 12 -11 11 16 -14 21 26 -17 17 19 20 22 -22 24 23 25 -26 -27 -28 -29 -30 -31
leaf_value=-0.37200122399461721 -0.12706945492005631 -0.0013002870575085979 -0.00060899318478249145 -0.019993449378659281 0.023502011630148447 0.20631182924864364 0.051151273277349675 0.17826610548373978 0.079067411948340549 0.060198832174422991 -0.090997378194497006 0.10268925529692724 -0.0040784697088547262 -0.066019536748255808 -0.16879522292281593 0.099393447317800115 -0.17069006192823652 0.0010677886312976171 0.016470211224117293 0.37845273572922339 0.073552184847029176 -0.05746687640341222 -0.10215960122040429 0.10676814831270748 0.048843740232266702 -0.1485352690998461 0.059654484705902892 0.013201507204128405 0.11430858302807537 0.0040463162401131571
leaf_weight=96 760 7344 98071 192 956 192 576 96 234 1815 384 384 2666 2054 77 672 192 1743 1536 50 576 222 1586 150 316 100 480 5090 190 548
leaf_count=96 760 7344 98071 192 956 192 576 96 234 1815 384 384 2666 2054 77 672 192 1743 1536 50 576 222 1586 150 316 100 480 5090 190 548
internal_value=1.66218e-05 -0.00120928 9.85616e-05 -0.009375 0.000121118 0.00108696 0.000957344 0.000747163 -0.00157287 0.00167659 0.00104465 -0.00120504 0.00163551 -0.00591518 0.00311684 0.00740172 -0.000542188 -0.00115877 0.00240885 -0.00342381 0.0040483 -0.00671296 -0.00681336 -0.00748911 0.000650558 0.003 0.00188153 0.00120476 0.00761317 0.00498721
internal_weight=129348 8104 121244 288 120956 22885 22693 22117 6326 15791 13976 6701 3638 2688 7275 1628 6317 5933 2304 3629 2112 2592 1886 1836 538 250 5647 5167 972 782
internal_count=129348 8104 121244 288 120956 22885 22693 22117 6326 15791 13976 6701 3638 2688 7275 1628 6317 5933 2304 3629 2112 2592 1886 1836 538 250 5647 5167 972 782
is_linear=0
shrinkage=0.05


Tree=163
num_leaves=31
num_cat=0
split_feature=3 11 0 0 0 0 1 3 10 7 10 9 11 0 4 11 0 4 11 3 4 8 8 9 11 8 1 8 4 0
split_gain=5.18438 33.135 17.6976 33.3549 21.0955 20.2255 25.5932 21.9532 17.2755 16.3266 13.9383 17.3501 13.7446 12.1529 15.0619 12.1313 11.5956 17.8904 19.2604 11.8205 11.56 11 12.3933 10.1492 9.55394 9.4697 9.31002 8.61209 8.55048 8.46006
threshold=0.95998215779580554 0.93309361111522005 86.500000000000014 74.500000000000014 47.500000000000007 19.500000000000004 2.5000000000000004 0.99700008544936913 1.0000000180025095e-35 26.287500000000005 1.0000000180025095e-35 21.584114583333339 0.96717358864259573 81.500000000000014 0.04621408538533487 0.97505701307780457 66.500000000000014 0.029024409397335523 0.96717358864259573 0.99374995976406788 0.19126587156512342 35.95000000000001 32.850000000000001 26.947656250000005 0.9510013064145737 36.850000000000001 4.5000000000000009 33.350000000000001 -0.031174269516803289 74.500000000000014
decision_type=2 2 2 2 2 2 2 2 2 2 2 2 2 2 2 2 2 2 2 2 2 2 2 2 2 2 2 2 2 2
left_child=-1 26 3 4 5 6 24 10 15 -10 -8 -12 -11 14 -5 -7 17 -6 -19 27 21 22 -13 -4 -3 -25 -2 -20 -9 -28
right_child=1 2 23 13 16 8 7 28 9 12 11 20 -14 -15 -16 -17 -18 18 19 -21 -22 -23 -24 25 -26 -27 29 -29 -30 -31
leaf_value=-0.00039713640981986487 -0.089505577846630047 -0.016575462472918901 0.015802688547715604 -0.15341126485781942 0.085580449448191598 0.024487943887118748 0.056474581082168386 -0.0077528768045304732 0.022991965444133913 0.12347399185968727 0.050761334662146856 -0.0094391951545333089 -0.071080054834672529 -0.0017836192509264493 -0.016931346155784868 -0.071020454459185353 0.0062720823908982487 0.084788370381163256 0.019383715403069601 -0.14293067013495461 -0.061065419917589028 -0.051458773393274981 0.056533022768732621 0.14504608543473693 0.049508061123501791 0.019922889078320339 -0.0018623862563337925 -0.070239263067949767 -0.068319057411993359 -0.1378832755713198
leaf_weight=120132 288 60 504 364 969 140 240 100 932 63 60 120 629 445 259 728 712 114 456 95 80 100 100 198 780 99 300 57 140 84
leaf_count=120132 288 60 504 364 969 140 240 100 932 63 60 120 629 445 259 728 712 114 456 95 80 100 100 198 780 99 300 57 140 84
internal_value=2.35798e-05 0.00116645 0.00200726 0.00127535 0.00258801 0.000479869 0.00455056 -0.00111702 -0.00242777 0.000615764 0.00335714 -0.00173913 -0.00520231 -0.00692884 -0.0114366 -0.00812212 0.00633583 0.00858959 0.00263158 -0.000904605 -0.0055 -0.00125 0.005 0.0090824 0.0108929 0.0164141 -0.00952381 0.00209552 -0.0141667 -0.00442708
internal_weight=129348 9216 8544 7743 6675 4272 1780 940 2492 1624 700 460 692 1068 623 868 2403 1691 722 608 400 320 220 801 840 297 672 513 240 384
internal_count=129348 9216 8544 7743 6675 4272 1780 940 2492 1624 700 460 692 1068 623 868 2403 1691 722 608 400 320 220 801 840 297 672 513 240 384
is_linear=0
shrinkage=0.05


Tree=164
num_leaves=31
num_cat=0
split_feature=4 4 7 1 0 7 8 0 11 3 3 8 1 3 8 0 9 8 9 7 8 0 1 4 8 9 11 11 11 8
split_gain=4.87184 16.3461 14.1286 13.857 13.754 16.1128 21.9725 13.0477 14.5713 14.8896 28.5797 23.8705 13.0975 15.4565 13.5122 12.4619 12.0707 13.6595 11.8341 13.9005 11.359 10.8854 10.5149 10.3039 9.67475 10.5645 14.5125 9.62993 15.5047 12.0793
threshold=-0.91249077947840473 -0.89787881968372518 24.337500000000006 2.5000000000000004 85.500000000000014 35.962500000000013 41.650000000000013 20.500000000000004 1.103694758981794 -0.11692013674435776 -0.30983472475487867 34.250000000000007 2.5000000000000004 -0.38242426011641079 31.950000000000003 29.500000000000004 29.186197916666668 36.650000000000013 31.937760416666674 31.712500000000006 40.95000000000001 65.500000000000014 3.5000000000000004 -0.99864786094873803 33.350000000000001 31.714583333333341 1.0202540345051931 0.9510013064145737 0.96902556631768955 39.850000000000001
decision_type=2 2 2 2 2 2 2 2 2 2 2 2 2 2 2 2 2 2 2 2 2 2 2 2 2 2 2 2 2 2
left_child=2 3 -1 -2 5 7 21 8 9 10 12 -11 -4 14 -14 -9 -12 24 -13 22 -17 -7 27 -10 -18 -26 -27 -20 -29 -30
right_child=1 -3 4 -5 -6 6 -8 15 23 11 16 18 13 -15 -16 20 17 -19 19 -21 -22 -23 -24 -25 25 26 -28 28 29 -31
leaf_value=0.17494905945662112 -0.021020347071950597 0.0004424649225313715 -0.082466404238736149 0.072165405282290609 -0.040118936482105738 -0.11246191200369041 0.13077737029950356 0.036309550915616738 -0.11639156760387621 -0.087739627901324016 0.11843870654102631 0.032816873898722322 0.022514822104716361 0.060361190409187776 -0.14230140241141456 0.0026019322711235307 -0.17706221195735028 0.11646234701777303 -0.082960206052133861 0.1065464532484512 0.12334864048441219 0.013276712235903432 -0.073191648763064873 -0.0429575639870933 0.041910205122692903 -0.13165802504887908 0.057344352623039191 0.10134239934550351 -0.068687205231209705 0.034151917985693107
leaf_weight=61 384 106298 252 1340 2218 1770 231 1997 168 601 245 528 105 147 84 9913 105 105 89 179 142 376 424 567 412 84 63 63 244 153
leaf_count=61 384 106298 252 1340 2218 1770 231 1997 168 601 245 528 105 147 84 9913 105 105 89 179 142 376 424 567 412 84 63 63 244 153
internal_value=2.24201e-05 0.000158764 -0.000668198 0.0049884 -0.000737127 -0.000303197 -0.0041544 0.000245951 -0.00201386 -0.000791913 0.00290262 -0.00338667 -0.00586735 0.000595238 -0.00886243 0.00111185 0.00798817 0.00490897 -0.000327381 -0.0031684 0.000395326 -0.00573159 -0.00552415 -0.00846939 0.00225904 0.00487478 -0.00663265 -0.000956284 0.00195652 -0.00170025
internal_weight=129348 108022 21326 1724 21265 19047 2377 16670 4618 3883 1602 2281 588 336 189 12052 1014 769 1680 1152 10055 2146 973 735 664 559 147 549 460 397
internal_count=129348 108022 21326 1724 21265 19047 2377 16670 4618 3883 1602 2281 588 336 189 12052 1014 769 1680 1152 10055 2146 973 735 664 559 147 549 460 397
is_linear=0
shrinkage=0.05


Tree=165
num_leaves=31
num_cat=0
split_feature=0 8 3 7 0 0 10 0 5 1 11 4 11 0 9 7 3 11 1 9 8 8 0 3 0 8 9 11 3 4
split_gain=4.95424 8.85543 8.26845 9.0826 6.93853 9.79752 15.9014 16.4701 11.8557 10.559 13.5132 9.86132 9.79679 10.1304 10.3452 9.74335 24.9484 20.1121 12.3456 11.9334 11.2674 12.9479 23.9104 14.1885 13.2823 11.4062 10.4439 10.0085 9.84748 37.6171
threshold=92.500000000000014 24.650000000000002 0.96465729447553372 20.312500000000004 73.500000000000014 60.500000000000007 1.0000000180025095e-35 64.500000000000014 1.0000000180025095e-35 3.5000000000000004 0.88579141231058722 -0.55656394595157355 1.0165369992544311 64.500000000000014 19.875000000000004 30.412500000000005 -0.96235977360714686 1.1423394090148442 5.5000000000000009 34.42239583333334 44.000000000000007 40.350000000000001 55.500000000000007 0.21022171450811275 23.500000000000004 32.050000000000004 28.932031250000001 0.96985539426879674 -0.159513159777915 -0.96687281075841669
decision_type=2 2 2 2 2 2 2 2 2 2 2 2 2 2 2 2 2 2 2 2 2 2 2 2 2 2 2 2 2 2
left_child=4 -2 -3 -4 5 15 7 11 9 -8 -11 -7 -12 -14 -15 28 27 18 20 -19 21 25 23 -23 -25 26 -18 -17 29 -1
right_child=1 2 3 -5 -6 6 8 -9 -10 10 12 -13 13 14 -16 16 17 19 -20 -21 -22 22 -24 24 -26 -27 -28 -29 -30 -31
leaf_value=0.075395328746022727 0.023316488080911316 -0.0021748351937290523 -0.033691166636451442 0.075988247972021847 -0.0044949616601584813 -0.058232012864020535 -0.01482601173427156 0.04422977417302576 0.06834020223460513 -0.045014847484222291 0.032087255380236004 0.014911052077336251 0.026927338218288813 -0.042524421570480801 -0.0019861476326326513 -0.10513085219369174 0.013411033758320201 -0.04275909809952623 0.031744821503714604 -0.18936493413824707 -0.11052047123661027 0.19563579560158928 -0.12403211684828933 -0.038765293426446593 0.062057612035700066 -0.021346171998356311 0.14272346267248112 -0.037772890982182616 -0.0019805295775576328 0.0035161790844227881
leaf_weight=944 960 2806 64 212 25597 824 5373 5103 598 325 1983 1442 572 315 969 250 1238 856 2490 215 162 203 230 187 1181 9986 163 847 34290 28963
leaf_count=944 960 2806 64 212 25597 824 5373 5103 598 325 1983 1442 572 315 969 250 1238 856 2490 215 162 203 230 187 1181 9986 163 847 34290 28963
internal_value=2.12605e-05 0.00174419 0.000438027 0.00869565 -3.4316e-05 0.000154199 0.00122829 0.00299566 -5.67341e-05 -0.000484953 0.0014049 -0.000551633 0.00223365 -0.000377155 -0.00284268 -7.45088e-05 -0.00110229 -0.000628289 -0.000179924 -0.00725957 -0.000782772 -0.000621777 0.0033176 0.00552196 0.00369152 -0.00124484 0.00298001 -0.0084093 0.000213795 0.000876885
internal_weight=129348 4042 3082 276 125306 99709 17504 7369 10135 9537 4164 2266 3839 1856 1284 82205 18008 16911 15840 1071 13350 13188 1801 1571 1368 11387 1401 1097 64197 29907
internal_count=129348 4042 3082 276 125306 99709 17504 7369 10135 9537 4164 2266 3839 1856 1284 82205 18008 16911 15840 1071 13350 13188 1801 1571 1368 11387 1401 1097 64197 29907
is_linear=0
shrinkage=0.05


Tree=166
num_leaves=31
num_cat=0
split_feature=7 3 8 0 11 8 9 0 3 8 0 3 0 0 11 4 9 3 3 7 1 1 0 8 4 3 3 11 3 9
split_gain=5.51593 13.4787 10.6353 7.60198 7.52151 6.25288 10.9437 25.1488 12.3267 9.61 9.30607 10.5469 7.06022 11.1529 15.8486 6.67103 10.5277 14.4615 18.6529 18.4617 15.462 12.2794 14.7787 8.26413 17.9733 14.037 15.626 28.7008 18.9744 24.764
threshold=39.287500000000016 0.79904096188274243 41.350000000000001 53.500000000000007 1.0863116984423709 42.800000000000004 35.273437500000007 24.500000000000004 0.056951373111866731 41.45000000000001 79.500000000000014 0.29342972903661901 83.500000000000014 19.500000000000004 1.1027172427607128 -0.99628250747696534 29.557031250000005 -0.065535378769913874 1.0000000180025095e-35 27.312500000000004 3.5000000000000004 2.5000000000000004 53.500000000000007 34.45000000000001 0.27487873330147788 0.9962888416657264 0.77244481603295057 1.0299448977757397 0.70290292807158605 30.108333333333338
decision_type=2 2 2 2 2 2 2 2 2 2 2 2 2 2 2 2 2 2 2 2 2 2 2 2 2 2 2 2 2 2
left_child=5 2 3 -2 -4 6 15 8 9 -8 -9 -12 13 14 -7 16 -1 -18 20 -20 -19 -21 -23 -17 25 26 28 -28 29 -25
right_child=1 -3 4 -5 -6 12 7 10 -10 -11 11 -13 -14 -15 -16 23 17 18 19 21 -22 22 -24 24 -26 -27 27 -29 -30 -31
leaf_value=0.055276423286652235 -0.016112561493962119 0.15397633718715015 -0.031646107500300502 -0.1686902488893047 0.049325112549711038 -0.11513964150189011 0.17473631072895301 0.18378449798995009 -0.04297501975383114 -0.048080624841388447 0.1384072374791252 -0.065007723225807723 -0.13239470479376153 0.048424940941778516 0.035502532144658976 -0.00065068987665455329 -0.13958097724852081 0.062821848655833887 0.090251790425838863 -0.15270373274391036 -0.016984077703259715 0.014728913584097825 -0.11440716846052652 0.040377452501805779 0.19630189940942344 0.047973564455963215 -0.042944259910026261 0.0073716930059816834 0.057411372223073444 6.1816590498153798e-05
leaf_weight=288 271 147 509 526 305 140 50 348 200 50 96 96 120 303 60 97207 288 369 144 510 576 589 499 2492 192 576 2846 4567 1815 13169
leaf_count=288 271 147 509 526 305 140 50 348 200 50 96 96 120 303 60 97207 288 369 144 510 576 589 499 2492 192 576 2846 4567 1815 13169
internal_value=2.28067e-05 -0.00275882 -0.00408132 -0.00818695 -6.14251e-05 6.11333e-05 8.56522e-05 0.00577381 -0.00583333 0.0085 0.0122222 0.00338542 -0.00493579 -0.00233598 -0.0115 4.77693e-05 -0.00218357 -0.00306723 -0.00192594 -0.00499426 0.00373016 -0.00653942 -0.0035386 0.000107029 0.000905211 0.0007903 0.000611716 -0.00131188 0.00142767 0.000866803
internal_weight=129348 1758 1611 797 814 127590 126967 840 300 100 540 192 623 503 200 126127 3263 2975 2687 1742 945 1598 1088 122864 25657 25465 24889 7413 17476 15661
internal_count=129348 1758 1611 797 814 127590 126967 840 300 100 540 192 623 503 200 126127 3263 2975 2687 1742 945 1598 1088 122864 25657 25465 24889 7413 17476 15661
is_linear=0
shrinkage=0.05


Tree=167
num_leaves=31
num_cat=0
split_feature=8 0 10 3 7 0 0 4 4 8 3 0 11 11 3 3 0 0 9 3 11 11 0 11 7 11 4 4 9 3
split_gain=5.06416 5.19023 6.70122 8.70769 5.44074 5.30178 8.61371 63.1026 21.119 20.2135 16.081 13.5468 9.56557 9.11339 8.95542 9.27415 10.7908 9.89104 8.32863 8.19558 14.4065 19.0799 11.1424 9.78458 14.8564 12.3737 10.524 9.76477 9.39915 9.2543
threshold=43.550000000000004 93.500000000000014 1.0000000180025095e-35 0.95998215779580554 24.812500000000004 73.500000000000014 78.500000000000014 -0.44505783185115427 -0.7614016681079937 35.050000000000004 -0.35846811432664222 85.500000000000014 0.94542443323476821 0.73745831416842689 -0.96902457013955734 -0.17647087149565668 75.500000000000014 74.500000000000014 15.127864583333336 0.28519915169571858 0.966722927756276 0.98871441963832118 84.500000000000014 1.0267603807040537 9.4625000000000039 1.0230935316253413 -0.40613878790836594 0.089118976521498999 25.885156250000005 0.93845596220871974
decision_type=2 2 2 2 2 2 2 2 2 2 2 2 2 2 2 2 2 2 2 2 2 2 2 2 2 2 2 2 2 2
left_child=1 5 -3 4 -4 -1 7 10 11 14 -7 -8 -13 -10 -9 16 -16 18 -17 23 27 -22 -23 25 -25 -15 -26 -21 -28 -24
right_child=-2 2 3 -5 -6 6 8 9 13 -11 -12 12 -14 19 15 17 -18 -19 -20 20 21 22 29 24 26 -27 28 -29 -30 -31
leaf_value=0.001132066662694342 -0.039504438903867373 0.035191611088158228 0.005886017136926114 0.040144187927478474 -0.037738481803476991 -0.017742071205374545 -0.00078076827069395449 -0.089295972533325607 -0.10889414446897377 -0.17194628116695015 0.063743410115009169 -0.0011506629605875674 -0.067713837992985054 0.013109822337249711 -0.040127364272996152 -0.036705262515072688 0.012527055040735747 -0.064258971923101885 0.060317659350076984 -0.068471356519194157 0.048499540015644271 -0.028051680033500049 -0.00063336525598458595 0.030254282688420633 0.031356177720930134 0.06379918037255479 -0.0086845010603113348 -0.0064503531501564739 -0.069785530935058668 0.030649981393654005
leaf_weight=99339 480 1124 725 126 709 870 2493 475 90 220 1842 749 2108 5730 516 186 774 1608 216 660 778 1668 1791 406 495 270 1049 810 330 711
leaf_count=99339 480 1124 725 126 709 870 2493 475 90 220 1842 749 2108 5730 516 186 774 1608 216 660 778 1668 1791 406 495 270 1049 810 330 711
internal_value=2.20336e-05 4.11274e-05 0.00221684 9.61538e-05 -0.00101116 -5.15121e-06 -0.000628609 -0.00218056 -0.000111729 -0.00617647 0.00370575 -0.00280374 -0.00515401 0.000862186 -0.00531788 -0.00439394 -0.00108527 -0.00651741 0.000497512 0.000959314 -0.000381739 0.000909458 -0.000431655 0.00199879 -0.000789474 0.00305833 -0.00266809 -0.00472789 -0.00491298 0.00167866
internal_weight=129348 128868 2684 1560 1434 126184 26845 6707 20138 3995 2712 5350 2857 14788 3775 3300 1290 2010 402 14698 6418 4948 4170 8280 2280 6000 1874 1470 1379 2502
internal_count=129348 128868 2684 1560 1434 126184 26845 6707 20138 3995 2712 5350 2857 14788 3775 3300 1290 2010 402 14698 6418 4948 4170 8280 2280 6000 1874 1470 1379 2502
is_linear=0
shrinkage=0.05


Tree=168
num_leaves=31
num_cat=0
split_feature=3 7 1 3 1 3 1 8 5 0 7 7 4 5 1 4 0 0 8 8 0 7 0 3 4 1 8 0 10 8
split_gain=5.38483 15.0322 12.0806 9.81296 33.1681 22.57 22.5184 20.2227 14.7347 12.1918 11.5645 7.91652 19.7822 7.75201 7.41461 8.14367 6.78075 8.63932 6.60126 5.60557 5.30844 10.7839 5.58484 14.6067 25.285 26.9708 21.3344 14.8553 18.8879 14.7887
threshold=0.99939377080793557 29.112500000000004 3.5000000000000004 0.99053107487289871 2.5000000000000004 0.99552231814189451 3.5000000000000004 35.050000000000004 1.0000000180025095e-35 80.500000000000014 27.012500000000006 28.687500000000004 0.071972700440407641 1.0000000180025095e-35 2.5000000000000004 1.0000000180025095e-35 17.500000000000004 32.500000000000007 37.150000000000013 33.050000000000004 1.5000000000000002 24.812500000000004 32.500000000000007 -0.8821812062722818 -0.26867065956352881 5.5000000000000009 33.050000000000004 27.500000000000004 1.0000000180025095e-35 33.95000000000001
decision_type=2 2 2 2 2 2 2 2 2 2 2 2 2 2 2 2 2 2 2 2 2 2 2 2 2 2 2 2 2 2
left_child=3 13 14 20 7 9 -7 16 10 -6 -9 -8 19 -2 15 -3 -5 -18 -12 -13 21 -1 23 24 25 29 27 -26 -29 -22
right_child=1 2 -4 4 5 6 11 8 -10 -11 18 12 -14 -15 -16 -17 17 -19 -20 -21 22 -23 -24 -25 26 -27 -28 28 -30 -31
leaf_value=0.004102288045781677 -0.016470543588808086 -0.086945443277063106 -0.056854684874189591 0.077505705484451681 -0.08899044388601994 0.08362259435455642 -0.013609293227597874 0.073085251657610692 -0.15585181596605793 0.019657851797934712 -0.032258179335313032 0.12120461590602361 -0.20164612690262232 -0.10884179661930632 0.11439787340600134 0.045491863958039863 -0.00027218698049438219 0.08529720319798316 0.076434249282290534 0.025813946366770327 -0.089340100479461171 -0.046221539387632765 -0.0014635878679143844 0.0045704799323345929 -0.013058995419418552 0.05204524375780082 0.068649758417768686 0.11425320387471345 -0.0020761910438466201 0.04424580075297229
leaf_weight=1373 607 62 62 162 324 192 1110 205 96 60 212 158 63 205 86 130 135 567 63 109 961 1226 81835 34478 3354 186 589 210 435 93
leaf_count=1373 607 62 62 162 324 192 1110 205 96 60 212 158 63 205 86 130 135 567 63 109 961 1226 81835 34478 3354 186 589 210 435 93
internal_value=1.77815e-05 -0.00338542 0.00544118 4.83634e-05 0.0026765 -0.00146329 0.00110294 0.00847222 0.00121528 -0.0123698 0.00479167 -0.00104167 0.00575758 -0.00708128 0.00989209 0.00442708 0.0133102 0.0111823 -0.00190909 0.0117041 -2.44509e-05 -0.00226048 2.3129e-05 0.000504888 -0.00181023 -0.00814516 -9.8082e-05 -0.0014066 0.00554264 -0.0112429
internal_weight=129348 1152 340 128196 3456 2016 1632 1440 576 384 480 1440 330 812 278 192 864 702 275 267 124740 2599 122141 40306 5828 1240 4588 3999 645 1054
internal_count=129348 1152 340 128196 3456 2016 1632 1440 576 384 480 1440 330 812 278 192 864 702 275 267 124740 2599 122141 40306 5828 1240 4588 3999 645 1054
is_linear=0
shrinkage=0.05


Tree=169
num_leaves=31
num_cat=0
split_feature=3 7 1 3 1 3 1 8 8 7 0 0 1 4 5 3 7 8 0 0 7 7 11 8 4 7 11 11 9 9
split_gain=4.97243 13.4128 11.6297 9.09928 31.1786 21.6054 21.1667 17.3344 12.2925 17.5352 11.8871 10.1805 7.64283 8.48877 7.25982 7.0127 10.2609 10.9843 6.80915 8.72112 8.34961 6.72674 6.10152 5.50912 5.37037 5.64465 5.18879 26.0129 19.4182 28.1957
threshold=0.99939377080793557 28.512500000000006 3.5000000000000004 0.99053107487289871 2.5000000000000004 0.99552231814189451 3.5000000000000004 35.050000000000004 36.250000000000007 30.137500000000006 80.500000000000014 44.500000000000007 2.5000000000000004 1.0000000180025095e-35 1.0000000180025095e-35 0.9962888416657264 29.212500000000006 33.050000000000004 17.500000000000004 83.500000000000014 29.512500000000006 34.312500000000007 0.94757355787554809 34.550000000000004 0.04621408538533487 22.512500000000006 0.94187976625705427 0.95955207118900387 14.300520833333335 15.938020833333335
decision_type=2 2 2 2 2 2 2 2 2 2 2 2 2 2 2 2 2 2 2 2 2 2 2 2 2 2 2 2 2 2
left_child=3 14 12 26 7 10 -7 18 11 -10 -6 -9 13 -3 22 -8 -17 -18 -5 20 24 -11 -2 -22 -20 -26 28 -28 -1 -30
right_child=1 2 -4 4 5 6 15 8 9 21 -12 -13 -14 -15 -16 16 17 -19 19 -21 23 -23 -24 -25 25 -27 27 -29 29 -31
leaf_value=-0.029649729703036344 -0.02734757288353791 -0.094979745529423815 -0.054011950630479789 0.073630420210229627 -0.084540921691719007 0.079441464636828843 -0.048775941125934003 -0.13021017724901826 0.085765472131109285 -0.11547859118762674 0.018674959208037478 0.005990393941797123 0.10800663728262805 0.041256900249531728 -0.10352704348597969 -0.010332035622413827 0.13357571170657254 -0.010558409549874172 -0.013966524029315509 0.11777745797190847 0.12563669198183192 0.010094334646171889 -0.0016783857941518932 0.034341744771441543 -0.015959243424975258 0.070811174330739843 -0.0187932887892579 9.7971181475031699e-05 0.077327866687022614 0.0048007889207951852
leaf_weight=1056 205 66 66 162 324 192 96 90 217 68 60 102 93 143 199 1084 126 134 126 108 184 99 380 71 62 151 6048 93861 672 23103
leaf_count=1056 205 66 66 162 324 192 96 90 217 68 60 102 93 143 199 1084 126 134 126 108 184 99 380 71 62 151 6048 93861 672 23103
internal_value=1.50756e-05 -0.00325521 0.00461957 4.44632e-05 0.00257523 -0.00143849 0.0010723 0.00819444 0.00147569 0.00664063 -0.0121094 -0.00885417 0.00877483 0.0034689 -0.00695153 -0.00100694 -7.44048e-05 0.00884615 0.0126736 0.0105413 0.00816498 -0.00553892 -0.0041453 0.015 0.0030236 0.00786385 -2.56534e-05 -0.00018642 0.000621199 0.000915878
internal_weight=129348 1152 368 128196 3456 2016 1632 1440 576 384 384 192 302 209 784 1440 1344 260 864 702 594 167 585 255 339 213 124740 99909 24831 23775
internal_count=129348 1152 368 128196 3456 2016 1632 1440 576 384 384 192 302 209 784 1440 1344 260 864 702 594 167 585 255 339 213 124740 99909 24831 23775
is_linear=0
shrinkage=0.05


Tree=170
num_leaves=31
num_cat=0
split_feature=7 3 8 11 0 8 9 7 7 4 9 3 3 8 11 8 0 0 1 8 11 8 4 8 8 3 9 9 11 3
split_gain=4.9373 11.403 10.2993 7.08168 6.91713 5.83391 10.5305 21.8791 6.6278 6.07593 9.92412 12.9372 16.272 17.7271 19.6293 14.3408 12.5578 10.2585 13.9975 9.76389 9.12543 8.00286 15.0881 14.0123 28.3991 26.4183 18.1434 20.1354 21.0092 26.2656
threshold=39.287500000000016 0.79904096188274243 41.350000000000001 1.0863116984423709 53.500000000000007 42.800000000000004 35.273437500000007 31.212500000000006 35.38750000000001 -0.99628250747696534 29.557031250000005 -0.065535378769913874 1.0000000180025095e-35 34.45000000000001 0.98966156713236464 38.750000000000007 65.500000000000014 52.500000000000007 2.5000000000000004 38.350000000000001 0.99290724717615986 34.45000000000001 0.27487873330147788 33.45000000000001 33.650000000000013 -0.93545489084327571 29.611718750000001 29.979947916666667 1.0871761346197866 -0.30983472475487867
decision_type=2 2 2 2 2 2 2 2 2 2 2 2 2 2 2 2 2 2 2 2 2 2 2 2 2 2 2 2 2 2
left_child=5 2 4 -4 -2 6 9 -8 -9 10 -1 -12 15 16 -15 20 -14 18 -16 -19 -13 23 -23 26 25 -25 -11 28 -28 -30
right_child=1 -3 3 -5 -6 -7 7 8 -10 21 11 12 13 14 17 -17 -18 19 -20 -21 -22 22 -24 24 -26 -27 27 -29 29 -31
leaf_value=0.051626854070183727 -0.015295255918077545 0.14723376082751544 -0.02977592986413953 0.046870534423410964 -0.16024405894365332 -0.047579969041800042 -0.035079000662901198 0.05233651726686759 0.17361797940160245 -0.00020265551117120141 -0.13272393058804469 0.077933355407282079 0.099610194364993992 -0.22778884608912053 -0.090370122861601496 0.098855320864328189 -0.089146562274245167 -0.15738515465038605 0.026899018205267567 -0.079081470065986537 -0.020248990515700171 0.006510412589923931 0.1860040894635823 0.14345209783324009 -0.0055712773296264125 -0.10120273651668797 0.14121209399591095 -0.07731216097619438 0.073148464968423352 -0.11725108195902721
leaf_weight=288 271 147 509 305 526 623 152 439 249 87436 288 192 198 192 208 177 90 168 516 370 576 25465 192 96 6616 1152 1043 288 288 288
leaf_count=288 271 147 509 305 526 623 152 439 249 87436 288 192 198 192 208 177 90 168 516 370 576 25465 192 96 6616 1152 1043 288 288 288
internal_value=1.50756e-05 -0.00261661 -0.00383302 0.00012285 -0.00787327 5.13363e-05 7.50195e-05 0.00565476 0.00944767 3.78587e-05 -0.00209163 -0.00294958 -0.00187012 -0.00473594 -0.00698074 0.0034127 0.00659722 -0.00471474 -0.000828729 -0.00994424 0.000455729 9.44133e-05 0.000879877 -0.000112903 -0.00213632 -0.00905449 6.51982e-05 0.00488988 0.00705683 -0.000607639
internal_weight=129348 1758 1611 814 797 127590 126967 840 688 126127 3263 2975 2687 1742 1454 945 288 1262 724 538 768 122864 25657 97207 7864 1248 89343 1907 1619 576
internal_count=129348 1758 1611 814 797 127590 126967 840 688 126127 3263 2975 2687 1742 1454 945 288 1262 724 538 768 122864 25657 97207 7864 1248 89343 1907 1619 576
is_linear=0
shrinkage=0.05


Tree=171
num_leaves=31
num_cat=0
split_feature=0 4 10 8 9 8 3 7 9 11 4 9 7 7 1 1 8 3 1 3 8 1 11 9 8 8 3 4 10 8
split_gain=4.69191 4.71751 14.9569 12.0557 16.5607 15.1684 15.5374 13.2118 16.1845 11.2281 28.281 18.0741 27.9297 17.8963 10.8164 10.1333 10.0842 9.16053 9.11296 9.05757 8.80704 8.38364 8.21368 7.3896 13.4965 12.8342 11.5532 10.807 30.4538 24.6439
threshold=94.500000000000014 0.99349222267034787 1.0000000180025095e-35 15.350000000000003 10.334114583333335 16.900000000000002 -0.19337636264337835 6.7375000000000016 12.070312500000002 1.0353027724959731 0.9989598388634241 16.131770833333338 16.612500000000004 9.1875000000000018 3.5000000000000004 2.5000000000000004 18.450000000000003 0.20180702842483325 3.5000000000000004 0.048362692321690152 20.050000000000004 1.5000000000000002 1.0114098712100164 11.341666666666669 18.950000000000003 17.450000000000003 0.3342611484689354 0.97648852793709995 1.0000000180025095e-35 20.550000000000004
decision_type=2 2 2 2 2 2 2 2 2 2 2 2 2 2 2 2 2 2 2 2 2 2 2 2 2 2 2 2 2 2
left_child=1 3 9 -1 17 6 15 8 16 10 11 13 -13 -3 -11 -6 18 -5 -7 -15 -10 -14 -12 24 -9 26 -25 -27 29 -29
right_child=-2 2 -4 4 5 7 -8 23 20 14 22 12 21 19 -16 -17 -18 -19 -20 -21 -22 -23 -24 25 -26 27 -28 28 -30 -31
leaf_value=0.030445760286986714 0.019614617786047006 0.059016921624669295 -0.016573809256584582 -0.10905529531785377 0.018317072125429944 0.075935798805059573 0.005967207428314936 -0.038004342488639514 -0.047484573018036262 -0.051839685126444129 0.087704699130065941 0.18933227173834269 -0.12673139113098913 -0.0074693182321723846 0.031110087545337707 0.13791109157190248 0.12054890109630777 -0.0067063441966510595 -0.013496412915577594 -0.14651202358938351 0.076718628433698657 0.048265077597923783 -0.0093482037950948903 -0.0028828483700486631 0.12735573190642244 -0.00059756763092480016 0.058352875419706157 0.017832407028979702 -0.015251535018202134 0.082993145206597785
leaf_weight=190 1347 146 2565 190 95 118 570 1071 112 570 475 167 108 263 285 190 147 190 92 351 53 105 95 190 73 116623 284 1180 846 657
leaf_count=190 1347 146 2565 190 95 118 570 1071 112 570 475 167 108 263 285 190 147 190 92 351 53 105 95 190 73 116623 284 1180 846 657
internal_value=1.54622e-05 -1.54296e-05 -0.00150097 4.65936e-05 2.71028e-05 5.94844e-05 0.00669591 1.27629e-05 0.00795019 0.00119883 0.00353801 -0.00100877 0.00789474 -0.00546053 -0.00347953 0.0162281 0.0139356 -0.0103947 0.00690476 -0.00920195 -0.005 -0.00410798 0.0126316 -2.15011e-05 -0.00402098 1.66973e-05 0.00822785 -1.59254e-05 0.00312151 0.00673653
internal_weight=129348 128001 5130 122871 122681 122301 855 121446 522 2565 1710 1140 380 760 855 285 357 380 210 614 165 213 570 120924 1144 119780 474 119306 2683 1837
internal_count=129348 128001 5130 122871 122681 122301 855 121446 522 2565 1710 1140 380 760 855 285 357 380 210 614 165 213 570 120924 1144 119780 474 119306 2683 1837
is_linear=0
shrinkage=0.05


Tree=172
num_leaves=31
num_cat=0
split_feature=3 7 1 3 1 3 1 8 5 0 0 0 1 4 0 4 0 8 1 0 1 0 0 7 0 3 3 8 0 9
split_gain=4.34537 13.1378 10.0036 8.37215 31.5328 20.0767 18.9807 16.5375 12.0125 11.5861 11.3317 10.3355 7.17331 7.64379 6.66514 6.86644 12.9428 8.00333 7.05689 8.76992 6.65128 6.61159 8.29863 7.6141 6.14608 7.28571 5.83122 5.69032 5.62169 5.5254
threshold=0.99939377080793557 28.512500000000006 3.5000000000000004 0.99053107487289871 2.5000000000000004 0.99552231814189451 3.5000000000000004 35.050000000000004 1.0000000180025095e-35 80.500000000000014 22.500000000000004 84.500000000000014 2.5000000000000004 1.0000000180025095e-35 74.500000000000014 -0.048362832084465616 26.500000000000004 33.050000000000004 4.5000000000000009 35.500000000000007 2.5000000000000004 17.500000000000004 83.500000000000014 29.512500000000006 16.500000000000004 0.99983759474438971 0.99995780822346225 37.150000000000013 42.500000000000007 23.317968750000002
decision_type=2 2 2 2 2 2 2 2 2 2 2 2 2 2 2 2 2 2 2 2 2 2 2 2 2 2 2 2 2 2
left_child=3 20 12 -1 7 9 -7 21 10 -6 -9 27 13 -3 15 17 -17 -8 -18 -20 24 -5 23 -23 25 -2 -26 -12 -28 -16
right_child=1 2 -4 4 5 6 14 8 -10 -11 11 -13 -14 -15 29 16 18 -19 19 -21 -22 22 -24 -25 26 -27 28 -29 -30 -31
leaf_value=-0.0001407608925553916 -0.012467060500449635 -0.090190747095847013 -0.047198783481535146 0.069955299199757098 -0.080441691152555714 0.075509402562092737 0.10975103948931562 0.079636581669805653 -0.14865438711279497 0.017781222404741472 -0.032785054065760731 0.20254832258766273 0.10290211221545605 0.039234066394161007 -0.099361723731664145 -0.02453403697676464 0.059311800248239878 -0.0039084134994887164 0.0501181833269186 -0.017490470231058455 -0.05479157909519472 0.016112953260909536 0.11159294282536365 0.088025196912023776 -0.048167133855285732 0.044666501767480327 -0.045605907160506831 0.060695364211290584 0.092413074463830472 -0.029650491739235466
leaf_weight=124740 51 66 66 162 324 192 150 115 96 60 248 55 93 143 105 297 192 150 63 273 321 339 108 255 239 68 51 62 54 210
leaf_count=124740 51 66 66 162 324 192 150 115 96 60 248 55 93 143 105 297 192 150 63 273 321 339 108 255 239 68 51 62 54 210
internal_value=1.89412e-05 -0.00303819 0.00475543 4.64133e-05 0.00247396 -0.0015625 0.000857843 0.008125 0.0015625 -0.011849 0.00479167 0.000479452 0.00860927 0.0034689 -0.00111111 0.000688889 -0.00166667 0.00716667 0.0030303 -0.00133929 -0.00669643 0.0125 0.0103989 0.00808081 -0.00286177 0.00693277 -0.00625 -0.00306452 0.00357143 -0.00753968
internal_weight=129348 1152 368 128196 3456 2016 1632 1440 576 384 480 365 302 209 1440 1125 825 300 528 336 784 864 702 594 463 119 344 310 105 315
internal_count=129348 1152 368 128196 3456 2016 1632 1440 576 384 480 365 302 209 1440 1125 825 300 528 336 784 864 702 594 463 119 344 310 105 315
is_linear=0
shrinkage=0.05


Tree=173
num_leaves=31
num_cat=0
split_feature=0 8 3 7 0 0 5 3 9 0 3 7 3 11 8 9 11 8 11 8 4 9 7 7 3 11 9 1 8 9
split_gain=4.37218 7.97649 8.70176 8.43427 5.72325 9.35008 15.6801 9.90917 15.854 26.2328 19.3102 13.3799 13.1107 11.3547 11.6356 10.2204 10.119 11.5144 9.41548 8.40325 14.9492 9.50706 12.7684 8.36286 23.6211 20.0257 11.3492 10.2489 10.651 14.5117
threshold=92.500000000000014 24.650000000000002 0.96465729447553372 20.312500000000004 73.500000000000014 59.500000000000007 1.0000000180025095e-35 0.1169228398841501 30.048697916666672 68.500000000000014 0.83849049182116964 31.912500000000005 0.74443451080969758 1.044457029130015 20.450000000000003 14.777604166666668 1.145836891908117 42.100000000000001 0.89222405554218354 33.850000000000001 0.089118976521498999 29.475000000000001 35.13750000000001 30.412500000000005 -0.95754239937548935 1.1423394090148442 34.42239583333334 5.5000000000000009 38.45000000000001 34.057291666666679
decision_type=2 2 2 2 2 2 2 2 2 2 2 2 2 2 2 2 2 2 2 2 2 2 2 2 2 2 2 2 2 2
left_child=4 -2 -3 -4 5 23 7 19 11 10 16 12 13 14 15 -9 17 -10 -16 -7 21 -21 -23 -1 -25 27 -27 -26 29 -29
right_child=1 2 3 -5 -6 6 -8 8 9 -11 -12 -13 -14 -15 18 -17 -18 -19 -20 20 -22 22 -24 24 25 26 -28 28 -30 -31
leaf_value=0.0010462965581808704 0.021079676763485367 -0.0019408675829154733 -0.02946419315168285 0.067808403187481756 -0.0041535242193305065 -0.0064198052652358235 0.067208321225896844 0.0099613128384945081 -0.11644968435745683 0.064873232884324492 0.074591673901805683 0.065190177226745055 -0.0021521647286107284 0.15802915159281669 -0.036726958947186715 -0.072428203474812852 0.044651063799025795 0.054768587933767071 0.062469418693248006 -0.14495982280027847 0.12274624228879034 0.06121291847330497 -0.037487510529727784 -0.051361662144798009 -0.0073581830827436079 -0.042130323430915696 -0.18047840835300805 0.022646353592898551 0.10034375104906133 -0.2266041959144971
leaf_weight=63525 960 2806 64 212 25597 7927 1078 1274 1063 850 189 954 2319 183 154 70 171 108 990 56 154 772 540 1096 12799 826 211 1809 532 59
leaf_count=63525 960 2806 64 212 25597 7927 1078 1274 1063 850 189 954 2319 183 154 70 171 108 990 56 154 772 540 1096 12799 826 211 1809 532 59
internal_value=2.66722e-05 0.00164523 0.000405581 0.00887681 -2.55375e-05 0.000145674 0.00114842 0.000793294 0.00205105 -0.00139647 -0.00530699 0.00343203 0.00239479 0.00478285 0.00389871 0.000744048 -0.00741431 -0.00907344 0.0076049 -0.000314848 0.00308804 0.00142544 0.00228659 -8.81185e-05 -0.00106162 -0.00058204 -0.00730473 -0.000123363 0.002875 0.00109743
internal_weight=129348 4042 3082 276 125306 99709 18852 17774 8325 2381 1531 5944 4990 2671 2488 1344 1342 1171 1144 9449 1522 1368 1312 80857 17332 16236 1037 15199 2400 1868
internal_count=129348 4042 3082 276 125306 99709 18852 17774 8325 2381 1531 5944 4990 2671 2488 1344 1342 1171 1144 9449 1522 1368 1312 80857 17332 16236 1037 15199 2400 1868
is_linear=0
shrinkage=0.05


Tree=174
num_leaves=31
num_cat=0
split_feature=11 11 1 8 8 8 9 4 10 9 9 3 9 3 3 9 9 1 4 3 0 9 4 3 1 9 9 11 10 11
split_gain=4.46064 25.7552 20.8478 13.6307 14.5917 15.9292 12.9654 12.6811 36.0014 13.0692 25.0185 22.6194 22.3779 34.6161 38.0185 22.9644 25.1254 20.2694 22.023 20.2043 18.9765 18.7038 17.7788 15.7594 15.4212 13.8405 15.7706 13.7237 17.8191 24.4758
threshold=0.98229519356535999 0.9763748118454606 1.0000000180025095e-35 24.250000000000004 26.550000000000004 30.550000000000004 10.96640625 -0.99628250747696534 1.0000000180025095e-35 29.327864583333341 29.732812500000005 -0.61237985104942771 27.773177083333334 -0.54220184589352438 -0.8821812062722818 27.401302083333334 27.355208333333341 1.0000000180025095e-35 -0.49812626372919411 -0.47558551945199218 47.500000000000007 27.983333333333338 0.29137697329261131 -0.73866753694953124 2.5000000000000004 28.427604166666669 28.518489583333338 0.96717358864259573 1.0000000180025095e-35 0.9376564614392775
decision_type=2 2 2 2 2 2 2 2 2 2 2 2 2 2 2 2 2 2 2 2 2 2 2 2 2 2 2 2 2 2
left_child=1 6 -3 -4 -5 -6 -1 8 -8 12 27 -12 15 14 22 16 -9 -17 23 -15 21 -16 -14 -19 -22 -21 -27 28 29 -11
right_child=-2 2 3 4 5 -7 7 9 -10 10 11 -13 13 19 20 17 -18 18 -20 25 24 -23 -24 -25 -26 26 -28 -29 -30 -31
leaf_value=-0.13582879807397746 -0.0011359492233538049 -0.15700001638920186 0.13443401079405035 -0.008971536395615232 0.08734298464672037 0.031818575262903437 -0.18063308060787764 0.0012009065303971056 0.051037168290500291 -0.032396850129767785 -0.11502625244120424 0.011549497099402117 -0.05130044316984908 -0.15137913701281536 -0.030519714864091441 0.10432355142744641 -0.10558345727645034 -0.039445654303420952 -0.044667831954386374 -0.056331215014508024 -0.061760737819243162 0.08672119011496876 0.12433910642485345 0.055131540613703581 0.033211630474509944 0.14058002250761634 -0.031232176170563977 -0.042661992482300806 0.16224995934934017 0.20058712690693598
leaf_weight=96 82557 96 384 672 384 1147 288 24379 192 480 288 6408 1152 480 144 480 192 288 384 1632 528 1103 96 1440 720 182 2012 192 664 288
leaf_count=96 82557 96 384 672 384 1147 288 24379 192 480 288 6408 1152 480 144 480 192 288 384 1632 528 1103 96 1440 720 182 2012 192 664 288
internal_value=2.5126e-05 0.000415144 0.00517145 0.00602049 0.00450522 0.00720118 0.000125828 0.000165864 -0.00791667 0.000254985 0.00203726 0.000686977 -0.000166137 -0.00248167 0.00103527 0.000520009 4.78206e-05 0.00499614 0.00288826 -0.00553878 0.0045992 0.00896151 -0.00608974 0.00529514 0.000240385 -0.00432567 -0.001732 0.00760468 0.00928771 0.00410156
internal_weight=129348 46791 2683 2587 2203 1531 44108 44012 480 43532 8320 6696 35212 8049 3743 27163 24571 2592 2112 4306 2495 1247 1248 1728 1248 3826 2194 1624 1432 768
internal_count=129348 46791 2683 2587 2203 1531 44108 44012 480 43532 8320 6696 35212 8049 3743 27163 24571 2592 2112 4306 2495 1247 1248 1728 1248 3826 2194 1624 1432 768
is_linear=0
shrinkage=0.05


Tree=175
num_leaves=31
num_cat=0
split_feature=0 10 4 7 9 11 9 9 8 11 3 1 9 5 7 9 9 3 3 3 11 11 3 7 4 11 0 7 11 11
split_gain=4.54921 13.6482 14.6759 13.4641 11.7536 16.3025 10.3421 22.6762 12.9122 10.3166 10.3452 9.77601 13.23 10.6036 9.53305 9.18533 9.07028 11.657 9.17188 11.1836 9.16822 17.808 9.42524 15.6233 9.70787 8.98072 8.82789 14.3235 9.42651 9.13467
threshold=9.5000000000000018 1.0000000180025095e-35 0.99958851518450398 25.612500000000004 27.983333333333338 0.93656793184022147 26.947656250000005 24.729427083333338 36.150000000000013 0.99167509322876013 0.69056404122701587 5.5000000000000009 15.938020833333335 1.0000000180025095e-35 27.687500000000004 27.773177083333334 34.42239583333334 0.19337368024598436 0.99818282439137029 0.97112537654464559 1.1538549292311382 1.1102543501962845 0.65883702558178847 26.712500000000006 -0.99465740988130902 1.0923437463937298 31.500000000000004 31.012500000000006 0.73745831416842689 0.7641759112864478
decision_type=2 2 2 2 2 2 2 2 2 2 2 2 2 2 2 2 2 2 2 2 2 2 2 2 2 2 2 2 2 2
left_child=1 16 3 6 -5 -6 7 11 9 10 -8 13 -13 -3 -7 -12 18 -18 19 20 21 22 24 -24 -1 -26 27 28 -2 -30
right_child=26 2 -4 4 5 14 8 -9 -10 -11 15 12 -14 -15 -16 -17 17 -19 -20 -21 -22 -23 23 -25 25 -27 -28 -29 29 -31
leaf_value=-0.0879426758659939 0.076061727485818409 0.007728384222730967 -0.054298218041736845 -0.10075012551647547 0.054805037617738611 -0.017250695553147465 0.030648446125497487 -0.040074298442399937 -0.02118928260159976 0.056717069877963412 0.036972571955755033 -0.04802310576102542 0.0013048504239591809 -0.028458492182370777 -0.070681327108417236 -0.11233564278097248 0.10646047778369053 -0.067927736576736217 -0.028317734542198991 0.044597906919233314 0.064856246538823825 -0.074897577132382764 -0.025843726496636778 0.08290156456368436 0.015341202973166192 0.18156949609218742 -0.00091411829415903871 0.077698124566853724 -0.056379467193985282 0.0034417056112033607
leaf_weight=120 132 2440 70 462 339 1193 286 777 252 408 50 180 270 110 898 75 110 270 70 210 70 190 768 142 3610 110 86208 753 132 28643
leaf_count=120 132 2440 70 462 339 1193 286 777 252 408 50 180 270 110 898 75 110 270 70 210 70 190 768 142 3610 110 86208 753 132 28643
internal_value=1.62353e-05 -0.000853116 -0.00220871 -0.00200258 -0.00470263 -0.00331276 -0.000391914 -0.00162166 0.00394491 0.00699023 0.00139903 0.00035 -0.00644444 0.00154902 -0.00496174 -0.0106 0.00101411 -0.00644737 0.00155009 0.00179119 0.00131737 0.00106275 0.00166316 -0.00291209 0.0027474 0.00319892 0.000117375 0.00086143 0.00068409 0.000622937
internal_weight=129348 13480 7810 7740 2892 2430 4848 3777 1071 819 411 3000 450 2550 2091 125 5670 380 5290 5220 5010 4940 4750 910 3840 3720 115868 29660 28907 28775
internal_count=129348 13480 7810 7740 2892 2430 4848 3777 1071 819 411 3000 450 2550 2091 125 5670 380 5290 5220 5010 4940 4750 910 3840 3720 115868 29660 28907 28775
is_linear=0
shrinkage=0.05


Tree=176
num_leaves=31
num_cat=0
split_feature=0 4 7 3 0 8 0 1 4 10 11 4 8 4 7 1 7 3 11 8 4 3 10 11 11 3 7 3 8 3
split_gain=4.65858 5.49576 4.18148 9.59455 10.7653 6.28413 5.7911 4.93323 4.3044 16.8077 17.3622 27.2853 24.0856 10.9491 11.6263 9.60826 7.68561 26.6851 27.013 23.7722 17.2356 10.0775 9.93655 14.3927 8.55534 7.54202 7.45085 7.10296 6.84422 18.5738
threshold=1.0000000180025095e-35 -0.79382744783423187 40.162500000000009 0.58481550752069722 53.500000000000007 42.100000000000001 62.500000000000007 3.5000000000000004 0.99748108949426018 1.0000000180025095e-35 1.0114098712100164 0.9989598388634241 20.200000000000006 0.99855310097228334 15.612500000000002 3.5000000000000004 8.5625000000000018 0.59177612190863982 1.0326169115782082 18.450000000000003 0.97461712852231652 0.16799745313369893 1.0000000180025095e-35 0.99854175964657033 1.0912314765539939 -0.19337636264337835 7.5625000000000009 0.20180702842483325 16.900000000000002 -0.2270106897347694
decision_type=2 2 2 2 2 2 2 2 2 2 2 2 2 2 2 2 2 2 2 2 2 2 2 2 2 2 2 2 2 2
left_child=1 -1 8 4 -4 -6 7 -5 16 10 11 12 -10 14 -14 -11 17 18 20 24 22 -22 23 -2 -20 -26 -23 -28 29 -18
right_child=2 -3 3 6 5 -7 -8 -9 9 15 -12 -13 13 -15 -16 -17 28 -19 19 -21 21 26 -24 -25 25 -27 27 -29 -30 -31
leaf_value=-0.078353066113177772 -0.047180557614680652 -0.0052278803867025665 0.03156916368090066 0.053055663032453994 -0.13683779408857719 -0.01472949687352383 0.18257376876727421 -0.043356197892565264 -0.19406867908709274 -0.044193247733437607 -0.034108493675164199 0.083519839017341724 0.088939384843064323 0.21312257775346383 -0.089079572863029463 -0.0043003498874966796 0.19473068235243432 -0.027437221924475355 0.021202696784055064 0.070469066938193242 0.0041579852077965997 -0.10415709447572966 -0.0048651705019125309 0.072722132409342069 0.019130362250638203 -0.044270198141785504 0.012995671375654183 -0.068513629082027447 9.9558464391691359e-05 0.0092572153032989494
leaf_weight=338 97 1009 238 195 324 155 55 96 190 855 665 475 95 95 95 760 95 264 694 661 166 165 439 361 73 121 89 64 119285 1134
leaf_count=338 97 1009 238 195 324 155 55 96 190 855 665 475 95 95 95 760 95 264 694 661 166 165 439 361 73 121 89 64 119285 1134
internal_value=1.12101e-05 -0.00291388 4.19919e-05 -0.0030809 -0.00638075 -0.0106994 0.00375723 0.000945017 6.81435e-05 -0.00173375 0.00187307 0.00621053 -0.00226316 0.00692982 0 -0.00534056 0.000115191 0.00253601 0.00390785 0.00844093 -0.00117668 -0.00878099 0.00292642 0.0080786 0.00309685 -0.00618557 -0.0139937 -0.00604575 5.10314e-05 0.00376322
internal_weight=129348 1347 128001 1063 717 479 346 291 126938 3230 1615 950 475 285 190 1615 123708 3194 2930 1549 1381 484 897 458 888 194 318 153 120514 1229
internal_count=129348 1347 128001 1063 717 479 346 291 126938 3230 1615 950 475 285 190 1615 123708 3194 2930 1549 1381 484 897 458 888 194 318 153 120514 1229
is_linear=0
shrinkage=0.05


Tree=177
num_leaves=31
num_cat=0
split_feature=8 8 4 0 11 3 8 0 8 7 3 3 11 9 9 10 1 4 10 8 4 3 3 11 11 7 0 7 0 7
split_gain=4.43606 28.4688 10.1291 11.5008 11.8158 11.5663 12.9563 9.90047 18.1432 21.899 21.3676 20.9551 14.568 12.9854 21.2521 12.6438 10.3067 9.24093 14.0625 9.09701 13.5958 11.6725 15.5973 27.5493 16.4908 15.9736 16.0971 14.9557 12.7161 24.6262
threshold=39.550000000000004 39.750000000000007 -0.99983123799342477 85.500000000000014 1.0400758936931782 0.51297097409535064 40.850000000000001 23.500000000000004 40.850000000000001 40.162500000000009 0.24372619187392155 0.54219432480460406 1.0912314765539939 33.552604166666676 35.062239583333344 1.0000000180025095e-35 4.5000000000000009 -0.99983123799342477 1.0000000180025095e-35 34.45000000000001 0.20812153622207724 0.9962888416657264 0.77244481603295057 1.0299448977757397 0.9111617968768696 34.537500000000016 87.500000000000014 25.612500000000004 53.500000000000007 31.812500000000007
decision_type=2 2 2 2 2 2 2 2 2 2 2 2 2 2 2 2 2 2 2 2 2 2 2 2 2 2 2 2 2 2
left_child=17 -2 -3 7 -5 -6 -7 12 10 11 -9 -10 13 -4 -15 -14 -12 18 -1 -19 21 22 25 24 -24 26 -21 -25 -26 -30
right_child=1 2 3 4 5 6 -8 8 9 -11 16 -13 15 14 -16 -17 -18 19 -20 20 -22 -23 23 27 28 -27 -28 -29 29 -31
leaf_value=-0.32181834175477636 -0.11259359190413179 0.092226801755309396 -0.059258494842367782 -0.12984888824822036 0.094997539004832279 0.027719404658930104 -0.12374137724278995 -0.19524164279826695 0.13291138514984624 -0.017949857223251799 0.022323450690691971 0.014388505831847455 0.050424308965993703 0.024164410296781826 -0.057864459856997286 -0.052171677148490407 -0.079896728242779602 -0.00054774079983559436 -0.018261976196606612 0.025948781522890131 0.1213880961282456 0.039604905527416183 0.16639021960281328 0.033292707331250428 -0.064802915448597537 -0.014226748319059368 -0.024574142769579057 -0.0042051940813578881 -0.071547399942176071 0.043441434333054474
leaf_weight=96 760 288 402 290 110 176 160 434 853 849 1464 702 384 480 384 120 248 98071 192 10548 288 576 96 972 1458 3835 1312 2666 608 526
leaf_count=96 760 288 402 290 110 176 160 434 853 849 1464 702 384 480 384 120 248 98071 192 10548 288 576 96 972 1458 3835 1312 2666 608 526
internal_value=1.58487e-05 -0.00111673 -0.000163399 -0.000538549 -0.0064538 -0.00134529 -0.00595238 0.000150316 0.00138462 0.00436772 -0.00195713 0.00789389 -0.0030226 -0.00588468 -0.00243056 0.00416667 0.000554907 9.15509e-05 -0.00885417 0.000112851 0.00101049 0.000872903 0.000689115 -0.00140689 -0.00524554 0.00153393 0.00244098 0.00142936 -0.00599923 -0.00202822
internal_weight=129348 8104 7344 7056 736 446 336 6320 4550 2404 2146 1555 1770 1266 864 504 1712 121244 288 120956 22885 22597 22021 6326 2688 15695 11860 3638 2592 1134
internal_count=129348 8104 7344 7056 736 446 336 6320 4550 2404 2146 1555 1770 1266 864 504 1712 121244 288 120956 22885 22597 22021 6326 2688 15695 11860 3638 2592 1134
is_linear=0
shrinkage=0.05


Tree=178
num_leaves=31
num_cat=0
split_feature=8 0 0 7 0 6 4 9 4 0 0 7 4 8 4 7 3 7 1 7 4 1 7 11 3 7 7 9 0 3
split_gain=4.85221 5.2569 8.47998 5.2747 4.943 5.03824 8.30298 15.5398 12.1352 10.5615 10.1126 9.64596 14.208 20.3162 13.3021 9.88824 9.4622 9.0026 7.46465 7.21415 12.939 8.9238 8.11769 7.19004 7.04506 6.96313 8.72884 6.35915 6.06044 8.88867
threshold=43.550000000000004 84.500000000000014 61.500000000000007 31.512500000000006 94.500000000000014 1.0000000180025095e-35 -0.70289845916694649 28.932031250000001 -0.5129677127369543 70.500000000000014 50.500000000000007 9.1875000000000018 0.87291090774974645 27.750000000000004 -0.25206183926700709 26.612500000000004 0.93845596220871974 6.1125000000000016 1.0000000180025095e-35 20.487500000000004 0.44312301391210612 4.5000000000000009 17.987500000000004 0.99909664317366975 -0.76141707087277943 18.562500000000004 21.012500000000006 14.777604166666668 81.500000000000014 -0.73866753694953124
decision_type=2 2 2 2 2 2 2 2 2 2 2 2 2 2 2 2 2 2 2 2 2 2 2 2 2 2 2 2 2 2
left_child=4 2 3 -2 5 -1 7 -7 -8 10 11 17 13 -13 15 -15 -12 -10 -9 21 23 -16 -23 -21 -22 -11 -27 -14 29 -28
right_child=1 -3 -4 -5 -6 6 8 18 9 25 16 12 27 14 19 -17 -18 -19 -20 20 24 22 -24 -25 -26 26 28 -29 -30 -31
leaf_value=-0.0004326891583573911 0.014306177859126735 -0.15856350661921681 0.10326890038316067 -0.077750263840768247 0.018750590061799955 0.095776635562115339 -0.031330011634311462 -0.081920040134262712 -0.0059054732349252959 -0.046835197961983967 0.020922895461468728 0.04570341118781443 -0.013274538315901196 0.10068907475566534 -0.054299205324522863 0.0081553960951694648 0.067591414290695442 0.063094546438421162 0.019478853626526418 -0.09290938603510171 0.056051800111096388 -0.028028703990830905 0.10514289540776361 -0.0097137394214414034 -0.019712362481308077 0.024073238906941442 0.0066416552987561776 -0.11726502079497295 0.0072090701115925526 -0.075865499911348888
leaf_weight=120784 90 55 115 220 1342 380 855 95 56 298 700 408 134 102 270 153 260 167 852 92 199 64 55 525 70 166 156 153 331 201
leaf_count=120784 90 55 115 220 1342 380 855 95 56 298 700 408 134 102 270 153 260 167 852 92 199 64 55 525 70 166 156 153 331 201
internal_value=1.77815e-05 -0.005 -0.00311765 -0.00741935 3.64714e-05 4.70492e-06 0.00133492 0.00487943 0.000466297 0.00149123 0.00289026 0.00118464 0.000191011 0.00172859 -0.000915033 0.0095098 0.00723958 0.0110987 0.00145195 -0.003 -0.000507901 -0.00867609 0.00273109 -0.00449757 0.00864312 -0.00264757 -0.000351288 -0.0101916 -0.0028343 -0.00735294
internal_weight=129348 480 425 310 128868 127526 6742 1327 5415 4560 3408 2448 2225 1938 1530 255 960 223 947 1275 886 389 119 617 269 1152 854 287 688 357
internal_count=129348 480 425 310 128868 127526 6742 1327 5415 4560 3408 2448 2225 1938 1530 255 960 223 947 1275 886 389 119 617 269 1152 854 287 688 357
is_linear=0
shrinkage=0.05


Tree=179
num_leaves=31
num_cat=0
split_feature=8 0 0 1 6 4 9 4 0 0 11 3 3 3 8 7 1 0 0 9 3 1 7 8 1 7 7 9 0 3
split_gain=4.45336 5.16376 7.37307 5.16344 4.42369 7.74785 15.4472 10.3025 10.1846 9.69404 8.64301 8.59766 7.9608 9.53397 11.4217 11.4008 10.5567 8.47941 7.88267 9.95617 6.70001 9.14253 6.96719 6.67582 6.66572 6.62298 8.04153 5.95798 7.79521 6.25
threshold=43.550000000000004 85.500000000000014 61.500000000000007 1.0000000180025095e-35 1.0000000180025095e-35 -0.70289845916694649 28.932031250000001 -0.5129677127369543 70.500000000000014 50.500000000000007 1.0653535727147359 0.97112537654464559 -0.074117382312902977 -0.48314718476766422 27.750000000000004 22.387500000000006 5.5000000000000009 14.500000000000002 68.500000000000014 30.359635416666674 -0.89785546691630314 1.5000000000000002 19.962500000000006 19.150000000000002 1.0000000180025095e-35 18.562500000000004 20.812500000000004 26.947656250000005 82.500000000000014 0.97112537654464559
decision_type=2 2 2 2 2 2 2 2 2 2 2 2 2 2 2 2 2 2 2 2 2 2 2 2 2 2 2 2 2 2
left_child=4 2 3 -2 -1 6 -6 -7 9 11 23 12 13 14 -9 20 -17 -14 24 -20 -16 22 -22 -11 -8 -10 -27 -28 29 -29
right_child=1 -3 -4 -5 5 7 18 8 25 10 -12 -13 17 -15 15 16 -18 -19 19 -21 21 -23 -24 -25 -26 26 27 28 -30 -31
leaf_value=-0.00024691863661558956 0.0038545550045256506 -0.15584269335823678 0.085633734710135204 -0.075573266095754835 0.090987803784009461 -0.029658664565810969 -0.11461266745491941 0.045097819093393811 -0.042850522715633589 -0.044017360659506725 0.094218039124926642 -0.021294658374939959 0.032757799778222109 -0.030860153493205901 -0.093283476332840828 0.03402075052021019 -0.066624412662820737 0.021534949440849261 -0.017132751234844791 0.14643519604160957 -0.072136323510633815 0.010708897105817529 0.0024205905735961153 0.028238925168807327 0.00093000716291555827 0.025588108181975145 -0.028543485127796944 0.027292868937993833 0.049564873322702853 -0.099508787648139224
leaf_weight=122055 124 50 120 186 384 864 69 306 315 60 120 459 180 204 52 413 82 432 108 162 111 155 54 780 618 156 429 72 156 72
leaf_count=122055 124 50 120 186 384 864 69 306 315 60 120 459 180 204 52 413 82 432 108 162 111 155 54 780 618 156 429 72 156 72
internal_value=1.54622e-05 -0.00479167 -0.00302326 -0.00709677 3.33675e-05 0.0012733 0.00467934 0.000438596 0.00137804 0.00277289 0.00703125 0.00110294 0.0025264 0.000417574 0.0021526 -0.000778547 0.00419192 0.00727124 0.00128004 0.00851852 -0.00739247 -0.0046875 -0.0128788 0.0052381 -0.00156477 -0.00258333 -0.000367232 -0.00257202 0.00283333 -0.00555556
internal_weight=129348 480 430 310 128868 6813 1341 5472 4608 3408 960 2448 1989 1377 1173 867 495 612 957 270 372 320 165 840 687 1200 885 729 300 144
internal_count=129348 480 430 310 128868 6813 1341 5472 4608 3408 960 2448 1989 1377 1173 867 495 612 957 270 372 320 165 840 687 1200 885 729 300 144
is_linear=0
shrinkage=0.05


Tree=180
num_leaves=31
num_cat=0
split_feature=11 11 9 7 0 7 0 8 7 3 7 11 0 7 11 0 0 9 0 3 8 11 11 8 8 8 11 9 7 9
split_gain=4.23145 7.10898 11.902 6.38209 7.59742 7.85786 7.14871 6.28134 7.71077 7.62635 8.45443 6.90825 6.93734 5.88626 6.71563 13.1961 6.60203 5.26424 5.25608 4.95613 24.206 17.838 19.1417 18.2295 15.6362 15.0063 19.0125 12.7163 12.3645 11.4249
threshold=0.80519389663381347 0.82284707828887094 25.097135416666671 31.912500000000005 23.500000000000004 26.787500000000005 55.500000000000007 33.550000000000004 26.012500000000006 -0.32614396506100213 24.812500000000004 0.78920070979102952 74.500000000000014 12.062500000000002 0.73745831416842689 45.500000000000007 15.500000000000002 25.370572916666671 36.500000000000007 -0.96902457013955734 33.050000000000004 1.067458542709339 0.99948647577224803 32.050000000000004 32.95000000000001 33.750000000000007 1.0635821354874333 25.754687500000003 26.912500000000005 27.355208333333341
decision_type=2 2 2 2 2 2 2 2 2 2 2 2 2 2 2 2 2 2 2 2 2 2 2 2 2 2 2 2 2 2
left_child=7 2 -2 4 5 -4 -5 9 -9 10 11 -1 -13 -11 15 -15 -16 -12 -10 20 21 22 24 -24 29 26 -22 -23 -29 -3
right_child=1 19 3 6 -6 -7 -8 8 18 13 17 12 -14 14 16 -17 -18 -19 -20 -21 25 27 23 -25 -26 -27 -28 28 -30 -31
leaf_value=-0.0073219698868648214 0.12804748950328673 -0.003138574802307659 0.0036948467069564117 0.066852834218929055 0.043147498593518921 -0.10029031833371818 -0.17328044102009699 -0.17351279168568823 0.10882214634804939 -0.088661539587457136 0.002363326127174048 0.079776081124119713 -0.0054382042634770755 0.2518705915685267 -0.028207118188827707 -0.12457071450236867 0.06741606976024031 -0.066523807227434881 -0.10727690873247937 0.00064726939215660202 0.10914584688543627 0.059435701408468593 -0.021105309993274091 -0.085410002256529088 0.23874389235558127 0.0042439732815090286 -0.052680338310143786 -0.021041319758118959 0.035450344899250301 -0.038434706234890828
leaf_weight=364 96 2784 205 51 674 51 65 121 51 65 117 74 52 92 96 100 511 449 212 117262 480 192 1152 576 96 960 96 631 617 1056
leaf_count=364 96 2784 205 51 674 51 65 121 51 65 117 74 52 92 96 100 511 449 212 117262 480 192 1152 576 96 960 96 631 617 1056
internal_value=1.85546e-05 5.70668e-05 0.00398424 0.00243786 0.0038172 -0.00351563 -0.00862069 -0.00210503 -0.00794271 -0.0009375 -0.00378788 0.00102041 0.0111111 0.0025463 0.0037234 -0.00442708 0.00630148 -0.00795053 -0.00313688 2.14453e-05 -0.00113426 -0.00236486 -0.00362818 -0.00801505 -0.00170224 0.00455729 0.0109375 0.00260417 0.000761218 -0.00220052
internal_weight=129348 127044 1142 1046 930 256 116 2304 384 1920 1056 490 126 864 799 192 607 566 263 125902 8640 7104 5664 1728 3936 1536 576 1440 1248 3840
internal_count=129348 127044 1142 1046 930 256 116 2304 384 1920 1056 490 126 864 799 192 607 566 263 125902 8640 7104 5664 1728 3936 1536 576 1440 1248 3840
is_linear=0
shrinkage=0.05


Tree=181
num_leaves=31
num_cat=0
split_feature=8 4 4 4 7 0 10 0 11 4 7 3 11 11 4 10 8 9 8 1 3 10 3 8 1 11 11 9 3 3
split_gain=4.20684 40.5329 16.2788 8.31857 11.2149 10.4748 10.3547 11.2891 8.72084 8.61972 7.78199 26.0958 18.1866 20.8147 20.4026 15.3316 14.3915 10.6523 14.6409 26.3099 37.1665 23.971 39.1499 22.9417 15.7306 15.0227 20.253 14.8883 14.4198 14.0771
threshold=17.450000000000003 0.95436825032516992 0.99988440732898443 0.97461712852231652 12.262500000000001 82.500000000000014 1.0000000180025095e-35 35.500000000000007 0.97366293224832023 0.98899263613956456 8.5625000000000018 0.59177612190863982 1.0061158603317641 1.0034024027984565 0.99981043035926087 1.0000000180025095e-35 17.650000000000002 13.811458333333336 22.350000000000005 2.5000000000000004 -0.45274443793211405 1.0000000180025095e-35 0.1169228398841501 21.950000000000003 5.5000000000000009 0.89600948955585458 1.0186930070003879 15.938020833333335 -0.29343379936893921 0.42958674266195179
decision_type=2 2 2 2 2 2 2 2 2 2 2 2 2 2 2 2 2 2 2 2 2 2 2 2 2 2 2 2 2 2
left_child=1 -1 10 6 5 -5 -3 -8 -6 -7 11 12 13 16 15 -14 -2 -12 19 20 -19 22 24 28 -21 -24 -27 -20 -23 -28
right_child=2 3 -4 4 8 9 7 -9 -10 -11 17 -13 14 -15 -16 -17 -18 18 27 21 -22 23 25 -25 -26 26 29 -29 -30 -31
leaf_value=0.076885623968026104 -0.13460088704778031 0.090374681330683881 -0.11123914248191227 -0.018875820013424516 -0.028527682363156261 -0.022103008119533741 0.051017693187473873 -0.023414671599577733 0.035963306210973656 0.034001978586952933 -0.010180110651477748 -0.026036356868121405 0.07180755858187951 -0.1018606466518321 -0.07230836980302513 0.0067945014188474321 0.011230315783384981 0.10643970968310655 -0.025127978208944059 -0.012623963301184916 -0.010449494000710047 0.04725984791723619 0.0075544002894147866 0.052970601208254212 0.15130077598403063 0.12606701569929443 0.11703713933253966 -0.00022994870644623691 -0.022731542725638577 -0.024199161313784148
leaf_weight=384 52 96 192 1923 192 167 144 240 733 249 8728 264 826 89 69 692 511 192 1078 948 3199 192 192 288 192 768 192 105252 1152 152
leaf_count=384 52 96 192 1923 192 167 144 240 733 249 8728 264 826 89 69 692 511 192 1078 948 3199 192 192 288 192 768 192 105252 1152 152
internal_value=1.62353e-05 0.00158672 -3.55375e-05 0 -0.000903799 -0.0027469 0.00614583 0.00247396 0.00375676 0.00444712 -1.3197e-05 0.0027467 0.00449978 -0.00253067 0.00738815 0.00859684 0.00102131 -6.95776e-05 5.95358e-05 0.00219968 -0.00105426 0.00490677 0.0080401 0.000214461 0.00127193 0.0139571 0.0161871 -9.07552e-05 -0.00252976 0.00610465
internal_weight=129348 4128 125220 3744 3264 2339 480 384 925 416 125028 2503 2239 652 1587 1518 563 122525 113797 7467 3391 4076 2444 1632 1140 1304 1112 106330 1344 344
internal_count=129348 4128 125220 3744 3264 2339 480 384 925 416 125028 2503 2239 652 1587 1518 563 122525 113797 7467 3391 4076 2444 1632 1140 1304 1112 106330 1344 344
is_linear=0
shrinkage=0.05


Tree=182
num_leaves=31
num_cat=0
split_feature=8 9 9 8 8 8 9 11 11 1 9 11 1 9 9 11 9 8 4 9 4 0 4 3 3 3 3 8 9 8
split_gain=4.12241 20.748 27.5105 16.0382 22.2543 17.7185 25.9787 26.8141 24.2654 20.6646 29.4694 16.5039 15.7145 29.4914 26.6529 24.3677 22.4782 25.8194 21.025 16.6898 14.6306 14.5502 13.9645 13.4444 12.3105 13.531 24.3314 21.8035 19.8395 21.5363
threshold=24.450000000000003 17.220572916666669 16.601302083333337 20.900000000000002 21.050000000000004 19.750000000000004 14.457552083333335 1.0357773587453021 1.0912314765539939 4.5000000000000009 14.300520833333335 1.0118133182750044 2.5000000000000004 14.627864583333336 15.792968750000002 0.98483353674826957 14.9234375 23.550000000000004 0.99349222267034787 15.938020833333335 0.8511460603353429 40.500000000000007 0.91852788691372023 0.67167992559793654 -0.61237985104942771 -0.45274443793211405 -0.42180583328916638 23.650000000000002 18.314583333333335 22.950000000000003
decision_type=2 2 2 2 2 2 2 2 2 2 2 2 2 2 2 2 2 2 2 2 2 2 2 2 2 2 2 2 2 2
left_child=3 2 23 5 -5 6 -1 -8 9 20 11 -11 13 -6 18 -15 -17 -18 -14 -16 -7 -10 -3 -2 -21 27 -27 -26 29 -28
right_child=1 22 -4 4 12 8 7 -9 21 10 -12 -13 14 15 19 16 17 -19 -20 24 -22 -23 -24 -25 25 26 28 -29 -30 -31
leaf_value=-0.00070704715728169281 0.18718695954419076 -0.0006020246198147561 -0.071427427406519681 0.05899137307276945 -0.057322218434138962 -0.010840173467759229 0.06120060467775304 -0.028836327696763676 0.14136782477961277 -0.064318113728318596 0.11686938383693075 0.0056221505586115939 0.091921445883548364 0.032452288485006163 -0.035775351245926859 0.035964393583969925 -0.032518318896906352 0.019910593817506594 0.0082724245899107995 -0.076555612150412608 -0.057730087615603769 0.0038054680771992368 0.053731509829128048 -0.0080818215540617196 0.0061027296115334197 -0.058007618166065811 0.00038659556034446044 0.076785974875679133 -0.030438430365011017 0.041153894559550964
leaf_weight=13440 96 98533 768 480 384 960 960 192 123 384 288 768 576 1440 288 384 1536 576 384 192 1440 165 288 192 480 192 1536 383 480 1440
leaf_count=13440 96 98533 768 480 384 960 960 192 123 384 288 768 576 1440 288 384 1536 576 384 192 1440 165 288 192 480 192 1536 383 480 1440
internal_value=2.24201e-05 -0.000130911 -0.00710227 0.000542058 0.0020812 -0.00034188 0.000476288 0.00768229 -0.00323401 -0.00428385 0.000451389 -0.003125 0.00158943 -0.000706019 0.00325576 0.00058435 -0.00240385 -0.00442708 0.0108854 0.00178822 -0.007125 0.0107639 -5.64151e-05 0.00607639 0.00250372 0.00303148 0.00169956 0.00866165 0.00266204 0.00418347
internal_weight=129348 99877 1056 29471 10751 18720 14592 1152 4128 3840 1440 1152 10271 4320 5951 3936 2496 2112 960 4991 2400 288 98821 288 4703 4511 3648 863 3456 2976
internal_count=129348 99877 1056 29471 10751 18720 14592 1152 4128 3840 1440 1152 10271 4320 5951 3936 2496 2112 960 4991 2400 288 98821 288 4703 4511 3648 863 3456 2976
is_linear=0
shrinkage=0.05


Tree=183
num_leaves=31
num_cat=0
split_feature=8 9 9 9 10 1 3 9 4 0 0 1 9 11 8 9 8 10 1 4 0 3 10 11 3 5 3 8 4 9
split_gain=4.35142 18.3282 23.0309 15.5352 30.4491 62.4751 25.9169 19.5031 17.8912 16.9322 20.4604 19.1288 23.472 22.3654 17.9559 17.5194 16.9714 16.5431 20.6404 20.8342 16.2563 13.3032 14.5789 14.5044 13.2669 13.2238 12.8907 15.2529 12.25 11.8896
threshold=24.450000000000003 17.220572916666669 16.601302083333337 17.422656250000003 1.0000000180025095e-35 4.5000000000000009 -0.49813634056773481 18.525260416666669 0.89691351184655443 83.500000000000014 16.500000000000004 3.5000000000000004 14.300520833333335 0.89600948955585458 24.350000000000005 14.530468750000002 21.250000000000004 1.0000000180025095e-35 5.5000000000000009 0.99958851518450398 35.500000000000007 -0.2270106897347694 1.0000000180025095e-35 0.91425880925186409 0.84773968378660736 1.0000000180025095e-35 0.65883702558178847 18.850000000000005 0.91852788691372023 17.789062500000004
decision_type=2 2 2 2 2 2 2 2 2 2 2 2 2 2 2 2 2 2 2 2 2 2 2 2 2 2 2 2 2 2
left_child=3 2 -2 6 5 7 -1 -5 24 10 17 14 16 -14 -12 -15 -13 -8 19 25 -10 -11 -23 -24 29 -19 27 -25 -3 -6
right_child=1 28 -4 4 8 -7 9 -9 20 21 11 12 13 15 -16 -17 -18 18 -20 -21 -22 22 23 26 -26 -27 -28 -29 -30 -31
leaf_value=-0.040020478169991949 0.036325218784837431 -0.00057192338882430251 -0.067856056036193033 0.096960175408315766 -0.012957821121062807 -0.11938928260834701 0.026777984854692252 -0.030663613668414771 0.03221152501974274 0.033844009083017566 -0.015678215665863606 -0.0087423966313323834 -0.03097923313467419 0.11206912445996978 0.13558544249649315 0.03653209598213749 0.071678346264042153 0.0090261097905127482 -0.02142682831596119 -0.038731930253514693 -0.050549996451097458 0.030587792874753463 -0.10737253019445064 0.01074656431609995 0.023898365121735311 -0.028139389123369087 0.033450006902536703 -0.035751973990903706 0.051044934337672036 0.074612774008963365
leaf_weight=672 288 98533 768 480 96 480 2125 288 144 456 9849 5427 335 268 67 1675 268 1870 357 119 240 1296 60 660 768 68 168 564 288 671
leaf_count=672 288 98533 768 480 96 480 2125 288 144 456 9849 5427 335 268 67 1675 268 1870 357 119 240 1296 60 660 768 68 168 564 288 671
internal_value=3.36302e-05 -0.000123902 -0.00667614 0.000567507 0.00387591 -0.00220353 0.000169176 0.00664063 0.0078296 0.000423299 -6.2422e-05 -0.000823132 0.00100025 0.00528973 -0.00228923 0.00734689 -0.00071554 0.00293567 0.000103563 0.00202965 -0.00182292 0.00382335 0.00251092 -0.000929752 0.0102443 0.00327657 0.000107759 -0.00167484 -5.38853e-05 0.0148957
internal_weight=129348 99877 1056 29471 3167 1248 26304 768 1919 25632 22428 17889 7973 2278 9916 1943 5695 4539 2414 2057 384 3204 2748 1452 1535 1938 1392 1224 98821 767
internal_count=129348 99877 1056 29471 3167 1248 26304 768 1919 25632 22428 17889 7973 2278 9916 1943 5695 4539 2414 2057 384 3204 2748 1452 1535 1938 1392 1224 98821 767
is_linear=0
shrinkage=0.05


Tree=184
num_leaves=31
num_cat=0
split_feature=0 10 4 7 9 11 3 7 3 3 8 11 8 11 11 3 8 1 1 11 9 8 7 7 9 9 8 7 3 9
split_gain=4.47677 11.0633 14.8745 12.9124 17.5329 13.3284 8.67889 14.1261 8.4605 11.6556 9.42715 10.1782 8.95685 10.5163 19.2429 16.215 15.3323 8.34404 8.31593 13.5151 9.34843 11.8941 9.15409 8.63678 11.7606 10.6221 11.2198 11.635 10.2708 10.847
threshold=9.5000000000000018 1.0000000180025095e-35 0.99958851518450398 26.287500000000005 28.111979166666671 1.019720751120565 -0.54220184589352438 28.037500000000005 0.99818282439137029 0.97112537654464559 21.250000000000004 1.078728888014248 26.450000000000003 1.103694758981794 1.0923437463937298 0.58481550752069722 42.800000000000004 4.5000000000000009 4.5000000000000009 0.89222405554218354 27.237760416666671 35.350000000000001 23.412500000000005 16.012500000000006 17.649479166666669 26.423697916666669 32.550000000000004 23.712500000000006 0.9550229469509578 29.661718750000002
decision_type=2 2 2 2 2 2 2 2 2 2 2 2 2 2 2 2 2 2 2 2 2 2 2 2 2 2 2 2 2 2
left_child=1 8 3 18 -5 -6 -7 -8 9 10 11 -1 17 14 16 -15 -14 -12 23 -20 22 -22 -21 24 -3 26 27 -25 29 -27
right_child=-2 2 -4 4 5 6 7 -9 -10 -11 12 -13 13 15 -16 -17 -18 -19 19 20 21 -23 -24 25 -26 28 -28 -29 -30 -31
leaf_value=0.012577836635691142 0.00079897318152006853 0.0025503722793075671 -0.044426289084425724 -0.12758750451514089 0.008843267714028968 -0.1312311760852026 0.013562069164003532 -0.086506934732465623 -0.024981162489734744 0.042048712442990424 -0.0055018732556192168 0.066102290737369174 0.0092071821780947971 -0.092052706201422307 0.18839082623299463 0.058389673000835529 -0.082839584900274599 -0.044007195420590506 0.066208730572810029 -0.014237915839891003 0.037589373674146748 -0.056271527345722917 -0.2289358910716672 -0.0067034393644405561 0.034870353121334574 0.011957307255694617 -0.089867580276639103 -0.10413550145313621 0.050240815607192249 -0.057571863286648296
leaf_weight=870 115868 1021 70 285 939 274 422 408 70 210 590 90 3050 250 90 110 70 270 128 990 286 112 118 943 358 912 100 108 187 149
leaf_count=870 115868 1021 70 285 939 274 422 408 70 210 590 90 3050 250 90 110 70 270 128 990 286 112 118 943 358 912 100 108 187 149
internal_value=2.78319e-05 -0.00083457 -0.00205506 -0.00184755 -0.00496134 -0.00334068 -0.00706522 -0.00451807 0.000846561 0.0010625 0.000612245 0.00510417 -0.000361174 0.000742297 0.00165109 -0.00736111 0.00099359 -0.00494186 -0.00050813 -0.00348837 -0.00481408 0.00175879 -0.00717509 0.000780836 0.00393401 -0.00103168 -0.00449609 -0.00297336 0.00216346 0.000259189
internal_weight=129348 13480 7810 7740 2328 2043 1104 830 5670 5600 5390 960 4430 3570 3210 360 3120 860 5412 1634 1506 398 1108 3778 1379 2399 1151 1051 1248 1061
internal_count=129348 13480 7810 7740 2328 2043 1104 830 5670 5600 5390 960 4430 3570 3210 360 3120 860 5412 1634 1506 398 1108 3778 1379 2399 1151 1051 1248 1061
is_linear=0
shrinkage=0.05


Tree=185
num_leaves=31
num_cat=0
split_feature=0 9 8 4 4 4 10 7 7 11 0 3 7 7 3 8 10 11 11 0 11 9 0 0 3 8 1 3 10 3
split_gain=4.3617 5.40778 4.12958 36.8359 14.8231 7.44869 10.4637 10.7959 10.4534 8.69644 8.63613 7.16892 6.96102 6.47245 24.6647 18.4615 16.7252 13.2862 20.1568 11.9351 10.5678 9.76164 14.8635 14.2684 18.1263 12.28 20.9769 34.1668 20.4339 35.3445
threshold=1.0000000180025095e-35 32.982031250000013 17.450000000000003 0.95436825032516992 0.99995376255531909 0.97461712852231652 1.0000000180025095e-35 8.8875000000000011 12.262500000000001 0.97366293224832023 82.500000000000014 1.0000000180025095e-35 13.612500000000002 8.5625000000000018 0.59177612190863982 17.650000000000002 1.0000000180025095e-35 1.0061158603317641 1.0034024027984565 21.500000000000004 1.019720751120565 13.811458333333336 47.500000000000007 72.500000000000014 -0.24372957273992746 22.350000000000005 2.5000000000000004 -0.45274443793211405 1.0000000180025095e-35 0.031174179426909168
decision_type=2 2 2 2 2 2 2 2 2 2 2 2 2 2 2 2 2 2 2 2 2 2 2 2 2 2 2 2 2 2
left_child=1 -1 3 -2 13 6 -5 -8 10 12 -7 -12 -10 14 15 -4 17 18 -17 20 -18 22 -15 -24 -25 26 27 -23 29 -28
right_child=2 -3 4 5 -6 8 7 -9 9 -11 11 -13 -14 21 -16 16 19 -19 -20 -21 -22 25 23 24 -26 -27 28 -29 -30 -31
leaf_value=-0.010465669576728943 0.071775187168566387 -0.12103141188909206 -0.060817157311660708 0.084012726378406913 -0.17787374672955991 -0.017393684007831211 0.04500784418266051 -0.022407328805057605 0.038347812875569792 0.034753115635751897 0.026940436813019632 -0.031042488589697825 -0.075984473291633492 -0.023917260860727652 -0.023888093028097048 0.03565523925077798 -0.019792624398267834 0.068837696522268746 -0.10561932195997628 0.031480905306062824 0.0058721516705247728 0.098495691843265121 0.015035950060442361 0.057595297602776444 -0.020317066304970412 -0.00029989850224154679 -0.006176203919159207 -0.0087159911688360122 0.00068033742019366636 0.085211785005594731
leaf_weight=1250 380 97 141 95 95 1892 133 247 69 732 286 130 121 3219 264 282 320 787 60 390 277 190 2900 92 2479 105222 843 3165 1615 1575
leaf_count=1250 380 97 141 95 95 1892 133 247 69 732 286 130 121 3219 264 282 320 787 60 390 277 190 2900 92 2479 105222 843 3165 1615 1575
internal_value=2.78319e-05 -0.00280252 5.76167e-05 0.00162179 6.05249e-06 0.000101215 0.00594737 0.00223684 -0.000758514 0.00374187 -0.00255633 0.00396635 -0.00578947 2.12e-05 0.00252876 0.0042202 0.00538752 0.00954384 0.00131579 0.000633232 -0.00381072 -3.09151e-05 -0.00164557 -5.94041e-05 -0.0027713 9.36862e-05 0.00206416 -0.00085693 0.00449417 0.00740281
internal_weight=129348 1347 128001 4085 123916 3705 475 380 3230 922 2308 416 190 123821 2521 2257 2116 1129 342 987 597 121300 8690 5471 2571 112610 7388 3355 4033 2418
internal_count=129348 1347 128001 4085 123916 3705 475 380 3230 922 2308 416 190 123821 2521 2257 2116 1129 342 987 597 121300 8690 5471 2571 112610 7388 3355 4033 2418
is_linear=0
shrinkage=0.05


Tree=186
num_leaves=31
num_cat=0
split_feature=8 4 4 4 10 0 4 0 7 10 9 3 0 4 5 11 1 7 3 11 11 4 8 8 5 9 0 0 3 0
split_gain=4.33202 33.8229 15.018 7.85523 10.3547 11.2891 9.91254 12.6875 11.0626 9.04712 8.68935 6.29798 6.20193 9.14286 13.4427 6.534 6.272 6.04036 22.309 15.1264 20.957 18.4266 14.4937 13.7269 10.0699 8.67296 12.3675 12.713 15.3662 12.135
threshold=17.450000000000003 0.95436825032516992 0.99995376255531909 0.97461712852231652 1.0000000180025095e-35 35.500000000000007 0.98899263613956456 78.500000000000014 13.812500000000002 1.0000000180025095e-35 9.2812500000000018 0.1169228398841501 24.500000000000004 0.99855310097228334 1.0000000180025095e-35 1.0341132218019751 2.5000000000000004 8.5625000000000018 0.59177612190863982 1.0061158603317641 1.0034024027984565 0.99981043035926087 17.650000000000002 18.650000000000002 1.0000000180025095e-35 13.811458333333336 47.500000000000007 72.500000000000014 -0.24372957273992746 80.500000000000014
decision_type=2 2 2 2 2 2 2 2 2 2 2 2 2 2 2 2 2 2 2 2 2 2 2 2 2 2 2 2 2 2
left_child=1 -1 17 4 -3 -6 9 8 12 -5 -11 -10 13 14 15 -8 -15 18 19 20 22 23 -2 -21 -25 26 -19 -28 -29 -30
right_child=2 3 -4 6 5 -7 7 -9 11 10 -12 -13 -14 16 -16 -17 -18 25 -20 21 -22 -23 -24 24 -26 -27 27 28 29 -31
leaf_value=0.068186427810138645 -0.12488545893744459 0.080311815401282169 -0.1666437146374122 -0.10294510800794683 0.046975006647708997 -0.022863651397371145 0.0017104676477217142 0.037647214017952992 0.060769061196128862 -0.077439389147018298 -0.0013844840255167413 -0.03009611520698954 -0.035896001481946625 0.0082098797065441442 -0.022893367917900066 0.044780836830796034 -0.037139843671181443 -0.021712089419375503 -0.022693688376691057 0.00073473798696142021 -0.090238533609343113 -0.033864047930367749 0.010916188119506388 0.050801585751509039 -0.031858459536150012 0.00038042784100582598 0.014284152557419817 0.054715532722637052 -0.05818387372171685 -0.0029631038137289071
leaf_weight=384 52 96 96 288 144 240 100 357 222 96 864 80 832 125 50 150 100 3303 264 438 89 119 511 1017 63 113797 2900 92 895 1584
leaf_count=384 52 96 96 288 144 240 100 357 222 96 864 80 832 125 50 150 100 3303 264 438 89 119 511 1017 63 113797 2900 92 895 1584
internal_value=2.93781e-05 0.00162306 -2.31592e-05 0.000173611 0.00614583 0.00247396 -0.000704657 0.00146329 -0.000376733 -0.00420673 -0.001875 0.00827815 -0.00230287 0.00195238 0.00766667 0.0124 -0.00566667 -7.99207e-06 0.00239914 0.00398646 -0.00245399 0.00655162 0.00111012 0.00803689 0.0110648 -5.81296e-05 -0.00157283 -0.000114239 -0.00267406 -0.00341872
internal_weight=129348 4128 125220 3744 480 384 3264 2016 1659 1248 960 302 1357 525 300 250 225 125124 2553 2289 652 1637 563 1518 1080 122571 8774 5471 2571 2479
internal_count=129348 4128 125220 3744 480 384 3264 2016 1659 1248 960 302 1357 525 300 250 225 125124 2553 2289 652 1637 563 1518 1080 122571 8774 5471 2571 2479
is_linear=0
shrinkage=0.05


Tree=187
num_leaves=31
num_cat=0
split_feature=9 3 3 8 0 3 11 3 0 4 4 9 9 7 0 9 3 11 7 0 0 8 7 9 9 8 10 9 9 9
split_gain=4.08687 29.7994 39.5933 11.4145 11.1497 10.6778 19.9815 10.6984 13.4934 9.03858 21.2422 17.7764 13.1069 11.9167 9.67598 8.4543 14.3213 18.2826 11.9492 9.10027 8.39452 10.3469 8.08949 7.47512 24.2638 19.286 17.0719 14.8193 15.251 12.261
threshold=34.057291666666679 0.17646842360078763 0.3261394409934788 39.750000000000007 84.500000000000014 0.091259403071267925 1.0492608630788383 -0.01397611846945947 53.500000000000007 -0.98521978256641018 -0.97874870457683594 28.587760416666672 28.535937499999999 26.412500000000005 3.5000000000000004 32.982031250000013 0.15951094710994371 1.09763366194496 35.812500000000007 23.500000000000004 46.500000000000007 41.650000000000013 25.912500000000005 30.603125000000002 31.097916666666674 34.750000000000007 1.0000000180025095e-35 31.337239583333336 31.266927083333339 30.108333333333338
decision_type=2 2 2 2 2 2 2 2 2 2 2 2 2 2 2 2 2 2 2 2 2 2 2 2 2 2 2 2 2 2
left_child=9 5 3 -3 -4 6 -2 8 -8 12 11 -11 22 -13 -14 18 17 19 -16 -17 -9 -22 -1 29 25 -25 -27 28 -26 -12
right_child=1 2 4 -5 -6 -7 7 20 -10 10 23 13 14 -15 15 16 -18 -19 -20 -21 21 -23 -24 24 27 26 -28 -29 -30 -31
leaf_value=-0.046274921635510682 -0.16214482609235148 -0.14970590468660988 0.012609582602188141 -0.066521687956980463 -0.065279915563775145 0.18124969448338535 -0.14542641994639779 0.1609985155654087 0.058924374421821572 -0.060413388008594637 0.00039598456444451814 0.1137802655901993 -0.067434766193521511 0.057378475564109979 -0.016990564540586207 -0.010058682032864398 -0.10578082427456792 -0.032436538110154345 -0.14378190795994214 0.13481046629673799 -0.011773808310443458 0.17107109685499325 0.096702224085938593 -0.12610513407971524 0.0096768938477254096 0.11266026513684153 0.022579293206818819 0.0078517381412765985 -0.066211538168359146 -0.030328089001231007
leaf_weight=76 192 478 2125 864 275 192 108 282 84 192 100389 122 268 1386 4962 80 92 368 360 288 196 98 394 192 480 960 1051 9050 480 3264
leaf_count=76 192 478 2125 864 275 192 108 282 84 192 100389 122 268 1386 4962 80 92 368 360 288 196 98 394 192 480 960 1051 9050 480 3264
internal_value=2.78319e-05 -0.00138946 -0.00355425 -0.0104322 0.000291667 0.00564236 0.00348958 0.00709635 -0.003125 8.3565e-05 0.000186704 0.00573529 -0.00167683 0.00755968 -0.00226706 -0.00186179 0.00283816 0.00516304 -0.00259301 0.0130435 0.0105035 0.00459184 0.00638298 0.000105294 0.00127528 0.00602587 0.00747141 0.00022977 -0.00567708 -3.25606e-05
internal_weight=129348 4894 3742 1342 2400 1152 960 768 192 124454 117566 1700 6888 1508 6418 6150 828 736 5322 368 576 294 470 115866 12213 2203 2011 10010 960 103653
internal_count=129348 4894 3742 1342 2400 1152 960 768 192 124454 117566 1700 6888 1508 6418 6150 828 736 5322 368 576 294 470 115866 12213 2203 2011 10010 960 103653
is_linear=0
shrinkage=0.05


Tree=188
num_leaves=31
num_cat=0
split_feature=4 4 7 7 10 4 8 0 7 8 0 8 11 3 3 9 8 11 0 8 8 0 7 1 3 8 4 7 9 8
split_gain=4.0203 15.4919 13.1147 13.1 14.4209 13.3688 13.3436 10.0091 12.6091 16.4953 11.9314 13.094 13.1212 15.2865 29.62 16.1507 14.1773 16.4608 12.9244 12.7273 12.1619 10.9207 10.5854 9.75761 16.1257 11.673 9.67543 10.8786 9.3746 8.86415
threshold=-0.91249077947840473 -0.89787881968372518 24.337500000000006 26.612500000000004 1.0000000180025095e-35 -0.90531874877253482 31.850000000000005 85.500000000000014 35.962500000000013 41.650000000000013 21.500000000000004 29.250000000000004 1.103694758981794 -0.16799356919963607 -0.30983472475487867 29.570052083333341 34.250000000000007 0.888018781778247 29.500000000000004 34.350000000000001 34.750000000000007 65.500000000000014 31.712500000000006 2.5000000000000004 -0.38242426011641079 31.950000000000003 -0.95242240592625282 28.112500000000004 31.820312500000004 33.350000000000001
decision_type=2 2 2 2 2 2 2 2 2 2 2 2 2 2 2 2 2 2 2 2 2 2 2 2 2 2 2 2 2 2
left_child=2 3 -1 -2 5 -5 -6 8 10 21 11 -4 13 14 23 -16 17 -15 29 -17 -18 -10 -22 -13 25 -25 -14 -28 -29 -12
right_child=1 -3 7 4 6 -7 -8 -9 9 -11 18 12 26 16 15 19 20 -19 -20 -21 22 -23 -24 24 -26 -27 27 28 -30 -31
leaf_value=0.16389243022501887 0.10525954653511463 0.00039081519660655317 -0.15790278295957805 0.13014308835247376 -0.13843457626416864 0.0072582970131620074 0.013204754892359461 -0.033740982789008458 -0.097179231966610768 0.11956552365436579 -0.0056531590335353599 -0.070012854500958357 -0.071622197252176542 0.039200562523620169 0.12275364023967228 -0.16268875879754674 0.042844310849076098 -0.07394253953796906 0.0040876981235925319 0.057744035291079854 -0.023909056679620733 0.020451021539383163 0.077011892920036476 0.0054239865130881531 0.052064255432623698 -0.13278682257768396 0.10720736984031164 -0.14355237605575583 0.0063267279787297074 0.053398201158184125
leaf_weight=61 294 106298 88 332 126 329 643 2218 1770 231 448 242 440 124 234 110 242 608 10055 418 1469 376 181 110 154 88 129 82 119 1329
leaf_count=61 294 106298 88 332 126 329 643 2218 1770 231 448 242 440 124 234 110 242 608 10055 418 1469 376 181 110 154 88 129 82 119 1329
internal_value=1.77815e-05 0.000141638 -0.000609585 0.00484339 0.00286713 0.0082829 -0.00178804 -0.000675993 -0.000305822 -0.00371266 0.000179964 -0.00191195 -0.00155789 -0.00040201 0.00390855 0.0104331 -0.00262957 -0.00853825 0.00103533 0.00558712 -0.000343552 -0.00507922 -0.00187879 -0.00446128 0.000852273 -0.00858586 -0.00753247 -0.00106061 -0.00833333 0.00496624
internal_weight=129348 108022 21326 1724 1430 661 769 21265 19047 2377 16670 4838 4750 3980 1356 762 2624 732 11832 528 1892 2146 1650 594 352 198 770 330 201 1777
internal_count=129348 108022 21326 1724 1430 661 769 21265 19047 2377 16670 4838 4750 3980 1356 762 2624 732 11832 528 1892 2146 1650 594 352 198 770 330 201 1777
is_linear=0
shrinkage=0.05


Tree=189
num_leaves=31
num_cat=0
split_feature=0 0 0 5 1 10 0 11 7 11 11 3 11 4 0 8 11 0 4 4 3 8 3 0 11 4 11 11 3 4
split_gain=4.332 4.08161 8.82684 13.9292 9.99343 12.1508 10.9534 10.531 9.01568 8.2288 10.4733 16.1608 16.1425 9.73959 9.69344 10.3498 8.80037 8.12703 58.5944 20.4487 15.6386 13.3173 9.3854 9.12158 10.9912 9.00792 8.60997 17.8104 16.6344 12.0651
threshold=94.500000000000014 73.500000000000014 59.500000000000007 1.0000000180025095e-35 3.5000000000000004 1.0000000180025095e-35 63.500000000000007 0.88579141231058722 39.812500000000007 1.1423394090148442 1.0871761346197866 -0.30983472475487867 1.0571501552533558 0.98174098242282837 67.500000000000014 40.150000000000013 0.97155404738359585 78.500000000000014 -0.61236746317008228 -0.7614016681079937 -0.20180236284700911 35.050000000000004 -0.96235977360714686 85.500000000000014 0.94542443323476821 -0.38243420677835349 0.966722927756276 0.98315999032224444 0.15101559051660998 -0.59177783207548873
decision_type=2 2 2 2 2 2 2 2 2 2 2 2 2 2 2 2 2 2 2 2 2 2 2 2 2 2 2 2 2 2
left_child=1 2 -1 4 5 6 -4 -6 -7 10 12 -12 13 -9 -13 -16 -15 18 20 23 -3 22 -20 -19 -25 -23 28 29 -21 -28
right_child=-2 17 3 -5 7 8 -8 9 -10 -11 11 14 -14 16 15 -17 -18 19 21 26 -22 25 -24 24 -26 -27 27 -29 -30 -31
leaf_value=-0.000516490288302407 0.017873155616027248 -0.0072397640001057089 -0.020384806138416423 0.062331170496187131 -0.026426113723769618 -0.010835537854380562 0.031661245794437319 0.0098477870295383251 -0.17252861991202623 0.080451026171124346 0.086302344031041409 -0.095299932452444128 0.071152011336555174 -0.019267299515959735 -0.03191320964538704 0.16146491615538566 0.11168064483898235 -0.0016225946735595187 -0.081800991858173688 0.0080424876373221821 0.080921004906468863 -0.055833676348146358 -0.024675936848466765 0.003789378798964549 -0.0574578444491479 -0.16950322443017571 -0.034416552607954287 0.0040245736666996382 -0.029034981514512028 0.045069096444278506
leaf_weight=80857 1347 895 1192 1078 602 5718 2980 5051 68 266 252 342 683 84 202 54 280 2528 515 2576 1427 170 3530 841 2417 195 270 10016 1664 1248
leaf_count=80857 1347 895 1192 1078 602 5718 2980 5051 68 266 252 342 683 84 202 54 280 2528 515 2576 1427 170 3530 841 2417 195 270 10016 1664 1248
internal_value=1.89412e-05 -1.07421e-05 0.000139656 0.00111394 0.000779228 -0.000271139 0.00178571 0.00211745 -0.00175423 0.00264763 0.00231721 -0.00288235 0.00304198 0.00212835 -0.00735786 0 0.0100275 -0.000540789 -0.00205734 -6.72542e-05 0.00437123 -0.00544218 -0.00461681 -0.00260975 -0.0043585 -0.014589 0.000865348 0.00157361 -0.00106132 0.00662055
internal_weight=129348 128001 99709 18852 17774 9958 4172 7816 5786 7214 6948 850 6098 5415 598 256 364 28292 6732 21560 2322 4410 4045 5786 3258 365 15774 11534 4240 1518
internal_count=129348 128001 99709 18852 17774 9958 4172 7816 5786 7214 6948 850 6098 5415 598 256 364 28292 6732 21560 2322 4410 4045 5786 3258 365 15774 11534 4240 1518
is_linear=0
shrinkage=0.05


Tree=190
num_leaves=31
num_cat=0
split_feature=8 8 7 7 0 11 3 9 3 3 3 11 0 0 3 0 0 1 8 4 4 9 9 0 9 3 11 7 0 9
split_gain=4.06313 7.15878 8.75002 9.64657 7.75609 8.85388 7.32169 7.205 26.2829 33.3644 13.301 15.0156 12.5818 9.40365 9.03125 20.9274 12.4458 8.84365 8.5492 8.27921 17.5341 15.266 10.9218 8.43855 8.00848 13.5306 16.5605 9.42816 7.97549 7.96951
threshold=42.800000000000004 41.650000000000013 31.612500000000004 29.312500000000004 53.500000000000007 1.067458542709339 0.51297097409535064 34.057291666666679 0.17646842360078763 0.3261394409934788 0.091259403071267925 1.0492608630788383 45.500000000000007 63.500000000000007 -0.01397611846945947 46.500000000000007 53.500000000000007 1.5000000000000002 39.750000000000007 -0.98521978256641018 -0.97874870457683594 28.587760416666672 28.778906250000002 2.5000000000000004 32.982031250000013 0.15951094710994371 1.09763366194496 35.812500000000007 23.500000000000004 30.529427083333335
decision_type=2 2 2 2 2 2 2 2 2 2 2 2 2 2 2 2 2 2 2 2 2 2 2 2 2 2 2 2 2 2
left_child=1 7 3 -3 -4 -6 -7 19 10 18 11 -9 -11 17 16 -16 -13 -14 -10 22 21 -21 -1 -24 27 26 28 -25 -26 -23
right_child=-2 2 4 -5 5 6 -8 8 9 12 -12 14 13 -15 15 -17 -18 -19 -20 20 -22 29 23 24 25 -27 -28 -29 -30 -31
leaf_value=0.045159626746497143 -0.026482616220467749 0.055491597199080193 0.1483457844188564 -0.044229125436785921 -0.03994375074480843 0.18877542573312811 -0.034229011797800982 -0.15649614831618808 -0.14148941792552919 0.053353967510675206 0.17535025517086567 -0.1361259507683677 0.028270271445261841 0.019008271789642352 0.18458851130650089 -0.0064164422994245742 0.055887232687369705 -0.23409554603780691 -0.077249263456462824 -0.055620523058390603 0.00054004316526743421 0.093318125995888582 -0.067089761949957 -0.017151879074543786 -0.010267152028769289 -0.10243989587265645 -0.027647202036781948 -0.13304425899722858 0.1323447532335898 0.03368763770963739
leaf_weight=566 960 84 285 156 149 121 69 192 478 506 192 108 54 352 188 196 84 144 768 192 115674 647 198 4927 84 93 372 360 288 861
leaf_count=566 960 84 285 156 149 121 69 192 478 506 192 108 54 352 188 196 84 144 768 192 115674 647 198 4927 84 93 372 360 288 861
internal_value=1.15966e-05 3.58289e-05 0.00457176 -0.00354167 0.00769231 0.00258112 0.00973684 5.09708e-06 -0.00231453 -0.00521286 0.00463542 0.00169271 0.00132576 -0.00390909 0.00572917 0.0101563 -0.003125 -0.0126263 -0.0107544 6.59896e-05 0.000164858 0.00520588 -0.00161876 -0.00221449 -0.00188602 0.0026583 0.00490591 -0.00260545 0.0123656 0.00689655
internal_weight=129348 128388 864 240 624 339 190 127524 3262 2302 960 768 1056 550 576 384 192 198 1246 124262 117374 1700 6888 6322 6124 837 744 5287 372 1508
internal_count=129348 128388 864 240 624 339 190 127524 3262 2302 960 768 1056 550 576 384 192 198 1246 124262 117374 1700 6888 6322 6124 837 744 5287 372 1508
is_linear=0
shrinkage=0.05


Tree=191
num_leaves=31
num_cat=0
split_feature=8 4 4 9 7 4 0 7 10 3 0 9 4 4 0 0 11 3 7 3 10 11 11 8 0 11 8 4 9 8
split_gain=3.9996 32.6802 14.9871 10.8617 12.8912 8.99429 11.496 9.58978 8.92318 8.85503 9.07607 8.81667 6.90447 8.71212 6.7564 6.61328 9.05388 8.38539 5.8493 20.3228 15.5795 15.0799 17.1846 11.7101 11.1118 10.0694 8.27656 9.45022 8.25804 11.8953
threshold=17.450000000000003 0.97461712852231652 0.99995376255531909 10.710937500000002 8.8875000000000011 0.98899263613956456 78.500000000000014 12.837500000000004 1.0000000180025095e-35 0.28519915169571858 21.500000000000004 9.2812500000000018 0.99681593486783593 0.99249573635719013 53.500000000000007 24.500000000000004 1.1032809260710428 -0.108376950152639 8.5625000000000018 0.59177612190863982 1.0000000180025095e-35 1.0061158603317641 1.0034024027984565 18.750000000000004 21.500000000000004 1.019720751120565 18.450000000000003 0.98899263613956456 13.811458333333336 22.350000000000005
decision_type=2 2 2 2 2 2 2 2 2 2 2 2 2 2 2 2 2 2 2 2 2 2 2 2 2 2 2 2 2 2
left_child=1 3 18 4 -1 8 7 15 -3 -5 -11 -10 13 -9 -6 16 17 -7 19 20 21 22 -2 -23 25 -22 -27 -28 -20 -30
right_child=2 5 -4 9 14 6 -8 12 11 10 -12 -13 -14 -15 -16 -17 -18 -19 28 -21 24 23 -24 -25 -26 26 27 -29 29 -31
leaf_value=0.040368184009244606 0.024094304193343422 -0.097838370239449551 -0.158352046537442 0.11176831757295674 -0.13519168888952748 0.031931925342194488 0.033645549338312722 0.080294868905011904 -0.073815227156354982 0.064066443789842262 0.023692475601092156 -0.00060073235938702403 0.072459267964546825 -0.044925473426456364 0.014171492870168834 -0.041081330525047123 0.064924426827396076 -0.0038543273965402137 -0.0087252240293274504 -0.021599521589755002 -0.024461451319712071 0.0049171311170525204 -0.096382876533539275 0.08127428923782816 0.02710317728052445 -0.017933048708528077 0.032283080885898131 -0.029804884369661978 0.010445846354012646 -0.00059871946648044634
leaf_weight=135 310 288 96 192 63 50 357 94 96 88 296 864 166 128 90 746 50 425 8774 264 345 232 61 627 410 95 140 69 7467 106330
leaf_count=135 310 288 96 192 63 50 357 94 96 88 296 864 166 128 90 746 50 425 8774 264 345 232 61 627 410 95 140 69 7467 106330
internal_value=6.95797e-06 0.00153828 -4.35234e-05 0.0101852 0.00225694 -0.000750613 0.00131448 -0.00043701 -0.00408654 0.0141493 0.00976562 -0.00177083 0.0064433 0.000675676 -0.00767974 -0.00253737 0.0017619 -0.000368421 -2.83719e-05 0.00234038 0.0038554 0.00768293 -0.00074124 0.0113213 -0.000590179 -0.00466102 0.00197368 0.00753589 -7.77101e-05 3.62488e-05
internal_weight=129348 4128 125220 864 288 3264 2016 1659 1248 576 384 960 388 222 153 1271 525 475 125124 2553 2289 1230 371 859 1059 649 304 209 122571 113797
internal_count=129348 4128 125220 864 288 3264 2016 1659 1248 576 384 960 388 222 153 1271 525 475 125124 2553 2289 1230 371 859 1059 649 304 209 122571 113797
is_linear=0
shrinkage=0.05


Tree=192
num_leaves=31
num_cat=0
split_feature=0 7 8 4 4 4 7 10 0 11 4 0 4 0 4 5 1 7 11 7 3 8 10 11 11 0 8 9 7 1
split_gain=3.95686 4.99015 3.75156 29.8439 14.7898 6.28737 9.40206 8.89474 10.2501 8.03152 7.97601 11.8827 9.8804 8.12862 9.41246 11.6031 7.21676 6.6363 6.06165 5.40639 19.0467 13.4407 12.6819 11.5191 19.2709 8.60748 8.17365 8.77597 8.50046 7.84613
threshold=1.0000000180025095e-35 27.187500000000004 17.450000000000003 0.95436825032516992 0.99995376255531909 0.97461712852231652 12.262500000000001 1.0000000180025095e-35 35.500000000000007 0.97366293224832023 0.98899263613956456 77.500000000000014 0.98005052076767474 25.500000000000004 0.99855310097228334 1.0000000180025095e-35 2.5000000000000004 13.212500000000004 1.0341132218019751 8.5625000000000018 0.59177612190863982 17.650000000000002 1.0000000180025095e-35 1.0061158603317641 1.0034024027984565 21.500000000000004 19.150000000000002 12.247135416666669 6.7375000000000016 2.5000000000000004
decision_type=2 2 2 2 2 2 2 2 2 2 2 2 2 2 2 2 2 2 2 2 2 2 2 2 2 2 2 2 2 2
left_child=1 -1 3 -2 19 7 10 -5 -9 17 12 13 -7 14 15 18 -16 -8 -12 20 21 -4 23 24 -23 -24 27 28 -25 -27
right_child=2 -3 4 5 -6 6 9 8 -10 -11 11 -13 -14 -15 16 -17 -18 -19 -20 -21 -22 22 25 26 -26 29 -28 -29 -30 -31
leaf_value=-0.0036176847329983278 0.061664584778597487 -0.06677088693032332 -0.056062462918316673 0.070792718012157252 -0.1527707889662395 0.00028428540970466544 0.050604240405034064 0.042567329482960763 -0.023085617848229847 0.03189611775080934 0.0015570406534564541 0.02764069104101239 -0.05036511565979112 -0.044830461390179016 0.0086047420546520922 -0.020092113233219779 -0.057397399639387461 -0.062543392216638696 0.039910494616506045 -0.00027557055916602738 -0.020519545510268244 0.032081435040696958 -0.0075567405910391024 0.1100973357547531 -0.091047802986733484 -0.021388405007284918 0.088579818099372432 -0.02079957045822738 0.016450823567723205 0.05250116412955208
leaf_weight=983 380 364 141 95 95 346 56 140 240 732 93 344 477 636 125 50 87 134 150 121300 264 282 597 104 60 141 392 106 185 249
leaf_count=983 380 364 141 95 95 346 56 140 240 732 93 344 477 636 125 50 87 134 150 121300 264 282 597 104 60 141 392 106 185 249
internal_value=4.63865e-06 -0.00269117 3.30076e-05 0.00152387 -1.614e-05 0.000155196 -0.000634675 0.00552632 0.00210526 0.00363341 -0.00233969 -0.000151515 -0.00628797 -0.00260736 0.00212871 0.00793515 -0.00589623 -0.00552632 0.0124486 -1.00952e-06 0.00229076 0.00377714 0.00477316 0.00839238 0.000730994 0.000633232 0.0117217 0.00664557 0.0111592 0.00641026
internal_weight=129348 1347 128001 4085 123916 3705 3230 475 380 922 2308 1485 823 1141 505 293 212 190 243 123821 2521 2257 2116 1129 342 987 787 395 289 390
internal_count=129348 1347 128001 4085 123916 3705 3230 475 380 922 2308 1485 823 1141 505 293 212 190 243 123821 2521 2257 2116 1129 342 987 787 395 289 390
is_linear=0
shrinkage=0.05


Tree=193
num_leaves=31
num_cat=0
split_feature=11 8 7 3 11 9 7 0 0 7 0 6 11 9 11 10 7 0 11 11 4 7 11 9 0 1 0 8 9 4
split_gain=3.90906 6.14201 7.9042 7.24221 5.9599 10.9452 5.90815 9.43563 8.4877 6.67892 5.11832 4.7582 6.8543 6.89062 5.60427 16.0552 20.8894 19.1562 11.321 6.344 6.2526 5.79937 5.45577 15.4714 13.5535 12.5522 7.07202 6.36283 9.42726 15.0448
threshold=0.80519389663381347 33.550000000000004 26.012500000000006 0.88220160189607266 0.82284707828887094 25.097135416666671 31.212500000000006 52.500000000000007 23.500000000000004 26.787500000000005 36.500000000000007 1.0000000180025095e-35 1.1649345393363679 29.157031250000006 0.83812870703902109 1.0000000180025095e-35 24.912500000000005 23.500000000000004 0.84409739968617681 0.83052972725518914 -0.14250536273956091 27.512500000000006 0.94932709307190133 28.678645833333334 28.500000000000004 5.5000000000000009 83.500000000000014 34.350000000000001 22.358333333333338 0.87291090774974645
decision_type=2 2 2 2 2 2 2 2 2 2 2 2 2 2 2 2 2 2 2 2 2 2 2 2 2 2 2 2 2 2
left_child=1 3 -3 -1 5 -2 8 -8 9 -7 -4 14 22 -14 15 20 -17 -18 -16 -19 -6 -21 23 26 -25 -26 -13 28 29 -24
right_child=4 2 10 -5 11 6 7 -9 -10 -11 -12 12 13 -15 18 16 17 19 -20 21 -22 -23 27 24 25 -27 -28 -29 -30 -31
leaf_value=-0.0085070182129847183 0.12100458523472071 -0.16522814597211238 0.10303766793092564 0.075455293478236748 -0.04392734165429886 0.0038417196622347661 0.093937518480004922 -0.10845030737415727 0.043275465146724916 -0.092277468676859098 -0.10207004055615627 0.03960761693391817 0.15122841887069713 0.019573474046183748 0.041210986691532982 0.064944600385891255 -0.12546564917080474 0.19415919769085122 -0.00038542965095018645 0.020166844460722189 -0.17600865238661145 -0.071380322411455671 0.026507326870658689 -0.11356924112008571 -0.099118443111157722 0.08027661302991547 -0.030976190295235285 0.014249927158053311 -0.016797889263975917 -0.0089673748471433608
leaf_weight=1824 96 121 51 96 192 205 60 103 627 51 212 840 96 192 664 185 96 64 117561 164 192 163 672 116 134 134 120 1533 1824 960
leaf_count=1824 96 121 51 96 192 205 60 103 627 51 212 840 96 192 664 185 96 64 117561 164 192 163 672 116 134 134 120 1533 1824 960
internal_value=1.15966e-06 -0.00203993 -0.0078125 -0.000885417 3.81758e-05 0.00363398 0.00215105 -0.00659509 0.00376557 -0.00390625 -0.00294677 5.55988e-06 0.00131023 0.00885417 -6.68589e-05 -0.00369318 0.000967262 -0.00446612 -3.44682e-05 0.00044757 -0.011849 -0.00237003 0.000967156 0.00379464 -0.0046875 0.00149254 0.0071875 0.000205452 -0.000983796 0.00177696
internal_weight=129348 2304 384 1920 127044 1142 1046 163 883 256 263 125902 6621 288 119281 1056 672 487 118225 391 384 327 6333 1344 384 268 960 4989 3456 1632
internal_count=129348 2304 384 1920 127044 1142 1046 163 883 256 263 125902 6621 288 119281 1056 672 487 118225 391 384 327 6333 1344 384 268 960 4989 3456 1632
is_linear=0
shrinkage=0.05


Tree=194
num_leaves=31
num_cat=0
split_feature=3 11 0 0 0 0 1 11 4 11 0 4 11 8 10 7 4 0 11 0 4 0 1 7 10 9 8 11 4 9
split_gain=3.87294 27.6598 15.0076 29.6073 18.7834 15.7933 21.7946 17.8033 20.643 17.5766 13.6478 16.4433 12.5236 12.4795 11.3255 11.371 13.8595 15.6008 10.2896 10.2836 13.6301 9.64493 8.68332 12.4675 8.40167 8.29457 8.98866 8.07775 8.04163 12.8895
threshold=0.95998215779580554 0.93309361111522005 86.500000000000014 74.500000000000014 52.500000000000007 19.500000000000004 2.5000000000000004 1.1396426947228491 -0.048362832084465616 0.98770160441593557 66.500000000000014 -0.013976481981245173 0.96717358864259573 35.95000000000001 1.0000000180025095e-35 26.612500000000004 0.17435360825960186 41.500000000000007 0.95693658795603842 81.500000000000014 0.04621408538533487 41.500000000000007 1.5000000000000002 23.712500000000006 1.0000000180025095e-35 26.947656250000005 36.350000000000001 0.9510013064145737 -0.031174269516803289 27.865885416666668
decision_type=2 2 2 2 2 2 2 2 2 2 2 2 2 2 2 2 2 2 2 2 2 2 2 2 2 2 2 2 2 2
left_child=-1 -2 3 4 5 6 27 8 13 22 11 -6 -13 -8 21 -16 17 -17 -10 20 -5 -11 -7 -24 -15 -4 -27 -3 29 -19
right_child=1 2 25 19 10 9 7 -9 18 14 -12 12 -14 24 15 16 -18 28 -20 -21 -22 -23 23 -25 -26 26 -28 -29 -30 -31
leaf_value=-0.00043153541741673966 -0.04064827641765021 -0.012365826923162616 0.012459155017774039 -0.13033180715154558 0.091734060745349677 -0.0024953228551680695 0.031923053583549431 0.048995054042856624 0.056560014693321392 -0.085034911918350539 0.0036228993682897227 0.07235786352756364 -0.00037335912004152764 0.023350387191032242 0.015443250044950219 -0.084340141885905953 -0.17261352370603619 0.15450111712656281 -0.035329632941052583 -0.0018170808153314512 -0.016385030862136319 -0.0076095231841705416 0.01257081354027605 0.12049138071844397 -0.043070390148927377 0.11930696588291455 0.032223447457735692 0.040350472427784473 -0.15264986941325845 0.00030711593213084143
leaf_weight=120132 672 60 504 364 602 297 220 120 60 506 712 168 476 60 737 294 125 110 380 445 259 253 176 154 100 162 135 780 109 176
leaf_count=120132 672 60 504 364 602 297 220 120 60 506 712 168 476 60 737 294 125 110 380 445 259 253 176 154 100 162 135 780 109 176
internal_value=-3.86554e-07 0.000987413 0.00175562 0.00108162 0.00231835 0.000609498 0.00432584 -0.000904255 -0.00353659 -0.00164283 0.00643514 0.00959069 0.00403727 0.005 -0.00365801 -0.0012089 -0.00528256 -0.00250363 -0.0109091 -0.00664794 -0.0107945 -0.00866271 0.0057815 0.0113636 -0.005625 0.00827091 0.014899 0.0101786 0.00398734 0.00839161
internal_weight=129348 9216 8544 7743 6675 4717 1780 940 820 2937 1958 1246 644 380 2310 1551 814 689 440 1068 623 759 627 330 160 801 297 840 395 286
internal_count=129348 9216 8544 7743 6675 4717 1780 940 820 2937 1958 1246 644 380 2310 1551 814 689 440 1068 623 759 627 330 160 801 297 840 395 286
is_linear=0
shrinkage=0.05


Tree=195
num_leaves=31
num_cat=0
split_feature=0 3 7 1 3 1 8 3 1 8 0 1 5 0 7 8 4 0 0 7 7 4 0 8 8 11 11 8 0 0
split_gain=3.83634 4.01524 12.7613 9.14709 7.41844 26.0253 20.1433 19.489 15.6223 10.7456 8.35099 7.23161 7.16486 6.84474 6.76351 15.6182 6.66067 6.0203 7.44974 6.97428 5.94794 5.25455 10.0492 8.33333 7.96026 6.47378 5.15118 4.97492 4.70556 6.19258
threshold=94.500000000000014 0.99939377080793557 28.612500000000004 3.5000000000000004 0.99053107487289871 2.5000000000000004 35.050000000000004 0.99552231814189451 3.5000000000000004 37.150000000000013 80.500000000000014 2.5000000000000004 1.0000000180025095e-35 74.500000000000014 28.812500000000004 36.250000000000007 1.0000000180025095e-35 17.500000000000004 83.500000000000014 29.512500000000006 31.612500000000004 -0.048362832084465616 12.500000000000002 33.050000000000004 26.250000000000004 0.95693658795603842 0.94757355787554809 34.550000000000004 84.500000000000014 16.500000000000004
decision_type=2 2 2 2 2 2 2 2 2 2 2 2 2 2 2 2 2 2 2 2 2 2 2 2 2 2 2 2 2 2
left_child=1 4 12 11 -1 6 17 10 -9 14 -7 16 26 21 15 -8 -4 -6 19 -19 -18 23 25 -10 -24 -23 -3 -21 29 -28
right_child=-2 2 3 -5 5 7 9 8 13 -11 -12 -13 -14 -15 -16 -17 20 18 -20 27 -22 22 24 -25 -26 -27 28 -29 -30 -31
leaf_value=-0.00035469536991143973 0.01643102759745858 -0.024403473034693948 -0.087753417379428822 -0.049350344096856708 0.062715953650281625 -0.075472298463662213 -0.061476913424937156 0.069011954581822008 0.10024414718740503 0.12600988849116276 0.014911370449311789 0.095237013245328239 -0.092857263024400546 -0.062028580227738675 -0.045701163683488491 0.058172407010930988 0.0069774307481822008 0.01882422288077237 0.098559871702074989 0.11306606712957645 0.14947464597229185 0.0031269939950803408 0.079727625500532903 -0.0092925206456307315 -0.00042066264180178341 -0.043300922323685147 0.020174889265530283 0.024067051694720478 0.055437312116160348 -0.03957472179002508
leaf_weight=123441 1347 203 66 66 162 324 105 190 150 95 56 92 197 300 220 150 90 339 99 184 51 52 62 150 620 91 102 71 60 213
leaf_count=123441 1347 203 66 66 162 324 105 190 150 95 56 92 197 300 220 150 90 339 99 184 51 52 62 150 620 91 102 71 60 213
internal_value=-3.86554e-07 -2.83201e-05 -0.00298246 0.00472603 -1.77359e-06 0.00229532 0.00745614 -0.00139098 0.00100619 0.000175439 -0.0115789 0.00844482 -0.0066129 -0.000789474 -0.00289474 0.00264706 0.00326087 0.0123099 0.0102814 0.00816498 0.00939716 0.001 -0.00106061 0.00666667 0.00146628 -0.0131119 -0.00380623 0.0144118 -0.000333333 -0.00277778
internal_weight=129348 128001 1140 365 126861 3420 1425 1995 1615 570 380 299 775 1425 475 255 207 855 693 594 141 1125 825 300 682 143 578 255 375 315
internal_count=129348 128001 1140 365 126861 3420 1425 1995 1615 570 380 299 775 1425 475 255 207 855 693 594 141 1125 825 300 682 143 578 255 375 315
is_linear=0
shrinkage=0.05


Tree=196
num_leaves=31
num_cat=0
split_feature=9 3 3 8 3 11 0 3 0 0 0 3 9 4 4 9 9 8 7 8 11 4 11 9 9 11 0 1 0 0
split_gain=3.81757 26.7648 34.0485 10.6776 9.83403 17.2003 9.7501 9.63585 12.4458 8.82162 8.39634 7.78704 7.3205 7.05626 15.6342 13.9529 10.4783 9.88161 13.4583 13.819 12.9337 13.9351 16.0982 14.0644 13.3928 13.2145 12.2979 11.0219 10.5338 9.41765
threshold=34.057291666666679 0.17646842360078763 0.3261394409934788 39.750000000000007 0.091259403071267925 1.0492608630788383 85.500000000000014 -0.01397611846945947 53.500000000000007 54.500000000000007 71.500000000000014 0.21862473630160603 33.875000000000007 -0.98521978256641018 -0.97874870457683594 28.587760416666672 28.932031250000001 33.350000000000001 27.312500000000004 33.550000000000004 1.0315188957178159 -0.99983123799342477 0.9510013064145737 32.982031250000013 31.046614583333337 1.0727461862228937 24.500000000000004 1.0000000180025095e-35 33.500000000000007 13.500000000000002
decision_type=2 2 2 2 2 2 2 2 2 2 2 2 2 2 2 2 2 2 2 2 2 2 2 2 2 2 2 2 2 2
left_child=12 4 3 -3 5 -2 -4 8 -7 -9 -11 -5 13 16 15 -15 -1 26 -19 -20 21 -21 24 27 -23 28 -18 -24 -22 -27
right_child=1 2 6 11 -6 7 -8 9 -10 10 -12 -13 -14 14 -16 -17 17 18 19 20 25 22 23 -25 -26 29 -28 -29 -30 -31
leaf_value=0.035850878106569443 -0.14856904337718363 -0.13431264950605809 0.0093710312128941105 -0.17332550339217365 0.16668503993551767 -0.12921735570675494 -0.070764914522649033 0.13786626351144876 0.053195168576195329 -0.044375800034067228 0.12029627475122667 -0.019622789267233289 0.055460662285874207 -0.052737199382276147 0.00035820168922953146 0.056248291403485952 -0.13083534429050872 0.034392422454772031 0.1127651096199685 -0.18223741272781879 -0.012943029350468295 -0.0012403041961690066 0.090755743787363494 0.080183954378857447 -0.10947875674998286 -0.089213229702560431 -0.040951631988983196 -0.0046518087626594706 -0.15743032457879735 -0.0062675025145793491
leaf_weight=662 192 478 2150 288 192 108 250 330 84 102 144 576 477 192 115389 1508 175 523 165 164 183 565 191 288 384 152 497 1465 541 933
leaf_count=662 192 478 2150 288 192 108 250 330 84 102 144 576 477 192 115389 1508 175 523 165 164 183 565 191 288 384 152 497 1465 541 933
internal_value=7.73108e-07 -0.00136902 -0.00342063 -0.00979881 0.00529514 0.00322917 0.000145833 0.00657552 -0.003125 0.00980903 0.00264228 -0.00648148 5.46387e-05 3.08525e-05 0.000122343 0.00488235 -0.00152439 -0.0021603 -0.00146741 -0.00226098 -0.00274353 -0.00076055 4.32077e-05 0.00264918 -0.00529505 -0.00609453 -0.0078869 0.000875604 -0.011326 -0.00260369
internal_weight=129348 4894 3742 1342 1152 960 2400 768 192 576 246 864 124454 123977 117089 1700 6888 6226 5554 5031 4866 3057 2893 1944 949 1809 672 1656 724 1085
internal_count=129348 4894 3742 1342 1152 960 2400 768 192 576 246 864 124454 123977 117089 1700 6888 6226 5554 5031 4866 3057 2893 1944 949 1809 672 1656 724 1085
is_linear=0
shrinkage=0.05


Tree=197
num_leaves=31
num_cat=0
split_feature=0 10 3 4 9 0 0 5 10 0 0 9 3 4 4 11 4 3 0 10 4 8 9 8 11 8 4 8 4 4
split_gain=3.86232 5.57138 7.85438 4.80363 10.31 4.63767 8.21041 12.163 9.6128 23.8938 12.5042 20.527 11.07 16.8164 12.5756 10.1695 9.91861 8.59193 7.96941 12.3228 14.7141 27.8397 18.0184 19.5652 15.9276 33.9031 21.5545 31.2851 28.0447 15.4958
threshold=93.500000000000014 1.0000000180025095e-35 0.95998215779580554 0.80290535434334509 26.111979166666668 73.500000000000014 59.500000000000007 1.0000000180025095e-35 1.0000000180025095e-35 63.500000000000007 65.500000000000014 31.820312500000004 0.78857998149907527 0.04621408538533487 0.46611290379786346 1.1589671265514687 0.81800285027139286 -0.45274443793211405 36.500000000000007 1.0000000180025095e-35 0.97263757644091875 16.900000000000002 12.998697916666668 20.450000000000003 1.0015760182812448 19.750000000000004 0.071972700440407641 30.850000000000005 0.27487873330147788 -0.98521978256641018
decision_type=2 2 2 2 2 2 2 2 2 2 2 2 2 2 2 2 2 2 2 2 2 2 2 2 2 2 2 2 2 2
left_child=5 3 -3 4 -2 6 18 8 9 16 11 12 14 -14 -10 -11 -8 -16 -1 -20 24 -22 -23 -24 25 -21 29 28 -28 -26
right_child=1 2 -4 -5 -6 -7 7 -9 10 15 -12 -13 13 -15 17 -17 -18 -19 19 20 21 22 23 -25 26 -27 27 -29 -30 -31
leaf_value=0.0013666980421739084 -0.021107251133494032 -0.0065843408274503194 0.036508685598315084 0.037942946844270867 0.069831270604068865 -0.0033059710468251072 -0.037169881470347832 0.058864927647422863 -0.0066389119956937748 0.032431044000237108 -0.011731113261058114 -0.11771476516300723 0.1218969391775012 0.0038755407320870462 0.067487564846960169 0.23265570117072301 0.030924644695949157 0.01435972348023782 -0.016057000008819957 0.099691475239227154 0.035467854130282465 -0.18323798113443246 0.04880180572434796 -0.11783308471459578 -0.094018263145076733 0.012378424677265088 0.067059326414971573 -0.11888713247134604 -0.052443501933821329 0.017797384732092782
leaf_weight=49880 282 1434 126 278 574 26945 1626 1078 2055 5270 5867 298 414 414 336 90 516 888 13039 391 414 437 207 207 634 7954 322 575 2093 4704
leaf_count=49880 282 1434 126 278 574 26945 1626 1078 2055 5270 5867 298 414 414 336 90 516 888 13039 391 414 437 207 207 634 7954 322 575 2093 4704
internal_value=1.15966e-06 0.00187454 -6.41026e-05 0.00454145 0.00268692 -3.86881e-05 0.000118595 0.00105824 0.000745471 0.00210611 -0.000248248 0.00176504 0.00268444 0.00785024 0.00137999 0.00388993 -0.00235761 0.00539216 -0.000100486 -0.000730381 0.000119857 -0.00507905 -0.0102526 -0.00277778 0.000514305 0.00205812 -0.00103266 -0.00443144 -0.00193582 0.000871113
internal_weight=129348 2694 1560 1134 856 126654 99709 18852 17774 7502 10272 4405 4107 828 3279 5360 2142 1224 80857 30977 17938 1265 851 414 16673 8345 8328 2990 2415 5338
internal_count=129348 2694 1560 1134 856 126654 99709 18852 17774 7502 10272 4405 4107 828 3279 5360 2142 1224 80857 30977 17938 1265 851 414 16673 8345 8328 2990 2415 5338
is_linear=0
shrinkage=0.05


Tree=198
num_leaves=31
num_cat=0
split_feature=3 7 1 3 1 3 8 1 5 0 0 1 0 3 7 8 4 7 0 0 7 1 3 0 8 8 4 7 0 0
split_gain=4.19151 11.4742 9.41655 7.6699 25.0585 18.8145 17.6946 15.2118 9.91701 9.85349 9.07786 6.9971 6.29358 6.28651 6.85271 9.31759 6.21517 6.51235 6.11693 7.75162 6.78977 5.92965 5.12756 5.33957 4.70556 4.46795 4.37909 5.23511 4.29474 7.7552
threshold=0.99939377080793557 28.412500000000005 3.5000000000000004 0.99053107487289871 2.5000000000000004 0.99552231814189451 35.050000000000004 3.5000000000000004 1.0000000180025095e-35 22.500000000000004 80.500000000000014 2.5000000000000004 85.500000000000014 0.9962888416657264 29.012500000000006 33.050000000000004 1.0000000180025095e-35 31.612500000000004 17.500000000000004 83.500000000000014 29.512500000000006 2.5000000000000004 0.99995780822346225 12.500000000000002 37.150000000000013 34.550000000000004 0.04621408538533487 22.512500000000006 7.5000000000000009 32.500000000000007
decision_type=2 2 2 2 2 2 2 2 2 2 2 2 2 2 2 2 2 2 2 2 2 2 2 2 2 2 2 2 2 2
left_child=3 21 11 28 6 10 18 -7 9 -8 -6 16 24 -9 -15 -16 -3 -18 -5 20 26 22 23 -2 -11 -22 -20 -28 -1 -30
right_child=1 2 -4 4 5 7 8 13 -10 12 -12 -13 -14 14 15 -17 17 -19 19 -21 25 -23 -24 -25 -26 -27 27 -29 29 -31
leaf_value=-0.0045191202342664384 0.01936002401818513 -0.081525162521403169 -0.0478395923198228 0.059493910981197475 -0.071784928527049638 0.065790661224379932 0.067299300052081887 -0.044218213738690088 -0.11989041739789173 -0.033406415328836661 0.015133699858672855 0.083269477241252332 0.21280959345908956 -0.0061050565952285758 0.11484102917812891 -0.010768445155164841 0.0053120649028116423 0.14273931365209622 -0.016453536388224423 0.10024229478707199 0.10550580821192952 -0.047817110090281292 0.025550263894432136 -0.036166376027890128 0.050193799388705433 0.023648639025964258 -0.017794645903696706 0.064829596784761634 0.0032623994326094422 -0.0013878696420817961
leaf_weight=10399 65 66 66 162 324 192 115 96 96 252 60 95 50 1068 139 137 93 51 126 108 184 319 139 258 63 71 62 151 32506 81835
leaf_count=10399 65 66 66 162 324 192 115 96 96 252 60 95 50 1068 139 137 93 51 126 108 184 319 139 258 63 71 62 151 32506 81835
internal_value=7.73108e-06 -0.00299479 0.00424528 3.47125e-05 0.00235822 -0.00124008 0.00739583 0.00110294 0.000607639 0.00354167 -0.0111979 0.00795082 -0.000479452 -0.000659722 0.000223214 0.00724638 0.00285714 0.00868056 0.0119213 0.00990028 0.00765993 -0.00643406 -0.00281385 -0.00626935 -0.00309524 0.0138235 0.0030236 0.00739437 -2.96617e-05 5.88153e-05
internal_weight=129348 1152 371 128196 3456 2016 1440 1632 576 480 384 305 365 1440 1344 276 210 144 864 702 594 781 462 323 315 255 339 213 124740 114341
internal_count=129348 1152 371 128196 3456 2016 1440 1632 576 480 384 305 365 1440 1344 276 210 144 864 702 594 781 462 323 315 255 339 213 124740 114341
is_linear=0
shrinkage=0.05


Tree=199
num_leaves=31
num_cat=0
split_feature=8 0 0 1 6 11 9 11 4 0 4 0 7 4 8 4 7 8 0 4 7 4 4 7 0 11 11 7 7 8
split_gain=3.71481 4.14454 6.49138 4.55054 4.02524 6.09561 6.25 4.99154 5.03364 8.84265 7.81799 8.04535 9.06072 11.2163 15.3041 11.6864 9.25556 7.82646 6.88732 11.2007 10.4143 8.13258 6.70979 6.51033 7.284 6.45441 6.25413 6.09587 8.29583 7.31821
threshold=43.550000000000004 85.500000000000014 61.500000000000007 1.0000000180025095e-35 1.0000000180025095e-35 1.1649345393363679 29.157031250000006 1.1338093104982068 -0.70289845916694649 71.500000000000014 -0.5129677127369543 50.500000000000007 9.1875000000000018 0.87291090774974645 27.750000000000004 -0.25206183926700709 26.612500000000004 19.150000000000002 23.500000000000004 -0.73865259438682551 27.912500000000005 -0.73865259438682551 -0.85225707553516283 30.887500000000006 59.500000000000007 1.0282169252610012 1.0653535727147359 18.562500000000004 21.012500000000006 31.850000000000005
decision_type=2 2 2 2 2 2 2 2 2 2 2 2 2 2 2 2 2 2 2 2 2 2 2 2 2 2 2 2 2 2
left_child=4 2 3 -2 -1 7 -7 8 18 10 23 12 25 14 -14 16 -16 -13 19 20 -6 22 -20 -10 -25 -12 -19 -11 -29 -30
right_child=1 -3 -4 -5 5 6 -8 -9 9 27 11 17 13 -15 15 -17 -18 26 21 -21 -22 -23 -24 24 -26 -27 -28 28 29 -31
leaf_value=-0.00024559875236747076 0.003968563114904811 -0.13588669416494101 0.079117001052419061 -0.0696617551618985 0.05743001157462118 0.14369001796242031 0.018466461133361634 -0.074744248686081247 -0.0013596532449639655 -0.040751960602439401 0.014610505961658761 -0.042862951865789971 0.039042668790137472 -0.070010724582073178 0.094032006901999671 -0.01179187063911229 0.002475509919113961 0.024385659967651921 0.11449778061693366 -0.11621764468898875 -0.045252063417471788 0.094304274555130269 -0.035187679599061994 -0.15329217592662872 0.01913160294533043 0.098594985760927054 0.085590589083912511 0.023788175454831164 -0.035401312348277258 0.0071858581308191566
leaf_weight=122055 124 50 120 186 93 96 192 96 483 307 160 63 408 287 102 1275 153 819 213 96 51 288 216 112 53 63 126 173 481 407
leaf_count=122055 124 50 120 186 93 96 192 96 483 307 160 63 408 287 102 1275 153 819 213 96 51 288 216 112 53 63 126 173 481 407
internal_value=1.54622e-05 -0.004375 -0.0027907 -0.0066129 3.18155e-05 0.00121459 0.00833333 0.000900383 0.00106937 0.000484284 0.00164474 0.0025897 0.00104167 7.86517e-05 0.00144479 -0.000849673 0.00892157 0.00634921 0.00441484 -0.00291667 0.00590278 0.0068689 0.00250583 -0.00339506 -0.0119697 0.0106502 0.00748677 -0.00299708 -0.0012017 -0.00315315
internal_weight=129348 480 430 310 128868 6813 288 6525 6429 5472 4104 3456 2448 2225 1938 1530 255 1008 957 240 144 717 429 648 165 223 945 1368 1061 888
internal_count=129348 480 430 310 128868 6813 288 6525 6429 5472 4104 3456 2448 2225 1938 1530 255 1008 957 240 144 717 429 648 165 223 945 1368 1061 888
is_linear=0
shrinkage=0.05


Tree=200
num_leaves=31
num_cat=0
split_feature=11 8 7 3 11 9 1 0 7 0 7 0 6 11 1 1 7 8 8 4 8 0 3 10 11 7 4 0 3 7
split_gain=3.813 5.95868 8.10003 7.21406 5.20131 9.85893 5.10573 7.07749 6.64283 8.7154 5.12896 4.98239 4.45317 5.40415 6.10991 9.96757 9.76538 18.1021 12.0875 9.72246 10.9091 9.01747 13.112 7.62027 22.5625 11.4363 8.52631 6.82908 9.97418 6.65006
threshold=0.80519389663381347 33.550000000000004 26.012500000000006 0.88220160189607266 0.82284707828887094 25.097135416666671 5.5000000000000009 21.500000000000004 31.212500000000006 52.500000000000007 26.537500000000005 36.500000000000007 1.0000000180025095e-35 1.1649345393363679 1.5000000000000002 2.5000000000000004 9.7125000000000039 19.150000000000002 28.850000000000005 -0.70289845916694649 38.850000000000001 23.500000000000004 0.41398981800788198 1.0000000180025095e-35 0.96501014288629994 19.312500000000004 -0.5129677127369543 70.500000000000014 0.44505654568748165 26.912500000000005
decision_type=2 2 2 2 2 2 2 2 2 2 2 2 2 2 2 2 2 2 2 2 2 2 2 2 2 2 2 2 2 2
left_child=1 3 -3 -1 5 -2 7 -7 -9 -10 -8 -4 -6 14 23 16 -16 -18 27 21 -21 22 -17 24 -14 -26 29 -19 -29 -25
right_child=4 2 11 -5 12 6 10 8 9 -11 -12 -13 13 -15 15 19 17 18 -20 20 -22 -23 -24 26 25 -27 -28 28 -30 -31
leaf_value=-0.0086351824143775964 0.11520958286551562 -0.15677543617137815 0.097688011053163853 0.071325718884099845 -0.00029727143247981758 -0.032324888601626613 0.020126917404769532 0.041372885139773531 0.092380604861046586 -0.095574375135342393 0.092674736205577812 -0.096060613653279614 0.04472930522113501 0.054170861346723602 0.06853932239903103 0.024896678323067079 -0.13434413025289871 0.075016779376221629 0.0074945020647724904 -0.001548560154622436 -0.063088605297027561 0.068739648616147522 -0.082851156199876652 -0.14824033310949433 -0.13178184871867274 -0.02204047372011644 0.014238418126118547 0.062659217422051938 -0.037586275371962331 -0.023113256761271118
leaf_weight=1824 96 121 51 96 119281 190 137 501 60 103 55 212 192 288 76 120 62 322 768 1920 192 645 96 50 205 371 960 50 66 238
leaf_count=1824 96 121 51 96 119281 190 137 501 60 103 55 212 192 288 76 120 62 322 768 1920 192 645 96 50 205 371 960 50 66 238
internal_value=1.93277e-05 -0.00199653 -0.00768229 -0.000859375 5.58861e-05 0.00341506 0.00200765 0.000351288 0.00278614 -0.0059816 0.009375 -0.00275665 2.54166e-05 0.00128757 0.000982946 0.00204424 0.00561756 0.00457413 0.00592869 0.00042886 -0.00139678 0.00490708 -0.00393519 -0.00128968 -0.00520833 -0.0101563 0.00112179 0.0125571 0.00215517 -0.00642361
internal_weight=129348 2304 384 1920 127044 1142 1046 854 664 163 192 263 125902 6621 6333 4317 1344 1268 1206 2973 2112 861 216 2016 768 576 1248 438 116 288
internal_count=129348 2304 384 1920 127044 1142 1046 854 664 163 192 263 125902 6621 6333 4317 1344 1268 1206 2973 2112 861 216 2016 768 576 1248 438 116 288
is_linear=0
shrinkage=0.05


Tree=201
num_leaves=31
num_cat=0
split_feature=8 8 8 3 0 0 0 3 8 0 8 0 8 9 11 6 8 0 10 11 0 10 11 11 4 4 9 7 3 9
split_gain=3.57738 15.6909 11.6612 12.5848 16.9626 21.5511 33.7883 16.5192 16.0327 18.8603 15.2085 14.6407 14.0595 13.7068 19.2236 16.285 14.0006 13.4644 12.6252 22.2727 12.2191 11.062 10.9465 17.7779 15.2204 10.6119 10.3501 10.0913 13.7389 12.1075
threshold=36.550000000000004 34.45000000000001 36.650000000000013 0.65233619298682533 87.500000000000014 69.500000000000014 46.500000000000007 0.19337368024598436 36.850000000000001 21.500000000000004 37.250000000000007 79.500000000000014 37.050000000000004 31.50833333333334 1.0751037620239305 1.0000000180025095e-35 38.850000000000001 67.500000000000014 1.0000000180025095e-35 0.96902556631768955 15.500000000000002 1.0000000180025095e-35 1.09763366194496 1.103694758981794 -0.99864786094873803 0.27487873330147788 34.057291666666679 28.412500000000005 0.70290292807158605 32.730208333333344
decision_type=2 2 2 2 2 2 2 2 2 2 2 2 2 2 2 2 2 2 2 2 2 2 2 2 2 2 2 2 2 2
left_child=1 -1 -2 4 5 6 8 -6 -4 12 -11 -7 -10 16 15 -15 -5 20 19 -14 -18 27 24 -24 -21 -3 -25 29 -29 -16
right_child=2 25 3 13 7 11 -8 -9 9 10 -12 -13 18 14 21 -17 17 -19 -20 22 -22 -23 23 26 -26 -27 -28 28 -30 -31
leaf_value=-0.00049105900720149977 -0.039856063330834246 0.011879559054095525 0.089565237796288957 0.0082866799613853463 0.013104491123898755 0.081507047278012126 -0.071075777834584394 -0.12484203470878869 0.084254651518939738 -0.069004290716701888 0.040746400453581091 -0.0071774587680579318 0.058919702593555459 0.083807469507117108 0.0019733570934079127 -0.096203933765595204 -0.049369498877380381 -0.1377471382335699 -0.064450888068031995 0.08067809975733696 0.01370630322457771 -0.066098763473218733 0.14747823186797718 0.074883781358497006 -0.047744620040102603 0.16439883676270173 -0.052533519401894324 -0.10420252129335879 0.033911308722464638 0.1029903233463358
leaf_weight=98167 768 11206 329 3355 360 1265 2930 657 132 350 2666 1016 264 1243 149 96 112 196 940 110 362 270 88 66 836 192 220 268 608 127
leaf_count=98167 768 11206 329 3355 360 1265 2930 657 132 350 2666 1016 264 1243 149 96 112 196 940 110 362 270 88 66 836 192 220 268 608 127
internal_value=1.85546e-05 0.000130288 -0.000600263 -0.000356298 -0.0013145 -0.000753657 -0.00186149 -0.00749754 0.000287452 -0.000334979 0.00237069 0.00358395 -0.00340738 0.00137047 0.00408367 0.00838312 -0.000490683 -0.00708955 -0.0042393 -0.00151515 -0.00253165 3.51617e-05 -0.00416667 0.00307487 -0.0070296 0.0018863 -0.00297203 0.00217014 -0.000456621 0.0105072
internal_weight=129348 109565 19783 19015 12229 11212 8931 1017 6001 5672 3016 2281 2656 6786 2761 1339 4025 670 2524 1584 474 1422 1320 374 946 11398 286 1152 876 276
internal_count=129348 109565 19783 19015 12229 11212 8931 1017 6001 5672 3016 2281 2656 6786 2761 1339 4025 670 2524 1584 474 1422 1320 374 946 11398 286 1152 876 276
is_linear=0
shrinkage=0.05


Tree=202
num_leaves=31
num_cat=0
split_feature=4 4 7 10 4 8 4 9 9 8 0 3 11 11 7 11 1 3 7 3 11 0 0 7 9 9 3 3 3 3
split_gain=3.56788 13.857 11.543 14.3601 12.8085 12.4153 9.83562 12.1923 21.5281 20.8288 17.4916 10.0157 11.2943 12.0702 15.203 15.3148 13.6965 22.8836 11.2677 10.2359 9.57967 10.3628 9.14093 8.77468 8.44475 9.07103 20.4699 17.6536 16.3996 14.3476
threshold=-0.91249077947840473 -0.89787881968372518 26.612500000000004 1.0000000180025095e-35 -0.90531874877253482 31.850000000000005 -0.93845867424155849 28.071614583333339 27.501822916666672 32.150000000000013 43.500000000000007 -0.099819732675876835 0.90157409510273256 0.96159218389975776 25.412500000000005 0.96595727420028521 1.0000000180025095e-35 -0.21861968191509915 35.662500000000016 -0.21861968191509915 0.83812870703902109 59.500000000000007 3.5000000000000004 27.737500000000004 35.273437500000007 34.057291666666679 0.17646842360078763 0.3261394409934788 0.074116354202380205 0.21862473630160603
decision_type=2 2 2 2 2 2 2 2 2 2 2 2 2 2 2 2 2 2 2 2 2 2 2 2 2 2 2 2 2 2
left_child=6 2 -2 4 -4 -5 11 8 10 -9 -8 12 20 -14 -15 -16 17 -17 19 -18 -1 -22 -13 -19 25 29 28 -28 -27 -24
right_child=1 -3 3 5 -6 -7 7 9 -10 -11 -12 22 13 14 15 16 18 23 -20 -21 21 -23 24 -25 -26 26 27 -29 -30 -31
leaf_value=0.0046225250542491379 0.10009389114249956 0.00035202750095635342 0.12414284889227219 -0.13108141805912296 0.0077110610763085679 0.012562548618224412 -0.18205812331749771 -0.10383785155431938 0.093743421400321839 -0.021592458520802185 0.021131323724048204 -0.058284202524042428 -0.026285485832337231 0.17100658343564634 0.14227927353682476 0.16045992164420683 -0.01697614703750645 0.043797694446286076 -0.12816183374071244 0.03072910667296256 0.091020892987256019 0.019164942558407463 -0.013449145639026484 -0.083141221891350633 0.047284075280596485 -0.042525641938750171 -0.099717438456146112 0.062827614970134962 0.15937309364446506 0.029166894003701316
leaf_weight=566 294 106298 332 126 329 643 88 480 288 2486 104 460 1056 68 179 384 2447 51 145 978 472 288 6143 234 644 368 1102 184 276 1835
leaf_count=566 294 106298 332 126 329 643 88 480 288 2486 104 460 1056 68 179 384 2447 51 145 978 472 288 6143 234 644 368 1102 184 276 1835
internal_value=1.89412e-05 0.000135621 0.00458237 0.00272727 0.00813162 -0.00191808 -0.000572072 -0.00301799 0.004375 -0.00421443 -0.00859375 -0.000100671 0.00139779 0.000405991 0.00153812 0.001177 0.000572069 0.00713752 -0.000658263 -8.0292e-05 0.00554299 0.00921053 -0.00103523 -0.00359649 -0.000734458 -0.00109507 -0.00417098 -0.00781493 0.00310559 -0.000350965
internal_weight=129348 108022 1724 1430 661 769 21326 3446 480 2966 192 17880 6868 5542 4486 4418 4239 669 3570 3425 1326 760 11012 285 10552 9908 1930 1286 644 7978
internal_count=129348 108022 1724 1430 661 769 21326 3446 480 2966 192 17880 6868 5542 4486 4418 4239 669 3570 3425 1326 760 11012 285 10552 9908 1930 1286 644 7978
is_linear=0
shrinkage=0.05


Tree=203
num_leaves=31
num_cat=0
split_feature=0 10 3 4 9 3 7 4 3 0 0 5 10 0 0 9 11 3 4 4 4 3 3 7 11 8 8 0 9 1
split_gain=3.75259 6.94861 8.94781 8.76545 12.9651 6.91731 5.78799 5.66624 4.74749 4.53781 7.62624 11.2134 9.43567 21.1905 11.868 16.2444 10.3295 10.2946 16.0487 10.9813 8.56505 7.72889 7.53787 7.35107 16.5416 13.8023 20.2879 20.344 11.7592 8.91212
threshold=92.500000000000014 1.0000000180025095e-35 0.95998215779580554 0.80290535434334509 26.111979166666668 -0.082689790342551819 26.537500000000005 -0.031174269516803289 0.7090011537757156 73.500000000000014 59.500000000000007 1.0000000180025095e-35 1.0000000180025095e-35 63.500000000000007 65.500000000000014 31.820312500000004 1.1589671265514687 0.83849049182116964 0.04621408538533487 0.46611290379786346 0.81800285027139286 0.9193901325473397 -0.45274443793211405 31.812500000000007 1.1396426947228491 40.45000000000001 43.20000000000001 56.500000000000007 33.072916666666671 5.5000000000000009
decision_type=2 2 2 2 2 2 2 2 2 2 2 2 2 2 2 2 2 2 2 2 2 2 2 2 2 2 2 2 2 2
left_child=9 3 6 4 8 -6 -3 -4 -2 10 23 12 13 20 15 17 -15 19 -19 -14 21 -12 -21 -1 25 29 27 -27 -26 -25
right_child=1 2 7 -5 5 -7 -8 -9 -10 -11 11 -13 14 16 -16 -17 -18 18 -20 22 -22 -23 -24 24 28 26 -28 -29 -30 -31
leaf_value=0.00055109218774518354 -0.031996005928393599 0.0042123029573225782 0.10712258917393953 0.03743281938166803 0.098973485714743958 0.012264555653966626 -0.050039019801811691 0.0030665629803678486 0.011870204827894783 -0.0035983198549971009 -0.054780442378006458 0.056282456063173926 -0.0054118610896665593 0.030255935521729782 -0.011077251055931471 -0.10957788188190776 0.224170975227797 0.12234480103036489 0.0021311300602150141 0.063594038060976743 0.02911992377277528 0.017122315155818059 0.013438168363575899 -0.021773797729299816 -0.038349907955313262 0.085736331683007455 -0.066941889855128528 -0.10804806110995031 -0.13376123756373204 0.024081899041956945
leaf_weight=68856 258 1392 78 417 405 456 760 111 165 25597 1458 1078 2109 5270 5867 298 90 360 354 336 516 168 948 8061 551 1187 259 123 246 1574
leaf_count=68856 258 1392 78 417 405 456 760 111 165 25597 1458 1078 2109 5270 5867 298 90 360 354 336 516 168 948 8061 551 1187 259 123 246 1574
internal_value=2.20336e-05 0.00152152 -0.000245622 0.00395356 0.0019081 0.00542973 -0.00116171 0.0101852 -0.00526005 -2.63355e-05 0.000126117 0.00103172 0.000731405 0.00207945 -0.000253115 0.00170829 0.00375933 0.00252617 0.00798319 0.00137784 -0.00212418 -0.00390529 0.00502336 -8.50267e-05 -0.00122698 -0.000731881 0.00361695 0.00614504 -0.00818695 -0.00144006
internal_weight=129348 4042 2341 1701 1284 861 2152 189 423 125306 99709 18852 17774 7502 10272 4405 5360 4107 714 3393 2142 1626 1284 80857 12001 11204 1569 1310 797 9635
internal_count=129348 4042 2341 1701 1284 861 2152 189 423 125306 99709 18852 17774 7502 10272 4405 5360 4107 714 3393 2142 1626 1284 80857 12001 11204 1569 1310 797 9635
is_linear=0
shrinkage=0.05


Tree=204
num_leaves=31
num_cat=0
split_feature=3 11 7 3 1 8 3 1 5 0 0 8 8 0 0 0 7 0 4 8 0 8 3 7 0 7 3 11 0 9
split_gain=3.51273 8.75071 10.1073 7.35826 22.4529 16.5375 16.5005 14.6184 9.8 8.08741 7.75208 7.11806 10.655 6.04268 5.90325 7.19963 5.70358 5.29428 5.09099 8.33333 7.56559 6.76993 6.09591 4.88926 4.88925 6.312 6.96006 6.07546 5.58248 4.80159
threshold=0.99939377080793557 0.93309361111522005 28.737500000000004 0.99053107487289871 2.5000000000000004 35.050000000000004 0.99552231814189451 3.5000000000000004 1.0000000180025095e-35 22.500000000000004 79.500000000000014 33.750000000000007 33.150000000000013 74.500000000000014 17.500000000000004 84.500000000000014 29.712500000000006 84.500000000000014 -0.048362832084465616 33.050000000000004 27.500000000000004 28.550000000000004 0.99818282439137029 34.312500000000007 85.500000000000014 22.512500000000006 0.99983759474438971 1.0282169252610012 22.500000000000004 23.317968750000002
decision_type=2 2 2 2 2 2 2 2 2 2 2 2 2 2 2 2 2 2 2 2 2 2 2 2 2 2 2 2 2 2
left_child=3 -2 24 -1 5 14 10 -8 9 -7 -6 12 -4 18 -5 16 -16 23 19 -9 -20 -22 -23 -11 25 26 28 -27 -3 -15
right_child=1 2 11 4 6 8 7 13 -10 17 -12 -13 -14 29 15 -17 -18 -19 20 -21 21 22 -24 -25 -26 27 -28 -29 -30 -31
leaf_value=-0.00019000235768089626 -0.081639814964836438 -0.036421446571995378 0.038000418666715066 0.056398298144593184 -0.068556850092490157 0.065909125740827787 0.062510348995795093 0.094508022882338602 -0.11430041635375687 -0.044404726942420328 0.01360389440821308 0.12390811158866484 -0.057354011145568512 -0.08729943449510956 0.018897902304283322 0.096745206859094435 0.071865604537207167 0.18139334514984143 -0.019305739381573518 -0.0086384393010725102 0.072493486120228573 -0.11636181495639449 0.010611063904686092 0.0125488458861156 0.021788291173321286 -0.030548104760750053 0.014169864447966064 -0.22367912626918385 0.011438909355812399 -0.029228959093160967
leaf_weight=124740 96 110 185 162 320 115 192 150 96 195 64 77 67 105 359 99 244 55 308 150 94 94 329 115 110 199 148 106 54 210
leaf_count=124740 96 110 185 162 320 115 192 150 96 195 64 77 67 105 359 99 244 55 308 150 94 94 329 115 110 199 148 106 54 210
internal_value=1.43025e-05 -0.00273438 -0.00142045 3.90028e-05 0.00231481 0.00708333 -0.00109127 0.00110294 0.000520833 0.0034375 -0.0104167 0.00585106 0.00178571 -0.000625 0.0114583 0.00947293 0.00742123 -0.000205479 0.00108889 0.00666667 -0.000939394 0.00275629 5.91017e-05 -0.00274194 -0.00471114 -0.00644246 -0.00144231 -0.0115574 -0.00853659 -0.00674603
internal_weight=129348 1152 1056 128196 3456 1440 2016 1632 576 480 384 329 252 1440 864 702 603 365 1125 300 825 517 423 310 727 617 312 305 164 315
internal_count=129348 1152 1056 128196 3456 1440 2016 1632 576 480 384 329 252 1440 864 702 603 365 1125 300 825 517 423 310 727 617 312 305 164 315
is_linear=0
shrinkage=0.05


Tree=205
num_leaves=31
num_cat=0
split_feature=3 3 3 1 3 8 1 8 0 8 0 0 9 7 3 0 0 1 6 10 4 7 3 5 0 7 4 8 7 4
split_gain=3.74627 8.26418 7.90413 20.6905 15.4641 13.9362 13.1373 8.55868 7.25208 6.81264 6.55567 6.7567 6.14627 9.88167 6.04172 5.83941 8.13676 6.48214 6.29814 7.39565 11.9304 5.80404 5.61159 5.52552 5.90381 5.3978 5.71433 5.14286 8.47532 6.34986
threshold=0.99939377080793557 0.99995780822346225 0.99053107487289871 2.5000000000000004 0.99552231814189451 35.050000000000004 3.5000000000000004 37.150000000000013 79.500000000000014 35.45000000000001 17.500000000000004 82.500000000000014 25.593489583333341 28.612500000000004 0.9962888416657264 65.500000000000014 45.500000000000007 4.5000000000000009 1.0000000180025095e-35 1.0000000180025095e-35 0.071972700440407641 30.812500000000004 0.99761913169647187 1.0000000180025095e-35 22.500000000000004 30.212500000000006 0.04621408538533487 30.250000000000004 23.412500000000005 -0.048362832084465616
decision_type=2 2 2 2 2 2 2 2 2 2 2 2 2 2 2 2 2 2 2 2 2 2 2 2 2 2 2 2 2 2
left_child=2 9 -1 5 8 10 -6 23 -5 12 -4 25 13 -2 -8 16 18 -17 19 22 -21 -3 -16 24 -7 -12 -27 -19 -29 -30
right_child=1 21 3 4 6 7 14 -9 -10 -11 11 -13 -14 -15 15 17 -18 27 -20 20 -22 -23 -24 -25 -26 26 -28 28 29 -31
leaf_value=-0.00018050223979741988 -0.026169486017133894 0.0029231636100760742 0.053578383237363886 -0.065129007587866286 0.059384831546005046 0.031792488084872166 -0.039655317288469411 0.1135549992825105 0.012923699687802071 0.034468166163360792 0.016369449721464948 0.089768335219329753 -0.091292400860732675 0.032779979250954487 0.015233979620690974 0.016304641768861927 0.048356380725648053 -0.11644744921058675 -0.046412763756291754 0.034687452106205545 -0.033396909537626134 0.1004671188296193 -0.034327879461461923 -0.10858539553606904 -0.018492438629409948 0.13036993665105215 0.010623450798970424 0.032592865100395586 -0.2624151478179691 0.0073839341450714358
leaf_weight=124740 408 238 162 320 192 92 96 96 64 96 357 117 192 168 92 120 280 90 92 230 92 50 138 96 292 126 102 52 88 70
leaf_count=124740 408 238 162 320 192 92 96 96 64 96 357 117 192 168 92 120 280 90 92 230 92 50 138 96 292 126 102 52 88 70
internal_value=1.73949e-05 -0.00282118 4.29031e-05 0.00240162 -0.000868056 0.00697917 0.00125613 0.000954861 -0.00989583 -0.0052662 0.0109954 0.00890313 -0.00683594 -0.00425347 -0.000381944 0.000483631 0.00270563 -0.00440476 -0.000388199 0.00163043 0.00652174 0.00451389 -0.00521739 -0.00177083 0.000911458 0.0067094 0.0127193 -0.00833333 -0.00404762 -0.00981013
internal_weight=129348 1152 128196 3456 2016 1440 1632 576 384 864 864 702 768 576 1440 1344 924 420 644 552 322 288 230 480 384 585 228 300 210 158
internal_count=129348 1152 128196 3456 2016 1440 1632 576 384 864 864 702 768 576 1440 1344 924 420 644 552 322 288 230 480 384 585 228 300 210 158
is_linear=0
shrinkage=0.05


Tree=206
num_leaves=31
num_cat=0
split_feature=8 4 4 3 0 10 4 0 11 1 10 9 1 6 8 11 7 7 0 5 3 11 10 7 7 3 11 11 4 8
split_gain=3.47171 29.5543 15.004 10.1599 9.91106 11.6667 8.43766 9.86125 21.1202 9.16422 8.40601 8.88067 6.6939 6.59216 7.2 6.36058 5.24198 4.99202 4.65885 5.97459 5.86671 7.20429 4.563 7.66 4.2732 17.6302 13.9244 19.3734 14.8594 13.9863
threshold=17.450000000000003 0.97461712852231652 0.99995376255531909 -0.2270106897347694 25.500000000000004 1.0000000180025095e-35 0.98899263613956456 45.500000000000007 1.078728888014248 5.5000000000000009 1.0000000180025095e-35 9.2812500000000018 4.5000000000000009 1.0000000180025095e-35 15.350000000000003 1.0863116984423709 7.5625000000000009 8.8875000000000011 24.500000000000004 1.0000000180025095e-35 -0.0053757284505435614 1.0114098712100164 1.0000000180025095e-35 6.1125000000000016 8.5625000000000018 0.59177612190863982 1.0061158603317641 1.0034024027984565 0.99981043035926087 17.650000000000002
decision_type=2 2 2 2 2 2 2 2 2 2 2 2 2 2 2 2 2 2 2 2 2 2 2 2 2 2 2 2 2 2
left_child=1 3 24 -1 15 -6 10 9 13 12 16 -12 18 14 -9 -5 -3 -7 19 20 22 -22 -8 -24 25 26 27 29 -28 -2
right_child=2 6 -4 4 5 17 7 8 -10 -11 11 -13 -14 -15 -16 -17 -18 -19 -20 -21 21 -23 23 -25 -26 -27 28 -29 -30 -31
leaf_value=0.15942501925965191 -0.11462668615014451 -0.15292252409620632 -0.13649435405851165 0.050976995434194809 0.080802137662032439 0.060274351640848073 0.095511573789403323 0.086869371198879011 -0.052246440180671531 -0.08272069669047824 -0.067406880632571387 -0.00020061048565480635 0.038943012580654114 -0.016505630736777022 0.025541340857238026 0.021787110756940821 -0.067549222642560386 -0.010416124773186652 -0.040067899580876087 -0.02056307336199055 0.0086686138681244529 -0.030597882401467304 -0.015216699925619538 0.027334253074420192 -0.0004339526210856093 -0.019659284465998895 0.025893181085088202 -0.076172230832659699 -0.031389475203954478 0.010186320791309812
leaf_weight=96 52 63 96 156 140 63 75 300 200 92 96 864 92 100 450 52 225 357 357 50 100 75 71 54 122571 264 1518 89 119 511
leaf_count=96 52 63 96 156 140 63 75 300 200 92 96 864 92 100 450 52 225 357 357 50 100 75 71 54 122571 264 1518 89 119 511
internal_value=1.46891e-05 0.00144138 -3.23431e-05 0.00966435 0.0077474 0.00428571 -0.000735294 0.00126488 0.00461905 -0.00238095 -0.00396635 -0.00171875 -0.000800915 0.00805882 0.00966667 0.0170673 -0.0114583 0.000119048 -0.00230179 0.00123529 0.0034 -0.00328571 0.00925 0.0034 -1.7183e-05 0.00200744 0.00341852 -0.00276074 0.00587966 0.000666075
internal_weight=129348 4128 125220 864 768 560 3264 2016 1050 966 1248 960 874 850 750 208 288 420 782 425 375 175 200 125 125124 2553 2289 652 1637 563
internal_count=129348 4128 125220 864 768 560 3264 2016 1050 966 1248 960 874 850 750 208 288 420 782 425 375 175 200 125 125124 2553 2289 652 1637 563
is_linear=0
shrinkage=0.05


Tree=207
num_leaves=31
num_cat=0
split_feature=0 4 3 8 8 0 0 8 3 4 1 8 8 3 11 4 10 4 11 9 8 11 1 8 8 0 10 4 11 11
split_gain=3.56251 8.9237 4.73684 4.62359 4.24065 3.74641 12.7671 57.5993 18.8567 25.5808 26.2765 19.2926 15.2909 11.482 21.8737 19.4813 17.4283 26.0411 20.3893 23.5154 18.4961 16.1477 14.2146 13.1222 17.4658 13.282 29.4499 15.6011 14.5489 13.7178
threshold=1.5000000000000002 -0.79382744783423187 -0.8821812062722818 33.050000000000004 37.550000000000004 32.500000000000007 25.500000000000004 28.250000000000004 -0.8821812062722818 -0.27694043983797384 5.5000000000000009 33.050000000000004 33.95000000000001 -0.17647087149565668 1.1102543501962845 -0.96234030595689413 1.0000000180025095e-35 0.78192542922038288 0.888018781778247 27.252864583333338 20.450000000000003 1.0912314765539939 3.5000000000000004 35.050000000000004 33.95000000000001 17.500000000000004 1.0000000180025095e-35 0.46611290379786346 1.0376678341700196 0.83812870703902109
decision_type=2 2 2 2 2 2 2 2 2 2 2 2 2 2 2 2 2 2 2 2 2 2 2 2 2 2 2 2 2 2
left_child=1 4 3 -3 -1 6 8 -8 9 10 12 -11 -2 14 15 -10 17 21 19 -18 -19 22 -15 24 25 29 27 -27 -29 -17
right_child=5 2 -4 -5 -6 -7 7 -9 13 11 -12 -13 -14 16 -16 23 18 20 -20 -21 -22 -23 -24 -25 -26 26 -28 28 -30 -31
leaf_value=-0.036045312152661782 -0.098601124523828798 -0.041693976143331216 0.0047043597518758419 0.06772299569026928 -0.1025690717740062 -0.00097512962549188846 -0.021765784944427935 0.033698668144242563 0.064505517620584388 -0.012241185724635529 0.06231090665552444 0.061738117893824551 0.036517518160017914 0.0031010324702563708 -0.045450524220620285 -0.030216065108794512 0.060902269642423339 0.01609072818623929 -0.0080952868841663427 -0.015201661747512675 0.075099460414141117 0.035817608142778568 -0.026769032457900722 0.079692514055251004 -0.0879657543131728 0.0036088582375320756 0.017682985829828368 -0.10161472196074542 0.046542236656489426 0.016752069704207884
leaf_weight=497 720 324 1642 52 180 84859 3283 6160 664 3168 96 456 72 2832 864 256 312 1728 9831 281 672 768 1896 192 192 408 1456 568 104 4815
leaf_count=497 720 324 1642 52 180 84859 3283 6160 664 3168 96 456 72 2832 864 256 312 1728 9831 281 672 768 1896 192 192 408 1456 568 104 4815
internal_value=8.50419e-06 -0.00179035 -0.000123885 -0.00518617 -0.00675775 4.67814e-05 0.000434273 0.00205178 -3.78659e-05 -0.00303635 -0.0106419 -0.00117274 -0.0136364 0.000448112 0.00185681 0.0026141 -0.000283843 0.0014881 -0.00162606 0.00737774 0.00583333 -0.000409389 -0.00150169 0.0019303 0.00161239 0.0019883 -0.000966088 -0.00722222 -0.0119048 0.00346579
internal_weight=129348 2695 2018 376 677 126653 41794 9443 32351 4512 888 3624 792 27839 9519 8655 18320 7896 10424 593 2400 5496 4728 7991 7799 7607 2536 1080 672 5071
internal_count=129348 2695 2018 376 677 126653 41794 9443 32351 4512 888 3624 792 27839 9519 8655 18320 7896 10424 593 2400 5496 4728 7991 7799 7607 2536 1080 672 5071
is_linear=0
shrinkage=0.05


Tree=208
num_leaves=31
num_cat=0
split_feature=8 11 3 3 0 11 11 4 11 0 1 7 8 7 7 1 9 8 8 9 0 1 1 9 3 8 11 9 3 9
split_gain=3.38252 3.34214 15.6653 22.5348 15.3448 20.2217 19.5554 19.002 18.2787 12.614 12.5052 11.5636 19.3761 11.5457 11.3212 10.7712 10.7073 10.2018 10.1892 14.5436 10.1043 9.95192 9.75347 9.60075 9.1409 8.16753 7.96063 26.6224 27.7329 26.2208
threshold=44.850000000000009 0.88579141231058722 -0.99166060804803513 -0.79384350655589164 31.500000000000004 0.84409739968617681 0.83812870703902109 -0.77243990499604276 0.8817286741633612 18.500000000000004 1.5000000000000002 36.112500000000004 32.550000000000004 26.487500000000004 22.212500000000006 4.5000000000000009 17.913281250000004 32.050000000000004 33.750000000000007 28.427604166666669 26.500000000000004 1.0000000180025095e-35 3.5000000000000004 29.25026041666667 -0.70291267844185523 28.250000000000004 0.93309361111522005 14.300520833333335 -0.9954993026558282 14.627864583333336
decision_type=2 2 2 2 2 2 2 2 2 2 2 2 2 2 2 2 2 2 2 2 2 2 2 2 2 2 2 2 2 2
left_child=1 2 22 13 6 18 7 20 9 15 -10 12 17 14 -4 -8 -9 -7 19 -6 -5 -14 -1 -17 -18 -24 27 -3 -29 -30
right_child=-2 26 3 4 5 11 8 16 10 -11 -12 -13 21 -15 -16 23 24 -19 -20 -21 -22 -23 25 -25 -26 -27 -28 28 29 -31
leaf_value=-0.00048862623241916479 -0.085938173074450938 -0.037906850549943985 -0.090276672366041311 -0.056634066385082352 0.00063641085815859812 -0.045721389265609959 0.10274891207225495 -0.14948877720193252 0.031532803857027149 0.019266589800831471 -0.11268965762099299 -0.21774585940486446 -0.13224634224718557 -0.091101425483543608 -0.012990852381459207 0.068226046683736288 -0.025777911234007436 -0.18397734487905312 -0.065100659522544652 0.10500566592883161 0.040241240013180857 0.032885868193056923 0.0044903238979806309 -0.0513404913668353 0.043522721990289885 0.083279463237234105 -0.00033529633424933536 -0.19447257866682366 0.09900566410795833 0.011686618024540962
leaf_weight=576 96 768 82 451 1792 1280 411 96 96 466 96 98 119 406 664 171 64 128 448 446 85 674 192 95 448 384 105953 96 192 12475
leaf_count=576 96 768 82 451 1792 1280 411 96 96 466 96 98 119 406 664 171 64 128 448 446 85 674 192 95 448 384 105953 96 192 12475
internal_value=6.95797e-06 1.39263e-05 -0.000875307 -0.00160747 -0.000602894 -0.0022016 0.00261194 -0.00218531 0.00672285 0.00912073 -0.00755208 -0.00564376 -0.0048955 -0.00811632 -0.00442359 0.0134786 0.00386513 -0.00841619 0.000744602 0.00212243 -0.00904851 0.00135561 0.00460069 0.0056391 0.00673828 0.00920139 8.66225e-05 0.00122866 0.0017727 0.00197561
internal_weight=129348 129252 9768 8616 7464 4985 2479 1144 1335 1143 192 2299 2201 1152 746 677 608 1408 2686 2238 536 793 1152 266 512 576 119484 13531 12763 12667
internal_count=129348 129252 9768 8616 7464 4985 2479 1144 1335 1143 192 2299 2201 1152 746 677 608 1408 2686 2238 536 793 1152 266 512 576 119484 13531 12763 12667
is_linear=0
shrinkage=0.05


Tree=209
num_leaves=31
num_cat=0
split_feature=0 10 8 9 7 8 3 3 3 9 3 9 8 3 8 0 3 4 8 9 1 4 9 4 3 8 8 11 3 3
split_gain=3.31714 6.35173 8.03696 8.87486 6.92936 9.04606 5.56842 4.96298 4.65781 5.18129 4.03725 6.42214 5.34784 4.19101 4.50873 3.96955 10.949 11.1507 11.4052 13.3345 8.98418 14.5833 8.59192 12.7531 9.54458 13.112 9.21818 8.57017 9.88633 11.8636
threshold=92.500000000000014 1.0000000180025095e-35 22.550000000000004 26.247916666666669 26.537500000000005 32.750000000000007 -0.099819732675876835 -0.40614700388750385 -0.19337636264337835 26.801041666666674 0.01505151768384008 19.875000000000004 30.950000000000003 0.65883702558178847 18.850000000000005 74.500000000000014 0.022575936829235418 0.66367808336324663 29.450000000000003 22.358333333333338 5.5000000000000009 0.25829915227078726 22.971614583333338 0.34033495509342487 -0.82897401153126982 28.550000000000004 29.050000000000004 0.88579141231058722 0.30983042691905771 0.88220160189607266
decision_type=2 2 2 2 2 2 2 2 2 2 2 2 2 2 2 2 2 2 2 2 2 2 2 2 2 2 2 2 2 2
left_child=15 2 -2 7 5 8 -5 -4 9 -3 -10 13 -13 14 -12 -1 17 18 22 -20 -21 -22 24 -24 -17 -26 -25 28 -18 -30
right_child=1 4 3 6 -6 -7 -8 -9 10 -11 11 12 -14 -15 -16 16 27 -19 19 20 21 -23 23 26 25 -27 -28 -29 29 -31
leaf_value=0.00066601117913052128 0.036872638303682946 0.019651741840216633 -0.019438567354237792 0.097134752255046669 -0.045883703957226629 0.047402820313202913 0.012363513098982537 0.019475548727544381 -0.062266595133391438 -0.025158079285458969 0.016472758990136782 -0.055455555587208494 0.0042266595380809234 0.034717365699600579 -0.019565621840732208 -0.077748218324955334 -0.10239486374442208 0.010254743281066681 0.12169530079875557 0.0062560736943076739 -0.041393352301569313 0.055427660606495982 -0.033030547762930955 0.073371518669254954 0.0012708680171535037 -0.063148484408324643 -0.035789934988545727 -0.0095569513738368531 -0.0018359360365764134 -0.10862499402761615
leaf_weight=101055 354 450 276 390 772 282 459 222 79 158 114 129 93 135 129 162 126 3276 90 6236 972 162 702 108 270 90 90 11447 412 108
leaf_count=101055 354 450 276 390 772 282 459 222 79 158 114 129 93 135 129 162 126 3276 90 6236 972 162 702 108 270 90 90 11447 412 108
internal_value=1.27563e-05 0.00142256 0.0037478 0.00198589 -0.00026698 0.00164117 0.00509423 -0.00331325 -0.000135975 0.00304276 -0.00298233 -0.00158333 -0.00833333 0.00238095 -0.00154321 -3.27199e-05 -0.000607191 0.000452377 -0.000467237 0.000315013 8.14111e-05 -0.00401235 -0.00457103 -0.00161111 -0.00967433 -0.00513889 0.00959596 -0.00167246 -0.00727554 -0.00423077
internal_weight=129348 4042 1701 1347 2341 1569 849 498 1287 608 679 600 222 378 243 125306 24251 12158 8882 7460 7370 1134 1422 900 522 360 198 12093 646 520
internal_count=129348 4042 1701 1347 2341 1569 849 498 1287 608 679 600 222 378 243 125306 24251 12158 8882 7460 7370 1134 1422 900 522 360 198 12093 646 520
is_linear=0
shrinkage=0.05


Tree=210
num_leaves=31
num_cat=0
split_feature=3 11 0 0 0 0 1 11 4 8 7 11 0 4 1 0 4 0 4 0 10 8 0 11 11 3 8 11 11 7
split_gain=3.36541 21.8311 17.7637 23.6665 15.8231 20.2969 15.4828 15.2003 16.4002 14.7137 11.3005 9.90857 9.83433 11.9471 9.78918 9.28395 9.17664 10.9681 9.32474 11.8723 17.2856 8.88233 8.72245 9.46375 8.98138 8.33884 12.6392 11.48 13.7085 15.0916
threshold=0.95998215779580554 0.94757355787554809 86.500000000000014 74.500000000000014 53.500000000000007 19.500000000000004 2.5000000000000004 1.1396426947228491 -0.048362832084465616 29.650000000000002 30.937500000000004 0.98966156713236464 81.500000000000014 0.04621408538533487 1.5000000000000002 29.500000000000004 0.17435360825960186 42.500000000000007 0.011826144619637555 34.500000000000007 1.0000000180025095e-35 35.95000000000001 67.500000000000014 1.0165369992544311 0.96717358864259573 0.94425825643485939 24.650000000000002 1.0393064066417959 0.93825018639968583 34.112500000000004
decision_type=2 2 2 2 2 2 2 2 2 2 2 2 2 2 2 2 2 2 2 2 2 2 2 2 2 2 2 2 2 2
left_child=25 -2 3 4 5 6 -3 8 21 15 -6 -10 13 -5 -4 -7 17 18 19 20 -11 -8 23 24 -12 -1 -27 28 -28 -30
right_child=1 2 14 12 10 9 7 -9 11 16 22 -13 -14 -15 -16 -17 -18 -19 -20 -21 -22 -23 -24 -25 -26 26 27 -29 29 -31
leaf_value=-1.6790447737946579e-05 -0.024237557975788349 0.032883252002969245 0.090635153188711834 -0.11945257970437383 0.0078622592329352873 -0.015463183631682399 0.029587356789693334 0.046748663089067582 0.022952429903007499 -0.0909670089056661 0.10147036121933511 -0.028482819533418538 -0.00073645633302561471 -0.014638615259649157 0.015648285732826395 0.056272027962867815 -0.075165369083234887 0.018612387058236379 0.014820487586078457 -0.090554524706546152 0.012347583359564852 -0.01119299244869012 -0.0073922457437610948 0.079235145316297925 -0.0097294013870936179 0.032314769479535953 0.015478794178683586 0.020010232830082943 -0.074653788549346706 0.054308829219007752
leaf_weight=118404 960 800 234 343 805 150 220 120 120 255 66 300 430 259 540 360 340 671 322 376 450 160 172 594 169 192 192 384 851 109
leaf_count=118404 960 800 234 343 805 150 220 120 120 255 66 300 430 259 540 360 340 671 322 376 450 160 172 594 169 192 192 384 851 109
internal_value=1.77815e-05 0.000938585 0.00176841 0.00102245 0.00214729 0.000602929 0.00491279 0.00048913 -0.002 -0.00193228 0.00611849 -0.00880952 -0.00600775 -0.0101329 0.00897933 0.00578431 -0.00356255 -0.00231437 -0.00482894 -0.00705365 -0.00322695 0.00552632 0.00966533 0.0117913 0.00329787 -5.28585e-05 -0.00350116 -0.00501302 -0.00750868 -0.00994792
internal_weight=129348 9216 8256 7482 6450 4644 1720 920 800 2924 1806 420 1032 602 774 510 2414 2074 1403 1081 705 380 1001 829 235 120132 1728 1536 1152 960
internal_count=129348 9216 8256 7482 6450 4644 1720 920 800 2924 1806 420 1032 602 774 510 2414 2074 1403 1081 705 380 1001 829 235 120132 1728 1536 1152 960
is_linear=0
shrinkage=0.05


Tree=211
num_leaves=31
num_cat=0
split_feature=0 3 8 7 9 3 9 3 11 3 11 11 8 1 1 4 11 9 11 9 9 8 11 8 7 8 9 11 3 9
split_gain=3.4952 9.32541 12.4996 15.7394 10.6996 11.4146 9.77857 9.37385 17.9263 12.9827 12.0906 11.2999 10.5575 10.4013 9.55527 11.2309 15.2138 13.4454 13.2932 10.7799 16.3503 13.0288 11.0821 8.91736 8.61565 10.9651 8.54222 8.49362 9.82432 7.84902
threshold=9.5000000000000018 -0.8821812062722818 33.95000000000001 26.212500000000006 27.252864583333338 -0.9954993026558282 28.111979166666671 -0.17647087149565668 1.1102543501962845 0.031174179426909168 0.83812870703902109 0.93825018639968583 34.95000000000001 5.5000000000000009 3.5000000000000004 -0.26867065956352881 1.0627860117078571 31.50833333333334 0.91343951757766584 33.187500000000007 28.427604166666669 35.95000000000001 1.172278468731752 32.45000000000001 18.412500000000005 30.850000000000005 28.427604166666669 0.94757355787554809 0.9893236546938301 18.726562500000004
decision_type=2 2 2 2 2 2 2 2 2 2 2 2 2 2 2 2 2 2 2 2 2 2 2 2 2 2 2 2 2 2
left_child=1 2 3 4 5 -1 -4 8 10 13 -3 -12 -13 -9 15 17 18 -11 -17 20 24 -22 -23 -6 -16 -26 -10 -20 29 -29
right_child=-2 7 6 -5 23 -7 -8 9 26 14 11 12 -14 -15 19 16 -18 -19 27 -21 21 22 -24 -25 25 -27 -28 28 -30 -31
leaf_value=0.025533227305768947 0.00060848438194582855 -0.041701042207907338 -0.042012402298293242 -0.089792579028988947 0.0034463754255071423 -0.03479101860463487 0.17536339774274837 -0.013723329252772488 0.013792663524496618 -0.033043692538689128 0.074607077658858142 0.004204844152726395 0.080243057641054355 -0.055235277392574035 -0.0052772684550262744 0.062597504607886378 0.045035972417542071 0.017807302741708497 -0.029211008385768622 -0.063705815161937102 0.055188193877066284 -0.0189380298370601 0.070749393755605183 0.18755977031634999 -0.071763799354712887 -0.015235982082208466 -0.096120183990249339 0.010070742465303796 0.04832624072560137 -0.017276144194065781
leaf_weight=190 115868 160 70 373 201 916 70 816 60 940 660 2620 170 140 1180 110 210 737 120 347 280 440 50 60 181 449 300 1000 240 390
leaf_count=190 115868 160 70 373 201 916 70 816 60 940 660 2620 170 140 1180 110 210 737 120 347 280 440 50 60 181 449 300 1000 240 390
internal_value=1.27563e-05 -0.000749258 -0.00401596 -0.00517241 -0.00268837 -0.00483725 0.0103571 -0.000219828 0.00175063 -0.00124509 0.00281163 0.00343478 0.00204301 -0.00669456 -0.000464489 0.00120763 0.0036715 -0.00183363 0.00223118 -0.00260506 -0.00149225 0.00461039 -0.000306122 0.00641762 -0.0040884 -0.00880952 -0.00888889 0.00117143 0.00211656 0.000503597
internal_weight=129348 13480 1880 1740 1367 1106 140 11600 3970 7630 3610 3450 2790 956 6674 3747 2070 1677 1860 2927 2580 770 490 261 1810 630 360 1750 1630 1390
internal_count=129348 13480 1880 1740 1367 1106 140 11600 3970 7630 3610 3450 2790 956 6674 3747 2070 1677 1860 2927 2580 770 490 261 1810 630 360 1750 1630 1390
is_linear=0
shrinkage=0.05


Tree=212
num_leaves=31
num_cat=0
split_feature=3 7 8 8 3 1 8 3 1 8 0 5 0 6 4 8 0 8 0 0 7 0 8 0 7 3 4 7 10 11
split_gain=3.28481 8.83686 7.29801 11.9663 6.7469 17.7917 13.9362 13.8918 10.1229 8.55868 7.5 5.91324 5.66688 7.39462 6.42483 9.23462 6.50434 8.46315 5.6589 7.53722 6.13776 5.34405 6.50159 13.6448 7.38951 5.22008 5.1371 4.97981 4.64541 4.06804
threshold=0.99939377080793557 28.412500000000005 33.750000000000007 33.150000000000013 0.99053107487289871 2.5000000000000004 35.050000000000004 0.99552231814189451 3.5000000000000004 37.150000000000013 79.500000000000014 1.0000000180025095e-35 64.500000000000014 1.0000000180025095e-35 -0.048362832084465616 33.050000000000004 27.500000000000004 28.550000000000004 20.500000000000004 82.500000000000014 22.062500000000004 83.500000000000014 36.250000000000007 31.500000000000004 30.387500000000006 0.99818282439137029 0.071972700440407641 19.687500000000004 1.0000000180025095e-35 0.94187976625705427
decision_type=2 2 2 2 2 2 2 2 2 2 2 2 2 2 2 2 2 2 2 2 2 2 2 2 2 2 2 2 2 2
left_child=4 11 3 -3 29 6 18 10 -9 21 -7 -2 14 26 15 -10 27 -18 -6 20 -20 22 24 -24 -8 -19 -14 28 -16 -1
right_child=1 2 -4 -5 5 7 9 8 12 -11 -12 -13 13 -15 16 -17 17 25 19 -21 -22 -23 23 -25 -26 -27 -28 -29 -30 -31
leaf_value=0.0036789875023544027 -0.0096144047369818974 0.031771859730796596 0.10644390519819069 -0.069715751423977679 0.047534906207422983 -0.060849396277482981 -0.099411397202935348 0.056400820968948301 0.099427216094223073 0.10578917918394098 0.014694315498432788 -0.077046269524381483 -0.081559462759581439 0.035647556849131949 -0.026468852181790226 -0.0042357665691163506 0.084500905402409648 -0.17192292308617782 -0.026757886681108546 0.080014054302196769 0.047624828766802102 0.10484952588060495 0.048830091635539932 -0.046654320557705381 0.0043622974105389295 0.015704013720473142 0.0022832950729544167 -0.048221946369358198 0.0063807956124925626 -0.00098044092642766154
leaf_weight=24831 583 190 81 100 189 320 97 192 130 96 64 198 279 62 73 130 74 74 58 117 500 60 96 156 71 259 124 95 140 99909
leaf_count=24831 583 190 81 100 189 320 97 192 130 96 64 198 279 62 73 130 74 74 58 117 500 60 96 156 71 259 124 95 140 99909
internal_value=1.0437e-05 -0.00264757 0.0037062 0 3.43224e-05 0.00221354 0.00645833 -0.000818452 0.00119485 0.000434028 -0.009375 -0.00566581 -0.000243056 -0.00478495 0.00192308 0.00865385 -0.000524476 0.00362408 0.0104745 0.00833333 0.00591398 -0.00229167 -0.00428571 0.000793651 -0.0119048 0.000225225 -0.00725806 -0.00600649 -0.00176056 -2.60542e-05
internal_weight=129348 1152 371 290 128196 3456 1440 2016 1632 576 384 781 1440 465 975 260 715 407 864 675 558 480 420 252 168 333 403 308 213 124740
internal_count=129348 1152 371 290 128196 3456 1440 2016 1632 576 384 781 1440 465 975 260 715 407 864 675 558 480 420 252 168 333 403 308 213 124740
is_linear=0
shrinkage=0.05


Tree=213
num_leaves=31
num_cat=0
split_feature=1 0 9 0 8 9 11 8 11 4 8 8 11 3 11 4 8 8 11 8 9 11 11 11 11 10 0 3 3 10
split_gain=3.23706 13.7515 15.076 13.4875 11.4431 17.6087 15.6185 12.4516 12.8842 24.6772 11.9659 11.914 11.7513 19.5786 10.8908 9.34786 13.1134 14.0751 9.09271 8.83787 10.6383 12.1844 9.95341 11.5176 11.6023 8.70471 8.54379 9.94118 9 8.4797
threshold=5.5000000000000009 21.500000000000004 12.070312500000002 72.500000000000014 36.850000000000001 28.471614583333338 1.0095531556613402 32.850000000000001 1.0693501317157568 -0.91939278948206182 34.250000000000007 39.250000000000007 1.0321746889846761 0.98667101781630195 1.1500756134737387 0.99855310097228334 18.450000000000003 19.350000000000005 0.98380014225728607 35.45000000000001 27.430208333333336 1.0619294486449482 1.1054431876437014 1.0554868164159037 0.98966156713236464 1.0000000180025095e-35 85.500000000000014 0.26037272046371446 0.7090011537757156 1.0000000180025095e-35
decision_type=2 2 2 2 2 2 2 2 2 2 2 2 2 2 2 2 2 2 2 2 2 2 2 2 2 2 2 2 2 2
left_child=-1 2 -2 29 5 12 -6 18 9 10 -9 -8 -4 -14 15 16 -5 -18 -7 20 21 -19 23 24 -21 -23 27 -26 -29 -3
right_child=1 3 4 14 6 7 11 8 -10 -11 -12 -13 13 -15 -16 -17 17 19 -20 22 -22 25 -24 -25 26 -27 -28 28 -30 -31
leaf_value=-0.00059671850446392234 -0.035892743624896896 0.005233527709771835 -0.0035879569236684007 -0.10009688328554774 -0.15701915258060384 0.0064674856848782273 -0.048102926938774715 -0.12226644787115078 -0.11977113079996259 0.087634004727513579 0.014988071985344222 0.046436142993282206 -0.042433794504541572 0.022357986887652004 -0.10064660021464107 0.10469966211537099 0.058911464519287193 -0.0071159309187052606 0.12206100049378535 0.13753377469368785 -0.042635122071676794 -0.0062320117730493511 -0.092293664352465055 0.18210744085367594 -0.15260139211662604 0.096445433473016359 -0.081513688809617693 0.1294682649421901 -0.05048892252228257 0.027697211882789931
leaf_weight=110082 154 4280 2200 92 173 110 242 88 154 242 198 176 396 88 92 92 184 1909 198 161 1241 69 92 181 52 115 170 117 52 5948
leaf_count=110082 154 4280 2200 92 173 110 242 88 154 242 198 176 396 88 92 92 184 1909 198 161 1241 69 92 181 52 115 170 117 52 5948
internal_value=1.19832e-05 0.000609883 -0.00183865 0.00133865 -0.0012837 -0.000244965 -0.00774112 0.00545455 0.00168622 0.00539773 -0.00454545 -0.00251196 -0.00234724 -0.00940083 -0.000903875 -0.000557765 -0.000885006 -0.000489293 0.0137987 -0.001088 -0.00223455 -5.97229e-05 0.00354545 0.00549113 0.00190217 0.0122283 -0.00274936 0.00373303 0.00961538 0.00235139
internal_weight=129348 19266 4419 14847 4265 3674 591 990 682 528 286 418 2684 484 4619 4527 4435 4343 308 4159 3334 2093 825 733 552 184 391 221 169 10228
internal_count=129348 19266 4419 14847 4265 3674 591 990 682 528 286 418 2684 484 4619 4527 4435 4343 308 4159 3334 2093 825 733 552 184 391 221 169 10228
is_linear=0
shrinkage=0.05


Tree=214
num_leaves=31
num_cat=0
split_feature=4 8 10 0 4 11 7 0 4 9 8 3 3 7 11 3 3 1 0 3 9 8 4 10 4 8 11 9 8 8
split_gain=3.49092 11.9019 10.1159 11.1187 15.3606 20.6465 13.8751 10.4762 10.0227 9.82215 14.8444 13.8138 11.0026 9.91462 16.5238 12.0512 7.88961 11.5418 7.87951 7.85965 7.18649 13.7081 8.91797 27.2909 22.1559 20.322 23.8346 22.2042 20.1853 25.5494
threshold=0.99349222267034787 15.350000000000003 1.0000000180025095e-35 29.500000000000004 0.99855310097228334 1.065666172741313 12.662500000000003 84.500000000000014 0.99995376255531909 10.334114583333335 16.900000000000002 -0.2270106897347694 0.20180702842483325 6.7375000000000016 1.0326169115782082 0.42958674266195179 -0.05695216311707673 2.5000000000000004 48.500000000000007 0.52033990680116082 11.341666666666669 18.950000000000003 0.97648852793709995 1.0000000180025095e-35 0.97263757644091875 18.250000000000004 0.97613136811415224 12.247135416666669 20.550000000000004 19.450000000000003
decision_type=2 2 2 2 2 2 2 2 2 2 2 2 2 2 2 2 2 2 2 2 2 2 2 2 2 2 2 2 2 2
left_child=1 -1 3 6 7 18 -2 16 -7 12 11 -11 -3 14 15 -12 17 -5 -6 -17 21 -15 24 28 25 26 27 -22 29 -24
right_child=2 9 -4 4 5 8 -8 -9 -10 10 13 -13 -14 20 -16 19 -18 -19 -20 -21 22 -23 23 -25 -26 -27 -28 -29 -30 -31
leaf_value=0.028379137979884207 0.013431182923348217 -0.073620810334944053 -0.011953046437333371 -0.14507783640243874 -0.0051729900395585567 -0.17297557309783829 0.15238903160912542 0.014509255368575681 0.040118488419808078 0.15061743906076544 -0.070563505947898619 0.01593434669677336 0.00089242100644426614 -0.035320936140043814 0.065738805051512375 0.072881784785750622 -0.10643465685799997 0.014377681135344746 0.081392764466500733 -0.022714651018247878 -0.14132504373086618 0.11758393777695275 0.055243711769109895 -0.011842651212796797 -0.069219125627535766 -0.00056138565806662655 0.048261987277476243 0.012524849432204378 0.069975727866454923 -0.048433185386154778
leaf_weight=192 680 192 2592 55 190 132 130 154 66 96 96 768 192 1084 293 76 440 275 470 57 96 74 832 951 288 116151 837 864 664 361
leaf_count=192 680 192 2592 55 190 132 130 154 66 96 96 768 192 1084 293 76 440 275 470 57 96 74 832 951 288 116151 837 864 664 361
internal_value=7.73108e-06 6.08067e-05 -0.0012635 0.000945216 -0.00126263 0.00355478 0.00580247 -0.00573593 -0.0106061 4.15416e-05 6.63495e-05 0.00659722 -0.00794271 2.03709e-05 0.00689655 -0.00316594 -0.00811688 -0.00227273 0.00780303 0.00657895 -9.00149e-06 -0.00392919 2.8502e-05 0.00281339 -3.76366e-05 -3.81524e-06 0.00527268 -0.000104167 0.00634087 0.0024518
internal_weight=129348 124164 5184 2592 1782 858 810 924 198 123972 123588 864 384 122724 522 229 770 330 660 133 122202 1158 121044 2808 118236 117948 1797 960 1857 1193
internal_count=129348 124164 5184 2592 1782 858 810 924 198 123972 123588 864 384 122724 522 229 770 330 660 133 122202 1158 121044 2808 118236 117948 1797 960 1857 1193
is_linear=0
shrinkage=0.05


Tree=215
num_leaves=31
num_cat=0
split_feature=8 4 4 4 10 0 7 4 4 0 4 0 4 5 1 10 8 9 0 1 0 11 11 8 1 0 0 11 8 11
split_gain=3.79038 26.7186 14.9956 5.96202 8.53333 9.34444 7.7561 8.21827 7.08882 11.9165 8.73115 6.55574 6.98979 10.4901 7.26352 6.21192 12.3854 7.4155 5.83834 5.01389 5.04167 4.79099 4.65993 7.78704 4.26852 11.1571 14.0132 10.8718 10.6463 18.3497
threshold=17.450000000000003 0.95436825032516992 0.99995376255531909 0.97461712852231652 1.0000000180025095e-35 35.500000000000007 12.262500000000001 0.99855310097228334 0.98899263613956456 77.500000000000014 0.98174098242282837 24.500000000000004 0.99855310097228334 1.0000000180025095e-35 2.5000000000000004 1.0000000180025095e-35 16.900000000000002 9.2812500000000018 58.500000000000007 3.5000000000000004 23.500000000000004 1.0341132218019751 1.0770647974085301 12.650000000000002 5.5000000000000009 23.500000000000004 72.500000000000014 1.1500756134737387 36.850000000000001 1.0095531556613402
decision_type=2 2 2 2 2 2 2 2 2 2 2 2 2 2 2 2 2 2 2 2 2 2 2 2 2 2 2 2 2 2
left_child=1 19 24 4 -3 -6 8 15 10 11 -5 12 13 21 -14 -8 17 -17 -18 20 -1 -10 -11 -24 -2 28 -27 -28 -26 -30
right_child=2 3 -4 6 5 -7 7 -9 9 22 -12 -13 14 -15 -16 16 18 -19 -20 -21 -22 -23 23 -25 25 26 27 -29 29 -31
leaf_value=0.048742139328236081 -0.0008948706025911691 0.064271000163515168 -0.12899049001985646 -0.0026615995349075663 0.036850777429646091 -0.016772200703549345 -0.054638607093085059 0.066403613749635326 0.0025261816524086104 0.037985190488478794 -0.052297735396657434 -0.040563114793987158 0.0072376666694623287 -0.019193401621112119 -0.04702718085285227 -0.036518051370369169 -0.14935927002891278 0.061470592490969977 0.011582949779550234 0.14308656710772852 0.026655428918319048 0.035753234809440218 0.047440258929032808 -0.047913500166707479 -0.0018562759049537193 0.018968606000711222 -0.0034987519150888602 -0.095586200921005116 -0.14924072147545644 -0.01136056177391538
leaf_weight=72 106242 96 96 417 144 240 185 173 92 236 418 657 125 50 86 59 92 346 70 96 216 150 54 54 4080 9630 4435 92 189 456
leaf_count=72 106242 96 96 417 144 240 185 173 92 236 418 657 125 50 86 59 92 346 70 96 216 150 54 54 4080 9630 4435 92 189 456
internal_value=1.12101e-05 0.00150194 -3.79332e-05 0.000213675 0.00541667 0.00208333 -0.000551471 0.00332432 -0.00208422 -3.32447e-05 -0.00577844 -0.0024569 0.00183897 0.00684932 -0.00509479 0.00106383 0.00365961 0.00833333 -0.00802469 0.0140625 0.0107639 0.011157 0.00813953 -0.000462963 -2.27774e-05 0.00066995 0.00137211 -0.000922244 -0.00143386 -0.0074031
internal_weight=129348 4128 125220 3744 480 384 3264 925 2339 1504 835 1160 503 292 211 752 567 405 162 384 288 242 344 108 125124 18882 14157 4527 4725 645
internal_count=129348 4128 125220 3744 480 384 3264 925 2339 1504 835 1160 503 292 211 752 567 405 162 384 288 242 344 108 125124 18882 14157 4527 4725 645
is_linear=0
shrinkage=0.05


Tree=216
num_leaves=31
num_cat=0
split_feature=8 4 4 4 10 7 4 0 8 5 8 10 9 9 7 1 8 0 0 4 10 3 3 8 8 8 1 3 7 9
split_gain=3.71929 25.6726 14.9992 5.69573 8.66719 9.10152 7.89286 9.10804 8.15955 8.27032 8.55625 7.9625 8.56296 6.06061 5.67907 5.28125 5.22667 4.85754 4.74074 4.72321 12.0125 4.50915 4.2025 4.13242 30.6367 18.2191 42.5527 33.8205 17.1359 22.5034
threshold=17.450000000000003 0.95436825032516992 0.99995376255531909 0.97461712852231652 1.0000000180025095e-35 8.8875000000000011 0.98899263613956456 79.500000000000014 14.100000000000001 1.0000000180025095e-35 16.050000000000004 1.0000000180025095e-35 9.2812500000000018 10.334114583333335 7.5625000000000009 3.5000000000000004 17.150000000000002 73.500000000000014 23.500000000000004 0.99855310097228334 1.0000000180025095e-35 0.23537774960157334 -0.091260668982868151 20.200000000000006 19.750000000000004 22.350000000000005 2.5000000000000004 -0.45274443793211405 8.8875000000000011 14.300520833333335
decision_type=2 2 2 2 2 2 2 2 2 2 2 2 2 2 2 2 2 2 2 2 2 2 2 2 2 2 2 2 2 2
left_child=1 15 23 4 -3 -6 11 8 -8 13 -11 14 -13 16 -5 18 22 21 -1 -9 -21 -7 -10 24 -2 26 27 -25 -28 -30
right_child=2 3 -4 6 5 17 7 19 9 10 -12 12 -14 -15 -16 -17 -18 -19 -20 20 -22 -23 -24 25 -26 -27 28 -29 29 -31
leaf_value=0.046305032361824774 0.0006411388036340782 0.061057450155340122 -0.1225409655188642 -0.13990513470088786 0.032995171879991861 -0.057967964411453465 -0.027399648871939065 0.039955922819268609 0.067311527340307722 0.0025033593827309634 -0.088550564175489663 -0.053794839845976133 0.00050708208425405139 0.00011171108642145101 -0.059699020746751333 0.13593223875234203 0.10785492512199397 -0.05146681188956919 0.025322657472402456 0.066958227109645926 -0.046656242666599471 0.036280304110358944 0.01250430722494187 0.091600121596776773 -0.035268023129250994 -0.0005431863065844311 0.079195120403892372 -0.010131274797492297 0.00044588574654653713 0.046353834214376381
leaf_weight=72 10368 96 96 63 135 86 640 192 80 80 80 96 864 400 225 96 80 52 216 80 64 111 320 192 1920 106404 253 3072 1091 1824
leaf_count=72 10368 96 96 63 135 86 640 192 80 80 80 96 864 400 225 96 80 52 216 80 64 111 320 192 1920 106404 253 3072 1091 1824
internal_value=1.31428e-05 0.00148983 -3.55375e-05 0.00022703 0.0053125 0.00195312 -0.000520833 0.00141369 -8.92857e-05 0.00264423 -0.0078125 -0.00364583 -0.00145833 0.00454545 -0.0109375 0.0138021 0.00833333 -0.00371486 0.0104167 0.00892857 0.00208333 -0.000126904 0.006 -2.03798e-05 -0.000891113 7.44443e-05 0.00265858 -0.00134804 0.00678662 0.00570326
internal_weight=129348 4128 125220 3744 480 384 3264 2016 1680 1040 160 1248 960 880 288 384 480 249 288 336 144 197 400 125124 12288 112836 6432 3264 3168 2915
internal_count=129348 4128 125220 3744 480 384 3264 2016 1680 1040 160 1248 960 880 288 384 480 249 288 336 144 197 400 125124 12288 112836 6432 3264 3168 2915
is_linear=0
shrinkage=0.05


Tree=217
num_leaves=31
num_cat=0
split_feature=8 4 4 1 0 4 4 0 10 9 10 0 7 4 4 7 8 0 4 5 1 11 8 0 7 11 8 8 8 8
split_gain=3.34557 24.8957 15.0083 5.55556 5.04167 4.91111 7.49328 8.42838 7.38985 8.56296 7.25208 7.78138 7.13468 5.9375 6.76855 5.52003 4.77186 4.67295 7.47444 9.44067 5.54756 4.44706 6.62745 4.20706 4.08118 5.79846 5.42757 4.71459 24.7691 16.9323
threshold=17.450000000000003 0.95436825032516992 0.99995376255531909 3.5000000000000004 23.500000000000004 0.97461712852231652 0.98899263613956456 78.500000000000014 1.0000000180025095e-35 9.2812500000000018 1.0000000180025095e-35 36.500000000000007 12.837500000000004 0.99681593486783593 0.99249573635719013 7.1875000000000009 16.050000000000004 24.500000000000004 0.99855310097228334 1.0000000180025095e-35 2.5000000000000004 1.0770647974085301 12.650000000000002 54.500000000000007 6.1125000000000016 1.0571501552533558 18.950000000000003 20.200000000000006 19.950000000000003 22.350000000000005
decision_type=2 2 2 2 2 2 2 2 2 2 2 2 2 2 2 2 2 2 2 2 2 2 2 2 2 2 2 2 2 2
left_child=1 3 24 4 -1 10 8 12 15 -10 -3 -12 17 14 -14 -7 -16 18 19 -8 -20 -9 -23 -13 25 26 -2 28 -26 -29
right_child=2 5 -4 -5 -6 6 7 21 9 -11 11 23 13 -15 16 -17 -18 -19 20 -21 -22 22 -24 -25 27 -27 -28 29 -30 -31
leaf_value=0.043989780743733324 0.019661039866208797 0.058004577647574253 -0.11641391724292163 0.12913562681472543 0.024056524598782405 -0.14241076297560937 0.023911263165356189 0.040179140283757422 -0.051105097853677256 0.00048172798004131323 0.033358479964164189 -0.098166964148052926 0.068181179809453596 0.061974638679451743 0.0095946379100269041 -0.057121318181960846 -0.087210065246954127 -0.034983184894792178 0.0025872610400000441 -0.015801505705744037 -0.028689148065107164 0.049984383750562245 -0.036529321571045159 0.002689708903778865 -0.0014305712251768911 0.099829528256134392 -0.025156805945300675 0.012231288184418787 -0.04535886584869786 -0.00051602699125581359
leaf_weight=72 153 96 96 96 216 54 250 255 96 864 148 72 94 166 55 234 73 746 125 50 100 51 51 164 10955 62 105 6406 1039 106404
leaf_count=72 153 96 96 96 216 54 250 255 96 864 148 72 94 166 55 234 73 746 125 50 100 51 51 164 10955 62 105 6406 1039 106404
internal_value=1.66218e-05 0.00141715 -2.9548e-05 0.0135417 0.0100694 0.000173611 -0.000520833 0.00136409 -0.00356571 -0.00145833 0.00489583 0.00182292 -0.000135624 0.00579897 0.00045045 -0.0105903 -0.00703125 -0.00194729 0.00166667 0.00683333 -0.00522222 0.00833333 -0.000490196 -0.00381356 -1.43857e-05 0.005625 0.00232558 -2.88452e-05 -0.000971319 7.13589e-05
internal_weight=129348 4128 125220 384 288 3744 3264 2016 1248 960 480 384 1659 388 222 288 128 1271 525 300 225 357 102 236 125124 320 258 124804 11994 112810
internal_count=129348 4128 125220 384 288 3744 3264 2016 1248 960 480 384 1659 388 222 288 128 1271 525 300 225 357 102 236 125124 320 258 124804 11994 112810
is_linear=0
shrinkage=0.05


Tree=218
num_leaves=31
num_cat=0
split_feature=4 10 11 4 9 7 8 6 9 1 0 0 0 0 3 11 0 0 8 9 11 11 9 10 1 3 9 11 8 0
split_gain=3.14839 12.6253 12.9009 21.6 22.9337 11.8754 7.64439 9.63333 6.54771 5.68056 5.42354 5.30075 5.24355 11.0654 4.91014 4.92802 8.87282 4.88607 4.67674 15.8524 26.1644 16.801 14.7788 31.9552 58.8959 25.4483 24.6672 16.1213 15.9418 16.2904
threshold=0.99748108949426018 1.0000000180025095e-35 1.0114098712100164 0.9989598388634241 16.131770833333338 17.062500000000004 15.350000000000003 1.0000000180025095e-35 9.2812500000000018 3.5000000000000004 84.500000000000014 15.500000000000002 45.500000000000007 18.500000000000004 0.01505151768384008 1.0770647974085301 53.500000000000007 66.500000000000014 24.450000000000003 17.422656250000003 1.0015760182812448 1.0052470737456287 17.422656250000003 1.0000000180025095e-35 4.5000000000000009 -0.49813634056773481 17.913281250000004 0.99750193819539412 24.350000000000005 16.500000000000004
decision_type=2 2 2 2 2 2 2 2 2 2 2 2 2 2 2 2 2 2 2 2 2 2 2 2 2 2 2 2 2 2
left_child=6 2 3 4 -2 -6 7 12 -8 17 11 -4 13 -1 15 16 -13 -3 22 20 -20 -22 25 24 26 -10 -24 -25 29 -27
right_child=1 9 10 -5 5 -7 8 -9 18 -11 -12 14 -14 -15 -16 -17 -18 -19 19 -21 21 -23 23 27 -26 28 -28 -29 -30 -31
leaf_value=0.023230816562988112 -0.095645774014294471 -0.026263149168737246 0.017598042091553624 0.067227713255198301 0.22546849646666658 -0.058069523787425227 -0.048549842960993322 -0.02526253375298353 -0.038468818332579251 -0.0061333861077706338 0.022444031943769007 -0.053155685984427242 0.058380351914236434 -0.021619415836055113 -0.14875711453105608 -0.10093254734246813 0.13225108560756738 -0.062545143744740989 -0.11061512258847089 -0.00022315969074497845 0.17710543682381755 -0.014576523810919895 0.11984881646109358 0.040440757261580987 -0.11285945799534361 0.0077607251005019865 -0.0039545398403035394 -0.011675997510883463 0.10768647728209331 -0.00094359040082991896
leaf_weight=76 288 603 112 480 117 75 96 96 672 768 77 76 200 108 138 207 62 261 384 98533 96 864 288 1535 480 3876 384 288 96 18012
leaf_count=76 288 603 112 480 117 75 96 96 672 768 77 76 200 108 138 207 62 261 384 98533 96 864 288 1535 480 3876 384 288 96 18012
internal_value=1.66218e-05 -0.00151654 0.00159314 0.0053125 -0.0021875 0.0111979 5.63117e-05 0.00635417 3.22442e-05 -0.00462623 -0.00372024 -0.00533613 0.00989583 0.00380435 -0.0076087 -0.00442029 0.00289855 -0.00740741 4.22284e-05 -0.000112388 -0.00550595 -0.00109375 0.000644727 0.00395798 -0.00256076 0.000209657 0.00699405 0.00807735 0.000502638 0.000413469
internal_weight=129348 3264 1632 960 480 192 126084 480 125604 1632 672 595 384 184 483 345 138 864 125508 99877 1344 960 25631 2975 1152 22656 672 1823 21984 21888
internal_count=129348 3264 1632 960 480 192 126084 480 125604 1632 672 595 384 184 483 345 138 864 125508 99877 1344 960 25631 2975 1152 22656 672 1823 21984 21888
is_linear=0
shrinkage=0.05


Tree=219
num_leaves=31
num_cat=0
split_feature=0 3 9 8 3 11 4 3 3 4 7 9 1 8 3 7 9 11 3 11 11 8 3 3 8 8 8 6 7 3
split_gain=3.20044 8.81867 11.5853 11.2209 10.5684 10.9933 10.2602 10.3309 15.3145 9.1009 8.55643 9.4589 9.77076 8.41778 9.52305 11.3003 13.6955 10.9273 10.3631 11.6738 10.2497 11.501 10.1905 8.65033 8.7679 11.9506 11.3053 9.91304 8.5782 8.27911
threshold=9.5000000000000018 0.95998215779580554 26.852083333333336 33.350000000000001 0.94978112945126536 1.103694758981794 -0.99864786094873803 -0.2102246306142678 0.77244481603295057 0.99981043035926087 30.087500000000006 30.817708333333339 2.5000000000000004 40.550000000000004 -0.8821812062722818 26.212500000000006 27.252864583333338 1.0221204649632492 -0.159513159777915 0.83812870703902109 0.93825018639968583 34.95000000000001 -0.9954993026558282 -0.074117382312902977 24.350000000000005 24.050000000000004 34.250000000000007 1.0000000180025095e-35 27.187500000000004 0.83849049182116964
decision_type=2 2 2 2 2 2 2 2 2 2 2 2 2 2 2 2 2 2 2 2 2 2 2 2 2 2 2 2 2 2
left_child=1 4 3 -3 5 9 -7 -8 10 13 11 12 -9 14 15 16 22 -18 19 -16 -21 -22 -1 -20 25 27 28 -25 -26 -28
right_child=-2 2 -4 -5 -6 6 7 8 -10 -11 -12 -13 -14 -15 18 -17 17 -19 23 20 21 -23 -24 24 26 -27 29 -29 -30 -31
leaf_value=0.040503696343906631 0.00062202476367616559 0.009554079869076304 0.042552678256981835 -0.038961817937758526 -0.082904969681968768 -0.13062879723585538 -0.0811133370022354 -0.069986692495896827 -0.12446511589730705 -0.024713131835223126 -0.055887845677181504 0.066351580237821395 0.023494025560776777 -0.034868971460426938 -0.037337511259626414 -0.068857998055688083 0.08850719906746321 -0.060614287100945324 -0.02203170066262743 0.070958357881519871 0.0038182296123508764 0.07699766710421159 -0.031366150011979246 0.0021901023996875324 -0.013936584780353201 0.075307589778125822 0.014983559637830979 0.046936506137825518 -0.11870685931849892 -0.039882549967101971
leaf_weight=150 115868 520 340 100 120 80 410 50 70 100 90 151 149 364 176 394 278 52 410 660 2630 180 916 1860 1319 80 1360 70 151 250
leaf_count=150 115868 520 340 100 120 80 410 50 70 100 90 151 149 364 176 394 278 52 410 660 2630 180 916 1860 1319 80 1360 70 151 250
internal_value=1.70084e-05 -0.000712166 0.00390625 -0.00016129 -0.00106629 -0.000923387 -0.00595 -0.00445652 0.000294118 -0.000482456 0.00375 0.00728571 0.000125628 -0.000349558 -0.000100585 -0.00343575 -0.00132521 0.00757576 0.000552154 0.00261931 0.00325648 0.0019395 -0.00408068 -0.000818182 -0.000255403 0.00231343 -0.00193182 0.0015285 -0.00510204 0.000962733
internal_weight=129348 13480 960 620 12520 12400 1000 920 510 11400 440 350 199 11300 10936 1790 1396 330 9146 3646 3470 2810 1066 5500 5090 2010 3080 1930 1470 1610
internal_count=129348 13480 960 620 12520 12400 1000 920 510 11400 440 350 199 11300 10936 1790 1396 330 9146 3646 3470 2810 1066 5500 5090 2010 3080 1930 1470 1610
is_linear=0
shrinkage=0.05


Tree=220
num_leaves=31
num_cat=0
split_feature=0 3 8 7 9 9 4 8 4 11 8 4 9 11 11 4 0 7 11 11 11 1 8 9 3 8 8 0 8 8
split_gain=3.33266 8.08757 11.4837 15.4483 9.25714 8.28696 8.43325 7.99515 7.76506 9.27289 7.77857 7.28776 7.10162 7.25433 26.3293 8.66299 6.92488 11.8512 8.73649 15.1523 10.5888 11.6786 13.1419 12.203 9.57347 12.877 13.9825 9.88282 9.8726 9.76562
threshold=9.5000000000000018 -0.8821812062722818 33.95000000000001 26.787500000000005 28.111979166666671 28.471614583333338 -0.27694043983797384 28.250000000000004 -0.99864786094873803 1.103694758981794 38.750000000000007 0.99981043035926087 34.42239583333334 0.83812870703902109 0.8817286741633612 -0.85674049181790024 31.500000000000004 31.212500000000006 0.88579141231058722 0.84409739968617681 0.73745831416842689 2.5000000000000004 26.150000000000002 25.992708333333336 -0.99372698525316483 32.550000000000004 35.350000000000001 65.500000000000014 32.050000000000004 28.050000000000004
decision_type=2 2 2 2 2 2 2 2 2 2 2 2 2 2 2 2 2 2 2 2 2 2 2 2 2 2 2 2 2 2
left_child=1 2 3 5 -4 6 -1 -8 9 10 -3 12 13 15 -15 -10 17 -2 19 20 -18 22 -22 -24 29 28 -27 -28 -26 -21
right_child=16 8 4 -5 -6 -7 7 -9 11 -11 -12 -13 -14 14 -16 -17 18 -19 -20 24 21 -23 23 -25 25 26 27 -29 -30 -31
leaf_value=-0.15594326779655035 0.0026491351760199681 -0.070784118625794437 -0.039646332596844053 -0.10323540819466928 0.1649259344594981 0.045122123539482577 -0.08502135423011481 -0.0060442568872296938 -0.077682271241809542 -0.12409735737406252 0.039429921789272987 -0.023477475243462467 -0.037706642278399018 0.076096049669220636 0.00010100304993869713 -0.003076396486537192 -0.037944703836688382 0.074794341243000426 0.00014166344848973723 -0.03092695454405572 0.069124108067555312 0.028379505560387486 -0.054478216714990424 -0.0045359949785719776 -0.044780336121470303 0.022160599627670766 -0.22998251676342463 -0.0020580565610799797 -0.17488964611638594 0.12086394348197943
leaf_weight=71 28999 70 70 230 70 90 141 1208 146 80 70 100 340 350 10234 210 384 661 79687 128 192 1728 384 894 1536 704 170 145 128 128
leaf_count=71 28999 70 70 230 70 90 141 1208 146 80 70 100 340 350 10234 210 384 661 79687 128 192 1728 384 894 1536 704 170 145 128 128
internal_value=9.66385e-06 -0.000734421 -0.0037766 -0.00488506 0.01 -0.00304636 -0.00397887 -0.00309489 -0.000241379 -0.00954545 -0.00178571 -6.15114e-05 5.76241e-05 0.000278793 0.000514928 -0.00674157 9.62302e-05 0.000755226 -0.000130498 -0.00189005 0.000293132 0.00123515 -0.00204082 -0.00387324 -0.00455087 -0.00543235 -0.00100589 -0.0097619 -0.00814303 0.0046875
internal_weight=129348 13480 1880 1740 140 1510 1420 1349 11600 220 140 11380 11280 10940 10584 356 115868 29660 86208 6521 3582 3198 1470 1278 2939 2683 1019 315 1664 256
internal_count=129348 13480 1880 1740 140 1510 1420 1349 11600 220 140 11380 11280 10940 10584 356 115868 29660 86208 6521 3582 3198 1470 1278 2939 2683 1019 315 1664 256
is_linear=0
shrinkage=0.05


Tree=221
num_leaves=31
num_cat=0
split_feature=0 3 7 8 9 5 3 1 3 8 1 8 0 0 0 0 1 4 8 0 8 3 5 0 0 8 7 10 7 4
split_gain=3.31032 3.23639 8.58493 7.44701 11.0854 6.73603 5.47331 15.979 14.1808 13.7601 8.93631 8.21368 6.07944 5.72201 7.66226 5.71488 6.95157 6.7972 8.86154 6.81823 8.62851 6.07496 4.95211 4.77258 4.73356 4.65455 5.67201 5.33544 4.31343 7.91978
threshold=94.500000000000014 0.99939377080793557 28.412500000000005 33.750000000000007 25.593489583333341 1.0000000180025095e-35 0.99053107487289871 2.5000000000000004 0.99552231814189451 35.050000000000004 3.5000000000000004 37.150000000000013 79.500000000000014 16.500000000000004 82.500000000000014 64.500000000000014 4.5000000000000009 -0.048362832084465616 33.050000000000004 28.500000000000004 28.550000000000004 0.99818282439137029 1.0000000180025095e-35 22.500000000000004 49.500000000000007 30.250000000000004 23.112500000000004 1.0000000180025095e-35 31.112500000000004 0.04621408538533487
decision_type=2 2 2 2 2 2 2 2 2 2 2 2 2 2 2 2 2 2 2 2 2 2 2 2 2 2 2 2 2 2
left_child=1 6 5 4 -4 -3 -1 9 12 13 -10 22 -9 -8 28 17 -17 18 -12 -19 -21 -22 23 -11 -25 -18 -27 -28 -15 -30
right_child=-2 2 3 -5 -6 -7 7 8 10 11 15 -13 -14 14 -16 16 25 19 -20 20 21 -23 -24 24 -26 26 27 -29 29 -31
leaf_value=-0.00027338666203604591 0.014806801912774859 -0.0094333687001672221 0.018683890207570643 0.10125029291535555 -0.090598108230130953 -0.074568704880184106 0.047119465274307971 -0.057803717072910391 0.052601654301924587 0.026499907903320265 0.093158218224152739 0.10019592968931193 0.012571075002892229 0.014414762637016311 0.075529498866968942 0.014210268670494486 -0.095071738871430972 -0.014122170297991943 -0.0041525420132089153 0.080404443109363663 -0.17316808194782851 0.018648640577810485 -0.094437617952090144 -0.04677577954636121 0.00506877052656094 0.030536349436871293 -0.22609554779940455 -0.01065682518485005 0.12528798851015566 -0.001221013978334895
leaf_weight=123441 1347 574 224 81 66 195 153 320 190 92 130 95 60 404 108 120 90 319 130 72 72 252 95 108 180 52 77 111 116 74
leaf_count=123441 1347 574 224 81 66 195 153 320 190 92 130 95 60 404 108 120 90 319 130 72 72 252 95 108 180 52 77 111 116 74
internal_value=2.70588e-06 -2.3242e-05 -0.00267544 0.00357143 -0.000172414 -0.00568921 5.91198e-07 0.00197368 -0.000914787 0.00601754 0.00113003 0 -0.00960526 0.0100292 0.00811966 -0.00022807 -0.00488889 0.00192308 0.00884615 -0.000594406 0.00378788 0.000308642 -0.00268421 -0.000131579 -0.00329861 -0.00863636 -0.005 -0.00904255 0.00589226 0.0121053
internal_weight=129348 128001 1140 371 290 769 126861 3420 1995 1425 1615 570 380 855 702 1425 450 975 260 715 396 324 475 380 288 330 240 188 594 190
internal_count=129348 128001 1140 371 290 769 126861 3420 1995 1425 1615 570 380 855 702 1425 450 975 260 715 396 324 475 380 288 330 240 188 594 190
is_linear=0
shrinkage=0.05


Tree=222
num_leaves=31
num_cat=0
split_feature=1 0 9 0 8 9 11 8 11 4 11 4 11 11 10 11 11 7 11 7 4 11 11 9 4 8 8 8 8 3
split_gain=3.16513 10.8279 13.7081 11.6024 10.7846 14.0512 13.8588 10.962 10.934 19.7134 10.3244 23.8332 11.2758 10.6144 21.2054 11.291 10.8265 9.13949 8.98067 8.15501 9.68312 17.8784 10.2908 12.1696 9.48621 8.97292 9.67264 10.2443 8.04969 7.93623
threshold=5.5000000000000009 21.500000000000004 12.070312500000002 72.500000000000014 36.850000000000001 28.471614583333338 1.0095531556613402 39.250000000000007 1.0693501317157568 -0.91939278948206182 0.92213553241242552 -0.27694043983797384 0.80519389663381347 0.95165181534458754 1.0000000180025095e-35 0.966722927756276 0.97505701307780457 24.812500000000004 1.1500756134737387 34.88750000000001 -0.64580103137750788 1.0571501552533558 1.0315188957178159 28.983854166666671 -0.048362832084465616 18.450000000000003 19.350000000000005 30.450000000000003 32.250000000000007 0.9550229469509578
decision_type=2 2 2 2 2 2 2 2 2 2 2 2 2 2 2 2 2 2 2 2 2 2 2 2 2 2 2 2 2 2
left_child=-1 2 -2 -3 5 10 -6 -8 9 -7 12 -12 -4 14 -13 -15 -17 -18 19 20 22 24 23 -5 29 -26 -27 -28 -29 -22
right_child=1 3 4 18 6 8 7 -9 -10 -11 11 13 -14 15 -16 16 17 -19 -20 -21 21 -23 -24 -25 25 26 27 28 -30 -31
leaf_value=-0.00056649564463455708 -0.032106823804375038 0.016712571103365548 -0.055442268690123343 -0.068268292733546329 -0.14107069274334236 -0.0071398162678185887 -0.043524920122882095 0.043990318750269354 -0.058043536699127429 0.079179936806642814 -0.15279818546930388 0.045372552996224162 0.03833364933381276 0.03466246425733388 -0.084644709513063535 -0.033155378807707338 0.00049063291000024385 -0.16809597434322188 -0.091144292017405357 0.12109155124300203 -0.03526569893991862 0.071707516161720261 -0.07148668498181153 0.021474740908693946 -0.12862848419051859 0.055770607627177074 -0.008030204920443396 0.073658907107643765 0.0048096115418303498 -0.18091172607158798
leaf_weight=110082 154 10228 66 253 173 352 242 176 176 462 286 66 264 308 154 88 1380 72 92 58 460 506 540 594 69 184 1403 161 207 92
leaf_count=110082 154 10228 66 253 173 352 242 176 176 462 286 66 264 308 154 88 1380 72 92 58 460 506 540 594 69 184 1403 161 207 92
internal_value=3.09243e-06 0.000594311 -0.00157841 0.00124099 -0.00104924 -4.08274e-05 -0.0073181 -0.00239234 0.00505051 0.00749386 -0.00191878 -0.00307986 0.00636364 -0.0012089 -0.0115909 2.70563e-05 -0.00172078 -0.000688705 -0.000838926 -0.00052463 -0.000766391 0.000794938 -0.00423576 -0.00079693 -0.000892857 0.0006917 0.00131714 0.000183512 0.0076087 -0.0067029
internal_weight=129348 19266 4419 14847 4265 3674 591 418 990 814 2684 2354 330 2068 220 1848 1540 1452 4619 4527 4469 3082 1387 847 2576 2024 1955 1771 368 552
internal_count=129348 19266 4419 14847 4265 3674 591 418 990 814 2684 2354 330 2068 220 1848 1540 1452 4619 4527 4469 3082 1387 847 2576 2024 1955 1771 368 552
is_linear=0
shrinkage=0.05


Tree=223
num_leaves=31
num_cat=0
split_feature=0 10 3 4 9 8 3 7 4 3 9 11 6 11 9 1 7 8 9 4 11 11 8 0 11 11 11 0 9 4
split_gain=3.06385 6.20868 7.32351 6.42717 9.43738 5.8824 5.54204 4.35972 4.55881 4.16651 4.3129 4.17997 3.62635 5.22962 5.82258 4.32734 10.1901 12.8136 21.7917 11.1013 9.5905 12.5945 12.0274 10.0199 9.68121 15.4634 19.6098 16.6807 14.0746 18.6916
threshold=92.500000000000014 1.0000000180025095e-35 0.95998215779580554 0.80290535434334509 26.247916666666669 33.550000000000004 -0.099819732675876835 26.412500000000005 0.99530134160901229 0.87397152483179585 28.518489583333338 1.0515743247573357 1.0000000180025095e-35 1.1649345393363679 29.157031250000006 5.5000000000000009 10.987500000000002 20.050000000000004 15.792968750000002 0.99855310097228334 0.95165181534458754 0.95583780249162331 35.350000000000001 75.500000000000014 1.1054431876437014 1.0702111354222905 1.0693501317157568 26.500000000000004 28.678645833333334 -0.082691941062253513
decision_type=2 2 2 2 2 2 2 2 2 2 2 2 2 2 2 2 2 2 2 2 2 2 2 2 2 2 2 2 2 2
left_child=12 3 7 4 -2 -4 -6 8 9 10 11 -3 15 -14 -15 -1 17 -17 -19 20 22 -22 23 -18 25 26 28 -27 29 -23
right_child=1 2 5 -5 6 -7 -8 -9 -10 -11 -12 -13 13 14 -16 16 19 18 -20 -21 21 24 -24 -25 -26 27 -28 -29 -30 -31
leaf_value=-0.0013833991990196638 -0.016194048438478603 0.0120913976697409 0.00060528507982482438 0.034329503822513631 0.090537266175997652 0.10171590990997288 0.013450872078308862 -0.043394798099730285 -0.016969605323215831 -0.021753150420576618 0.054108872247703492 -0.042497471415736503 0.0031743716587769202 0.13456827357720016 0.015861397146102265 -0.020299552172298264 0.0033543564393283989 0.041881407987202128 -0.055141468367438051 0.12040945666521097 0.03503596786618033 -0.041185920249063201 -0.12139257093588043 -0.062796629162806997 -0.026461943092509446 -0.0097941648493545599 -0.18023475523186933 0.081564489987575692 0.03083646177080155 0.0065779260697695465
leaf_weight=100973 435 965 102 417 390 87 459 785 69 143 58 132 6414 93 186 885 2457 331 79 210 372 1111 186 561 1393 243 93 678 3422 5619
leaf_count=100973 435 965 102 417 390 87 459 785 69 143 58 132 6414 93 186 885 2457 331 79 210 372 1111 186 561 1393 243 93 678 3422 5619
internal_value=5.79831e-06 0.00136071 -0.000309697 0.00365961 0.0019081 0.00912698 0.00497644 -0.00113848 0.000566935 0.00123267 0.00222944 0.00152689 -3.79072e-05 0.00109443 0.0077957 -0.000101802 0.000620748 -0.00364865 0.00365854 0.000959009 0.00081035 0.00141714 -0.00163858 -0.000878065 0.00114858 0.0016389 0.00108102 0.00784473 0.00129039 -3.71471e-05
internal_weight=129348 4042 2341 1701 1284 189 849 2152 1367 1298 1155 1097 125306 6693 279 118613 17640 1295 410 16345 16135 12931 3204 3018 12559 11166 10245 921 10152 6730
internal_count=129348 4042 2341 1701 1284 189 849 2152 1367 1298 1155 1097 125306 6693 279 118613 17640 1295 410 16345 16135 12931 3204 3018 12559 11166 10245 921 10152 6730
is_linear=0
shrinkage=0.05


Tree=224
num_leaves=31
num_cat=0
split_feature=8 6 11 0 8 0 9 9 4 7 4 8 11 7 11 0 1 7 9 8 0 3 7 11 11 4 4 4 1 3
split_gain=3.02002 3.3998 5.97908 14.6982 12.1975 7.77051 13.669 6.40175 5.82545 5.61636 10.2792 16.2144 14.8952 15.1107 7.76953 10.7777 6.50169 5.74246 5.4505 7.72454 5.41639 5.29576 5.27228 5.03166 6.40267 4.97649 4.95586 4.6747 4.4603 4.25908
threshold=44.850000000000009 1.0000000180025095e-35 1.0653535727147359 54.500000000000007 38.850000000000001 70.500000000000014 29.611718750000001 30.817708333333339 -0.85225707553516283 9.1875000000000018 0.87291090774974645 27.750000000000004 0.89108496733767706 20.112500000000004 0.94932709307190133 28.500000000000004 1.0000000180025095e-35 28.812500000000004 14.777604166666668 19.150000000000002 6.5000000000000009 -0.73866753694953124 6.1125000000000016 0.95165181534458754 0.93825018639968583 -0.12545862287572049 -0.82413948779581736 0.46611290379786346 4.5000000000000009 -0.99166060804803513
decision_type=2 2 2 2 2 2 2 2 2 2 2 2 2 2 2 2 2 2 2 2 2 2 2 2 2 2 2 2 2 2
left_child=1 -1 4 -4 5 7 23 8 -3 22 11 20 -13 21 15 27 17 -16 19 -12 -11 -14 -10 24 -7 -25 -5 -15 -21 -18
right_child=-2 2 3 26 -6 6 -8 -9 9 10 18 12 13 14 16 -17 29 -19 -20 28 -22 -23 -24 25 -26 -27 -28 -29 -30 -31
leaf_value=-0.00025349263961516044 -0.083509586065466837 0.072760312955885809 -0.003050801963047434 0.35551498119212543 -0.057310640167952447 -0.0087115219813291844 0.080320283068101628 -0.064591296734290898 -0.005845044283562118 -0.0094844674075645237 -0.063809336800723315 -0.084407684322658841 -0.067237456860013367 -0.008978526516347075 0.065530397322528702 0.083929928453872552 -0.079178402654918045 -0.0077460325441975897 -0.058592209650949204 0.095937406929733987 0.051149704099748311 -0.011908670468972106 0.047330600438283459 -0.077039920023494093 0.085206927622435563 -0.018938835598680728 0.038981747934732885 0.027933434923923528 -0.0063177077737989864 0.0043230767893263078
leaf_weight=122439 96 71 713 81 192 300 175 142 56 56 100 142 123 145 130 336 71 67 213 81 512 149 170 200 75 650 451 51 90 1271
leaf_count=122439 96 71 713 81 192 300 175 142 56 56 100 142 123 145 130 336 71 67 213 81 512 149 170 200 75 650 451 51 90 1271
internal_value=1.08235e-05 1.74079e-05 0.00110451 0.00423695 0.000404095 0.000846354 -0.00235714 0.00197435 0.00236046 0.00209275 0.00160447 0.00267769 0.000935614 0.0018886 0.0033438 0.00855263 0.00154321 0.0100254 -0.00516529 -0.000461255 0.0102993 -0.00919118 0.00973451 -0.00422449 0.0006 -0.00635294 0.0105263 -0.000765306 0.00599415 0.000298063
internal_weight=129348 129252 6813 1245 5568 5376 1400 3976 3834 3763 3537 3053 2485 2343 2071 532 1539 197 484 271 568 272 226 1225 375 850 532 196 171 1342
internal_count=129348 129252 6813 1245 5568 5376 1400 3976 3834 3763 3537 3053 2485 2343 2071 532 1539 197 484 271 568 272 226 1225 375 850 532 196 171 1342
is_linear=0
shrinkage=0.05


Tree=225
num_leaves=31
num_cat=0
split_feature=0 3 7 5 8 8 3 11 8 0 8 1 3 11 4 0 0 8 7 7 3 9 0 4 7 7 3 7 0 0
split_gain=2.90417 2.94502 7.51783 6.42472 6.4133 9.27813 5.06314 16.8783 13.2006 9.92153 9.39646 6.66194 14.7902 9.86617 12.2768 8.29142 7.1712 6.34108 9.54913 5.58206 5.13287 4.98271 4.93234 8.36407 10.061 4.91433 4.83477 4.81361 4.72707 18.0305
threshold=94.500000000000014 0.99939377080793557 28.412500000000005 1.0000000180025095e-35 33.750000000000007 33.150000000000013 0.98522604642031408 0.95583780249162331 35.050000000000004 89.500000000000014 37.150000000000013 2.5000000000000004 0.98802474685579866 0.95693658795603842 0.089118976521498999 6.5000000000000009 82.500000000000014 33.050000000000004 28.687500000000004 19.012500000000006 0.98372640911059162 24.729427083333338 17.500000000000004 -0.048362832084465616 29.312500000000004 26.337500000000006 0.9893236546938301 18.412500000000005 31.500000000000004 49.500000000000007
decision_type=2 2 2 2 2 2 2 2 2 2 2 2 2 2 2 2 2 2 2 2 2 2 2 2 2 2 2 2 2 2
left_child=1 6 3 -3 5 21 20 -8 11 10 28 15 25 -14 17 -9 19 18 27 -17 -1 -4 -19 24 -24 -13 -21 -15 -10 -30
right_child=-2 2 4 -5 -6 -7 7 8 9 -11 -12 12 13 14 -16 16 -18 22 -20 26 -22 -23 23 -25 -26 -27 -28 -29 29 -31
leaf_value=-0.00020582905735864188 0.013265609298443337 -0.0088515308909940422 -0.0067369627147513718 -0.070730100262009904 0.096297947643752491 -0.062235608390113134 -0.021769012109573539 0.06533551229448023 0.00032746991177816658 0.10024145581482601 0.086008348402050683 0.017963961267901143 0.050147040330704586 0.042944268930473588 -0.052508141911049223 -0.01764345354153676 0.064986725479198523 0.013927651803070519 0.12278588736219334 -0.025871174558635347 -0.025716822048181598 0.062760969855987267 -0.1766441510391161 0.019477725435018557 0.00047083715492135525 0.092773242489278124 0.035262286354341657 -0.00048376966100107668 -0.1377937138095284 -0.0088936065165519558
leaf_weight=122016 1347 574 70 195 81 100 570 84 320 55 90 180 190 53 190 71 144 90 132 69 285 120 132 154 99 105 772 480 180 400
leaf_count=122016 1347 574 70 195 81 100 570 84 320 55 90 180 190 53 190 71 144 90 132 69 285 120 132 154 99 105 772 480 180 400
internal_value=1.0437e-05 -1.38671e-05 -0.00254386 -0.00536411 0.00330189 -0.000172414 8.86797e-06 0.00164474 0.00279449 -0.00203349 -0.00318182 0.00450764 0.00261773 0.000657895 -0.000864662 0.0075 0.00629735 0.00109649 0.00424812 0.00466009 -5.21255e-05 0.00631579 -0.00331579 -0.00577922 -0.0117965 0.0130702 0.00579667 0.00126642 -0.00472222 -0.00741379
internal_weight=129348 128001 1140 769 371 290 126861 4560 3990 1045 990 2945 1805 1520 1330 1140 1056 1140 665 912 122301 190 475 385 231 285 841 533 900 580
internal_count=129348 128001 1140 769 371 290 126861 4560 3990 1045 990 2945 1805 1520 1330 1140 1056 1140 665 912 122301 190 475 385 231 285 841 533 900 580
is_linear=0
shrinkage=0.05


Tree=226
num_leaves=31
num_cat=0
split_feature=0 4 0 3 4 1 8 0 10 11 8 8 8 1 11 8 11 11 6 11 11 10 7 9 3 7 4 11 4 11
split_gain=2.85478 4.4505 3.21431 12.1709 24.8945 22.28 14.4093 12.8307 18.634 11.6864 11.3438 10.8493 15.9391 10.332 9.54562 9.50029 18.5684 10.5308 10.2588 9.44698 10.7081 14.3394 18.4663 10.0805 9.38666 19.4045 13.7514 13.4367 14.2143 15.2629
threshold=1.0000000180025095e-35 -0.79382744783423187 32.500000000000007 -0.8821812062722818 -0.26867065956352881 5.5000000000000009 33.050000000000004 27.500000000000004 1.0000000180025095e-35 1.0230935316253413 33.750000000000007 31.850000000000005 31.950000000000003 2.5000000000000004 1.2099088115144543 31.850000000000005 0.97505701307780457 1.0891277928364806 1.0000000180025095e-35 1.172278468731752 1.1500756134737387 1.0000000180025095e-35 29.712500000000006 30.428125000000001 0.67167992559793654 26.712500000000006 -0.70900320270980455 0.93825018639968583 -0.99052477729077237 0.83812870703902109
decision_type=2 2 2 2 2 2 2 2 2 2 2 2 2 2 2 2 2 2 2 2 2 2 2 2 2 2 2 2 2 2
left_child=1 -1 3 4 5 11 7 14 -9 10 -8 -2 -13 -14 15 18 -17 -18 -6 20 24 22 -22 -21 27 26 -26 28 -5 -30
right_child=2 -3 -4 19 6 -7 9 8 -10 -11 -12 12 13 -15 -16 16 17 -19 -20 23 21 -23 -24 -25 25 -27 -28 -29 29 -31
leaf_value=-0.062069835214276739 -0.10000417578820944 -0.0032622763666552146 -0.0010638429424616902 -0.036738237255261909 -4.4962794842717815e-05 0.044623544245099116 0.13580927135138127 0.10722539133138938 -0.0031779400678203732 -0.040066472389699473 0.037296208319043699 0.043218459823786054 -0.017568053419292084 -0.11700117581874069 -0.17848339184592632 0.096857674192397533 -0.090227702882546626 0.02080783305559919 -0.040313095668872735 0.14479891272237352 0.095442721685465415 -0.10064394614002126 -0.083755735090595362 0.023689525145688606 -0.096918024035734629 0.04238901139854221 -0.0044592302835440023 0.0024949371115567942 -0.0070554357186296103 0.036607345096568621
leaf_weight=338 448 1009 84859 384 2700 192 128 210 435 96 384 64 320 256 54 108 351 54 216 128 85 224 75 416 153 963 8863 21147 921 3767
leaf_count=338 448 1009 84859 384 2700 192 128 210 435 96 384 64 320 256 54 108 351 54 216 128 85 224 75 416 153 963 8863 21147 921 3767
internal_value=6.95797e-06 -0.00228285 3.10544e-05 0.000382458 -0.00170379 -0.00789063 -3.16723e-05 -0.00109012 0.0053876 0.00715461 0.0101563 -0.0106618 -0.00648438 -0.00911458 -0.00228969 -0.00196121 -0.00823587 -0.0131481 -0.000857339 0.000720519 0.000623257 -0.00768229 0.00375 0.00726103 0.000711365 -0.000593747 -0.00131433 0.00120809 0.00351932 0.00427688
internal_weight=129348 1347 128001 43142 6016 1280 4736 4128 645 608 512 1088 640 576 3483 3429 513 405 2916 37126 36582 384 160 544 36198 9979 9016 26219 5072 4688
internal_count=129348 1347 128001 43142 6016 1280 4736 4128 645 608 512 1088 640 576 3483 3429 513 405 2916 37126 36582 384 160 544 36198 9979 9016 26219 5072 4688
is_linear=0
shrinkage=0.05


Tree=227
num_leaves=31
num_cat=0
split_feature=8 8 8 3 0 0 0 3 0 9 11 8 6 0 8 0 8 10 11 11 7 0 8 9 8 3 0 11 4 11
split_gain=2.76923 12.6245 11.1375 10.9113 13.9807 20.0193 32.089 14.1032 12.9169 12.0514 18.3341 13.5813 13.3176 12.5971 11.8558 14.5916 15.0755 13.2869 18.2371 15.9024 11.9108 11.4749 11.3103 15.4106 13.641 11.396 9.7749 18.1541 9.59811 9.44535
threshold=36.550000000000004 34.45000000000001 36.650000000000013 0.65233619298682533 87.500000000000014 68.500000000000014 46.500000000000007 0.022575936829235418 79.500000000000014 31.50833333333334 1.0751037620239305 38.850000000000001 1.0000000180025095e-35 67.500000000000014 36.850000000000001 22.500000000000004 37.250000000000007 1.0000000180025095e-35 0.96902556631768955 1.0095531556613402 29.112500000000004 15.500000000000002 41.45000000000001 34.749479166666674 39.550000000000004 0.54219432480460406 30.500000000000004 1.1064219518172318 0.27487873330147788 1.0863116984423709
decision_type=2 2 2 2 2 2 2 2 2 2 2 2 2 2 2 2 2 2 2 2 2 2 2 2 2 2 2 2 2 2
left_child=1 -1 -2 4 5 6 14 -6 -7 11 12 -5 -11 21 -4 17 -17 18 -16 20 -20 -13 23 24 -21 -24 -18 29 -3 -28
right_child=2 28 3 9 7 8 -8 -9 -10 10 -12 13 -14 -15 15 16 26 -19 19 22 -22 -23 25 -25 -26 -27 27 -29 -30 -31
leaf_value=-0.00043347280662260347 -0.037789629105108705 0.0098270459865375422 0.077015847537634852 0.0074912255175476616 0.13707144756071019 0.072069613953740938 -0.068184239792926607 -0.087342024317487707 -0.00821700677634425 0.079820313957117153 -0.0005640661835592198 -0.045959581384058625 -0.08821385030766038 -0.12801033852965987 0.059975144994082547 -0.066540444292736117 0.075834799324786678 -0.049397457675891591 -0.15968077780847878 0.046937633686101779 -0.018247344284898048 0.013086461578897968 -0.046597919841514117 0.12340110695120786 -0.051546147977650496 0.018950173941274073 0.020115201452267684 -0.090783979441730625 0.15021507769332915 0.17980541473651288
leaf_weight=98167 768 11206 329 3355 152 1393 2802 865 1016 1243 1422 112 96 196 276 336 856 1029 136 368 232 362 253 138 161 184 1223 256 192 224
leaf_count=98167 768 11206 329 3355 152 1393 2802 865 1016 1243 1422 112 96 196 276 336 856 1029 136 368 232 362 253 138 161 184 1223 256 192 224
internal_value=2.31932e-06 0.000100625 -0.000542132 -0.000303708 -0.00119593 -0.000686764 -0.001792 -0.00680924 0.00335201 0.00130416 0.00384824 -0.000440994 0.00804705 -0.0069403 0.000270788 -0.000264457 0.00221934 -0.0028538 -0.000200229 -0.00241168 -0.011413 -0.00253165 0.000588768 0.00468516 0.000803403 -0.00566362 0.00352677 0.00133588 0.00167573 0.00350726
internal_weight=129348 109565 19783 19015 12229 11212 8803 1017 2409 6786 2761 4025 1339 670 6001 5672 2895 2777 1748 1472 368 474 1104 667 529 437 2559 1703 11398 1447
internal_count=129348 109565 19783 19015 12229 11212 8803 1017 2409 6786 2761 4025 1339 670 6001 5672 2895 2777 1748 1472 368 474 1104 667 529 437 2559 1703 11398 1447
is_linear=0
shrinkage=0.05


Tree=228
num_leaves=31
num_cat=0
split_feature=1 0 0 9 8 11 9 8 8 7 9 8 8 11 11 4 9 9 11 9 9 8 8 9 4 11 11 7 3 11
split_gain=2.80139 9.86152 11.3565 9.53163 9.31893 14.318 11.9612 18.0444 18.0835 14.7982 11.8526 9.64125 8.74761 8.37271 8.14269 9.42937 7.33346 7.5625 7.15676 8.2697 8.79475 7.60131 15.7087 7.93578 8.51754 7.09558 16.2455 14.0263 10.7337 13.8912
threshold=5.5000000000000009 23.500000000000004 72.500000000000014 12.070312500000002 36.850000000000001 1.0095531556613402 28.997135416666673 33.550000000000004 34.250000000000007 27.012500000000006 28.471614583333338 39.250000000000007 34.650000000000013 1.1500756134737387 1.0711909405400801 -0.95242240592625282 31.589322916666671 30.603125000000002 1.0015760182812448 14.060937500000003 28.111979166666671 30.050000000000004 29.750000000000004 16.131770833333338 -0.039769286347669845 0.966722927756276 0.98315999032224444 17.987500000000004 0.7090011537757156 1.0627860117078571
decision_type=2 2 2 2 2 2 2 2 2 2 2 2 2 2 2 2 2 2 2 2 2 2 2 2 2 2 2 2 2 2
left_child=-1 3 -3 -2 6 -6 9 -8 -9 10 12 16 18 25 15 -10 17 -7 19 -5 21 22 23 -21 -25 27 -27 -4 -28 -30
right_child=1 2 13 4 5 11 7 8 14 -11 -12 -13 -14 -15 -16 -17 -18 -19 -20 20 -22 -23 -24 24 -26 26 28 -29 29 -31
leaf_value=-0.00051286552332783228 -0.027483321708208309 0.016374931121671921 0.030542183458204877 0.032851703304059045 -0.12767672307501954 -0.039139537848328847 0.12623971374656406 -0.092860125296792981 -0.0035582031677186877 -0.24539897104270381 0.044709548097112875 0.037190063759021542 -0.18784827863335282 -0.085259826190491605 -0.1023484184676029 0.07410275019116952 -0.094877508615136469 0.056675349788477547 -0.01435655267162872 -0.032189579593824645 0.095589266681249549 -0.023974491269992626 0.052759622840763146 -0.076467060552661795 0.010321055679825976 0.049591365525616028 -0.01237820492791002 -0.045994287431219055 -0.019584775872701243 0.13078058791805347
leaf_weight=110082 168 9826 226 192 189 72 240 96 168 81 216 192 168 92 96 192 120 72 1003 120 92 528 120 72 624 483 2181 1016 322 299
leaf_count=110082 168 9826 226 192 189 72 240 96 168 81 216 192 168 92 96 192 120 72 1003 120 92 528 120 72 624 483 2181 1016 322 299
internal_value=6.95797e-06 0.000563168 0.00121668 -0.00139494 -0.000972491 -0.00655039 -7.48503e-05 0.00542929 0.000452899 -0.00143035 -0.000885167 -0.00175439 -0.00172148 -0.000828101 0.00460526 0.00805556 -0.00795455 -0.000347222 -0.00104507 0.000886728 -0.000321337 -0.00126366 0.00144231 -0.00104167 0.00100575 -0.00052463 0.000692542 -0.00374396 -0.000767309 0.00503221
internal_weight=129348 19266 14445 4821 4653 645 4008 792 552 3216 3135 456 2919 4619 456 360 264 144 2751 1748 1556 1464 936 816 696 4527 3285 1242 2802 621
internal_count=129348 19266 14445 4821 4653 645 4008 792 552 3216 3135 456 2919 4619 456 360 264 144 2751 1748 1556 1464 936 816 696 4527 3285 1242 2802 621
is_linear=0
shrinkage=0.05


Tree=229
num_leaves=31
num_cat=0
split_feature=8 4 4 1 0 7 11 8 8 8 1 3 9 7 9 10 0 9 11 8 3 3 7 3 10 7 9 3 3 11
split_gain=2.93139 23.704 15.0016 5.41753 5.35185 4.55274 4.89185 4.87231 22.9619 15.5285 38.107 32.9303 14.2422 13.939 22.1459 19.918 13.2657 15.3054 14.6352 14.2018 12.9241 13.4639 12.6289 13.9514 32.1973 19.9458 11.8586 14.6944 18.375 11.5527
threshold=17.450000000000003 0.95436825032516992 0.99995376255531909 3.5000000000000004 23.500000000000004 6.1125000000000016 1.0571501552533558 20.200000000000006 19.750000000000004 22.350000000000005 2.5000000000000004 -0.45274443793211405 16.230208333333334 8.8875000000000011 14.300520833333335 1.0000000180025095e-35 20.500000000000004 15.609895833333335 1.0081730995520795 22.250000000000004 0.048362692321690152 0.83849049182116964 19.012500000000006 0.52033990680116082 1.0000000180025095e-35 7.9125000000000014 15.938020833333335 0.534952257794027 0.63257020223555627 1.0832623134792525
decision_type=2 2 2 2 2 2 2 2 2 2 2 2 2 2 2 2 2 2 2 2 2 2 2 2 2 2 2 2 2 2
left_child=1 3 5 4 -1 6 -2 8 22 10 11 -9 16 -12 15 -15 -13 18 19 -18 -16 -22 23 29 -25 -26 27 -11 -29 -7
right_child=2 -3 -4 -5 -6 7 -8 9 -10 26 13 12 -14 14 20 -17 17 -19 -20 -21 21 -23 -24 24 25 -27 -28 28 -30 -31
leaf_value=0.04134440040008798 0.0057769785407217004 0.00030619062197843053 -0.10817655924479297 0.12150255503011778 0.023097332702030828 -0.0035863798421004846 0.094560765699903737 0.086077672216504197 -0.031666101823140023 -0.03583562571915877 0.070072427026873649 0.0048003705546847191 0.026563884027017794 0.027085276152757132 0.013798376769618415 -0.050450685173652234 -0.054700495771918156 -0.13540381451627895 -0.003128499331838697 0.065774352817155088 0.069402260114578243 -0.0024490850146122512 0.05914066780803609 -0.023885780275283253 -0.01411728062041533 0.053932899464537346 -0.00016075190687345753 0.094714305173740604 -0.024911330062852247 -0.04685079207496301
leaf_weight=72 258 3744 96 96 216 8057 62 192 1903 768 237 567 480 754 576 337 744 150 1046 75 1056 192 286 449 121 716 105252 192 192 462
leaf_count=72 258 3744 96 96 216 8057 62 192 1903 768 237 567 480 754 576 337 744 150 1046 75 1056 192 286 449 121 716 105252 192 192 462
internal_value=9.2773e-06 0.00132025 -3.39403e-05 0.013151 0.00972222 -1.87814e-05 0.0059375 -3.40534e-05 -0.000992163 6.78131e-05 0.00245863 -0.00133682 -0.00259634 0.0063769 0.00542882 -0.000206233 -0.00406662 -0.00596774 -0.0047319 -0.00973748 0.00879934 0.0116587 -4.21167e-05 -0.000344212 0.00451011 0.0103047 -7.6125e-05 -0.00512153 0.00286458 -0.001077
internal_weight=129348 4128 125220 384 288 125124 320 124804 11994 112810 6406 3254 3062 3152 2915 1091 2582 2015 1865 819 1824 1248 10091 9805 1286 837 106404 1152 384 8519
internal_count=129348 4128 125220 384 288 125124 320 124804 11994 112810 6406 3254 3062 3152 2915 1091 2582 2015 1865 819 1824 1248 10091 9805 1286 837 106404 1152 384 8519
is_linear=0
shrinkage=0.05


Tree=230
num_leaves=31
num_cat=0
split_feature=11 3 3 0 4 11 4 10 8 3 8 7 7 3 1 0 1 11 3 0 11 1 8 3 4 8 11 3 9 9
split_gain=2.83894 14.085 20.3105 13.3675 13.9798 25.3971 17.9924 16.2491 12.071 11.1246 11.0035 10.7219 10.0851 9.91837 8.66813 8.49773 10.7001 10.1379 8.47341 10.537 9.35672 8.16753 7.26447 7.11261 7.07143 7.03125 6.41508 26.3515 25.4712 23.7327
threshold=0.88579141231058722 -0.99166060804803513 -0.79384350655589164 56.500000000000007 -0.95502570686053045 0.8817286741633612 -0.84774213365954088 1.0000000180025095e-35 34.95000000000001 0.78857998149907527 22.750000000000004 26.537500000000005 22.212500000000006 0.91248814248966237 1.5000000000000002 28.500000000000004 2.5000000000000004 0.84918515311012011 -0.70291267844185523 26.500000000000004 0.88022940816291972 3.5000000000000004 29.550000000000004 -0.15101209918632377 -0.80417042486635371 28.250000000000004 0.93309361111522005 -0.9954993026558282 14.300520833333335 14.627864583333336
decision_type=2 2 2 2 2 2 2 2 2 2 2 2 2 2 2 2 2 2 2 2 2 2 2 2 2 2 2 2 2 2
left_child=1 21 11 4 8 6 -6 9 23 15 -11 12 -3 -5 -10 16 -8 -18 20 -20 -9 -1 -14 -4 -17 -23 27 -2 -29 -30
right_child=26 2 3 13 5 -7 7 18 14 10 -12 -13 22 -15 -16 24 17 -19 19 -21 -22 25 -24 -25 -26 -27 -28 28 29 -31
leaf_value=0.0010060759653796937 -0.18897762586918887 -0.080594936976471854 0.27102935748374651 -0.01683457667255368 -0.027920805864353328 -0.1067645997698449 0.13480271546984426 -0.036983493263660704 -0.14090406844730269 0.067768841101830901 -0.064068409643729757 -0.084909672766546873 -0.022161660839338994 -0.046660931745991265 0.024193978662228235 -0.1236703791956245 -0.04056454827323535 0.062944181198790264 0.062757897270277849 0.038464254283154989 0.092604517968231909 0.004729566623063875 0.054354378305897205 0.05233268448218667 -3.5632941929009122e-05 0.075621159314678013 -0.00032480457372798812 -0.034744821265390156 0.085215079047035402 0.010194926457305088
leaf_weight=576 96 82 155 2879 1368 171 145 171 57 57 228 398 564 156 171 56 87 87 485 540 57 192 108 342 252 384 106049 768 192 12475
leaf_count=576 96 82 155 2879 1368 171 145 171 57 57 228 398 564 156 171 56 87 87 485 540 57 192 108 342 252 384 106049 768 192 12475
internal_value=1.08235e-05 -0.000808763 -0.00150302 -0.000549303 0.0012023 -4.04968e-05 0.000870365 0.0037067 0.00755172 -0.00137061 -0.0095614 -0.00768229 -0.00417772 -0.00310544 -0.00197368 0.00235247 0.0080721 -0.000287356 0.00740223 0.00934146 -0.00131579 0.00438368 -0.00215774 0.0119215 -0.00357143 0.00859375 7.77722e-05 0.00110302 0.00128954 0.00182561
internal_weight=129348 9768 8616 7464 4429 3704 3533 2165 725 912 285 1152 754 3035 228 627 319 174 1253 1025 228 1152 672 497 308 576 119580 13531 13435 12667
internal_count=129348 9768 8616 7464 4429 3704 3533 2165 725 912 285 1152 754 3035 228 627 319 174 1253 1025 228 1152 672 497 308 576 119580 13531 13435 12667
is_linear=0
shrinkage=0.05


Tree=231
num_leaves=31
num_cat=0
split_feature=0 10 8 9 3 8 3 3 7 4 1 6 11 9 9 9 8 0 9 1 3 11 7 10 11 8 0 7 1 0
split_gain=2.95642 5.80593 5.62635 7.79155 5.52551 5.96327 4.51608 4.4645 3.88938 4.08564 3.56233 3.1344 4.78502 5.03405 3.94235 8.35719 7.65296 7.41383 6.83831 8.28169 6.45884 12.3911 6.98479 8.56622 7.59261 7.35754 8.03989 6.9497 5.97488 7.79951
threshold=92.500000000000014 1.0000000180025095e-35 22.550000000000004 26.352343750000006 0.97314989601849466 32.850000000000001 -0.40614700388750385 -0.099819732675876835 26.537500000000005 0.9863035000474919 4.5000000000000009 1.0000000180025095e-35 1.1649345393363679 29.157031250000006 30.817708333333339 29.923697916666672 39.95000000000001 70.500000000000014 28.678645833333334 1.5000000000000002 -0.89785546691630314 0.96501014288629994 9.1875000000000018 1.0000000180025095e-35 1.0282169252610012 19.750000000000004 57.500000000000007 22.512500000000006 5.5000000000000009 43.500000000000007
decision_type=2 2 2 2 2 2 2 2 2 2 2 2 2 2 2 2 2 2 2 2 2 2 2 2 2 2 2 2 2 2
left_child=11 2 10 6 8 -6 -4 -5 9 -3 -2 -1 14 -14 15 17 -16 18 20 -20 27 -22 -23 24 28 -25 -27 -13 29 -24
right_child=1 4 3 7 5 -7 -8 -9 -10 -11 -12 12 13 -15 16 -17 -18 -19 19 -21 21 22 23 25 -26 26 -28 -29 -30 -31
leaf_value=-0.00051426246181023321 0.030208559921771894 0.007250692193711928 -0.017311715953184148 0.089710193707588815 -0.0029259594816764436 0.080395722186668905 0.018902062618734308 0.012480761650185457 -0.04102183129344255 -0.015062452063044419 0.048069577447023448 -0.076280544396730224 0.12330215010561432 0.015013681048255024 -0.044053003022426651 0.033845475058909356 0.011609441927302556 -0.013574282778509429 -0.11357714925932783 0.0031390632443120126 0.030269506515311663 0.026054508055123906 -0.086888853744902406 -0.10142380163872389 0.015585221681149619 0.005978510826340511 0.057351322312490544 -0.005994332448123885 0.0051750807414649106 -0.0077955367514718436
leaf_weight=118613 249 1302 279 387 72 90 222 459 760 117 105 56 93 186 372 372 462 1232 142 284 1065 226 287 66 109 934 221 228 142 216
leaf_count=118613 249 1302 279 387 72 90 222 459 760 117 105 56 93 186 372 372 462 1232 142 284 1065 226 287 66 109 934 221 228 142 216
internal_value=1.73949e-05 0.00134834 0.00357143 0.00209725 -0.00026698 0.00864198 -0.00284431 0.00502364 -0.000929325 0.000616631 0.00918079 -2.55375e-05 0.00102719 0.00743728 0.000748363 0.0012276 -0.00245803 0.000710445 0.00176056 -0.00422535 0.00247887 0.00310778 0.00096547 1.26582e-05 -0.00417772 0.00260033 0.00352814 -0.00475352 -0.00624031 -0.00879722
internal_weight=129348 4042 1701 1347 2341 162 501 846 2179 1419 354 125306 6693 279 6414 5580 834 5208 3976 426 3550 3266 2201 1975 754 1221 1155 284 645 503
internal_count=129348 4042 1701 1347 2341 162 501 846 2179 1419 354 125306 6693 279 6414 5580 834 5208 3976 426 3550 3266 2201 1975 754 1221 1155 284 645 503
is_linear=0
shrinkage=0.05


Tree=232
num_leaves=31
num_cat=0
split_feature=0 3 7 4 3 1 3 8 1 5 0 0 0 7 0 0 0 7 9 7 11 0 4 0 8 11 3 9 11 4
split_gain=2.79342 2.76193 7.50883 10.1937 4.83974 13.3053 12.5729 11.3853 8.42768 7.07509 7.50069 5.58877 6.77335 5.78164 5.5586 5.54408 4.28915 4.81579 4.21228 9.05945 9.60037 4.16039 3.92311 4.34515 5.54423 3.84 3.74763 27.2858 27.893 19.8359
threshold=94.500000000000014 0.99939377080793557 31.412500000000005 1.0000000180025095e-35 0.99053107487289871 2.5000000000000004 0.99552231814189451 35.050000000000004 3.5000000000000004 1.0000000180025095e-35 22.500000000000004 20.500000000000004 82.500000000000014 22.512500000000006 75.500000000000014 79.500000000000014 79.500000000000014 34.312500000000007 23.317968750000002 22.387500000000006 1.0400758936931782 32.500000000000007 -0.065537083312030994 45.500000000000007 32.150000000000013 0.95693658795603842 0.76696112484652035 18.314583333333335 1.0635821354874333 -0.60555643346685839
decision_type=2 2 2 2 2 2 2 2 2 2 2 2 2 2 2 2 2 2 2 2 2 2 2 2 2 2 2 2 2 2
left_child=1 4 -3 -4 26 7 15 11 -8 10 -9 -6 13 -13 22 -7 17 21 -16 -20 -21 -12 -10 -24 25 -25 -1 -28 29 -29
right_child=-2 2 3 -5 5 6 8 9 14 -11 16 12 -14 -15 18 -17 -18 -19 19 20 -22 -23 23 24 -26 -27 27 28 -30 -31
leaf_value=0.00047369396842356082 0.012925198202670175 -0.014216448076584244 -0.014622136008053843 0.10637045889858499 0.041122838655786614 -0.054043273029214592 0.047809773638726231 0.053922953062820515 0.047564186282133394 -0.089814697737773494 0.015466410916859985 -0.025888877850042749 0.068507844064738074 0.042028227257215889 -0.060545622160594809 0.014212745603985156 0.10295970527285335 0.0083649461886338376 0.035933532625982423 0.034311522240844994 -0.2422668156320853 -0.070828300278664366 -0.006543262303847542 0.0019348332316795336 -0.015997149662445056 0.064011593243516532 0.024521646555706413 -0.16724520527052322 0.0097519511320832922 -0.014408397773756576
leaf_weight=104091 1347 956 106 78 189 320 190 115 152 95 50 68 108 490 95 60 75 115 55 60 75 120 598 120 120 150 2185 190 5110 11865
leaf_count=104091 1347 956 106 78 189 320 190 115 152 95 50 68 108 490 95 60 75 115 55 60 75 120 598 120 120 150 2185 190 5110 11865
internal_value=1.77815e-05 -6.05464e-06 -0.00245614 0.00679348 1.59624e-05 0.00187135 -0.000764411 0.0055614 0.00116099 8.77193e-05 0.00257895 0.00921053 0.00705706 0.00483871 -0.000157895 -0.00894737 -0.000972222 -0.00377193 -0.00640351 -0.00210526 -0.00907407 -0.00911765 0.00140351 0.000253036 0.00435897 0.00833333 -3.5442e-05 -0.000674419 -0.00134431 -0.00265657
internal_weight=129348 128001 1140 184 126861 3420 1995 1425 1615 570 475 855 666 558 1425 380 360 285 285 190 135 170 1140 988 390 270 123441 19350 17165 12055
internal_count=129348 128001 1140 184 126861 3420 1995 1425 1615 570 475 855 666 558 1425 380 360 285 285 190 135 170 1140 988 390 270 123441 19350 17165 12055
is_linear=0
shrinkage=0.05


Tree=233
num_leaves=31
num_cat=0
split_feature=8 6 4 9 0 0 9 4 7 0 0 11 7 4 8 4 7 7 11 4 8 8 7 7 1 8 8 7 11 1
split_gain=2.67707 2.98787 5.31331 10.7841 8.27662 6.73125 7.3391 6.18368 7.56162 6.81239 6.23949 6.61376 6.22619 6.79642 10.9686 6.30952 7.57218 5.48775 5.03574 9.9723 4.81687 7.4459 11.0076 5.08604 4.80557 4.67481 5.15708 9.27177 4.42542 4.35771
threshold=44.850000000000009 1.0000000180025095e-35 -0.70289845916694649 28.932031250000001 70.500000000000014 69.500000000000014 30.359635416666674 -0.5129677127369543 30.887500000000006 59.500000000000007 52.500000000000007 1.0653535727147359 9.1875000000000018 0.87291090774974645 26.150000000000002 -0.25206183926700709 26.612500000000004 6.1125000000000016 0.98770160441593557 0.34033495509342487 29.750000000000004 35.250000000000007 24.087500000000006 28.512500000000006 3.5000000000000004 29.450000000000003 27.750000000000004 20.637500000000006 1.0653535727147359 1.5000000000000002
decision_type=2 2 2 2 2 2 2 2 2 2 2 2 2 2 2 2 2 2 2 2 2 2 2 2 2 2 2 2 2 2
left_child=1 -1 3 -3 7 -5 -7 8 24 -10 12 18 17 14 -14 16 -16 -9 19 -12 25 23 -23 -22 -4 26 -17 29 -24 -28
right_child=-2 2 4 5 -6 6 -8 10 9 -11 11 -13 13 -15 15 20 -18 -19 -20 -21 21 22 28 -25 -26 -27 27 -29 -30 -31
leaf_value=-0.00022313789333452407 -0.077052257004453395 0.066282985431083574 -0.13300891211659405 -0.0089293993463002153 -0.0131294356188306 -0.010209621306523788 0.12756172172906019 -0.0069454099591908409 -0.14476613244152645 0.014710129717904153 -0.04958810452756382 0.073196712434561564 0.058644759977809713 -0.050325191601770319 0.08552482531065167 0.017117605285622516 0.0049625524334430795 0.044762026697279113 0.0041127825849429202 0.058872099762249525 -0.029826827260063738 0.10245132423691033 -0.042319966118451194 0.002910866837416393 0.0067694369689704111 0.028314084315111645 -0.12392094953754906 0.0099322060322208482 0.0070604966122800768 -0.01802505341102929
leaf_weight=122439 96 384 54 697 1425 104 156 56 112 50 54 108 159 307 102 265 163 167 450 252 305 74 76 119 423 212 88 244 115 92
leaf_count=122439 96 384 54 697 1425 104 156 56 112 50 54 108 159 307 102 265 163 167 450 252 305 74 76 119 423 212 88 244 115 92
internal_value=1.31428e-05 1.93421e-05 0.00103846 0.00385906 0.000347222 0.00101881 0.00788462 0.00150111 -0.00301252 -0.0123457 0.00234742 0.00601852 0.00110063 0.000333908 0.00139027 0.000309973 0.00745283 0.00908072 0.00436508 0.00931373 -0.000880503 -0.00402758 0.00254717 -0.00813679 0.000157233 0.00152608 -0.000471698 -0.00389151 -0.00379581 -0.0125
internal_weight=129348 129252 6813 1341 5472 957 260 4047 639 162 3408 864 2544 2321 2014 1855 265 223 756 306 1590 689 265 424 477 901 689 424 191 180
internal_count=129348 129252 6813 1341 5472 957 260 4047 639 162 3408 864 2544 2321 2014 1855 265 223 756 306 1590 689 265 424 477 901 689 424 191 180
is_linear=0
shrinkage=0.05


Tree=234
num_leaves=31
num_cat=0
split_feature=0 10 4 9 7 8 9 3 3 9 3 8 8 3 11 8 9 11 3 1 3 3 11 8 3 7 5 8 8 9
split_gain=2.77385 5.45568 5.00579 9.07858 4.7842 7.27127 5.96685 4.16752 3.5191 4.99133 3.16861 4.52286 6.07034 4.17241 3.46492 3.23297 3.15863 3.02065 4.24548 2.99336 4.05734 2.91107 2.88896 2.87788 2.86448 6.22597 8.03045 5.6463 8.2912 6.20038
threshold=92.500000000000014 1.0000000180025095e-35 0.80290535434334509 26.247916666666669 27.012500000000006 33.150000000000013 29.444531250000001 -0.099819732675876835 -0.17647087149565668 26.801041666666674 0.01505151768384008 26.150000000000002 30.950000000000003 0.65883702558178847 1.029547611132996 18.850000000000005 27.746093750000004 0.94187976625705427 -0.58482361983252518 5.5000000000000009 0.082691702092476851 0.82899317702918729 0.94341039438002372 18.950000000000003 0.99939377080793557 29.112500000000004 1.0000000180025095e-35 33.750000000000007 33.150000000000013 24.729427083333338
decision_type=2 2 2 2 2 2 2 2 2 2 2 2 2 2 2 2 2 2 2 2 2 2 2 2 2 2 2 2 2 2
left_child=24 2 3 21 5 8 -7 22 9 -3 -10 13 14 15 -13 -12 -11 -6 -19 20 -4 -2 -5 -22 -1 26 -26 28 29 -27
right_child=1 4 19 7 17 6 -8 -9 10 16 11 12 -14 -15 -16 -17 -18 18 -20 -21 23 -23 -24 -25 25 27 -28 -29 -30 -31
leaf_value=-3.7909063594554487e-05 -0.021665945585418456 0.015114775471579378 0.0064889890985156745 0.16636582002602582 0.022637373038018185 0.070345949207472822 -0.06734475552416512 0.011844195763922018 -0.052118099071642381 -0.04809809099153313 0.014807807556366726 -0.058620758747181867 0.0064668115180268161 0.034732725950104286 -0.0055087963188270809 -0.021699575891535972 0.0027388973860752231 -0.099918095619622713 -0.037949172810024835 0.061630693209485804 0.026383869142171081 0.012568792285306074 0.048512742172090388 0.066044834882779929 -0.0072766674426077323 -0.0125781537412756 -0.073468960645406867 0.095301087386077662 -0.057982748516266724 0.064504287802903099
leaf_weight=124190 318 459 192 111 102 215 59 459 84 128 114 87 129 123 54 129 123 126 409 57 57 117 279 111 580 62 196 73 94 111
leaf_count=124190 318 459 192 111 102 215 59 459 84 128 114 87 129 123 54 129 123 126 409 57 57 117 279 111 580 62 196 73 94 111
internal_value=9.66385e-06 0.00129886 0.00345385 0.0019081 -0.00026698 0.00111502 0.00857664 0.00491755 -0.000314685 0.0021831 -0.00277778 -0.00157233 -0.00648148 0.00204918 -0.0136525 -0.00174897 -0.00348606 -0.00396389 -0.00546729 0.00821343 0.00652778 -0.00396552 0.00871795 0.0122024 -3.19219e-05 -0.00255376 -0.00502577 0.00308824 -0.000280899 0.00621387
internal_weight=129348 4042 1701 1284 2341 1704 274 849 1430 710 720 636 270 366 141 243 251 637 535 417 360 435 390 168 125306 1116 776 340 267 173
internal_count=129348 4042 1701 1284 2341 1704 274 849 1430 710 720 636 270 366 141 243 251 637 535 417 360 435 390 168 125306 1116 776 340 267 173
is_linear=0
shrinkage=0.05


Tree=235
num_leaves=31
num_cat=0
split_feature=4 4 7 10 4 8 4 9 9 8 0 3 11 11 7 11 1 3 7 3 7 7 0 5 11 7 1 0 7 7
split_gain=2.59045 11.4324 10.0939 11.3815 11.2067 10.7528 9.52679 9.87049 19.5031 19.1871 17.4916 8.46505 9.96945 10.5061 15.2898 13.7126 12.3214 21.318 10.202 9.06133 8.77468 8.40912 8.6626 8.22489 8.05297 11.2667 10.7191 7.99392 9.12381 7.9915
threshold=-0.91249077947840473 -0.89787881968372518 26.612500000000004 1.0000000180025095e-35 -0.90531874877253482 31.850000000000005 -0.93845867424155849 28.071614583333339 27.501822916666672 33.850000000000001 43.500000000000007 -0.099819732675876835 0.90157409510273256 0.96159218389975776 25.412500000000005 0.96595727420028521 1.0000000180025095e-35 -0.21861968191509915 35.662500000000016 -0.21861968191509915 27.737500000000004 24.337500000000006 3.5000000000000004 1.0000000180025095e-35 0.90595883210605288 27.912500000000005 5.5000000000000009 59.500000000000007 32.812500000000007 31.712500000000006
decision_type=2 2 2 2 2 2 2 2 2 2 2 2 2 2 2 2 2 2 2 2 2 2 2 2 2 2 2 2 2 2
left_child=6 2 -2 4 -4 -5 11 8 10 -9 -8 12 23 -14 -15 -16 17 -17 19 -18 -19 -13 -23 27 25 -24 -27 -1 -29 -21
right_child=1 -3 3 5 -6 -7 7 9 -10 -11 -12 21 13 14 15 16 18 20 -20 29 -22 22 24 -25 -26 26 -28 28 -30 -31
leaf_value=0.065916968374175156 0.089041629083431675 0.00025642087101971359 0.11488354240713364 -0.11838465389915385 0.0032562130696319972 0.010591194619699706 -0.17310641919498765 -0.090542240572182922 0.083124668942926416 -0.0094148772442963491 0.019825621568127616 0.14881844391422733 -0.025068661161427742 0.15938642335171097 0.13308218858031892 0.15219498167283591 -0.015730372274987303 0.038285150285480546 -0.11938453873350455 0.0050360281666229417 -0.079828284129648361 -0.053464346829882464 0.0067669541646793625 -0.040361421814019138 -0.0028578999386823511 -0.13487788840930579 0.012831151491197091 0.026292894360896924 -0.17358118154935698 0.072493174284645787
leaf_weight=764 294 106298 332 126 329 643 88 960 288 2006 104 61 1056 68 179 384 2447 51 145 640 234 455 367 96 9587 386 156 416 50 338
leaf_count=764 294 106298 332 126 329 643 88 960 288 2006 104 61 1056 68 179 384 2447 51 145 640 234 455 367 96 9587 386 156 416 50 338
internal_value=8.89074e-06 0.000108311 0.00414733 0.00241259 0.0072239 -0.00172302 -0.000494701 -0.00290192 0.00375 -0.00397842 -0.00859375 -3.07606e-05 0.00134683 0.000415013 0.00147124 0.0011091 0.000536683 0.00676383 -0.000630252 -8.0292e-05 -0.00359649 -0.000889938 -0.00099306 0.00524133 -0.000700267 -0.00519802 -0.0097786 0.00634146 0.00118026 0.00398773
internal_weight=129348 108022 1724 1430 661 769 21326 3446 480 2966 192 17880 6868 5542 4486 4418 4239 669 3570 3425 285 11012 10951 1326 10496 909 542 1230 466 978
internal_count=129348 108022 1724 1430 661 769 21326 3446 480 2966 192 17880 6868 5542 4486 4418 4239 669 3570 3425 285 11012 10951 1326 10496 909 542 1230 466 978
is_linear=0
shrinkage=0.05


Tree=236
num_leaves=31
num_cat=0
split_feature=11 3 4 7 3 9 8 0 0 3 9 9 0 4 4 9 8 9 9 8 3 11 8 9 4 3 8 11 8 3
split_gain=2.68065 12.1542 14.7846 13.3885 19.0122 9.55277 12.6259 9.16577 9.30602 8.94018 7.99672 12.4041 8.20911 13.6042 12.0278 10.0934 11.4801 24.3252 9.51489 14.1564 8.70241 12.0997 8.64205 9.46131 7.88438 7.73881 12.4001 13.4408 11.1016 9.83273
threshold=0.89108496733767706 -0.99372698525316483 -0.95502570686053045 28.612500000000004 0.14250626876356556 29.327864583333341 38.850000000000001 56.500000000000007 28.500000000000004 -0.15101209918632377 29.25026041666667 29.157031250000006 29.500000000000004 0.99748108949426018 -0.95242240592625282 13.811458333333336 24.050000000000004 19.588802083333338 28.071614583333339 29.150000000000002 -0.59869031648930193 0.82284707828887094 22.750000000000004 17.913281250000004 1.0000000180025095e-35 -0.71504373327588355 29.150000000000002 0.73745831416842689 33.95000000000001 -0.96902457013955734
decision_type=2 2 2 2 2 2 2 2 2 2 2 2 2 2 2 2 2 2 2 2 2 2 2 2 2 2 2 2 2 2
left_child=1 24 3 9 7 10 -7 8 -5 -3 11 12 13 25 -14 -16 22 -18 19 -19 -20 -22 23 -17 -1 26 27 -4 -27 -28
right_child=-2 2 5 4 -6 6 -8 -9 -10 -11 -12 -13 14 -15 15 16 17 18 20 -21 21 -23 -24 -25 -26 28 29 -29 -30 -31
leaf_value=0.036241764326560143 0.00046514477238375208 0.20445641900846001 0.01548261878937467 -0.032508385312529246 -0.11347375098406474 0.042998845546141244 -0.057538474439226661 -0.023512837847454195 0.1521267229296541 0.027318070955460173 -0.12993023286934147 0.1890756405755738 -0.2753971841856071 0.15822903725784415 0.10289167344411823 -0.033495456511712977 0.070629012849092732 -0.033746814023514558 -0.022656199057938409 0.0059707075011246509 -0.029237676538433989 -0.13969087901755728 -0.12213437956020529 0.042903602399929498 -0.024413097701515341 0.010954751462572432 0.040059937970197274 -0.091939998575336551 -0.080654585372371204 -0.046799728743836512
leaf_weight=768 118332 165 60 66 222 768 283 337 278 450 192 95 66 60 66 462 198 1320 396 1650 198 264 264 66 192 1500 150 240 60 180
leaf_count=768 118332 165 60 66 222 768 283 337 278 450 192 95 66 60 66 462 198 1320 396 1650 198 264 264 66 192 1500 150 240 60 180
internal_value=6.18487e-06 -0.000739833 -0.00125298 0.00329381 -0.000581395 -0.00206137 0.00240247 0.00356094 0.00930233 0.00898374 -0.00268799 -0.00242289 -0.00265972 -0.000155556 -0.00379798 -0.00351147 -0.0037775 -0.00269498 -0.00357889 -0.00223906 -0.00821678 -0.0128788 -0.0092803 -0.00558712 0.00463542 -0.000799087 -0.00547619 -0.0128333 0.00108974 0.00121212
internal_weight=129348 11016 10056 1518 903 8538 1051 681 344 615 7487 7295 7200 2250 4950 4884 4818 4026 3828 2970 858 462 792 528 960 2190 630 300 1560 330
internal_count=129348 11016 10056 1518 903 8538 1051 681 344 615 7487 7295 7200 2250 4950 4884 4818 4026 3828 2970 858 462 792 528 960 2190 630 300 1560 330
is_linear=0
shrinkage=0.05


Tree=237
num_leaves=31
num_cat=0
split_feature=4 9 10 11 9 11 10 3 11 0 1 1 4 1 9 3 9 11 7 7 3 0 1 11 0 0 0 9 0 8
split_gain=2.69536 13.7989 17.0217 22.9423 13.6729 20.0624 22.8531 34.342 30.7711 17.6093 20.7451 16.8442 15.5827 15.3772 15.0521 20.786 15.4518 12.9549 13.3164 10.962 10.6031 15.5819 10.5246 10.4318 10.1429 17.0078 18.879 15.013 13.0025 23.5976
threshold=-0.84313311835787952 27.912500000000005 1.0000000180025095e-35 1.0292706579118427 29.265625000000004 1.0202540345051931 1.0000000180025095e-35 -0.46038400545438724 1.078728888014248 61.500000000000007 2.5000000000000004 1.5000000000000002 -0.88220415136009767 4.5000000000000009 29.557031250000005 -0.46038400545438724 29.382031250000001 1.0635821354874333 27.737500000000004 30.212500000000006 -0.41398024697495356 70.500000000000014 5.5000000000000009 0.84409739968617681 43.500000000000007 63.500000000000007 79.500000000000014 30.359635416666674 21.500000000000004 40.350000000000001
decision_type=2 2 2 2 2 2 2 2 2 2 2 2 2 2 2 2 2 2 2 2 2 2 2 2 2 2 2 2 2 2
left_child=1 2 -1 -4 5 12 11 -8 9 -9 -11 -7 22 19 15 -6 -17 -18 -19 20 21 -10 23 -3 28 -26 27 -27 -16 -30
right_child=-2 4 3 -5 14 6 7 8 13 10 -12 -13 -14 -15 24 16 17 18 -20 -21 -22 -23 -24 -25 25 26 -28 -29 29 -31
leaf_value=0.090799219934687161 0.00069917989442771502 0.016604384024029886 -0.0040372198304815757 0.1326885891856108 -0.13832369228273436 0.048646551220893036 0.12622531395081255 0.12043913011393031 -0.17222098682679532 0.30595221833319286 -0.098341036602067083 -0.071081105193221819 -0.14361455216143923 0.067809520124784944 -0.0059305796831054637 -0.0097150394070403944 0.14387069421485776 0.10739587479792762 -0.11029552905383327 0.027345343876845618 -0.18966016726430368 0.24733873215470653 0.0311389025448932 -0.052921447529472233 -0.052021400638675178 -0.034535143209149764 -0.02266567398765389 0.045494440033307632 0.012116738794579619 0.13447670383218552
leaf_weight=384 100538 374 2208 384 96 192 480 372 85 68 136 576 672 96 4331 476 664 53 139 127 314 50 384 1632 3921 702 3142 2424 3736 592
leaf_count=384 100538 374 2208 384 96 192 480 372 85 68 136 576 672 96 4331 476 664 53 139 127 314 50 384 1632 3921 702 3142 2424 3736 592
internal_value=8.11764e-06 -0.000418258 0.00280578 0.00135031 -0.000789657 -0.00298669 0.000340545 0.00353009 -0.000841346 0.00763889 -0.00416667 -0.00683594 -0.00569889 -0.00811012 -0.000187414 0.0047619 0.00638138 0.0103972 -0.00104167 -0.0111979 -0.0148664 -0.00314815 -0.00380753 -0.00525922 -0.000562394 -0.00163166 -1.59541e-05 0.00273512 0.000695808 0.00263401
internal_weight=129348 28810 2976 2592 25834 5558 2496 1728 1248 576 204 768 3062 672 20276 1428 1332 856 192 576 449 135 2390 2006 18848 10189 6268 3126 8659 4328
internal_count=129348 28810 2976 2592 25834 5558 2496 1728 1248 576 204 768 3062 672 20276 1428 1332 856 192 576 449 135 2390 2006 18848 10189 6268 3126 8659 4328
is_linear=0
shrinkage=0.05


Tree=238
num_leaves=31
num_cat=0
split_feature=4 9 10 11 9 9 11 11 9 10 4 11 8 9 3 3 3 8 1 3 3 9 0 4 9 3 0 0 4 0
split_gain=2.81841 12.2667 15.5 19.4025 13.2761 18.569 14.3664 18.1895 14.9312 22.3754 21.2103 16.3139 15.7816 14.5381 14.2918 21.1857 16.6384 14.4925 30.5521 17.6042 13.6111 13.5005 16.3595 11.6026 10.8889 9.49349 13.5293 9.30815 17.1112 14.8697
threshold=-0.84313311835787952 27.912500000000005 1.0000000180025095e-35 1.0292706579118427 29.265625000000004 29.235937500000002 0.98229519356535999 0.98483353674826957 30.189062500000002 1.0000000180025095e-35 -0.99938741687870725 0.97407968238158804 35.650000000000013 29.382031250000001 0.12545942051955489 -0.24372957273992746 -0.18492532721306487 31.950000000000003 3.5000000000000004 -0.41398024697495356 -0.47558551945199218 28.953906250000006 73.500000000000014 -0.99628250747696534 28.369010416666672 -0.35846811432664222 84.500000000000014 82.500000000000014 -0.99983123799342477 70.500000000000014
decision_type=2 2 2 2 2 2 2 2 2 2 2 2 2 2 2 2 2 2 2 2 2 2 2 2 2 2 2 2 2 2
left_child=1 2 -1 25 5 14 8 -8 9 12 -10 23 -6 -11 15 17 -17 18 19 21 -19 22 -3 -12 -20 -4 -27 29 -29 -9
right_child=-2 4 3 -5 6 -7 7 27 10 13 11 -13 -14 -15 -16 16 -18 20 24 -21 -22 -23 -24 -25 -26 26 -28 28 -30 -31
leaf_value=0.086259258937952416 0.00066422089970643585 0.096949866437647358 -0.033989794921252779 0.12605415972632983 -0.0039285068877418896 -0.12003851425350831 -0.18818947909682893 -0.0094407767077804294 -0.28564443992584926 0.00081165599137591473 -0.12449050225346739 0.07259042431157213 0.22991756514160289 0.12484103026902744 -0.06766638067811144 0.46910069569190826 0.018318394038436738 -0.097572937366209811 0.1263571863594386 -0.079837479846948875 -0.026208486842408264 -0.067352228458292987 -0.10727291849779164 -0.00061361446228147543 -0.0014735142429380234 0.024611250527803465 -0.10900516619076371 0.20690787706410632 -0.043605717639251654 0.03635122369851871
leaf_weight=384 100538 296 768 384 1440 192 192 9908 96 284 96 288 96 843 1248 96 950 576 384 480 960 96 88 3541 192 1275 165 52 1768 1672
leaf_count=384 100538 296 768 384 1440 192 192 9908 96 284 96 288 96 843 1248 96 950 576 384 480 960 96 88 3541 192 1275 165 52 1768 1672
internal_value=3.86554e-07 -0.000435613 0.00260417 0.00121528 -0.000785786 -0.0029507 -0.000192346 -0.00112566 0.00170557 0.00460946 -0.000217608 0.000350318 0.000683594 0.00996007 -0.00240403 -0.000983487 0.00516252 -0.00307617 0.000358073 -0.00510417 -0.00651042 0.00166667 0.00585938 -0.000556778 0.00946181 -0.000588768 0.00180556 -0.000906716 -0.00423077 -0.000384283
internal_weight=129348 28810 2976 2592 25834 5558 20276 13592 6684 2663 4021 3925 1536 1127 5366 4118 1046 3072 1536 960 1536 480 384 3637 576 2208 1440 13400 1820 11580
internal_count=129348 28810 2976 2592 25834 5558 20276 13592 6684 2663 4021 3925 1536 1127 5366 4118 1046 3072 1536 960 1536 480 384 3637 576 2208 1440 13400 1820 11580
is_linear=0
shrinkage=0.05


Tree=239
num_leaves=31
num_cat=0
split_feature=9 3 3 8 3 11 3 0 0 9 11 0 0 1 0 0 9 0 0 0 0 3 0 0 8 4 4 9 9 7
split_gain=2.54244 19.6788 28.9649 10.4065 10.1674 15.3773 7.91016 10.4775 7.87594 7.08933 6.49864 6.08349 6.96334 6.69394 8.82156 5.77297 5.36942 15.7432 8.75867 7.31152 8.85151 10.4771 10.9552 7.02944 5.6602 5.17143 13.6991 10.6083 8.02499 8.74203
threshold=34.057291666666679 0.17646842360078763 0.3261394409934788 39.550000000000004 0.091259403071267925 1.0492608630788383 -0.01397611846945947 53.500000000000007 84.500000000000014 33.875000000000007 1.084488025415445 54.500000000000007 71.500000000000014 3.5000000000000004 26.500000000000004 26.500000000000004 34.603385416666676 52.500000000000007 62.500000000000007 48.500000000000007 21.500000000000004 0.54219432480460406 29.500000000000004 69.500000000000014 41.45000000000001 -0.98521978256641018 -0.97874870457683594 28.587760416666672 28.535937499999999 25.912500000000005
decision_type=2 2 2 2 2 2 2 2 2 2 2 2 2 2 2 2 2 2 2 2 2 2 2 2 2 2 2 2 2 2
left_child=9 4 3 -3 5 15 7 -7 16 25 -10 13 -13 -8 -15 -2 17 -4 19 20 -18 -22 -23 -19 -21 28 27 -27 29 -1
right_child=1 2 8 -5 -6 6 11 -9 10 -11 -12 12 -14 14 -16 -17 18 23 -20 24 21 22 -24 -25 -26 26 -28 -29 -30 -31
leaf_value=-0.055099151092457534 0.079911690032873406 -0.20205895154874298 0.11048240343288569 -0.055719745178376461 0.15122322176027511 -0.11432998367328651 0.17726683209779567 0.055544649814174112 -0.010360488042543636 0.049861292679545956 -0.18004344834014036 -0.035035338978809706 0.10823695124665278 -0.015677657523524149 0.22367273795903772 -0.26294531758089618 -0.024705960492054403 -0.1099296262994372 0.08578816618775563 -0.24005604771823741 0.1096672258657236 0.17713524588407667 -0.13243878087877051 0.042868572685764411 -0.020137334751957781 -0.046317089149014383 0.00021757683458361045 0.048767243884785927 -0.012533724273846759 0.078226489570703717
leaf_weight=76 54 192 212 1150 192 108 165 84 187 477 88 102 144 81 84 138 462 68 462 84 378 56 133 60 210 192 115389 1508 6418 394
leaf_count=76 54 192 212 1150 192 108 165 84 187 477 88 102 144 81 84 138 462 68 462 84 378 56 133 60 210 192 115389 1508 6418 394
internal_value=4.2521e-06 -0.00111361 -0.0028728 -0.00875559 0.00460069 0.0025 0.00566406 -0.003125 0.000416667 4.82106e-05 -0.00754545 0.00859375 0.00264228 0.0130303 0.00590909 -0.0101563 0.00144706 0.00720588 0.00035014 -0.00171958 0.00026725 0.00445326 -0.00515873 -0.00664063 -0.00867347 2.4803e-05 0.000103127 0.00455882 -0.00130662 0.005
internal_weight=129348 4894 3742 1342 1152 960 768 192 2400 124454 275 576 246 330 165 192 2125 340 1785 1323 1029 567 189 128 294 123977 117089 1700 6888 470
internal_count=129348 4894 3742 1342 1152 960 768 192 2400 124454 275 576 246 330 165 192 2125 340 1785 1323 1029 567 189 128 294 123977 117089 1700 6888 470
is_linear=0
shrinkage=0.05


Tree=240
num_leaves=31
num_cat=0
split_feature=0 3 9 8 3 11 4 9 3 4 1 10 3 3 7 9 8 11 11 8 11 3 3 8 3 3 11 11 7 7
split_gain=2.53439 8.76269 9.2562 9.78342 8.94414 8.94048 9.44089 9.87934 10.5757 17.377 9.14308 8.54506 7.3342 11.9314 11.2129 12.5466 10.869 10.1368 8.56828 8.41899 11.2902 12.3289 8.27015 8.26723 7.78704 8.91341 7.77768 15.2111 8.89743 8.71185
threshold=9.5000000000000018 0.95998215779580554 26.852083333333336 33.350000000000001 0.94978112945126536 1.103694758981794 -0.99864786094873803 29.265625000000004 0.77244481603295057 -0.83375966452616657 2.5000000000000004 1.0000000180025095e-35 -0.8821812062722818 -0.159513159777915 26.112500000000004 27.252864583333338 32.150000000000013 0.83812870703902109 1.1027172427607128 34.95000000000001 1.0056949036199556 -0.26037633224328088 -0.9954993026558282 42.800000000000004 -0.82897401153126982 -0.76141707087277943 0.8817286741633612 0.83812870703902109 22.387500000000006 25.612500000000004
decision_type=2 2 2 2 2 2 2 2 2 2 2 2 2 2 2 2 2 2 2 2 2 2 2 2 2 2 2 2 2 2
left_child=1 4 3 -3 5 12 -7 10 9 11 -8 -9 14 17 15 22 -17 -14 23 20 -19 24 -1 26 -22 -26 27 28 -15 -30
right_child=-2 2 -4 -5 -6 6 7 8 -10 -11 -12 -13 13 18 -16 16 -18 19 -20 -21 21 -23 -24 -25 25 -27 -28 -29 29 -31
leaf_value=0.039740181823771085 0.00048751017493060546 0.0084740760750221973 0.0408257293337492 -0.035076629963129595 -0.077969910786612223 -0.10602344529355393 -0.17331321269582106 -0.068261263541136694 -0.09734169275668024 0.061803570477323433 -0.016135393684668032 0.028996065960878073 -0.035747959757995322 0.074614568343844209 -0.056661199801260415 -0.0049800297839794894 0.12534967850933471 0.020879341696112875 0.070688100295430448 0.063682834172245614 0.062016244540168942 0.027396124056649287 -0.026418389483455942 -0.061077035861652723 -0.089426035090186679 -0.014151522766828607 -0.0061361116297248943 0.068124309391072307 -0.13158599494809239 0.017297600097990085
leaf_weight=150 115868 520 340 100 120 80 130 140 60 190 270 130 176 51 406 152 169 1910 60 190 120 170 913 70 130 950 5474 180 69 60
leaf_count=150 115868 520 340 100 120 80 130 140 60 190 270 130 176 51 406 152 169 1910 60 190 120 170 913 70 130 950 5474 180 69 60
internal_value=3.47899e-06 -0.000645401 0.00395833 0.000322581 -0.000998403 -0.000866935 -0.0054 -0.00396739 0.000576923 0.00315217 -0.009875 -0.005 -0.000469298 7.80437e-05 -0.00340782 -0.00126445 0.00739875 0.00233132 -0.00129946 0.00292507 0.00233232 -0.00113139 -0.00388053 -0.00149051 -0.00291667 -0.00425926 -0.00128557 0.00583333 -0.00444444 -0.0114341
internal_weight=129348 13480 960 620 12520 12400 1000 920 520 460 400 270 11400 9610 1790 1384 321 3646 5964 3470 3280 1370 1063 5904 1200 1080 5834 360 180 129
internal_count=129348 13480 960 620 12520 12400 1000 920 520 460 400 270 11400 9610 1790 1384 321 3646 5964 3470 3280 1370 1063 5904 1200 1080 5834 360 180 129
is_linear=0
shrinkage=0.05


Tree=241
num_leaves=31
num_cat=0
split_feature=0 10 7 8 4 9 9 3 3 3 8 8 1 7 3 9 9 3 9 8 1 9 0 3 0 3 8 4 9 8
split_gain=2.50933 5.38522 4.72871 6.98392 4.69193 8.22908 3.97945 3.78711 3.7131 3.1667 3.05367 3.53755 3.02796 3.15787 3.01802 4.04626 3.46521 3.24336 4.05942 6.23393 3.7463 3.16856 2.71816 11.7221 10.5753 9.7833 8.7225 10.1819 9.245 7.59602
threshold=92.500000000000014 1.0000000180025095e-35 27.087500000000006 33.150000000000013 0.80290535434334509 26.111979166666668 29.444531250000001 0.82899317702918729 -0.099819732675876835 -0.40614700388750385 29.550000000000004 25.150000000000002 4.5000000000000009 12.837500000000004 -0.17647087149565668 26.801041666666674 27.746093750000004 0.01505151768384008 19.875000000000004 30.850000000000005 1.5000000000000002 25.037239583333335 74.500000000000014 0.022575936829235418 76.500000000000014 -0.94705910369513524 19.350000000000005 0.99349222267034787 12.339322916666669 38.650000000000013
decision_type=2 2 2 2 2 2 2 2 2 2 2 2 2 2 2 2 2 2 2 2 2 2 2 2 2 2 2 2 2 2
left_child=22 4 3 14 5 7 -5 10 -7 -6 11 -2 13 -11 15 -3 -17 -16 20 -20 -19 -21 -1 24 25 -24 28 29 -26 -28
right_child=1 2 -4 6 9 8 -8 -9 -10 12 -12 -13 -14 -15 17 16 -18 18 19 21 -22 -23 23 -25 26 -27 27 -29 -30 -31
leaf_value=0.00044004695685515575 -0.0406146504376423 0.014807428395951661 -0.041019507252141811 0.065825481086889681 -0.0015879461296691489 0.071873764411958516 -0.054470517556363521 0.016301363268267723 0.011187117189582808 0.024020863147441673 -0.048297413472234041 0.0015404438765870055 0.04440406404069961 0.05561131521139942 -0.049651696790413528 -0.049316312630015346 0.0037955312305697933 0.025009987539739598 -0.057963409822635016 0.026049356136489621 -0.0052360367667759538 -0.027558802286011999 -0.10212078074898301 -0.010672855460835252 0.012464761684564963 -0.012411912504987299 0.0036445834032306835 -0.036626300653693988 0.069925517513706834 0.083890484619372083
leaf_weight=101055 78 459 619 215 69 399 63 114 462 192 87 144 102 54 84 130 134 108 123 57 270 79 260 12093 640 1090 9752 144 160 112
leaf_count=101055 78 459 619 215 69 399 63 114 462 192 87 144 102 54 84 130 134 108 123 57 270 79 260 12093 640 1090 9752 144 160 112
internal_value=-1.54622e-06 0.00122464 -0.000331055 0.00101626 0.00336567 0.00186916 0.00827338 -0.00384161 0.0046748 0.00797362 -0.00671521 -0.0036036 0.00991379 0.00691057 -0.000380886 0.0019018 -0.0030303 -0.0026699 -0.00145212 -0.00627413 0.00185185 0.00110294 -4.10994e-05 -0.000516474 0.000579865 -0.00359259 0.00110104 0.00069944 0.006125 0.000892133
internal_weight=129348 4042 2341 1722 1701 1284 278 423 861 417 309 222 348 246 1444 723 264 721 637 259 378 136 125306 24251 12158 1350 10808 10008 800 9864
internal_count=129348 4042 2341 1722 1701 1284 278 423 861 417 309 222 348 246 1444 723 264 721 637 259 378 136 125306 24251 12158 1350 10808 10008 800 9864
is_linear=0
shrinkage=0.05


Tree=242
num_leaves=31
num_cat=0
split_feature=1 3 9 11 11 11 11 8 0 7 3 8 9 3 3 3 3 11 10 11 0 4 3 7 3 0 7 8 3 9
split_gain=2.58279 8.78552 25.7645 9.68368 8.94912 13.5657 18.7868 15.3492 14.9134 8.99024 10.7667 15.1085 20.3451 13.3251 18.3151 12.9201 11.1351 10.8507 14.1462 17.4174 9.889 15.3593 8.34201 8.33989 8.27757 8.21621 7.30613 9.5647 7.75088 16.5848
threshold=5.5000000000000009 -0.98370366633421236 25.992708333333336 0.94932709307190133 1.1054431876437014 1.0702111354222905 1.0693501317157568 21.750000000000004 26.500000000000004 37.312500000000007 -0.54220184589352438 28.850000000000005 20.793750000000006 -0.49813634056773481 -0.40614700388750385 -0.59869031648930193 -0.39826117949089107 0.99517992508811626 1.0000000180025095e-35 1.0619294486449482 39.500000000000007 0.25829915227078726 -0.51297808981038739 17.212500000000006 0.26037272046371446 20.500000000000004 31.012500000000006 36.850000000000001 0.048362692321690152 29.860156250000006
decision_type=2 2 2 2 2 2 2 2 2 2 2 2 2 2 2 2 2 2 2 2 2 2 2 2 2 2 2 2 2 2
left_child=-1 2 -2 -4 5 6 9 -7 -9 10 11 12 15 22 -15 -3 23 20 -19 -20 -13 -22 -12 -16 -11 26 27 28 -18 -30
right_child=1 4 3 -5 -6 7 -8 8 -10 24 13 17 -14 14 16 -17 25 18 19 -21 21 -23 -24 -25 -26 -27 -28 -29 29 -31
leaf_value=-0.00054328933821352627 0.031063334113023446 -0.0039858132642059734 -0.17967516882340889 -0.041125753147018433 -0.031410460207621331 -0.043844545291861436 -0.157213821565513 -0.0028509626663378641 0.075462156631099481 -0.091832936624297201 -0.0010845016840285383 0.031249634666822602 -0.0707833986117926 0.046236688580525966 -0.071130147638571381 0.075256151319864281 -0.020715243946405337 0.0075869811414712275 0.10217333965519942 -0.01052405710775446 -0.038015420781420062 0.033317244462208608 -0.073975158630383939 -0.015473759701438895 0.14409272706251813 0.0056830591179988232 0.086755923342141023 -0.065367870203773756 -0.0053459345294690763 0.14513762357992022
leaf_weight=110082 288 288 96 480 1246 96 96 270 686 55 192 960 384 576 90 96 449 672 672 192 784 560 288 102 271 7603 88 321 1302 63
leaf_count=110082 288 288 96 480 1246 96 96 270 686 55 192 960 384 576 90 96 449 672 672 192 784 560 288 102 271 7603 88 321 1302 63
internal_value=-4.63865e-06 0.00052943 -0.00439815 -0.0105035 0.000760787 0.00105794 0.000698584 0.00655894 0.0084728 0.000830835 0.000659992 0.00269097 -0.00371094 -0.000185118 0.000184066 0.00442708 -0.000314434 0.00397135 0.00722656 0.0114583 0.00180122 -0.000967262 -0.00833333 -0.0122396 0.00904908 -8.14166e-05 -0.00275529 -0.00333724 -0.00192944 -5.49451e-05
internal_weight=129348 19266 864 576 18402 17156 16104 1052 956 16008 15682 4608 768 11074 10594 384 10018 3840 1536 864 2304 1344 480 192 326 9826 2223 2135 1814 1365
internal_count=129348 19266 864 576 18402 17156 16104 1052 956 16008 15682 4608 768 11074 10594 384 10018 3840 1536 864 2304 1344 480 192 326 9826 2223 2135 1814 1365
is_linear=0
shrinkage=0.05


Tree=243
num_leaves=31
num_cat=0
split_feature=0 4 0 0 8 4 1 0 0 9 9 8 8 7 1 9 11 11 8 11 11 7 4 9 11 11 3 9 11 4
split_gain=2.54094 3.87457 2.60662 12.4172 46.0859 18.3149 12.6172 14.5026 17.1734 12.4638 17.9307 13.4781 33.5905 15.2177 19.8717 21.9315 16.9428 19.2453 14.5345 21.1653 24.951 14.5808 12.3857 12.2839 11.8523 18.3507 20.1636 11.8609 11.8678 15.7995
threshold=1.0000000180025095e-35 -0.79382744783423187 31.500000000000004 25.500000000000004 28.250000000000004 0.67644692717078936 5.5000000000000009 16.500000000000004 9.5000000000000018 17.649479166666669 16.435937500000005 33.650000000000013 33.550000000000004 26.412500000000005 5.5000000000000009 29.157031250000006 0.92423624745419519 0.83812870703902109 29.150000000000002 0.97366293224832023 0.9655108416535565 25.112500000000004 0.20812153622207724 22.358333333333338 0.91425880925186409 0.92213553241242552 -0.98046803196378884 23.512760416666673 0.9376564614392775 -0.65883892954715351
decision_type=2 2 2 2 2 2 2 2 2 2 2 2 2 2 2 2 2 2 2 2 2 2 2 2 2 2 2 2 2 2
left_child=1 -1 3 5 -5 9 7 8 -7 10 -2 12 13 18 16 -16 17 -15 21 20 23 -11 -13 -20 -25 -26 -27 -28 -29 -30
right_child=2 -3 -4 4 -6 6 -8 -9 -10 11 -12 22 -14 14 15 -17 -18 -19 19 -21 -22 -23 -24 24 25 26 27 28 29 -31
leaf_value=-0.059687914670593048 -0.058098130988122422 -0.0022030708219546113 -0.00099739584296116841 -0.020307659481598961 0.032733543604662428 0.0037185643088207599 -0.0097174185530491293 -0.001035940858900375 0.018125221936979585 -0.010871452226063383 0.059828964008467267 0.0017669492921079666 -0.11171661071192177 -0.14239209080344892 -0.029625531952403607 0.12453757662235035 -0.064012617525458643 0.047432040382094698 0.089466491469707421 -0.0075020397495251245 0.12519758109548038 -0.16453164860023223 0.1426132846875092 0.020924680573186551 -0.072675342489257846 -0.10275677498746419 -0.023843809171153654 0.089575238440273361 -0.046413443681682057 0.024642492230231738
leaf_weight=338 50 1009 86208 2814 5280 2808 1300 2808 2184 3404 250 9862 200 107 203 208 2226 504 75 4245 247 128 100 1357 107 150 150 282 226 518
leaf_count=338 50 1009 86208 2814 5280 2808 1300 2808 2184 3404 250 9862 200 107 203 208 2226 504 75 4245 247 128 100 1357 107 150 150 282 226 518
internal_value=-1.12101e-05 -0.00217149 1.15233e-05 0.000335583 0.00209414 -8.67978e-05 0.00182967 0.00258974 0.00420673 -0.000795764 0.00933333 -0.00092082 -0.00190242 -0.00161456 -0.00461823 0.00565693 -0.0061068 0.00126841 -0.000718615 0.000547098 0.00367931 -0.00335504 0.000491869 0.00236475 0.00182796 -0.00134334 0.000263952 0.00246599 0.00438596 0.00107527
internal_weight=129348 1347 128001 41793 8094 33699 9100 7800 4992 24599 300 24299 14337 14137 3248 411 2837 611 10889 7357 3112 3532 9962 2865 2790 1433 1326 1176 1026 744
internal_count=129348 1347 128001 41793 8094 33699 9100 7800 4992 24599 300 24299 14337 14137 3248 411 2837 611 10889 7357 3112 3532 9962 2865 2790 1433 1326 1176 1026 744
is_linear=0
shrinkage=0.05


Tree=244
num_leaves=31
num_cat=0
split_feature=9 3 3 8 3 11 0 11 3 0 9 0 0 9 0 0 0 0 3 3 9 0 0 9 1 0 7 4 4 9
split_gain=2.5309 18.2803 26.959 10.4072 10.0835 13.0667 7.14342 8.41855 6.67361 10.0695 6.63813 5.50907 6.40846 5.30949 13.6569 8.23225 8.2963 7.92508 16.0952 6.2928 5.97333 5.3026 5.1405 5.13679 5.09394 7.06847 5.02764 4.53446 12.5627 9.26327
threshold=34.057291666666679 0.17646842360078763 0.3261394409934788 39.550000000000004 0.091259403071267925 1.0492608630788383 82.500000000000014 1.084488025415445 -0.01397611846945947 53.500000000000007 33.875000000000007 54.500000000000007 71.500000000000014 34.603385416666676 52.500000000000007 62.500000000000007 48.500000000000007 23.500000000000004 0.54219432480460406 0.46039464932087154 34.749479166666674 69.500000000000014 26.500000000000004 34.265104166666674 3.5000000000000004 26.500000000000004 30.812500000000004 -0.98521978256641018 -0.97874870457683594 28.856770833333339
decision_type=2 2 2 2 2 2 2 2 2 2 2 2 2 2 2 2 2 2 2 2 2 2 2 2 2 2 2 2 2 2
left_child=10 4 3 -3 5 22 13 -8 9 -7 27 24 -13 14 23 16 17 -15 20 -18 -19 -16 -2 -4 -10 -26 -12 -1 29 -29
right_child=1 2 6 -5 -6 8 7 -9 11 -11 26 12 -14 15 21 -17 19 18 -20 -21 -22 -23 -24 -25 25 -27 -28 28 -30 -31
leaf_value=-0.0092233943775440249 0.075652885965538985 -0.19027649501201582 0.051798112981229855 -0.053049780880795087 0.14419616903800403 -0.10598916282881775 -0.003990793392874537 -0.17300941405727244 0.16829592963862156 0.052773117526149355 -0.014734715043633174 -0.033252915627399203 0.10345488163377824 -0.022602461307692324 -0.10440248858199511 0.097997273134342325 -0.15975076208201316 -0.041435417453269709 -0.089775630710408907 -0.016062114377425021 0.15934689969853011 0.043630675597521679 -0.2492117501784975 0.24794276453807457 -0.014670154411399496 0.2106196213143221 0.087730855853867251 -0.027195621402754 0.00012401661224288319 0.05272444637280032
leaf_weight=6888 54 192 106 1150 192 108 221 104 165 84 136 102 144 504 68 420 126 50 175 168 300 52 138 106 81 84 341 288 115389 1412
leaf_count=6888 54 192 106 1150 192 108 221 104 165 84 136 102 144 504 68 420 126 50 175 168 300 52 138 106 81 84 341 288 115389 1412
internal_value=-8.50419e-06 -0.00112383 -0.00281935 -0.00849478 0.00438368 0.00229167 0.000354167 -0.00653846 0.00520833 -0.00286458 3.53544e-05 0.00789931 0.00223577 0.00143373 0.00722892 0.000329891 -0.0016062 0.000510204 0.00480952 -0.00901361 0.011 -0.00625 -0.009375 0.0148585 0.0121212 0.00590909 0.00592243 1.2704e-05 8.60457e-05 0.00435294
internal_weight=129348 4894 3742 1342 1152 960 2400 325 768 192 124454 576 246 2075 332 1743 1323 1029 525 294 350 120 192 212 330 165 477 123977 117089 1700
internal_count=129348 4894 3742 1342 1152 960 2400 325 768 192 124454 576 246 2075 332 1743 1323 1029 525 294 350 120 192 212 330 165 477 123977 117089 1700
is_linear=0
shrinkage=0.05


Tree=245
num_leaves=31
num_cat=0
split_feature=4 8 10 0 7 4 11 4 0 0 3 1 0 7 3 3 1 5 9 3 8 3 7 9 8 8 9 8 0 0
split_gain=2.48312 9.56551 9.25174 11.8182 13.421 11.0723 18.6577 9.09091 7.73182 7.25511 6.76407 10.2424 7.05546 6.57673 13.7487 6.20993 6.6 6.15539 6.0747 8.16667 7.67766 9.78009 7.84051 14.7009 7.19157 6.49896 5.54533 12.2349 8.73123 18.9685
threshold=0.99349222267034787 15.350000000000003 1.0000000180025095e-35 29.500000000000004 12.662500000000003 0.99855310097228334 1.065666172741313 0.99995376255531909 84.500000000000014 47.500000000000007 -0.05695216311707673 2.5000000000000004 52.500000000000007 15.612500000000002 1.0000000180025095e-35 -0.0053757284505435614 1.5000000000000002 1.0000000180025095e-35 10.334114583333335 0.20180702842483325 16.900000000000002 -0.2270106897347694 6.7375000000000016 12.070312500000002 20.050000000000004 18.450000000000003 11.341666666666669 18.950000000000003 54.500000000000007 71.500000000000014
decision_type=2 2 2 2 2 2 2 2 2 2 2 2 2 2 2 2 2 2 2 2 2 2 2 2 2 2 2 2 2 2
left_child=1 -1 3 4 15 8 9 -8 10 -7 11 -5 -13 14 -11 17 -17 -2 19 -3 21 -20 23 25 -25 -22 27 28 -24 -30
right_child=2 18 -4 5 -6 6 7 -9 -10 13 -12 12 -14 -15 -16 16 -18 -19 20 -21 22 -23 26 24 -26 -27 -28 -29 29 -31
leaf_value=0.022875850094428787 0.044366504599723557 -0.058630163684607342 -0.0096780600111223691 -0.1274496999314664 0.1356917254614487 -0.010024633043027364 -0.15336847698319078 0.041653266096043501 0.012779543620668223 0.085294853885120148 -0.093987128302779874 -0.023755100224515505 0.040536896907313748 0.11154739502485995 -0.034059810306042236 -0.057531586279816339 0.0042859936233583086 -0.028882745118603739 0.11364659812196579 0.0047280898203744927 0.019236560336889141 0.013474141830077002 -0.054008197022291426 -0.038497486019035423 0.036372396674997275 0.085222094317248323 0.00011235042818142916 0.11215255877405853 0.07231248774435102 -0.044548544217200003
leaf_weight=192 288 192 2592 55 130 180 132 66 154 140 440 115 160 204 136 60 272 60 96 192 210 768 551 112 53 147 121044 74 221 312
leaf_count=192 288 192 2592 55 130 180 132 66 154 140 440 115 160 204 136 60 272 60 96 192 210 768 551 112 53 147 121044 74 221 312
internal_value=1.54622e-06 4.63097e-05 -0.0010706 0.00104167 0.00604938 -0.00123457 0.00285548 -0.0106061 -0.00503247 0.00689394 -0.00707792 -0.00166667 0.00227273 0.0101042 0.00507246 0.00323529 -0.00165663 0.0079023 2.90388e-05 -0.00625 4.85484e-05 0.00474537 1.54819e-05 0.00613027 -0.00621212 0.0118347 -1.06381e-05 -0.00345423 -0.00479705 -0.000234522
internal_weight=129348 124164 5184 2592 810 1782 858 198 924 660 770 330 275 480 276 680 332 348 123972 384 123588 864 122724 522 165 357 122202 1158 1084 533
internal_count=129348 124164 5184 2592 810 1782 858 198 924 660 770 330 275 480 276 680 332 348 123972 384 123588 864 122724 522 165 357 122202 1158 1084 533
is_linear=0
shrinkage=0.05


Tree=246
num_leaves=31
num_cat=0
split_feature=3 3 7 3 11 8 0 8 1 3 11 4 0 0 8 7 0 4 7 7 7 3 7 0 0 8 7 11 0 0
split_gain=2.37156 6 4.74824 4.66695 14.4198 12.775 10.755 8.82901 5.18678 12.7851 8.93787 10.0725 7.60335 6.88186 6.07701 8.94548 5.81731 8.98504 10.2471 5.21799 5.19348 4.97028 4.72475 4.68909 17.0508 12.0125 8.01189 7.5128 6.06652 4.32134
threshold=0.99939377080793557 0.99995780822346225 30.812500000000004 0.98522604642031408 0.95583780249162331 35.050000000000004 88.500000000000014 37.150000000000013 2.5000000000000004 0.98802474685579866 0.95693658795603842 0.089118976521498999 6.5000000000000009 83.500000000000014 33.050000000000004 28.687500000000004 17.500000000000004 -0.048362832084465616 29.312500000000004 19.012500000000006 26.337500000000006 0.98372640911059162 18.412500000000005 31.500000000000004 47.500000000000007 35.850000000000001 22.812500000000004 1.0912314765539939 69.500000000000014 84.500000000000014
decision_type=2 2 2 2 2 2 2 2 2 2 2 2 2 2 2 2 2 2 2 2 2 2 2 2 2 2 2 2 2 2
left_child=3 -2 -3 21 -5 8 7 23 12 20 -11 14 -6 19 15 22 -16 18 -18 -14 -10 -1 -12 25 -25 -7 -27 28 -26 -24
right_child=1 2 -4 4 5 6 -8 -9 9 10 11 -13 13 -15 16 -17 17 -19 -20 -21 -22 -23 29 24 27 26 -28 -29 -30 -31
leaf_value=-0.00014155930334638355 -0.013729521407889678 0.004345721314903273 0.076493285796856728 -0.019723726632181384 0.060131765499437509 -0.074449750689769445 0.090348018270221084 0.075969507007307868 0.01737973322827031 0.046664109537051246 0.042842029210881094 -0.046865807137413645 -0.015744428248896724 0.060310409817618905 0.018509050945816341 0.11334660812384244 -0.16850854449865693 0.018628125504602622 0.00068098172822885774 0.027367566240017994 0.085971842210433636 -0.024057551780423125 -0.0062453164504120201 -0.13040416967767712 0.02505429244090962 -0.003315932833176305 0.059802429356251713 -0.052689885022017081 -0.030745881907063222 0.026497491935069208
leaf_weight=123300 864 238 50 576 84 64 77 89 183 192 53 192 71 144 90 132 135 156 99 853 105 288 410 160 176 163 93 82 152 77
leaf_count=123300 864 238 50 576 84 64 77 89 183 192 53 192 71 144 90 132 135 156 99 853 105 288 410 160 176 163 93 82 152 77
internal_value=1.54622e-06 -0.00225694 0.00399306 2.18416e-05 0.0015842 0.00264137 -0.00208333 -0.00349847 0.00431788 0.00265899 0.000846354 -0.000595238 0.00694444 0.00580524 0.00117188 0.00424107 -0.003125 -0.00576923 -0.0119658 0.00422078 0.0123264 -3.64113e-05 0.00138889 -0.005 -0.0077193 -0.00015625 0.0046875 -0.00231707 0.00106707 -0.000154004
internal_weight=129348 1152 288 128196 4608 4032 1056 979 2976 1824 1536 1344 1152 1068 1152 672 480 390 234 924 288 123588 540 890 570 320 256 410 328 487
internal_count=129348 1152 288 128196 4608 4032 1056 979 2976 1824 1536 1344 1152 1068 1152 672 480 390 234 924 288 123588 540 890 570 320 256 410 328 487
is_linear=0
shrinkage=0.05


Tree=247
num_leaves=31
num_cat=0
split_feature=3 3 3 1 3 8 1 0 5 0 0 0 0 0 9 7 11 7 0 3 3 9 11 4 7 11 4 9 11 3
split_gain=2.37725 5.04167 4.97168 11.2976 10.4517 9.66678 7.35294 6.88802 6.32812 6.86992 5.30594 5.27413 6.8644 5.15789 5.04167 10.8556 10.1107 4.50489 4.44482 4.26693 3.65048 25.596 26.2025 19.7871 15.2784 16.218 15.7449 16.9282 16.4258 15.7327
threshold=0.99939377080793557 0.99995780822346225 0.99053107487289871 2.5000000000000004 0.99552231814189451 35.050000000000004 3.5000000000000004 79.500000000000014 1.0000000180025095e-35 22.500000000000004 79.500000000000014 20.500000000000004 29.500000000000004 75.500000000000014 23.317968750000002 22.387500000000006 1.0400758936931782 34.312500000000007 83.500000000000014 0.99374995976406788 0.76696112484652035 18.314583333333335 1.0635821354874333 -0.60555643346685839 37.312500000000007 1.0404407670594329 0.5969655492110445 18.633333333333336 1.0022599257946228 0.94425825643485939
decision_type=2 2 2 2 2 2 2 2 2 2 2 2 2 2 2 2 2 2 2 2 2 2 2 2 2 2 2 2 2 2
left_child=2 -2 20 5 7 11 -6 -5 9 -7 17 19 -13 -8 -15 -16 -17 -11 -14 -4 -1 -22 23 -23 25 26 27 -25 -28 -29
right_child=1 -3 3 4 6 8 13 -9 -10 10 -12 12 18 14 15 16 -18 -19 -20 -21 21 22 -24 24 -26 -27 28 29 -30 -31
leaf_value=0.00051268906443553426 -0.013043045337494875 0.012401289066500711 0.014710980866303203 -0.048118054245554022 0.044330904060198156 0.045998318961861177 0.0045235014591398226 0.015639255023599221 -0.082214426167482202 -0.042668133191327944 0.10339871300250536 -0.02334046178939957 0.038996155856029446 -0.055239033833905188 0.032039928167331769 0.037361526134408511 -0.22318358472856517 0.0067718964852772961 0.064458419431856845 0.063640246893947969 0.022335108401295403 -0.15868128124669739 0.0091887531513705767 0.039710355278633362 0.093198997831260053 -0.044899261732191324 -0.088265073413332118 -0.0015442466141593059 -0.017246842767560368 -0.024643137857172804
leaf_weight=105186 864 288 105 320 192 115 1140 64 96 170 80 81 486 100 62 61 77 115 108 84 2208 192 5164 288 277 1392 288 6428 480 2837
leaf_count=105186 864 288 105 320 192 115 1140 64 96 170 80 81 486 100 62 61 77 115 108 84 2208 192 5164 288 277 1392 288 6428 480 2837
internal_value=4.2521e-06 -0.00225694 2.45717e-05 0.00189525 -0.000520833 0.00527778 0.00122549 -0.00794271 0.000260417 0.00260417 -0.000753425 0.00862269 0.00655556 0 -0.00583333 -0.00125 -0.00905797 -0.00394737 0.00841751 0.0160053 -2.72567e-05 -0.000654598 -0.00130001 -0.00256526 -0.00231026 -0.00258473 -0.00190146 -0.00134774 -0.00878906 -0.00171883
internal_weight=129348 1152 128196 3456 2016 1440 1632 384 576 480 365 864 675 1440 300 200 138 285 594 189 124740 19554 17346 12182 11990 11713 10321 9553 768 9265
internal_count=129348 1152 128196 3456 2016 1440 1632 384 576 480 365 864 675 1440 300 200 138 285 594 189 124740 19554 17346 12182 11990 11713 10321 9553 768 9265
is_linear=0
shrinkage=0.05


Tree=248
num_leaves=31
num_cat=0
split_feature=8 8 9 8 4 0 0 0 0 3 8 10 8 11 0 7 8 10 7 0 0 11 8 8 4 3 7 1 3 3
split_gain=2.31909 12.3764 5.05303 8.87432 18.7348 8.34961 12.341 13.5606 9.14286 7.17208 6.41456 6.7496 6.34921 5.28125 11.8391 5.25875 7.94381 4.81667 4.75883 4.62917 10.3563 4.19101 4.18262 18.748 14.1782 11.7627 10.8639 14.1881 10.1768 16.4448
threshold=14.100000000000001 15.350000000000003 10.710937500000002 17.450000000000003 0.97832380634958016 20.500000000000004 34.500000000000007 53.500000000000007 71.500000000000014 1.0000000180025095e-35 16.300000000000001 1.0000000180025095e-35 16.900000000000002 0.96595727420028521 48.500000000000007 6.1125000000000016 18.950000000000003 1.0000000180025095e-35 8.8875000000000011 45.500000000000007 17.500000000000004 1.0863116984423709 20.200000000000006 19.950000000000003 0.99855310097228334 0.56369777965491019 8.5625000000000018 2.5000000000000004 0.082691702092476851 0.21862473630160603
decision_type=2 2 2 2 2 2 2 2 2 2 2 2 2 2 2 2 2 2 2 2 2 2 2 2 2 2 2 2 2 2
left_child=-1 19 5 4 13 21 12 10 9 -9 -8 -12 -7 14 -4 16 -5 -6 -10 20 -2 -3 23 28 26 -25 27 -24 -17 -30
right_child=1 2 3 15 17 6 7 8 18 -11 11 -13 -14 -15 -16 22 -18 -19 -20 -21 -22 -23 24 25 -26 -27 -28 -29 29 -31
leaf_value=-0.0099022328926331241 0.021680316856505046 -0.01213500706472246 0.041744087432300604 0.039903338171466629 -0.062970993922846219 0.0079213813489687375 -0.0465203858373954 0.012107740140803715 0.005632640218254892 0.12288442606646797 -0.0075869072146559809 -0.21246661337465156 0.12967394398633658 0.054865811096437511 -0.014719731112723622 -0.011408235075403185 -0.0076348335342032673 0.0043676688769167527 -0.039137030262819651 0.054120162149059327 -0.019709698960902956 -0.035491624696203421 -0.0062573431644878498 -0.059107641626903275 0.14929359971229914 -0.001302125155734757 7.2989606624673795e-05 0.066585751173482782 0.062665458785092915 -0.00013825563961233911
leaf_weight=768 72 315 98 136 192 126 133 198 212 126 57 152 126 384 94 3543 126 768 220 200 112 63 206 655 96 384 112273 235 768 6510
leaf_count=768 72 315 98 136 192 126 133 198 212 126 57 152 126 384 94 3543 126 768 220 200 112 63 206 655 96 384 112273 235 768 6510
internal_value=5.0252e-06 2.13875e-05 -5.46039e-06 3.12332e-05 0.00380859 -0.00269097 -0.000851852 -0.00314208 0.000595238 0.00694444 -0.0114035 -0.016866 0.00912698 0.0109375 0.00416667 -1.52083e-05 0.00706107 -0.00046875 -0.00416667 0.00898438 0.00326087 -0.00925926 -3.00794e-05 -0.000923272 6.38241e-05 -0.00733879 4.74653e-05 0.00787982 -0.000307273 0.000762572
internal_weight=129348 128580 128196 126468 1536 1728 1350 1098 756 324 342 209 252 576 192 124932 262 960 432 384 184 378 124670 11860 112810 1039 112714 441 10821 7278
internal_count=129348 128580 128196 126468 1536 1728 1350 1098 756 324 342 209 252 576 192 124932 262 960 432 384 184 378 124670 11860 112810 1039 112714 441 10821 7278
is_linear=0
shrinkage=0.05


Tree=249
num_leaves=31
num_cat=0
split_feature=0 11 3 4 3 8 7 9 10 4 3 3 9 9 0 8 9 5 7 0 8 11 3 3 3 4 1 5 9 7
split_gain=2.30301 2.33282 10.5466 12.7428 11.8007 10.7602 8.90163 12.2778 7.33056 21.8089 19.244 14.3719 14.1713 20.6939 13.2855 13.1674 10.9401 10.5475 13.9376 9.61182 12.3915 13.7918 9.63052 10.0216 9.15433 8.7539 8.00526 7.63878 7.39671 13.9872
threshold=94.500000000000014 0.89108496733767706 -0.99372698525316483 -0.95502570686053045 -0.16799356919963607 36.550000000000004 38.162500000000016 29.525520833333335 1.0000000180025095e-35 -0.8739740505118182 0.78857998149907527 0.91248814248966237 17.649479166666669 20.077083333333338 50.500000000000007 32.550000000000004 28.312500000000004 1.0000000180025095e-35 28.037500000000005 46.500000000000007 27.250000000000004 0.88022940816291972 0.57782244426053786 0.47559651477048942 -0.42957681104363482 0.7254836971458194 4.5000000000000009 1.0000000180025095e-35 25.782291666666669 26.987500000000004
decision_type=2 2 2 2 2 2 2 2 2 2 2 2 2 2 2 2 2 2 2 2 2 2 2 2 2 2 2 2 2 2
left_child=1 2 -1 4 -4 -6 7 8 9 26 15 -12 -11 -14 -13 16 19 -15 -19 20 -10 -22 23 24 25 28 -5 -17 -21 -30
right_child=-2 -3 3 6 5 -7 -8 -9 10 12 11 14 13 17 -16 27 -18 18 -20 22 21 -23 -24 -25 -26 -27 -28 -29 29 -31
leaf_value=0.022186766522965942 0.011894884577891673 0.00027027187199877293 0.093283275702056301 0.0019996176743504179 0.020615682395918357 -0.076001574586596385 -0.18546431488707782 0.031269024339728446 0.031419475258255149 0.0083970027697063184 0.049187789297427287 0.033217791664223742 -0.15978317251766327 -0.045605488329839267 -0.061657899496618998 0.043175322966251178 -0.0872793530892821 0.10847635228287658 -0.10160358437970558 -0.039996833204558158 -0.022329234898320751 0.052956907807234194 -0.13350317563958428 0.091847243234781217 -0.059185056551336858 0.040871808341690047 0.12478263401357736 -0.09200395758208374 0.050969357085544689 -0.029193554617314987
leaf_weight=950 1347 117098 277 95 1036 190 65 881 470 475 380 102 285 1330 88 664 475 137 53 336 987 141 144 96 480 96 95 95 131 349
leaf_count=950 1347 117098 277 95 1036 190 65 881 470 475 380 102 285 1330 88 664 475 137 53 336 987 141 144 96 480 96 95 95 131 349
internal_value=3.47899e-06 -1.81639e-05 -0.000717692 -0.00119813 0.00304391 0.00093801 -0.00195266 -0.00180978 -0.00246535 -0.00469636 -0.00137068 0.0072807 -0.00605263 -0.00807479 -0.00394737 -0.00247536 -0.00370445 -0.00575658 0.00526316 -0.00266254 9.38673e-05 -0.00274823 -0.00536152 -0.00416667 -0.00524425 -0.00230263 0.0115789 0.00352437 -0.00398284 0
internal_weight=129348 128001 10903 9953 1503 1226 8450 8385 7504 2470 5034 570 2280 1805 190 4464 3705 1520 190 3230 1598 1128 1632 1488 1392 912 190 759 816 480
internal_count=129348 128001 10903 9953 1503 1226 8450 8385 7504 2470 5034 570 2280 1805 190 4464 3705 1520 190 3230 1598 1128 1632 1488 1392 912 190 759 816 480
is_linear=0
shrinkage=0.05


Tree=250
num_leaves=31
num_cat=0
split_feature=4 9 7 11 1 8 10 11 1 1 3 3 11 0 0 0 9 3 8 3 7 11 9 7 0 0 0 10 0 0
split_gain=2.29049 9.55084 23.8067 18.1203 9.64299 8.26577 6.62298 8.59524 13.0046 10.0833 6.66799 6.64591 9.56806 6.28912 5.84028 8.63698 5.83531 7.8776 7.47396 9.1875 6.64791 14.7612 6.57171 5.53444 6.35554 5.92599 5.37628 5.23422 5.18454 6.08641
threshold=0.99349222267034787 16.131770833333338 16.012500000000006 0.96159218389975776 1.5000000000000002 15.350000000000003 1.0000000180025095e-35 1.0353027724959731 2.5000000000000004 3.5000000000000004 0.048362692321690152 0.01505151768384008 1.0118133182750044 11.500000000000002 63.500000000000007 25.500000000000004 10.334114583333335 0.20180702842483325 16.900000000000002 -0.2270106897347694 6.7375000000000016 1.0037329538813851 12.339322916666669 11.212500000000004 78.500000000000014 22.500000000000004 34.500000000000007 1.0000000180025095e-35 52.500000000000007 71.500000000000014
decision_type=2 2 2 2 2 2 2 2 2 2 2 2 2 2 2 2 2 2 2 2 2 2 2 2 2 2 2 2 2 2
left_child=5 3 27 -2 -4 -1 7 8 -5 23 13 12 -8 -10 15 -11 17 -7 19 -18 21 -20 -23 24 25 -9 -15 -3 -28 -30
right_child=1 2 4 6 -6 16 11 9 10 14 -12 -13 -14 26 -16 -17 18 -19 20 -21 -22 22 -24 -25 -26 -27 28 -29 29 -31
leaf_value=0.019630687077258815 -0.055730663882617652 0.13597424123517926 -0.087408435707436644 0.06094536420896475 0.030885498828586579 -0.055642221528002273 -0.041080592394378362 0.01147801898528158 -0.018707853898428085 0.045612979549888168 -0.076466719197929231 0.0030857046110611464 -0.0034216032453628035 0.091549994566577197 0.11362358395602286 -0.11000356342443994 0.1048982922617455 0.0043562201956277137 -0.051756024211604773 0.012183793131200816 -1.587820921713501e-05 0.047316302861686671 -0.016721891263422606 -0.087938733355530735 0.035665852363141681 -0.1400220138193376 -0.017493434620356397 0.020355112317452042 0.079013330443426358 -0.0010538168993349474
leaf_weight=192 384 150 226 288 180 192 480 138 84 78 192 672 960 161 96 114 96 192 70 768 122202 398 54 222 64 152 126 116 133 168
leaf_count=192 384 150 226 288 180 192 480 138 84 78 192 672 960 161 96 114 96 192 70 768 122202 398 54 222 64 152 126 116 133 168
internal_value=7.34453e-06 -0.00102238 0.00453869 -0.00185062 -0.00307882 5.03367e-05 -0.000884205 0.00116567 0.00399306 -0.00260417 0.000925926 -0.00284091 -0.00475694 0.00327381 0.00503472 0 3.42819e-05 -0.00611979 5.34032e-05 0.0046875 2.07783e-05 0.00565134 0.00896018 -0.00642361 -0.00254237 -0.00568966 0.00510204 0.0161654 0.00216628 0.0057309
internal_weight=129348 5184 672 4512 406 124164 4128 2016 1152 864 864 2112 1440 672 288 192 123972 384 123588 864 122724 522 452 576 354 290 588 266 427 301
internal_count=129348 5184 672 4512 406 124164 4128 2016 1152 864 864 2112 1440 672 288 192 123972 384 123588 864 122724 522 452 576 354 290 588 266 427 301
is_linear=0
shrinkage=0.05


Tree=251
num_leaves=31
num_cat=0
split_feature=4 9 7 11 1 8 10 11 4 1 7 0 3 11 11 0 0 7 0 1 10 9 8 3 3 7 11 7 3 9
split_gain=2.45465 9.42818 23.3439 16.239 8.44201 7.45727 5.46368 7.89389 13.5634 8.19502 6.99516 6.2702 6.10974 8.80696 5.68889 5.58313 8.20628 5.19978 6.23028 5.2007 4.99041 4.88939 6.92947 8.75521 6.77344 6.56386 12.6462 4.73357 4.71693 4.49685
threshold=0.99349222267034787 16.131770833333338 16.012500000000006 0.96159218389975776 1.5000000000000002 15.350000000000003 1.0000000180025095e-35 1.0353027724959731 0.9989598388634241 3.5000000000000004 9.4625000000000039 50.500000000000007 0.01505151768384008 1.0114098712100164 1.0114098712100164 64.500000000000014 24.500000000000004 11.212500000000004 78.500000000000014 2.5000000000000004 1.0000000180025095e-35 10.334114583333335 16.900000000000002 -0.2270106897347694 0.20180702842483325 6.1125000000000016 1.0348769204500241 10.987500000000002 -0.074117382312902977 10.710937500000002
decision_type=2 2 2 2 2 2 2 2 2 2 2 2 2 2 2 2 2 2 2 2 2 2 2 2 2 2 2 2 2 2
left_child=5 3 20 -2 -4 -1 7 8 10 17 -5 -12 13 -8 -10 16 -11 18 19 -9 -3 24 23 -23 -7 26 -24 -18 -13 -27
right_child=1 2 4 6 -6 21 12 9 14 15 11 28 -14 -15 -16 -17 27 -19 -20 -21 -22 22 25 -25 -26 29 -28 -29 -30 -31
leaf_value=0.018649152723395446 -0.052944130688486274 0.1291755291734191 -0.083038013922065099 0.037988734820476114 0.0293412238871575 -0.052860110451602799 -0.048288773028646405 -0.049414699491643434 0.059997968659280337 0.044526794892644266 -0.07604313850488538 0.031221048156751863 0.0029314193805078052 -0.0043557211909522669 -0.012419437674314793 0.11108587622364469 -0.13128366424130533 -0.083541796687753592 0.033882559744984775 0.096139467183711247 0.019337356701579014 0.099653377648658656 -0.019483193993957572 0.011574603474640101 0.0041384091858461146 -0.033826165597237438 0.084260392473913023 0.050768241601563346 -0.017154961167661045 0.00010052043681625379
leaf_weight=192 384 150 226 155 180 192 384 224 480 75 164 77 672 1056 96 93 70 222 64 66 116 96 99 768 192 331 138 50 180 122156
leaf_count=192 384 150 226 155 180 192 384 224 480 75 164 77 672 1056 96 93 70 222 64 66 116 96 99 768 192 331 138 50 180 122156
internal_value=5.0252e-06 -0.00106096 0.00446429 -0.00188387 -0.00307882 4.95313e-05 -0.000968992 0.000892857 0.00360243 -0.00271991 -0.00182292 -0.00516627 -0.00274621 -0.00458333 0.00902778 0.00416667 -0.000641026 -0.00616319 -0.00240113 -0.00551724 0.0159774 3.42819e-05 5.1785e-05 0.00451389 -0.00559896 2.03709e-05 0.00833333 -0.00875 -0.000291829 4.28617e-06
internal_weight=129348 5184 672 4512 406 124164 4128 2016 1152 864 576 421 2112 1440 576 288 195 576 354 290 266 123972 123588 864 384 122724 237 120 257 122487
internal_count=129348 5184 672 4512 406 124164 4128 2016 1152 864 576 421 2112 1440 576 288 195 576 354 290 266 123972 123588 864 384 122724 237 120 257 122487
is_linear=0
shrinkage=0.05


Tree=252
num_leaves=31
num_cat=0
split_feature=8 8 0 0 7 9 0 8 4 7 0 0 3 0 8 4 7 8 8 11 0 10 11 8 8 4 3 8 1 3
split_gain=2.3263 10.3021 4.24291 6.43363 5.79907 3.94826 7.94478 7.68251 18.2813 6.44303 10.6772 11.0735 6.80391 6.6973 6.27881 9.43083 5.25043 6.61094 5.22617 4.75347 10.8664 4.20026 4.0524 3.84737 17.6061 13.4171 11.0152 9.64795 30.117 30.2108
threshold=14.100000000000001 15.350000000000003 69.500000000000014 16.500000000000004 11.212500000000004 10.710937500000002 11.500000000000002 17.450000000000003 0.97832380634958016 8.2375000000000025 53.500000000000007 71.500000000000014 1.0000000180025095e-35 20.500000000000004 17.250000000000004 0.99988440732898443 6.1125000000000016 18.950000000000003 16.900000000000002 0.96595727420028521 48.500000000000007 1.0000000180025095e-35 1.0571501552533558 20.200000000000006 19.950000000000003 0.99855310097228334 0.57782244426053786 22.350000000000005 2.5000000000000004 -0.37447345805034543
decision_type=2 2 2 2 2 2 2 2 2 2 2 2 2 2 2 2 2 2 2 2 2 2 2 2 2 2 2 2 2 2
left_child=-1 2 3 -2 -5 6 -3 8 19 13 14 12 -12 -8 15 22 17 -9 -15 20 -7 -10 -11 24 -18 27 -26 28 29 -25
right_child=1 5 -4 4 -6 7 9 16 21 10 11 -13 -14 18 -16 -17 23 -19 -20 -21 -22 -23 -24 25 26 -27 -28 -29 -30 -31
leaf_value=-0.01005726081849403 0.021303554256172676 -0.015562393185349067 0.057246596176181441 -0.021755036399164141 0.045130588929063013 0.039984348600429348 -0.0073143080214059355 0.037117213343114484 -0.060833346490542797 -0.051229803779210673 0.008387781272337946 -0.027092522432537437 0.11548464053492893 0.0077753471092137268 -0.17900563227545804 0.071122610689626248 -0.0015009478080799 -0.0071065584451794452 0.087958026609642567 0.048653047297293743 -0.013075670455410915 0.0034903880907961593 -0.20288247502132464 0.055681416327679756 -0.051730388694707585 0.13460722647236381 0.0043316082977170826 -0.00043251920880464927 0.025318173950195446 -0.011082890881651508
leaf_weight=768 68 216 104 108 104 98 162 136 192 101 198 296 126 215 92 52 10821 126 166 384 94 768 104 288 751 96 288 106404 3056 2966
leaf_count=768 68 216 104 108 104 98 162 136 192 101 198 296 126 215 92 52 10821 126 166 384 94 768 104 288 751 96 288 106404 3056 2966
internal_value=9.2773e-06 2.5665e-05 0.00820313 0.005 0.000707547 1.17008e-06 -0.00237269 3.36053e-05 0.00354818 -0.00109127 -0.00353457 0.000403226 0.00679012 0.00326888 -0.0105301 -0.00651751 -9.60523e-06 0.00706107 0.00688976 0.0105903 0.00416667 -0.000677083 -0.0113415 -2.44646e-05 -0.000881113 6.5597e-05 -0.00709817 4.96833e-05 0.00194929 -0.00139828
internal_weight=129348 128580 384 280 212 128196 1728 126468 1536 1512 969 620 324 543 349 257 124932 262 381 576 192 960 205 124670 11860 112810 1039 112714 6310 3254
internal_count=129348 128580 384 280 212 128196 1728 126468 1536 1512 969 620 324 543 349 257 124932 262 381 576 192 960 205 124670 11860 112810 1039 112714 6310 3254
is_linear=0
shrinkage=0.05


Tree=253
num_leaves=31
num_cat=0
split_feature=4 9 7 11 1 8 0 0 10 11 4 1 4 1 3 11 0 11 10 0 7 0 0 9 8 3 7 9 8 3
split_gain=2.17361 7.9878 24.0963 14.9834 7.19888 6.68632 5.30474 6.76148 5.04873 6.54778 12.0868 7.38947 7.00139 6.25 5.82959 7.50313 5.28125 5.16806 4.75242 4.73485 4.56179 5.5347 5.68669 4.45246 6.3947 8.97005 6.19673 11.8172 7.51487 5.27344
threshold=0.99349222267034787 16.131770833333338 16.012500000000006 0.96159218389975776 1.5000000000000002 15.350000000000003 16.500000000000004 43.500000000000007 1.0000000180025095e-35 1.0353027724959731 0.9989598388634241 3.5000000000000004 0.99855310097228334 4.5000000000000009 0.01505151768384008 1.0118133182750044 35.500000000000007 1.0114098712100164 1.0000000180025095e-35 51.500000000000007 11.212500000000004 77.500000000000014 22.500000000000004 10.334114583333335 16.900000000000002 -0.2270106897347694 6.7375000000000016 12.070312500000002 20.050000000000004 0.20180702842483325
decision_type=2 2 2 2 2 2 2 2 2 2 2 2 2 2 2 2 2 2 2 2 2 2 2 2 2 2 2 2 2 2
left_child=5 3 18 6 -4 -1 -2 -8 9 10 12 20 16 -13 15 -10 -5 -12 -3 -18 21 22 -11 29 25 -25 27 -26 -29 -7
right_child=1 2 4 8 -6 23 7 -9 14 11 17 13 -14 -15 -16 -17 19 -19 -20 -21 -22 -23 -24 24 26 -27 -28 28 -30 -31
leaf_value=0.015655744372290316 0.0016541759342217689 0.11968385569051776 -0.078864487265521185 0.047097250613160217 0.025507273386164542 -0.050537409278246063 -0.19870293697970995 -0.027769194575473933 -0.037269528485043682 0.010548710074013458 0.056022762716265363 0.1101578922500103 -0.19146823697859647 -0.0039119304954013502 0.0030013552311473294 -0.0032187501728692782 -0.052446475993516373 -0.013003278617428294 0.018392114826940541 0.0015413794140528127 -0.079316370177944864 0.032198920148117337 -0.13452356285331177 0.092238056401359361 0.041564376027366734 0.01101216775912235 1.9533847051889096e-06 -0.035537496046931238 0.027722041524094722 0.0031396727289838113
leaf_weight=192 68 150 226 180 180 192 108 208 480 138 480 96 96 192 672 960 80 96 116 220 222 67 149 96 357 768 122202 112 53 192
leaf_count=192 68 150 226 180 180 192 108 208 480 138 480 96 96 192 672 960 80 96 116 220 222 67 149 96 357 768 122202 112 53 192
internal_value=9.66385e-06 -0.000993441 0.00409226 -0.00175089 -0.00357143 5.15447e-05 -0.0111979 -0.0139241 -0.000872093 0.000917659 0.00338542 -0.00237269 -0.00173611 0.00416667 -0.00258049 -0.004375 0.000729167 0.00850694 0.0157895 -0.00333333 -0.00564236 -0.00211864 -0.00513937 3.71052e-05 5.38078e-05 0.00434028 2.36303e-05 0.00545977 -0.00560606 -0.00533854
internal_weight=129348 5184 672 4512 406 124164 384 316 4128 2016 1152 864 576 288 2112 1440 480 576 266 300 576 354 287 123972 123588 864 122724 522 165 384
internal_count=129348 5184 672 4512 406 124164 384 316 4128 2016 1152 864 576 288 2112 1440 480 576 266 300 576 354 287 123972 123588 864 122724 522 165 384
is_linear=0
shrinkage=0.05


Tree=254
num_leaves=31
num_cat=0
split_feature=3 11 0 0 0 0 10 9 4 0 7 0 0 11 0 4 1 4 8 1 0 4 4 0 3 8 8 8 8 3
split_gain=2.14066 14.7634 12.4826 23.7283 12.0447 19.527 13.2959 14.2265 15.4151 13.5068 12.0538 11.518 10.7928 10.195 10.1775 11.0135 9.04014 13.0117 9.67237 8.54145 8.06055 8.0453 7.66948 9.56474 7.52919 34.5016 19.7904 28.0168 19.5847 18.3593
threshold=0.95998215779580554 0.9111617968768696 86.500000000000014 74.500000000000014 53.500000000000007 19.500000000000004 1.0000000180025095e-35 23.317968750000002 0.10623888086365087 29.500000000000004 30.937500000000004 35.500000000000007 29.500000000000004 1.0912314765539939 80.500000000000014 0.04621408538533487 2.5000000000000004 -0.048362832084465616 32.95000000000001 1.5000000000000002 68.500000000000014 -0.065537083312030994 -0.065537083312030994 72.500000000000014 0.87397152483179585 26.450000000000003 30.750000000000004 28.450000000000003 31.050000000000004 0.9053161325100999
decision_type=2 2 2 2 2 2 2 2 2 2 2 2 2 2 2 2 2 2 2 2 2 2 2 2 2 2 2 2 2 2
left_child=24 -2 3 4 5 13 9 12 -9 -7 22 -10 -8 16 15 -5 -3 -18 -19 -4 21 -12 -6 -24 -1 -26 27 -27 -28 -30
right_child=1 2 19 14 10 6 7 8 11 -11 20 -13 -14 -15 -16 -17 17 18 -20 -21 -22 -23 23 -25 25 26 28 -29 29 -31
leaf_value=0.00031927523820911578 -0.028406178300408414 0.020173735942905325 0.070317702133008461 -0.12187750957651389 -0.069965275620053544 -0.084797129094042856 -0.0072884744397299535 0.00249353626508011 -0.0091071693857692534 -0.013186880681131897 0.078073241085331813 -0.18876966925162864 0.074453971423773885 0.035329926271990074 -0.0079472884883543312 -0.012011352873014403 0.015324815171310036 -0.0027512379980407786 -0.032935305421496967 0.0097471363065956499 -0.016263871171283029 0.017014108907637392 0.001195033194616002 0.087382390246316541 0.020625746111944211 -0.0039147155188253178 0.044945429407484028 -0.076852025347311337 -0.079903083013206103 -0.0063483695888749032
leaf_weight=112937 384 700 252 324 99 320 130 1258 160 768 500 180 312 280 552 228 360 340 160 576 133 402 684 114 1728 768 288 861 670 2880
leaf_count=112937 384 700 252 324 99 320 130 1258 160 768 500 180 312 280 552 228 360 340 160 576 133 402 684 114 1728 768 288 861 670 2880
internal_value=8.89074e-06 0.000743273 0.00116055 0.000555972 0.00164493 0.00034219 -0.00206202 0.000318627 -0.00187735 -0.00652574 0.00499482 -0.0113235 0.00825792 0.00442935 -0.00625 -0.0110507 0.00285256 -0.000581395 -0.0058 0.00700483 0.0086715 0.0103659 0.000752508 0.00238095 -4.74478e-05 -0.00161571 -0.00356228 -0.00817986 -0.0016024 -0.00261972
internal_weight=129348 9216 8832 8004 6900 4968 3128 2040 1598 1088 1932 340 442 1840 1104 552 1560 860 500 828 1035 902 897 798 120132 7195 5467 1629 3838 3550
internal_count=129348 9216 8832 8004 6900 4968 3128 2040 1598 1088 1932 340 442 1840 1104 552 1560 860 500 828 1035 902 897 798 120132 7195 5467 1629 3838 3550
is_linear=0
shrinkage=0.05


Tree=255
num_leaves=31
num_cat=0
split_feature=3 3 11 8 0 8 5 11 11 0 8 3 0 0 7 3 0 9 1 7 0 3 7 4 10 0 0 0 8 7
split_gain=2.56918 4.75977 12.2267 10.9719 9.66803 7.17314 5.31798 5.82793 6.70934 10.504 14.2314 10.8021 5.48242 5.28799 5.93356 5.80343 5.23731 4.89815 4.5 6.54911 6.40381 4.46624 4.42635 10.9678 4.32 6.54519 4.03706 13.0286 12.207 7.74686
threshold=0.99939377080793557 0.98522604642031408 0.95583780249162331 35.050000000000004 88.500000000000014 37.150000000000013 1.0000000180025095e-35 0.96717358864259573 1.0353027724959731 69.500000000000014 32.250000000000007 0.99761913169647187 42.500000000000007 86.500000000000014 33.412500000000016 0.99274428880883148 25.500000000000004 24.289322916666674 4.5000000000000009 25.012500000000006 74.500000000000014 0.98372640911059162 31.812500000000007 1.0000000180025095e-35 1.0000000180025095e-35 47.500000000000007 31.500000000000004 46.500000000000007 35.850000000000001 22.812500000000004
decision_type=2 2 2 2 2 2 2 2 2 2 2 2 2 2 2 2 2 2 2 2 2 2 2 2 2 2 2 2 2 2
left_child=1 21 18 6 5 26 7 -4 13 11 -11 -10 16 14 15 -9 -13 -14 19 -3 24 -1 -2 -24 25 -20 28 -28 -5 -30
right_child=22 2 3 4 -6 -7 -8 8 9 10 -12 12 17 -15 -16 -17 -18 -19 20 -21 -22 -23 23 -25 -26 -27 27 -29 29 -31
leaf_value=-8.0848038005143516e-05 -0.0098353337019446499 -0.0064516537682123955 0.032144036159281346 -0.066749440398564272 0.081011938952491397 0.067398593537129167 0.063499018801659451 0.0045221090047789401 0.05628273253027416 0.030757082812570502 -0.065109510925683622 0.0052217244240765131 0.1401555783893855 0.0294522637974616 0.13675763023974527 -0.022389456518315854 -0.067881554123366078 -0.0034692448772645438 -0.024885081453914638 -0.17994348717304975 -0.075249236524363286 -0.023251683245186429 -0.027672486052368585 0.11925093355202776 0.024220063664070327 0.011271300342335167 -0.12431908608037859 -0.010542715460690744 -0.0031277455290506851 0.056724088675159129
leaf_weight=123300 1002 97 576 64 77 89 288 594 420 104 156 104 54 108 51 399 68 54 96 95 84 288 88 62 150 54 150 420 163 93
leaf_count=123300 1002 97 576 64 77 89 288 594 420 104 156 104 54 108 51 399 68 54 96 95 84 288 88 62 150 54 150 420 163 93
internal_value=6.95797e-06 2.8082e-05 0.0016059 0.00257937 -0.00179924 -0.00314096 0.00413306 0.00344122 0.00222538 0.0053125 -0.00326923 0.0085 0.000892857 -0.000347222 -0.00143678 -0.00229104 -0.00465116 0.00972222 -0.00520833 -0.0114583 -0.00208333 -3.07473e-05 -0.00234375 0.00566667 0.00133333 -0.00466667 -0.00449438 -0.00701754 0 0.00488281
internal_weight=129348 128196 4608 4032 1056 979 2976 2688 2112 960 260 700 280 1152 1044 993 172 108 576 192 384 123588 1152 150 300 150 890 570 320 256
internal_count=129348 128196 4608 4032 1056 979 2976 2688 2112 960 260 700 280 1152 1044 993 172 108 576 192 384 123588 1152 150 300 150 890 570 320 256
is_linear=0
shrinkage=0.05


Tree=256
num_leaves=31
num_cat=0
split_feature=0 3 1 4 8 10 8 3 11 1 8 3 3 4 11 11 4 0 4 10 4 7 7 0 0 0 4 10 7 7
split_gain=2.18291 6.98384 9.71951 8.17293 11.1791 7.23807 9.33724 8.40318 7.82253 15.648 8.00128 7.43831 9.4879 7.401 7.36775 7.04496 7.00986 6.63895 47.3659 10.675 10.1285 16.2529 9.90626 21.7028 15.0119 27.3465 11.2696 15.4154 13.5432 12.6965
threshold=9.5000000000000018 0.96904697354198299 2.5000000000000004 -0.048362832084465616 32.150000000000013 1.0000000180025095e-35 36.150000000000013 0.76140650896573492 1.0912314765539939 2.5000000000000004 33.45000000000001 -0.99697703579879204 -0.98664820696349753 -0.99864786094873803 0.83812870703902109 0.96615771278393059 0.99958851518450398 16.500000000000004 -0.099822328936730861 1.0000000180025095e-35 0.45847758937963173 10.987500000000002 18.412500000000005 81.500000000000014 32.500000000000007 24.500000000000004 -0.42958798411962301 1.0000000180025095e-35 24.212500000000006 23.962500000000006
decision_type=2 2 2 2 2 2 2 2 2 2 2 2 2 2 2 2 2 2 2 2 2 2 2 2 2 2 2 2 2 2
left_child=1 5 -3 -4 -5 11 8 13 16 -10 -11 -1 -13 -8 -14 -16 -7 18 -2 -20 -21 -22 23 -19 25 26 29 -28 -29 -24
right_child=17 2 3 4 -6 6 7 -9 9 10 -12 12 14 -15 15 -17 -18 22 19 20 21 -23 24 -25 -26 -27 27 28 -30 -31
leaf_value=0.083568252526288953 -0.010162883594001216 0.035366426883526002 0.024480327560328877 0.0052510034839087895 -0.041757485264714948 -0.0019873366802769968 -0.093181382261020934 -0.071868801971440632 -0.10939185013086786 -0.017966083349076456 0.057597591484909574 -0.055201286320709642 -0.076921043714245491 -0.014870504547103281 0.019315187275039138 -0.00052231051274702627 -0.024941035844051385 -0.0096892758308769096 0.029005481247475019 -0.0029804505389492419 -0.00073750799499805453 0.018349605377214574 0.05100545903570719 0.006434055304312381 -0.00069030120635886765 0.026762383911838585 -0.05432957742036848 0.010400743969428562 -0.04269339076237913 0.00016839432804260923
leaf_weight=80 4686 380 170 190 130 5696 80 160 230 260 130 130 140 604 1220 3810 70 18109 2093 980 701 972 382 5589 69080 7108 783 939 403 4043
leaf_count=80 4686 380 170 190 130 5696 80 160 230 260 130 130 140 604 1220 3810 70 18109 2093 980 701 972 382 5589 69080 7108 783 939 403 4043
internal_value=5.0252e-06 -0.000597181 0.00373563 -0.000918367 -0.005625 -0.000896114 -0.00192946 -0.00687204 -0.00127623 -0.0066129 -0.000512821 0.000492565 0.000264151 -0.00445906 0.000599613 0.000914513 -0.000702393 7.50854e-05 0.00134648 0.00486726 0.00276103 0.00512552 -3.75813e-05 -0.000938898 0.000220576 0.00173525 -0.00059542 -0.00358824 -0.00033532 0.000841808
internal_weight=129348 13480 870 490 320 12610 7230 844 6386 620 390 5380 5300 684 5170 5030 5766 115868 9432 4746 2653 1673 106436 23698 82738 13658 6550 2125 1342 4425
internal_count=129348 13480 870 490 320 12610 7230 844 6386 620 390 5380 5300 684 5170 5030 5766 115868 9432 4746 2653 1673 106436 23698 82738 13658 6550 2125 1342 4425
is_linear=0
shrinkage=0.05


Tree=257
num_leaves=31
num_cat=0
split_feature=4 0 0 0 8 0 8 11 11 3 10 11 11 7 3 9 8 3 3 11 4 1 8 4 4 9 0 8 8 0
split_gain=2.1638 11.6176 13.8501 17.0661 18.6 15.9633 20.6192 16.7043 20.9116 13.1517 14.4639 13.1522 12.791 14.2929 17.6631 12.7821 12.1853 17.6831 13.2098 12.8263 16.1364 11.0832 10.8542 10.8275 14.2464 12.0856 10.149 14.4382 13.2312 10.0902
threshold=-0.84313311835787952 84.500000000000014 68.500000000000014 43.500000000000007 36.150000000000013 21.500000000000004 40.350000000000001 0.83812870703902109 0.90157409510273256 0.091259403071267925 1.0000000180025095e-35 1.1338093104982068 0.91425880925186409 25.412500000000005 0.49065764355977465 32.342708333333341 34.250000000000007 -0.16799356919963607 -0.24372957273992746 1.1102543501962845 -0.93237865822738086 4.5000000000000009 29.050000000000004 -0.8901731938066898 -0.91939278948206182 27.746093750000004 29.500000000000004 39.550000000000004 39.250000000000007 24.500000000000004
decision_type=2 2 2 2 2 2 2 2 2 2 2 2 2 2 2 2 2 2 2 2 2 2 2 2 2 2 2 2 2 2
left_child=1 2 3 5 21 7 26 -1 15 10 -4 -12 -10 -14 16 -9 17 18 -15 -18 -21 22 -5 24 -3 -25 -7 28 -28 -8
right_child=-2 23 9 4 -6 6 29 8 12 -11 11 -13 13 14 -16 -17 19 -19 -20 20 -22 -23 -24 25 -26 -27 27 -29 -30 -31
leaf_value=-0.047189679143794905 0.00056197326873217433 -0.026299521478497213 0.046654668495344255 0.095879175462872723 -0.064679567992224921 0.029319828439270168 -0.04203364073214573 0.049284212294160315 -0.05809969392300332 0.056224301519275599 -0.031353827341038712 0.18764769789984259 0.046123099349866692 -0.021440247898574682 -0.088959420762439845 -0.036476316267428643 0.010873791441807158 -0.080998377479583189 0.051626019767144274 -0.05479480084466673 0.072255301612247538 0.027196716783679166 -0.02792820200844659 0.063970883581610849 0.05875435119079811 -0.133504462422394 0.0013597948136485627 -0.12439652858927844 0.21834270855792326 0.14577656372890715
leaf_weight=366 100538 2352 1184 50 2707 2192 81 542 220 1996 1530 80 402 1127 144 88 2627 560 109 352 66 1367 3373 66 391 495 3498 250 84 511
leaf_count=366 100538 2352 1184 50 2707 2192 81 542 220 1996 1530 80 402 1127 144 88 2627 560 109 352 66 1367 3373 66 391 495 3498 250 84 511
internal_value=8.89074e-06 -0.000373134 -1.17619e-05 -0.000572022 -0.00247766 0.000508737 0.00224456 -0.0012305 -0.000621292 0.00241127 0.00019685 -0.0028882 -0.00159176 -0.00110915 -0.00184052 0.00801587 -0.00132721 -0.00459354 -0.00125405 0.000599343 -0.00753589 -0.000605428 -0.00212533 -0.00316283 -0.00186839 -0.00949198 0.00136952 -0.000182672 0.000628141 0.0111486
internal_weight=129348 28810 25506 20716 7497 13219 6616 6603 6237 4790 2794 1610 5607 5387 4985 630 4841 1796 1236 3045 418 4790 3423 3304 2743 561 6024 3832 3582 592
internal_count=129348 28810 25506 20716 7497 13219 6616 6603 6237 4790 2794 1610 5607 5387 4985 630 4841 1796 1236 3045 418 4790 3423 3304 2743 561 6024 3832 3582 592
is_linear=0
shrinkage=0.05


Tree=258
num_leaves=31
num_cat=0
split_feature=0 3 3 9 11 3 3 9 11 8 8 3 10 10 11 8 3 11 1 4 9 9 3 8 5 3 11 11 9 4
split_gain=2.21499 6.20723 8.54209 8.41687 7.44968 8.748 20.9316 8.53795 7.06234 7.77825 6.627 8.36228 6.53333 6.30775 8.20052 8.81723 7.76174 7.94783 7.72126 7.1498 7.04966 7.03541 6.82591 7.97194 7.59299 8.01392 15.0521 14.8928 8.91335 8.47159
threshold=9.5000000000000018 0.95998215779580554 0.94978112945126536 28.427604166666669 1.103694758981794 0.54940630780725741 0.77244481603295057 30.603125000000002 1.1016663470368233 42.800000000000004 37.900000000000006 -0.2102246306142678 1.0000000180025095e-35 1.0000000180025095e-35 1.0912314765539939 36.150000000000013 0.58481550752069722 1.065666172741313 2.5000000000000004 0.99958851518450398 31.589322916666671 32.730208333333344 -0.8821812062722818 28.250000000000004 1.0000000180025095e-35 -0.41398024697495356 0.888018781778247 0.83052972725518914 15.792968750000002 -0.75013812021657655
decision_type=2 2 2 2 2 2 2 2 2 2 2 2 2 2 2 2 2 2 2 2 2 2 2 2 2 2 2 2 2 2
left_child=1 2 4 -3 8 10 7 -7 9 13 11 -6 -10 16 15 19 -1 -18 20 22 -17 -22 23 -15 25 28 27 29 -24 -27
right_child=-2 3 -4 -5 5 6 -8 -9 12 -11 -12 -13 -14 14 -16 18 17 -19 -20 -21 21 -23 24 -25 -26 26 -28 -29 -30 -31
leaf_value=0.0088692634719521376 0.00043361596416744422 0.0038651770913112672 -0.073148394478170078 0.052765319534921674 -0.068849132780251662 -0.0097519174113472225 -0.11200050403633953 0.065613152503769354 0.15386990377615889 -0.056727743422646172 -0.075787614676239207 0.0078487504848723695 0.00089222082020228304 -0.087798590551207673 -0.075272999842713517 -0.034201875383544689 -0.017341060113653838 0.037045551660305875 -0.073695283281468002 -0.023722082715285354 0.087751956565460892 -0.0038519203352137769 0.082702708544420037 -0.011533713721737372 -0.022297963313499026 -0.037508987892682914 -0.0052579840570302853 0.068445256725844672 0.018414893117385134 0.081755050826484432
leaf_weight=3810 115868 800 120 160 410 70 70 110 60 70 150 190 60 140 150 100 880 90 337 70 50 137 50 980 240 76 2660 150 1240 50
leaf_count=3810 115868 800 120 160 410 70 70 110 60 70 150 190 60 140 150 100 880 90 337 70 50 137 50 980 240 76 2660 150 1240 50
internal_value=1.31428e-05 -0.000593472 -0.000890575 0.00328125 -0.000762097 -0.0049 0.0032 0.0122222 -0.000399123 -0.000527482 -0.0076 -0.00525 0.0116667 -0.000423729 -0.00144635 -0.00117038 0.000951883 -0.00304124 -0.0068109 -0.000548091 -0.000783972 0.00494652 -0.000349087 -0.00383929 0.000526198 0.00101751 -0.000425749 0.0106884 0.00430233 -0.00198413
internal_weight=129348 13480 12520 960 12400 1000 250 180 11400 11280 750 600 120 11210 6430 6280 4780 970 624 5656 287 187 5586 1120 4466 4226 2936 276 1290 126
internal_count=129348 13480 12520 960 12400 1000 250 180 11400 11280 750 600 120 11210 6430 6280 4780 970 624 5656 287 187 5586 1120 4466 4226 2936 276 1290 126
is_linear=0
shrinkage=0.05


Tree=259
num_leaves=31
num_cat=0
split_feature=3 7 3 1 0 0 3 1 8 7 0 4 9 7 0 7 0 0 3 8 8 0 0 0 0 5 7 8 8 8
split_gain=2.12746 4.66034 3.73265 12.0028 13.152 9.63375 8.37054 7.34756 5.91906 9.84771 4.69643 5.78942 6.64935 14.5069 3.97776 6.36988 6.72058 6.10586 5.25355 5.43987 4.47391 5.95977 3.59671 6.8474 4.18779 4.13437 3.72834 4.35012 3.7064 5.45779
threshold=0.99939377080793557 33.112500000000004 0.99374995976406788 3.5000000000000004 20.500000000000004 82.500000000000014 0.9962888416657264 1.0000000180025095e-35 35.250000000000007 24.462500000000006 74.500000000000014 0.071972700440407641 23.317968750000002 22.387500000000006 41.500000000000007 21.012500000000006 29.500000000000004 35.500000000000007 0.99700008544936913 29.050000000000004 29.850000000000005 17.500000000000004 84.500000000000014 75.500000000000014 42.500000000000007 1.0000000180025095e-35 22.962500000000006 33.350000000000001 33.150000000000013 32.250000000000007
decision_type=2 2 2 2 2 2 2 2 2 2 2 2 2 2 2 2 2 2 2 2 2 2 2 2 2 2 2 2 2 2
left_child=2 22 -1 4 7 8 -5 -4 9 -6 14 12 -12 -14 15 18 -17 -18 -8 -20 -21 -22 23 24 25 26 -2 -28 29 -26
right_child=1 -3 3 6 5 -7 10 -9 -10 -11 11 -13 13 -15 -16 16 17 -19 19 20 21 -23 -24 -25 28 -27 27 -29 -30 -31
leaf_value=-4.9625524209773178e-05 0.0025877067833661727 0.11151765604342856 0.01492010818126417 -0.041448117039794147 -0.034583208940134114 0.081015178451441738 0.068355324639183132 0.062919968309250868 -0.020190838118952573 0.056305766437115073 -0.11382722888490947 0.039371177876419951 0.037532722531734924 -0.14678567451314992 0.023019119843144156 -0.095055037235930229 0.030823399564680901 -0.074876264672987247 0.038437076708839162 -0.026918329840005129 0.010345858343811187 -0.0237066619527063 0.0095016292690203851 -0.11300184153201656 -0.0041524523625184884 -0.077539070788512285 -0.14374149639114506 -0.0025017089329708144 -0.023389492714170502 0.065704435880400078
leaf_weight=125604 255 52 84 192 74 143 54 147 310 298 63 63 50 118 462 57 70 79 58 63 125 82 132 108 132 129 61 71 113 99
leaf_count=125604 255 52 84 192 74 143 54 147 310 298 63 63 50 118 462 57 70 79 58 63 125 82 132 108 132 129 61 71 113 99
internal_value=1.23697e-05 -0.00212674 3.15922e-05 0.00190972 0.00601326 0.00306061 -0.000911458 0.0165584 0.00058651 0.00483871 0.000483631 -0.00510204 -0.00876623 -0.00357143 0.00204762 -0.000680272 -0.00776699 -0.00218121 0.00314136 0.000762195 -0.00222222 0.0013285 -0.00281818 -0.00387397 -0.00238372 -0.00523256 -0.00264858 -0.0094697 0.00188953 0.00551948
internal_weight=129348 1152 128196 2592 1056 825 1536 231 682 372 1344 294 231 168 1050 588 206 149 382 328 270 207 1100 968 860 516 387 132 344 231
internal_count=129348 1152 128196 2592 1056 825 1536 231 682 372 1344 294 231 168 1050 588 206 149 382 328 270 207 1100 968 860 516 387 132 344 231
is_linear=0
shrinkage=0.05


Tree=260
num_leaves=31
num_cat=0
split_feature=8 8 9 0 8 4 7 0 0 8 8 0 8 4 0 8 11 0 11 7 7 0 1 11 3 3 0 0 7 1
split_gain=2.11761 8.41972 3.96775 8.36012 7.51519 18.0007 7.18175 10.3645 10.0521 6.25 6.31142 5.71439 5.68471 7.79438 4.97936 4.99079 4.34277 4.28223 8.21778 6.71305 4.19905 4.79925 8.046 6.49093 6.04764 5.46744 9.24982 4.14857 4.00476 3.82624
threshold=14.100000000000001 15.350000000000003 10.710937500000002 11.500000000000002 17.450000000000003 0.97832380634958016 8.2375000000000025 53.500000000000007 71.500000000000014 16.900000000000002 16.050000000000004 20.500000000000004 17.250000000000004 0.99988440732898443 90.500000000000014 16.900000000000002 1.0571501552533558 20.500000000000004 0.96595727420028521 14.012500000000001 6.7375000000000016 23.500000000000004 3.5000000000000004 0.97366293224832023 0.15101559051660998 0.20180702842483325 35.500000000000007 41.500000000000007 10.987500000000002 3.5000000000000004
decision_type=2 2 2 2 2 2 2 2 2 2 2 2 2 2 2 2 2 2 2 2 2 2 2 2 2 2 2 2 2 2
left_child=-1 -2 3 -3 5 17 11 12 9 10 -9 -5 13 16 15 -13 -8 -4 19 -19 -7 22 24 28 -22 26 -25 -20 -23 -10
right_child=1 2 4 6 -6 20 7 8 29 -11 -12 14 -14 -15 -16 -17 -18 18 27 -21 21 23 -24 25 -26 -27 -28 -29 -30 -31
leaf_value=-0.0087264967493780442 0.01688751795600112 -0.014144050015164568 0.036183038084884343 -0.0061768362802887113 -2.0206313051573944e-05 -0.041250864324288733 -0.045620745544474067 0.037213354371723996 -0.014592167807585099 0.1137141567800164 -0.042789299525334459 0.013778235997156685 -0.16963020408482096 0.068152661909887516 -0.016684908779237163 0.10006505892417508 -0.19231320469339439 -0.041498028576960881 0.015075155873140034 0.019082154474357085 0.0049259788572470599 -0.14307894535114585 -0.015203694017014158 -0.12255026250612532 0.10306208420092987 -0.080233251727067065 0.028244521182101325 0.065070839689541776 -0.023185031892798236 -0.047284235496530873
leaf_weight=768 384 216 126 162 124932 55 101 72 209 162 90 174 92 52 63 144 104 58 84 92 72 56 62 59 68 68 360 216 160 87
leaf_count=768 384 216 126 162 124932 55 101 72 209 162 90 174 92 52 63 144 104 58 84 92 72 56 62 59 68 68 360 216 160 87
internal_value=1.35294e-05 2.91647e-05 7.0205e-06 -0.00237269 3.95357e-05 0.00351563 -0.0010582 -0.00363777 0.000241935 0.00632716 -0.000617284 0.00354512 -0.0105301 -0.00671206 0.00688976 0.00943396 -0.0110976 0.0105035 0.00822222 -0.00133333 -0.000677083 0.000138122 0.00693069 -0.00181366 0.0135714 0.00138604 0.00352029 0.013 -0.00902778 -0.00641892
internal_weight=129348 128580 128196 1728 126468 1536 1512 969 620 324 162 543 349 257 381 318 205 576 450 150 960 905 202 703 140 487 419 300 216 296
internal_count=129348 128580 128196 1728 126468 1536 1512 969 620 324 162 543 349 257 381 318 205 576 450 150 960 905 202 703 140 487 419 300 216 296
is_linear=0
shrinkage=0.05


Tree=261
num_leaves=31
num_cat=0
split_feature=8 8 0 0 7 8 0 0 7 1 10 9 0 8 4 7 0 0 3 0 0 8 4 8 11 10 0 11 7 9
split_gain=2.11636 7.83869 3.85784 5.89013 5.45477 3.79688 8.04013 5.40083 4.16663 4.09697 3.59926 3.49997 7.79175 6.83605 16.2032 6.59729 10.1249 9.52633 6.3175 5.80558 5.18972 4.86348 6.95151 4.8364 4.64318 4.26667 4.00025 7.47111 5.87234 3.69655
threshold=14.100000000000001 15.350000000000003 69.500000000000014 16.500000000000004 11.212500000000004 12.650000000000002 77.500000000000014 22.500000000000004 10.512500000000001 1.0000000180025095e-35 1.0000000180025095e-35 10.710937500000002 11.500000000000002 17.450000000000003 0.97832380634958016 8.2375000000000025 53.500000000000007 71.500000000000014 1.0000000180025095e-35 21.500000000000004 90.500000000000014 17.250000000000004 0.99988440732898443 16.900000000000002 1.0571501552533558 1.0000000180025095e-35 20.500000000000004 0.96595727420028521 14.012500000000001 11.084895833333334
decision_type=2 2 2 2 2 2 2 2 2 2 2 2 2 2 2 2 2 2 2 2 2 2 2 2 2 2 2 2 2 2
left_child=5 2 3 -2 -5 6 7 -1 10 -9 -7 12 -3 14 26 19 21 18 -18 -14 23 22 24 -21 -17 -16 -13 28 -28 -15
right_child=1 11 -4 4 -6 8 -8 9 -10 -11 -12 13 15 29 25 16 17 -19 -20 20 -22 -23 -24 -25 -26 -27 27 -29 -30 -31
leaf_value=0.032644622229749135 0.017990400381270179 -0.01343684751440577 0.053402101452822141 -0.023306375875159803 0.039309586915351961 0.0010318942426494006 0.069190845218808764 -0.13451392204418086 0.023409052990177773 -0.029438402506229977 -0.035466238368883296 0.03437388618064148 -0.0052071573757359602 0.017029023875626593 -0.055457650440287415 -0.043339708267249935 0.0081346703525852614 -0.021914802537519054 0.10570676509284241 0.01384909034266002 -0.015850663340276582 -0.1611486938805797 0.064745028814392924 0.10169670378570715 -0.1826975444587248 0.0031474669838999604 -0.039423127148112518 0.048430719753071831 0.018128046750639726 -0.00014627485995504232
leaf_weight=92 68 216 104 108 104 76 72 55 79 165 229 126 180 576 192 101 198 296 126 165 63 92 52 135 104 768 58 300 92 124356
leaf_count=92 68 216 104 108 104 76 72 55 79 165 229 126 180 576 192 101 198 296 126 165 63 92 52 135 104 768 58 300 92 124356
internal_value=1.27563e-05 2.8387e-05 0.00716146 0.00410714 0 -0.00260417 0.000911458 -0.0025641 -0.00611979 -0.00681818 -0.00877049 7.0205e-06 -0.00222801 3.75589e-05 0.00335286 -0.000958995 -0.00343137 0.000403226 0.00632716 0.00345304 0.00709366 -0.0102436 -0.00671206 0.00983333 -0.0108537 -0.000625 0.00998264 0.00777778 -0.00133333 -3.20174e-06
internal_weight=129348 128580 384 280 212 768 384 312 384 220 305 128196 1728 126468 1536 1512 969 620 324 543 363 349 257 300 205 960 576 450 150 124932
internal_count=129348 128580 384 280 212 768 384 312 384 220 305 128196 1728 126468 1536 1512 969 620 324 543 363 349 257 300 205 960 576 450 150 124932
is_linear=0
shrinkage=0.05


Tree=262
num_leaves=31
num_cat=0
split_feature=0 3 3 1 0 0 1 3 8 7 10 4 7 7 4 0 7 3 0 0 7 7 0 7 3 3 1 9 4 7
split_gain=2.20028 2.10849 3.66285 10.6434 13.8178 8.6138 7.34756 6.95338 5.58377 9.52607 3.66942 8.84386 5.49409 4.8001 4.7214 4.32285 7.54454 3.60263 3.47906 3.16251 3.3808 3.08659 3.17549 4.35368 2.84183 20.5226 20.8332 19.7916 21.4748 18.3375
threshold=94.500000000000014 0.99939377080793557 0.99374995976406788 3.5000000000000004 20.500000000000004 82.500000000000014 1.0000000180025095e-35 0.9962888416657264 35.250000000000007 24.462500000000006 1.0000000180025095e-35 -0.048362832084465616 23.412500000000005 19.812500000000004 0.071972700440407641 26.500000000000004 28.512500000000006 0.99995780822346225 28.500000000000004 30.500000000000004 34.212500000000013 30.812500000000004 65.500000000000014 20.312500000000004 0.76696112484652035 0.79904096188274243 2.5000000000000004 18.314583333333335 -0.48313741114591585 34.787500000000016
decision_type=2 2 2 2 2 2 2 2 2 2 2 2 2 2 2 2 2 2 2 2 2 2 2 2 2 2 2 2 2 2
left_child=1 2 24 4 6 8 -4 -5 9 -6 14 15 13 -13 -9 -12 -17 -3 -15 -10 -21 22 23 -19 -1 26 -26 -27 -29 -30
right_child=-2 17 3 7 5 -7 -8 10 19 -11 11 12 -14 18 -16 16 -18 21 -20 20 -22 -23 -24 -25 25 27 -28 28 29 -31
leaf_value=0.00044997645166517942 0.010128506672846527 -0.011886139405802965 0.014182426830851825 -0.040073642168091089 -0.032845724434476156 0.065181894393911227 0.059782293952439149 -0.01324193160846221 0.016264135384577116 0.053498802173910322 0.075510770277765718 0.0053193096302734943 0.022250059082255549 -0.062849377706847065 0.032248115187684334 -0.010820599120823716 0.1345606768702261 0.013070288028494303 -0.042259558990933505 -0.081621398903752154 -0.0035140411467210701 0.061943275899903227 0.055223954730375627 -0.027704414338893459 -0.10723476967791896 0.024088916889719772 -0.027082917016090849 0.031252420230697457 -0.0091083984752373236 0.029822821684659575
leaf_weight=104091 1347 855 84 190 74 132 147 475 50 298 54 140 282 51 95 80 56 69 97 139 121 50 81 85 285 1805 2070 3035 12114 896
leaf_count=104091 1347 855 84 190 74 132 147 475 50 298 54 140 282 51 95 80 56 69 97 139 121 50 81 85 285 1805 2070 3035 12114 896
internal_value=1.27563e-05 -8.39837e-06 1.08386e-05 0.00188109 0.00576555 0.0027027 0.0165584 -0.000789474 0.000439883 0.00456989 0.000488722 0.00276316 -0.000350877 -0.00520833 -0.00254386 0.0121053 0.00735294 -0.00214912 -0.0114865 -0.00451613 -0.00673077 0.0027193 0.000319149 -0.0038961 -2.77563e-05 -0.000570403 -0.00495754 8.40336e-06 -0.000550016 -0.00143351
internal_weight=129348 128001 126861 2565 1045 814 231 1520 682 372 1330 760 570 288 570 190 136 1140 148 310 260 285 235 154 124296 20205 2355 17850 16045 13010
internal_count=129348 128001 126861 2565 1045 814 231 1520 682 372 1330 760 570 288 570 190 136 1140 148 310 260 285 235 154 124296 20205 2355 17850 16045 13010
is_linear=0
shrinkage=0.05


Tree=263
num_leaves=31
num_cat=0
split_feature=11 4 3 3 7 3 0 4 4 9 8 9 8 7 7 9 3 9 9 9 0 7 4 0 11 1 8 7 0 7
split_gain=2.05218 9.65789 12.2105 11.8659 9.47871 8.37155 9.36485 13.5087 9.617 9.10864 13.3355 18.0371 8.90664 13.2323 8.3164 8.62606 10.5753 8.30423 8.87077 8.28576 7.73571 7.65631 7.43776 7.93911 7.27838 7.16926 12.1034 7.75065 7.12974 11.106
threshold=0.89108496733767706 -0.95502570686053045 -0.99372698525316483 -0.099819732675876835 27.487500000000004 -0.79384350655589164 30.500000000000004 -0.95242240592625282 0.99748108949426018 13.811458333333336 24.050000000000004 19.588802083333338 29.150000000000002 25.812500000000004 38.162500000000016 29.830989583333338 0.83849049182116964 28.071614583333339 25.825781250000002 28.146354166666672 11.500000000000002 27.487500000000004 1.0000000180025095e-35 40.500000000000007 0.7641759112864478 2.5000000000000004 32.050000000000004 31.212500000000006 56.500000000000007 33.112500000000004
decision_type=2 2 2 2 2 2 2 2 2 2 2 2 2 2 2 2 2 2 2 2 2 2 2 2 2 2 2 2 2 2
left_child=1 3 22 28 -5 12 8 -8 -7 -9 -11 -12 20 -14 15 17 -17 18 -13 -19 -4 -22 -3 -24 -20 27 -27 -21 -1 -30
right_child=-2 2 5 4 -6 6 7 9 -10 10 11 14 13 -15 -16 16 -18 19 24 25 21 -23 23 -25 -26 26 -28 -29 29 -31
leaf_value=0.064607416442065357 0.00041310360103707922 0.033159719453012569 -0.1125144592737911 0.056505824631474869 -0.062088422184776705 0.0054453764378365578 -0.25663236987276861 0.097868491500989307 0.13233930729541044 -0.039861991460133341 0.065763198085026883 -0.029334569614422181 0.032280224123717005 -0.046310822330764272 -0.17295060514891106 0.016750833824691825 0.2449289350897729 -0.10891980013707042 0.11059317877499951 0.082715180788495962 -0.0231410724591278 -0.10218095430113294 -0.06441027228385536 0.035562480073892289 0.0056799108160305424 0.023420973961295034 -0.077864902251609192 -0.071160269889482208 0.029415790545246526 -0.17945428583040623
leaf_weight=611 118332 768 120 124 356 2200 65 65 62 780 195 650 212 364 65 451 64 260 65 175 690 150 82 110 1235 195 390 85 371 56
leaf_count=611 118332 768 120 124 356 2200 65 65 62 780 195 650 212 364 65 451 64 260 65 175 690 150 82 110 1235 195 390 85 371 56
internal_value=1.27563e-05 -0.000639978 -0.00123184 0.00306324 -0.0034375 -0.00183298 -0.00109969 -0.00236287 0.0015473 -0.00204813 -0.0023102 -0.00109661 -0.00517578 -0.000260417 -0.00189133 -0.00156863 0.00441748 -0.00257774 -0.000615385 -0.00604072 -0.008125 -0.00642857 0.00411458 -0.0046875 0.00176923 -0.00363905 -0.0067094 0.00326923 0.00606936 0.00111241
internal_weight=129348 11016 9498 1518 480 8538 7002 4740 2262 4675 4610 3830 1536 576 3635 3570 515 3055 1950 1105 960 840 960 192 1300 845 585 260 1038 427
internal_count=129348 11016 9498 1518 480 8538 7002 4740 2262 4675 4610 3830 1536 576 3635 3570 515 3055 1950 1105 960 840 960 192 1300 845 585 260 1038 427
is_linear=0
shrinkage=0.05


Tree=264
num_leaves=31
num_cat=0
split_feature=11 7 9 3 9 0 4 3 7 0 3 11 3 9 9 9 11 3 1 11 9 3 0 8 3 11 8 7 9 3
split_gain=2.10902 8.65628 10.5436 10.9265 9.78659 8.59214 7.48853 13.1082 7.46053 7.43391 6.88629 6.73936 26.5233 19.1104 40.3873 14.7989 25.2659 24.884 16.201 13.2302 12.8755 12.2345 15.834 12.2859 12.2232 11.407 18.6324 13.677 19.3013 12.2459
threshold=0.89108496733767706 38.162500000000016 29.444531250000001 -0.99372698525316483 30.048697916666672 24.500000000000004 -0.95502570686053045 -0.15101209918632377 31.812500000000007 71.500000000000014 0.83849049182116964 0.93309361111522005 -0.9954993026558282 14.300520833333335 15.938020833333335 22.971614583333338 0.93155087118158786 -0.50556189049999822 1.5000000000000002 0.92960870096613757 28.997135416666673 0.21862473630160603 59.500000000000007 34.050000000000004 0.26866988313759588 0.95955207118900387 33.750000000000007 30.412500000000005 25.825781250000002 -0.97694226132849327
decision_type=2 2 2 2 2 2 2 2 2 2 2 2 2 2 2 2 2 2 2 2 2 2 2 2 2 2 2 2 2 2
left_child=1 2 3 -1 5 -4 7 -5 -7 -9 -6 12 -2 -14 -15 16 -16 19 21 20 -17 22 -19 -23 -25 26 27 29 -29 -13
right_child=11 -3 4 6 10 8 -8 9 -10 -11 -12 25 13 14 15 17 -18 18 -20 -21 -22 23 -24 24 -26 -27 -28 28 -30 -31
leaf_value=0.019749035957805462 -0.17073131675338049 -0.16430307489146545 0.11135200368885451 0.11760998349762915 -0.0048387713559790773 -0.0011725972864880419 -0.013436482467936628 -0.036527109212619993 0.11958449802012723 0.12805188081797567 0.13051534892099001 -0.069209848523451717 -0.030531580867102549 0.081394107568394963 -0.00078212763249752015 0.019236168846926915 -0.084490684371455418 -0.037289922626823117 -0.01876581000306601 0.087367894687213274 0.13130290104314143 0.23224094517746252 0.086839289667443614 0.29130019524742895 0.028564755792305621 0.0005563100644920383 0.01618591921396657 0.040902507624699783 -0.10362377708437408 -0.0065156763466397653
leaf_weight=960 96 65 142 184 1179 275 7583 288 151 94 95 392 768 384 2208 3168 288 540 2779 576 384 96 324 96 576 96933 2108 154 706 5756
leaf_count=960 96 65 142 184 1179 275 7583 288 151 94 95 392 768 384 2208 3168 288 540 2779 576 384 96 324 96 576 96933 2108 154 706 5756
internal_value=8.11764e-06 -0.000653595 -0.000545612 -0.00124328 0.00290445 0.00836268 -0.00183765 0.00371025 0.00481221 -0.00157068 0.000470958 6.97191e-05 0.00117846 0.00138467 0.00189815 0.00134345 -0.00204327 0.00233341 -0.000277715 0.00512355 0.00398367 0.00367647 -0.000405093 0.00826823 0.00587798 -5.86993e-05 -0.00174967 -0.00298944 -0.00889535 -0.00216331
internal_weight=129348 11016 10951 9109 1842 568 8149 566 426 382 1274 118332 12283 12187 11419 11035 2496 8539 4411 4128 3552 1632 864 768 672 106049 9116 7008 860 6148
internal_count=129348 11016 10951 9109 1842 568 8149 566 426 382 1274 118332 12283 12187 11419 11035 2496 8539 4411 4128 3552 1632 864 768 672 106049 9116 7008 860 6148
is_linear=0
shrinkage=0.05


Tree=265
num_leaves=31
num_cat=0
split_feature=8 6 11 9 11 4 4 0 0 11 11 7 4 8 4 7 0 4 4 7 7 7 9 1 7 7 0 4 9 0
split_gain=2.05142 2.52908 4.82568 5.0625 3.93889 3.80159 7.03156 6.73308 5.60513 6.02679 6.53346 5.80687 6.32002 9.88712 5.5419 6.69061 5.32072 6.13611 5.96428 5.30702 5.36242 5.22974 4.80392 4.69963 4.6651 4.60668 9.31283 4.23625 4.2181 4.18023
threshold=44.850000000000009 1.0000000180025095e-35 1.1649345393363679 29.157031250000006 1.1338093104982068 -0.70289845916694649 -0.5129677127369543 70.500000000000014 54.500000000000007 1.0653535727147359 0.98770160441593557 9.1875000000000018 0.87291090774974645 26.150000000000002 -0.25206183926700709 26.612500000000004 23.500000000000004 -0.73865259438682551 -0.73865259438682551 18.562500000000004 21.012500000000006 14.012500000000001 23.805729166666669 1.0000000180025095e-35 27.912500000000005 30.887500000000006 62.500000000000007 -0.85225707553516283 14.777604166666668 60.500000000000007
decision_type=2 2 2 2 2 2 2 2 2 2 2 2 2 2 2 2 2 2 2 2 2 2 2 2 2 2 2 2 2 2
left_child=1 -1 4 -4 5 16 25 8 11 10 22 -8 13 -13 15 -15 17 24 27 21 -21 -9 -10 -22 -3 29 -27 -18 -14 -7
right_child=-2 2 3 -5 -6 6 7 19 9 -11 -12 12 28 14 -16 -17 18 -19 -20 20 23 -23 -24 -25 -26 26 -28 -29 -30 -31
leaf_value=-0.00018810512224973764 -0.071572758999893446 0.039609136577625749 0.11725321831378679 0.013512854698493726 -0.065770693406840761 0.0056304005032956185 0.022060060852749076 -0.0048993655538652099 0.069902622504114484 0.070470064921631353 0.0010603462569122259 0.056016995624293034 -0.00076444711152561244 0.084293191900842862 -0.002020499686909716 0.0064553817847880172 0.079880562968492094 -0.066780450046567102 0.077748996867271825 0.020255933296484587 -0.045421542706102262 -0.057812888227715575 0.00027314937106268647 -0.0017609073794204733 -0.038144942979288034 -0.12532502995238701 0.039976423952128928 -0.026673320649818068 -0.086704966400071734 -0.041809898513042759
leaf_weight=122439 96 93 96 192 96 432 223 161 192 96 400 165 162 102 1650 173 213 96 288 176 98 154 80 611 51 127 54 216 165 251
leaf_count=122439 96 93 96 192 96 432 223 161 192 96 400 165 162 102 1650 173 213 96 288 176 98 154 80 611 51 127 54 216 165 251
internal_value=1.46891e-05 2.01157e-05 0.000957728 0.00729167 0.000678161 0.000828278 0.00031981 0.00109592 0.00223005 0.00598958 0.00431548 0.00113636 0.000424079 0.00143541 0.000428571 0.007 0.00373563 -0.00270833 0.00589261 -0.002125 -0.000141243 -0.00769841 0.0102941 -0.00208039 0.00381944 -0.00381944 -0.0109116 0.00215618 -0.00603976 -0.00193997
internal_weight=129348 129252 6813 288 6525 6429 5472 4608 3408 768 672 2640 2417 2090 1925 275 957 240 717 1200 885 315 272 709 144 864 181 429 327 683
internal_count=129348 129252 6813 288 6525 6429 5472 4608 3408 768 672 2640 2417 2090 1925 275 957 240 717 1200 885 315 272 709 144 864 181 429 327 683
is_linear=0
shrinkage=0.05


Tree=266
num_leaves=31
num_cat=0
split_feature=4 8 7 11 4 7 1 1 8 4 9 1 8 4 0 8 3 7 11 0 11 11 8 8 1 3 8 10 7 1
split_gain=2.03392 11.6806 8.9697 3.94667 2.64085 4.61886 7.20559 2.52083 2.28136 23.1857 20.3177 25 15.9968 12.6709 11.8115 10.7955 11.1042 10.2446 10.6492 10.8096 9.88699 9.75135 25.1808 17.9224 17.063 22.5009 16.099 19.5346 13.5992 13.3967
threshold=0.99988440732898443 17.450000000000003 5.0875000000000012 1.0114098712100164 0.99981043035926087 12.462500000000004 3.5000000000000004 2.5000000000000004 18.250000000000004 0.97263757644091875 11.695833333333335 4.5000000000000009 20.200000000000006 0.99855310097228334 36.500000000000007 19.950000000000003 0.56369777965491019 11.862500000000002 1.0015760182812448 76.500000000000014 0.95955207118900387 1.0015760182812448 19.150000000000002 19.150000000000002 2.5000000000000004 0.30164402523644185 19.050000000000004 1.0000000180025095e-35 16.612500000000004 5.5000000000000009
decision_type=2 2 2 2 2 2 2 2 2 2 2 2 2 2 2 2 2 2 2 2 2 2 2 2 2 2 2 2 2 2
left_child=4 2 -2 -4 8 6 -6 -3 9 17 11 -10 15 -14 -13 20 -17 18 19 -1 -12 23 -23 26 25 -24 27 -22 29 -25
right_child=1 7 3 -5 5 -7 -8 -9 10 -11 12 14 13 -15 -16 16 -18 -19 -20 -21 21 22 24 28 -26 -27 -28 -29 -30 -31
leaf_value=-0.053843484292508494 -0.035508467633431455 -0.10279684168973163 0.064981872651699746 0.020572485842081534 -0.044778155037997182 0.087450395193197042 0.024480361572486231 -0.018348900192020068 0.074632196933283976 -0.0052298439989492355 -0.078031902358306135 0.021275583310044512 0.00033832502118542608 0.1245972525544147 -0.14921753573357463 -0.05505465951226967 -0.0010917277859178399 0.036514569161903411 0.012979666375645139 0.030510273630939368 -0.010245058667260311 -0.032962287269266713 -0.054960962867366452 -0.043889848838972512 -0.0026947393671932218 0.11153023114808747 0.07629893162835516 0.043180148932880517 0.040540214853851356 0.059528419876922103
leaf_weight=230 88 96 96 200 122 145 117 96 576 3936 288 74 112740 96 118 672 384 1441 638 91 672 2400 96 835 1536 288 288 384 402 203
leaf_count=230 88 96 96 200 122 145 117 96 576 3936 288 74 112740 96 118 672 384 1441 638 91 672 2400 96 835 1536 288 288 384 402 203
internal_value=1.31428e-05 -0.00295139 0.00208333 0.00625 2.64033e-05 0.00416667 -0.000104603 -0.0130208 1.402e-05 0.000939078 -3.40019e-05 0.00807292 -8.53369e-05 7.17856e-05 -0.00755208 -0.00218395 -0.00691288 0.0048125 0.000808133 -0.00661994 -0.00150839 -0.0011402 -0.00262731 0.00116739 0.00164063 0.0110677 0.00531994 0.00246212 -0.00270833 -0.00573218
internal_weight=129348 576 384 296 128772 384 239 192 128388 6336 122052 768 121284 112836 192 8448 1056 2400 959 321 7392 7104 4320 2784 1920 384 1344 1056 1440 1038
internal_count=129348 576 384 296 128772 384 239 192 128388 6336 122052 768 121284 112836 192 8448 1056 2400 959 321 7392 7104 4320 2784 1920 384 1344 1056 1440 1038
is_linear=0
shrinkage=0.05


Tree=267
num_leaves=31
num_cat=0
split_feature=9 8 7 8 8 3 11 7 0 3 10 9 11 3 3 8 7 9 7 7 0 11 10 9 8 11 3 9 9 3
split_gain=2.273 10.2972 10.9009 10.2461 12.7507 12.4694 9.63529 9.62716 8.2281 11.5186 13.79 7.81657 20.125 11.708 11.2623 17.7942 9.92847 9.40278 8.85663 8.03953 7.80381 7.78648 12.7305 23.2396 18.3344 19.1038 16.5684 12.2173 9.97321 10.7191
threshold=13.074218750000002 18.850000000000005 11.662500000000003 20.750000000000004 19.950000000000003 0.28519915169571858 0.99217867693061745 17.062500000000004 57.500000000000007 0.52033990680116082 1.0000000180025095e-35 12.786979166666667 1.0037329538813851 0.15101559051660998 0.52033990680116082 19.250000000000004 7.9125000000000014 12.483854166666669 10.512500000000001 10.762500000000001 23.500000000000004 0.97407968238158804 1.0000000180025095e-35 12.339322916666669 18.750000000000004 1.0114098712100164 0.42958674266195179 12.703645833333335 12.247135416666669 0.44505654568748165
decision_type=2 2 2 2 2 2 2 2 2 2 2 2 2 2 2 2 2 2 2 2 2 2 2 2 2 2 2 2 2 2
left_child=3 2 6 4 7 -6 -2 11 9 -9 -11 14 13 -13 21 16 -16 -18 -19 -17 -15 -1 23 24 25 -23 27 -24 -26 -30
right_child=1 -3 -4 -5 5 -7 -8 8 -10 10 -12 12 -14 20 15 19 17 18 -20 -21 -22 22 26 -25 28 -27 -28 -29 29 -31
leaf_value=-0.052985651235879061 -0.031577783533148822 0.00011184289385184343 0.026656870876780661 0.10020849134014256 -0.063694467874512384 -0.009027662571853768 0.022092250190208065 -0.022956793481610307 0.038681923500193706 -0.015078267970245918 0.15004355960665522 -0.030688549016566924 -0.066860729551402195 0.089181784535577444 -0.0088692191922532977 -0.022761149470429135 0.047036219274042425 0.046730296994181943 -0.071896473823399282 0.038927982513833115 0.021956787676189294 0.045460428285380772 -0.0048496499943631484 -0.045891807742153651 0.073643766297432481 -0.010502244121231998 -0.053689105549814542 0.088784167199344219 -0.10210123332634993 0.074804004966655666
leaf_weight=460 221 115524 1388 96 384 576 119 639 640 82 105 77 357 72 96 173 385 70 68 112 172 576 3580 452 617 1456 629 74 77 71
leaf_count=460 221 115524 1388 96 384 576 119 639 640 82 105 77 357 72 96 173 385 70 68 112 172 576 3580 452 617 1456 629 74 77 71
internal_value=7.73108e-06 7.5052e-05 0.00390625 -0.000644841 -0.000775 -0.00630208 -0.00411765 -0.000294384 0.00347885 0.000181598 0.0110963 -0.000872154 -0.0060472 0.00303738 -0.000477743 0.00481195 0.00957189 0.0122849 0.00108696 -0.00552632 0.00840164 -0.00107608 -0.000690388 0.00166974 0.00336968 0.000885827 -0.00248074 -0.00119048 0.00996732 -0.00168919
internal_weight=129348 117252 1728 12096 12000 960 340 11040 1466 826 187 9574 678 321 8896 904 619 523 138 285 244 7992 7532 3249 2797 2032 4283 3654 765 148
internal_count=129348 117252 1728 12096 12000 960 340 11040 1466 826 187 9574 678 321 8896 904 619 523 138 285 244 7992 7532 3249 2797 2032 4283 3654 765 148
is_linear=0
shrinkage=0.05


Tree=268
num_leaves=31
num_cat=0
split_feature=7 3 8 11 11 3 11 11 9 3 4 3 11 3 11 9 0 7 8 3 9 9 0 0 8 0 3 11 8 4
split_gain=2.23738 9.71857 13.3303 16.6072 11.0933 7.98091 7.50231 7.99856 12.0117 7.22744 6.21919 5.7279 5.41824 5.11262 7.77644 8.05086 6.5983 5.35724 5.09599 5.99743 4.28942 4.22968 11.7716 17.503 17.0724 12.4861 16.0763 12.9979 9.5305 19.6312
threshold=8.5625000000000018 0.59177612190863982 18.750000000000004 1.0282169252610012 0.97407968238158804 0.44505654568748165 0.99880428533532839 1.0065665091727494 12.569791666666669 0.38243310158943505 0.99530134160901229 0.42958674266195179 1.0034024027984565 -0.03977009085991149 1.0052470737456287 12.200520833333334 6.5000000000000009 6.1125000000000016 16.300000000000001 -0.17647087149565668 11.341666666666669 13.811458333333336 47.500000000000007 16.500000000000004 19.150000000000002 72.500000000000014 -0.24372957273992746 1.1032809260710428 19.350000000000005 0.99249573635719013
decision_type=2 2 2 2 2 2 2 2 2 2 2 2 2 2 2 2 2 2 2 2 2 2 2 2 2 2 2 2 2 2
left_child=1 2 4 6 -1 9 -4 12 -9 10 -5 -10 -8 17 15 20 -16 -6 -19 -20 -15 22 23 24 -2 27 -27 -24 29 -23
right_child=21 -3 3 5 13 -7 7 8 11 -11 -12 -13 -14 14 16 -17 -18 18 19 -21 -22 28 25 -25 -26 26 -28 -29 -30 -31
leaf_value=-0.070500754689235376 0.016694711169010647 -0.015685569317869862 0.025636266069548698 0.047989581104160101 0.013772966022935408 0.067985918701785414 -0.012648426410402182 -0.043291091529897588 0.036453916398539836 -0.017566175945103169 -0.018966676671308136 -0.0027642080283214912 -0.074171968353527976 0.0054765529907072619 -0.026975068334925825 -0.02403847321201056 -0.0048013969421717212 0.010156325549552748 0.0006058401752227383 -0.042992435409644258 0.074576120346497993 0.037907918972121028 0.019115127367824416 -0.039652884361927224 -0.019557100737277722 0.045920044801815156 -0.012846306741140269 -0.035424296901742029 8.499304453977175e-05 -0.043709829285656102
leaf_weight=104 708 264 180 423 320 201 111 57 123 59 68 93 61 214 156 59 970 348 233 84 106 1344 3682 2932 349 92 2970 200 112549 288
leaf_count=104 708 264 180 423 320 201 111 57 123 59 68 93 61 214 156 59 970 348 233 84 106 1344 3682 2932 349 92 2970 200 112549 288
internal_value=1.50756e-05 0.00114549 0.00176322 0.00574128 -0.000346955 0.0107523 -0.00028 -0.00376404 0.00155678 0.00763636 0.00962322 0.00694444 -0.0122093 0.000321285 -0.00151163 0.00468338 -0.0035968 0.00312183 0.00056391 -0.00402208 0.0078125 -2.31789e-05 -0.000962682 -0.00312735 0.00238884 0.000280818 -0.00210647 0.00216383 6.67799e-05 0.00386029
internal_weight=129348 4234 3970 1376 2594 751 625 445 273 550 491 216 172 2490 1505 379 1126 985 665 317 320 125114 10933 3989 1057 6944 3062 3882 114181 1632
internal_count=129348 4234 3970 1376 2594 751 625 445 273 550 491 216 172 2490 1505 379 1126 985 665 317 320 125114 10933 3989 1057 6944 3062 3882 114181 1632
is_linear=0
shrinkage=0.05


Tree=269
num_leaves=31
num_cat=0
split_feature=0 0 5 7 3 11 8 0 8 3 1 8 9 8 9 8 11 0 4 8 3 4 7 0 4 4 3 9 9 11
split_gain=2.04484 2.14517 8.34607 8.15609 28.8148 12.1334 11.2953 14.882 11.7936 10.2504 11.264 9.93643 13.5226 20.8259 11.0477 10.8521 8.52875 6.95353 32.3548 17.5318 16.529 13.0753 20.6706 17.9151 15.5791 14.4172 14.6166 14.1851 13.3066 15.8609
threshold=94.500000000000014 36.500000000000007 1.0000000180025095e-35 24.912500000000005 0.42958674266195179 1.000843247572776 33.550000000000004 53.500000000000007 33.350000000000001 -0.52032787705993211 4.5000000000000009 32.95000000000001 29.661718750000002 32.350000000000001 29.557031250000005 31.650000000000002 0.98770160441593557 43.500000000000007 -0.21862536810265826 32.350000000000001 -0.89015004145349408 -0.54219087765047058 32.51250000000001 52.500000000000007 -0.52765736634565841 -0.6391983530350368 0.70290292807158605 31.589322916666671 28.028125000000003 0.92423624745419519
decision_type=2 2 2 2 2 2 2 2 2 2 2 2 2 2 2 2 2 2 2 2 2 2 2 2 2 2 2 2 2 2
left_child=1 -1 17 4 5 16 8 -8 11 -9 -11 12 13 14 15 -5 -4 18 -3 20 -20 25 24 -24 -23 26 28 -28 29 -19
right_child=-2 2 3 6 -6 -7 7 9 -10 10 -12 -13 -14 -15 -16 -17 -18 21 19 -21 -22 22 23 -25 -26 -27 27 -29 -30 -31
leaf_value=0.00099830882268676642 0.010947159746486079 0.020995843620662671 -0.021632183472535618 0.031543473914727831 0.065540646562793375 0.0010477304040762193 -0.058872119306043663 -0.11876730138623089 0.13150477075259276 0.026025753458142023 0.11165380100532758 -0.052807413275327522 0.19256512600942416 -0.090355712680380409 -0.14568675866151323 0.10319667167820229 -0.087770214524834966 -0.01149420516729407 0.022617319950532535 -0.10010562879429728 -0.054959659318164003 0.12909120052560327 -0.0089671318001947505 0.047854025688688753 0.00029981183499074862 -0.041905781079510977 0.021047733605107057 0.21360621915092964 -0.012934055152675228 0.050031361590346539
leaf_weight=49880 1347 4176 286 1091 446 388 357 80 108 642 82 174 116 159 58 217 262 1377 679 476 3556 255 872 1763 37343 2695 915 253 17918 1377
leaf_count=49880 1347 4176 286 1091 446 388 357 80 108 642 82 174 116 159 58 217 262 1377 679 476 3556 255 872 1763 37343 2695 915 253 17918 1377
internal_value=1.08235e-05 -9.57024e-06 -0.000173129 0.00192566 -0.00126628 -0.00625 0.00335603 -0.000538329 0.00570723 0.00323383 0.0051105 0.00475207 0.00595673 0.00470492 0.00669839 0.00764526 -0.0110401 -0.000300387 -0.00161191 -0.00445235 -0.00342975 -0.00012043 0.000434345 0.00471537 0.000134316 -0.00103016 -0.000604396 0.00483733 -0.000911861 0.00232389
internal_weight=129348 128001 78121 4466 1382 936 3084 1161 1923 804 724 1815 1641 1525 1366 1308 548 73655 8887 4711 4235 64768 40233 2635 37598 24535 21840 1168 20672 2754
internal_count=129348 128001 78121 4466 1382 936 3084 1161 1923 804 724 1815 1641 1525 1366 1308 548 73655 8887 4711 4235 64768 40233 2635 37598 24535 21840 1168 20672 2754
is_linear=0
shrinkage=0.05


Tree=270
num_leaves=31
num_cat=0
split_feature=11 11 4 4 4 5 3 3 8 0 3 3 9 7 8 0 11 1 3 4 3 10 9 8 9 8 8 0 3 9
split_gain=2.21213 15.5382 8.80118 18.8443 20.0395 14.4502 14.0635 28.6938 20.6719 19.3103 11.0997 9.90269 9.68713 9.45639 12.0502 11.4667 15.2523 10.1593 9.94522 9.80756 13.2647 24.1394 10.3628 9.43903 14.2511 8.55249 9.14017 8.23238 8.06667 7.90063
threshold=1.0627860117078571 1.0632854705466908 -0.61236746317008228 -0.48313741114591585 -0.28519997588938989 1.0000000180025095e-35 -0.69057362043749781 -0.66528616069191593 29.850000000000005 72.500000000000014 -0.54220184589352438 0.87397152483179585 30.242968750000003 27.512500000000006 31.350000000000005 20.500000000000004 1.0684640650751471 1.0000000180025095e-35 -0.47558551945199218 -0.8901731938066898 0.61915405168109316 1.0000000180025095e-35 29.764843750000001 33.250000000000007 31.714583333333341 41.550000000000004 33.650000000000013 54.500000000000007 -0.83847110675477843 34.889322916666671
decision_type=2 2 2 2 2 2 2 2 2 2 2 2 2 2 2 2 2 2 2 2 2 2 2 2 2 2 2 2 2 2
left_child=-1 -2 6 25 11 -6 8 -8 -3 12 27 -5 -10 15 18 16 -12 23 -15 22 21 -21 -18 -16 -25 26 -4 -9 -28 -19
right_child=1 2 3 4 5 -7 7 10 9 -11 13 -13 -14 14 17 -17 19 29 -20 20 -22 -23 -24 24 -26 -27 28 -29 -30 -31
leaf_value=-0.00047494659934841369 0.087543922889796025 0.13225634887717064 0.032996704954216936 -0.14039798694477384 0.0017875635523139977 0.044986213781700007 0.11982090190727988 -0.11001741210507561 -0.12680614410185173 0.026525786984392855 0.12357459136763681 -0.056031201066558373 0.041913292747746314 0.046385557228516922 0.33524696335602472 0.05789145798529774 -0.13696747515911412 -0.016876623724731133 -0.13855159578693446 -0.046031058295584161 -0.021523087861919522 0.097861785702802712 -0.004021038661866783 -0.026585025407730001 0.057376908752080173 -0.07183550061774753 0.15968196718509306 -0.0033438774293159668 0.062241949570192648 0.019962529627940741
leaf_weight=103284 479 96 1152 96 8352 384 384 385 511 184 60 571 73 62 55 919 168 7391 283 86 420 273 207 524 553 93 96 287 864 1056
leaf_count=103284 479 96 1152 96 8352 384 384 385 511 184 60 571 73 62 55 919 168 7391 283 86 420 273 207 524 553 93 96 287 864 1056
internal_value=8.50419e-06 0.00042012 0.000253078 0.00127068 0.000295119 0.000932921 -0.000592044 -0.000184931 -0.00677083 -0.00950521 -0.00059117 -0.00805847 -0.0139555 -0.000242598 -0.000891778 0.00277778 -0.000411862 -0.000561123 -0.0100725 -0.00168977 0.00150834 0.00856546 -0.00833333 0.00388693 0.00285515 0.00543084 0.00608428 -0.00684524 0.0096875 -0.00115722
internal_weight=129348 26064 25585 11608 9403 8736 13977 13113 864 768 12729 667 584 12057 9924 2133 1214 9579 345 1154 779 359 375 1132 1077 2205 2112 672 960 8447
internal_count=129348 26064 25585 11608 9403 8736 13977 13113 864 768 12729 667 584 12057 9924 2133 1214 9579 345 1154 779 359 375 1132 1077 2205 2112 672 960 8447
is_linear=0
shrinkage=0.05


Tree=271
num_leaves=31
num_cat=0
split_feature=3 3 1 0 0 1 3 8 7 0 9 7 10 0 7 3 0 0 8 8 0 4 7 9 7 0 7 3 9 4
split_gain=2.03298 4.2283 9.52938 13.4403 10.1715 7.0804 6.14295 5.31192 9.50267 4.04888 6.04571 10.5625 7.84 3.86081 4.50262 4.96507 4.77383 5.7307 4.49304 4.33301 5.99144 3.55556 11.4544 4.25347 3.9844 3.35123 3.05687 3.03592 21.2683 27.8556
threshold=0.99939377080793557 0.99374995976406788 3.5000000000000004 20.500000000000004 81.500000000000014 1.0000000180025095e-35 0.9962888416657264 35.250000000000007 24.462500000000006 75.500000000000014 23.317968750000002 23.112500000000004 1.0000000180025095e-35 41.500000000000007 21.012500000000006 0.99700008544936913 29.500000000000004 35.500000000000007 29.050000000000004 29.850000000000005 16.500000000000004 1.0000000180025095e-35 32.312500000000007 25.593489583333341 23.412500000000005 30.500000000000004 29.212500000000006 0.77244481603295057 18.314583333333335 0.5969655492110445
decision_type=2 2 2 2 2 2 2 2 2 2 2 2 2 2 2 2 2 2 2 2 2 2 2 2 2 2 2 2 2 2
left_child=1 27 3 5 7 -3 -4 8 -5 13 -11 -12 -13 14 15 -8 -16 -18 -17 -20 -21 23 -23 26 -25 -9 -2 -1 -29 -30
right_child=21 2 6 4 -6 -7 9 25 -10 10 11 12 -14 -15 16 18 17 -19 19 20 -22 22 -24 24 -26 -27 -28 28 29 -31
leaf_value=0.00047119320928175058 -0.014776761661778437 0.013381313903000347 -0.03743823418236545 -0.033599449006503336 0.063426835963275613 0.056792807396740842 0.063297169912832629 0.015358937029039055 0.051272146370274642 -0.052053497789279396 0.035453320175154346 -0.24966702275357591 0.03392466014548319 0.020599739262164719 -0.086889884695892761 0.036613615849005757 0.030616135516606136 -0.067777629758880673 -0.025943552136526195 0.011323120637923269 -0.021616401185139012 -0.0041294126315627013 0.13556354235636547 -0.007927030701187476 -0.12375808187217247 -0.030429544307753534 0.029530481074661455 0.020823157227857794 -0.0043915052268388875 -0.05881182675107155
leaf_weight=105570 269 84 192 71 154 147 54 50 295 100 80 50 50 476 57 58 70 79 63 118 89 524 52 70 122 255 115 2112 17442 480
leaf_count=105570 269 84 192 71 154 147 54 50 295 100 80 50 50 476 57 58 70 79 63 118 89 524 52 70 122 255 115 2112 17442 480
internal_value=7.73108e-06 2.65219e-05 0.00202546 0.00568182 0.00269697 0.016342 -0.000488281 3.72578e-05 0.00409836 0.000706845 -0.00464286 0.000833333 -0.01 0.00211466 -0.000595238 0.0026178 -0.0065534 -0.00184564 0.000304878 -0.00240741 0.00108696 -0.00208333 0.000694444 -0.00486111 -0.0109375 -0.00483607 -0.00182292 -1.47288e-05 -0.000579016 -0.00113827
internal_weight=129348 128196 2592 1056 825 231 1536 671 366 1344 280 180 100 1064 588 382 206 149 328 270 207 1152 576 576 192 305 384 125604 20034 17922
internal_count=129348 128196 2592 1056 825 231 1536 671 366 1344 280 180 100 1064 588 382 206 149 328 270 207 1152 576 576 192 305 384 125604 20034 17922
is_linear=0
shrinkage=0.05


Tree=272
num_leaves=31
num_cat=0
split_feature=0 4 0 5 9 7 3 8 8 11 0 3 8 8 1 11 3 0 0 0 4 8 3 4 4 7 0 0 0 9
split_gain=2.00666 3.53131 2.24371 7.46302 7.27708 14.5559 23.8501 10.0032 10.9663 9.22273 8.7566 7.83475 8.67797 7.53633 9.05507 7.52779 6.99491 6.6338 10.1053 6.24946 28.0593 13.8208 16.9538 11.6474 19.4925 15.6607 14.9058 13.6031 22.4696 16.7432
threshold=1.0000000180025095e-35 -0.71502926860092908 36.500000000000007 1.0000000180025095e-35 12.247135416666669 24.912500000000005 0.79904096188274243 32.250000000000007 31.650000000000002 1.000843247572776 53.500000000000007 0.42958674266195179 16.050000000000004 34.250000000000007 1.5000000000000002 0.98770160441593557 0.99939377080793557 54.500000000000007 69.500000000000014 43.500000000000007 -0.21862536810265826 31.850000000000005 -0.89015004145349408 -0.54219087765047058 -0.52765736634565841 32.51250000000001 52.500000000000007 68.500000000000014 77.500000000000014 26.49270833333334
decision_type=2 2 2 2 2 2 2 2 2 2 2 2 2 2 2 2 2 2 2 2 2 2 2 2 2 2 2 2 2 2
left_child=1 -1 -2 19 11 6 9 8 -7 15 13 12 -5 -9 -15 -6 -8 -11 -19 20 -4 22 -22 27 -25 -26 -27 -21 -29 -30
right_child=2 -3 3 4 5 7 16 10 -10 17 -12 -13 -14 14 -16 -17 -18 18 -20 23 21 -23 -24 24 25 26 -28 28 29 -31
leaf_value=-0.049658204637627539 0.0012089227460307939 -0.00083615577220257369 0.019652740332600872 0.035627732773505727 -0.02188503020191206 0.029655299075388799 0.088706728226972592 0.01045199279765683 0.11729312144929338 -0.14809868549103841 0.026431908918511483 0.1319289838130274 -0.063776623918812447 0.0036192185677791145 -0.1066081926354272 -0.083166633406956694 -0.014127488200664829 0.085461519296135435 -0.011011780558399666 -0.022475141281710621 0.024193257188211706 -0.086418536390311829 -0.050937605407994371 0.12407957909617623 0.00030869443845915612 -0.0098771811060288442 0.042828392581803598 0.028590513310535928 -0.16976619474117527 -0.0078349097228695552
leaf_weight=395 48533 952 4176 59 295 1098 174 289 118 93 1322 118 59 119 170 271 52 76 230 12030 623 560 3528 364 38125 831 1702 4321 198 8467
leaf_count=395 48533 952 4176 59 295 1098 174 289 118 93 1322 118 59 119 170 271 52 76 230 12030 623 560 3528 364 38125 831 1702 4321 198 8467
internal_value=8.11764e-06 -0.00191166 2.83201e-05 -0.000135275 0.00183249 0.00136406 -0.00333753 0.0031611 0.0067023 -0.00676166 0.000894737 0.0103814 0.00127119 -0.00423875 -0.0099481 -0.0108657 0.0112832 -0.00093985 0.00261438 -0.000254588 -0.00149938 -0.00414456 -0.00314984 -8.70711e-05 0.000431476 0.000328349 0.00413541 -0.0009374 0.000184814 -0.0012839
internal_weight=129348 1347 128001 79468 4543 4307 1191 3116 1216 965 1900 236 118 578 289 566 226 399 306 74925 8887 4711 4151 66038 41022 40658 2533 25016 12986 8665
internal_count=129348 1347 128001 79468 4543 4307 1191 3116 1216 965 1900 236 118 578 289 566 226 399 306 74925 8887 4711 4151 66038 41022 40658 2533 25016 12986 8665
is_linear=0
shrinkage=0.05


Tree=273
num_leaves=31
num_cat=0
split_feature=0 10 7 8 3 9 11 9 7 8 7 7 4 9 1 11 7 3 1 3 11 8 11 3 3 7 7 0 3 3
split_gain=2.07004 5.1464 4.17653 5.9224 3.85703 4.64251 3.64533 3.47819 2.84746 5.32479 4.8104 3.50396 6.70949 4.79851 3.53231 3.28929 3.26146 2.99033 2.98303 2.83933 2.6402 2.56861 2.44399 3.89811 2.52209 2.54868 2.565 2.35994 7.78333 7.60826
threshold=92.500000000000014 1.0000000180025095e-35 27.087500000000006 33.150000000000013 -0.80924678377697201 26.111979166666668 0.9763748118454606 29.444531250000001 10.287500000000003 18.650000000000002 16.912500000000005 20.812500000000004 0.63755505330306683 25.482812500000005 4.5000000000000009 0.85658788097574401 15.412500000000003 -0.15101209918632377 2.5000000000000004 0.57077594689671507 1.0571501552533558 29.250000000000004 0.94187976625705427 -0.58482361983252518 -0.29343379936893921 30.487500000000004 28.487500000000004 73.500000000000014 -0.99940763397299126 0.022575936829235418
decision_type=2 2 2 2 2 2 2 2 2 2 2 2 2 2 2 2 2 2 2 2 2 2 2 2 2 2 2 2 2 2
left_child=27 4 3 8 5 6 -2 -5 9 20 16 12 21 14 -13 -15 18 -17 -10 -6 -3 -12 -4 -24 -25 26 -26 -1 -29 -30
right_child=1 2 22 7 19 -7 -8 -9 10 -11 11 13 -14 15 -16 17 -18 -19 -20 -21 -22 -23 23 24 25 -27 -28 28 29 -31
leaf_value=0.00045590607700489731 -0.0040919270944755224 0.01492530648875743 0.020926691588898906 0.057638282651294052 0.030297387220016958 0.026623017818985774 -0.050444372936112813 -0.056515337902305875 0.024807382311794871 -0.074262331761103445 -0.039640264715856688 0.0067347473550427141 0.02909290516664953 0.028233569947865078 0.039407265556181417 -0.010171027477755957 0.028595123432216953 -0.093855240024323203 -0.005610306133876009 0.0054163499464408467 -0.017241214828010245 -0.0088438901626972221 -0.092752878945032091 0.035440887920583468 -0.0080681652965012059 0.03916286591312286 -0.10166049896743559 -0.048843836505277953 0.002264661640916188 -0.0079591357144771276
leaf_weight=99709 57 72 99 215 993 144 54 63 152 54 107 111 50 58 52 309 95 84 182 453 51 67 119 74 110 55 162 228 12605 12764
leaf_count=99709 57 72 99 215 993 144 54 63 152 54 107 111 50 58 52 309 95 84 182 453 51 67 119 74 110 55 162 228 12605 12764
internal_value=1.19832e-05 0.00112568 -0.00039513 0.00087108 0.00321869 -0.00245098 -0.0101351 0.00755396 -0.000415512 -0.00635593 0.000414365 -0.00178998 -0.00714286 0.000162866 0.00751534 -0.00249446 0.00472028 -0.00413486 0.00239521 0.00421853 -0.000609756 -0.0117816 -0.00391761 -0.00528846 -0.00293017 -0.00481651 -0.00680147 -2.39414e-05 -0.000452201 -0.000369546
internal_weight=129348 4042 2341 1722 1701 255 111 278 1444 177 1267 838 224 614 163 451 429 393 334 1446 123 174 619 520 401 327 272 125306 25597 25369
internal_count=129348 4042 2341 1722 1701 255 111 278 1444 177 1267 838 224 614 163 451 429 393 334 1446 123 174 619 520 401 327 272 125306 25597 25369
is_linear=0
shrinkage=0.05


Tree=274
num_leaves=31
num_cat=0
split_feature=3 3 11 8 0 8 1 0 0 11 8 7 11 3 10 11 0 7 7 0 0 0 0 3 9 4 11 3 7 3
split_gain=2.03072 4.20428 10.3931 10.3483 8.87784 7.91919 4.43368 4.21775 6.81878 8.31653 7.42866 7.02612 6.1679 7.04187 6.16202 5.90088 5.60593 5.26166 9.28548 5.1511 4.98926 4.94607 4.23556 4.0352 20.2854 25.1513 14.5241 19.2737 17.0261 16.9794
threshold=0.99939377080793557 0.98522604642031408 0.95583780249162331 35.050000000000004 89.500000000000014 37.150000000000013 2.5000000000000004 86.500000000000014 75.500000000000014 1.0165369992544311 32.45000000000001 23.262500000000006 1.0353027724959731 0.99761913169647187 1.0000000180025095e-35 0.96717358864259573 41.500000000000007 24.212500000000006 21.012500000000006 25.500000000000004 57.500000000000007 7.5000000000000009 71.500000000000014 0.77244481603295057 18.314583333333335 0.5969655492110445 1.0653535727147359 0.79383249484937135 37.312500000000007 0.96904697354198299
decision_type=2 2 2 2 2 2 2 2 2 2 2 2 2 2 2 2 2 2 2 2 2 2 2 2 2 2 2 2 2 2
left_child=1 23 6 7 5 -5 -3 8 12 10 -10 -11 15 -14 -9 17 19 18 -4 -15 -19 -17 -23 -1 -25 26 27 -26 29 -29
right_child=-2 2 3 4 -6 -7 -8 14 9 11 -12 -13 13 16 -16 21 -18 20 -20 -21 -22 22 -24 24 25 -27 -28 28 -30 -31
leaf_value=0.00047517296016579284 -0.0064512209038575467 -0.10184022222358068 0.038690667666516278 -0.015758500876525972 0.074985280303810242 0.068223729549798412 -0.0063134191957779258 -0.00051962128989373473 -0.01615380991204347 0.011442095146496457 0.081137795760434991 -0.085977878734547639 0.050131904963961207 0.0045952073530671099 0.037481523515505447 0.022808002908019633 0.045096596202485274 0.080999415917978018 -0.037974327028741331 -0.064155630425119625 0.0073682062072052195 -0.0059835820964941888 0.092055511256888434 0.019619366817804008 -0.14218360583485465 -0.055312070812662741 0.0062278641728035211 -0.0098102495205367301 0.089755716766283911 -0.046215838754080356
leaf_weight=105570 1152 96 111 900 66 90 480 99 99 52 77 113 532 104 180 112 136 124 134 64 87 896 56 2112 192 480 4780 9547 305 602
leaf_count=105570 1152 96 111 900 66 90 480 99 99 52 77 113 532 104 180 112 136 124 134 64 87 896 56 2112 192 480 4780 9547 305 602
internal_value=6.57142e-06 2.53518e-05 0.00150825 0.00240575 -0.00184659 -0.0030303 -0.00477431 0.00391465 0.00330923 -0.00329912 0.00426136 -0.0113636 0.0042657 0.00771531 0.00976703 0.00236842 0.00164474 0.00712719 0.00214286 -0.00446429 0.0129147 0.000328947 -0.000840336 -2.99382e-05 -0.000721501 -0.00133283 -0.000982108 -0.00201014 -0.00172183 -0.00207163
internal_weight=129348 128196 4608 4032 1056 990 576 2976 2697 341 176 165 2356 836 279 1520 304 456 245 168 211 1064 952 123588 18018 15906 15426 10646 10454 10149
internal_count=129348 128196 4608 4032 1056 990 576 2976 2697 341 176 165 2356 836 279 1520 304 456 245 168 211 1064 952 123588 18018 15906 15426 10646 10454 10149
is_linear=0
shrinkage=0.05


Tree=275
num_leaves=31
num_cat=0
split_feature=1 3 9 9 8 8 10 8 8 9 7 9 8 9 4 4 8 9 4 11 3 0 8 7 11 11 4 3 11 9
split_gain=2.08032 10.7692 12.5254 25.8666 22.4985 21.132 20.4188 18.6884 24.8573 18.4251 16.0145 13.0298 15.2002 14.6944 13.5718 11.4751 20.0437 17.3164 15.1135 25.3828 12.8 11.9847 11.283 11.1732 11.1558 26.9625 10.8507 10.6953 11.8828 9.79215
threshold=1.5000000000000002 -0.9954993026558282 17.489322916666669 20.344270833333336 26.350000000000005 25.050000000000004 1.0000000180025095e-35 30.650000000000002 30.950000000000003 26.989322916666673 24.912500000000005 12.070312500000002 23.550000000000004 16.230208333333334 0.97461712852231652 -0.97507822412530132 37.150000000000013 30.687239583333337 -0.96904977397942549 1.1032809260710428 0.099822040462190967 42.500000000000007 19.250000000000004 28.112500000000004 1.0357773587453021 1.0259232196813726 0.73721509932751383 0.099822040462190967 1.0635821354874333 12.247135416666669
decision_type=2 2 2 2 2 2 2 2 2 2 2 2 2 2 2 2 2 2 2 2 2 2 2 2 2 2 2 2 2 2
left_child=1 23 5 4 6 11 -4 9 -9 10 24 14 29 -14 -3 16 17 20 19 -17 -10 -21 -16 -1 25 -5 -8 28 -18 -13
right_child=-2 2 3 7 -6 -7 26 8 15 -11 -12 12 13 -15 22 18 27 -19 -20 21 -22 -23 -24 -25 -26 -27 -28 -29 -30 -31
leaf_value=-0.010399731954056791 -0.00061788045943700354 0.070401059094225366 -0.026232451395132729 -0.016895832231942621 0.05622186701161809 -0.11460911421844529 0.044433480439547424 0.045989730033736013 0.013752668834209914 -0.075656408529018657 0.014971171960453944 -0.058835560169474381 0.11763395751851889 0.002108071933012923 -0.0032631954685207634 0.17057092867764612 -0.19129723986389566 -0.12018165690099991 0.0059273613703567209 0.037073570186883842 -0.05658380826348193 -0.20104319434973306 0.081413361193449427 -0.088104575817089179 -0.071053650148046904 0.15689035491414885 0.0029308080410054061 0.1073770021324208 0.055715562536859414 -0.0096654998349265508
leaf_weight=578 92881 384 960 2125 1056 288 576 1248 960 576 1715 288 192 576 1248 384 96 768 15251 86 480 106 96 190 244 140 384 192 288 4992
leaf_count=578 92881 384 960 2125 1056 288 576 1248 960 576 1715 288 192 576 1248 384 96 768 15251 86 480 106 96 190 244 140 384 192 288 4992
internal_value=4.2521e-06 0.000324266 0.000450293 0.000956215 0.00535954 -0.00128348 0.00213542 0.000424794 0.00110152 -0.002375 -0.00123106 -0.000790895 -0.00188492 0.0046875 0.00303819 0.000643437 -0.00231681 -0.0044837 0.00116415 0.00911458 -0.00125 -0.00572917 0.000669643 -0.00553385 -0.0037764 -0.00268212 0.00729167 0.00598958 0.00117188 -0.00284091
internal_weight=129348 36467 35699 27635 2976 8064 1920 24659 19859 4800 4224 7776 6048 768 1728 18611 2784 2208 15827 576 1440 192 1344 768 2509 2265 960 576 384 5280
internal_count=129348 36467 35699 27635 2976 8064 1920 24659 19859 4800 4224 7776 6048 768 1728 18611 2784 2208 15827 576 1440 192 1344 768 2509 2265 960 576 384 5280
is_linear=0
shrinkage=0.05


Tree=276
num_leaves=31
num_cat=0
split_feature=1 9 9 8 8 10 8 11 11 3 8 7 9 8 9 4 3 8 9 8 4 8 3 9 4 11 0 3 11 3
split_gain=2.17747 9.96469 25.6528 21.3871 20.8179 18.4083 15.4885 18.0798 24.3883 15.2751 23.2625 11.4399 11.42 14.2639 14.2192 12.0536 10.7641 10.6319 9.78526 18.3926 9.7172 18.1272 16.2311 21.6099 15.2821 22.7812 10.6724 9.38889 10.5035 9.20224
threshold=1.5000000000000002 17.489322916666669 20.344270833333336 26.350000000000005 25.050000000000004 1.0000000180025095e-35 30.650000000000002 1.0357773587453021 1.0259232196813726 -0.9954993026558282 30.950000000000003 22.662500000000005 12.070312500000002 23.550000000000004 16.230208333333334 0.97461712852231652 0.87397152483179585 19.250000000000004 12.247135416666669 18.450000000000003 -0.97507822412530132 37.150000000000013 0.056951373111866731 31.820312500000004 -0.96904977397942549 1.1032809260710428 42.500000000000007 0.099822040462190967 1.0635821354874333 0.87397152483179585
decision_type=2 2 2 2 2 2 2 2 2 2 2 2 2 2 2 2 2 2 2 2 2 2 2 2 2 2 2 2 2 2
left_child=1 4 3 5 12 -3 7 8 11 -8 -11 -4 15 18 -15 -1 -7 -17 -14 -20 21 22 23 -12 25 -22 -27 28 -23 -2
right_child=29 2 6 -5 -6 16 9 -9 -10 10 20 -13 13 14 -16 17 -18 -19 19 -21 24 27 -24 -25 -26 26 -28 -29 -30 -31
leaf_value=0.066881006139514199 0.0003926647333848621 -0.024920828825375455 -0.021540637815169818 0.053410773661036616 -0.10887865850752335 0.0098959433245312325 -0.047758725374551864 -0.062966830400581847 0.1428084681111905 0.043690243532049068 0.017431746034333173 2.981085856390564e-05 -0.055893782161000161 0.11175225964259283 0.0020026683363617791 -0.0031000356950947605 0.05301857632210414 0.07734269313377809 0.016467532620081472 -0.014002600909751806 0.16204238224376369 -0.18173237787070065 -0.080138073550109115 -0.148834503086335 0.0056309933018383164 0.035219891677539299 -0.19099103463224695 0.10200815202580032 0.052929784410017083 -0.0060441505783714435
leaf_weight=384 81174 960 1453 1056 288 576 384 672 192 1248 1056 2867 288 192 576 1248 384 96 576 4416 384 96 864 288 15251 86 106 192 288 11707
leaf_count=384 81174 960 1453 1056 288 576 384 672 192 1248 1056 2867 288 192 576 1248 384 96 576 4416 384 96 864 288 15251 86 106 192 288 11707
internal_value=1.46891e-05 0.00034209 0.000782488 0.00517473 -0.00120908 0.00203125 0.000268415 -0.00217014 -0.00103059 0.000892901 0.00108389 -0.00180556 -0.000720165 -0.00174438 0.0046224 0.00286458 0.00692708 0.00063244 -0.00267045 -0.00215345 0.00064075 -0.00208333 -0.00414402 -0.000706845 0.00111992 0.00911458 -0.00494792 0.00581597 0.00130208 -0.000113855
internal_weight=129348 36467 28403 2976 8064 1920 25427 5184 4512 20243 19859 4320 7776 6048 768 1728 960 1344 5280 4992 18611 2784 2208 1344 15827 576 192 576 384 92881
internal_count=129348 36467 28403 2976 8064 1920 25427 5184 4512 20243 19859 4320 7776 6048 768 1728 960 1344 5280 4992 18611 2784 2208 1344 15827 576 192 576 384 92881
is_linear=0
shrinkage=0.05


Tree=277
num_leaves=31
num_cat=0
split_feature=6 11 9 8 8 0 1 7 0 3 0 11 11 1 4 8 10 8 7 0 4 0 3 8 7 1 7 8 4 9
split_gain=1.96741 4.00022 5.25174 3.33885 6.84056 6.61134 4.44444 4.24914 4.20478 7.16707 5.43478 5.1398 5.11051 4.67308 4.45119 9.521 6.75 5.64676 5.25499 5.15996 4.66683 4.6791 4.1549 5.1268 5.29334 3.63636 7.04776 6.862 3.50054 4.88312
threshold=1.0000000180025095e-35 1.1649345393363679 29.157031250000006 19.150000000000002 19.750000000000004 35.500000000000007 2.5000000000000004 6.1125000000000016 23.500000000000004 -0.73866753694953124 14.500000000000002 0.91718490123342256 0.93041277635383546 4.5000000000000009 0.87291090774974645 28.850000000000005 1.0000000180025095e-35 29.050000000000004 22.512500000000006 57.500000000000007 0.70138038092733435 54.500000000000007 -0.71504373327588355 23.650000000000002 15.612500000000002 3.5000000000000004 19.312500000000004 30.250000000000004 -0.85225707553516283 31.266927083333339
decision_type=2 2 2 2 2 2 2 2 2 2 2 2 2 2 2 2 2 2 2 2 2 2 2 2 2 2 2 2 2 2
left_child=-1 3 -3 5 -5 7 -7 -2 9 11 22 -6 -12 -14 15 18 -16 -17 -10 -18 -20 -22 -11 -24 -25 26 -13 -28 -19 -30
right_child=1 2 -4 4 8 6 -8 -9 14 10 12 25 13 -15 16 17 19 28 20 -21 21 -23 23 24 -26 -27 27 -29 29 -31
leaf_value=-0.00018632570362910885 -0.0090218521502144714 0.10470702871569842 0.0081648836326394299 0.076184062578229836 -0.090174123818533056 -0.11746618126535964 -0.022659841851903197 0.027064327693734215 0.0094543329555357054 0.047751615329887899 0.026458152784516645 -0.030494557669457835 -0.031050427304394647 0.01461714524568123 -0.04228573497727553 -0.086625506613944483 -0.046501955730295919 0.075212555971980066 0.090125081668469428 0.043012087722087249 -0.014836145831040426 0.095227055011274334 0.030823837480139105 -0.033402638593395297 0.0031420954428341475 -0.064565441052107528 0.042713434153114349 -0.016266247095963849 0.0058917810856165438 -0.037922520862476009
leaf_weight=122439 56 96 192 96 96 60 120 52 456 60 63 84 243 108 216 72 102 213 255 114 84 69 75 53 502 96 84 96 2664 432
leaf_count=122439 56 96 192 96 96 60 120 52 456 60 63 84 243 108 216 72 102 213 255 114 84 69 75 53 502 96 84 96 2664 432
internal_value=7.73108e-06 0.000828629 0.00659722 0.000577707 0.000817148 -0.0046875 -0.0105556 0.00509259 0.000613276 -0.00163462 0.000543478 -0.00690789 -0.00398551 -0.00633903 0.00136305 0.00185512 -0.00347222 0.000658089 0.00653935 0.00277778 0.0106618 0.00375817 0.00326087 0.00206349 0.000405405 -0.00416667 -0.00113636 0.00444444 0.000959504 0.000532946
internal_weight=129348 6909 288 6621 6333 288 180 108 6237 1560 1104 456 414 351 4677 4245 432 3381 864 216 408 153 690 630 555 360 264 180 3309 3096
internal_count=129348 6909 288 6621 6333 288 180 108 6237 1560 1104 456 414 351 4677 4245 432 3381 864 216 408 153 690 630 555 360 264 180 3309 3096
is_linear=0
shrinkage=0.05


Tree=278
num_leaves=31
num_cat=0
split_feature=3 3 0 8 0 8 3 8 7 11 7 11 10 8 0 11 11 11 0 3 0 0 11 0 8 0 11 3 10 8
split_gain=1.94872 4.15606 8.72727 11.0017 7.11325 7.74694 8.47458 6.30515 6.76077 8.23983 4.80872 4.7847 4.4349 6.40957 4.28355 9.27101 4.59143 10.2706 8.83553 4.93161 4.88797 4.54146 4.5259 5.24271 4.0931 3.91789 3.91962 3.76387 3.64335 6.41552
threshold=0.99939377080793557 0.99053107487289871 87.500000000000014 30.250000000000004 19.500000000000004 29.850000000000005 0.99374995976406788 26.250000000000004 22.512500000000006 1.0916629031903622 18.412500000000005 1.0400758936931782 1.0000000180025095e-35 31.750000000000004 69.500000000000014 1.0165369992544311 1.0165369992544311 0.98770160441593557 40.500000000000007 0.99374995976406788 59.500000000000007 31.500000000000004 0.95583780249162331 56.500000000000007 30.250000000000004 81.500000000000014 0.96359846643765257 0.99761913169647187 1.0000000180025095e-35 34.650000000000013
decision_type=2 2 2 2 2 2 2 2 2 2 2 2 2 2 2 2 2 2 2 2 2 2 2 2 2 2 2 2 2 2
left_child=1 -1 4 -4 5 10 -7 -6 12 14 -3 -5 -9 -14 16 25 17 22 21 -19 27 -18 24 -24 -10 26 -16 -21 -20 -30
right_child=-2 2 3 11 7 6 -8 8 9 -11 -12 -13 13 -15 15 -17 18 19 28 20 -22 -23 23 -25 -26 -27 -28 -29 29 -31
leaf_value=-0.00010449268780305944 -0.0060073648161505849 0.0080250371682922157 -0.018249622809553046 0.072519663125039102 0.052019069927899869 -0.004312278225922484 0.022947883206378351 -0.070983180933853876 0.014307863493971241 -0.085864402079518246 -0.054907846033738397 0.011617758178545757 -0.024388454966272378 0.021253473606992659 -0.049201699836643797 -0.039936519596810882 0.025141198562540979 0.025731826751409417 0.010241076819291095 -0.16944053511137014 0.006683630909787297 -0.04342647529082342 0.076612086828066597 -0.0025988661513537182 -0.025515558745640023 0.032959093183427511 0.032359497993206081 -0.03046482868125935 0.12547936879564361 0.01530020217610968
leaf_weight=124740 1152 51 56 160 68 160 440 127 108 61 69 72 157 119 76 236 57 78 145 150 80 123 131 65 74 93 144 95 145 116
leaf_count=124740 1152 51 56 160 68 160 440 127 108 61 69 72 157 119 76 236 57 78 145 150 80 123 131 65 74 93 144 95 145 116
internal_value=7.34453e-06 2.57418e-05 0.00173611 0.0100694 0.000978535 0.00534722 0.00766667 -0.000306373 -0.000735294 0.000467881 -0.00625 0.0148707 -0.00663772 -0.00307971 0.00104384 -0.0026867 0.00254206 3.20102e-05 0.00588737 -0.00552109 -0.00823077 -0.00333333 0.00595238 0.0112245 0.000274725 0.00295527 -0.000681818 -0.0117347 0.00997537 0.0135057
internal_weight=129348 128196 3456 288 3168 720 600 2448 2380 1977 120 232 403 276 1916 549 1367 781 586 403 325 180 378 196 182 313 220 245 406 261
internal_count=129348 128196 3456 288 3168 720 600 2448 2380 1977 120 232 403 276 1916 549 1367 781 586 403 325 180 378 196 182 313 220 245 406 261
is_linear=0
shrinkage=0.05


Tree=279
num_leaves=31
num_cat=0
split_feature=1 3 9 11 0 0 10 11 11 3 11 9 8 3 11 5 3 9 4 11 11 9 9 11 9 4 9 0 3 3
split_gain=1.94672 8.97716 22.0052 10.1531 8.44168 9.6628 12.9387 10.5651 19.2714 9.6233 16.1565 18.4971 9.18806 9.11423 9.04563 13.1168 8.76769 8.73514 8.24642 14.2654 10.8951 9.77606 8.79104 9.9173 12.7395 9.83046 9.14218 8.18283 9.21435 8.81293
threshold=5.5000000000000009 -0.98370366633421236 25.992708333333336 0.94932709307190133 20.500000000000004 72.500000000000014 1.0000000180025095e-35 1.0118133182750044 0.99517992508811626 -0.40614700388750385 1.0693501317157568 28.071614583333339 31.050000000000004 -0.39036798905311365 1.0221204649632492 1.0000000180025095e-35 -0.05695216311707673 16.893750000000004 -0.64580103137750788 1.0571501552533558 1.0315188957178159 28.983854166666671 27.625781250000006 1.0286377156291111 24.729427083333338 0.51113019672828186 28.028125000000003 63.500000000000007 0.7090011537757156 0.98667101781630195
decision_type=2 2 2 2 2 2 2 2 2 2 2 2 2 2 2 2 2 2 2 2 2 2 2 2 2 2 2 2 2 2
left_child=-1 2 -2 -4 9 6 -6 8 12 10 11 17 -8 -11 -9 27 -10 -3 20 22 21 -7 23 24 25 -20 -24 29 -29 -16
right_child=1 4 3 -5 5 18 7 14 16 13 -12 -13 -14 -15 15 -17 -18 -19 19 -21 -22 -23 26 -25 -26 -27 -28 28 -30 -31
leaf_value=-0.00036094163845419304 0.028014817832540475 -0.050267785152057348 -0.162303061730114 -0.036974872560382725 0.00017053671190225828 -0.056237335529831969 0.041703404698420599 -0.03491264577630631 0.12960196906387153 -0.088114983805797922 -0.13214541847271663 0.073449437145776383 0.00039486059347026981 -0.0091729266914910568 0.036987251961918592 -0.20514434345095225 0.050281325428912282 0.0025153748944028113 -0.027343514524957868 0.060128500644696464 -0.063330052377799012 0.02993539013820197 -0.12814025564889706 -0.051071500892551573 0.051859441021045428 0.011286406791743531 -0.025960306461372797 -0.057069799300536773 0.055558165332051601 0.077947047148726523
leaf_weight=110082 288 63 96 480 4208 253 1404 468 312 63 84 420 1092 2643 1584 52 414 756 345 506 617 621 115 230 276 1150 299 233 108 86
leaf_count=110082 288 63 96 480 4208 253 1404 468 312 63 84 420 1092 2643 1584 52 414 756 345 506 617 621 115 230 276 1150 299 233 108 86
internal_value=3.47899e-06 0.000467144 -0.00451389 -0.0101563 0.000701011 0.001268 0.00213081 0.003672 0.00557107 -0.00132167 0.00217309 0.00361178 0.00348558 -0.0030303 0.00125444 0.00267814 0.012741 -0.000763126 -0.000679964 0.00086443 -0.00370557 -0.000114416 -0.00073499 0.000637181 0.0019057 8.3612e-05 -0.00736715 0.00331924 -0.003739 0.00476048
internal_weight=129348 19266 864 576 18402 14373 9961 5753 3222 4029 1323 1239 2496 2706 2531 2063 726 819 4412 2921 1491 874 2415 2001 1771 1495 414 2011 341 1670
internal_count=129348 19266 864 576 18402 14373 9961 5753 3222 4029 1323 1239 2496 2706 2531 2063 726 819 4412 2921 1491 874 2415 2001 1771 1495 414 2011 341 1670
is_linear=0
shrinkage=0.05


Tree=280
num_leaves=31
num_cat=0
split_feature=1 3 0 3 3 3 8 10 7 11 9 9 9 8 8 9 8 9 11 10 7 3 5 3 3 9 3 7 9 0
split_gain=2.00916 9.49352 13.728 12.778 18.2235 12.5306 10.4551 12.8584 10.1291 10.0393 9.613 32.0216 25.8013 21.194 15.61 9.96411 12.3292 12.3963 10.7865 12.1338 15.2172 9.2728 15.7091 11.3617 20.7701 20.3646 11.9168 15.4646 13.3403 10.0832
threshold=1.5000000000000002 0.9053161325100999 84.500000000000014 0.77244481603295057 0.79904096188274243 0.75014288946266361 27.550000000000004 1.0000000180025095e-35 35.51250000000001 1.0065665091727494 18.314583333333335 21.360677083333339 23.176562500000006 25.050000000000004 26.750000000000004 12.070312500000002 23.550000000000004 16.230208333333334 1.0711909405400801 1.0000000180025095e-35 10.012500000000001 -0.98046803196378884 1.0000000180025095e-35 -0.91936887716170002 -0.89785546691630314 29.979947916666667 -0.94139628442229062 26.787500000000005 27.430208333333336 88.500000000000014
decision_type=2 2 2 2 2 2 2 2 2 2 2 2 2 2 2 2 2 2 2 2 2 2 2 2 2 2 2 2 2 2
left_child=1 3 6 5 -5 10 7 -3 -8 -4 13 14 -13 15 -12 18 -17 -18 19 -1 -21 22 -14 25 -25 26 28 -28 -23 -26
right_child=-2 2 9 4 -6 -7 8 -9 -10 -11 11 12 21 -15 -16 16 17 -19 -20 20 -22 23 -24 24 29 -27 27 -29 -30 -31
leaf_value=0.057784065791823741 -0.00062801736062425564 -0.011834554570491207 0.023937201716093173 -0.093893387890585711 -0.010788939198428694 0.074853708302572389 -0.0015260949593908892 0.052085005784432786 0.061912355347579509 0.076841231282641337 0.015077500096095521 -0.058984922874358858 -0.023163667954592883 -0.090534070948735501 0.069744171602030752 -0.0099449081666996633 0.10619723466195766 0.0019351229210371912 -0.010489572118027724 0.042593342878281253 -0.049795297741152926 -0.0089883529995802292 0.043405341825582866 -0.13497616795860382 0.0058997282049617185 -0.083710985357696902 0.024171027792010594 0.15787443891637026 0.050362813378249174 -0.039863763069647722
leaf_weight=576 92881 255 275 288 2112 573 2713 340 262 187 1248 576 1920 480 864 5472 192 576 672 215 265 768 192 96 12628 192 291 285 960 994
leaf_count=576 92881 255 275 288 2112 573 2713 340 262 187 1248 576 1920 480 864 5472 192 576 672 215 265 768 192 96 12628 192 291 285 960 994
internal_value=1.54622e-06 0.000316039 0.00260417 3.16017e-05 -0.00347917 0.000312136 0.00155462 0.00760504 0.000344538 0.0107143 0.00016971 0.000742362 8.99376e-05 -0.00125473 0.00658144 -0.00064006 -0.00157051 0.00436198 0.00271991 0.00587121 0 0.00041744 -0.00269886 0.000823363 0.000258784 0.00392628 0.00523003 0.0114583 0.00315394 0.000422111
internal_weight=129348 36467 4032 32435 2400 30035 3570 595 2975 462 29462 21014 18902 8448 2112 7968 6240 768 1728 1056 480 18326 2112 16214 13718 2496 2304 576 1728 13622
internal_count=129348 36467 4032 32435 2400 30035 3570 595 2975 462 29462 21014 18902 8448 2112 7968 6240 768 1728 1056 480 18326 2112 16214 13718 2496 2304 576 1728 13622
is_linear=0
shrinkage=0.05


Tree=281
num_leaves=31
num_cat=0
split_feature=1 3 3 8 10 3 3 3 4 8 4 7 3 0 0 0 9 0 11 8 10 8 3 0 0 3 1 3 9 9
split_gain=2.03805 8.93783 18.4955 13.3883 13.5438 13.3753 11.6453 8.76502 30.3001 15.1545 29.7179 15.1751 14.8041 11.4249 27.0795 17.1189 12.7071 14.2161 12.9401 11.1435 27.5149 22.6056 17.4393 11.0746 12.3018 10.69 9.8322 11.6311 16.0799 17.9491
threshold=1.5000000000000002 0.87397152483179585 0.77244481603295057 26.450000000000003 1.0000000180025095e-35 0.78857998149907527 0.75014288946266361 0.87397152483179585 0.46611290379786346 29.050000000000004 0.20812153622207724 17.662500000000005 0.80926549319045582 69.500000000000014 53.500000000000007 84.500000000000014 27.600000000000005 34.500000000000007 0.9510013064145737 37.650000000000013 1.0000000180025095e-35 36.550000000000004 0.86548282553247169 55.500000000000007 75.500000000000014 0.93845596220871974 2.5000000000000004 0.7210268013660811 17.789062500000004 18.109895833333336
decision_type=2 2 2 2 2 2 2 2 2 2 2 2 2 2 2 2 2 2 2 2 2 2 2 2 2 2 2 2 2 2
left_child=1 2 6 4 -3 -4 -1 12 9 -9 13 -12 26 14 16 -15 -11 18 -18 20 -14 22 -22 -13 -25 -17 -2 -28 -29 -30
right_child=7 3 5 -5 -6 -7 -8 8 -10 10 11 23 19 15 -16 25 17 -19 -20 -21 21 -23 -24 24 -26 -27 27 28 29 -31
leaf_value=0.0010974594809049166 -0.0063041462256293816 -0.0049038697988009975 -0.13092508588070048 0.0045692609320568071 0.045143486043539842 -0.023880591914087292 0.071111022887443198 0.0090324160761880989 -0.11246509838246582 0.0043101677734348701 0.009980662520491991 -0.074584900917416527 -0.0498467724860042 -0.054126986160316908 0.036201246825039134 -0.052587089015440826 -0.080787877103763617 -0.076780260820839885 0.0012218106868076006 0.085339850912357212 0.02554735729435649 -0.12510330835051064 0.16138686566026622 0.0099085995739351066 -0.044682708150068612 0.016950336832641001 0.002070246906318829 -0.09324653647627841 0.044319696095776351 -0.022669693158400152
leaf_weight=29462 14474 288 192 3936 480 1536 573 2781 192 2268 143 641 768 1155 1230 187 140 665 1085 672 1536 192 192 280 280 660 59718 288 384 2950
leaf_count=29462 14474 288 192 3936 480 1536 573 2781 192 2268 143 641 768 1155 1230 187 140 665 1085 672 1536 192 192 280 280 660 59718 288 384 2950
internal_value=8.89074e-06 0.000325637 2.43995e-05 0.00235969 0.00839844 -0.00500579 0.000313801 -0.00011547 -0.00139446 -0.001066 -0.00208954 -0.00892857 6.89876e-05 -0.000845737 0.000352635 -0.00407093 -0.00157528 -0.00460317 -0.00140816 0.00331845 0.00187872 0.00507813 0.00688657 -0.0107619 -0.005625 0.00132822 -7.13239e-05 0.000197348 -0.00255384 -0.00157469
internal_weight=129348 36467 31763 4704 768 1728 30035 92881 11707 11515 8734 1344 81174 7390 5388 2002 4158 1890 1225 3360 2688 1920 1728 1201 560 847 77814 63340 3622 3334
internal_count=129348 36467 31763 4704 768 1728 30035 92881 11707 11515 8734 1344 81174 7390 5388 2002 4158 1890 1225 3360 2688 1920 1728 1201 560 847 77814 63340 3622 3334
is_linear=0
shrinkage=0.05


Tree=282
num_leaves=31
num_cat=0
split_feature=11 4 3 3 7 0 3 0 7 9 11 8 1 4 0 8 8 7 0 4 4 9 8 9 11 11 8 9 1 8
split_gain=2.0686 9.34061 11.9393 10.5796 8.27004 9.70388 9.5137 8.57789 7.6252 9.82506 6.08913 8.33531 15.2274 6.01667 7.81966 6.29762 6.37634 5.90867 5.6064 12.7597 11.7971 9.43591 10.2043 19.4053 7.31588 10.1014 11.0343 17.2474 16.9943 12.5372
threshold=0.89108496733767706 -0.95502570686053045 -0.16799356919963607 -0.99372698525316483 28.612500000000004 55.500000000000007 0.14250626876356556 31.500000000000004 38.162500000000016 29.525520833333335 0.89600948955585458 37.550000000000004 1.0000000180025095e-35 1.0000000180025095e-35 40.500000000000007 29.250000000000004 27.650000000000002 27.737500000000004 29.500000000000004 -0.95242240592625282 0.99748108949426018 13.811458333333336 24.050000000000004 19.588802083333338 0.73745831416842689 0.81414011311459489 30.150000000000002 17.649479166666669 1.0000000180025095e-35 31.050000000000004
decision_type=2 2 2 2 2 2 2 2 2 2 2 2 2 2 2 2 2 2 2 2 2 2 2 2 2 2 2 2 2 2
left_child=1 2 -1 13 -4 6 7 -6 9 18 11 12 -2 15 -15 16 -3 -14 20 -20 24 -21 -23 -24 -5 -26 27 -27 -29 -28
right_child=10 3 4 8 5 -7 -8 -9 -10 -11 -12 -13 17 14 -16 -17 -18 -19 19 21 -22 22 23 -25 25 26 29 28 -30 -31
leaf_value=0.08516447487680523 0.21263735319239674 -0.00026729029062906308 0.031661643166339105 0.033384330613068162 -0.031282986201793504 -0.077399625242688341 -0.063455847150555661 0.16031555735665537 -0.15440944308888335 0.024892784680027091 0.00018328112941716769 -0.085889233455355915 -0.0016825793106505671 -0.060157635423412618 0.034357154364366239 -0.035500187563313544 0.058411832492937778 0.05007635385832146 -0.23615142467092057 0.090286903977900582 0.13211523673835474 -0.039375687926550287 0.057530745888620775 -0.019424131713266492 -0.033657486937294583 0.051066717416216538 0.062990026973590574 0.0084371943556973868 -0.066250568763942405 0.012996042678803122
leaf_weight=280 96 192 499 180 51 378 115 195 65 890 117180 96 521 82 110 96 480 439 66 66 60 792 198 4092 510 180 120 210 480 629
leaf_count=280 96 192 499 180 51 378 115 195 65 890 117180 96 521 82 110 96 480 439 66 66 60 792 198 4092 510 180 120 210 480 629
internal_value=1.08235e-05 -0.000644517 0.00299736 -0.00122657 0.00088853 -0.00246955 0.00339335 0.00894309 -0.00178613 -0.00165526 7.18318e-05 0.00368924 0.00497159 0.00375 -0.00416667 0.00572917 0.00744048 0.00307292 -0.00223856 -0.00315497 -0.000221612 -0.0028749 -0.00311885 -0.00215618 -0.000790385 -0.00160874 0.000324274 -0.00350575 -0.00710145 0.00477303
internal_weight=129348 11016 1518 9498 1238 739 361 246 8538 8473 118332 1152 1056 960 192 768 672 960 7583 5214 2369 5148 5082 4290 2309 2129 1619 870 690 749
internal_count=129348 11016 1518 9498 1238 739 361 246 8538 8473 118332 1152 1056 960 192 768 672 960 7583 5214 2369 5148 5082 4290 2309 2129 1619 870 690 749
is_linear=0
shrinkage=0.05


Tree=283
num_leaves=31
num_cat=0
split_feature=8 8 11 3 10 8 4 3 3 0 9 3 3 9 8 11 0 11 0 0 1 8 1 9 3 9 8 11 3 3
split_gain=1.98193 12.3383 8.50753 8.45965 8.1442 12.0835 29.2014 17.153 16.0076 20.4578 16.3669 14.7354 18.1881 26.8141 12.8656 11.967 11.9188 17.8249 11.7516 11.5941 11.0536 10.7218 10.5304 9.98963 14.494 13.8003 9.42937 9.40403 9.14532 9.1117
threshold=36.550000000000004 35.350000000000001 1.1044857811753621 0.59177612190863982 1.0000000180025095e-35 37.650000000000013 -0.99628250747696534 0.81925054981890411 0.36648264796514479 29.500000000000004 31.589322916666671 0.17646842360078763 0.30983042691905771 34.057291666666679 36.850000000000001 0.97407968238158804 76.500000000000014 1.0751037620239305 37.500000000000007 18.500000000000004 1.5000000000000002 38.850000000000001 4.5000000000000009 31.820312500000004 0.97875492728876534 32.342708333333341 39.750000000000007 1.0610300454257775 0.84773968378660736 0.14250626876356556
decision_type=2 2 2 2 2 2 2 2 2 2 2 2 2 2 2 2 2 2 2 2 2 2 2 2 2 2 2 2 2 2
left_child=1 -1 -3 -4 5 6 -2 11 9 14 22 15 13 18 -8 -7 21 27 -13 20 23 -14 -10 24 -6 -25 -15 -18 -9 -17
right_child=4 2 3 -5 19 7 8 28 10 -11 -12 12 16 26 -16 29 17 -19 -20 -21 -22 -23 -24 25 -26 -27 -28 -29 -30 -31
leaf_value=-0.0001556100633422375 -0.14914532226520549 0.010121828015327594 0.026143189623709165 0.071070298065782828 -0.060082662609512741 -0.07887128589140105 0.0049756921670095272 0.11856429324025441 -0.053641008598810914 -0.0079332992365721122 -0.19222352252858671 -0.032352484111310531 0.080520363892183866 -0.16082445929874539 0.10686579597803957 0.036366571825924864 -0.012184319725166405 -0.10806399086475267 0.30220290420757512 -0.0067413315713452 -0.044965612472992689 0.0064995487254449818 0.030080302436746111 0.11530425179590793 0.073238813066024741 0.00068495778514829917 -0.063271561851135513 0.41466271063599863 0.021175211416739614 0.14081566431846043
leaf_weight=103716 288 4793 864 192 171 96 150 384 672 858 288 76 462 288 240 1344 475 399 116 6389 1058 3463 384 76 76 209 672 93 864 192
leaf_count=103716 288 4793 864 192 171 96 150 384 672 858 288 76 462 288 240 1344 475 399 116 6389 1058 3463 384 76 76 209 672 93 864 192
internal_value=1.19832e-05 9.5149e-05 0.00232946 0.00639205 -0.000448617 0.000385463 -0.00243056 0.00129426 -0.000752315 0.00332532 -0.00453869 0.00041037 -0.000727995 -0.00638021 0.0128205 0.00462623 0.000603025 -0.00436918 0.0106771 -0.00168254 -0.00550314 0.00182803 -0.0016572 0.00037594 -0.00698381 0.00675439 -0.00979167 0.00132042 0.00673077 0.00569661
internal_weight=129348 109565 5849 1056 19783 11804 2880 8924 2592 1248 1344 7676 6044 1152 390 1632 4892 967 192 7979 1590 3925 1056 532 247 285 960 568 1248 1536
internal_count=129348 109565 5849 1056 19783 11804 2880 8924 2592 1248 1344 7676 6044 1152 390 1632 4892 967 192 7979 1590 3925 1056 532 247 285 960 568 1248 1536
is_linear=0
shrinkage=0.05


Tree=284
num_leaves=31
num_cat=0
split_feature=8 11 11 10 1 0 3 7 3 3 8 8 3 7 8 9 1 7 3 0 4 0 3 8 11 9 8 10 0 8
split_gain=2.04839 1.97346 10.935 16.8442 19.3375 16.4464 13.7812 8.03632 6.8218 6.17404 8.61156 22.7954 16.0965 14.5142 12.2461 9.21771 15.4587 12.4888 11.7629 9.08338 10.6168 9.20515 8.90359 11.905 18.8694 15.1283 12.2555 12.1067 9.82429 9.75156
threshold=44.850000000000009 0.9083425663746435 0.91425880925186409 1.0000000180025095e-35 1.5000000000000002 66.500000000000014 -0.52766804058324157 38.162500000000016 0.9893236546938301 -0.99372698525316483 32.550000000000004 32.350000000000001 -0.11692013674435776 28.037500000000005 33.350000000000001 27.961718750000006 1.0000000180025095e-35 26.012500000000006 0.83849049182116964 39.500000000000007 0.98770287048522643 26.500000000000004 0.88220160189607266 29.150000000000002 0.73745831416842689 23.512760416666673 31.450000000000003 1.0000000180025095e-35 25.500000000000004 31.650000000000002
decision_type=2 2 2 2 2 2 2 2 2 2 2 2 2 2 2 2 2 2 2 2 2 2 2 2 2 2 2 2 2 2
left_child=1 7 3 6 -5 -6 -3 8 9 -1 11 19 13 14 -12 16 -14 -17 -19 20 22 -22 23 24 -11 27 -25 -26 -27 -28
right_child=-2 2 -4 4 5 -7 -8 -9 -10 10 12 -13 15 -15 -16 17 -18 18 -20 -21 21 -23 -24 26 25 28 29 -29 -30 -31
leaf_value=0.016750513484028319 -0.066661180221088051 0.040313758978067687 9.3285738206105862e-05 0.00010662962598573245 0.10964897371680422 0.0074792810550803786 -0.040265070345634514 -0.14635190435587192 -0.020882563604241258 0.035230856079999741 0.20759315525763641 -0.16776141284939713 0.20201326603594297 0.014761635726965495 0.033476095804017801 -0.061011713963135608 0.0078595037211506742 -0.01034857615484981 0.18072210842135378 -0.014488686465522704 0.11667323423667426 -0.017533715199461852 0.045331883005449929 0.022020516395016898 -0.084159802043015486 -0.088442402662220587 -0.18581384143285362 0.010905406622097758 -0.02788633894072419 -0.0036121983213128319
leaf_weight=960 96 576 112476 480 469 203 576 65 384 200 163 192 96 983 373 353 480 1709 76 5038 108 52 200 1160 360 260 80 400 140 640
leaf_count=960 96 576 112476 480 469 203 576 65 384 200 163 192 96 983 373 353 480 1709 76 5038 108 52 200 1160 360 260 80 400 140 640
internal_value=9.2773e-06 1.47e-05 8.40739e-05 0.00349392 0.0077691 0.013244 -0.00078125 -0.000535517 -0.000456375 -0.000276332 -0.000560744 -0.0014496 0.00129341 0.00541475 0.0120336 -0.00101326 0.00460069 -0.00252572 -0.000826331 -0.00107085 0.000847222 0.0134375 0.000261628 -0.00037037 -0.00393382 -0.00637931 0.00220745 -0.00223684 -0.01425 -0.00291667
internal_weight=129348 129252 114780 2304 1152 672 1152 14472 14407 14023 13063 8830 4233 1519 536 2714 576 2138 1785 8638 3600 160 3440 3240 1360 1160 1880 760 400 720
internal_count=129348 129252 114780 2304 1152 672 1152 14472 14407 14023 13063 8830 4233 1519 536 2714 576 2138 1785 8638 3600 160 3440 3240 1360 1160 1880 760 400 720
is_linear=0
shrinkage=0.05


Tree=285
num_leaves=31
num_cat=0
split_feature=9 8 8 3 8 7 11 3 9 8 3 8 8 9 10 9 11 7 10 0 9 0 3 8 4 0 0 7 1 0
split_gain=1.88603 9.52515 10.7413 12.0085 8.66788 9.6732 8.70591 8.25924 24.9389 14.659 18.1502 38.0646 16.0046 15.521 15.8203 29.6056 14.16 12.5482 17.7749 10.9727 13.1013 10.398 9.16741 15.7552 9.00035 13.9374 8.77377 7.71068 8.53107 7.53056
threshold=13.074218750000002 20.750000000000004 19.950000000000003 0.28519915169571858 18.850000000000005 11.662500000000003 0.99217867693061745 0.52033990680116082 12.703645833333335 19.050000000000004 0.28519915169571858 18.250000000000004 18.750000000000004 12.703645833333335 1.0000000180025095e-35 12.339322916666669 1.0015760182812448 7.9125000000000014 1.0000000180025095e-35 72.500000000000014 11.695833333333335 21.500000000000004 0.3504237462291826 17.450000000000003 0.98899263613956456 38.500000000000007 18.500000000000004 10.987500000000002 5.5000000000000009 82.500000000000014
decision_type=2 2 2 2 2 2 2 2 2 2 2 2 2 2 2 2 2 2 2 2 2 2 2 2 2 2 2 2 2 2
left_child=1 2 7 -4 5 6 -2 9 17 10 12 22 29 14 15 -11 21 26 -19 20 -18 -13 23 -12 -14 -26 -9 28 -5 -1
right_child=4 -3 3 27 -6 -7 -8 8 -10 13 11 16 24 -15 -16 -17 19 18 -20 -21 -22 -23 -24 -25 25 -27 -28 -29 -30 -31
leaf_value=-0.0064498185274288744 -0.029388783146040966 0.093256253295639635 -0.05950574455801743 -0.015638997004455747 0.00011578835723824454 0.025818718752446304 0.021244131890510689 0.0073579242154153237 -0.018440706682779508 0.074030738288893616 0.020475019567763299 0.0600236358466745 0.082292096302123252 0.06975369044244388 -0.020690983752509596 -0.10182697632158835 0.020593669052222197 -0.003338298483603808 0.054847242121101661 -0.13049815346980154 -0.059893260701835517 -0.02138757342169555 0.028976691329386031 -0.12439108366024741 -0.065106548844707388 0.051981671404521992 -0.041439055967106952 -0.037811591940545244 0.042061681990165314 0.0095697650253484326
leaf_weight=4565 221 96 384 129 115524 1388 119 68 480 480 96 66 288 288 576 96 146 246 562 299 803 222 672 96 78 114 84 332 115 715
leaf_count=4565 221 96 384 129 115524 1388 119 68 480 480 96 66 288 288 576 96 146 246 562 299 803 222 672 96 78 114 84 332 115 715
internal_value=1.15966e-05 -0.000582837 -0.000708333 -0.00578125 7.29199e-05 0.00358796 -0.00397059 -0.00026721 0.00326389 -0.000796875 -0.00161765 -0.00527083 -9.54861e-05 0.00385417 0.00125868 0.00711806 -0.00999349 0.00791667 0.010396 -0.0122997 -0.00966807 0 0.003125 -0.00651042 0.00864583 0.000260417 -0.00526316 -0.00121528 0.00553279 -0.000890152
internal_weight=129348 12096 12000 960 117252 1728 340 11040 1440 9600 8160 2400 5760 1440 1152 576 1536 960 808 1248 949 288 864 192 480 192 152 576 244 5280
internal_count=129348 12096 12000 960 117252 1728 340 11040 1440 9600 8160 2400 5760 1440 1152 576 1536 960 808 1248 949 288 864 192 480 192 152 576 244 5280
is_linear=0
shrinkage=0.05


Tree=286
num_leaves=31
num_cat=0
split_feature=9 8 8 3 7 8 0 11 4 1 7 0 9 0 4 9 11 3 3 8 8 3 8 0 5 6 5 0 8 3
split_gain=2.03316 8.93715 9.77596 10.9377 8.20965 7.58153 9.00084 12.8801 10.2273 8.7347 8.18238 7.97058 8.64752 7.59013 7.50781 7.4542 16.2302 10.6597 9.17745 12.8572 7.66717 9.62587 19.5973 13.1091 15.0436 14.4152 9.79172 9.03384 7.73009 12.0842
threshold=13.074218750000002 20.750000000000004 19.950000000000003 0.28519915169571858 17.062500000000004 18.850000000000005 73.500000000000014 0.97613136811415224 0.98005052076767474 4.5000000000000009 11.662500000000003 62.500000000000007 15.792968750000002 46.500000000000007 0.99349222267034787 12.786979166666667 1.0037329538813851 0.15101559051660998 0.52033990680116082 19.250000000000004 19.550000000000004 0.28519915169571858 18.250000000000004 35.500000000000007 1.0000000180025095e-35 1.0000000180025095e-35 1.0000000180025095e-35 82.500000000000014 18.250000000000004 0.01505151768384008
decision_type=2 2 2 2 2 2 2 2 2 2 2 2 2 2 2 2 2 2 2 2 2 2 2 2 2 2 2 2 2 2
left_child=1 2 4 14 15 6 8 -8 9 11 -11 12 -2 -12 -4 18 17 -17 20 -20 21 27 -23 25 -25 26 -24 28 -1 -30
right_child=5 -3 3 -5 -6 -7 7 -9 -10 10 13 -13 -14 -15 -16 16 -18 -19 19 -21 -22 22 23 24 -26 -27 -28 -29 29 -31
leaf_value=-0.0080230091845763241 0.048286478642685898 0.088593440630857861 -0.065993556513335966 -0.0056108331537409132 0.020308845940663647 0.00010999893937579941 0.016428679506135069 0.091564499084607578 -0.013395175132652072 -0.051639659312037622 0.06001238084217704 -0.021402896982429809 -0.010705484130693322 -0.019419042166505564 -9.0581277865453566e-05 -0.029857404588312875 -0.061643692438794064 0.041584402046604657 0.026029164055046294 -0.010282157853671947 0.055125443388095621 0.012882377257490418 -0.0088628355688456402 -0.10522679853600039 0.044197287486871066 0.05938673090721807 -0.066237161211024187 0.013565420649264581 -0.010367311272074888 0.029957655843080744
leaf_weight=3722 441 96 288 576 1466 115524 264 132 370 93 95 99 126 108 96 77 357 244 619 285 149 748 540 676 83 72 72 832 522 576
leaf_count=3722 441 96 288 576 1466 115524 264 132 370 93 95 99 126 108 96 77 357 244 619 285 149 748 540 676 83 72 72 832 522 576
internal_value=5.41176e-06 -0.000611772 -0.000733333 -0.00557292 -0.0003125 6.9082e-05 0.00335648 0.00997475 0.00138889 0.00410603 -0.00304054 0.00728228 0.0095679 0.00258621 -0.0121094 -0.000846041 -0.00589971 0.00225857 -0.000460881 0.00431416 -0.001001 -0.00121446 -0.00402784 -0.00743243 -0.0119565 -0.00241228 -0.00490196 -0.00012385 -0.000954357 0.00273224
internal_weight=129348 12096 12000 960 11040 117252 1728 396 1332 962 296 666 567 203 384 9574 678 321 8896 904 7992 7843 2191 1443 759 684 612 5652 4820 1098
internal_count=129348 12096 12000 960 11040 117252 1728 396 1332 962 296 666 567 203 384 9574 678 321 8896 904 7992 7843 2191 1443 759 684 612 5652 4820 1098
is_linear=0
shrinkage=0.05


Tree=287
num_leaves=31
num_cat=0
split_feature=1 11 9 9 8 10 8 0 4 8 3 8 8 1 8 8 11 3 4 8 4 11 3 9 0 3 7 7 3 4
split_gain=1.90851 8.54225 8.40305 21.2609 16.362 17.8255 16.078 10.914 12.0923 10.8693 13.0792 21.469 12.559 10.062 10.8709 13.5301 9.31817 8.81667 8.52161 15.8028 14.4025 21.6701 14.1629 18.0606 8.37569 10.0015 8.36647 11.5485 8.31015 28.0454
threshold=1.5000000000000002 1.2099088115144543 17.489322916666669 20.344270833333336 26.350000000000005 1.0000000180025095e-35 25.050000000000004 78.500000000000014 0.86439018870140905 30.650000000000002 -0.9954993026558282 30.950000000000003 30.550000000000004 1.0000000180025095e-35 23.550000000000004 21.550000000000004 1.0711909405400801 0.93237596376505805 -0.97507822412530132 37.150000000000013 -0.96904977397942549 1.1032809260710428 0.056951373111866731 31.820312500000004 16.500000000000004 0.63257020223555627 15.612500000000002 22.662500000000005 0.87397152483179585 0.46611290379786346
decision_type=2 2 2 2 2 2 2 2 2 2 2 2 2 2 2 2 2 2 2 2 2 2 2 2 2 2 2 2 2 2
left_child=1 2 6 4 5 -4 7 24 13 12 -11 -12 26 -9 15 -15 -10 -7 19 22 21 -20 23 -13 25 -1 -5 -28 -2 -30
right_child=28 -3 3 9 -6 17 -8 8 16 10 11 18 -14 14 -16 -17 -18 -19 20 -21 -22 -23 -24 -25 -26 -27 27 -29 29 -31
leaf_value=0.0079322667584847302 0.00036002952721432281 -0.095035077346820179 -0.021841413168075266 0.040912143992842688 0.047309627283663502 0.016151467546492881 -0.098947644212307048 -0.041215892908762444 0.030504415597788184 -0.044252227885690588 0.039607507073896646 0.016563896938514944 -0.17378396895109349 0.028088866909205024 0.11299891290375258 -0.071533414348677132 -0.01568895254630789 0.055218827432969422 0.15325506256262431 0.052905900144936881 0.0049452844542699388 -0.050513873476091223 -0.075739470709810783 -0.13979682871088459 -0.013907771606401553 -0.022102544604061337 -0.021775726795804931 0.00017865195241739684 -0.0039913447224606104 -0.10685918066838768
leaf_weight=1207 81174 96 960 128 1056 768 288 204 833 384 1248 1056 192 68 51 51 170 192 384 576 15251 192 864 288 5022 170 1624 3144 11515 192
leaf_count=1207 81174 96 960 128 1056 768 288 204 833 384 1248 1056 192 68 51 51 170 192 384 576 15251 192 864 288 5022 170 1624 3144 11515 192
internal_value=5.41176e-06 0.000311926 0.000351241 0.00075688 0.0047547 0.00200521 -0.00107267 -0.000643004 0.00339506 0.000287198 0.000806452 0.000983181 -0.00177869 -0.00427807 0.00470588 -0.00357143 0.00625623 0.00682292 0.000557466 -0.00199353 0.00100619 0.00876736 -0.00391757 -0.000706845 -0.00151195 0.00194263 -0.00128676 -0.00162542 -0.000114932 -0.0013603
internal_weight=129348 36467 36371 28307 2976 1920 8064 7776 1377 25331 20243 19859 5088 374 170 119 1003 960 18611 2784 15827 576 2208 1344 6399 1377 4896 4768 92881 11707
internal_count=129348 36467 36371 28307 2976 1920 8064 7776 1377 25331 20243 19859 5088 374 170 119 1003 960 18611 2784 15827 576 2208 1344 6399 1377 4896 4768 92881 11707
is_linear=0
shrinkage=0.05


Tree=288
num_leaves=31
num_cat=0
split_feature=6 11 7 9 0 0 11 0 8 7 8 11 3 1 9 8 8 9 7 0 8 8 11 4 11 8 4 7 8 4
split_gain=1.89187 3.79232 5.03828 4.54815 6.12791 3.05697 8.79052 4.67695 9.51514 6.88971 6.76022 6.4336 5.29956 5.9384 4.56 9.86842 6.44737 4.50025 3.42407 3.16575 9.75342 8.27627 6.10715 5.9793 5.77121 4.81543 4.72228 10.5276 5.10665 4.92094
threshold=1.0000000180025095e-35 1.1649345393363679 27.312500000000004 29.157031250000006 39.500000000000007 4.5000000000000009 0.91718490123342256 23.500000000000004 27.750000000000004 15.612500000000002 19.150000000000002 1.0118133182750044 -0.54220184589352438 1.0000000180025095e-35 30.359635416666674 35.250000000000007 33.350000000000001 31.337239583333336 13.812500000000002 70.500000000000014 31.350000000000005 32.750000000000007 0.99547686574958993 -0.85225707553516283 1.0267603807040537 38.550000000000004 -0.34234976856068178 29.712500000000006 37.050000000000004 -0.23537842981696178
decision_type=2 2 2 2 2 2 2 2 2 2 2 2 2 2 2 2 2 2 2 2 2 2 2 2 2 2 2 2 2 2
left_child=-1 5 -3 -4 -5 6 -2 8 9 11 -9 18 13 -10 15 16 -14 -16 -7 20 22 -21 -12 -23 -24 -25 27 -22 -29 -28
right_child=1 2 3 4 -6 7 -8 10 12 -11 19 -13 14 -15 17 -17 -18 -19 -20 21 26 23 24 25 -26 -27 29 28 -30 -31
leaf_value=-0.00022945853841207511 -0.058656012015117658 0.15617970937336878 0.075968986853172993 -0.065968972807546322 0.030668402530755402 -0.027411279184420323 0.021652821901766831 -0.040580045084003306 -0.102186837247298 0.030973361757327213 0.041395885927178716 0.013277152502384128 0.010374398686781207 -0.017464589450446513 -0.046540492710967385 0.052980943917647495 -0.020146929128519276 -0.0075335990137304527 0.016683320360297672 -0.011374528359942815 0.033596305596052645 0.26910047885750643 -0.0061515302266656139 0.037106022876638181 0.072307392160469428 -0.034283797667685433 0.035743555988954512 -0.085103473675916072 -0.015140832904261005 -0.0024728037964578675
leaf_weight=122439 55 57 76 53 102 90 290 216 95 84 1034 114 95 399 57 95 95 133 54 1075 150 50 517 375 141 150 188 305 341 423
leaf_count=122439 55 57 76 53 102 90 290 216 95 84 1034 114 95 399 57 95 95 133 54 1075 150 50 517 375 141 150 188 305 341 423
internal_value=1.93277e-06 0.000806919 0.00642361 0.00313853 -0.00177419 0.000562604 0.00514493 0.000310707 -0.00234554 0.00482456 0.00101208 0.000775194 -0.00487616 -0.00850202 -0.00110526 0.00289474 -0.00368421 -0.00710526 -0.00625 0.00140556 0.00234753 -0.000363636 0.00490544 0.00447826 0.00113982 0.00290476 -0.0007285 -0.00326633 -0.00603715 0.00257774
internal_weight=129348 6909 288 231 155 6621 345 6276 1311 342 4965 258 969 494 475 285 190 190 144 4749 3099 1650 1692 575 658 525 1407 796 646 611
internal_count=129348 6909 288 231 155 6621 345 6276 1311 342 4965 258 969 494 475 285 190 190 144 4749 3099 1650 1692 575 658 525 1407 796 646 611
is_linear=0
shrinkage=0.05


Tree=289
num_leaves=31
num_cat=0
split_feature=11 8 1 0 0 7 1 11 11 7 10 1 8 3 8 1 0 0 7 7 7 9 0 8 8 0 0 1 1 9
split_gain=1.86493 3.98669 11.3906 3.91111 6.13464 5.67384 2.83333 2.75866 5.83714 5.62441 8.19508 10.4132 5.25174 8.75521 4.65555 3.60923 3.16108 7.49534 7.60601 4.87853 4.67362 4.78686 3.08571 2.61918 2.59561 11.5647 6.53168 8.25806 2.19665 8.09313
threshold=1.2071527841224958 40.45000000000001 1.5000000000000002 65.500000000000014 78.500000000000014 36.912500000000016 2.5000000000000004 1.1649345393363679 1.1589671265514687 27.912500000000005 1.0000000180025095e-35 2.5000000000000004 38.45000000000001 0.29342972903661901 40.150000000000013 4.5000000000000009 81.500000000000014 57.500000000000007 31.812500000000007 29.412500000000005 35.38750000000001 30.817708333333339 22.500000000000004 35.95000000000001 35.850000000000001 25.500000000000004 30.500000000000004 2.5000000000000004 1.5000000000000002 17.489322916666669
decision_type=2 2 2 2 2 2 2 2 2 2 2 2 2 2 2 2 2 2 2 2 2 2 2 2 2 2 2 2 2 2
left_child=7 2 -2 5 -5 24 -6 8 28 10 -9 22 13 -10 16 -13 17 18 -11 -18 21 -19 -12 -20 25 -4 27 -26 29 -1
right_child=1 -3 3 4 6 -7 -8 9 12 14 11 15 -14 -15 -16 -17 19 20 23 -21 -22 -23 -24 -25 26 -27 -28 -29 -30 -31
leaf_value=-0.0046346805276712647 -0.090271850552559846 0.03901473533438065 -0.18832343039024269 0.079022241139472982 0.027998215298744356 -0.15686403317718317 -0.052985768061101626 0.11617534850818174 -0.10215761821036225 0.026578829757285406 -0.033425592506333861 0.14034014332968639 -0.19614742560997628 0.042522627199759459 -0.078466964652048443 0.025312364725392202 -0.12155415025383293 0.071123797232951355 -0.069857340611114441 0.0045342949379957535 0.16805403390502818 -0.054637976917223344 0.024749581219708716 -0.023840404679651785 -0.011429713187022373 0.042921629300161614 -0.076500427855462766 0.11290033588957514 -0.00060837221371343739 0.0046949098682432583
leaf_weight=8064 192 96 52 78 51 61 51 79 96 276 80 73 96 96 75 70 56 147 94 51 82 61 60 140 62 80 79 62 91057 27731
leaf_count=8064 192 96 52 78 51 61 51 79 96 276 80 73 96 96 75 70 56 147 94 51 82 61 60 140 62 80 79 62 91057 27731
internal_value=3.86554e-07 -0.00231481 -0.00351563 0 0.00611111 -0.00277778 -0.00196078 1.59553e-05 -7.86535e-06 0.00226935 0.00759669 0.00362191 -0.00711806 -0.00234375 0.000305499 0.0131119 0.00129548 0.002375 -0.00127451 -0.0067757 0.0087931 0.00480769 -0.00607143 -0.00790598 -0.000223881 -0.00568182 0.00332512 0.0104839 8.27736e-06 0.000340131
internal_weight=129348 864 768 576 180 396 102 128484 127140 1344 362 283 288 192 982 143 907 800 510 107 290 208 140 234 335 132 203 124 126852 35795
internal_count=129348 864 768 576 180 396 102 128484 127140 1344 362 283 288 192 982 143 907 800 510 107 290 208 140 234 335 132 203 124 126852 35795
is_linear=0
shrinkage=0.05


Tree=290
num_leaves=31
num_cat=0
split_feature=11 11 10 1 0 3 7 3 0 9 9 9 9 9 0 4 1 11 8 1 9 8 8 9 8 11 11 3 11 4
split_gain=1.90432 9.54366 16 19.6895 15.6333 12.2925 7.34392 6.59904 6.43914 6.22963 6.2211 11.286 13.6404 11.0896 7.45825 13.3371 8.56516 11.1598 9.84545 6.81756 16.4461 16.4585 13.0561 9.77686 15.6779 17.1734 8.18452 7.00287 7.74793 6.66678
threshold=0.9083425663746435 0.91425880925186409 1.0000000180025095e-35 1.5000000000000002 66.500000000000014 -0.52766804058324157 38.162500000000016 -0.99372698525316483 57.500000000000007 25.992708333333336 29.157031250000006 29.25026041666667 29.296614583333341 28.905208333333334 32.500000000000007 0.98770287048522643 1.0000000180025095e-35 0.85658788097574401 31.850000000000005 2.5000000000000004 28.168489583333336 33.550000000000004 32.850000000000001 28.111979166666671 29.150000000000002 0.73745831416842689 0.88022940816291972 0.91248814248966237 0.82284707828887094 -0.89787881968372518
decision_type=2 2 2 2 2 2 2 2 2 2 2 2 2 2 2 2 2 2 2 2 2 2 2 2 2 2 2 2 2 2
left_child=6 2 5 8 -5 -2 7 9 -4 -1 13 -12 -13 14 15 16 17 18 -9 23 21 22 26 24 25 -18 27 28 -21 -30
right_child=1 -3 3 4 -6 -7 -8 10 -10 -11 11 12 -14 -15 -16 -17 19 -19 -20 20 -22 -23 -24 -25 -26 -27 -28 -29 29 -31
leaf_value=0.0099000896135237326 0.037997603980313245 1.5594697634924161e-05 -0.02074829029770342 0.10439669443986191 0.0071179176987413943 -0.037707977760363325 -0.13902170844166337 0.0098096193160195355 0.037259063448468056 0.098752982743656056 0.12750959581307769 -0.16321242561159865 0.006467486501972531 -0.15444657082271648 -0.013831760627888913 0.10058608085066396 0.022072715131358223 0.066740480721284717 -0.061095920584487831 -0.00091879816790054749 0.083681308041947497 -0.10624126871959519 0.13618746567560649 -0.10780482392633105 0.012990776985427034 -0.069640665757470549 0.01174655043266597 0.053267645877484428 0.0015676055267732636 -0.11446096989709176
leaf_weight=864 576 112572 290 469 203 576 65 264 190 96 287 96 2514 96 6865 132 99 231 66 363 289 132 66 198 429 198 693 66 99 264
leaf_count=864 576 112572 290 469 203 576 65 264 190 96 287 96 2514 96 6865 132 99 231 66 363 289 132 66 198 429 198 693 66 99 264
internal_value=1.54622e-06 6.96403e-05 0.00325521 0.00742188 0.0129464 -0.000911458 -0.000538972 -0.000463316 -0.0003125 0.00354167 -0.000749238 0.00130307 0.000268199 -0.0013128 -0.00115745 0.000689607 9.40121e-05 0.00574866 -0.000151515 -0.00100138 0.000659229 -0.00123292 0.000209542 -0.00454545 -0.0018595 -0.0106902 -0.000757576 -0.0042298 -0.00564738 -0.0108127
internal_weight=129348 114876 2304 1152 672 1152 14472 14407 480 960 13447 2897 2610 10550 10454 3589 3457 561 330 2896 1972 1683 1551 924 726 297 1485 792 726 363
internal_count=129348 114876 2304 1152 672 1152 14472 14407 480 960 13447 2897 2610 10550 10454 3589 3457 561 330 2896 1972 1683 1551 924 726 297 1485 792 726 363
is_linear=0
shrinkage=0.05


Tree=291
num_leaves=31
num_cat=0
split_feature=0 10 0 5 0 9 4 1 9 9 9 8 10 11 11 3 9 3 3 8 9 8 3 8 11 3 3 8 0 9
split_gain=1.82198 2.00599 1.95738 6.61937 6.32232 34.4375 18.3882 12.8923 11.8271 17.496 12.3164 11.6526 11.4222 9.99485 11.2446 9.89281 20.0813 9.66896 16.7178 30.2345 12.6406 9.61143 9.59439 12.8214 9.2277 9.00636 22.6497 14.478 13.3367 14.8125
threshold=94.500000000000014 1.0000000180025095e-35 36.500000000000007 1.0000000180025095e-35 24.500000000000004 21.584114583333339 0.67644692717078936 5.5000000000000009 17.649479166666669 16.435937500000005 17.789062500000004 26.550000000000004 1.0000000180025095e-35 0.8817286741633612 0.888018781778247 -0.45274443793211405 19.875000000000004 -0.2102246306142678 0.7210268013660811 20.450000000000003 16.893750000000004 18.050000000000004 -0.87395131947920313 26.050000000000004 1.0359848163709104 0.93845596220871974 0.70290292807158605 31.050000000000004 30.500000000000004 32.128645833333344
decision_type=2 2 2 2 2 2 2 2 2 2 2 2 2 2 2 2 2 2 2 2 2 2 2 2 2 2 2 2 2 2
left_child=2 -2 4 -4 6 12 8 11 9 -1 -10 13 17 21 -15 16 -13 20 19 -19 -6 -8 -14 -24 -16 26 27 -7 29 -29
right_child=1 -3 3 -5 5 25 7 -9 10 -11 -12 15 22 14 24 -17 -18 18 -20 -21 -22 -23 23 -25 -26 -27 -28 28 -30 -31
leaf_value=-0.06275777132425446 0.025153287353140288 0.00078744159834229785 -0.0018295836930036558 0.01070273694003774 -0.12711699187531098 0.03797783460831923 -0.032616378597964513 -0.0085436693474896692 -0.043433996253792628 0.046036522885270874 -0.0038119558585563598 -0.14042406960599935 -0.11914612490572125 -0.080080462074283792 0.0022538897380250944 0.072223696575652238 0.028998373113208232 -0.04490587805571096 -0.091113226860559851 0.073333549187349689 -0.03536471613717538 0.086960112422357849 -0.0062128677722292028 0.032614594841711413 0.010908739303265236 -0.0066198798147233621 0.071995004107178323 0.010391887820291858 -0.012895209973425636 0.086409441319794666
leaf_weight=50 567 780 73655 4466 228 2208 50 1300 100 250 24197 50 72 50 5300 200 375 912 432 504 480 175 2340 444 1600 1236 1281 2304 3022 720
leaf_count=50 567 780 73655 4466 228 2208 50 1300 100 250 24197 50 72 50 5300 200 375 912 432 504 480 175 2340 444 1600 1236 1281 2304 3022 720
internal_value=8.11764e-06 0.00183742 -1.11327e-05 -0.000167369 0.000233561 0.00104585 -0.000156542 0.00176374 -0.000866976 0.009 -0.000988805 0.00253205 -0.00220806 0.00196167 0.0016259 0.00908 0.00476471 -0.00463615 -0.00273268 -0.000105932 -0.00960452 0.0123333 -3.5014e-05 0.000431034 0.0017971 0.00268081 0.00320136 0.00224134 0.000975852 0.00332341
internal_weight=129348 1347 128001 78121 49880 16183 33697 9100 24597 300 24297 7800 5412 7175 6950 625 425 2556 1848 1416 708 225 2856 2784 6900 10771 9535 8254 6046 3024
internal_count=129348 1347 128001 78121 49880 16183 33697 9100 24597 300 24297 7800 5412 7175 6950 625 425 2556 1848 1416 708 225 2856 2784 6900 10771 9535 8254 6046 3024
is_linear=0
shrinkage=0.05


Tree=292
num_leaves=31
num_cat=0
split_feature=8 8 4 3 3 9 9 9 0 7 11 8 3 10 0 9 3 0 0 11 11 3 11 3 0 4 0 3 1 9
split_gain=1.84098 10.4458 7.95472 14.4069 15.5741 15.4815 8.94895 13.6917 9.82904 8.93802 8.59524 8.29697 7.94824 7.86646 11.1035 19.4504 14.987 11.7841 17.5412 13.7071 16.703 12.891 12.6068 11.7707 10.6588 10.132 10.0604 13.2828 9.68262 10.5871
threshold=36.550000000000004 35.350000000000001 -0.59177783207548873 0.19337368024598436 0.26037272046371446 31.714583333333341 28.905208333333334 28.471614583333338 75.500000000000014 34.312500000000007 0.9655108416535565 35.750000000000007 0.039769539193789977 1.0000000180025095e-35 45.500000000000007 30.603125000000002 0.81925054981890411 62.500000000000007 77.500000000000014 1.09763366194496 1.0610300454257775 0.46039464932087154 1.082566854600657 0.57077594689671507 18.500000000000004 -0.99864786094873803 80.500000000000014 0.84773968378660736 1.5000000000000002 31.820312500000004
decision_type=2 2 2 2 2 2 2 2 2 2 2 2 2 2 2 2 2 2 2 2 2 2 2 2 2 2 2 2 2 2
left_child=1 -1 3 5 -5 12 7 -4 -8 -9 -6 -7 -3 14 15 -2 17 21 22 20 -20 -16 -19 -22 28 -21 27 -18 29 -15
right_child=13 2 6 4 10 11 8 9 -10 -11 -12 -13 -14 24 16 -17 26 18 19 25 23 -23 -24 -25 -26 -27 -28 -29 -30 -31
leaf_value=-0.00012178175373946943 -0.046552592299418195 -0.0091004915952822788 -0.016258850384445366 0.2230526873946424 -0.028916374966220817 -0.11760501868986353 -0.0074409801128901172 0.026186912245117357 -0.10519983673490146 0.13859548670671915 0.049068053113864356 0.036900268362735744 -0.11209003544755519 -0.024275267063443098 -0.10088113307939253 0.018996344399496934 0.17608085902285922 0.0055466986159053988 -0.029149497870554344 0.091674132711663248 0.22288027803443314 -0.0060524286024964628 0.10648849589696284 -0.032211254909834966 -0.0068277886963471705 -0.14065171120899295 0.06575993672273199 -0.024599040095692717 -0.042727873291147495 0.049134081087218819
leaf_weight=103716 414 576 672 192 192 96 836 384 220 96 1344 960 281 247 1020 5244 140 1094 1152 54 144 746 465 107 6389 414 285 525 1058 285
leaf_count=103716 414 576 672 192 192 96 836 384 220 96 1344 960 281 247 1020 5244 140 1094 1152 54 144 746 465 107 6389 414 285 525 1058 285
internal_value=5.41176e-06 8.55656e-05 0.00214139 0.00357731 0.00688657 0.000588082 -0.000226449 0.00282118 -0.00355114 0.00927083 0.00520833 0.00464015 -0.0044049 -0.000438508 0.000381227 0.0019795 -0.00109014 -0.00214588 -0.000437318 -0.00370123 -0.00122951 -0.00546433 0.00347979 0.0104582 -0.00165121 -0.0111111 0.00468421 0.00131579 -0.00531447 0.00018797
internal_weight=129348 109565 5849 3641 1728 1913 2208 1152 1056 480 1536 1056 857 19783 11804 5658 6146 5196 3430 1871 1403 1766 1559 251 7979 468 950 665 1590 532
internal_count=129348 109565 5849 3641 1728 1913 2208 1152 1056 480 1536 1056 857 19783 11804 5658 6146 5196 3430 1871 1403 1766 1559 251 7979 468 950 665 1590 532
is_linear=0
shrinkage=0.05


Tree=293
num_leaves=31
num_cat=0
split_feature=11 1 8 0 0 7 7 11 11 9 0 3 0 7 1 10 8 7 1 7 0 0 7 9 8 0 0 1 1 11
split_gain=1.77833 4.38021 10.5625 3.25256 5.02285 3.65165 2.85407 2.66084 5.84295 5.57143 6.5613 8.95449 8.26923 11.1703 6.2732 8.13871 5.25174 8.34874 5.23472 3.20235 3.11176 2.68646 3.44121 3.2727 2.24784 10.8421 6.24847 7.75 2.10452 14.9651
threshold=1.2071527841224958 1.5000000000000002 40.45000000000001 65.500000000000014 78.500000000000014 36.912500000000016 31.312500000000007 1.1649345393363679 1.1589671265514687 28.836718750000006 30.500000000000004 -0.46038400545438724 52.500000000000007 29.812500000000004 2.5000000000000004 1.0000000180025095e-35 38.45000000000001 28.312500000000004 5.5000000000000009 29.212500000000006 35.500000000000007 59.500000000000007 35.38750000000001 30.603125000000002 35.850000000000001 25.500000000000004 30.500000000000004 2.5000000000000004 4.5000000000000009 0.97407968238158804
decision_type=2 2 2 2 2 2 2 2 2 2 2 2 2 2 2 2 2 2 2 2 2 2 2 2 2 2 2 2 2 2
left_child=7 2 -2 5 -5 24 -6 8 28 -9 14 -12 20 -14 15 -11 17 -10 21 -16 -13 -15 23 -23 25 -3 27 -26 -1 -30
right_child=1 3 -4 4 6 -7 -8 9 16 10 11 12 13 18 19 -17 -18 -19 -20 -21 -22 22 -24 -25 26 -27 -28 -29 29 -31
leaf_value=-0.0006533968591348583 -0.085611910183337164 -0.17871135172499636 0.036303999405733124 0.075335567793518979 0.023060691152014104 -0.14987994928852971 -0.12436144483179633 -0.084815709008196905 -0.10780366643780469 0.060029613241727731 0.10132092587003357 0.027153011959748598 -0.081531616566931586 0.012108267448694221 0.086418514663665041 -0.031539346898581753 -0.18710005349140602 0.02325526410501624 -0.058242655407532595 0.004192561218063418 -0.069583566663460772 0.090378567289712927 0.1636663407057995 0.0092455952721422815 -0.0085320158050670621 0.040872336372608231 -0.071690036264082838 0.10574352721530929 -0.0062744587083855665 0.0054203349069290143
leaf_weight=89178 192 52 96 78 52 61 50 96 61 62 130 55 116 63 198 93 96 131 66 50 187 68 59 101 62 80 79 62 11502 26172
leaf_count=89178 192 52 96 78 52 61 50 96 61 62 130 55 116 63 198 93 96 131 66 50 187 68 59 101 62 80 79 62 11502 26172
internal_value=3.86554e-06 -0.00225694 -0.00729167 0.000260417 0.00583333 -0.00227273 -0.00147059 1.90685e-05 -4.32594e-06 0.00223214 0.003125 0.000621302 -0.00157343 0.00227273 0.00837469 0.000483871 -0.00711806 -0.00234375 0.00665266 0.0133065 -0.00909091 0.00953608 0.0120614 0.00843195 -0.000223881 -0.00530303 0.00307882 0.0100806 1.18248e-05 0.000325158
internal_weight=129348 864 288 576 180 396 102 128484 127140 1344 1248 845 715 473 403 155 288 192 357 248 242 291 228 169 335 132 203 124 126852 37674
internal_count=129348 864 288 576 180 396 102 128484 127140 1344 1248 845 715 473 403 155 288 192 357 248 242 291 228 169 335 132 203 124 126852 37674
is_linear=0
shrinkage=0.05


Tree=294
num_leaves=31
num_cat=0
split_feature=9 8 8 3 8 8 8 1 3 3 1 8 3 9 8 9 7 11 9 9 9 0 8 9 11 0 9 9 9 8
split_gain=1.79783 7.71311 9.54171 10.8507 7.61251 12.8566 12.639 15.7167 14.0167 12.0488 19.9968 16.978 16.8556 14.4023 18.3988 15.07 11.5235 11.3702 12.0892 11.1962 14.9452 10.6807 10.5403 13.404 14.7347 14.3161 12.6162 16.4172 14.0986 12.0928
threshold=13.074218750000002 20.750000000000004 19.950000000000003 0.28519915169571858 22.350000000000005 22.850000000000005 22.750000000000004 3.5000000000000004 0.61915405168109316 -0.43733984355855576 1.5000000000000002 20.900000000000002 0.534952257794027 14.9234375 21.050000000000004 16.601302083333337 14.812500000000002 1.082566854600657 16.230208333333334 14.777604166666668 14.627864583333336 73.500000000000014 24.450000000000003 15.938020833333335 0.99948647577224803 48.500000000000007 17.489322916666669 17.789062500000004 16.601302083333337 25.050000000000004
decision_type=2 2 2 2 2 2 2 2 2 2 2 2 2 2 2 2 2 2 2 2 2 2 2 2 2 2 2 2 2 2
left_child=1 2 -1 -4 9 6 7 8 21 -2 12 -12 16 -13 -15 -16 -11 18 19 20 -18 -6 23 24 25 -7 28 -28 -24 -29
right_child=4 -3 3 -5 5 22 -8 -9 -10 10 11 13 -14 14 15 -17 17 -19 -20 -21 -22 -23 26 -25 -26 -27 27 29 -30 -31
leaf_value=-0.0010057718049083064 0.042980576942710513 0.083694972377763577 -0.05327811100270026 -0.0047602359639711267 -0.044329171447962071 -0.016718311574817336 -0.087457233434894033 0.010705500982089689 0.11574835871629859 0.0062901269642068776 0.002846926504782488 0.047399581027373475 -0.039540174756983508 0.060085660909380327 -0.018212302730173491 0.023375838720249932 -0.052051673306169735 0.0491559960168928 0.1159666473340316 -0.090203222555152257 0.059940075416214003 0.0079714329372421854 0.031009235270518333 0.015325561482407581 -0.039335770789676872 0.087842003938980895 0.085931980546702397 -0.025765816291558965 -0.030703239318011555 5.8688114889093869e-05
leaf_weight=11040 384 96 384 576 666 98 288 768 96 1311 4896 1152 480 288 768 576 393 87 58 323 132 198 288 4031 288 94 192 1344 1248 96805
leaf_count=11040 384 96 384 576 666 98 288 768 96 1311 4896 1152 480 288 768 576 393 87 58 323 132 198 288 4031 288 94 192 1344 1248 96805
internal_value=5.79831e-06 -0.00057457 -0.0006875 -0.00546875 6.56705e-05 -6.29676e-05 -0.00401786 -0.00240162 -0.00666667 0.00132743 0.00100822 0.00232422 -0.00262213 0.00544181 0.00242034 -3.72024e-05 -0.000846354 -0.00490937 -0.00656733 -0.00807783 -0.00357143 -0.00868056 1.34115e-05 0.00237752 -0.00552083 0.00520833 -9.33648e-05 -2.31338e-05 -0.00458984 -5.17071e-05
internal_weight=129348 12096 12000 960 117252 106404 2016 1728 960 10848 10464 7680 2784 2784 1632 1344 2304 993 906 848 525 864 104388 4511 480 192 99877 98341 1536 98149
internal_count=129348 12096 12000 960 117252 106404 2016 1728 960 10848 10464 7680 2784 2784 1632 1344 2304 993 906 848 525 864 104388 4511 480 192 99877 98341 1536 98149
is_linear=0
shrinkage=0.05


Tree=295
num_leaves=31
num_cat=0
split_feature=0 3 1 4 8 11 3 3 1 11 8 3 8 7 3 3 11 3 3 11 1 9 9 9 8 9 11 11 10 9
split_gain=1.93596 6.70573 7.87192 8.50854 11.8061 6.56428 9.45812 12.8469 7.30725 7.20566 7.4448 6.74746 7.34582 11.1945 11.5631 14.3406 15.1651 8.23375 7.67207 6.61874 7.54736 10.9196 6.58442 7.11111 6.55964 9.96689 6.81182 7.11235 6.63295 6.27826
threshold=9.5000000000000018 0.96904697354198299 2.5000000000000004 -0.048362832084465616 32.150000000000013 1.103694758981794 0.35846314187849709 0.77244481603295057 2.5000000000000004 1.1016663470368233 40.850000000000001 0.85673801594079257 34.250000000000007 26.887500000000006 -0.11692013674435776 -0.8821812062722818 1.0871761346197866 -0.29343379936893921 -0.26037633224328088 0.93656793184022147 2.5000000000000004 29.813541666666669 30.603125000000002 33.472395833333344 33.95000000000001 28.146354166666672 0.94932709307190133 0.9655108416535565 1.0000000180025095e-35 28.856770833333339
decision_type=2 2 2 2 2 2 2 2 2 2 2 2 2 2 2 2 2 2 2 2 2 2 2 2 2 2 2 2 2 2
left_child=1 5 -3 -4 -5 9 8 22 -7 10 11 12 13 24 15 -15 17 19 -14 -17 21 -21 -8 -24 25 -1 28 -28 -27 -29
right_child=-2 2 3 4 -6 6 7 -9 -10 -11 -12 -13 18 14 -16 16 -18 -19 -20 20 -22 -23 23 -25 -26 26 27 29 -30 -31
leaf_value=-0.0013147036438368787 0.00031187102197094418 0.030619233084471634 0.021751061746722658 0.0066382992013053867 -0.037539039360308384 -0.096028837555009974 -0.0086730928644996649 -0.061875808791906198 -0.020771188107595151 0.070558000623543657 -0.034166407637746941 -0.017331812148178471 0.085453196466845335 -0.087042784917595387 -0.11029591315426474 0.067839651570902507 -0.18862562026873633 0.068866123578226995 0.008245892139036216 -0.01661038667444217 -0.054467843604287226 0.20964753589656199 0.079337284517200152 0.009557794001877085 -0.048341637321919963 0.14948554543287287 -0.044878008469545705 0.048257933435722579 0.034309204366076075 -0.018909167378311765
leaf_weight=6386 115868 380 170 190 130 210 70 90 500 120 294 950 200 201 203 146 99 70 1700 121 227 71 90 60 93 85 78 235 163 148
leaf_count=6386 115868 380 170 190 130 210 70 90 500 120 294 950 200 201 203 146 99 70 1700 121 227 71 90 60 93 85 78 235 163 148
internal_value=-3.86554e-07 -0.000567507 0.00367816 -0.000510204 -0.0053125 -0.000860428 -0.00470588 0.00258065 -0.00788732 -0.000522002 -0.00064952 -0.000442913 -6.8453e-05 -0.000708624 -0.00531634 -0.00296791 0.00027248 0.00311024 0.00273684 0.00110619 -0.00208831 0.00520833 0.00909091 0.015 2.08681e-05 0.000193798 0.00581805 0.00222343 0.0125 0.00502611
internal_weight=129348 13480 870 490 320 12610 1020 310 710 11590 11470 11176 10226 8326 1138 935 734 635 1900 565 419 192 220 150 7188 7095 709 461 248 383
internal_count=129348 13480 870 490 320 12610 1020 310 710 11590 11470 11176 10226 8326 1138 935 734 635 1900 565 419 192 220 150 7188 7095 709 461 248 383
is_linear=0
shrinkage=0.05


Tree=296
num_leaves=31
num_cat=0
split_feature=0 4 8 11 8 4 11 0 0 8 3 4 8 1 9 11 11 9 9 4 9 8 10 9 3 8 3 9 4 8
split_gain=1.76618 2.93175 3.92109 2.14911 2.13807 1.88794 2.23421 1.85397 6.51691 14.7186 12.8974 12.9456 25.4927 19.0005 11.7165 11.2438 10.1927 17.3662 17.0025 14.0876 19.0223 18.0452 17.3492 37.8068 15.3008 14.0257 17.5973 14.1947 12.7722 11.9424
threshold=1.0000000180025095e-35 -0.35042475891464198 33.95000000000001 1.1044857811753621 39.45000000000001 0.32410992729244009 1.000843247572776 36.500000000000007 52.500000000000007 40.850000000000001 -0.14250824554987665 -0.97507822412530132 33.750000000000007 1.5000000000000002 10.710937500000002 1.0515743247573357 1.0015760182812448 34.265104166666674 31.50833333333334 0.5969655492110445 19.875000000000004 19.750000000000004 1.0000000180025095e-35 12.200520833333334 0.31799963745711152 37.050000000000004 0.47559651477048942 34.603385416666676 0.12332734741173625 30.250000000000004
decision_type=2 2 2 2 2 2 2 2 2 2 2 2 2 2 2 2 2 2 2 2 2 2 2 2 2 2 2 2 2 2
left_child=1 3 5 4 -1 -3 -7 -2 9 10 11 13 14 -9 -13 -11 17 19 -18 20 -12 22 24 -24 -21 -20 27 -27 -22 -30
right_child=7 2 -4 -5 -6 6 -8 8 -10 15 16 12 -14 -15 -16 -17 18 -19 25 21 28 -23 23 -25 -26 26 -28 -29 29 -31
leaf_value=-0.010033923571003101 0.0011200124858532945 -0.021851882030664172 0.062106743372356027 -0.091097351826432776 -0.086942018770673715 0.011216885584762793 -0.0057368577574180794 -0.13238835745635527 0.00081266694912045527 0.11494488087259783 0.071415035441325617 -0.14643383180067673 -0.091021978653087393 0.11417277446240562 0.0069951749479187702 0.00020429072168468566 -0.05819958995861825 -0.26783798373775697 0.16953466437151266 0.013771826727997906 0.011893236553989085 -0.076940717071219217 -0.18244200907488806 0.096474916408678987 -0.13946078144615301 -0.13116128855455286 0.067801695616853411 0.092381959174493752 -0.019511948528984392 -0.20160636245536523
leaf_weight=432 48533 195 60 81 67 262 250 64 57921 303 480 96 832 320 8320 311 4768 80 137 240 2589 1040 80 288 128 443 548 144 208 128
leaf_count=432 48533 195 60 81 67 262 250 64 57921 303 480 96 832 320 8320 311 4768 80 137 240 2589 1040 80 288 128 443 548 144 208 128
internal_value=7.73108e-07 -0.0018003 0.000228162 -0.00448276 -0.00325651 -0.000813296 0.00078125 1.97264e-05 -0.000128983 -0.000871351 -0.00109516 0.000249169 -0.000124351 0.00924479 0.000701046 0.00675896 -0.00224095 -0.000632009 -0.00364238 -0.000275043 0.00160793 -0.00388514 0.00210598 0.00978261 -0.00557065 0.00149371 -0.000330396 -0.00634583 9.40171e-05 -0.00907738
internal_weight=129348 1347 767 580 499 707 512 128001 79468 21547 20933 9632 9248 384 8416 614 11301 5261 6040 5181 3405 1776 736 368 368 1272 1135 587 2925 336
internal_count=129348 1347 767 580 499 707 512 128001 79468 21547 20933 9632 9248 384 8416 614 11301 5261 6040 5181 3405 1776 736 368 368 1272 1135 587 2925 336
is_linear=0
shrinkage=0.05


Tree=297
num_leaves=31
num_cat=0
split_feature=0 4 9 3 7 9 8 3 7 3 8 8 3 9 8 3 11 9 0 4 10 9 4 7 0 10 4 3 8 3
split_gain=1.83807 6.88523 6.76534 6.19433 11.6957 14.4453 7.89724 7.23929 7.8963 6.87669 9.48103 6.5748 13.7078 7.56411 8.67403 6.10393 5.91876 5.72024 5.66198 46.1869 11.6625 10.6149 9.48185 8.80772 15.9117 29.0654 32.1723 23.7676 36.5914 18.5851
threshold=9.5000000000000018 -0.99864786094873803 34.889322916666671 -0.8821812062722818 26.112500000000004 27.252864583333338 30.850000000000005 -0.9954993026558282 25.012500000000006 -0.91246704667116951 31.750000000000004 28.250000000000004 -0.91936887716170002 26.423697916666669 33.750000000000007 -0.99166060804803513 0.90157409510273256 23.614062500000006 16.500000000000004 -0.23537842981696178 1.0000000180025095e-35 24.729427083333338 -0.46800559042974538 20.112500000000004 45.500000000000007 1.0000000180025095e-35 0.67644692717078936 -0.2102246306142678 20.450000000000003 0.64579916509010216
decision_type=2 2 2 2 2 2 2 2 2 2 2 2 2 2 2 2 2 2 2 2 2 2 2 2 2 2 2 2 2 2
left_child=1 2 -1 4 5 7 -7 -3 11 10 -6 -9 13 16 -15 -8 -13 -14 19 22 -21 -22 -2 24 25 26 -20 -28 -29 -30
right_child=18 3 -4 -5 9 6 15 8 -10 -11 -12 12 17 14 -16 -17 -18 -19 23 20 21 -23 -24 -25 -26 -27 27 28 29 -31
leaf_value=-0.07195151254353363 -0.0072635954968397701 0.021961523929894613 0.021592462644454715 6.1164708890970595e-05 -0.074012183341744739 -0.059920248844109382 0.0075171924646127769 -0.089687203290947801 -0.19465866537513821 -0.10898551446118745 0.013570831197863243 -0.072594395405209872 0.10822609156447456 0.036397978393477359 -0.046955617036411469 0.10601607816113444 -0.031888793976529682 0.00023558235681946373 -0.074297449106609292 0.028000514583263227 0.0077777427009735334 -0.0083727631023236878 -0.044205554702492128 0.0016972241820568002 0.0013002594338011875 0.00051541618933867992 -0.058222215834062757 -0.035799165734611907 0.076650403126542699 -0.025554131554359573
leaf_weight=160 3776 190 60 11380 179 54 86 88 75 79 158 54 70 106 50 191 450 50 1225 2205 2128 742 581 77695 15794 6946 1332 2204 851 389
leaf_count=160 3776 190 60 11380 179 54 86 88 75 79 158 54 70 106 50 191 450 50 1225 2205 2128 742 581 77695 15794 6946 1332 2204 851 389
internal_value=7.34453e-06 -0.000545252 -0.00931818 -0.000399698 -0.00305851 -0.000956284 0.00823263 -0.00364078 -0.00543478 -0.0104567 -0.00734421 -0.00408986 -0.00262821 -0.00545455 0.00416667 0.0116426 -0.00843254 0.0129167 7.16332e-05 0.00124576 0.00448768 0.00238676 -0.00253041 -3.24138e-05 -0.000780244 -0.00207963 -0.0046284 -0.00277429 -0.00058072 0.00629032
internal_weight=129348 13480 220 13260 1880 1464 331 1133 943 416 337 868 780 660 156 277 504 120 115868 9432 5075 2870 4357 106436 28741 12947 6001 4776 3444 1240
internal_count=129348 13480 220 13260 1880 1464 331 1133 943 416 337 868 780 660 156 277 504 120 115868 9432 5075 2870 4357 106436 28741 12947 6001 4776 3444 1240
is_linear=0
shrinkage=0.05


Tree=298
num_leaves=31
num_cat=0
split_feature=3 9 4 10 11 7 3 7 11 3 0 11 0 0 11 7 0 1 7 11 8 3 8 8 8 8 7 1 0 4
split_gain=1.82147 8.9663 22.2541 20.4823 12.2079 11.5956 11.4503 14.3323 8.5625 9.81018 9.47657 8.38144 10.389 8.71953 11.6554 7.9464 7.74708 6.17863 6.16227 7.30361 6.23451 5.77781 27.458 17.8435 21.189 17.0677 16.7032 15.8438 14.9343 13.5552
threshold=0.95998215779580554 20.992708333333336 0.20812153622207724 1.0000000180025095e-35 1.0627860117078571 17.812500000000004 0.98522604642031408 36.587500000000013 1.0751037620239305 0.98372640911059162 80.500000000000014 0.94757355787554809 86.500000000000014 75.500000000000014 1.0165369992544311 28.212500000000006 6.5000000000000009 4.5000000000000009 32.712500000000013 1.1044857811753621 39.050000000000004 0.87397152483179585 26.450000000000003 30.750000000000004 28.450000000000003 31.050000000000004 19.812500000000004 4.5000000000000009 35.500000000000007 0.30778899014954286
decision_type=2 2 2 2 2 2 2 2 2 2 2 2 2 2 2 2 2 2 2 2 2 2 2 2 2 2 2 2 2 2
left_child=21 3 4 -2 6 -4 7 15 -6 10 16 -8 13 -13 -15 -3 -10 -7 19 -18 -20 -1 27 24 -24 -25 -27 28 -23 -26
right_child=1 2 5 -5 8 17 11 -9 9 -11 -12 12 -14 14 -16 -17 18 -19 20 -21 -22 22 23 25 29 26 -28 -29 -30 -31
leaf_value=0.00024691613995742046 -0.025920812424010366 -0.014691538140522199 0.017299559252319342 0.02774334243348946 0.046467020487139625 -0.054183776915824926 -0.00926979417478151 0.064271972170446653 0.051526293848262128 -0.006376715090496532 0.062713634316382647 0.0053434250313891601 0.034987844707095664 0.012738876238445586 -0.079464183525718116 -0.12272495081228244 -0.033542990163470419 0.0033999160479879723 0.064011055629922001 0.01678522887440579 -0.0066882990348872797 0.00038400424811015912 -0.0035499591232174056 0.036087852184011386 0.12661125133143258 0.032106062963421778 -0.021887461957140888 -0.0097657265874197211 0.066054335954751769 -0.077005428349821881
leaf_weight=112937 192 274 110 480 480 475 960 91 84 672 180 3192 378 253 209 211 258 87 194 312 124 432 768 288 93 119 3431 576 720 768
leaf_count=112937 192 274 110 480 480 475 960 91 84 672 180 3192 378 253 209 211 258 87 194 312 124 432 768 288 93 119 3431 576 720 768
internal_value=1.15966e-05 0.000689019 0.000251639 0.00625 0.000997205 -0.00848214 -0.000269397 -0.00694444 0.00405816 0.00249452 0.00529514 0.000500801 0.0015005 0.000684182 -0.00573593 -0.0103608 0.00334362 -0.0113879 0.00197072 -0.00114035 0.00754717 -4.03723e-05 -0.00141418 -0.00315072 -0.0075353 -0.00128973 -0.00223944 0.00407986 0.00746528 -0.012921
internal_weight=129348 9216 8544 672 7872 672 5568 576 2304 1824 1152 4992 4032 3654 462 485 972 562 888 570 318 120132 7195 5467 1629 3838 3550 1728 1152 861
internal_count=129348 9216 8544 672 7872 672 5568 576 2304 1824 1152 4992 4032 3654 462 485 972 562 888 570 318 120132 7195 5467 1629 3838 3550 1728 1152 861
is_linear=0
shrinkage=0.05


Tree=299
num_leaves=31
num_cat=0
split_feature=8 8 8 10 0 9 0 7 11 11 3 11 0 8 3 3 11 11 11 3 3 3 9 9 8 9 8 8 8 1
split_gain=1.94196 9.42375 7.86312 7.71175 13.4533 11.8473 11.3044 13.3588 11.7443 14.4179 13.8026 11.3325 10.4688 12.6326 12.8972 11.669 10.0779 12.6715 12.329 10.2331 12.2556 9.85337 10.7494 8.97662 8.76274 8.61393 9.00765 8.7837 8.20257 20.8074
threshold=36.550000000000004 35.350000000000001 36.650000000000013 1.0000000180025095e-35 44.500000000000007 31.097916666666674 62.500000000000007 35.38750000000001 1.09763366194496 1.0610300454257775 0.57077594689671507 1.1589671265514687 23.500000000000004 37.050000000000004 0.97875492728876534 0.7090011537757156 0.96902556631768955 0.97407968238158804 0.9510013064145737 0.17646842360078763 0.21022171450811275 0.46039464932087154 31.50833333333334 33.875000000000007 40.650000000000013 32.288020833333341 41.45000000000001 40.350000000000001 37.550000000000004 5.5000000000000009
decision_type=2 2 2 2 2 2 2 2 2 2 2 2 2 2 2 2 2 2 2 2 2 2 2 2 2 2 2 2 2 2
left_child=1 -1 -2 4 16 -6 21 8 9 -8 -11 -9 13 15 -15 -5 18 -18 23 25 -21 -7 -23 -4 -12 -19 27 -27 29 -22
right_child=2 -3 3 12 5 6 7 11 -10 10 24 -13 -14 14 -16 -17 17 19 -20 20 28 22 -24 -25 -26 26 -28 -29 -30 -31
leaf_value=-6.7300564544581218e-05 -0.026789531647625611 0.013949799049387935 -0.0022221895880676357 0.073102484331379003 0.051769553825071313 -0.087034773896635192 -0.02356413192760556 0.025232313648358231 -0.075768386854409189 0.22517010956788469 0.043463009374706735 0.217315023359064 -0.0047326510908192176 -0.03790733322750342 0.099476565838890002 -0.0432622628190849 -0.094135390059222612 -0.0648683515453925 0.092235107926438797 -0.1115262069536378 -0.13961045051571971 -0.10508395432192259 0.0084831101130447457 0.11069123866008966 -0.14438850423796198 0.058420042110142845 -0.031488199786102199 0.16264624971017272 0.0084699130852257561 0.11083678894247627
leaf_weight=103716 768 5849 495 144 610 1044 1413 1055 562 154 202 88 5681 1626 72 72 90 135 405 90 180 108 774 135 55 540 135 135 2925 90
leaf_count=103716 768 5849 495 144 610 1044 1413 1055 562 154 202 88 5681 1626 72 72 90 135 405 90 180 108 774 135 55 540 135 135 2925 90
internal_value=1.23697e-05 9.46926e-05 -0.000443563 -0.000243229 0.000577933 -0.00103462 -0.0017736 -9.20941e-05 -0.00222129 -0.000274123 0.00796837 0.00435258 -0.00147795 -0.00467607 -0.00612485 0.00671296 0.0024043 0.00134259 0.00683575 0.00173759 0.000418569 -0.00485462 -0.000963719 0.00246032 0.000875486 0.00632275 0.0082716 0.0106296 0.000931142 -0.00740741
internal_weight=129348 109565 19783 19015 11420 6065 5455 3529 2386 1824 411 1143 7595 1914 1698 216 5355 4320 1035 4230 3285 1926 882 630 257 945 810 675 3195 270
internal_count=129348 109565 19783 19015 11420 6065 5455 3529 2386 1824 411 1143 7595 1914 1698 216 5355 4320 1035 4230 3285 1926 882 630 257 945 810 675 3195 270
is_linear=0
shrinkage=0.05


end of trees

feature_importances:
slot=1857
sin_doy=1263
temp_daymax=1183
temp_daymean=1055
up_ratio=1049
cos_doy=888
temp=633
district_id=509
dow=435
is_holiday=80
is_holiday_prev=48

parameters:
[boosting: gbdt]
[objective: quantile]
[metric: quantile]
[tree_learner: serial]
[device_type: cpu]
[data_sample_strategy: bagging]
[data: ]
[valid: ]
[num_iterations: 300]
[learning_rate: 0.05]
[num_leaves: 31]
[num_threads: 8]
[seed: 42]
[deterministic: 1]
[force_col_wise: 1]
[force_row_wise: 0]
[histogram_pool_size: -1]
[max_depth: -1]
[min_data_in_leaf: 50]
[min_sum_hessian_in_leaf: 0.001]
[bagging_fraction: 1]
[pos_bagging_fraction: 1]
[neg_bagging_fraction: 1]
[bagging_freq: 0]
[bagging_seed: 400]
[bagging_by_query: 0]
[feature_fraction: 1]
[feature_fraction_bynode: 1]
[feature_fraction_seed: 30056]
[extra_trees: 0]
[extra_seed: 12879]
[early_stopping_round: 0]
[early_stopping_min_delta: 0]
[first_metric_only: 0]
[max_delta_step: 0]
[lambda_l1: 0]
[lambda_l2: 0]
[linear_lambda: 0]
[min_gain_to_split: 0]
[drop_rate: 0.1]
[max_drop: 50]
[skip_drop: 0.5]
[xgboost_dart_mode: 0]
[uniform_drop: 0]
[drop_seed: 17869]
[top_rate: 0.2]
[other_rate: 0.1]
[min_data_per_group: 100]
[max_cat_threshold: 32]
[cat_l2: 10]
[cat_smooth: 10]
[max_cat_to_onehot: 4]
[top_k: 20]
[monotone_constraints: ]
[monotone_constraints_method: basic]
[monotone_penalty: 0]
[feature_contri: ]
[forcedsplits_filename: ]
[refit_decay_rate: 0.9]
[cegb_tradeoff: 1]
[cegb_penalty_split: 0]
[cegb_penalty_feature_lazy: ]
[cegb_penalty_feature_coupled: ]
[path_smooth: 0]
[interaction_constraints: ]
[verbosity: -1]
[saved_feature_importance_type: 0]
[use_quantized_grad: 0]
[num_grad_quant_bins: 4]
[quant_train_renew_leaf: 0]
[stochastic_rounding: 1]
[linear_tree: 0]
[max_bin: 255]
[max_bin_by_feature: ]
[min_data_in_bin: 3]
[bin_construct_sample_cnt: 200000]
[data_random_seed: 175]
[is_enable_sparse: 1]
[enable_bundle: 1]
[use_missing: 1]
[zero_as_missing: 0]
[feature_pre_filter: 1]
[pre_partition: 0]
[two_round: 0]
[header: 0]
[label_column: ]
[weight_column: ]
[group_column: ]
[ignore_column: ]
[categorical_feature: ]
[forcedbins_filename: ]
[precise_float_parser: 0]
[parser_config_file: ]
[objective_seed: 16083]
[num_class: 1]
[is_unbalance: 0]
[scale_pos_weight: 1]
[sigmoid: 1]
[boost_from_average: 1]
[reg_sqrt: 0]
[alpha: 0.5]
[fair_c: 1]
[poisson_max_delta_step: 0.7]
[tweedie_variance_power: 1.5]
[lambdarank_truncation_level: 30]
[lambdarank_norm: 1]
[label_gain: ]
[lambdarank_position_bias_regularization: 0]
[eval_at: ]
[multi_error_top_k: 1]
[auc_mu_weights: ]
[num_machines: 1]
[local_listen_port: 12400]
[time_out: 120]
[machine_list_filename: ]
[machines: ]
[gpu_platform_id: -1]
[gpu_device_id: -1]
[gpu_device_id_list: ]
[gpu_use_dp: 0]
[num_gpu: 1]

end of parameters

pandas_categorical:[]
