tree
version=v4
num_class=1
num_tree_per_iteration=1
label_index=0
max_feature_idx=11
objective=quantile
feature_names=slot dow is_weekend sin_doy cos_doy is_holiday is_holiday_prev temp temp_daymax temp_daymean district_id up_ratio
feature_infos=[0:95] [0:6] [0:1] [-0.9999994220246925:0.99998555065071859] [-0.99997919295908233:0.9999907524084426] [0:1] [0:1] [1.6000000000000001:45.100000000000001] [11.800000000000001:45.100000000000001] [5.9953124999999998:37.56614583333333] [0:1] [0.63404163983687489:1.3073070566434617]
tree_sizes=2813 2986 2986 2986 2996 2988 3003 2996 3002 3005 3008 3003 3017 3008 3014 3021 3025 3014 3024 3027 3018 3034 3038 3033 3033 3037 3014 3045 3027 3017 3038 3033 3022 3015 3027 3047 3034 3034 3051 3055 3031 3062 3050 3046 3048 3066 3055 3037 3042 3070 3040 3047 3039 3046 3060 3012 3034 3062 3052 3038 3016 3068 3046 3023 3020 3055 3074 3012 3051 3044 3029 3044 3062 3054 3045 3051 3052 3038 3037 2995 3022 3027 3041 3018 3058 3024 3057 3045 3057 3030 2996 3008 3021 3024 2994 3031 3021 3027 3058 3045 3014 3060 3037 3066 3018 3040 3004 3021 3007 3021 3040 2989 2992 3028 3035 2981 3015 3026 3029 2985 2990 3047 3050 3017 3027 3049 3042 2972 2985 3012 3069 2976 2964 3023 2978 2955 3033 3036 3025 3005 2990 3037 3005 2973 3007 2978 2996 2994 2999 2983 3010 3001 3026 3001 2929 2938 2990 2976 3028 3037 2995 3042 2969 2977 2937 2959 2981 2973 2971 3024 2997 2965 2960 2983 2975 2934 2994 3034 2986 3007 3020 3001 3026 3040 2964 2990 2981 2976 2988 3000 2962 2967 2979 2974 2988 3002 2999 2944 3002 2977 3034 3040 2987 2940 2997 2931 2912 2959 2938 2976 3050 3012 2981 3007 2967 3047 3016 2945 2951 2951 2957 2975 2929 2981 2951 2955 2966 2971 2955 2980 2977 2986 2996 2959 2985 2987 2969 2980 3081 3011 2973 2947 2935 2977 2920 2942 2965 2944 2951 2972 2954 2943 3041 3017 2988 3013 2945 2977 2988 2974 2989 3033 2997 3016 2990 2981 2966 2992 3007 3028 3034 2973 2974 2948 2947 2939 2959 2983 2989 3004 2972 2974 2936 2989 3017 3018 2997 2972 2982 2974 3006 2990 2959 2937 2940 2973 2951 2959 2931 2971

Tree=0
num_leaves=31
num_cat=0
split_feature=9 0 10 10 0 3 0 0 3 3 3 8 9 0 9 11 0 0 0 11 0 3 11 6 8 0 0 9 3 8
split_gain=2152.64 1875.18 630.256 544.85 274.347 228.199 204.487 320.304 168.013 95.6226 89.9044 80.8576 75.3203 68.3356 54.6196 45.6335 35.0022 33.208 23.3189 22.2507 20.1694 18.9178 18.8413 21.124 20.3008 16.8828 15.2868 14.7242 13.6895 13.0894
threshold=21.966666666666672 23.500000000000004 1.0000000180025095e-35 1.0000000180025095e-35 48.500000000000007 0.16799745313369893 69.500000000000014 87.500000000000014 -0.52766804058324157 0.78857998149907527 -0.79384350655589164 27.650000000000002 9.9703125000000004 55.500000000000007 19.530989583333334 1.00251814764921 27.500000000000004 4.5000000000000009 27.500000000000004 0.951205373332216 89.500000000000014 0.46800856592688472 1.0480714376785738 1.0000000180025095e-35 26.150000000000002 71.500000000000014 20.500000000000004 9.9703125000000004 -0.19337636264337835 18.650000000000002
decision_type=2 2 2 2 2 2 2 2 2 2 2 2 2 2 2 2 2 2 2 2 2 2 2 2 2 2 2 2 2 2
left_child=1 3 4 8 16 10 13 25 15 -7 -5 -11 -12 -6 20 19 -3 -14 -4 -1 -9 27 23 29 -25 -8 -10 -15 -24 -19
right_child=-2 2 18 5 6 9 7 14 26 11 12 -13 17 21 -16 -17 -18 22 -20 -21 -22 -23 28 24 -26 -27 -28 -29 -30 -31
leaf_value=0.12934684809960054 0.13653876766580317 0.12936071142914782 0.13036175783611903 0.13303699718797013 0.12959014347101111 0.13108957254632742 0.13023447265190849 0.12968575586278408 0.12773377985061637 0.12916372884077304 0.13058438004356274 0.1318767193110888 0.12972664810913084 0.13059802865328007 0.13031761946745465 0.12867384655653472 0.13130043339047212 0.12963715442424811 0.13284293338656425 0.1310104980532818 0.12864164524851468 0.12893935013687377 0.12865987811362306 0.1288200168348104 0.13113228045977857 0.1311832753621964 0.12796422168991764 0.12914195573210194 0.12975733803314832 0.12840376720191946
leaf_weight=120 80415 872 976 216 1526 2040 436 362 3927 648 264 240 510 84 290 264 4578 209 16592 360 1086 1008 114 57 76 3488 561 1960 171 1311
leaf_count=120 80415 872 976 216 1526 2040 436 362 3927 648 264 240 510 84 290 264 4578 209 16592 360 1086 1008 114 57 76 3488 561 1960 171 1311
internal_value=0.131125 0.12228 0.128217 0.104474 0.120934 0.11495 0.11611 0.122464 0.0927477 0.12482 0.10508 0.111125 0.102607 0.108253 0.104595 0.114754 0.129997 0.0998709 0.134722 0.123938 0.100628 0.103933 0.0968835 0.0948365 0.113945 0.130378 0.0890996 0.106697 0.108757 0.0931645
internal_weight=124761 44346 33258 11088 15690 5856 10240 5662 5232 2928 2928 888 2712 4578 1738 744 5450 2448 17568 480 1448 3052 1938 1653 133 3924 4488 2044 285 1520
internal_count=124761 44346 33258 11088 15690 5856 10240 5662 5232 2928 2928 888 2712 4578 1738 744 5450 2448 17568 480 1448 3052 1938 1653 133 3924 4488 2044 285 1520
is_linear=0
shrinkage=1


Tree=1
num_leaves=31
num_cat=0
split_feature=9 0 10 10 0 3 0 0 3 3 3 8 9 0 9 11 0 0 3 9 0 0 11 11 3 8 0 0 3 4
split_gain=2052.77 1803 584.813 545.423 251.409 213.825 183.28 301.666 166.885 86.0161 84.5469 74.3816 70.5042 66.7432 47.8862 43.4235 32.4948 31.4426 22.6349 21.7873 21.5681 21.5222 20.0694 19.1511 20.0812 18.537 17.8572 17.129 16.9303 16.0516
threshold=21.966666666666672 23.500000000000004 1.0000000180025095e-35 1.0000000180025095e-35 48.500000000000007 0.16799745313369893 69.500000000000014 88.500000000000014 -0.52766804058324157 0.78857998149907527 -0.79384350655589164 27.650000000000002 9.9703125000000004 54.500000000000007 19.530989583333334 1.00251814764921 4.5000000000000009 27.500000000000004 -0.48314718476766422 9.9703125000000004 27.500000000000004 86.500000000000014 0.951205373332216 1.0515743247573357 -0.66528616069191593 18.650000000000002 20.500000000000004 71.500000000000014 -0.19337636264337835 0.5969655492110445
decision_type=2 2 2 2 2 2 2 2 2 2 2 2 2 2 2 2 2 2 2 2 2 2 2 2 2 2 2 2 2 2
left_child=1 3 4 8 17 10 13 21 15 -7 -5 -11 -12 -6 -9 22 -14 -3 -15 -20 -4 27 -1 24 -18 -26 -10 -8 -25 -2
right_child=29 2 20 5 6 9 7 14 26 11 12 -13 16 18 -16 -17 23 -19 19 -21 -22 -23 -24 28 25 -27 -28 -29 -30 -31
leaf_value=-0.0016892614059520847 0.0054624190201596054 -0.0016760912428821538 -0.00072509715625950215 0.0018163802279990372 -0.0014101890357063026 -3.3673181561535982e-05 -0.00084601808125951835 -0.0022958595325693661 -0.0032216762424870358 -0.001863224701838201 -0.00051360605918798622 0.00071411624496175996 -0.0013284513968982907 -0.0011803917868709367 -0.00084171898262720289 -0.0023286128718646147 -0.0010607812179355732 0.00016664462037592893 -0.00042393563002756377 -0.0020605389797743469 0.0016320196166634564 -0.00093064490613958828 -0.0001087939499548829 -0.0023829940787830242 -0.0014134703975368897 -0.0026321883079593144 -0.0030027564951508341 0.00013392666763070853 -0.0012992959690816736 -0.00022654130186088169
leaf_weight=120 79359 872 976 216 1308 2040 436 1267 3927 648 264 240 510 555 254 264 323 4578 90 2625 16592 435 360 76 209 1159 561 3270 171 1056
leaf_count=120 79359 872 976 216 1308 2040 436 1267 3927 648 264 240 510 555 254 264 323 4578 90 2625 16592 435 360 76 209 1159 561 3270 171 1056
internal_value=6.37621e-05 -0.00857281 -0.00275152 -0.0260335 -0.00976737 -0.0155516 -0.0143848 -0.00836983 -0.0377657 -0.00599727 -0.0251059 -0.0189865 -0.0275037 -0.0218239 -0.0274129 -0.0158333 -0.0301511 -0.00109174 -0.0256422 -0.027523 0.00351434 -0.00137527 -0.006875 -0.0331063 -0.0350059 -0.0376535 -0.0414015 -0.000140313 -0.0201012 0.00482652
internal_weight=124761 44346 33258 11088 15690 5856 10240 5662 5232 2928 2928 888 2712 4578 1521 744 2448 5450 3270 2715 17568 4141 480 1938 1691 1368 4488 3706 247 80415
internal_count=124761 44346 33258 11088 15690 5856 10240 5662 5232 2928 2928 888 2712 4578 1521 744 2448 5450 3270 2715 17568 4141 480 1938 1691 1368 4488 3706 247 80415
is_linear=0
shrinkage=0.05


Tree=2
num_leaves=31
num_cat=0
split_feature=9 0 10 10 0 3 3 0 0 3 3 0 8 8 11 9 3 0 3 9 11 0 0 0 9 3 9 11 0 6
split_gain=1964.67 1756.98 541.939 533.05 231.361 201.4 164.378 154.487 274.271 81.4036 80.5665 73.9636 73.7557 67.9067 45.6365 45.1069 29.9712 28.2905 21.9624 21.4224 20.4446 20.4379 19.5467 19.3552 19.2567 17.1287 17.0136 22.1456 16.7188 15.6542
threshold=21.966666666666672 23.500000000000004 1.0000000180025095e-35 1.0000000180025095e-35 47.500000000000007 0.16799745313369893 -0.51297808981038739 69.500000000000014 87.500000000000014 0.78857998149907527 -0.79384350655589164 54.500000000000007 27.350000000000005 19.350000000000005 1.00251814764921 19.464062500000004 -0.66528616069191593 25.500000000000004 -0.52766804058324157 9.9703125000000004 0.951205373332216 20.500000000000004 5.5000000000000009 29.500000000000004 9.9703125000000004 -0.42180583328916638 23.136718750000004 1.1443318593415424 89.500000000000014 1.0000000180025095e-35
decision_type=2 2 2 2 2 2 2 2 2 2 2 2 2 2 2 2 2 2 2 2 2 2 2 2 2 2 2 2 2 2
left_child=1 2 6 4 17 10 14 11 -9 -7 -4 -6 -11 19 20 28 29 -3 -13 -12 -1 -8 25 -5 -20 -18 27 -2 -10 -15
right_child=26 3 5 23 7 9 21 8 15 12 13 18 -14 16 -16 -17 22 -19 24 -21 -22 -23 -24 -25 -26 -27 -28 -29 -30 -31
leaf_value=-0.0014554285656140393 0.00035809701402715751 -0.0019508976943578074 0.001725561216599085 -0.00048698717766351989 -0.0012892278867377663 -3.1989522483459602e-05 -0.0030661065103433569 -8.1463302601783179e-05 -0.0012706808856054158 -0.0017749318614142834 -0.00048792575622858686 -0.0010918459230783856 0.00048899460702241939 -0.0010078162903278856 -0.002302456371887271 -0.00070659115631695332 -0.0015205208243735851 0.00010745082323470464 -0.00040273884852618517 -0.0018443108465187781 -0.00010335425245713847 -0.0028625229408639932 -0.0025008645853340245 0.0016029045549112747 -0.001934262012680808 -0.0013845106527033408 0.0055959980431514941 -0.0019900592412776322 -0.0022595777468705489 -0.0003035566318747001
leaf_weight=144 2784 436 216 1464 1526 2040 3885 3924 358 624 264 465 264 312 288 306 192 4796 90 552 360 555 1098 16104 2715 174 77535 96 1074 120
leaf_count=144 2784 436 216 1464 1526 2040 3885 3924 358 624 264 465 264 312 288 306 192 4796 90 552 360 555 1098 16104 2715 174 77535 96 1074 120
internal_value=0.000121072 -0.00832815 -0.0255646 -0.00258163 -0.0092798 -0.0151161 -0.0372592 -0.0135743 -0.00798128 -0.00584358 -0.0243887 -0.0201772 -0.0184797 -0.0267294 -0.0162753 -0.0245167 -0.0319198 -0.000695718 -0.024419 -0.0146691 -0.00720238 -0.0410023 -0.0353347 0.0034005 -0.0260873 -0.0253279 0.00478051 0.00100694 -0.0282402 -0.0203472
internal_weight=124761 44346 11088 33258 15690 5856 5232 10458 5662 2928 2928 4796 888 2712 792 1738 1896 5232 3270 816 504 4440 1464 17568 2805 366 80415 2880 1432 432
internal_count=124761 44346 11088 33258 15690 5856 5232 10458 5662 2928 2928 4796 888 2712 792 1738 1896 5232 3270 816 504 4440 1464 17568 2805 366 80415 2880 1432 432
is_linear=0
shrinkage=0.05


Tree=3
num_leaves=31
num_cat=0
split_feature=9 0 10 10 0 3 0 0 3 3 4 3 9 0 11 9 11 8 10 9 0 0 0 0 7 0 7 9 0 11
split_gain=1893.05 1729.54 516.949 487.547 213.188 192.398 166.389 258.388 131.169 71.3026 78.0934 65.6246 54.2485 35.7639 29.327 27.6178 27.5238 27.1565 26.8336 26.6528 24.1687 24.064 24.409 23.5288 18.5371 18.1925 14.9457 14.6045 14.4048 14.3163
threshold=21.223437500000006 23.500000000000004 1.0000000180025095e-35 1.0000000180025095e-35 50.500000000000007 -0.19337636264337835 68.500000000000014 88.500000000000014 -0.52766804058324157 0.78857998149907527 0.98770287048522643 -0.66528616069191593 22.537239583333335 56.500000000000007 1.00251814764921 9.9703125000000004 0.99802285755768305 27.350000000000005 1.0000000180025095e-35 19.464062500000004 20.500000000000004 71.500000000000014 85.500000000000014 25.500000000000004 17.487500000000004 27.500000000000004 15.237500000000002 9.9703125000000004 3.5000000000000004 0.951205373332216
decision_type=2 2 2 2 2 2 2 2 2 2 2 2 2 2 2 2 2 2 2 2 2 2 2 2 2 2 2 2 2 2
left_child=1 2 8 4 23 11 13 21 14 10 -7 16 18 -6 29 -12 -4 -11 24 -9 26 -8 -23 -3 -2 -5 -10 -15 -17 -1
right_child=12 3 5 25 6 9 7 19 20 17 15 -13 -14 27 -16 28 -18 -19 -20 -21 -22 22 -24 -25 -26 -27 -28 -29 -30 -31
leaf_value=-0.0015320269073737791 -0.0013623978005643609 -0.0018662101560684334 -4.7856711784723119e-05 -0.00073952557425819437 -0.0014902137244464327 -0.00011040982763883684 -0.00091398537864714193 -0.0020772578907354957 -0.002956510262623216 -0.0016861852683435694 -0.00051140072006215927 -0.002011557546400092 0.0050155945147191544 -0.00036489281908717728 -0.0023010280518282766 -0.00097811312875514399 -0.00096256222185313951 0.0001005242853084995 0.0006153470811329217 -0.0009726701039574154 -0.0027260315493391968 0.0001912436412950608 -0.0008192604961509911 -0.00015364536392689448 -0.00043941794816677318 0.0014764776591516746 -0.0021261796615570316 -0.0018560664820117864 -0.0023661930469529718 -0.00019932856203973422
leaf_weight=120 310 412 216 924 1236 2184 618 1253 3453 624 216 1248 78975 72 144 112 288 96 1920 184 549 2884 617 5150 1610 15708 390 2400 560 288
leaf_count=120 310 412 216 924 1236 2184 618 1253 3453 624 216 1248 78975 72 144 112 288 96 1920 184 549 2884 617 5150 1610 15708 390 2400 560 288
internal_value=0.00018319 -0.00847089 -0.0260545 -0.00260856 -0.0092014 -0.0155718 -0.0138471 -0.00837293 -0.0378095 -0.00924051 -0.00592122 -0.0292751 0.0045665 -0.0220496 -0.014837 -0.0184234 -0.0140476 -0.0234028 -0.00123698 -0.0266284 -0.0406967 -0.00200413 -0.000398457 -0.0014635 -0.00541667 0.0032684 -0.0420986 -0.0255218 -0.0234226 -0.0079902
internal_weight=124761 41946 10488 31458 14826 5544 9264 5556 4944 3792 3072 1752 82815 3708 552 888 504 720 3840 1437 4392 4119 3501 5562 1920 16632 3843 2472 672 408
internal_count=124761 41946 10488 31458 14826 5544 9264 5556 4944 3792 3072 1752 82815 3708 552 888 504 720 3840 1437 4392 4119 3501 5562 1920 16632 3843 2472 672 408
is_linear=0
shrinkage=0.05


Tree=4
num_leaves=31
num_cat=0
split_feature=9 0 10 10 0 3 0 0 3 3 3 4 9 11 0 0 10 11 8 7 8 3 0 0 0 0 5 11 3 3
split_gain=1802.93 1661.76 521.237 443.581 193.53 186.095 148.843 244.651 127.163 65.7192 63.8014 68.984 53.0812 32.3558 31.8495 28.873 28.1167 29.3704 27.3111 27.218 24.3389 22.4039 21.4608 21.356 19.4152 16.1667 15.3811 14.5185 14.3312 18.3492
threshold=21.223437500000006 23.500000000000004 1.0000000180025095e-35 1.0000000180025095e-35 50.500000000000007 -0.19337636264337835 68.500000000000014 88.500000000000014 -0.51297808981038739 -0.65234524191686594 0.78857998149907527 0.98770287048522643 23.136718750000004 1.00251814764921 56.500000000000007 20.500000000000004 1.0000000180025095e-35 1.1163525015609757 19.350000000000005 16.412500000000005 27.350000000000005 -0.79384350655589164 25.500000000000004 70.500000000000014 85.500000000000014 27.500000000000004 1.0000000180025095e-35 0.951205373332216 0.85673801594079257 0.89404822654372251
decision_type=2 2 2 2 2 2 2 2 2 2 2 2 2 2 2 2 2 2 2 2 2 2 2 2 2 2 2 2 2 2
left_child=1 2 8 4 22 9 14 23 13 21 11 -7 16 27 -6 28 17 -2 -13 -9 -12 -4 -3 -8 -25 -5 -23 -1 -10 -30
right_child=12 3 5 25 6 10 7 19 15 -11 20 18 -14 -15 -16 -17 -18 -19 -20 -21 -22 26 -24 24 -26 -27 -28 -29 29 -31
leaf_value=-0.0013060557919646486 -0.0003567272810380124 -0.0017728996482650119 0.0050363035505055238 -0.00070254929554528509 -0.0014157030382241109 -0.00010488933625689562 -0.00099064100292618404 -0.0019980233390867541 -0.0028042404560285322 -0.0019488692175841213 -0.0016018760049263906 -0.0013100260152934002 0.0050654184152579612 -0.0022687174747065791 -0.0017418801901363482 -0.0025898256373285268 0.00074908451015092943 -0.0018956889957210345 -0.0023266381876157227 -0.00099784933708626112 9.5498071043075014e-05 -0.00092403572972084855 -0.00014596309573054967 0.0001217413166648293 -0.00077829747134344123 0.0014026537761940906 -5.1132639706842624e-05 -0.00018936213393774687 -0.00049588620583016223 -0.0020960805238493365
leaf_weight=144 2400 412 120 924 1236 2184 412 1149 3465 1200 624 528 77535 168 2472 543 2688 192 360 288 96 336 5150 3090 617 15708 96 288 84 252
leaf_count=144 2400 412 120 924 1236 2184 412 1149 3465 1200 624 528 77535 168 2472 543 2688 192 360 288 96 336 5150 3090 617 15708 96 288 84 252
internal_value=0.000241702 -0.00820388 -0.0254395 -0.00245756 -0.00874612 -0.0149134 -0.0131725 -0.00799496 -0.0372431 -0.0283904 -0.00868671 -0.00554687 0.00451941 -0.0156667 -0.0209304 -0.0402233 -0.000331439 -0.00404707 -0.0172973 -0.0257585 -0.0220833 -0.0141123 -0.00137361 -0.00179777 -0.000597518 0.00314815 -0.0194213 -0.00842593 -0.041764 -0.0319048
internal_weight=124761 41946 10488 31458 14826 5544 9264 5556 4944 1752 3792 3072 82815 600 3708 4344 5280 2592 888 1437 720 552 5562 4119 3707 16632 432 432 3801 336
internal_count=124761 41946 10488 31458 14826 5544 9264 5556 4944 1752 3792 3072 82815 600 3708 4344 5280 2592 888 1437 720 552 5562 4119 3707 16632 432 432 3801 336
is_linear=0
shrinkage=0.05


Tree=5
num_leaves=31
num_cat=0
split_feature=9 0 10 10 3 0 3 0 0 3 3 4 9 0 10 11 11 0 0 8 0 9 8 8 11 3 3 3 0 3
split_gain=1715 1588.59 530.306 405.212 177.679 176.499 128.888 113.979 223.064 65.3931 56.5028 62.4575 51.6707 49.7286 38.6335 42.467 33.9261 32.6691 30.3916 27.0919 24.0225 23.9134 23.6395 21.2693 20.8333 19.3317 19.1639 18.873 17.9087 16.922
threshold=21.223437500000006 23.500000000000004 1.0000000180025095e-35 1.0000000180025095e-35 -0.17647087149565668 89.500000000000014 -0.49813634056773481 47.500000000000007 70.500000000000014 -0.65234524191686594 0.78857998149907527 0.98770287048522643 24.116406250000004 54.500000000000007 1.0000000180025095e-35 1.1163525015609757 1.00251814764921 86.500000000000014 20.500000000000004 18.650000000000002 28.500000000000004 19.464062500000004 16.900000000000002 27.350000000000005 1.0515743247573357 -0.79384350655589164 -0.8041866928211282 -0.48314718476766422 22.500000000000004 0.85673801594079257
decision_type=2 2 2 2 2 2 2 2 2 2 2 2 2 2 2 2 2 2 2 2 2 2 2 2 2 2 2 2 2 2
left_child=1 2 6 5 9 7 16 20 13 25 11 -6 14 -9 15 26 -1 -10 29 -13 -3 -7 -11 -12 -21 -4 -2 -15 -17 -8
right_child=12 3 4 -5 10 21 18 8 17 22 23 19 -14 27 -16 28 -18 -19 -20 24 -22 -23 -24 -25 -26 -27 -28 -29 -30 -31
leaf_value=-0.00074558166236857594 0.0013520617720323997 -0.001313341857691175 0.0047844883729802473 0.0011515316171445556 -5.0694307353806034e-05 -0.0019497567083036627 -0.0026673995773165253 -0.0011464837063942159 7.0640905337332474e-05 -0.00043180092868387034 -0.0015217822046800708 -0.00099319232341448394 0.0056494230609617519 -0.00099932395642080289 0.0010390160848700956 -0.001675980847479182 -0.0021592602111805011 -0.00092929723180219391 -0.0024637331547246663 -0.0022271295444066205 0.00031718325843251434 -0.00094293977527509093 -0.0019014733166235248 9.0723167490920634e-05 -0.00061464627438783325 -0.00082590263985998606 -0.00046883846591760925 -0.0016248129886239618 -0.0015883618643683689 -0.001735666607219131
leaf_weight=456 1056 1030 120 16632 2136 1074 3423 1442 3296 96 624 408 73215 464 5856 92 192 616 537 384 3914 158 1152 96 96 432 2304 2832 292 336
leaf_count=456 1056 1030 120 16632 2136 1074 3423 1442 3296 96 624 408 73215 464 5856 92 192 616 537 384 3914 158 1152 96 96 432 2304 2832 292 336
internal_value=0.00029781 -0.00793925 -0.0247912 -0.00232087 -0.0141739 -0.00833131 -0.036697 -0.00668898 -0.0101503 -0.0270833 -0.00796741 -0.00497024 0.0044699 -0.0174462 0.00102083 -0.00294605 -0.0159105 -0.00131391 -0.0398324 -0.0161149 -0.00063309 -0.0264529 -0.0334215 -0.0205556 -0.0241667 -0.0127536 -0.00114583 -0.0208343 -0.0186979 -0.0414219
internal_weight=124761 41946 10488 31458 5544 14826 4944 13594 8650 1800 3744 3024 82815 4738 9600 3744 648 3912 4296 888 4944 1232 1248 720 480 552 3360 3296 384 3759
internal_count=124761 41946 10488 31458 5544 14826 4944 13594 8650 1800 3744 3024 82815 4738 9600 3744 648 3912 4296 888 4944 1232 1248 720 480 552 3360 3296 384 3759
is_linear=0
shrinkage=0.05


Tree=6
num_leaves=31
num_cat=0
split_feature=9 0 10 10 3 0 3 0 0 3 0 9 3 4 11 10 11 0 0 8 7 0 3 11 3 11 3 0 7 11
split_gain=1639.33 1510.27 533.434 375.314 164.357 162.98 131.618 105.6 205.54 65.8106 51.1794 49.224 48.3168 51.1423 35.4699 35.1495 38.9257 31.0573 26.9763 26.0414 22.8195 20.7256 20.4057 20.213 18.8929 18.8513 17.4295 17.2306 17.1628 16.4476
threshold=21.223437500000006 23.500000000000004 1.0000000180025095e-35 1.0000000180025095e-35 -0.19337636264337835 47.500000000000007 -0.48314718476766422 89.500000000000014 69.500000000000014 -0.65234524191686594 54.500000000000007 24.116406250000004 0.82899317702918729 0.98770287048522643 0.99944332314325746 1.0000000180025095e-35 1.1163525015609757 20.500000000000004 86.500000000000014 18.650000000000002 16.412500000000005 28.500000000000004 0.85673801594079257 1.0515743247573357 0.89404822654372251 0.99802285755768305 -0.8041866928211282 30.500000000000004 14.112500000000002 0.88598948399573263
decision_type=2 2 2 2 2 2 2 2 2 2 2 2 2 2 2 2 2 2 2 2 2 2 2 2 2 2 2 2 2 2
left_child=1 2 6 5 9 21 14 8 10 25 -7 15 13 29 -1 16 26 22 -10 -15 -9 -3 -8 -21 -24 -4 -2 -5 -14 -6
right_child=11 3 4 27 12 7 17 20 18 -11 -12 -13 28 19 -16 -17 -18 -19 -20 23 -22 -23 24 -25 -26 -27 -28 -29 -30 -31
leaf_value=-0.00069442602278487614 0.0012844586834307799 -0.0012476747648066161 -0.00023529302530815146 -0.00043892267435167721 -0.0016352598189741038 -0.0010891595210745046 -0.0025351031203519562 -0.0018798167866235227 1.9356349609936373e-06 -0.0017563520908737392 -0.0015087644411161648 0.0053669519079136644 -0.0016238347633787524 -0.00094353270724376005 -0.0021418316039649127 0.00098706528062659127 -0.0015256932879506534 -0.0023455968731213141 -0.00088283237021208403 -0.0021157730671862891 -0.0009063915591239805 0.00030132409551088816 -0.00038430856517769759 -0.00058391396066844185 -0.0019044931672959127 -0.00082693719228144026 -0.00044539654262172883 0.001346795428222096 -0.00072978635292636354 -6.8900525818035849e-05
leaf_weight=480 1056 1030 264 1617 72 1442 3381 993 3502 1200 3090 73215 212 408 216 5856 384 531 616 384 239 3914 84 96 252 288 2304 15015 364 2256
leaf_count=480 1056 1030 264 1617 72 1442 3381 993 3502 1200 3090 73215 212 408 216 5856 384 531 616 384 239 3914 84 96 252 288 2304 15015 364 2256
internal_value=0.000365539 -0.00768774 -0.024119 -0.00220961 -0.0134704 -0.00799406 -0.0360599 -0.0117021 -0.00975144 -0.0261358 -0.0170984 0.00444455 -0.00761867 -0.0052301 -0.0159052 0.00107813 -0.00270566 -0.0393621 -0.00166586 -0.0154392 -0.0253977 -0.000582524 -0.0409779 -0.0233333 -0.0292262 -0.0118478 -0.000982143 0.00294673 -0.0209549 -0.00133591
internal_weight=124761 41946 10488 31458 5544 14826 4944 9882 8650 1752 4532 82815 3792 3216 696 9600 3744 4248 4118 888 1232 4944 3717 480 336 552 3360 16632 576 2328
internal_count=124761 41946 10488 31458 5544 14826 4944 9882 8650 1752 4532 82815 3792 3216 696 9600 3744 4248 4118 888 1232 4944 3717 480 336 552 3360 16632 576 2328
is_linear=0
shrinkage=0.05


Tree=7
num_leaves=31
num_cat=0
split_feature=9 0 10 10 0 3 3 0 0 3 9 3 4 0 10 11 11 0 8 0 3 7 11 0 3 3 3 11 7 1
split_gain=1562.77 1463.75 533.456 337.038 154.769 149.44 133.598 92.4969 180.788 61.382 48.9079 43.1672 49.8289 40.4798 36.2558 36.0817 34.3018 32.1001 26.6014 25.9724 21.9946 21.2851 21.2404 19.4837 17.9532 17.4659 17.2995 16.5077 16.4885 15.9014
threshold=21.223437500000006 23.500000000000004 1.0000000180025095e-35 1.0000000180025095e-35 89.500000000000014 -0.19337636264337835 -0.48314718476766422 47.500000000000007 70.500000000000014 -0.63921128368950708 24.712760416666672 0.82899317702918729 0.98770287048522643 53.500000000000007 1.0000000180025095e-35 1.1163525015609757 0.99944332314325746 20.500000000000004 19.350000000000005 86.500000000000014 0.85673801594079257 16.412500000000005 0.99634139915423614 27.500000000000004 0.9053161325100999 -0.48314718476766422 -0.34235669412071207 0.88598948399573263 14.112500000000002 1.5000000000000002
decision_type=2 2 2 2 2 2 2 2 2 2 2 2 2 2 2 2 2 2 2 2 2 2 2 2 2 2 2 2 2 2
left_child=1 2 6 4 7 9 16 23 13 22 14 12 27 -9 15 -2 -1 20 -14 -10 -8 -6 -4 -3 -22 -15 -11 -7 -13 -20
right_child=10 3 5 -5 21 11 17 8 19 26 -12 28 18 25 -16 -17 -18 -19 29 -21 24 -23 -24 -25 -26 -27 -28 -29 -30 -31
leaf_value=-0.00065970472164563203 -0.00010991188898902035 -0.0012938198359636259 -0.00020610356826910106 0.001038910178201602 -0.0017858259472923466 -0.0015534968280253984 -0.0024083479643343579 -0.00097143854446258009 6.7012078322416235e-05 -0.0017701398847043645 0.005463050058621262 -0.0015426430252098147 -0.0010847268334340271 -0.00085024823726311265 0.001055615621623363 -0.0014494086235531205 -0.0020347400237666672 -0.002228317029465248 -0.0017438744126377901 -0.00083869075170147982 -0.00058612352543984379 -0.00086107198116778172 -0.00090183556806442051 0.00023252532059341998 -0.0018325122606593948 -0.0014687656971377509 -0.00096419871342855483 -6.545549952713392e-05 -0.00069329703528004522 -0.0021129256205817864
leaf_weight=480 3936 824 288 16632 993 72 3381 1236 3296 888 71295 212 528 493 7200 384 216 531 120 616 105 239 312 4120 231 3009 264 2256 364 240
leaf_count=480 3936 824 288 16632 993 72 3381 1236 3296 888 71295 212 528 493 7200 384 216 531 120 616 105 239 312 4120 231 3009 264 2256 364 240
internal_value=0.000416036 -0.00744696 -0.0236232 -0.00205385 -0.00753541 -0.0129744 -0.0355643 -0.0059975 -0.00911561 -0.0250514 0.00439866 -0.00739451 -0.00513682 -0.0156838 0.00137587 -0.00224537 -0.0152586 -0.0388912 -0.015214 -0.00116053 -0.040534 -0.0245049 -0.0120833 -0.000542071 -0.0283333 -0.0184295 -0.0318056 -0.00129296 -0.02 -0.0256944
internal_weight=124761 41946 10488 31458 14826 5544 4944 13594 8650 1752 82815 3792 3216 4738 11520 4320 696 4248 888 3912 3717 1232 600 4944 336 3502 1152 2328 576 360
internal_count=124761 41946 10488 31458 14826 5544 4944 13594 8650 1752 82815 3792 3216 4738 11520 4320 696 4248 888 3912 3717 1232 600 4944 336 3502 1152 2328 576 360
is_linear=0
shrinkage=0.05


Tree=8
num_leaves=31
num_cat=0
split_feature=9 0 10 10 7 0 3 0 0 3 8 0 0 3 9 11 7 3 3 11 0 3 0 9 11 7 8 3 0 0
split_gain=1492.59 1381.71 534.608 313.023 180.554 137.884 135.11 85.3074 168.059 64.2582 58.4229 42.8767 37.5624 36.4994 35.9448 38.5168 30.9534 23.668 23.5792 26.9085 22.5243 21.7969 21.469 20.1534 27.5169 19.9548 19.7167 19.6783 18.3825 18.3676
threshold=22.342187500000005 23.500000000000004 1.0000000180025095e-35 1.0000000180025095e-35 15.237500000000002 89.500000000000014 0.01505151768384008 47.500000000000007 70.500000000000014 -0.8041866928211282 16.900000000000002 20.500000000000004 53.500000000000007 -0.63921128368950708 15.127864583333336 1.0008822037284635 15.412500000000003 -0.57078386445773377 -0.48314718476766422 1.0131522458708193 86.500000000000014 0.85673801594079257 6.5000000000000009 25.676822916666669 1.1396426947228491 19.587500000000006 26.150000000000002 -0.48314718476766422 30.500000000000004 6.5000000000000009
decision_type=2 2 2 2 2 2 2 2 2 2 2 2 2 2 2 2 2 2 2 2 2 2 2 2 2 2 2 2 2 2
left_child=1 2 4 5 11 7 9 -3 12 -4 -11 17 -9 -12 -8 26 -7 -1 19 -6 -10 -20 -15 24 -2 -26 29 -14 -5 -16
right_child=23 3 6 28 18 16 14 8 20 10 13 -13 27 22 15 -17 -18 -19 21 -21 -22 -23 -24 -25 25 -27 -28 -29 -30 -31
leaf_value=-0.0013232267835117471 0.00098411792005084352 -0.00012296409460394592 0.0010022577858496025 -0.00046524250914778897 -0.00026843550653254461 -0.0017415544983897984 5.2888212392077085e-07 -0.00089247004711113522 8.2584010726283191e-05 -0.00022075168286205956 -0.00075549577576931827 -0.0021110090722527698 -0.00075186142985835371 -0.0010014356168501352 -0.00052133404862722142 -1.6119675484832276e-05 -0.00079056212188541276 -0.0022876670531056585 -0.0015786926938462606 -0.0015590636043580658 -0.00075084602919757784 -0.0008390028911598789 -0.0018604497408145162 0.0063139699891295925 -0.0015123222424392401 -0.00093596201757884662 -0.00034220428057819694 -0.0013958201128092722 0.0012151224212190545 -0.0016369307658944351
leaf_weight=120 13056 5328 240 1750 465 893 1704 1332 3552 336 600 558 680 413 245 624 435 3524 206 169 664 286 1003 66015 84 300 240 3094 16250 595
leaf_count=120 13056 5328 240 1750 465 893 1704 1332 3552 336 600 558 680 413 245 624 435 3524 206 169 664 286 1003 66015 84 300 240 3094 16250 595
internal_value=0.000462525 -0.0067799 -0.0219024 -0.00173818 -0.0334291 -0.00683189 -0.0116667 -0.00543345 -0.00831796 -0.0202701 -0.0227849 -0.0381937 -0.0144183 -0.026002 -0.00512324 -0.0102582 -0.022259 -0.0401701 -0.0156483 -0.00927445 -0.000929791 -0.0238618 -0.0303814 0.00459222 0.00282738 -0.0103646 -0.0159722 -0.0169661 0.00278333 -0.0195833
internal_weight=124761 45306 11328 33978 5328 15978 6000 14650 9322 2592 2352 4202 5106 2016 3408 1704 1328 3644 1126 634 4216 492 1416 79455 13440 384 1080 3774 18000 840
internal_count=124761 45306 11328 33978 5328 15978 6000 14650 9322 2592 2352 4202 5106 2016 3408 1704 1328 3644 1126 634 4216 492 1416 79455 13440 384 1080 3774 18000 840
is_linear=0
shrinkage=0.05


Tree=9
num_leaves=31
num_cat=0
split_feature=9 0 10 10 7 0 3 0 0 3 8 0 3 9 0 0 0 9 3 3 3 11 9 11 3 7 0 3 0 0
split_gain=1434.99 1329.39 527.949 287.322 182.128 131.222 127.144 80.9388 141.791 52.4952 56.008 44.1705 39.5643 38.961 33.7644 32.5605 32.0607 27.2242 27.1437 24.4094 24.2356 22.7918 22.1267 24.8974 21.8767 19.8172 18.0785 17.9476 16.9868 14.8548
threshold=22.342187500000005 23.500000000000004 1.0000000180025095e-35 1.0000000180025095e-35 15.237500000000002 90.500000000000014 0.16799745313369893 47.500000000000007 70.500000000000014 -0.8041866928211282 19.350000000000005 20.500000000000004 0.77788564761185042 19.936458333333338 6.5000000000000009 53.500000000000007 86.500000000000014 19.464062500000004 -0.63921128368950708 -0.57078386445773377 -0.48314718476766422 1.0131522458708193 25.676822916666669 1.1396426947228491 0.85673801594079257 19.587500000000006 28.500000000000004 -0.48314718476766422 30.500000000000004 93.500000000000014
decision_type=2 2 2 2 2 2 2 2 2 2 2 2 2 2 2 2 2 2 2 2 2 2 2 2 2 2 2 2 2 2
left_child=1 2 4 5 11 7 9 26 15 -4 -11 19 -8 -14 -12 -9 -10 -7 -16 -1 21 -6 23 -2 -22 -25 -3 -17 -5 -30
right_child=22 3 6 28 20 17 12 8 16 10 14 -13 13 -15 18 27 -18 -19 -20 -21 24 -23 -24 25 -26 -27 -28 -29 29 -31
leaf_value=-0.0012570654443361594 0.00093491202404830109 -0.0010948298399545227 0.00095214489655712177 -0.00044198038369039979 -0.00025501373120591711 -0.0016526989188814006 1.733832967001538e-05 -0.00084784654475557818 7.8454810189969304e-05 -0.0011039622653834604 -0.00082558497513498955 -0.0020054586186401312 -0.0012679262568259153 8.113434664248727e-05 -0.00080731454266340244 -0.00071426835836543618 -0.00077431841895619913 -0.00064226043342401409 -0.0018159781495150091 -0.0021732837004503759 -0.0014997580591539475 -0.0014811104241401628 0.0059982714896731132 -0.0014367061303172779 -0.00079705274660188527 -0.00088916391669990468 0.00032661482537081941 -0.0013260291071688088 0.0013166231335260507 -0.00069149407138155157
leaf_weight=120 13056 1110 240 1750 465 895 1992 1332 3552 816 574 558 600 384 425 680 885 212 969 3524 206 169 66015 84 286 300 4218 3094 15750 500
leaf_count=120 13056 1110 240 1750 465 895 1992 1332 3552 816 574 558 600 384 425 680 885 212 969 3524 206 169 66015 84 286 300 4218 3094 15750 500
internal_value=0.000504605 -0.0065967 -0.0214301 -0.00165136 -0.0328848 -0.00653148 -0.0112583 -0.00529521 -0.00805145 -0.0184788 -0.0204131 -0.0376702 -0.00392137 -0.012124 -0.0249797 -0.0137329 -0.00151341 -0.0231391 -0.0291822 -0.0396762 -0.0150266 -0.00856467 0.00455384 0.00270461 -0.0233537 -0.00984375 -0.000358483 -0.0161049 0.00268056 0.00318462
internal_weight=124761 45306 11328 33978 5328 15978 6000 14871 9543 3024 2784 4202 2976 984 1968 5106 4437 1107 1394 3644 1126 634 79455 13440 492 384 5328 3774 18000 16250
internal_count=124761 45306 11328 33978 5328 15978 6000 14871 9543 3024 2784 4202 2976 984 1968 5106 4437 1107 1394 3644 1126 634 79455 13440 492 384 5328 3774 18000 16250
is_linear=0
shrinkage=0.05


Tree=10
num_leaves=31
num_cat=0
split_feature=9 0 10 10 3 0 3 0 0 9 8 3 3 0 0 3 10 9 11 7 11 3 0 8 0 0 0 0 11 11
split_gain=1360.71 1294.07 524.551 256.291 137.066 124.69 113.404 65.2202 127.576 52.1718 46.9527 51.7463 45.9288 33.2031 33.0934 33.8344 32.7219 30.6425 27.0764 21.7211 20.1277 19.3116 18.4061 18.1336 19.3633 19.4742 17.3554 16.4533 14.9401 14.0556
threshold=21.223437500000006 23.500000000000004 1.0000000180025095e-35 1.0000000180025095e-35 -0.48314718476766422 89.500000000000014 0.01505151768384008 47.500000000000007 68.500000000000014 24.955468750000001 16.900000000000002 -0.65234524191686594 0.78857998149907527 55.500000000000007 20.500000000000004 0.85673801594079257 1.0000000180025095e-35 18.122135416666669 1.1163525015609757 15.412500000000003 0.92960870096613757 0.1849296026015865 6.5000000000000009 21.050000000000004 92.500000000000014 30.500000000000004 27.500000000000004 86.500000000000014 1.00251814764921 0.99802285755768305
decision_type=2 2 2 2 2 2 2 2 2 2 2 2 2 2 2 2 2 2 2 2 2 2 2 2 2 2 2 2 2 2
left_child=1 2 4 5 17 7 10 26 13 16 -4 29 21 -9 15 -6 18 -1 -2 -7 -13 -8 -22 -5 25 -25 -3 -10 -14 -12
right_child=9 3 6 23 14 19 12 8 27 -11 11 20 28 -15 -16 -17 -18 -19 -20 -21 22 -23 -24 24 -26 -27 -28 -29 -30 -31
leaf_value=-0.0017329696258240096 -0.00011547489451739573 -0.0011682391474375209 -0.00015451598544978312 0.002797988071705948 -0.0020648830284398386 -0.0015718418275262388 -0.0014819274055926583 -0.00091334439167373301 -3.9458001383994848e-05 0.0049253497467318125 -0.00013444321492915673 -0.00055579270857525624 -0.0011929925718906773 -0.0012897343474928141 -0.0019165801502055884 -0.0013192717783150811 0.00091137920234527848 -0.0004138398823277027 -0.0012419529420057487 -0.00081474462675610009 -0.00093550757815196632 1.6961040739865304e-05 -0.0016985634924509916 -0.00092502319044432966 -0.00079533661389599025 0.00069361134314269721 0.00021124692330784929 -0.00072049799170871706 -0.00018114057709086082 -0.00066235803834251107
leaf_weight=240 4128 824 336 7488 3381 893 480 1648 3708 70335 264 96 552 2678 531 336 7968 456 384 339 399 1992 969 889 381 7874 4120 616 168 288
leaf_count=240 4128 824 336 7488 3381 893 480 1648 3708 70335 264 96 552 2678 531 336 7968 456 384 339 399 1992 969 889 381 7874 4120 616 168 288
internal_value=0.000573136 -0.00676393 -0.0219737 -0.00169305 -0.0338147 -0.00647309 -0.0114141 -0.00509269 -0.00771098 0.00428938 -0.0197449 -0.022629 -0.00527569 -0.0137818 -0.0371846 -0.0388526 0.0013101 -0.0132471 -0.0020922 -0.0217045 -0.0275478 -0.00203883 -0.0291009 0.00256794 0.00107393 0.00155369 -0.000511731 -0.00163737 -0.0163889 -0.00958333
internal_weight=124761 41946 10488 31458 4944 14826 5544 13594 8650 82815 2352 2016 3192 4326 4248 3717 12480 696 4512 1232 1464 2472 1368 16632 9144 8763 4944 4324 720 552
internal_count=124761 41946 10488 31458 4944 14826 5544 13594 8650 82815 2352 2016 3192 4326 4248 3717 12480 696 4512 1232 1464 2472 1368 16632 9144 8763 4944 4324 720 552
is_linear=0
shrinkage=0.05


Tree=11
num_leaves=31
num_cat=0
split_feature=9 0 10 10 7 0 3 0 0 3 8 0 0 3 11 3 9 7 10 3 0 0 3 3 0 9 11 0 0 3
split_gain=1289.21 1206.65 520.238 246.285 195.007 105.026 100.407 55.243 122.517 45.428 47.4417 31.1556 29.8027 29.0528 29.001 26.886 26.782 26.3209 25.4368 28.158 21.3945 21.3338 21.1181 22.041 20.8938 20.3603 20.1166 19.3478 18.0872 17.7
threshold=22.342187500000005 22.500000000000004 1.0000000180025095e-35 1.0000000180025095e-35 15.087500000000004 90.500000000000014 0.01505151768384008 48.500000000000007 67.500000000000014 -0.8041866928211282 16.900000000000002 24.500000000000004 56.500000000000007 -0.63921128368950708 0.98658784621230999 -0.48314718476766422 25.676822916666669 15.412500000000003 1.0000000180025095e-35 0.97696484778429815 30.500000000000004 87.500000000000014 -0.48314718476766422 0.85673801594079257 6.5000000000000009 14.867447916666668 1.0131522458708193 19.500000000000004 75.500000000000014 0.99552231814189451
decision_type=2 2 2 2 2 2 2 2 2 2 2 2 2 2 2 2 2 2 2 2 2 2 2 2 2 2 2 2 2 2
left_child=1 2 4 5 15 7 9 11 12 -4 -11 -3 -9 -12 25 -1 18 -7 19 -2 -5 -10 26 -24 -15 -8 -6 -17 29 -21
right_child=16 3 6 20 22 17 14 8 21 10 13 -13 -14 24 -16 27 -18 -19 -20 28 -22 -23 23 -25 -26 -27 -28 -29 -30 -31
leaf_value=-0.0015313912617173867 0.0005459979811188963 -0.0014361062587189717 0.00081162388247937661 -0.00048327089029797727 -0.00023781776455154038 -0.0015354109321910399 -0.00011672224916951511 -0.00091284796080273733 -9.0887068915102953e-05 -0.0001428585496833459 -0.00063911206148714323 -2.5952435216391456e-06 -0.001238153185628728 -0.00086330920834328027 -9.8773855084286958e-05 -0.001977428091540489 0.0054520904278528674 -0.00078345554375746902 0.0013249323433838862 -0.0012932755431602023 0.0010500338449656102 -0.0007295791987329659 -0.0013067791418635219 -0.00068036640676321508 -0.0016035672353743972 -0.0012388357345769518 -0.0014068268840699482 -0.0019120091580360644 0.0012575377917747655 -0.00034885462823910354
leaf_weight=282 2976 444 230 2000 464 750 391 1776 4440 322 575 5328 2442 413 2001 3174 66015 357 9024 532 16250 663 234 281 944 874 174 497 300 608
leaf_count=282 2976 444 230 2000 464 750 391 1776 4440 322 575 5328 2442 413 2001 3174 66015 357 9024 532 16250 663 234 281 944 874 174 497 300 608
internal_value=0.000622029 -0.0061089 -0.0206448 -0.0015283 -0.0322601 -0.00601543 -0.0103304 -0.00492513 -0.00730555 -0.0179066 -0.0200665 -0.00108108 -0.0136107 -0.0230279 -0.00456828 -0.0375373 0.00446007 -0.0208808 0.0024256 -0.000683877 0.00245479 -0.00209387 -0.0141674 -0.021699 -0.0270192 -0.0104941 -0.00808777 -0.0386802 -0.00642361 -0.00929825
internal_weight=124761 45306 10856 34450 5106 16200 5750 15093 9321 2484 2254 5772 4218 1932 3266 3953 79455 1107 13440 4416 18250 5103 1153 515 1357 1265 638 3671 1440 1140
internal_count=124761 45306 10856 34450 5106 16200 5750 15093 9321 2484 2254 5772 4218 1932 3266 3953 79455 1107 13440 4416 18250 5103 1153 515 1357 1265 638 3671 1440 1140
is_linear=0
shrinkage=0.05


Tree=12
num_leaves=31
num_cat=0
split_feature=9 0 10 10 9 0 3 0 0 3 8 3 0 0 7 9 11 9 0 10 3 0 11 0 11 8 0 4 0 3
split_gain=1229.06 1140.48 511.525 224.672 198.507 98.9603 90.1974 49.4046 107.301 41.5406 42.1491 36.0692 29.8018 27.2665 26.878 26.7027 26.5741 24.0875 23.0977 22.7415 24.4701 22.5245 20.5358 19.7344 18.413 17.9545 18.8824 17.7914 17.6373 17.2733
threshold=22.342187500000005 22.500000000000004 1.0000000180025095e-35 1.0000000180025095e-35 19.464062500000004 90.500000000000014 0.01505151768384008 47.500000000000007 70.500000000000014 -0.8041866928211282 16.900000000000002 -0.48314718476766422 25.500000000000004 6.5000000000000009 15.412500000000003 25.676822916666669 0.99557230953365117 15.127864583333336 85.500000000000014 1.0000000180025095e-35 -0.69057362043749781 55.500000000000007 0.92960870096613757 30.500000000000004 0.99944332314325746 26.150000000000002 6.5000000000000009 0.67644692717078936 19.500000000000004 -0.69057362043749781
decision_type=2 2 2 2 2 2 2 2 2 2 2 2 2 2 2 2 2 2 2 2 2 2 2 2 2 2 2 2 2 2
left_child=1 2 4 5 11 7 9 12 21 -4 -11 24 -3 -12 -7 19 17 -8 -10 20 -2 -9 -15 -5 -1 26 -19 -6 -13 -24
right_child=15 3 6 23 27 14 16 8 18 10 13 28 -14 22 -16 -17 -18 25 -20 -21 -22 -23 29 -25 -26 -27 -28 -29 -30 -31
leaf_value=-0.00065659823365515576 0.00057844567666360429 -0.0012998241371656647 0.00077104268835540761 -0.00045910734578307816 -0.00098221578589181738 -0.0014586403855814884 -0.00013908233841820726 -0.00079078861860620235 0.0001194542278110656 -0.00013571562219917839 -0.00069328462619951277 -0.0018710452075991438 0.00013364287080303017 -0.00039171581304884852 -0.00074428276656959543 0.0051794859064602239 -1.0004757668078049e-05 -0.00032713240471909032 -0.00061805552707978667 0.0012586857262146924 -0.00070613063229698475 -0.0010843481890722131 -0.00065310024774994251 0.00099753215271733008 -0.001656308452597365 0.00022379046408349258 -0.0013728938497016704 -0.00025381312909809032 -0.0018272105599962064 -0.0015180786517050807
leaf_weight=161 2880 666 230 2000 529 750 529 1776 3330 322 588 3300 4884 112 357 66015 1771 238 1107 9024 1536 3330 272 16250 161 184 544 460 495 960
leaf_count=161 2880 666 230 2000 529 750 529 1776 3330 322 588 3300 4884 112 357 66015 1771 238 1107 9024 1536 3330 272 16250 161 184 544 460 495 960
internal_value=0.000676133 -0.00589591 -0.0200276 -0.00144267 -0.0315452 -0.00572839 -0.0098 -0.00467005 -0.00685162 -0.0169807 -0.0190461 -0.0363772 -0.000918919 -0.0218375 -0.0201581 0.00442357 -0.00433864 -0.00924749 -0.00116407 0.00239211 -0.000548007 -0.011794 -0.0257664 0.00236164 -0.0203106 -0.0139441 -0.0172506 -0.0114307 -0.0377404 -0.0276299
internal_weight=124761 45306 10856 34450 5106 16200 5750 15093 9543 2484 2254 4117 5550 1932 1107 79455 3266 1495 4437 13440 4416 5106 1344 18250 322 966 782 989 3795 1232
internal_count=124761 45306 10856 34450 5106 16200 5750 15093 9543 2484 2254 4117 5550 1932 1107 79455 3266 1495 4437 13440 4416 5106 1344 18250 322 966 782 989 3795 1232
is_linear=0
shrinkage=0.05


Tree=13
num_leaves=31
num_cat=0
split_feature=9 0 10 10 0 3 7 4 0 0 3 3 10 3 4 0 4 3 0 0 8 0 0 0 0 0 9 0 1 11
split_gain=1164.32 1122.67 531.08 208.738 97.1872 90.325 82.636 64.57 43.6022 94.3684 42.1018 32.8017 47.3581 30.7462 39.5131 28.8393 25.3502 24.3423 22.7118 22.1932 20.6849 21.6702 22.851 19.7254 19.1441 17.3943 17.234 17.0024 16.4106 15.3152
threshold=20.810156250000002 22.500000000000004 1.0000000180025095e-35 1.0000000180025095e-35 90.500000000000014 -0.34235669412071207 15.087500000000004 0.48126256173783166 48.500000000000007 67.500000000000014 -0.63921128368950708 0.96465729447553372 1.0000000180025095e-35 0.82899317702918729 0.97263757644091875 24.500000000000004 -0.013976481981245173 -0.40614700388750385 57.500000000000007 76.500000000000014 21.050000000000004 93.500000000000014 27.500000000000004 87.500000000000014 69.500000000000014 19.500000000000004 9.9703125000000004 6.5000000000000009 1.5000000000000002 0.96359846643765257
decision_type=2 2 2 2 2 2 2 2 2 2 2 2 2 2 2 2 2 2 2 2 2 2 2 2 2 2 2 2 2 2
left_child=1 2 6 4 8 10 17 11 15 18 -4 -2 16 14 -7 -3 -13 -1 -10 29 -5 22 -22 -11 -9 -19 -16 -12 -15 -18
right_child=7 3 5 20 -6 13 -8 24 9 23 27 12 -14 28 26 -17 19 25 -20 -21 21 -23 -24 -25 -26 -27 -28 -29 -30 -31
leaf_value=-0.0014396323453105236 0.0044467789157688455 -0.001459447743224083 -0.00047274414777549018 0.002424528741279873 -0.0013246034933594789 -3.9951416667434229e-05 -0.0010795006084057244 -0.00031865288416290391 -0.00089594334624326438 -0.00011663157623609575 -0.00079580424291397767 0.0002218458513912003 0.0013682425815137967 -0.00097251631038679372 -2.8789205504790199e-05 -2.8365214675902174e-05 -0.00039360090149768989 -0.0018059283723685469 -0.001175984136248512 0.00095428757070908313 -0.0010542381518232648 -0.00098557660634007878 0.00048632828163869767 -0.00072614988929911996 0.00095249443413282118 -0.0017238004830110233 -0.0012962977109723507 -0.0015182841116361786 -0.0008151545815016808 -0.0012346871490146773
leaf_weight=484 70239 392 483 7592 977 2070 603 4130 1764 3920 259 1344 5472 138 276 4704 462 2960 1960 304 610 244 8052 585 1534 461 989 592 391 770
leaf_count=484 70239 392 483 7592 977 2070 603 4130 1764 3920 259 1344 5472 138 276 4704 462 2960 1960 304 610 244 8052 585 1534 461 989 592 391 770
internal_value=0.000733443 -0.0062329 -0.0210612 -0.00156006 -0.00598098 -0.0101693 -0.0336202 0.00408255 -0.00486492 -0.00711569 -0.0213868 0.00445414 0.00149186 -0.00629658 -0.00452024 -0.00123038 -0.00369792 -0.0362804 -0.0130048 -0.00808594 0.0022724 0.000637772 0.00105172 -0.0022475 -0.00107345 -0.0377653 -0.0114822 -0.0280787 -0.0174953 -0.0110714
internal_weight=124761 40506 9706 30800 14302 5198 4508 84255 13325 8229 1334 78591 8352 3864 3335 5096 2880 3905 3724 1536 16498 8906 8662 4505 5664 3421 1265 851 529 1232
internal_count=124761 40506 9706 30800 14302 5198 4508 84255 13325 8229 1334 78591 8352 3864 3335 5096 2880 3905 3724 1536 16498 8906 8662 4505 5664 3421 1265 851 529 1232
is_linear=0
shrinkage=0.05


Tree=14
num_leaves=31
num_cat=0
split_feature=9 0 10 9 10 0 3 0 0 3 8 9 0 8 7 3 3 0 11 3 10 7 0 9 11 0 0 3 8 0
split_gain=1107.01 1022.36 491.509 192.574 187.556 84.808 74.5941 38.1085 95.3538 33.4222 34.6957 27.9555 26.3792 25.6985 25.6315 25.2043 31.2514 23.7417 22.7756 20.4198 31.2422 32.009 20.3134 19.9306 19.4684 17.7644 15.9299 15.7181 15.4374 18.0117
threshold=22.342187500000005 22.500000000000004 1.0000000180025095e-35 19.173958333333335 1.0000000180025095e-35 89.500000000000014 0.01505151768384008 47.500000000000007 69.500000000000014 -0.8041866928211282 16.900000000000002 26.175000000000008 5.5000000000000009 22.350000000000005 15.412500000000003 -0.40614700388750385 0.85673801594079257 25.500000000000004 0.99557230953365117 -0.88622299073327826 1.0000000180025095e-35 26.537500000000005 56.500000000000007 15.127864583333336 0.92960870096613757 30.500000000000004 54.500000000000007 -0.159513159777915 26.150000000000002 6.5000000000000009
decision_type=2 2 2 2 2 2 2 2 2 2 2 2 2 2 2 2 2 2 2 2 2 2 2 2 2 2 2 2 2 2
left_child=1 2 3 13 5 7 9 17 22 -4 -11 19 -12 -1 -7 -5 -17 -3 23 -2 21 -21 -9 -8 -14 -6 -23 -24 29 -25
right_child=11 4 6 15 25 14 18 8 -10 10 12 -13 24 -15 -16 16 -18 -19 -20 20 -22 26 27 28 -26 -27 -28 -29 -30 -31
leaf_value=-0.0017607949688016732 0.0018420106077794611 -0.0011662515069933751 0.00063974553634644962 -0.00062466667249433676 -0.00043184002214396896 -0.0012773169955933264 -0.00011587272514933024 -0.00076991904988566297 -8.3291272052235529e-05 -0.00010648086918561122 -0.00058962734349150424 0.0050697411112671405 -0.00033449283858126913 -0.0014824632154511524 -0.00053402070500533532 -0.0010497252714705488 -0.00043527216515009174 0.0001283789879966732 4.3431131248924438e-06 7.3883961835999963e-05 0.00088269638336473501 -0.00066697428696484888 -0.00059011168908739862 -0.00027442177843923121 -0.0012762518717314441 0.00090951156219889898 -0.0012571651567825333 -0.00116657344842867 0.00023946556316914661 -0.0012842086649772549
leaf_weight=2645 6916 666 230 667 2000 893 529 1998 4438 322 504 63131 119 1265 435 230 299 4884 1771 2195 6144 532 936 238 1309 16250 537 1950 184 544
leaf_count=2645 6916 666 230 667 2000 893 529 1998 4438 322 504 63131 119 1265 435 230 299 4884 1771 2195 6144 532 936 238 1309 16250 537 1950 184 544
internal_value=0.000791554 -0.00544564 -0.0188255 -0.0301155 -0.00122932 -0.00514506 -0.0088 -0.00406401 -0.00601695 -0.0153301 -0.0171828 0.00434806 -0.0197153 -0.0354859 -0.0172515 -0.0125585 -0.0207089 -0.000783784 -0.00383344 0.00250368 0.000987458 -0.00296569 -0.0108374 -0.00837793 -0.0231863 0.00224658 -0.0100608 -0.0135204 -0.0126501 -0.0157161
internal_weight=124761 45306 10856 5106 34450 16200 5750 14872 9322 2484 2254 79455 1932 3910 1328 1196 529 5550 3266 16324 9408 3264 4884 1495 1428 18250 1069 2886 966 782
internal_count=124761 45306 10856 5106 34450 16200 5750 14872 9322 2484 2254 79455 1932 3910 1328 1196 529 5550 3266 16324 9408 3264 4884 1495 1428 18250 1069 2886 966 782
is_linear=0
shrinkage=0.05


Tree=15
num_leaves=31
num_cat=0
split_feature=9 0 10 9 10 0 3 0 0 0 3 10 8 3 9 3 8 4 0 0 9 3 3 8 0 0 0 11 0 4
split_gain=1043.71 959.391 466.968 189.603 168.428 74.0684 68.9569 33.9085 83.6808 31.9058 31.4833 48.5376 30.5571 25.6373 25.694 25.3861 25.197 24.9838 23.7389 23.0511 22.9174 22.039 28.4601 18.6286 18.9875 19.5855 18.4075 17.6049 16.1964 16.8255
threshold=22.342187500000005 22.500000000000004 1.0000000180025095e-35 19.173958333333335 1.0000000180025095e-35 89.500000000000014 0.16799745313369893 46.500000000000007 68.500000000000014 7.5000000000000009 0.97696484778429815 1.0000000180025095e-35 22.350000000000005 0.77788564761185042 20.255468750000006 -0.85671820900978868 19.350000000000005 0.44312301391210612 56.500000000000007 28.500000000000004 16.645312500000006 -0.40614700388750385 0.85673801594079257 21.050000000000004 92.500000000000014 30.500000000000004 76.500000000000014 0.91996099769083439 62.500000000000007 0.19126587156512342
decision_type=2 2 2 2 2 2 2 2 2 2 2 2 2 2 2 2 2 2 2 2 2 2 2 2 2 2 2 2 2 2
left_child=1 2 3 12 5 7 9 19 18 -4 17 26 -1 -8 -15 -11 -17 -2 -9 -3 -7 -5 -23 -6 25 -25 28 -18 29 -12
right_child=10 4 6 21 23 20 13 8 -10 15 11 -13 -14 14 -16 16 27 -19 -20 -21 -22 22 -24 24 -26 -27 -28 -29 -30 -31
leaf_value=-0.0016727552203615896 0.0042253640321812322 -0.00097052198017185992 -0.00050437771014628138 -0.00059343333886962006 0.0022927618794475017 -0.0012562185211463352 5.3951983112884733e-05 -0.00072515871379836346 -0.00011454611898949058 0.0010063576352637314 -0.00039376630133199097 0.0012128453119841201 -0.0014083400546785951 -0.00096918520020817384 0.00020712702595080957 -0.0010914899845464018 -8.3540264227121536e-05 5.8579673404062462e-05 -0.00098914163482015241 0.00038492932212018621 -0.0005854656578161727 -0.0009972390078970216 -0.00041350855689258731 -0.00071518433162979372 -0.00081457875997686393 0.00052816630083545176 0.0012173057395604315 -0.0012834034977786445 -0.0014151947504767236 -0.0011990645363223207
leaf_weight=2645 69663 1332 1008 667 7592 738 1909 2220 4660 120 1386 4224 1265 598 345 510 90 3264 2664 3996 590 230 299 1168 438 9052 456 1170 336 126
leaf_count=2645 69663 1332 1008 667 7592 738 1909 2220 4660 120 1386 4224 1265 598 345 510 90 3264 2664 3996 590 230 299 1168 438 9052 456 1170 336 126
internal_value=0.00083684 -0.0052194 -0.0181807 -0.0291853 -0.00113498 -0.00484568 -0.0084087 -0.0038354 -0.00561924 -0.0138406 0.00429016 0.000963542 -0.0345141 -0.0028892 -0.00963415 -0.017672 -0.0191808 0.00458794 -0.0101925 -0.000640015 -0.0161596 -0.0117642 -0.0193856 0.0021589 0.000810659 0.00124755 -0.00487413 -0.0229762 -0.00709416 -0.00488757
internal_weight=124761 45306 10856 5106 34450 16200 5750 14872 9544 2898 79455 6528 3910 2852 943 1890 1770 72927 4884 5328 1328 1196 529 18250 10658 10220 2304 1260 1848 1512
internal_count=124761 45306 10856 5106 34450 16200 5750 14872 9544 2898 79455 6528 3910 2852 943 1890 1770 72927 4884 5328 1328 1196 529 18250 10658 10220 2304 1260 1848 1512
is_linear=0
shrinkage=0.05


Tree=16
num_leaves=31
num_cat=0
split_feature=9 0 10 7 10 0 3 9 0 0 3 10 0 4 3 8 0 3 11 9 0 9 0 8 0 0 11 0 4 3
split_gain=978.109 894.967 453.783 185.269 151.685 67.9428 59.4556 37.5195 31.5916 74.8376 31.0996 45.8997 28.0511 26.1773 24.0967 23.7882 22.4901 21.6153 21.8022 21.5367 20.8413 19.2597 17.4391 17.2698 16.5253 17.519 16.1874 15.3687 17.0809 14.8846
threshold=22.342187500000005 22.500000000000004 1.0000000180025095e-35 15.087500000000004 1.0000000180025095e-35 90.500000000000014 0.1849296026015865 15.296614583333335 47.500000000000007 67.500000000000014 0.97696484778429815 1.0000000180025095e-35 7.5000000000000009 0.38043945030393422 0.77788564761185042 27.350000000000005 57.500000000000007 -0.85671820900978868 1.0480714376785738 18.07057291666667 25.500000000000004 16.645312500000006 76.500000000000014 21.050000000000004 93.500000000000014 30.500000000000004 0.88327974961520905 62.500000000000007 0.19126587156512342 -0.59869031648930193
decision_type=2 2 2 2 2 2 2 2 2 2 2 2 2 2 2 2 2 2 2 2 2 2 2 2 2 2 2 2 2 2
left_child=1 2 3 7 5 8 12 -1 20 16 13 22 -4 -2 -8 -16 -10 -14 26 -5 -3 -7 27 -6 25 -25 -19 28 -12 -9
right_child=10 4 6 19 23 21 14 29 9 -11 11 -13 17 -15 15 -17 -18 18 -20 -21 -22 -23 -24 24 -26 -27 -28 -29 -30 -31
leaf_value=-0.0016135064936013814 0.0042337886845806609 -0.0010594128326351134 -0.00046187414412162721 -0.0015310137794556139 0.0021781237854751273 -0.0012568617969775369 8.5449963337941483e-05 -0.00097695090414131745 -0.00071242835013566675 -0.00017614905014902871 -0.00037407798626539076 0.001152203046384914 0.00095603975350054419 0.00015024700702037514 -0.00087433553662751799 0.00035162220526093466 -0.0009682950748833379 0.00026860667759208694 -0.00082599918778069399 -0.00060864578511884374 0.00011427860449380475 -0.00064095101260869334 0.0011564404525824094 -0.00067942511504830443 -0.00087605874824684684 0.00045753310890506822 -0.0012047716309986718 -0.0013444350129528876 -0.0011391113095062047 -0.0012075140062193007
leaf_weight=2392 68319 666 1024 89 7592 615 1863 103 2220 5103 1386 4224 120 4608 667 276 2220 60 345 1064 4884 492 456 1168 292 9198 1395 336 126 1458
leaf_count=2392 68319 666 1024 89 7592 615 1863 103 2220 5103 1386 4224 120 4608 667 276 2220 60 345 1064 4884 492 456 1168 292 9198 1395 336 126 1458
internal_value=0.000896154 -0.00496667 -0.0174853 -0.0283333 -0.00102177 -0.00454321 -0.00785217 -0.0334771 -0.00366627 -0.00541077 0.00423919 0.000932905 -0.0128159 0.00453515 -0.00264433 -0.00915695 -0.0101577 -0.0163802 -0.01775 -0.0106982 -0.000666666 -0.0164995 -0.00474392 0.00210411 0.000805968 0.00113641 -0.0204296 -0.00690476 -0.00475529 -0.0274471
internal_weight=124761 45306 10856 5106 34450 16200 5750 3953 15093 9543 79455 6528 2944 72927 2806 943 4440 1920 1800 1153 5550 1107 2304 18250 10658 10366 1455 1848 1512 1561
internal_count=124761 45306 10856 5106 34450 16200 5750 3953 15093 9543 79455 6528 2944 72927 2806 943 4440 1920 1800 1153 5550 1107 2304 18250 10658 10366 1455 1848 1512 1561
is_linear=0
shrinkage=0.05


Tree=17
num_leaves=31
num_cat=0
split_feature=9 0 10 10 9 8 3 0 7 7 0 0 3 4 3 10 7 0 8 0 11 11 3 8 0 4 0 0 9 3
split_gain=924.717 875.123 470.391 140.097 75.9767 73.249 68.6727 66.9596 30.317 29.1509 25.6878 72.126 24.194 31.2235 23.3842 26.5209 21.6009 20.4464 19.6158 18.4472 16.5709 14.9803 21.3666 15.0644 14.566 14.3142 13.1292 17.6835 12.5089 23.7377
threshold=20.255468750000006 22.500000000000004 1.0000000180025095e-35 1.0000000180025095e-35 24.955468750000001 22.650000000000002 -0.34235669412071207 88.500000000000014 18.062500000000004 14.312500000000002 48.500000000000007 71.500000000000014 0.78857998149907527 0.97263757644091875 0.98522604642031408 1.0000000180025095e-35 15.087500000000004 25.500000000000004 21.050000000000004 92.500000000000014 1.0467188401820728 1.0252745761999382 0.01505151768384008 20.550000000000004 27.500000000000004 0.92519182738459482 71.500000000000014 59.500000000000007 13.370572916666669 0.54940630780725741
decision_type=2 2 2 2 2 2 2 2 2 2 2 2 2 2 2 2 2 2 2 2 2 2 2 2 2 2 2 2 2 2
left_child=1 2 5 7 8 -1 9 10 -2 20 17 28 13 -8 -6 -16 -7 -3 -5 24 -4 22 -15 -23 -20 -9 27 -10 29 -12
right_child=4 3 6 18 14 16 12 25 26 -11 11 -13 -14 21 15 -17 -18 -19 19 -21 -22 23 -24 -25 -26 -27 -28 -29 -30 -31
leaf_value=-0.0015014664413587017 -0.00036073284750695128 -0.0011176712663339484 -0.001231959218533253 0.0020692175962013708 0.0041129033581069991 -0.0011516682335555328 8.38125095236141e-05 -0.0006797238230903857 0.00034842342351197727 -0.00036096972306379937 -0.0010557627475075452 6.7489082996641251e-06 -0.00083859349707456922 -0.0013185788948151676 -0.00068076404843370327 0.0010185982038720385 -0.00092065706077379883 4.1256216597247712e-05 -0.00088766391353400443 -0.00084227341027364323 -4.2543455096107774e-05 -0.00028875572605013958 -0.0010645673773709951 -0.00096235250322511271 0.00037186616712211047 -0.0012251098421127726 0.001309510694748695 -0.00046916546184896398 -0.00062779520823296429 -0.0015634186684690592
leaf_weight=2783 2553 567 643 7592 66879 1140 1932 737 7481 429 1311 3212 552 138 1248 2208 424 4347 545 327 78 575 483 69 7085 581 3826 1980 2921 115
leaf_count=2783 2553 567 643 7592 66879 1140 1932 737 7481 429 1311 3212 552 138 1248 2208 424 4347 545 327 78 575 483 69 7085 581 3826 1980 2921 115
internal_value=0.000955066 -0.00547789 -0.0188914 -0.00125085 0.00383551 -0.0308638 -0.00826801 -0.00491951 0.000707071 -0.0189565 -0.00378698 -0.00561648 -0.00498933 -0.0033203 0.00454006 0.000529514 -0.0222059 -0.000972731 0.00200302 0.000268317 -0.0250971 -0.00942688 -0.0149678 -0.00408385 0.000766711 -0.0156373 0.00166591 0.00066642 -0.00981481 -0.0136536
internal_weight=124761 38586 9246 29340 86175 4347 4899 13791 15840 1150 12473 7559 3749 3197 70335 3456 1564 4914 15549 7957 721 1265 621 644 7630 1318 13287 9461 4347 1426
internal_count=124761 38586 9246 29340 86175 4347 4899 13791 15840 1150 12473 7559 3749 3197 70335 3456 1564 4914 15549 7957 721 1265 621 644 7630 1318 13287 9461 4347 1426
is_linear=0
shrinkage=0.05


Tree=18
num_leaves=31
num_cat=0
split_feature=9 0 10 9 10 0 3 9 9 0 0 0 7 0 3 11 0 0 3 8 0 4 3 11 8 9 10 7 0 3
split_gain=873.848 774.13 423.735 184.306 125.213 59.558 49.6566 37.9522 36.0743 27.3499 52.463 21.8073 21.7653 21.1206 19.6768 22.0144 18.2857 18.2508 17.6761 19.2237 17.6394 17.3137 16.3869 25.659 16.2105 28.8226 15.2398 30.4642 14.9881 14.7044
threshold=22.342187500000005 22.500000000000004 1.0000000180025095e-35 18.662239583333335 1.0000000180025095e-35 91.500000000000014 0.1849296026015865 15.296614583333335 26.175000000000008 46.500000000000007 67.500000000000014 5.5000000000000009 15.237500000000002 55.500000000000007 -0.8041866928211282 1.0480714376785738 85.500000000000014 30.500000000000004 0.68432406471780916 24.850000000000005 26.500000000000004 0.86869874770991873 -0.88622299073327826 1.1423394090148442 18.650000000000002 17.649479166666669 1.0000000180025095e-35 26.487500000000004 93.500000000000014 0.9193901325473397
decision_type=2 2 2 2 2 2 2 2 2 2 2 2 2 2 2 2 2 2 2 2 2 2 2 2 2 2 2 2 2 2
left_child=1 2 3 7 5 9 11 -1 22 17 13 -4 -5 -11 -13 24 -12 -3 -8 -20 -6 -7 -2 26 -16 -26 27 -24 -22 -9
right_child=8 4 6 12 20 21 18 29 -10 10 16 14 -14 -15 15 -17 -18 -19 19 -21 28 -23 23 -25 25 -27 -28 -29 -30 -31
leaf_value=-0.001457757846853377 0.0012240798323334497 -0.00081880280758900726 -0.0003129722131708949 -0.00088465497357346752 -0.00062542178732804003 -0.00063942829630863002 0.00019955195789977945 -0.0012099718095602285 0.0042363363368391506 -0.00057526129697613691 1.8100651855459472e-05 0.0003973538096289647 -0.00050980296930930996 -0.00088244797319913355 -0.00036458751563344456 -0.0007094043600930377 -0.0004898869719763098 0.00046204864721822173 -0.0008486070045591543 -5.5695179013744733e-05 0.00084972310154185721 -0.0012362907550720747 0.00028726253661567728 -0.0010433780549266945 -0.0013678584701016247 -0.00043044749089705178 0.00066692115497790356 -0.00088722991170075885 -0.00066952208121873332 -0.00027809192077498171
leaf_weight=2392 6916 1776 768 390 1000 433 1495 1288 63131 1998 3996 170 944 2664 255 391 1329 3552 598 713 16750 452 2057 192 697 663 6144 1015 500 92
leaf_count=2392 6916 1776 768 390 1000 433 1495 1288 63131 1998 3996 170 944 2664 255 391 1329 3552 598 713 16750 452 2057 192 697 663 6144 1015 500 92
internal_value=0.000988731 -0.00455282 -0.0161957 -0.0266784 -0.000883889 -0.00408333 -0.00688696 -0.0323277 0.00414857 -0.00335455 -0.00489787 -0.0114232 -0.0107046 -0.00877091 -0.0139798 -0.0153639 -0.00150704 -0.000461712 -0.00212758 -0.00636537 0.00195616 -0.0166949 0.00205342 0.000695153 -0.0179412 -0.0201103 0.00107205 -0.00180339 0.00233043 -0.0257246
internal_weight=124761 45306 10856 5106 34450 16200 5750 3772 79455 15315 9987 2944 1334 4662 2176 2006 5325 5328 2806 1311 18250 885 16324 9408 1615 1360 9216 3072 17250 1380
internal_count=124761 45306 10856 5106 34450 16200 5750 3772 79455 15315 9987 2944 1334 4662 2176 2006 5325 5328 2806 1311 18250 885 16324 9408 1615 1360 9216 3072 17250 1380
is_linear=0
shrinkage=0.05


Tree=19
num_leaves=31
num_cat=0
split_feature=9 0 10 9 10 0 3 9 4 3 10 7 0 0 0 7 4 8 3 8 0 3 3 11 0 0 0 11 3 0
split_gain=823.852 722.646 404.378 183.489 114.398 56.1947 44.7652 44.4349 36.2629 33.274 25.865 27.4716 24.6811 60.974 20.1746 18.5981 17.7589 15.9565 15.9002 16.9173 15.7392 15.5572 14.4 14.6397 14.3889 14.2689 15.4331 14.1923 13.4627 13.0946
threshold=22.342187500000005 22.500000000000004 1.0000000180025095e-35 18.662239583333335 1.0000000180025095e-35 91.500000000000014 0.1849296026015865 15.296614583333335 -0.16799793862756093 -0.88622299073327826 1.0000000180025095e-35 26.812500000000004 50.500000000000007 67.500000000000014 10.500000000000002 15.237500000000002 0.92519182738459482 20.200000000000006 0.68432406471780916 24.850000000000005 85.500000000000014 -0.19337636264337835 -0.85671820900978868 1.0480714376785738 25.500000000000004 92.500000000000014 30.500000000000004 1.1423394090148442 0.9193901325473397 26.500000000000004
decision_type=2 2 2 2 2 2 2 2 2 2 2 2 2 2 2 2 2 2 2 2 2 2 2 2 2 2 2 2 2 2
left_child=1 2 3 7 5 12 14 -1 -2 -10 11 27 24 21 -4 -5 -7 -6 -8 -20 -15 -14 -16 -24 -3 26 -19 -11 -9 -29
right_child=8 4 6 15 17 16 18 28 9 10 -12 -13 13 20 22 -17 -18 25 19 -21 -22 -23 23 -25 -26 -27 -28 29 -30 -31
leaf_value=-0.0013848699545107078 0.0045824145081131478 -0.00092158549293243168 -0.00046814436195540942 -0.00084042222489479404 0.0020573917618073672 -0.00067459486527181897 0.00018957436000479049 -0.0011494732190822172 0.0016024701491255278 0.00017981683443469882 0.00052183105981564554 -0.00091096470802689243 -0.00039596403975317965 1.7195619262686889e-05 0.00079640628469551807 -0.00048431282084384486 -0.0012894267537837901 -0.00059738215201929888 -0.00080617665433119635 -5.2910420063057594e-05 -0.00046539262337749434 -0.0009330676738839122 -0.001029004080425456 -0.00083164307709795028 1.4190093353018739e-05 -0.0006664432224718534 0.00045541997298534403 -0.0010201627999205489 -0.00026418732473623279 -7.9588496489854665e-05
leaf_weight=2392 57463 666 1408 390 7008 553 1495 1288 11720 2374 6432 1338 1156 3996 96 944 332 1232 598 713 1329 2618 1164 276 5550 462 9548 54 92 74
leaf_count=2392 57463 666 1408 390 7008 553 1495 1288 11720 2374 6432 1338 1156 3996 96 944 332 1232 598 713 1329 2618 1164 276 5550 462 9548 54 92 74
internal_value=0.00101438 -0.00436631 -0.0156153 -0.0258559 -0.00082148 -0.00387963 -0.00652174 -0.0314926 0.0040825 0.00235586 0.000278427 -0.00296875 -0.00317173 -0.00483075 -0.0108288 -0.00991754 -0.0161299 0.00189315 -0.00200285 -0.00602212 -0.00138498 -0.00969263 -0.0147917 -0.0160417 -0.000743243 0.00072585 0.00109462 0.000123901 -0.0243478 -0.0160937
internal_weight=124761 45306 10856 5106 34450 16200 5750 3772 79455 21992 10272 3840 15315 9099 2944 1334 885 18250 2806 1311 5325 3774 1536 1440 6216 11242 10780 2502 1380 128
internal_count=124761 45306 10856 5106 34450 16200 5750 3772 79455 21992 10272 3840 15315 9099 2944 1334 885 18250 2806 1311 5325 3774 1536 1440 6216 11242 10780 2502 1380 128
is_linear=0
shrinkage=0.05


Tree=20
num_leaves=31
num_cat=0
split_feature=9 0 10 10 9 9 0 3 8 7 0 0 0 0 3 4 9 8 0 0 3 9 0 0 0 3 11 3 8 8
split_gain=777.679 702.592 404.943 105.899 100.107 71.7434 56.388 44.7815 30.4008 26.1821 25.3503 42.215 20.6731 18.326 17.5499 25.1291 17.5386 17.4825 16.9115 16.3788 16.3624 19.8634 16.6675 16.0484 14.8181 14.365 13.5728 14.4289 13.2 12.5002
threshold=20.255468750000006 23.500000000000004 1.0000000180025095e-35 1.0000000180025095e-35 15.296614583333335 26.175000000000008 90.500000000000014 -0.34235669412071207 25.450000000000003 18.062500000000004 45.500000000000007 71.500000000000014 20.500000000000004 8.5000000000000018 0.77788564761185042 0.97263757644091875 18.923437500000002 21.050000000000004 84.500000000000014 73.500000000000014 -0.88622299073327826 26.058333333333337 59.500000000000007 92.500000000000014 51.500000000000007 0.98522604642031408 1.0167864286959365 -0.30983472475487867 26.350000000000005 23.650000000000002
decision_type=2 2 2 2 2 2 2 2 2 2 2 2 2 2 2 2 2 2 2 2 2 2 2 2 2 2 2 2 2 2
left_child=1 2 4 6 12 9 10 8 -4 -2 -3 24 -1 -9 15 -15 26 -5 -13 20 -11 22 -22 -19 -12 -7 27 -6 -18 -29
right_child=5 3 7 17 16 25 -8 13 -10 19 11 18 -14 14 -16 -17 28 23 -20 -21 21 -23 -24 -25 -26 -27 -28 29 -30 -31
leaf_value=-0.0013171506593107883 -0.00027843726794719241 -1.9394124039578967e-05 -0.00099268990652139934 0.0019953099650738683 -0.00071893494322696416 0.0042638244342609174 -0.0009131154653909707 1.9131909865074278e-05 -0.00015718362309777024 0.0008610963282359316 -0.00040369135533934196 0.00021179894487293461 -0.0012339338089745182 -3.0829371380989986e-05 -0.00084509477833496376 -0.0010089634536917583 -0.00025516123979601459 0.00016371454281234184 -0.00048443923815298125 0.001573324856851608 0.00024022924451136057 -0.0015778150867766091 -0.00044415669801261344 -0.00075256370527035745 -0.00077067398786998529 8.5641670470915416e-05 -0.0010623411475935076 -0.0011785380393780555 -0.00079524922708664998 -0.00081750757773669462
leaf_weight=2184 2627 4158 768 7488 360 61115 942 1467 432 5450 1134 2457 312 1230 390 825 264 7521 1131 5146 7391 148 2282 327 3780 2016 360 336 216 504
leaf_count=2184 2627 4158 768 7488 360 61115 942 1467 432 5450 1134 2457 312 1230 390 825 264 7521 1131 5146 7391 148 2282 327 3780 2016 360 336 216 504
internal_value=0.00105125 -0.00484813 -0.016533 -0.000952381 -0.0274074 0.00369278 -0.00416409 -0.0068838 -0.0153333 0.0013049 -0.00328594 -0.00485062 -0.0341226 -0.00429192 -0.00694274 -0.00509732 -0.0191912 0.00189619 -0.000727425 0.00190944 0.00108736 -0.00013186 0.000146284 0.000247197 -0.00786121 0.0045644 -0.0217628 -0.0192083 -0.0108333 -0.0227976
internal_weight=124761 38586 9648 28938 4536 86175 13602 5112 1200 23044 12660 8502 2496 3912 2445 2055 2040 15336 3588 20417 15271 9821 9673 7848 4914 63131 1560 1200 480 840
internal_count=124761 38586 9648 28938 4536 86175 13602 5112 1200 23044 12660 8502 2496 3912 2445 2055 2040 15336 3588 20417 15271 9821 9673 7848 4914 63131 1560 1200 480 840
is_linear=0
shrinkage=0.05


Tree=21
num_leaves=31
num_cat=0
split_feature=9 0 10 9 10 0 4 3 3 3 3 3 3 0 0 11 0 0 3 11 0 4 11 0 10 9 0 0 8 9
split_gain=725.099 606.569 360.671 169.124 95.0743 49.4421 36.7343 33.7664 33.6131 28.63 21.9787 27.3068 20.8027 21.9619 44.4733 20.0336 17.3243 17.2019 16.6005 20.7996 16.5489 16.3874 16.2378 16.0976 15.856 21.5603 16.1547 15.726 13.9332 31.9728
threshold=22.342187500000005 22.500000000000004 1.0000000180025095e-35 17.649479166666669 1.0000000180025095e-35 91.500000000000014 -0.16799793862756093 -0.27694604220087021 0.1849296026015865 -0.91597725483594616 -0.46801505794253101 0.85673801594079257 -0.19337636264337835 50.500000000000007 71.500000000000014 1.1423394090148442 27.500000000000004 75.500000000000014 -0.8041866928211282 1.0480714376785738 26.500000000000004 0.86869874770991873 1.00251814764921 84.500000000000014 1.0000000180025095e-35 25.201562500000005 62.500000000000007 3.5000000000000004 19.150000000000002 17.649479166666669
decision_type=2 2 2 2 2 2 2 2 2 2 2 2 2 2 2 2 2 2 2 2 2 2 2 2 2 2 2 2 2 2
left_child=1 2 3 7 5 12 -2 -1 18 -8 22 -12 -3 16 -15 17 -14 24 -4 27 -6 -7 -5 -16 25 -11 -27 -20 -29 -30
right_child=6 4 8 10 20 21 9 -9 -10 15 11 -13 13 14 23 -17 -18 -19 19 -21 -22 -23 -24 -25 -26 26 -28 28 29 -31
leaf_value=-0.00073453303025630419 0.0041555676168326941 -7.3343476465814674e-06 0.00053572128725957124 -5.3357052476426901e-07 -0.00058844035370853357 -0.00053791415119935492 0.0015345067806942225 -0.0012392929418382924 -0.00013825758907815364 -3.635815270582198e-05 -0.00084350520470108349 -0.00025215301798416968 -0.00096458453373103256 -0.00081017046012629365 0.00011451650407106607 -0.00092627914878697407 2.8925756964520354e-05 0.0016696232182394025 -0.00025698802577080648 -0.00029647062484899873 0.00064200468302302849 -0.0010645229252156609 -0.00096670830312152098 -0.0005008331042442376 0.00028591109908793444 -0.00062946174998329118 -0.0015624086574151305 -0.00038280411344314029 -0.0011667412424236215 -0.00030839566965101849
leaf_weight=483 57463 4692 230 506 1000 433 10856 2806 2806 2128 667 391 770 3234 2002 192 3542 2280 380 529 17250 452 253 1075 5472 882 182 342 722 741
leaf_count=483 57463 4692 230 506 1000 433 10856 2806 2806 2128 667 391 770 3234 2002 192 3542 2280 380 529 17250 452 253 1075 5472 882 182 342 722 741
internal_value=0.0010789 -0.00396901 -0.0142751 -0.0239463 -0.000721335 -0.00350926 0.00395727 -0.0307099 -0.00568696 0.00221944 -0.0117034 -0.0163611 -0.00284525 -0.00406994 -0.00594914 0.000438219 -0.00131957 0.000719116 -0.00941916 -0.0105122 0.00175342 -0.015 -0.0052108 -0.00164608 -0.000297784 -0.00309837 -0.00890977 -0.0126659 -0.0146122 -0.0167362
internal_weight=124761 45306 10856 5106 34450 16200 79455 3289 5750 21992 1817 1058 15315 10623 6311 11136 4312 10944 2944 2714 18250 885 759 3077 8664 3192 1064 2185 1805 1463
internal_count=124761 45306 10856 5106 34450 16200 79455 3289 5750 21992 1817 1058 15315 10623 6311 11136 4312 10944 2944 2714 18250 885 759 3077 8664 3192 1064 2185 1805 1463
is_linear=0
shrinkage=0.05


Tree=22
num_leaves=31
num_cat=0
split_feature=9 0 10 9 10 9 0 3 8 0 3 0 0 10 3 8 0 0 0 4 8 3 3 3 4 9 8 10 0 9
split_gain=681.961 584.193 354.915 92.4081 87.6987 69.6807 48.5041 33.4299 27.4623 22.8704 22.679 22.2557 31.0496 18.9876 19.0744 17.81 17.4011 17.1355 16.9377 16.3074 24.1686 21.9217 17.0062 15.4391 14.8684 12.8163 13.0008 12.3486 11.4286 11.6936
threshold=20.255468750000006 23.500000000000004 1.0000000180025095e-35 15.296614583333335 1.0000000180025095e-35 26.175000000000008 91.500000000000014 -0.34235669412071207 23.050000000000004 72.500000000000014 -0.87395131947920313 45.500000000000007 71.500000000000014 1.0000000180025095e-35 0.76696112484652035 21.050000000000004 84.500000000000014 91.500000000000014 20.500000000000004 0.99249573635719013 19.350000000000005 0.77788564761185042 0.06553689391773225 0.878110924644389 0.25829915227078726 18.923437500000002 26.350000000000005 1.0000000180025095e-35 51.500000000000007 13.370572916666669
decision_type=2 2 2 2 2 2 2 2 2 2 2 2 2 2 2 2 2 2 2 2 2 2 2 2 2 2 2 2 2 2
left_child=1 2 3 18 6 9 11 8 -4 10 -2 -3 28 14 -12 -6 -14 -17 -1 21 -21 -9 -22 -7 -15 -5 -27 -25 -13 -30
right_child=5 4 7 25 15 23 -8 19 -10 -11 13 12 16 24 -16 17 -18 -19 -20 20 22 -23 -24 27 -26 26 -28 -29 29 -31
leaf_value=-0.0011893284792533342 0.00072405304737802934 -1.6995256707935669e-05 -0.0013418491789992987 -0.00089932573908963723 0.0018709413609944358 0.0044351203944021896 -0.00089222710195836644 -2.659210791843394e-05 -0.00034160366649370089 0.0013560846576697004 -8.1996488892753679e-05 -0.00036128272173610522 0.00019835667871531722 0.00074694896086832511 -0.00059492204389157517 0.00016405781088118986 -0.00046094094779778591 -0.00070072926558313044 -0.0011148159666322826 -0.00061248644836718504 -0.0011861792466477464 -0.00070525874295023112 -0.0009534836585725411 -0.00015699849771086492 -0.00017090239906790428 -0.00022979552690700485 -0.0007133115054972633 0.0011470110332794765 -0.0010459930264762102 -0.00049322993972262088
leaf_weight=2184 6209 4158 264 1560 7488 56507 753 2592 936 5520 2628 1134 2457 3358 1971 7412 1320 436 312 432 144 624 120 2304 3358 264 216 4320 1240 2540
leaf_count=2184 6209 4158 264 1560 7488 56507 753 2592 936 5520 2628 1134 2457 3358 1971 7412 1320 436 312 432 144 624 120 2304 3358 264 216 4320 1240 2540
internal_value=0.00111297 -0.00441144 -0.0150663 -0.0252469 -0.000859078 0.0035866 -0.0037818 -0.00603286 -0.0133333 0.00123329 0.000349236 -0.00305899 -0.00449833 -0.000983208 -0.00345836 0.00173318 -0.00108949 6.88075e-05 -0.0316987 -0.00379346 -0.0107328 -0.00229167 -0.0226515 0.0044456 0.000711733 -0.0173529 -0.0102083 0.00216184 -0.00711844 -0.00843915
internal_weight=124761 38586 9648 4536 28938 86175 13602 5112 1200 23044 17524 12849 8691 11315 4599 15336 3777 7848 2496 3912 696 3216 264 63131 6716 2040 480 6624 4914 3780
internal_count=124761 38586 9648 4536 28938 86175 13602 5112 1200 23044 17524 12849 8691 11315 4599 15336 3777 7848 2496 3912 696 3216 264 63131 6716 2040 480 6624 4914 3780
is_linear=0
shrinkage=0.05


Tree=23
num_leaves=31
num_cat=0
split_feature=9 0 10 9 10 9 0 3 0 3 0 0 9 3 11 8 8 8 4 0 3 0 0 0 9 8 10 0 11 9
split_gain=631.778 530.915 327.219 92.5387 80.3908 67.1423 43.9398 30.7804 21.2563 19.9879 19.8488 28.0653 19.7272 19.5443 18.194 17.2531 16.0313 29.6623 15.7804 15.5208 15.3832 15.2238 14.6862 13.6788 12.4237 12.0273 11.7876 11.3903 11.2491 11.0742
threshold=20.255468750000006 23.500000000000004 1.0000000180025095e-35 15.296614583333335 1.0000000180025095e-35 26.175000000000008 91.500000000000014 0.16799745313369893 73.500000000000014 -0.87395131947920313 45.500000000000007 71.500000000000014 26.058333333333337 0.77788564761185042 1.0480714376785738 21.050000000000004 19.150000000000002 23.050000000000004 1.0000000180025095e-35 91.500000000000014 0.878110924644389 84.500000000000014 21.500000000000004 4.5000000000000009 18.923437500000002 26.350000000000005 1.0000000180025095e-35 30.500000000000004 0.99352454386796529 29.179166666666671
decision_type=2 2 2 2 2 2 2 2 2 2 2 2 2 2 2 2 2 2 2 2 2 2 2 2 2 2 2 2 2 2
left_child=1 2 3 22 6 8 10 14 9 -2 27 -12 18 -9 16 -6 -4 23 -11 -17 -7 -13 -1 -18 -5 -26 29 -3 -19 -22
right_child=5 4 7 24 15 20 -8 13 -10 12 11 21 -14 -15 -16 19 17 28 -20 -21 26 -23 -24 -25 25 -27 -28 -29 -30 -31
leaf_value=-0.001135226378732675 0.00070026733000669045 -0.00078881537996766259 -0.00021786179003045332 -0.00085435945213515512 0.0017773942929447135 0.0042133643746820803 -0.00084761574686044797 6.9295405477376454e-05 0.0013254098665120989 0.0011423419284606786 -0.00062049852794746616 0.00018843884477955141 -0.0014834276817908985 -0.00066999580580271963 -0.00031405266429677058 0.00015585492033713032 -0.00055633993223144914 -0.0001179171120328202 -0.00016081058640273128 -0.0006656928023039744 -0.00069649140084381694 -0.00043789390040789632 -0.0010185086424203454 -0.0012170620940963068 -0.0002183057505616544 -0.00067764593022240013 0.0010896604816155032 0.00056905804549236617 -0.00040466336893061087 0.00065441139838455812
leaf_weight=2288 6294 1323 408 1560 7488 56507 753 1992 5280 1702 4914 2457 148 624 552 7412 125 432 9620 436 960 1320 208 475 264 216 4320 2835 504 1344
leaf_count=2288 6294 1323 408 1560 7488 56507 753 1992 5280 1702 4914 2457 148 624 552 7412 125 432 9620 436 960 1320 208 475 264 216 4320 2835 504 1344
internal_value=0.00114944 -0.00416783 -0.0143252 -0.0241005 -0.000781325 0.00353032 -0.00357962 -0.00565141 0.00122027 0.000392367 -0.00289166 -0.00425095 -0.000850043 -0.00186162 -0.0096234 0.00170057 -0.0118981 -0.0142383 -0.000612966 6.24365e-05 0.00437352 -0.00101006 -0.0305569 -0.0229167 -0.016201 -0.00916667 0.0020939 -5.05049e-05 -0.00867521 -0.000794271
internal_weight=124761 38586 9648 4536 28938 86175 13602 5112 23044 17764 12849 8691 11470 2616 2496 15336 1944 1536 11322 7848 63131 3777 2496 600 2040 480 6624 4158 936 2304
internal_count=124761 38586 9648 4536 28938 86175 13602 5112 23044 17764 12849 8691 11470 2616 2496 15336 1944 1536 11322 7848 63131 3777 2496 600 2040 480 6624 4158 936 2304
is_linear=0
shrinkage=0.05


Tree=24
num_leaves=31
num_cat=0
split_feature=9 0 10 9 10 9 0 3 3 0 0 0 0 10 9 4 4 0 0 0 0 3 8 3 0 0 0 0 3 3
split_gain=590.774 454.664 253.877 181.551 73.1318 41.248 36.7108 33.0956 30.3737 24.6816 21.0689 30.8357 19.059 17.2201 21.8075 17.1947 14.6384 14.4885 15.2684 13.6084 13.1782 14.0138 12.0761 12.0154 12.3548 11.8498 36.8012 13.8604 11.0487 20.7776
threshold=23.303385416666668 24.500000000000004 1.0000000180025095e-35 15.296614583333335 1.0000000180025095e-35 19.464062500000004 91.500000000000014 0.1849296026015865 0.82899317702918729 21.500000000000004 45.500000000000007 69.500000000000014 10.500000000000002 1.0000000180025095e-35 29.179166666666671 0.92519182738459482 0.44312301391210612 77.500000000000014 59.500000000000007 93.500000000000014 55.500000000000007 -0.19337636264337835 19.750000000000004 0.9193901325473397 21.500000000000004 72.500000000000014 59.500000000000007 31.500000000000004 0.76696112484652035 0.85673801594079257
decision_type=2 2 2 2 2 2 2 2 2 2 2 2 2 2 2 2 2 2 2 2 2 2 2 2 2 2 2 2 2 2
left_child=1 2 3 9 6 23 10 12 16 -1 -3 20 -4 14 17 -8 -2 18 -10 22 -12 -22 -6 24 -5 26 27 -24 -7 -30
right_child=8 4 7 5 19 28 15 -9 13 -11 11 -13 -14 -15 -16 -17 -18 -19 -20 -21 21 -23 25 -25 -26 -27 -28 -29 29 -31
leaf_value=-0.0010784650597960414 0.0033043439568610391 0.00015103300198107968 -0.00029890070345890457 -0.00081582564869083418 0.002286671903748913 -0.0001491051086198545 -0.00048378808010255683 -8.650279566139508e-05 -0.0004329849460101858 -0.0011676113519199301 -0.0004030608398705544 -6.0251459115966473e-05 -0.00075549505134221077 0.00085845131483951631 0.001009659121251647 -0.001039081354123328 -1.4753714453019267e-05 0.00091946201737246221 -0.0012184276179568667 -0.00059267471374091247 -0.00031338222027798608 -0.00074441306644261885 -0.00047880086034116478 -0.00010462161142374415 -0.00054309556400304441 0.00086650702480852305 -0.00080712350381861734 0.0011237273184745518 -0.00075754133748544836 -0.00031399290788238659
leaf_weight=2288 61407 4893 1496 1518 5796 925 597 3200 1440 312 2330 5123 1904 9216 2304 332 1824 432 432 528 1078 2184 1260 150 207 3780 2340 5040 75 350
leaf_count=2288 61407 4893 1496 1518 5796 925 597 3200 1440 312 2330 5123 1904 9216 2304 332 1824 432 432 528 1078 2184 1260 150 207 3780 2340 5040 75 350
internal_value=0.00117148 -0.00320127 -0.0114266 -0.0190343 -0.000304555 -0.0111085 -0.00272812 -0.00471212 0.00387872 -0.0288654 -0.00215338 -0.00339477 -0.00814706 0.00175564 -0.000740017 -0.0123843 0.00434289 -0.00417969 -0.0060844 0.00183365 -0.00596209 -0.00801349 0.00206302 -0.0159067 -0.017087 0.00118358 0.000162037 0.00215079 -0.00444444 -0.0111176
internal_weight=124761 47706 12425 5825 35281 3225 16537 6600 77055 2600 15608 10715 3400 13824 4608 929 63231 2304 1872 18744 5592 3262 18216 1875 1725 12420 8640 6300 1350 425
internal_count=124761 47706 12425 5825 35281 3225 16537 6600 77055 2600 15608 10715 3400 13824 4608 929 63231 2304 1872 18744 5592 3262 18216 1875 1725 12420 8640 6300 1350 425
is_linear=0
shrinkage=0.05


Tree=25
num_leaves=31
num_cat=0
split_feature=9 0 10 9 10 9 0 4 3 0 0 0 3 10 7 4 8 8 11 8 3 0 3 0 0 0 4 0 8 0
split_gain=544.714 412.444 236.641 177.761 66.0203 35.7067 34.4878 31.5349 28.12 23.5731 18.3711 26.7561 17.7515 18.5931 16.1057 15.6505 15.1202 24.3841 14.3853 15.9314 13.7485 13.2391 12.9127 12.6326 12.4161 24.5399 22.1381 13.2576 11.5694 11.503
threshold=23.303385416666668 24.500000000000004 1.0000000180025095e-35 15.296614583333335 1.0000000180025095e-35 18.923437500000002 91.500000000000014 -0.18493013702746822 0.1849296026015865 20.500000000000004 45.500000000000007 71.500000000000014 -0.89406062840022227 1.0000000180025095e-35 26.987500000000004 0.92519182738459482 25.450000000000003 19.750000000000004 1.0480714376785738 22.050000000000004 -0.19337636264337835 92.500000000000014 -0.40614700388750385 84.500000000000014 72.500000000000014 59.500000000000007 0.89309379682046119 31.500000000000004 26.950000000000003 53.500000000000007
decision_type=2 2 2 2 2 2 2 2 2 2 2 2 2 2 2 2 2 2 2 2 2 2 2 2 2 2 2 2 2 2
left_child=1 2 3 9 6 -5 10 -2 16 -1 -3 20 -9 14 -14 -8 17 -4 19 -19 -12 24 -7 -13 25 27 -27 -6 -24 -22
right_child=7 4 8 5 21 22 15 12 -10 -11 11 23 13 -15 -16 -17 -18 18 -20 -21 29 -23 28 -25 -26 26 -28 -29 -30 -31
leaf_value=-0.0010191774833642317 0.0035463088205072548 0.00014348135188202584 -0.00053781190519523834 -0.00076308870666674453 -0.0003011997237770423 -0.00013845173994808601 -0.00045959867609742872 0.0011475742938110536 -8.2177655878325144e-05 -0.001100304262625778 -0.00020893442440561433 0.00023369347896977876 1.7382737863846782e-05 0.00046459607129397816 -0.00081670977842089295 -0.00098712728641716166 -0.00015006493634975383 -0.0011782393549043058 0.00016277977818800117 -0.0005330477224328099 -0.00042382851858101386 -0.00049728892973413801 -0.00020217403325420211 -0.00033244034193682552 0.0012386173153067185 -0.00082488238580624555 0.00096318603759768483 0.0013611708339189522 -0.00068282986117867051 -0.00068959101434418679
leaf_weight=2184 56791 4893 975 1625 1848 950 597 11240 3200 416 2002 3029 1829 6048 1147 332 1200 350 100 775 1248 792 350 1628 5280 2119 1313 7392 300 2808
leaf_count=2184 56791 4893 975 1625 1848 950 597 11240 3200 416 2002 3029 1829 6048 1147 332 1200 350 100 775 1248 792 350 1628 5280 2119 1313 7392 300 2808
internal_value=0.00120194 -0.0029969 -0.010831 -0.018176 -0.000237947 -0.0103333 -0.00254067 0.00380151 -0.00434848 -0.0279038 -0.0019836 -0.00314279 0.00210817 0.00045656 -0.0027789 -0.0118999 -0.00751471 -0.00997727 -0.0146735 -0.0162889 -0.00533344 0.00179364 -0.00503125 -0.000293107 0.00207275 0.00122396 -0.00238636 0.00256494 -0.0104615 -0.0070069
internal_weight=124761 47706 12425 5825 35281 3225 16537 77055 6600 2600 15608 10715 20264 9024 2976 929 3400 2200 1225 1125 6058 18744 1600 4657 17952 12672 3432 9240 650 4056
internal_count=124761 47706 12425 5825 35281 3225 16537 77055 6600 2600 15608 10715 20264 9024 2976 929 3400 2200 1225 1125 6058 18744 1600 4657 17952 12672 3432 9240 650 4056
is_linear=0
shrinkage=0.05


Tree=26
num_leaves=31
num_cat=0
split_feature=9 0 10 9 10 9 9 0 3 0 3 0 0 0 3 0 4 0 0 0 4 0 0 9 3 3 11 9 3 8
split_gain=504.649 378.103 218.529 168.101 60.314 33.4877 32.1319 31.3365 25.0728 23.1593 16.4484 17.8526 21.1182 15.7827 14.3939 14.3594 13.5241 12.5632 12.1527 21.2078 19.967 11.9595 11.8215 11.3925 20.7708 11.2441 10.8211 10.3546 14.1361 10.3282
threshold=23.303385416666668 24.500000000000004 1.0000000180025095e-35 15.296614583333335 1.0000000180025095e-35 18.923437500000002 26.541666666666668 91.500000000000014 0.1849296026015865 20.500000000000004 -0.19337636264337835 46.500000000000007 72.500000000000014 73.500000000000014 0.878110924644389 10.500000000000002 0.92519182738459482 92.500000000000014 72.500000000000014 59.500000000000007 0.89309379682046119 87.500000000000014 31.500000000000004 13.209375 0.534952257794027 -0.40614700388750385 0.84498567688228199 9.9703125000000004 0.20180702842483325 26.950000000000003
decision_type=2 2 2 2 2 2 2 2 2 2 2 2 2 2 2 2 2 2 2 2 2 2 2 2 2 2 2 2 2 2
left_child=1 2 3 9 7 -5 13 10 15 -1 -3 -12 23 -2 -8 -4 -9 18 19 22 -21 -14 -6 24 27 -7 -10 -13 -29 -27
right_child=6 4 8 5 17 25 14 16 26 -11 11 12 21 -15 -16 -17 -18 -19 -20 20 -22 -23 -24 -25 -26 29 -28 28 -30 -31
leaf_value=-0.00096821860919601987 0.00018380019257028694 6.0025912893759578e-05 -0.0002533122090121985 -0.00072493427133340713 -0.00028613973758819027 -0.00013152915295068168 0.0039381345370284263 -0.00043661874229255701 -0.00062488199684430153 -0.001045289049494489 -1.3557894923851595e-05 0.0010437013587456811 2.7539039339158059e-05 0.0020312276356925845 0.00048974327495342272 -0.00068581604166112736 -0.00093777092209630381 -0.00047242448324743126 0.0011766864495413823 -0.00078363826651593315 0.0009150267357178008 -0.00049801892138112908 0.0012931122922230044 -0.00041994165983937309 -0.001154358197176201 -0.00019206533159149187 -4.9554960557328197e-05 -0.0012083169550005015 -0.00045900678910811645 -0.00064868836811973719
leaf_weight=2184 12584 5159 1496 1625 1848 950 54491 597 50 416 3432 156 2340 3740 6240 1904 332 792 5280 2119 1313 621 7392 2704 156 350 3150 416 624 300
leaf_count=2184 12584 5159 1496 1625 1848 950 54491 597 50 416 3432 156 2340 3740 6240 1904 332 792 5280 2119 1313 621 7392 2704 156 350 3150 416 624 300
internal_value=0.00121436 -0.00282711 -0.010328 -0.0173863 -0.00018551 -0.00975969 0.0037165 -0.00238647 -0.00409848 -0.0268462 -0.00185546 -0.00299598 -0.00444136 0.00174712 0.00424585 -0.00708823 -0.0113079 0.0017563 0.00202819 0.00118845 -0.00216783 -0.001231 0.00243507 -0.00678501 -0.0105325 -0.004625 -0.000921875 -0.00829431 -0.0100962 -0.00969231
internal_weight=124761 47706 12425 5825 35281 3225 77055 16537 6600 2600 15608 10449 7017 16324 60731 3400 929 18744 17952 12672 3432 2961 9240 4056 1352 1600 3200 1196 1040 650
internal_count=124761 47706 12425 5825 35281 3225 77055 16537 6600 2600 15608 10449 7017 16324 60731 3400 929 18744 17952 12672 3432 2961 9240 4056 1352 1600 3200 1196 1040 650
is_linear=0
shrinkage=0.05


Tree=27
num_leaves=31
num_cat=0
split_feature=9 0 10 9 10 4 0 9 3 0 3 10 0 0 7 8 8 4 11 8 11 8 9 3 0 0 0 3 11 0
split_gain=465.782 341.554 199.897 154.764 56.0423 31.6647 29.3017 28.4537 21.4127 20.9493 17.0296 18.0843 14.4449 22.0012 14.2338 13.8667 19.4166 12.9556 12.7695 17.8875 12.624 12.1746 11.3418 16.8099 11.2849 13.6644 23.7722 10.2909 14.8806 10.281
threshold=23.303385416666668 24.500000000000004 1.0000000180025095e-35 15.296614583333335 1.0000000180025095e-35 -0.18493013702746822 91.500000000000014 19.464062500000004 0.1849296026015865 20.500000000000004 -0.88622299073327826 1.0000000180025095e-35 45.500000000000007 68.500000000000014 26.787500000000005 25.450000000000003 19.750000000000004 0.92519182738459482 1.0480714376785738 23.050000000000004 1.0167864286959365 19.750000000000004 13.370572916666669 0.534952257794027 91.500000000000014 73.500000000000014 59.500000000000007 0.45273815774107123 0.94116549976027797 31.500000000000004
decision_type=2 2 2 2 2 2 2 2 2 2 2 2 2 2 2 2 2 2 2 2 2 2 2 2 2 2 2 2 2 2
left_child=1 2 3 9 6 27 12 20 15 -1 -7 14 -3 22 -12 16 -4 -8 19 -18 -5 -6 23 -14 25 26 29 -2 -29 -23
right_child=5 4 8 7 21 10 17 -9 -10 -11 11 -13 13 -15 -16 -17 18 -19 -20 -21 -22 24 -24 -25 -26 -27 -28 28 -30 -31
leaf_value=-0.00091980767873621895 0.004562229379727856 0.00013698517903411734 -0.0004838510425496926 -0.00063453869624957625 0.0019707839683855439 0.001041246502598599 -0.00041478780517792901 -0.000274737746354113 -7.3584457316856088e-05 -0.00099302459701976491 -1.7987145901092134e-05 0.00041841144454148765 -0.00070801719779431361 -6.2538504081548207e-05 -0.00078395343676406328 -0.00010837693151816415 -0.0010217182614557436 -0.00089088237599148844 0.0001889315913616573 -0.00033326631175430946 -0.00073316764045262687 -0.00042549384425584458 -0.00035003161521964486 -0.001084916810232309 -0.00043654414104944575 0.00095042729019053143 -0.00066234951753940663 3.1926819180938e-05 0.0019753755109790899 0.00093482679624372648
leaf_weight=2184 39707 4893 975 1450 5964 11432 597 1350 3200 416 1736 5952 1288 5356 1144 1200 550 332 100 575 425 1260 3933 138 720 3240 2520 3062 14022 5040
leaf_count=2184 39707 4893 975 1450 5964 11432 597 1350 3200 416 1736 5952 1288 5356 1144 1200 550 332 100 575 425 1260 3933 138 720 3240 2520 3062 14022 5040
internal_value=0.00124322 -0.0026395 -0.00976861 -0.0165193 -0.000128823 0.00364707 -0.00225041 -0.00920155 -0.00381061 -0.0255962 0.00195026 0.000301178 -0.00173693 -0.00276482 -0.00295139 -0.00657353 -0.00893182 -0.0108773 -0.0131224 -0.0146444 -0.0131867 0.00174296 -0.00502986 -0.00884993 0.000872457 0.00123549 0.00021542 0.00425252 0.00322641 0.00185714
internal_weight=124761 47706 12425 5825 35281 77055 16537 3225 6600 2600 20264 8832 15608 10715 2880 3400 2200 929 1225 1125 1875 18744 5359 1426 12780 12060 8820 56791 17084 6300
internal_count=124761 47706 12425 5825 35281 77055 16537 3225 6600 2600 20264 8832 15608 10715 2880 3400 2200 929 1225 1125 1875 18744 5359 1426 12780 12060 8820 56791 17084 6300
is_linear=0
shrinkage=0.05


Tree=28
num_leaves=31
num_cat=0
split_feature=9 0 10 9 10 9 0 0 0 9 0 3 0 0 0 11 9 0 3 0 0 3 11 0 3 4 3 5 11 9
split_gain=428.771 311.207 185.088 117.414 51.5769 39.4288 28.0421 20.5064 18.7309 18.6902 18.37 16.0285 12.3653 15.9062 12.1876 12.0203 11.7723 13.3828 11.4745 10.822 23.3076 10.729 10.4072 9.7595 17.4014 9.64923 12.74 9.67399 9.58996 14.6476
threshold=22.342187500000005 24.500000000000004 1.0000000180025095e-35 15.296614583333335 1.0000000180025095e-35 26.541666666666668 91.500000000000014 72.500000000000014 10.500000000000002 19.173958333333335 20.500000000000004 0.84773968378660736 44.500000000000007 66.500000000000014 57.500000000000007 1.0912314765539939 14.060937500000003 91.500000000000014 0.61915405168109316 73.500000000000014 59.500000000000007 0.16799745313369893 0.89585628751987034 6.5000000000000009 0.3504237462291826 0.67644692717078936 0.85673801594079257 1.0000000180025095e-35 0.95673055004893692 16.645312500000006
decision_type=2 2 2 2 2 2 2 2 2 2 2 2 2 2 2 2 2 2 2 2 2 2 2 2 2 2 2 2 2 2
left_child=1 2 3 10 6 7 12 -2 -4 -5 15 -7 -3 14 -14 18 -6 19 22 20 -18 -10 -1 24 -24 26 27 -11 29 -23
right_child=5 4 8 9 16 11 -8 -9 21 25 -12 -13 13 -15 -16 -17 17 -19 -20 -21 -22 28 23 -25 -26 -27 -28 -29 -30 -31
leaf_value=-0.00058286988050786017 9.9631467499084009e-05 0.00013363531486693209 -3.5871040996551873e-05 -0.00065154345126991291 0.0018030892847423167 0.003635667904270608 -0.00059751308131180856 0.0016214252294981498 -0.00065131014965437732 -0.00081947538578056251 -0.00094337336716877678 0.00050142897751652329 -0.00036289063973508342 -8.3274746815679979e-05 -0.00058757126333455626 -0.00043276952151628177 0.00054388665485180651 -0.00047998217828160459 -0.00038581730421694205 0.00084874804597365324 -0.00066415634235527494 -2.8985787969808917e-05 -0.00083284690750140208 -0.00097412474077222051 -0.00050616511139125672 -5.5912893213487525e-05 -0.00013086057730743033 0.00073326935105636534 -0.00012721635350769519 -0.00088429581469783589
leaf_weight=63 14239 4440 2750 1650 6319 53435 885 4485 1764 275 416 7296 2886 5547 1998 147 5635 644 105 2898 2254 126 406 1246 217 650 325 50 1498 112
leaf_count=63 14239 4440 2750 1650 6319 53435 885 4485 1764 275 416 7296 2886 5547 1998 147 5635 644 105 2898 2254 126 406 1246 217 650 325 50 1498 112
internal_value=0.00127568 -0.00260606 -0.00958898 -0.0162342 -0.000146839 0.00348908 -0.00222899 0.00148312 -0.003688 -0.00940678 -0.0239808 0.00410754 -0.00171441 -0.00265507 -0.00473587 -0.025815 0.00170141 0.00074403 -0.0268115 0.00116205 0.00020218 -0.00611429 -0.0276863 -0.0283601 -0.0232504 -0.00492308 -0.00923077 -0.0162308 -0.00332373 -0.0126471
internal_weight=124761 45306 11800 5550 33506 79455 15756 18724 6250 2950 2600 60731 14871 10431 4884 2184 17750 11431 2037 10787 7889 3500 1932 1869 623 1300 650 325 1736 238
internal_count=124761 45306 11800 5550 33506 79455 15756 18724 6250 2950 2600 60731 14871 10431 4884 2184 17750 11431 2037 10787 7889 3500 1932 1869 623 1300 650 325 1736 238
is_linear=0
shrinkage=0.05


Tree=29
num_leaves=31
num_cat=0
split_feature=9 0 10 9 4 10 0 0 0 3 3 3 7 8 0 0 0 8 8 8 11 0 11 3 11 9 9 0 7 11
split_gain=402.078 300.025 173.747 76.0069 57.6063 47.5452 25.8298 24.1588 22.1003 20.9155 17.9362 16.2009 14.476 13.0332 12.4582 13.3303 12.6054 12.1665 18.2526 14.8205 15.8354 11.9384 11.0008 11.4326 12.1898 10.4775 15 9.72165 9.36639 10.2827
threshold=20.422916666666669 25.500000000000004 1.0000000180025095e-35 15.296614583333335 -0.13398942717002907 1.0000000180025095e-35 91.500000000000014 20.500000000000004 74.500000000000014 -0.87395131947920313 0.16799745313369893 0.77788564761185042 24.337500000000006 19.750000000000004 44.500000000000007 72.500000000000014 84.500000000000014 25.450000000000003 19.750000000000004 23.050000000000004 1.0632854705466908 91.500000000000014 1.0912314765539939 0.61915405168109316 0.93041277635383546 18.07057291666667 17.875000000000004 59.500000000000007 20.187500000000004 1.1423394090148442
decision_type=2 2 2 2 2 2 2 2 2 2 2 2 2 2 2 2 2 2 2 2 2 2 2 2 2 2 2 2 2 2
left_child=1 2 3 7 12 6 14 22 9 -6 17 -12 -2 -7 -3 -16 -17 18 -4 20 -20 -15 23 24 -1 26 -13 28 29 -11
right_child=4 5 10 -5 8 13 -8 -9 -10 27 11 25 -14 21 15 16 -18 -19 19 -21 -22 -23 -24 -25 -26 -27 -28 -29 -30 -31
leaf_value=-0.00055533298492678256 0.00014423624925824597 0.00015008187043355432 -0.00055802620411408326 -0.00055847021855145258 0.00057107989418123876 0.001859771543952197 -0.000612454727553307 -0.00090097125601346138 0.001286437771201071 -0.0001586283462524952 0.00010297180807547179 -0.00072548003270006837 0.0031132416233139643 0.00020083005568460673 -0.00045529752403657402 0.00024801120856344925 -0.00036444245974325305 4.8641980918355539e-06 -0.00099417111386624355 -0.0002943028011344218 0.00028837711234356369 -0.00051446238850692686 -0.00041113104544046738 -0.00036652643900609503 -0.00086497650205925977 -6.4512463113167398e-05 -0.000813580685922883 -0.00043989237177380922 0.00020493357888379292 -0.00069346667106478111
leaf_weight=126 2834 3648 988 2288 9683 5880 765 520 5922 3643 2158 260 55781 8646 5376 2304 1341 494 546 624 78 524 147 105 1806 364 78 2295 5412 125
leaf_count=126 2834 3648 988 2288 9683 5880 765 520 5922 3643 2158 260 55781 8646 5376 2304 1341 494 546 624 78 524 147 105 1806 364 78 2295 5412 125
internal_value=0.00127768 -0.00292633 -0.0101153 -0.016895 0.00319418 -0.000255582 -0.00241775 -0.0225703 0.00128693 0.000531241 -0.00406082 -0.00129371 0.00407532 0.00167442 -0.001879 -0.00287607 -0.000541838 -0.00695971 -0.00852862 -0.0125481 -0.0179968 0.000496183 -0.0248764 -0.0258297 -0.0267029 -0.00789174 -0.0142308 -0.000912854 -0.000185185 -0.00209926
internal_weight=124761 39066 10582 4992 85695 28484 13434 2704 27080 21158 5590 2860 58615 15050 12669 9021 3645 2730 2236 1248 624 9170 2184 2037 1932 702 338 11475 9180 3768
internal_count=124761 39066 10582 4992 85695 28484 13434 2704 27080 21158 5590 2860 58615 15050 12669 9021 3645 2730 2236 1248 624 9170 2184 2037 1932 702 338 11475 9180 3768
is_linear=0
shrinkage=0.05


Tree=30
num_leaves=31
num_cat=0
split_feature=9 0 10 9 10 3 0 7 0 0 10 9 9 0 0 3 3 0 0 0 8 8 0 9 3 0 0 0 11 3
split_gain=372.616 254.114 141.513 118.641 44.2848 33.3385 23.9217 22.5707 21.5577 18.873 17.7228 18.0835 15.9626 14.9488 19.5664 13.3108 13.0146 13.5671 15.2969 11.8964 11.8812 19.9923 11.6086 11.2573 21.8196 10.9524 10.4163 10.8236 10.2409 10.4554
threshold=23.303385416666668 25.500000000000004 1.0000000180025095e-35 15.296614583333335 1.0000000180025095e-35 0.82899317702918729 92.500000000000014 16.712500000000006 20.500000000000004 8.5000000000000018 1.0000000180025095e-35 29.642968750000005 26.541666666666668 77.500000000000014 67.500000000000014 0.1849296026015865 -0.19337636264337835 51.500000000000007 72.500000000000014 93.500000000000014 23.350000000000005 20.550000000000004 87.500000000000014 13.370572916666669 0.534952257794027 21.500000000000004 30.500000000000004 18.500000000000004 1.0912314765539939 0.61915405168109316
decision_type=2 2 2 2 2 2 2 2 2 2 2 2 2 2 2 2 2 2 2 2 2 2 2 2 2 2 2 2 2 2
left_child=1 2 3 8 6 12 16 25 28 -4 11 13 -2 14 -7 20 -3 -18 23 -6 21 -11 -20 24 -19 -5 27 -12 29 -1
right_child=5 4 9 7 19 10 -8 -9 -10 15 26 -13 -14 -15 -16 -17 17 18 22 -21 -22 -23 -24 -25 -26 -27 -28 -29 -30 -31
leaf_value=-0.00081476185165650227 0.0005649452426652661 7.5520993177654154e-05 1.8940780117041402e-05 -0.00058476955699343885 0.0005387962637063813 -0.00048750925903595578 -0.0005861377738913473 -4.3345354580070491e-05 -0.00085592269321278834 -0.0007073031679676186 0.00037986379533012948 0.00067330419237498227 0.0033993700088412447 0.00067537651825310893 -0.0015546493811484127 -0.00019975642978607318 -4.6618655085390752e-05 -0.00065807638603867776 3.0648570899123069e-05 -0.00050170851378551209 -0.00018315265055918769 -0.0010564761825476545 -0.00046817711487978983 -0.00035476906415596223 -0.0010837481220033777 -0.00024397826420441334 0.0014202594153737585 -0.00049283063489947748 -0.0003905744931684441 -0.00034820011705578998
leaf_weight=1932 10564 5159 2376 2083 17952 1972 696 833 520 765 1824 1824 52667 522 290 2176 4056 1029 2340 528 1173 374 777 2121 126 438 6240 1152 147 105
leaf_count=1932 10564 5159 2376 2083 17952 1972 696 833 520 765 1824 1824 52667 522 290 2176 4056 1029 2340 528 1173 374 777 2121 126 438 6240 1152 147 105
internal_value=0.00126927 -0.0022035 -0.00819068 -0.0137603 2.06994e-05 0.00341931 -0.00187868 -0.00747764 -0.0215533 -0.00327506 0.00119502 -0.00133681 0.0039056 -0.00387213 -0.00563218 -0.00518271 -0.00147424 -0.00248875 -0.00392382 0.00169643 -0.00782439 -0.0114618 -0.00141643 -0.00630952 -0.0102814 -0.00983538 0.00246094 2.68819e-05 -0.0237317 -0.0246514
internal_weight=124761 47706 12922 6058 34784 77055 16304 3354 2704 6864 13824 4608 63231 2784 2262 4488 15608 10449 6393 18480 2312 1139 3117 3276 1155 2521 9216 2976 2184 2037
internal_count=124761 47706 12922 6058 34784 77055 16304 3354 2704 6864 13824 4608 63231 2784 2262 4488 15608 10449 6393 18480 2312 1139 3117 3276 1155 2521 9216 2976 2184 2037
is_linear=0
shrinkage=0.05


Tree=31
num_leaves=31
num_cat=0
split_feature=9 0 10 9 10 9 0 0 9 0 0 3 11 10 3 4 3 0 0 3 8 8 9 3 11 3 11 8 7 8
split_gain=342.218 220.409 118.992 100.969 38.8916 31.5203 21.5658 20.3189 19.9692 19.7528 17.0942 13.7888 13.6833 13.5463 11.8395 11.5007 11.4771 12.1525 11.3271 11.1704 11.1015 21.6352 10.6267 25.0171 10.2578 10.9663 10.0391 9.75832 10.1775 9.40148
threshold=23.303385416666668 25.500000000000004 1.0000000180025095e-35 15.296614583333335 1.0000000180025095e-35 27.749479166666671 92.500000000000014 75.500000000000014 18.923437500000002 21.500000000000004 8.5000000000000018 0.82899317702918729 0.7641759112864478 1.0000000180025095e-35 0.16799745313369893 0.90803977035715633 -0.19337636264337835 46.500000000000007 67.500000000000014 0.66527693225344786 23.350000000000005 20.550000000000004 13.209375 0.534952257794027 1.0912314765539939 0.61915405168109316 0.93041277635383546 33.750000000000007 28.037500000000005 30.650000000000002
decision_type=2 2 2 2 2 2 2 2 2 2 2 2 2 2 2 2 2 2 2 2 2 2 2 2 2 2 2 2 2 2
left_child=1 2 3 9 6 7 16 11 -5 24 -4 -2 -7 18 20 -6 -3 -18 -13 -14 21 -12 23 -19 25 26 -1 28 -21 -10
right_child=5 4 10 8 15 12 -8 -9 29 -11 14 13 19 -15 -16 -17 17 22 -20 27 -22 -23 -24 -25 -26 -27 -28 -29 -30 -31
leaf_value=-0.00048401776685156402 0.00056858250833207303 7.1744943518771125e-05 1.7993741111189628e-05 -0.00055516569577423829 0.00014976600391106257 -0.0045139343556387075 -0.00055683088519677983 0.0022111363526445371 -0.00015733745358342279 -0.00081706366777437641 -0.00067794906484966661 -0.00035622878673255269 0.0041416014590780958 0.00011145645034691724 -0.00018629292359369765 0.0014757657765916456 5.1231684527942709e-05 -0.00046476925492158891 -0.0011842767919417782 0.00091231004088820802 -0.00017399501803122859 -0.0010132448003135743 -0.00018977554356318965 -0.00092609334609942214 -0.00037176001839411208 -0.00033079011120300055 -0.00078118153112713992 0.00099924457961443245 -0.0023731099271915913 -0.0010599293574591829
leaf_weight=132 14982 5159 2376 1690 11970 96 696 5520 1586 416 748 1428 40269 4408 2210 6510 3276 2116 168 100 1173 357 4781 276 154 110 1892 9992 92 78
leaf_count=132 14982 5159 2376 1690 11970 96 696 5520 1586 416 748 1428 40269 4408 2210 6510 3276 2116 168 100 1173 357 4781 276 154 110 1892 9992 92 78
internal_value=0.00127448 -0.00205362 -0.00762962 -0.0127369 1.78245e-05 0.00333496 -0.00176214 0.00193843 -0.00694097 -0.019926 -0.00312209 0.00122844 0.00406724 -0.000796136 -0.00493761 0.0015882 -0.00137814 -0.00233084 -0.00474311 0.00410313 -0.00746708 -0.0110633 -0.0034832 -0.00620401 -0.0217483 -0.0226476 -0.0234832 0.00262372 -0.00854167 -0.00305288
internal_weight=124761 47706 12922 6058 34784 77055 16304 26506 3354 2704 6864 20986 50549 6004 4488 18480 15608 10449 1596 50453 2278 1105 7173 2392 2288 2134 2024 10184 192 1664
internal_count=124761 47706 12922 6058 34784 77055 16304 26506 3354 2704 6864 20986 50549 6004 4488 18480 15608 10449 1596 50453 2278 1105 7173 2392 2288 2134 2024 10184 192 1664
is_linear=0
shrinkage=0.05


Tree=32
num_leaves=31
num_cat=0
split_feature=4 0 9 10 10 3 0 8 3 3 3 4 0 0 8 10 9 0 0 9 11 0 3 0 0 0 4 0 11 11
split_gain=317.237 175.116 97.2574 121.405 38.9813 27.3523 26.5051 23.8044 19.9253 25.5714 18.6161 15.4216 14.4583 13.9028 13.8519 13.8027 16.5248 13.4616 19.9252 13.2194 11.5435 17.1007 10.5931 10.9499 11.0984 10.6395 10.3455 10.2068 12.8986 10.0013
threshold=0.19126587156512342 25.500000000000004 18.07057291666667 1.0000000180025095e-35 1.0000000180025095e-35 0.73865729060996177 21.500000000000004 20.550000000000004 -0.26037633224328088 0.64579916509010216 -0.84772008488809492 0.9980355542543059 6.5000000000000009 92.500000000000014 19.350000000000005 1.0000000180025095e-35 30.319531250000001 77.500000000000014 67.500000000000014 16.405468750000004 0.89585628751987034 32.500000000000007 -0.19337636264337835 46.500000000000007 72.500000000000014 87.500000000000014 0.92519182738459482 8.5000000000000018 0.94382758910793763 0.99530668776505327
decision_type=2 2 2 2 2 2 2 2 2 2 2 2 2 2 2 2 2 2 2 2 2 2 2 2 2 2 2 2 2 2
left_child=5 2 3 6 13 -1 8 11 19 12 -4 -5 -10 22 -13 16 17 18 -7 -2 21 -17 -3 -24 -25 -26 -15 -9 -29 -21
right_child=1 4 10 7 -6 15 -8 27 9 -11 -12 14 -14 26 -16 20 -18 -19 -20 29 -22 -23 23 24 25 -27 -28 28 -30 -31
leaf_value=0.0027884647557401814 -6.103537862740955e-05 3.6445478234548846e-05 0.00053331181693277248 6.2104411152641176e-05 0.00042625053581001493 -0.00031723879678246592 -0.00062338642787793433 -0.00027089571252866183 -0.00051060010696672047 -0.0004853437858266808 -0.00022540503280203466 -0.00071272724511666993 -0.00077969602037039696 -0.00027440171098053163 -0.00088685628386318827 -0.0020296767727794999 0.001027163004338342 0.00074659389080474717 -0.0014036198868054124 3.3054212137363657e-05 0.00096842285006453583 0.00047148642679782881 1.8341100955050942e-05 -0.00046785200832273822 4.7164772037768755e-05 -0.00042304560421830954 -0.00076108052190723978 -0.00077162350136474945 -0.00065738333006523436 -0.00079105011714210066
leaf_weight=54017 286 7102 1924 2210 21490 2652 616 594 763 440 4524 312 1635 531 78 165 2592 702 390 66 9406 315 3255 4030 2325 772 249 187 935 198
leaf_count=54017 286 7102 1924 2210 21490 2652 616 594 763 440 4524 312 1635 531 78 165 2592 702 390 66 9406 315 3255 4030 2325 772 249 187 935 198
internal_value=0.0012873 -0.00157441 -0.00622359 -0.00979567 0.000152689 0.00350866 -0.0160664 -0.00397822 -0.0178011 -0.0194891 -0.00161445 -0.000961538 -0.0215221 -0.00154566 -0.0101282 0.00170817 -0.000113636 -0.00223825 -0.0036785 -0.00909091 0.00287578 -0.0046875 -0.00125429 -0.0022722 -0.00336958 -0.00111882 -0.00807692 -0.00854895 -0.0113547 -0.0171591
internal_weight=124761 54522 14768 8320 39754 70239 4004 4316 3388 2838 6448 2600 2398 18264 390 16222 6336 3744 3042 550 9886 480 17484 10382 7127 3097 780 1716 1122 264
internal_count=124761 54522 14768 8320 39754 70239 4004 4316 3388 2838 6448 2600 2398 18264 390 16222 6336 3744 3042 550 9886 480 17484 10382 7127 3097 780 1716 1122 264
is_linear=0
shrinkage=0.05


Tree=33
num_leaves=31
num_cat=0
split_feature=4 0 9 10 10 3 0 8 9 3 4 8 0 10 0 9 0 11 0 4 3 11 3 8 11 3 0 0 9 3
split_gain=292.957 155.522 87.1546 108.826 34.7261 25.1761 24.7653 20.3998 19.013 16.9017 14.6339 14.2314 13.9259 14.1469 30.679 14.2761 13.4721 13.3673 12.9924 10.2424 9.96732 9.6953 9.64501 10.1314 11.556 9.31257 9.75716 13.5822 9.23078 14.6289
threshold=0.19126587156512342 25.500000000000004 18.07057291666667 1.0000000180025095e-35 1.0000000180025095e-35 0.73865729060996177 21.500000000000004 20.550000000000004 15.296614583333335 -0.84772008488809492 0.9980355542543059 19.350000000000005 76.500000000000014 1.0000000180025095e-35 68.500000000000014 30.319531250000001 92.500000000000014 0.89585628751987034 32.500000000000007 0.92843842216862604 -0.42180583328916638 1.0912314765539939 0.61915405168109316 18.350000000000005 0.97407968238158804 -0.19337636264337835 51.500000000000007 72.500000000000014 17.875000000000004 0.15101559051660998
decision_type=2 2 2 2 2 2 2 2 2 2 2 2 2 2 2 2 2 2 2 2 2 2 2 2 2 2 2 2 2 2
left_child=5 2 3 6 16 -1 8 10 21 -4 -5 -12 13 14 15 -7 25 18 -15 -6 -18 22 23 24 -2 -3 -27 -28 29 -9
right_child=1 4 9 7 19 12 -8 28 -10 -11 11 -13 -14 17 -16 -17 20 -19 -20 -21 -22 -23 -24 -25 -26 26 27 -29 -30 -31
leaf_value=0.0026490415179531725 -9.5231145372117444e-05 3.462320432282151e-05 0.00050664622608613346 5.8999190595008833e-05 0.00019867570911677717 -0.0003076519240197266 -0.00059221710648403776 -0.0006743189852988252 -0.00061001242495742347 -0.00021413478116193282 -0.00067709088286083629 -0.00084251346967002892 0.0020311817335631381 -0.0019281929341405256 -0.0014737061630913199 0.0011504089868867194 3.077504409206358e-05 0.00070404402606728551 0.00025939465510000335 0.00163808246325339 -0.00053422472547162291 -0.00032430738013949429 -0.0002757613515593003 -0.00071629319454807622 -0.0006710801185249853 -3.38840137198368e-05 -0.00048217292130564126 -9.422818882258774e-05 -0.00070354664653060161 -0.00020095174851917117
leaf_weight=54017 132 7102 1924 2210 15820 2691 616 832 1100 4524 312 78 3211 165 528 1863 258 7544 220 5670 522 154 110 1430 462 4030 3255 3097 104 780
leaf_count=54017 132 7102 1924 2210 15820 2691 616 832 1100 4524 312 78 3211 165 528 1863 258 7544 220 5670 522 154 110 1430 462 4030 3255 3097 104 780
internal_value=0.00127007 -0.00147995 -0.00586132 -0.00924279 0.000147658 0.00340473 -0.0151798 -0.00373494 -0.0168566 -0.00149814 -0.000942307 -0.00987179 0.00167735 0.000949581 -0.0011098 0.000213 -0.00145532 0.00226952 -0.00681818 0.00151 -0.00788462 -0.0194537 -0.020328 -0.0211117 -0.0156229 -0.0011685 -0.0021229 -0.00334383 -0.0079662 -0.00703474
internal_weight=124761 54522 14768 8320 39754 70239 4004 4316 3388 6448 2600 390 16222 13011 5082 4554 18264 7929 385 21490 780 2288 2134 2024 594 17484 10382 6352 1716 1612
internal_count=124761 54522 14768 8320 39754 70239 4004 4316 3388 6448 2600 390 16222 13011 5082 4554 18264 7929 385 21490 780 2288 2134 2024 594 17484 10382 6352 1716 1612
is_linear=0
shrinkage=0.05


Tree=34
num_leaves=31
num_cat=0
split_feature=4 0 9 10 0 10 3 8 3 3 3 4 8 0 10 0 9 8 0 0 9 0 0 0 3 11 0 11 11 3
split_gain=272.01 138.227 74.7012 87.2352 34.6973 34.4909 24.2341 19.5477 19.0044 22.0235 16.0147 14.6018 14.8595 14.2165 13.5259 37.7868 16.8786 13.1605 13.0322 12.1809 11.8718 11.663 13.5141 21.4654 25.676 11.5434 13.9645 10.1993 10.0017 11.2993
threshold=0.18281312110578132 27.500000000000004 18.07057291666667 1.0000000180025095e-35 21.500000000000004 1.0000000180025095e-35 0.63920241694561786 20.550000000000004 -0.26037633224328088 0.65883702558178847 -0.84772008488809492 0.9980355542543059 19.350000000000005 76.500000000000014 1.0000000180025095e-35 68.500000000000014 30.319531250000001 24.450000000000003 6.5000000000000009 92.500000000000014 26.541666666666668 92.500000000000014 72.500000000000014 59.500000000000007 0.534952257794027 0.89585628751987034 34.500000000000007 0.7641759112864478 0.94382758910793763 0.15101559051660998
decision_type=2 2 2 2 2 2 2 2 2 2 2 2 2 2 2 2 2 2 2 2 2 2 2 2 2 2 2 2 2 2
left_child=6 2 3 4 8 19 20 11 17 18 -4 -5 -13 14 15 16 -8 -2 -10 -3 -1 22 23 -7 -25 26 -16 -22 -9 -30
right_child=1 5 10 7 -6 21 13 28 9 -11 -12 12 -14 -15 25 -17 -18 -19 -20 -21 27 -23 -24 24 -26 -27 -28 -29 29 -31
leaf_value=0.00036559325048920869 -7.936888338195655e-05 -0.00014544062365786736 0.00041445260725099628 6.1550447621239681e-05 -0.00059303564351884065 0.00079387678345822831 -0.0003058509983372219 -0.00066750239217656373 -0.0004488136546418782 -0.00038615719887845763 -0.00021802380848214085 -0.00064079967545299958 -0.00086209906333705529 0.00207783998859904 -0.0018105187863650442 -0.0015748399764569391 0.0011285617754483513 -0.00080493252431146876 -0.00070879914505500542 -0.00041052475686753788 -0.0019619305856210167 -0.00039285510386290748 0.0010274263937464386 0.00010888988177418398 -0.00098965274873871896 0.00076219536099471797 0.00051974644728781624 0.003412142684927514 -0.00072998625463507535 -0.00015725406301457382
leaf_weight=4612 396 17092 2212 2380 924 9920 2760 308 777 396 4872 336 84 3743 280 640 2764 154 1665 786 288 930 6200 2808 1222 8395 336 45941 784 756
leaf_count=4612 396 17092 2212 2380 924 9920 2760 308 777 396 4872 336 84 3743 280 640 2764 154 1665 786 288 930 6200 2808 1222 8395 336 45941 784 756
internal_value=0.00125404 -0.00137522 -0.0052811 -0.00831473 -0.0134369 0.000233328 0.0033271 -0.00356282 -0.0157792 -0.0174278 -0.0014441 -0.000928571 -0.00952381 0.00179934 0.00111862 -0.000686242 0.000646271 -0.00727273 -0.0192015 -0.00138215 0.00389558 0.00160342 0.00185608 0.000992832 -0.00208437 0.00235324 -0.00425325 0.00413691 -0.00755411 -0.00590909
internal_weight=124761 55002 16044 8960 4312 38958 69759 4648 3388 2838 7084 2800 420 18918 15175 6164 5524 550 2442 17878 50841 21080 20150 13950 4030 9011 616 46229 1848 1540
internal_count=124761 55002 16044 8960 4312 38958 69759 4648 3388 2838 7084 2800 420 18918 15175 6164 5524 550 2442 17878 50841 21080 20150 13950 4030 9011 616 46229 1848 1540
is_linear=0
shrinkage=0.05


Tree=35
num_leaves=31
num_cat=0
split_feature=4 0 9 10 10 0 3 3 3 8 0 11 4 8 3 9 0 0 1 0 0 0 3 3 10 11 3 3 4 8
split_gain=252.997 124.244 66.5833 75.9452 31.8665 29.6489 22.621 17.5529 21.6974 16.8804 14.9925 16.2411 14.4807 14.8595 14.2701 13.0366 13.0068 11.7236 10.8105 10.2096 11.2438 17.5685 23.3601 9.92524 10.9648 9.87056 9.84762 10.3586 9.8134 9.63584
threshold=0.18281312110578132 27.500000000000004 18.07057291666667 1.0000000180025095e-35 1.0000000180025095e-35 21.500000000000004 0.45273815774107123 -0.14250824554987665 0.64579916509010216 20.550000000000004 77.500000000000014 0.93670648275729362 0.9980355542543059 19.350000000000005 -0.84772008488809492 26.541666666666668 4.5000000000000009 92.500000000000014 1.0000000180025095e-35 93.500000000000014 73.500000000000014 57.500000000000007 0.56369777965491019 0.98213580174693105 1.0000000180025095e-35 0.94382758910793763 0.15101559051660998 0.71503381463111937 0.92519182738459482 18.650000000000002
decision_type=2 2 2 2 2 2 2 2 2 2 2 2 2 2 2 2 2 2 2 2 2 2 2 2 2 2 2 2 2 2
left_child=6 2 3 5 17 7 15 -2 16 12 11 18 -5 -14 -4 -1 -9 -3 -8 20 21 -6 -23 -13 -25 -11 -27 -28 -19 -18
right_child=1 4 14 9 19 -7 10 8 -10 25 -12 23 13 -15 -16 -17 29 28 -20 -21 -22 22 -24 24 -26 26 27 -29 -30 -31
leaf_value=0.00033763426823698662 -0.00032664124014270479 -0.00013816859247497377 0.00039372997688844578 5.8472925240177719e-05 0.00080889843731687071 -0.00056338386134289857 -0.0030666308310560025 -0.000402239195784893 -0.00041126811534355291 -0.00063412727256773526 0.0023294281993119117 0.0010533916076659528 -0.00060875969168034966 -0.00081899411017020279 -0.00020712261805803383 0.0032998084072509331 -0.00054945445307191191 -0.00021844386356141554 -0.00018324055791654596 -0.00044893697037483142 0.00092510180202396959 0.00018493529529749008 -0.00088094636823560267 -0.00038316647911114333 0.00036622416234188203 -0.0006934869419033215 0.00041366906187837252 -0.00060172711512234756 -0.00067578902169491972 -0.00072353644091455443
leaf_weight=4516 814 17092 2212 2380 9300 924 312 485 440 308 4400 11394 336 84 4872 41727 425 537 2886 620 6200 3504 1456 1560 2964 784 448 308 249 1224
leaf_count=4516 814 17092 2212 2380 9300 924 312 485 440 308 4400 11394 336 84 4872 41727 425 537 2886 620 6200 3504 1456 1560 2964 784 448 308 249 1224
internal_value=0.00125684 -0.00127886 -0.00498192 -0.00784598 0.000246163 -0.0126252 0.00325614 -0.0147904 -0.0168143 -0.00341222 0.00199354 0.00138784 -0.000964286 -0.00952381 -0.0013594 0.00389821 -0.0188988 -0.00130663 -0.00186366 0.00156309 0.00175464 0.000981767 -0.00142137 0.00204109 5.96819e-05 -0.00712121 -0.00548701 -0.00141534 -0.00727735 -0.0210158
internal_weight=124761 55002 16044 8960 38958 4312 69759 3388 2574 4648 23516 19116 2800 420 7084 46243 2134 17878 3198 21080 20460 14260 4960 15918 4524 1848 1540 756 786 1649
internal_count=124761 55002 16044 8960 38958 4312 69759 3388 2574 4648 23516 19116 2800 420 7084 46243 2134 17878 3198 21080 20460 14260 4960 15918 4524 1848 1540 756 786 1649
is_linear=0
shrinkage=0.05


Tree=36
num_leaves=31
num_cat=0
split_feature=4 0 9 10 10 0 3 8 3 3 10 11 8 3 1 9 0 4 0 8 8 0 0 7 9 3 0 0 0 11
split_gain=233.873 112.047 60.4285 68.9685 29.9503 29.3322 22.08 16.5295 15.1303 23.5559 14.4957 13.5361 12.7811 12.456 12.0586 11.9342 10.5001 10.1764 10.0852 9.99743 9.54349 9.38729 11.7811 12.0008 9.35955 9.32945 11.3802 15.441 26.9136 11.2135
threshold=0.18281312110578132 27.500000000000004 18.07057291666667 1.0000000180025095e-35 1.0000000180025095e-35 21.500000000000004 0.84773968378660736 20.350000000000005 0.77788564761185042 0.16799745313369893 1.0000000180025095e-35 0.93155087118158786 18.350000000000005 -0.84772008488809492 2.5000000000000004 17.875000000000004 92.500000000000014 0.92843842216862604 6.5000000000000009 16.900000000000002 17.150000000000002 76.500000000000014 16.500000000000004 25.262500000000006 26.541666666666668 -0.84772008488809492 90.500000000000014 74.500000000000014 56.500000000000007 0.94542443323476821
decision_type=2 2 2 2 2 2 2 2 2 2 2 2 2 2 2 2 2 2 2 2 2 2 2 2 2 2 2 2 2 2
left_child=6 2 3 5 16 7 11 12 9 19 -8 21 14 -4 -2 -10 -3 25 -9 -5 -21 22 -1 -24 -13 -6 27 28 -27 -30
right_child=1 4 13 8 17 -7 10 18 15 -11 -12 24 -14 -15 -16 -17 -18 -19 -20 20 -22 -23 23 -25 -26 26 -28 -29 29 -31
leaf_value=0.0029846227461360394 -0.00071220564427557879 -0.00013126016285122479 0.00037404347804402376 9.8728866062877834e-05 0.0010949004943811363 -0.00053521466827575353 -0.00018771947442601958 -0.00023854207977198969 -0.00076019296653001697 0.00016731844893942533 0.00066018424780415347 0.00033717806263832003 -0.00065595653021741855 -0.00019676648715513187 -0.00022713648989736314 -0.00066692268737412628 -0.00037475318699962517 0.0016584260665897404 -0.00056396712344175396 -0.0010169352087483438 -0.00055373226663144438 0.0045070006829071481 -0.00090263971843826396 0.00045991295973084388 0.0031848764493263983 0.00060562604959028181 -0.00041714454384715643 0.000787587585279982 -0.0011324573343062653 -0.00051384904202397125
leaf_weight=2366 286 17092 2212 448 3332 924 4320 518 280 2100 7872 2788 1122 4872 352 84 786 5508 1110 56 1680 2620 751 7580 41462 5220 900 2880 414 2826
leaf_count=2366 286 17092 2212 448 3332 924 4320 518 280 2100 7872 2788 1122 4872 352 84 786 5508 1110 56 1680 2620 751 7580 41462 5220 900 2880 414 2826
internal_value=0.00125003 -0.00118796 -0.00470456 -0.00743304 0.00026028 -0.0119875 0.00317228 -0.0141411 -0.00320783 -0.00237628 0.00123934 0.00358165 -0.0175 -0.00125353 -0.0118495 -0.0129945 -0.00124511 0.001537 -0.0105098 -0.0060119 -0.00773041 0.00218405 0.00152706 0.00064278 0.00400226 0.000883637 0.000245098 0.000674603 -0.000401891 -0.00398148
internal_weight=124761 55002 16044 8960 38958 4312 69759 3388 4648 4284 12192 57567 1760 7084 638 364 17878 21080 1628 2184 1736 13317 10697 8331 44250 15572 12240 11340 8460 3240
internal_count=124761 55002 16044 8960 38958 4312 69759 3388 4648 4284 12192 57567 1760 7084 638 364 17878 21080 1628 2184 1736 13317 10697 8331 44250 15572 12240 11340 8460 3240
is_linear=0
shrinkage=0.05


Tree=37
num_leaves=31
num_cat=0
split_feature=4 0 9 10 0 10 3 4 0 0 8 4 10 0 9 8 9 11 11 0 9 3 11 0 0 0 3 0 3 9
split_gain=216.225 101.072 46.4032 55.9604 37.5549 29.8798 23.2428 15.7535 15.3556 14.52 14.1031 12.9021 12.4916 36.4053 13.2174 12.1689 12.0011 12.8909 11.9662 11.4318 12.1157 23.9469 11.4213 10.7085 11.2009 19.1449 17.826 10.5414 9.87673 9.1701
threshold=0.18281312110578132 29.500000000000004 18.07057291666667 1.0000000180025095e-35 21.500000000000004 1.0000000180025095e-35 0.66527693225344786 0.96407344085605606 5.5000000000000009 76.500000000000014 20.550000000000004 0.9980355542543059 1.0000000180025095e-35 68.500000000000014 30.319531250000001 19.350000000000005 27.683333333333334 0.7641759112864478 0.99530668776505327 44.500000000000007 13.370572916666669 0.534952257794027 1.0912314765539939 92.500000000000014 72.500000000000014 57.500000000000007 0.56369777965491019 12.500000000000002 0.65883702558178847 17.875000000000004
decision_type=2 2 2 2 2 2 2 2 2 2 2 2 2 2 2 2 2 2 2 2 2 2 2 2 2 2 2 2 2 2
left_child=6 2 3 4 7 19 16 8 -2 12 11 -5 13 14 -8 -13 -1 -18 -10 -3 21 -21 -9 24 25 -7 -27 -4 -20 -12
right_child=1 5 27 10 -6 23 9 22 18 -11 29 15 -14 -15 -16 -17 17 -19 28 20 -22 -23 -24 -25 -26 26 -28 -29 -30 -31
leaf_value=0.00075437565190062718 -0.0001771671515830319 0.00032178981135032038 6.7496109153835431e-05 7.5237991974172683e-05 -0.00048283930693109446 0.0008775296526961088 -0.00028538387334717811 -0.00062518036665011828 -0.00037229980808681787 0.0017996067781302074 -0.00043198418859815847 -0.00056779047453096377 0.00054394481056962562 -0.0015639229832982351 0.00092969553245434713 -0.00078628569248775666 -0.0043316805286941346 0.0032923143573704117 -0.0006076644709151922 -0.00035298911999928043 -0.00011239074459164257 -0.00082207760635108734 -0.00023941673194251536 -0.00035985026496081906 0.00090081320483315964 0.00010916472170322346 -0.00084518475514655576 -0.00026819289398918557 -0.00017716402809960804 -0.0006108121191637177
leaf_weight=10952 564 3945 3289 2550 1232 8680 2760 1166 528 3591 1860 360 8703 608 2488 90 96 40561 832 2856 10245 306 154 930 6200 3285 1365 4301 144 120
leaf_count=10952 564 3945 3289 2550 1232 8680 2760 1166 528 3591 1860 360 8703 608 2488 90 96 40561 832 2856 10245 306 154 930 6200 3285 1365 4301 144 120
internal_value=0.00124442 -0.00109978 -0.00427865 -0.00658854 -0.0105519 0.000345393 0.00309272 -0.0132704 -0.0105464 0.00155372 -0.00291165 -0.00075 0.000851364 -0.000934084 0.000407775 -0.00855556 0.00363396 0.00402969 -0.0131848 -0.00118084 -0.001877 -0.00458254 -0.0175379 0.00163979 0.0018894 0.00107277 -0.00151613 -0.00135705 -0.0164652 -0.00618687
internal_weight=124761 55002 17190 9600 4620 37812 69759 3388 2068 18150 4980 3000 14559 5856 5248 450 51609 40657 1504 17352 13407 3162 1320 20460 19530 13330 4650 7590 976 1980
internal_count=124761 55002 17190 9600 4620 37812 69759 3388 2068 18150 4980 3000 14559 5856 5248 450 51609 40657 1504 17352 13407 3162 1320 20460 19530 13330 4650 7590 976 1980
is_linear=0
shrinkage=0.05


Tree=38
num_leaves=31
num_cat=0
split_feature=4 0 9 10 0 10 9 0 0 10 7 3 3 3 3 9 11 8 0 0 0 0 9 3 9 0 4 3 0 0
split_gain=199.099 87.5795 41.3351 47.9972 32.1135 27.4529 22.8369 19.6892 19.8796 22.6283 31.8318 16.1163 14.152 15.4704 12.8497 28.1428 12.5386 12.4805 10.92 10.166 11.2275 15.6014 18.3146 9.92707 9.77949 10.7327 9.41768 9.67548 10.3371 14.4142
threshold=0.18281312110578132 29.500000000000004 18.07057291666667 1.0000000180025095e-35 21.500000000000004 1.0000000180025095e-35 28.553385416666671 75.500000000000014 16.500000000000004 1.0000000180025095e-35 25.437500000000004 -0.44504625642270151 -0.26037633224328088 0.65883702558178847 0.16799745313369893 17.649479166666669 0.7641759112864478 24.450000000000003 5.5000000000000009 44.500000000000007 69.500000000000014 87.500000000000014 15.296614583333335 0.39827038710620805 25.201562500000005 68.500000000000014 0.92843842216862604 -0.85671820900978868 90.500000000000014 74.500000000000014
decision_type=2 2 2 2 2 2 2 2 2 2 2 2 2 2 2 2 2 2 2 2 2 2 2 2 2 2 2 2 2 2
left_child=6 2 3 4 12 19 7 8 -1 11 -11 -10 17 18 -5 -16 -8 -2 -14 -3 -21 -22 -23 -18 -13 -26 27 -7 29 -29
right_child=1 5 -4 14 -6 26 16 -9 9 10 -12 24 13 -15 15 -17 23 -19 -20 20 21 22 -24 -25 25 -27 -28 28 -30 -31
leaf_value=0.0010871416096306661 -1.0439428639891037e-05 0.00030570032078280495 -0.00011025050491197835 -0.00049621787034026662 -0.00045869734158453994 0.0012231687822093851 -0.0041150965022594271 0.0021150078682593922 -9.6503815005100788e-07 -0.00055710419240827822 0.00098305587173727442 -3.3245856498952007e-05 -0.00033694008548147518 -0.00030131875139001934 0.00013325768334183802 -0.00079085729123202532 0.0040332209688822944 -0.0006904184244825055 -0.0005805942606293377 -0.00034134029466354338 0.00017417432122174571 -0.00053529563855853404 -2.2303723266153992e-05 0.0011130073589194444 -0.00099857807906558976 -0.0017851325024602295 0.0017114139436927257 -7.1000997124936308e-05 -0.00039927303665189404 0.00071356448664028902
leaf_weight=5211 396 3945 7590 2340 1232 3102 96 6120 2773 2410 10922 531 666 396 2460 180 27322 154 1776 6575 4734 832 1266 12958 1248 168 5346 8190 910 2912
leaf_count=5211 396 3945 7590 2340 1232 3102 96 6120 2773 2410 10922 531 666 396 2460 180 27322 154 1776 6575 4734 832 1266 12958 1248 168 5346 8190 910 2912
internal_value=0.0012324 -0.00101705 -0.00397615 -0.00615625 -0.00982684 0.000328203 0.00300599 0.00194551 0.00128165 0.000496344 0.00154966 -0.00247881 -0.0123406 -0.0137632 -0.002751 -0.000359848 0.00377774 -0.005 -0.0152498 -0.00113474 -0.00179123 -0.00037178 -0.00396091 0.00382075 -0.00596559 -0.00813559 0.00156892 0.000930925 0.000288045 0.000707981
internal_weight=124761 55002 17190 9600 4620 37812 69759 29383 23263 18052 13332 4720 3388 2838 4980 2640 40376 550 2442 17352 13407 6832 2098 40280 1947 1416 20460 15114 12012 11102
internal_count=124761 55002 17190 9600 4620 37812 69759 29383 23263 18052 13332 4720 3388 2838 4980 2640 40376 550 2442 17352 13407 6832 2098 40280 1947 1416 20460 15114 12012 11102
is_linear=0
shrinkage=0.05


Tree=39
num_leaves=31
num_cat=0
split_feature=4 0 9 10 0 10 3 3 3 0 11 3 3 0 0 10 0 11 9 9 7 8 0 11 8 3 0 0 0 0
split_gain=182.654 77.1597 36.3046 43.192 27.608 25.8719 22.5476 12.9714 14.3994 12.8615 12.2816 12.2158 19.307 11.4265 17.3164 19.4349 31.2445 11.7161 11.1611 10.667 10.4196 10.1818 9.82939 9.43681 9.16949 9.24833 9.00451 12.0124 23.6546 8.93996
threshold=0.18281312110578132 29.500000000000004 18.07057291666667 1.0000000180025095e-35 21.500000000000004 1.0000000180025095e-35 0.63920241694561786 -0.26037633224328088 0.65883702558178847 76.500000000000014 0.9247659649312403 0.77788564761185042 0.23537774960157334 13.500000000000002 32.500000000000007 1.0000000180025095e-35 68.500000000000014 0.93670648275729362 26.459114583333335 26.058333333333337 34.987500000000004 24.450000000000003 5.5000000000000009 1.0252745761999382 19.550000000000004 -0.84772008488809492 90.500000000000014 74.500000000000014 57.500000000000007 44.500000000000007
decision_type=2 2 2 2 2 2 2 2 2 2 2 2 2 2 2 2 2 2 2 2 2 2 2 2 2 2 2 2 2 2
left_child=6 2 3 4 7 29 10 21 22 13 -1 12 23 -8 17 16 20 19 -12 -15 -16 -2 -9 -5 -7 -26 27 28 -27 -3
right_child=1 5 -4 11 -6 24 9 8 -10 -11 18 -13 -14 14 15 -17 -18 -19 -20 -21 -22 -23 -24 -25 25 26 -28 -29 -30 -31
leaf_value=0.00093220066678687376 -9.9174572078966155e-06 0.00029041530474366447 -0.00010473797966637937 -0.00055155162320298472 -0.00043576247450531261 0.0017556445725946781 0.00084606563589499683 -0.00032009308120740134 -0.00028625281382051859 0.0016568613578765989 9.4730115098960429e-05 -0.00070265272825652226 0.0002212424576337065 -8.832564475952079e-05 -0.00030901870766089797 0.0011257416372306979 -0.0014940834368736349 -0.00020868607420894143 0.0032046360097844049 -0.0019950717921575641 0.00098709845719612845 -0.0006558975032583804 -0.00055156454759787063 -0.00020018398721365982 0.001116479168448649 0.00059304894072692549 -0.00040406866149150355 0.00063333304237207094 -0.00061158759664005336 -0.00019120901675693299
leaf_weight=11589 396 3945 7590 1440 1232 5346 2766 666 396 3743 2212 390 2010 228 1492 5148 640 3171 37040 342 1388 154 1776 1140 3234 5040 900 2880 3060 13407
leaf_count=11589 396 3945 7590 1440 1232 5346 2766 666 396 3743 2212 390 2010 228 1492 5148 640 3171 37040 342 1388 154 1776 1140 3234 5040 900 2880 3060 13407
internal_value=0.00121476 -0.000939784 -0.00371728 -0.00576042 -0.00924242 0.000322914 0.00291353 -0.0115732 -0.0129352 0.0014399 0.00346187 -0.00253012 -0.00180828 0.000792422 0.000144653 0.00137171 -0.00149148 -0.00269848 0.00388413 -0.00929825 0.000729167 -0.00454545 -0.0143694 -0.00467054 0.00152737 0.000897843 0.000252525 0.00064663 -0.000339506 -0.00109728
internal_weight=124761 55002 17190 9600 4620 37812 69759 3388 2838 18918 50841 4980 4590 15175 12409 8668 3520 3741 39252 570 2880 550 2442 2580 20460 15114 11880 10980 8100 17352
internal_count=124761 55002 17190 9600 4620 37812 69759 3388 2838 18918 50841 4980 4590 15175 12409 8668 3520 3741 39252 570 2880 550 2442 2580 20460 15114 11880 10980 8100 17352
is_linear=0
shrinkage=0.05


Tree=40
num_leaves=31
num_cat=0
split_feature=9 0 9 10 10 0 3 0 11 0 0 7 8 0 10 3 3 4 3 9 0 11 11 8 8 8 11 0 9 9
split_gain=170.371 63.1186 43.4618 39.0619 38.0912 27.4625 19.5847 16.6265 15.4148 15.9444 13.4634 18.688 12.9212 12.4581 22.3346 11.6169 14.5914 10.9759 10.5936 20.7082 9.32055 9.19997 13.0476 8.83241 8.58766 8.56077 8.97893 7.53657 7.88458 7.40872
threshold=26.541666666666668 30.500000000000004 18.07057291666667 1.0000000180025095e-35 1.0000000180025095e-35 21.500000000000004 0.39827038710620805 15.500000000000002 1.0221204649632492 77.500000000000014 16.500000000000004 24.962500000000006 33.150000000000013 68.500000000000014 1.0000000180025095e-35 -0.14250824554987665 0.65883702558178847 0.52583933546504591 0.16799745313369893 17.649479166666669 5.5000000000000009 0.99479232557030872 0.99592950626165633 30.850000000000005 40.150000000000013 23.450000000000003 1.0337793342305288 92.500000000000014 26.386197916666671 28.553385416666671
decision_type=2 2 2 2 2 2 2 2 2 2 2 2 2 2 2 2 2 2 2 2 2 2 2 2 2 2 2 2 2 2
left_child=1 2 4 12 5 15 29 17 9 10 -8 -12 21 -13 24 -1 20 -4 -6 -20 -17 -3 -23 -19 -15 26 -22 28 -24 -2
right_child=6 3 7 -5 18 -7 8 -9 -10 -11 11 13 -14 14 -16 16 -18 23 19 -21 25 22 27 -25 -26 -27 -28 -29 -30 -31
leaf_value=-0.00021624751218211367 0.0013942543891641715 1.1595311396789764e-05 0.00038554190268271058 0.00047274006099763747 -0.00045991609013144527 -0.00042522260873087165 0.0008229765312974829 -0.00031182570967675069 0.0011277232663502433 0.0026718266169953736 -0.001163756511345274 5.4670394150734258e-05 -0.0010380140523357968 -0.0026702114469348255 0.00079643522552141064 -0.00031762941906072893 -0.00027194017312949303 -9.1116102333838845e-05 0.00013829740905509541 -0.00070724640812125882 -0.00044738257025066382 -0.00084874812627038984 -0.00016952717443423227 -0.0014909297679552547 -8.1965924203322723e-05 -0.0006483016568196269 -0.00066345599367612952 -0.00038032308274002551 -0.00099596812444824887 0.0036412681919936771
leaf_weight=814 14597 8450 3556 24440 2418 1386 1496 5205 10280 1574 632 3942 130 315 396 594 396 1936 2542 186 1072 455 9359 64 81 64 448 453 62 27418
leaf_count=814 14597 8450 3556 24440 2418 1386 1496 5205 10280 1574 632 3942 130 315 396 594 396 1936 2542 186 1072 455 9359 64 81 64 448 453 62 27418
internal_value=0.00120755 -0.00059191 -0.00286471 0.000492399 -0.00525202 -0.00846879 0.00310476 -0.000663972 0.00175946 0.000175439 -0.000865637 -0.00203504 -0.00121397 -0.000956907 -0.00667929 -0.0108943 -0.0125408 0.0012383 -0.00226778 -0.000131965 -0.014146 -0.00110522 -0.00210621 -0.001725 -0.0150758 -0.016149 -0.0153947 -0.00172473 -0.00142182 0.00370403
internal_weight=124761 64030 20681 43349 9920 4774 60731 10761 18716 8436 6862 5366 18909 4734 792 3388 2574 5556 5146 2728 2178 18779 10329 2000 396 1584 1520 9874 9421 42015
internal_count=124761 64030 20681 43349 9920 4774 60731 10761 18716 8436 6862 5366 18909 4734 792 3388 2574 5556 5146 2728 2178 18779 10329 2000 396 1584 1520 9874 9421 42015
is_linear=0
shrinkage=0.05


Tree=41
num_leaves=31
num_cat=0
split_feature=9 0 9 10 10 0 0 0 7 0 10 9 3 0 3 7 3 0 7 4 11 11 3 3 7 9 3 8 3 9
split_gain=160.729 55.3663 39.6747 35.0212 33.8493 24.1111 18.3084 21.0095 37.2258 15.1211 14.0204 25.1335 16.4311 23.2069 12.8873 11.6863 11.664 13.0061 11.145 10.6303 13.804 10.4347 9.98597 18.6225 9.14355 12.977 9.12074 12.0707 9.10187 8.77454
threshold=26.541666666666668 30.500000000000004 18.07057291666667 1.0000000180025095e-35 1.0000000180025095e-35 21.500000000000004 77.500000000000014 19.500000000000004 25.912500000000005 12.500000000000002 1.0000000180025095e-35 31.817708333333336 0.39827038710620805 68.500000000000014 -0.27694604220087021 28.037500000000005 -0.52766804058324157 87.500000000000014 33.912500000000016 0.98899263613956456 0.99530668776505327 0.94382758910793763 0.71503381463111937 0.23537774960157334 15.587500000000004 13.370572916666669 0.82899317702918729 34.550000000000004 0.65883702558178847 27.869010416666672
decision_type=2 2 2 2 2 2 2 2 2 2 2 2 2 2 2 2 2 2 2 2 2 2 2 2 2 2 2 2 2 2
left_child=1 2 4 15 5 19 7 -2 14 -4 11 12 29 18 -9 16 -3 24 -14 20 -1 -16 23 -6 -18 -26 -23 -28 -22 -10
right_child=6 3 9 -5 22 -7 -8 8 10 -11 -12 -13 13 -15 21 -17 17 -19 -20 -21 28 26 -24 -25 25 -27 27 -29 -30 -31
leaf_value=-0.00019022859596260896 0.0033259124805027789 0.00033104382804728053 0.00016830942869011027 0.00044910305794775495 -0.00040268597252462443 -0.00040396147829432796 0.0051909135514209533 0.0001443255594245043 -0.00065284798897810668 -0.00023908812824864671 0.0017101127287277079 0.0021868292516131261 -0.00099725796129479386 -0.0019722001745954626 -0.0021667298676483664 -0.00058578549284872149 0.00019803487281505987 -0.00032027000608028232 0.00044863367199641792 -0.00058935047984050217 -0.00043403292206865564 0.00035144656458796736 -0.00052018342228749037 0.00029524562659193494 -0.0005724080096815037 -9.3130267559647626e-05 -0.0013173593938270644 -0.00047562278318993091 -2.0784844061053767e-05 0.00072592744202537032
leaf_weight=814 12670 4228 4515 24440 2666 1386 11365 794 1078 6246 19194 5820 1196 494 287 1901 3416 1634 1156 748 1628 390 527 1953 1388 6342 151 482 198 5654
leaf_count=814 12670 4228 4515 24440 2666 1386 11365 794 1078 6246 19194 5820 1196 494 287 1901 3416 1634 1156 748 1628 390 527 1953 1388 6342 151 482 198 5654
internal_value=0.00120274 -0.000545057 -0.00267371 0.000470484 -0.00495464 -0.00798701 0.00304548 0.00262894 0.00202284 -0.000571043 0.00241559 0.00129173 -0.00028294 -0.00346803 -0.00443441 -0.00114522 -0.000729656 -0.00148279 -0.00139881 -0.0102597 -0.00876894 -0.00748092 -0.00214147 -0.00139749 -0.000872062 -0.00182406 -0.0051173 -0.00882306 -0.0111829 0.00106358
internal_weight=124761 64030 20681 43349 9920 4774 60731 49366 36696 10761 34592 15398 9578 2846 2104 18909 17008 12780 2352 3388 2640 1310 5146 4619 11146 7730 1023 633 1826 6732
internal_count=124761 64030 20681 43349 9920 4774 60731 49366 36696 10761 34592 15398 9578 2846 2104 18909 17008 12780 2352 3388 2640 1310 5146 4619 11146 7730 1023 633 1826 6732
is_linear=0
shrinkage=0.05


Tree=42
num_leaves=31
num_cat=0
split_feature=4 10 7 0 0 0 7 3 7 0 0 7 10 9 3 0 0 3 0 0 3 3 0 3 3 0 0 9 0 11
split_gain=150.453 49.8099 49.9417 32.3427 25.1667 22.7352 20.5696 18.9086 19.1101 15.0306 21.0957 26.7205 14.0457 21.1176 14.3578 18.4508 12.367 11.1887 10.9704 10.9377 9.67431 14.1792 17.8848 13.5946 11.2872 9.76485 20.3097 9.48491 9.12432 8.87995
threshold=-0.13398942717002907 1.0000000180025095e-35 10.937500000000002 21.500000000000004 32.500000000000007 11.500000000000002 22.812500000000004 -0.49813634056773481 26.012500000000006 78.500000000000014 21.500000000000004 26.287500000000005 1.0000000180025095e-35 31.817708333333336 0.39827038710620805 68.500000000000014 31.500000000000004 0.51297097409535064 45.500000000000007 87.500000000000014 -0.85671820900978868 -0.26037633224328088 89.500000000000014 0.534952257794027 -0.65234524191686594 74.500000000000014 58.500000000000007 22.342187500000005 74.500000000000014 0.9131895820237399
decision_type=2 2 2 2 2 2 2 2 2 2 2 2 2 2 2 2 2 2 2 2 2 2 2 2 2 2 2 2 2 2
left_child=6 2 3 -2 5 -3 -1 8 27 10 -8 -12 13 14 -13 17 -9 -16 -18 -5 -6 22 -22 -23 -24 26 -25 29 -17 -4
right_child=1 4 7 19 20 -7 9 16 -10 -11 11 12 -14 -15 15 28 18 -19 -20 -21 21 23 24 25 -26 -27 -28 -29 -30 -31
leaf_value=-0.00050364073235174877 -0.00042881178619593916 0.00016808386644706841 -0.00066653103556293556 -0.000184841844465308 0.0013160183869367847 -0.00028344534644843023 0.004185603628653444 -0.00031874421342331443 -0.00041631327817833515 0.0053782522295298778 -0.00065780862895912021 0.00047249988091445567 0.0017824103545577116 0.0020346353843523758 -0.0029282396786827151 -0.0022304330457930855 0.00036835187262443739 3.7217248130640193e-05 -0.0002102503838553278 -0.00055126229095092737 -3.3385150147232334e-05 0.0020737941303896161 -3.8127337569990172e-05 0.00054480161614184992 -0.00097770073037038176 0.00059026688998151567 -0.0006589276444127878 0.0012073591231970527 -0.00091400631762955827 0.00012474600064988511
leaf_weight=1124 2093 4636 280 1705 5355 8106 12586 3415 2808 10278 1984 6145 18053 5737 294 312 2599 1897 9303 474 4218 5985 180 3432 264 2772 2112 3453 205 2956
leaf_count=1124 2093 4636 280 1705 5355 8106 12586 3415 2808 10278 1984 6145 18053 5737 294 312 2599 1897 9303 474 4218 5985 180 3432 264 2772 2112 3453 205 2956
internal_value=0.0011799 -0.0004546 -0.00200337 -0.00699672 0.000760928 -0.00103908 0.0030244 -0.00114371 0.00060914 0.00315536 0.00277815 0.00214096 0.00248338 0.00132968 -0.000201626 -0.00323486 -0.00223053 -0.00123003 -0.0014695 -0.0027329 0.00170409 0.00117413 -0.00122051 0.00195476 -0.0107658 0.000646946 -0.000564574 0.00206234 -0.0117311 0.000117429
internal_weight=124761 66146 29086 4272 37060 12742 58615 24814 9497 57491 47213 34627 32643 14590 8853 2708 15317 2191 11902 2179 24318 18963 4662 14301 444 8316 5544 6689 517 3236
internal_count=124761 66146 29086 4272 37060 12742 58615 24814 9497 57491 47213 34627 32643 14590 8853 2708 15317 2191 11902 2179 24318 18963 4662 14301 444 8316 5544 6689 517 3236
is_linear=0
shrinkage=0.05


Tree=43
num_leaves=31
num_cat=0
split_feature=4 10 7 0 0 0 7 3 7 0 0 7 10 9 3 0 0 0 3 0 9 3 3 0 3 0 0 0 8 3
split_gain=140.268 43.7045 44.7505 27.2159 23.6372 21.3054 19.056 17.388 17.7719 15.4712 22.1689 24.7574 13.8382 18.9161 12.5773 16.9855 11.1012 10.4798 9.99285 9.56414 9.33965 9.13197 12.338 13.9389 12.5294 9.10839 16.7838 9.05149 8.932 8.87949
threshold=-0.13398942717002907 1.0000000180025095e-35 10.937500000000002 21.500000000000004 32.500000000000007 11.500000000000002 23.112500000000004 -0.49813634056773481 26.012500000000006 78.500000000000014 21.500000000000004 26.537500000000005 1.0000000180025095e-35 31.817708333333336 0.39827038710620805 68.500000000000014 31.500000000000004 87.500000000000014 0.51297097409535064 45.500000000000007 22.342187500000005 -0.85671820900978868 -0.24372957273992746 89.500000000000014 0.534952257794027 75.500000000000014 58.500000000000007 32.500000000000007 33.750000000000007 0.45273815774107123
decision_type=2 2 2 2 2 2 2 2 2 2 2 2 2 2 2 2 2 2 2 2 2 2 2 2 2 2 2 2 2 2
left_child=6 2 3 -2 5 -3 -1 8 20 10 -8 27 13 14 -13 18 -9 -5 29 -18 -4 -6 23 -23 -24 26 -26 -12 -20 -16
right_child=1 4 7 17 21 -7 9 16 -10 -11 11 12 -14 -15 15 -17 19 -19 28 -21 -22 22 24 -25 25 -27 -28 -29 -30 -31
leaf_value=-0.00041537274755273999 -0.00040737119688614201 0.00015967967312471509 1.5079061055724091e-05 -0.00017559975224204328 0.0012502174675899451 -0.00026927307912600864 0.004171760798172411 -0.0003028070027521486 -0.0003954976142694184 0.0051329431037993884 -0.00076867832726384554 0.00045029294369631129 0.0017415166287908408 0.001931334260889637 2.6119154692158533e-05 -0.0017595880344321872 0.00034993427899321567 -0.00052369917640338103 -0.0020809146186155925 -0.00019973786466256124 0.0011469911670372009 -2.9614507229183061e-05 0.0020131537742744672 -0.00067783859339421999 0.00051756153533475779 0.00060097645641887158 -0.00059658748357671717 0.0010923776046664561 0.0001740517165696166 -0.0042047128412496014
leaf_weight=1385 2093 4636 3236 1705 5355 8106 12426 3415 2808 10234 1827 6051 17714 5730 127 516 2599 474 81 9303 3453 4275 5922 450 3432 2640 2244 564 1794 166
leaf_count=1385 2093 4636 3236 1705 5355 8106 12426 3415 2808 10234 1827 6051 17714 5730 127 516 2599 474 81 9303 3453 4275 5922 450 3432 2640 2244 564 1794 166
internal_value=0.0011803 -0.000397907 -0.00184866 -0.00657537 0.000740691 -0.00100377 0.00296127 -0.0010349 0.000645994 0.00310152 0.00271789 0.00206682 0.00243155 0.00128413 -0.000180309 -0.00302906 -0.0020771 -0.00266407 -0.00108856 -0.00135607 0.00204739 0.00165474 0.00113985 -0.00107407 0.00187456 0.000622896 -0.000505638 -0.00284191 0.000253334 -0.00967577
internal_weight=124761 66146 29086 4272 37060 12742 58615 24814 9497 57230 46996 34570 32179 14465 8735 2684 15317 2179 2168 11902 6689 24318 18963 4725 14238 8316 5676 2391 1875 293
internal_count=124761 66146 29086 4272 37060 12742 58615 24814 9497 57230 46996 34570 32179 14465 8735 2684 15317 2179 2168 11902 6689 24318 18963 4725 14238 8316 5676 2391 1875 293
is_linear=0
shrinkage=0.05


Tree=44
num_leaves=31
num_cat=0
split_feature=9 10 7 0 0 0 3 7 0 0 7 8 11 11 0 4 0 0 0 3 3 0 3 7 3 8 11 11 11 9
split_gain=130.469 45.2454 40.6866 31.0679 26.5354 24.1668 18.8148 16.1969 13.6796 17.3387 17.132 11.4586 10.6996 10.3717 9.5406 9.25594 11.1156 13.0395 21.6209 11.9171 10.7677 9.02863 8.9641 8.48974 8.28004 11.926 8.26679 7.93347 7.78166 7.68061
threshold=27.683333333333334 1.0000000180025095e-35 10.937500000000002 32.500000000000007 11.500000000000002 21.500000000000004 -0.49813634056773481 26.912500000000005 77.500000000000014 16.500000000000004 24.962500000000006 34.150000000000013 0.94382758910793763 0.94542443323476821 31.500000000000004 0.22491561436810906 91.500000000000014 71.500000000000014 55.500000000000007 0.534952257794027 -0.24372957273992746 87.500000000000014 -0.75015329512557205 26.987500000000004 0.63920241694561786 33.750000000000007 0.7641759112864478 0.94542443323476821 1.1423394090148442 22.342187500000005
decision_type=2 2 2 2 2 2 2 2 2 2 2 2 2 2 2 2 2 2 2 2 2 2 2 2 2 2 2 2 2 2
left_child=1 2 5 4 -3 -1 7 29 9 -2 12 -6 -11 26 28 -5 17 18 -17 20 22 -7 -20 -16 -15 -26 -12 -21 -8 -4
right_child=8 3 6 15 11 21 14 -9 -10 10 13 -13 -14 24 23 16 -18 -19 19 27 -22 -23 -24 -25 25 -27 -28 -29 -30 -31
leaf_value=-0.0003870026370418352 0.0045097960614134524 0.00018628510371681249 2.5940197767608156e-05 0.0010645024687194165 -0.00029079670853841692 -0.00016681976462994103 -0.00027394491529501928 -0.0004243823833018138 0.005292575499498714 -0.0016557938128429395 -0.0046790973870003659 -0.0007105144136891542 -0.00025827650571757561 0.0019968310812002159 -0.00010711105535317618 0.00084233475425917045 -0.00037348649971713206 0.00074518156691651041 0.00010433291463786806 -0.0011767040906469593 0.00099699414042125445 -0.00049751421758321198 -0.00094829680348487992 -0.00055234756898588978 -0.0018491710603855294 0.00039659914884519043 0.00027810852097740244 -0.00064749968097300775 -0.0006116388233248463 0.00098679189602240633
leaf_weight=2093 9140 5404 3368 9639 9280 1705 3479 2554 9637 165 51 168 832 19891 11110 6831 1188 5940 832 240 1504 474 976 1048 158 5528 6111 1200 64 4151
leaf_count=2093 9140 5404 3368 9639 9280 1705 3479 2554 9637 165 51 168 832 19891 11110 6831 1188 5940 832 240 1504 474 976 1048 158 5528 6111 1200 64 4151
internal_value=0.00117629 -0.000179663 -0.00166977 0.000856673 -0.000995825 -0.00618914 -0.000920695 0.000765909 0.00310436 0.00271349 0.00217589 -0.0025942 -0.00427783 0.00237862 -0.00200274 0.00182716 0.00117872 0.00149603 0.000519296 -0.00207071 -0.000419686 -0.00250344 -0.00301991 -0.00133739 0.00282226 0.00113964 0.000537163 -0.00586806 -0.00428592 0.00193443
internal_weight=124761 73248 30046 43202 14852 4272 25774 10073 51513 41876 32736 9448 997 31739 15701 28350 18711 17523 11583 4752 3312 2179 1808 12158 25577 5686 6162 1440 3543 7519
internal_count=124761 73248 30046 43202 14852 4272 25774 10073 51513 41876 32736 9448 997 31739 15701 28350 18711 17523 11583 4752 3312 2179 1808 12158 25577 5686 6162 1440 3543 7519
is_linear=0
shrinkage=0.05


Tree=45
num_leaves=31
num_cat=0
split_feature=9 10 7 0 0 0 3 7 0 0 7 8 11 10 9 3 7 4 0 0 0 3 8 11 0 7 7 4 11 11
split_gain=121.901 40.1574 34.5171 28.6468 24.054 20.715 17.4136 14.2326 14.0186 17.2744 15.0836 11.108 9.71462 9.57152 17.0145 17.8542 16.8518 8.64832 10.7287 12.1809 20.2473 11.6998 8.85027 8.63575 8.55847 8.20322 7.99049 7.50586 8.28852 9.28798
threshold=27.683333333333334 1.0000000180025095e-35 10.937500000000002 32.500000000000007 12.500000000000002 21.500000000000004 -0.49813634056773481 26.912500000000005 77.500000000000014 17.500000000000004 24.962500000000006 34.150000000000013 0.94382758910793763 1.0000000180025095e-35 31.817708333333336 0.39827038710620805 34.01250000000001 0.22491561436810906 91.500000000000014 71.500000000000014 57.500000000000007 0.534952257794027 19.550000000000004 0.94116549976027797 31.500000000000004 26.987500000000004 28.612500000000004 0.58307701883076835 0.9131895820237399 1.0076457126242271
decision_type=2 2 2 2 2 2 2 2 2 2 2 2 2 2 2 2 2 2 2 2 2 2 2 2 2 2 2 2 2 2
left_child=1 2 5 4 -3 -1 7 27 9 -2 12 -6 -11 14 15 -12 -17 -5 19 20 -19 22 -22 -23 -8 -26 -15 -4 -29 -30
right_child=8 3 6 17 11 -7 24 -9 -10 10 13 -13 -14 26 -16 16 -18 18 -20 -21 21 23 -24 -25 25 -27 -28 28 29 -31
leaf_value=-0.00036765250518974355 0.0040640636981837562 0.00015741940826939638 0.0013863128022642607 0.0010112773452834456 -0.00029570602988716714 -0.00030657173415655798 -0.00027619344048116938 -0.00040316326413672297 0.0050279467245237797 -0.0016343886762615297 0.00062101787675290787 -0.00068379628419368429 -0.00027866814215305569 0.00033279844726302933 0.0018521314569490206 -0.0012016958349897568 0.00024649772088251864 0.00072712657210364726 -0.00035481217473127532 0.00070792248857068558 0.0011582920362934622 -0.0012264220842934494 -0.00039383700588646017 -0.00070210145862480426 -0.00010175550258551681 -0.0005247301905365961 0.0022940080949262272 -0.00062354844636237385 0.00043829667263259228 -0.00030129969825678978
leaf_weight=2093 9676 5854 3692 9639 8838 2179 3543 2554 9637 147 6063 160 741 3809 6035 1634 1177 7425 1188 5940 1036 154 1862 1106 11110 1048 12594 288 2313 1226
leaf_count=2093 9676 5854 3692 9639 8838 2179 3543 2554 9637 147 6063 160 741 3809 6035 1634 1177 7425 1188 5940 1036 154 1862 1106 11110 1048 12594 288 2313 1226
internal_value=0.00116787 -0.000142802 -0.00154663 0.000833526 -0.000945327 -0.00570927 -0.000856677 0.000765909 0.00303156 0.00263588 0.00207919 -0.00256835 -0.00434685 0.00226143 0.00134449 -4.8456e-05 -0.00334223 0.00176543 0.00113864 0.00145038 0.000506346 -0.00228716 -0.000538302 -0.00630952 -0.00189765 -0.00126748 0.00309486 0.00186128 0.000309642 0.000973439
internal_weight=124761 73248 30046 43202 14852 4272 25774 10073 51513 41876 32200 8998 888 31312 14909 8874 2811 28350 18711 17523 11583 4158 2898 1260 15701 12158 16403 7519 3827 3539
internal_count=124761 73248 30046 43202 14852 4272 25774 10073 51513 41876 32200 8998 888 31312 14909 8874 2811 28350 18711 17523 11583 4158 2898 1260 15701 12158 16403 7519 3827 3539
is_linear=0
shrinkage=0.05


Tree=46
num_leaves=31
num_cat=0
split_feature=4 0 10 0 7 3 0 4 0 0 7 3 10 4 0 3 0 7 11 0 0 7 9 11 3 0 0 0 0 3
split_gain=114.171 32.4168 23.9954 21.9132 21.3134 21.0188 26.0338 17.6835 15.9197 22.9813 19.3237 14.1682 14.0133 17.6382 14.3882 11.847 11.397 11.2474 10.0897 10.0469 10.0374 9.96658 9.6889 16.013 11.6035 8.70095 8.2266 15.2163 13.321 11.3952
threshold=-0.14250536273956091 72.500000000000014 1.0000000180025095e-35 90.500000000000014 23.412500000000005 -0.19337636264337835 21.500000000000004 0.52583933546504591 79.500000000000014 22.500000000000004 26.787500000000005 0.65883702558178847 1.0000000180025095e-35 -0.94426098523567992 69.500000000000014 -0.63921128368950708 75.500000000000014 24.962500000000006 0.80519389663381347 32.500000000000007 51.500000000000007 36.687500000000007 26.058333333333337 0.93776513921633253 0.878110924644389 32.500000000000007 32.500000000000007 11.500000000000002 57.500000000000007 -0.85671820900978868
decision_type=2 2 2 2 2 2 2 2 2 2 2 2 2 2 2 2 2 2 2 2 2 2 2 2 2 2 2 2 2 2
left_child=4 2 5 -3 22 17 11 -5 9 -6 19 -7 13 -12 21 -16 -17 -2 -19 -11 25 -15 -1 24 -24 -8 27 -4 -28 -30
right_child=1 3 26 7 8 6 20 -9 -10 10 12 -13 -14 14 15 16 -18 18 -20 -21 -22 -23 23 -25 -26 -27 28 -29 29 -31
leaf_value=0.00089312650853800028 9.9325073099064482e-05 0.00047986080514150661 0.00013368561091078293 0.00062085059979094883 0.0038232100173270626 -0.00035278354199268951 -0.00046502353524728758 -0.0003394524368768258 0.0048494216189962913 -0.00078382752166273977 0.0023153255651419502 -0.00017956337368970588 0.0015790320863781964 -3.0562013660961708e-05 0.00091296152720445447 -0.0017705559384972461 -0.0002898834411791652 -0.0012476440027457888 -0.00038098403384757433 0.00092673777414503753 -0.00033581718050552717 0.0016952425667776804 -0.00091150153765885234 -0.00022681882110657894 -0.0014808651872799063 0.00017590549291773182 0.00064539031090275246 -0.00023809705260001798 0.00076539751692956829 -0.00039426167150087782
leaf_weight=447 6265 12453 4660 1297 12703 2332 1914 2160 9537 1736 4245 1496 17474 6392 509 810 532 61 3168 782 3654 1920 200 931 109 3306 9700 8148 1305 4515
leaf_count=447 6265 12453 4660 1297 12703 2332 1914 2160 9537 1736 4245 1496 17474 6392 509 810 532 61 3168 782 3654 1920 200 931 109 3306 9700 8148 1305 4515
internal_value=0.00115866 -0.000258602 -0.000878394 0.00170962 0.0027729 -0.00210939 -0.00343962 -0.00181226 0.00293785 0.00256067 0.00188954 -0.0068861 0.00222257 0.00106816 -6.24814e-05 -0.00404916 -0.00651267 -0.000329682 -0.00272685 -0.00232724 -0.0019529 0.000825313 -0.00276526 -0.00504032 -0.0149029 -0.000545977 8.6134e-05 -0.000851811 0.000860181 -0.00103093
internal_weight=124761 66434 50524 15910 58327 22196 12702 3457 56640 47103 34400 3828 31882 14408 10163 1851 1342 9494 3229 2518 8874 8312 1687 1240 309 5220 28328 12808 15520 5820
internal_count=124761 66434 50524 15910 58327 22196 12702 3457 56640 47103 34400 3828 31882 14408 10163 1851 1342 9494 3229 2518 8874 8312 1687 1240 309 5220 28328 12808 15520 5820
is_linear=0
shrinkage=0.05


Tree=47
num_leaves=31
num_cat=0
split_feature=9 10 3 0 0 0 0 0 11 7 3 10 7 9 4 11 8 0 0 9 8 4 4 8 0 7 7 3 3 0
split_gain=108.965 35.2361 29.296 26.959 24.317 19.9002 13.7138 15.5851 13.926 13.0233 11.8294 13.4822 17.3778 10.9277 10.4804 10.8647 9.04128 8.86538 8.22725 8.07767 8.13626 7.99399 10.0455 7.84809 7.84022 7.7201 7.29467 10.8129 7.17502 9.65134
threshold=27.775000000000002 1.0000000180025095e-35 -0.52766804058324157 21.500000000000004 33.500000000000007 12.500000000000002 78.500000000000014 16.500000000000004 0.7641759112864478 26.912500000000005 0.43733377705052551 1.0000000180025095e-35 35.237500000000004 30.319531250000001 0.98899263613956456 0.98586352461366833 37.150000000000013 48.500000000000007 24.500000000000004 25.580989583333338 33.95000000000001 0.22491561436810906 0.92843842216862604 34.150000000000013 69.500000000000014 23.412500000000005 14.512500000000001 -0.0053757284505435614 -0.83847110675477843 90.500000000000014
decision_type=2 2 2 2 2 2 2 2 2 2 2 2 2 2 2 2 2 2 2 2 2 2 2 2 2 2 2 2 2 2
left_child=1 2 9 14 5 -3 7 -2 -9 -1 13 12 16 17 15 -4 25 18 -10 -5 -21 -6 28 -7 -14 -12 27 -16 -23 -30
right_child=6 4 3 19 21 23 -8 8 10 -11 11 -13 24 -15 26 -17 -18 -19 -20 20 -22 22 -24 -25 -26 -27 -28 -29 29 -31
leaf_value=0.00039826271534072001 0.0041435476938239566 0.00015968690385388543 -7.1756061991222264e-05 -0.00013881342524556877 0.00093000338166219154 -0.00026180271174835448 0.0051226860402153662 -0.0042306567276754912 0.001830005678687105 -0.00035768867607621438 -0.0015549199034844887 0.00085111097372798461 0.0010305349207428078 0.0034350800617282706 -0.00023653758907826825 -0.00029539353305891095 -0.0002206436724366925 0.0020339148375827956 -2.3994703282701462e-05 -0.0012501461571489811 -0.00014470064091112614 0.00077004829920849897 0.0014289116380638341 -0.00064480256170914327 -0.0013314610111737242 -0.0011245980984421627 0.00025926330690864143 -0.00063088515204518024 6.1780026447972103e-05 -0.00040222664332040839
leaf_weight=7178 8881 6014 1342 14942 10230 9532 8847 62 1946 2618 57 4526 2100 7378 350 2596 1741 7303 5856 444 444 2542 5022 168 193 1179 70 350 9975 875
leaf_count=7178 8881 6014 1342 14942 10230 9532 8847 62 1946 2618 57 4526 2100 7378 350 2596 1741 7303 5856 444 444 2542 5022 168 193 1179 70 350 9975 875
internal_value=0.00114904 -6.07828e-05 -0.00137404 -0.00244717 0.000837279 -0.000743286 0.00295382 0.00257047 0.00206101 0.000875868 0.00210648 0.000656391 -0.00106262 0.00273829 -0.0057689 -0.00472575 -0.00358247 0.00196789 0.00079595 -0.00145925 -0.00609234 0.00170437 0.00108179 -0.00214433 0.0022089 -0.00685275 -0.0111039 -0.0126429 0.000366637 -0.000193548
internal_weight=124761 74692 30334 20538 44358 15714 50069 41222 32341 9796 32279 9796 5270 22483 4708 3938 2977 15105 7802 15830 888 28644 18414 9700 2293 1236 770 700 13392 10850
internal_count=124761 74692 30334 20538 44358 15714 50069 41222 32341 9796 32279 9796 5270 22483 4708 3938 2977 15105 7802 15830 888 28644 18414 9700 2293 1236 770 700 13392 10850
is_linear=0
shrinkage=0.05


Tree=48
num_leaves=31
num_cat=0
split_feature=9 10 3 0 0 0 3 11 0 0 11 7 1 4 9 3 0 0 9 3 0 9 8 7 4 8 7 9 0 0
split_gain=101.44 32.29 27.0397 24.4156 22.1755 18.1646 16.2523 13.3636 11.0039 16.8703 12.2695 10.9788 10.392 10.3153 8.90261 8.48316 8.27902 10.2032 14.6839 10.2217 8.37614 10.3471 10.9967 7.67002 7.61833 7.5805 7.33693 8.26041 7.01195 10.0953
threshold=27.775000000000002 1.0000000180025095e-35 -0.49813634056773481 21.500000000000004 33.500000000000007 12.500000000000002 0.90892735371523092 0.98993389487517647 18.500000000000004 48.500000000000007 0.84498567688228199 26.912500000000005 1.5000000000000002 0.99932962452255414 29.475000000000001 -0.63921128368950708 73.500000000000014 90.500000000000014 20.992708333333336 -0.19337636264337835 60.500000000000007 24.584895833333338 19.550000000000004 17.012500000000006 0.14037931941357643 34.150000000000013 22.062500000000004 27.070312500000004 79.500000000000014 68.500000000000014
decision_type=2 2 2 2 2 2 2 2 2 2 2 2 2 2 2 2 2 2 2 2 2 2 2 2 2 2 2 2 2 2
left_child=1 2 11 13 5 26 8 12 -2 10 -10 23 -8 24 15 -12 20 -18 19 -19 -6 22 -22 -1 -4 -7 27 -3 29 -11
right_child=6 4 3 -5 16 25 7 -9 9 28 14 -13 -14 -15 -16 -17 17 18 -20 -21 21 -23 -24 -25 -26 -27 -28 -29 -30 -31
leaf_value=-0.00018885044823798108 0.0053075480403995574 4.7197067029115286e-05 0.0001427965672728542 -0.0001570151428165484 0.00055747193477659199 -0.00024871257616093651 -0.0014263980548465092 0.00024525788652316388 -0.0016210159110909353 0.0029470960536073991 0.00081708093045046535 -0.0003398042422724035 -0.00017764300721067607 -0.00067948780316685474 0.0011650251940538653 -0.00045567632569905959 0.00099407289553176087 -0.00082056179792468209 0.0010222633218493916 -8.9428544845821602e-05 0.00073564770111063306 0.00069065326484542993 -0.00053361471371056977 0.00054276152450089357 -0.00026356237606752934 -0.00061256243362368566 0.0015263193606670287 -0.00048071186129149021 0.0063767839549081053 0.00051802064859773412
leaf_weight=1038 9087 4369 484 15534 12474 9532 288 3456 536 9557 2490 2618 480 198 8430 2880 7854 345 1180 785 1053 2080 2873 6524 3938 168 1576 69 7624 5241
leaf_count=1038 9087 4369 484 15534 12474 9532 288 3456 536 9557 2490 2618 480 198 8430 2880 7854 345 1180 785 1053 2080 2873 6524 3938 168 1576 69 7624 5241
internal_value=0.00112459 -4.27085e-05 -0.00129986 -0.00236082 0.000816989 -0.000692376 0.00286595 -0.000101799 0.00313938 0.00275423 0.00141462 0.00080059 -0.00606771 -0.00555195 0.0017029 0.000111732 0.00164502 0.00279122 -0.00012987 -0.00420354 0.00101461 -0.00051948 -0.00203006 0.00176673 -0.00505201 -0.00203093 0.00146658 0.000425868 0.00361074 0.00297608
internal_weight=124761 74692 30334 20154 44358 15714 50069 4224 45845 36758 14336 10180 768 4620 13800 5370 28644 10164 2310 1130 18480 6006 3926 7562 4422 9700 6014 4438 22422 14798
internal_count=124761 74692 30334 20154 44358 15714 50069 4224 45845 36758 14336 10180 768 4620 13800 5370 28644 10164 2310 1130 18480 6006 3926 7562 4422 9700 6014 4438 22422 14798
is_linear=0
shrinkage=0.05


Tree=49
num_leaves=31
num_cat=0
split_feature=9 0 10 0 4 3 7 0 11 0 0 11 0 1 0 0 0 9 8 4 10 7 9 3 0 8 3 0 4 3
split_gain=94.7625 30.5377 20.5713 15.6191 18.6599 15.2647 14.795 13.099 11.7703 11.0774 16.7072 11.5078 10.0995 9.1125 8.90245 17.3129 8.00909 9.95842 9.1645 7.91768 9.29591 10.9994 8.22281 8.20006 8.36622 7.5481 7.52167 8.16879 7.34003 6.97081
threshold=27.775000000000002 72.500000000000014 1.0000000180025095e-35 91.500000000000014 0.52583933546504591 0.90892735371523092 10.937500000000002 21.500000000000004 0.98993389487517647 79.500000000000014 20.500000000000004 0.84498567688228199 57.500000000000007 1.5000000000000002 32.500000000000007 12.500000000000002 60.500000000000007 24.584895833333338 19.550000000000004 -0.98521978256641018 1.0000000180025095e-35 27.612500000000004 31.817708333333336 0.1849296026015865 68.500000000000014 34.150000000000013 -0.57078386445773377 31.500000000000004 0.32410992729244009 -0.67803021058859214
decision_type=2 2 2 2 2 2 2 2 2 2 2 2 2 2 2 2 2 2 2 2 2 2 2 2 2 2 2 2 2 2
left_child=1 2 6 29 -5 9 7 -1 13 10 -2 -12 26 -7 15 28 -16 18 -18 -13 22 -22 23 -21 -25 -17 -8 -28 -4 -3
right_child=5 3 14 4 -6 8 12 -9 -10 -11 11 19 -14 -15 16 25 17 -19 -20 20 21 -23 -24 24 -26 -27 27 -29 -30 -31
leaf_value=-0.00030103934128362583 0.0046776336779887628 0.0012561828388667211 0.00065878392761594751 0.00071260462234682797 -0.00035020426191195725 -0.0013550781521041836 0.00017100131454998992 -0.00023483095533028965 0.00023299499219700526 0.0060579447571627006 -0.0010160850272948015 0.0032552472069462485 -0.0003149949884472176 -0.00016876085685014198 0.00052383169818653636 -0.00024826987240245027 0.00062432589548193536 0.00071020973896670267 -0.00056182866933062456 0.00034339831508789682 -0.00024050307266693224 0.0020785091997082214 0.001342560304470221 -0.00029840893598105525 -0.0016758737066102565 -0.00060848652085754686 -0.00022323373343174289 -3.5392521795085759e-05 -9.9386991571639204e-07 0.00027013559812540621
leaf_weight=2093 10041 4123 2478 1381 1728 288 5572 1352 3456 7624 1060 4071 4701 480 12936 9078 972 1920 2652 4956 1464 10376 4248 1632 373 160 3916 5438 3536 10656
leaf_count=2093 10041 4123 2478 1381 1728 288 5572 1352 3456 7624 1060 4071 4701 480 12936 9078 972 1920 2652 4956 1464 10376 4248 1632 373 160 3916 5438 3536 10656
internal_value=0.00111497 -1.32542e-05 -0.000580593 0.00178835 -0.00143294 0.00279804 -0.0017311 -0.00475327 -7.81248e-05 0.00306304 0.00271592 0.00209191 -0.00120064 -0.00567708 0.000206332 -0.000687778 0.000944264 -0.000645743 -0.00218819 0.00229167 0.00193262 0.00290963 0.000900616 -0.000157305 -0.00285536 -0.00204698 -0.000564116 -0.0014304 0.00140007 0.002466
internal_weight=124761 74692 56804 17888 3109 50069 23072 3445 4224 45845 38221 28180 19627 768 33732 15252 18480 5544 3624 27120 23049 11840 11209 6961 2005 9238 14926 9354 6014 14779
internal_count=124761 74692 56804 17888 3109 50069 23072 3445 4224 45845 38221 28180 19627 768 33732 15252 18480 5544 3624 27120 23049 11840 11209 6961 2005 9238 14926 9354 6014 14779
is_linear=0
shrinkage=0.05


Tree=50
num_leaves=31
num_cat=0
split_feature=4 0 7 0 9 0 0 10 11 3 0 0 0 10 3 0 0 11 9 3 3 7 11 1 9 11 9 3 10 7
split_gain=89.3104 26.429 18.8197 16.97 17.5427 15.808 24.2243 15.3096 14.7252 14.3441 18.8939 9.75161 11.7604 12.5365 16.448 10.3072 9.64004 8.89908 15.1822 12.1843 8.12311 7.99999 10.1075 7.84632 7.68757 7.61464 6.77966 13.9498 6.59165 6.12079
threshold=-0.20180761162458913 71.500000000000014 24.962500000000006 88.500000000000014 22.342187500000005 21.500000000000004 49.500000000000007 1.0000000180025095e-35 0.94382758910793763 -0.19337636264337835 27.500000000000004 80.500000000000014 68.500000000000014 1.0000000180025095e-35 0.38243310158943505 75.500000000000014 51.500000000000007 0.94382758910793763 26.058333333333337 0.878110924644389 0.65883702558178847 24.962500000000006 0.80519389663381347 1.0000000180025095e-35 23.425520833333341 1.1423394090148442 13.370572916666669 0.534952257794027 1.0000000180025095e-35 22.962500000000006
decision_type=2 2 2 2 2 2 2 2 2 2 2 2 2 2 2 2 2 2 2 2 2 2 2 2 2 2 2 2 2 2
left_child=2 7 17 28 -5 -4 8 9 -7 21 20 12 -8 14 -14 -16 -12 18 -1 23 -11 24 -23 -20 -2 -22 27 -18 -3 -21
right_child=1 3 5 4 -6 6 11 -9 -10 10 16 -13 13 -15 15 -17 26 -19 19 29 25 22 -24 -25 -26 -27 -28 -29 -30 -31
leaf_value=0.00079885351622487023 -1.4541097930933869e-05 0.00017854114758718417 0.0046605159302180888 -0.00024041841754965799 0.00085007966643634199 -0.00047959769315829737 0.0022016444463189926 1.3081585478509563e-05 0.00065942255293400609 -0.00031267112567203174 4.7764018012299367e-05 0.0048461596533758127 0.00058075945454311943 0.001386515532305651 -0.0016081870232769989 -7.2726689596072582e-05 -0.00041848302277267902 0.00017434827481740663 -0.0020464644248494681 -0.0013011753981452823 -0.00018697166386125695 -0.0011695266938457302 -0.00032003394386834075 -0.0004051570297351962 0.001304157997152292 -0.00051214208139360035 -0.00015223441293868193 -0.00071815554085712574 0.00090010558909417589 -0.0013951107041520249
leaf_weight=469 4564 5286 10670 3299 1687 3846 11104 28948 12011 2968 4272 8320 1980 3879 637 453 980 2180 121 79 1960 60 3305 454 1651 56 2460 120 6834 108
leaf_count=469 4564 5286 10670 3299 1687 3846 11104 28948 12011 2968 4272 8320 1980 3879 637 453 980 2180 121 79 1960 60 3305 454 1651 56 2460 120 6834 108
internal_value=0.00110014 -0.000113221 0.00257507 0.00158892 -0.000866426 0.00280718 0.00237272 -0.000680313 0.000828341 -0.0016619 -0.00275593 0.00330129 0.00264859 0.0010354 -0.00135179 -0.0062844 -0.00122446 -0.00102463 -0.00442323 -0.00877953 -0.00516252 -0.00019833 -0.00216196 -0.00517391 0.000864843 -0.00271329 -0.00314607 -0.00640909 0.00259901 -0.0198663
internal_weight=124761 68450 56311 17106 4986 52900 42230 51344 15857 22396 12816 26373 18053 6949 3070 1090 7832 3411 1231 762 4984 9580 3365 575 6215 2016 3560 1100 12120 187
internal_count=124761 68450 56311 17106 4986 52900 42230 51344 15857 22396 12816 26373 18053 6949 3070 1090 7832 3411 1231 762 4984 9580 3365 575 6215 2016 3560 1100 12120 187
is_linear=0
shrinkage=0.05


Tree=51
num_leaves=31
num_cat=0
split_feature=9 3 10 0 3 4 9 3 0 0 11 4 0 0 9 9 9 9 3 4 7 4 11 0 0 0 4 10 9 3
split_gain=84.9933 34.3259 27.3893 17.0939 16.2379 27.4125 16.1064 15.2462 14.9977 13.1648 13.0873 12.0774 11.6022 11.1896 10.8612 10.7022 10.6607 9.10079 8.80405 10.0024 7.88586 7.76158 8.30357 7.68386 7.90744 7.63158 7.31156 6.8887 7.46624 9.91413
threshold=28.553385416666671 -0.69057362043749781 1.0000000180025095e-35 74.500000000000014 -0.2102246306142678 -0.96466008222729416 26.925260416666671 0.43733377705052551 30.500000000000004 21.500000000000004 0.9131895820237399 -0.85674049181790024 88.500000000000014 15.500000000000002 25.580989583333338 18.923437500000002 26.058333333333337 26.925260416666671 0.56369777965491019 0.22491561436810906 24.537500000000005 0.9980355542543059 1.0115081465964717 44.500000000000007 75.500000000000014 4.5000000000000009 -0.80926783187727869 1.0000000180025095e-35 32.437500000000007 0.51297097409535064
decision_type=2 2 2 2 2 2 2 2 2 2 2 2 2 2 2 2 2 2 2 2 2 2 2 2 2 2 2 2 2 2
left_child=1 3 9 6 5 -4 13 -2 10 15 16 -7 26 -1 -11 25 -6 -18 -10 -20 -9 -12 -23 -21 -25 -3 -13 28 29 -22
right_child=7 2 4 -5 8 11 -8 20 18 14 21 12 -14 -15 -16 -17 17 -19 19 23 27 22 -24 24 -26 -27 -28 -29 -30 -31
leaf_value=0.00034568358593679589 0.0027005565288668234 -3.9508883042864689e-05 -0.0030668986645838578 0.0014135190981718077 -8.7831836906911197e-05 0.00073126233812893229 0.0012686771879219499 -0.00047236885580362911 0.0014723367492589518 -8.5688930002667294e-05 4.798019530375821e-05 -0.0016844288494709454 -0.00077457626127845017 -0.00012282342339457164 -0.00075185685132212084 -5.4193199823851735e-05 -0.0022880119616060838 -0.0012102265742664541 0.00069124404321768446 0.0012413202707331373 -0.0022904165308420908 -0.00068387679761279692 0.00018674728382564768 -0.00049801919134734296 0.00015158562591489812 -0.00029922680816351521 -0.00016942315194795789 0.0016208908180832791 0.001624107722691556 5.5297856956482043e-05
leaf_weight=2664 27802 845 288 5397 527 2304 6829 922 7345 16570 7469 178 406 9794 1776 1738 93 369 5720 1218 369 248 217 2697 1740 2873 4984 4284 2875 4220
leaf_count=2664 27802 845 288 5397 527 2304 6829 922 7345 16570 7469 178 406 9794 1776 1738 93 369 5720 1218 369 248 217 2697 1740 2873 4984 4284 2875 4220
internal_value=0.00108932 0.000185018 -0.000464306 0.00175296 0.000409603 -0.00155024 0.00105693 0.00297267 0.000988135 -0.00177884 -0.000698756 -0.000995935 -0.00225575 -1.2843e-05 -0.00113758 -0.00393512 -0.00612235 -0.0116667 0.0017922 0.000920879 0.00153512 -2.2687e-05 -0.00629032 -0.000570292 -0.00153595 -0.00544917 -0.00161565 0.00188458 0.00096731 -0.000284375
internal_weight=124761 84289 59605 24684 35803 8160 19287 40472 27643 23802 8923 7872 5568 12458 18346 5456 989 462 18720 11375 12670 7934 465 5655 4437 3718 5162 11748 7464 4589
internal_count=124761 84289 59605 24684 35803 8160 19287 40472 27643 23802 8923 7872 5568 12458 18346 5456 989 462 18720 11375 12670 7934 465 5655 4437 3718 5162 11748 7464 4589
is_linear=0
shrinkage=0.05


Tree=52
num_leaves=31
num_cat=0
split_feature=9 3 10 0 3 4 9 3 0 11 0 0 4 9 0 7 7 0 9 0 11 8 4 4 10 3 7 0 8 3
split_gain=78.5569 32.554 24.2782 16.3148 14.7357 26.3658 14.6767 14.5696 14.1049 13.7053 12.0542 10.4608 10.25 9.70545 9.64427 9.63895 7.62629 7.42721 9.95282 7.3656 7.38588 6.86926 6.77345 6.63116 6.31182 6.27078 11.7016 6.21824 6.09533 6.96023
threshold=28.553385416666671 -0.69057362043749781 1.0000000180025095e-35 74.500000000000014 -0.2102246306142678 -0.96466008222729416 26.925260416666671 0.43733377705052551 74.500000000000014 0.9131895820237399 21.500000000000004 15.500000000000002 -0.85674049181790024 18.923437500000002 88.500000000000014 27.812500000000004 24.962500000000006 35.500000000000007 26.058333333333337 12.500000000000002 0.83118285699629402 30.750000000000004 0.99932962452255414 -0.80926783187727869 1.0000000180025095e-35 0.82899317702918729 13.112500000000002 4.5000000000000009 33.95000000000001 0.98802474685579866
decision_type=2 2 2 2 2 2 2 2 2 2 2 2 2 2 2 2 2 2 2 2 2 2 2 2 2 2 2 2 2 2
left_child=1 3 10 6 5 -4 11 -2 9 17 13 -1 -7 22 23 -12 -9 18 -6 -20 -21 -17 27 -14 -18 -11 -27 -3 -15 -30
right_child=7 2 4 -5 8 12 -8 16 -10 25 15 -13 14 28 -16 21 24 -19 19 20 -22 -23 -24 -25 -26 26 -28 -29 29 -31
leaf_value=0.00032839940663995619 0.0025655287024234832 -2.124199252901778e-05 -0.002913553731354664 0.0013428431432632166 -0.00012808371604551281 0.00069469922122248609 0.0012052433285258523 -0.00032492291560657261 0.00087093576497553516 0.0002966620724752322 -8.8972368586203918e-05 -0.00011668225222484347 -0.0016002074069973978 2.4028576685798691e-05 -0.00073584744821452808 -0.0015149347877409527 0.00028676305315310946 -9.2066991372599595e-05 -0.00020294208349737341 -0.0011272723944257283 -0.0020076293380557665 -0.00058355055810312389 -0.00059986654925255284 -0.00016095199435056009 0.0015849959181176917 -0.00065275355269232751 -2.0664051524251937e-05 -0.00025866893502999422 -0.0012069299150385454 0.00013485533699913291
leaf_weight=2664 27802 800 288 5397 612 2304 6829 1228 6048 11548 16849 9794 178 1562 406 192 7338 1248 193 114 230 1305 198 4984 4104 94 7556 2720 88 88
leaf_count=2664 27802 800 288 5397 612 2304 6829 1228 6048 11548 16849 9794 178 1562 406 192 7338 1248 193 114 230 1305 198 4984 4104 94 7556 2720 88 88
internal_value=0.00105085 0.000181459 -0.000450885 0.00170839 0.000371896 -0.0014951 0.00102841 0.00286148 0.000923019 0.000325307 -0.00168851 7.22446e-06 -0.000951473 -0.00375183 -0.00211207 -0.00107489 0.0014562 -0.00323947 -0.00614012 -0.011108 -0.0154942 -0.00491984 -0.00519365 -0.00152848 0.00185807 0.000770393 -0.000339869 -0.0046875 -0.000667434 -0.00948864
internal_weight=124761 84289 59605 24684 35803 8160 19287 40472 27643 21595 23802 12458 7872 5456 5568 18346 12670 2397 1149 537 344 1497 3718 5162 11442 19198 7650 3520 1738 176
internal_count=124761 84289 59605 24684 35803 8160 19287 40472 27643 21595 23802 12458 7872 5456 5568 18346 12670 2397 1149 537 344 1497 3718 5162 11442 19198 7650 3520 1738 176
is_linear=0
shrinkage=0.05


Tree=53
num_leaves=31
num_cat=0
split_feature=4 0 0 11 0 3 3 0 3 0 0 0 0 0 7 1 3 4 3 8 9 3 4 10 4 8 3 3 9 0
split_gain=73.5342 21.6316 20.8398 22.792 15.8414 15.9313 14.503 13.0191 10.348 14.6716 24.9307 14.4679 12.0974 9.66779 9.35157 9.30672 7.84601 7.6466 7.24574 7.203 7.10676 7.84276 7.049 6.96718 6.7644 11.3563 7.44864 6.62507 6.5123 6.65271
threshold=-0.20180761162458913 71.500000000000014 79.500000000000014 0.94382758910793763 88.500000000000014 -0.8041866928211282 0.46800856592688472 20.500000000000004 -0.87395131947920313 27.500000000000004 56.500000000000007 16.500000000000004 2.5000000000000004 13.500000000000002 26.287500000000005 1.5000000000000002 0.83849049182116964 0.9980355542543059 0.81925054981890411 19.350000000000005 26.925260416666671 0.98372640911059162 -0.98212955754013376 1.0000000180025095e-35 0.89309379682046119 22.250000000000004 0.534952257794027 0.30164402523644185 28.471614583333338 69.500000000000014
decision_type=2 2 2 2 2 2 2 2 2 2 2 2 2 2 2 2 2 2 2 2 2 2 2 2 2 2 2 2 2 2
left_child=2 8 3 6 -3 -6 13 18 11 12 -11 -2 -10 -1 16 -8 -9 20 -5 -19 21 -14 -16 28 25 26 -12 -7 -24 -30
right_child=1 4 -4 7 5 27 15 14 9 10 24 -13 17 -15 22 -17 -18 19 -20 -21 -22 -23 23 -25 -26 -27 -28 -29 29 -31
leaf_value=0.0037602711909603746 0.0010420060641261181 0.00044212827884449271 0.0039684442029483801 0.0052636108172619501 0.001716346943046218 -0.00036407642062024595 -0.0010676056098682881 0.00015893244190621721 0.00013845332916381613 0.00022043933909413559 -0.00017839504216578118 -5.0993248943201202e-05 -0.00018006268253563756 6.6142198634893505e-05 0.0030193364669263418 -0.00018985710929517787 -0.00082181355500824435 -0.00044180756372501698 0.00012112615834210336 -0.00050232082892539003 -0.00057742445000400161 0.00026385449733282059 -0.0010785617403521917 0.0012857424519192625 -8.5838027282256831e-05 -0.00031247554426123308 -0.00080684526538062822 -4.2016184359690666e-05 0.00067030661326091326 -0.0003977663879220941
leaf_weight=1587 2405 12120 9368 7986 1106 1862 960 904 1716 16588 345 7755 11825 7444 3501 1679 395 600 1281 150 600 1125 613 11639 3030 4680 525 2018 7408 1546
leaf_count=1587 2405 12120 9368 7986 1106 1862 960 904 1716 16588 345 7755 11825 7444 3501 1679 395 600 1281 150 600 1125 613 11639 3030 4680 525 2018 7408 1546
internal_value=0.00100677 -9.42292e-05 0.0023451 0.00191541 0.00144569 -0.000926594 1.86265e-10 0.00254912 -0.000607276 -0.000959839 -0.000207009 0.000821851 -0.00214286 0.000952829 0.0019757 -0.0032607 -0.00215935 -0.00261888 0.0041583 -0.00753333 -0.00234686 -0.00210039 0.0021931 0.00184995 -0.0023951 -0.00343243 -0.00867816 -0.00243557 0.000850319 0.00119165
internal_weight=124761 68450 56311 46943 17106 4986 11670 35273 51344 41184 25168 10160 16016 9031 26006 2639 1299 14300 9267 750 13550 12950 24707 21206 8580 5550 870 3880 9567 8954
internal_count=124761 68450 56311 46943 17106 4986 11670 35273 51344 41184 25168 10160 16016 9031 26006 2639 1299 14300 9267 750 13550 12950 24707 21206 8580 5550 870 3880 9567 8954
is_linear=0
shrinkage=0.05


Tree=54
num_leaves=31
num_cat=0
split_feature=4 0 0 7 0 4 10 0 9 0 0 0 8 0 0 0 3 0 11 3 11 3 9 9 11 0 3 0 9 11
split_gain=68.0602 27.2261 29.4724 25.3827 18.2663 11.772 14.4437 18.007 15.0305 11.3559 11.0629 22.184 9.97554 9.41937 9.30767 10.8844 9.27348 8.72508 8.53737 8.5037 7.65673 7.33708 17.1473 7.14952 7.01398 6.92788 6.67129 6.14237 6.09799 6.04758
threshold=0.19126587156512342 77.500000000000014 14.500000000000002 25.612500000000004 31.500000000000004 -0.98521978256641018 1.0000000180025095e-35 69.500000000000014 31.817708333333336 92.500000000000014 71.500000000000014 55.500000000000007 32.550000000000004 5.5000000000000009 24.500000000000004 48.500000000000007 0.3504237462291826 51.500000000000007 0.97937736963053801 0.82899317702918729 0.78920070979102952 0.534952257794027 12.998697916666668 18.502083333333335 0.85059732269882649 87.500000000000014 0.99053107487289871 19.500000000000004 28.369010416666672 1.0039018574430203
decision_type=2 2 2 2 2 2 2 2 2 2 2 2 2 2 2 2 2 2 2 2 2 2 2 2 2 2 2 2 2 2
left_child=1 2 19 12 13 -5 7 8 14 10 11 -6 24 -2 -7 20 -9 18 -8 -1 -16 -13 -23 27 -4 -12 -19 -15 -17 -25
right_child=4 -3 3 5 9 6 17 16 -10 -11 25 21 -14 23 15 28 -18 26 -20 -21 -22 22 -24 29 -26 -27 -28 -29 -30 -31
leaf_value=0.0040457198176941196 4.0385319555453036e-05 0.0022662084805873143 -0.00078801272482923877 0.0026198281190184859 0.00026965651067110334 0.0038180408031380309 -0.00017637804675355514 -0.00040278757409440476 0.0014750660526810801 -0.00027120888338181431 0.00041886791215990546 -0.00016123164066122976 -0.00058435892544696786 -0.00024388084173832238 -0.0038730823236221151 -0.00028728704722339788 -0.0011748232862489614 0.0017307363475171816 0.00076032415270288446 0.00014764910236881055 -0.0005587064718746154 -0.0013273523045718963 -0.00037232539787291507 3.2258097289436146e-05 0.00013298327711790207 -4.7430434093558887e-05 -0.00013153572005772279 -0.00025254581600235842 0.00090235561456036492 -0.0002843375047075872
leaf_weight=8976 3408 13147 428 4614 13632 1020 3877 1171 4044 1701 9088 6528 2366 4690 64 1555 902 9042 7189 2025 4101 208 2352 4004 2475 2837 749 4020 2494 2054
leaf_count=8976 3408 13147 428 4614 13632 1020 3877 1171 4044 1701 9088 6528 2366 4690 64 1555 902 9042 7189 2025 4101 208 2352 4004 2475 2837 749 4020 2494 2054
internal_value=0.000995544 0.00202445 0.00155206 0.000997049 -0.000329958 0.0014186 0.0011155 -4.85309e-05 0.000628107 0.000317229 0.000513061 -0.000134243 -0.00226893 -0.00162412 -0.000485163 -0.00104456 -0.00438254 0.00197224 0.0010103 0.00387737 -0.00283914 -0.00204776 -0.00431641 -0.00217091 -0.000304857 0.00174633 0.00305944 -0.0030884 0.000801433 -0.000851766
internal_weight=124761 70239 57092 46091 54522 40822 36208 15351 13278 36346 34645 22720 5269 18176 9234 8214 2073 20857 11066 11001 4165 9088 2560 14768 2903 11925 9791 8710 4049 6058
internal_count=124761 70239 57092 46091 54522 40822 36208 15351 13278 36346 34645 22720 5269 18176 9234 8214 2073 20857 11066 11001 4165 9088 2560 14768 2903 11925 9791 8710 4049 6058
is_linear=0
shrinkage=0.05


Tree=55
num_leaves=31
num_cat=0
split_feature=9 3 10 0 3 4 3 9 11 0 9 8 7 8 0 0 9 9 4 11 11 9 9 1 3 8 0 3 11 0
split_gain=65.219 28.6131 19.7157 14.9039 14.8841 25.6031 14.7972 13.6334 13.4932 11.2112 10.3294 8.73654 10.0615 10.324 8.65092 7.8599 7.77576 7.70336 12.7706 9.79186 7.66226 7.62154 8.76254 16.2558 7.29167 7.33507 9.03169 7.22176 7.10461 6.91973
threshold=28.553385416666671 -0.69057362043749781 1.0000000180025095e-35 74.500000000000014 -0.2102246306142678 -0.96466008222729416 0.43733377705052551 26.925260416666671 0.9131895820237399 35.500000000000007 26.058333333333337 32.850000000000001 10.462500000000004 18.050000000000004 14.500000000000002 74.500000000000014 16.405468750000004 13.695833333333336 0.98174098242282837 1.0337793342305288 1.0632854705466908 27.186458333333334 27.634114583333339 2.5000000000000004 -0.34235669412071207 21.950000000000003 19.500000000000004 0.23537774960157334 1.0424368712485985 81.500000000000014
decision_type=2 2 2 2 2 2 2 2 2 2 2 2 2 2 2 2 2 2 2 2 2 2 2 2 2 2 2 2 2 2
left_child=1 3 11 7 5 -4 -2 14 9 10 -6 12 13 -3 -1 -10 24 18 19 -15 -20 -12 -23 -24 25 26 -7 -21 -29 -8
right_child=6 2 4 -5 8 16 29 -9 15 -11 21 -13 -14 17 -16 -17 -18 -19 20 27 -22 22 23 -25 -26 -27 -28 28 -30 -31
leaf_value=0.00030454334097922982 0.0023461056058776469 3.4869152065682828e-05 -0.0029637553308800341 0.0012198295600050137 -0.00010395436543014563 -0.00077497567306171727 0.0002025415860927169 0.001131462406104644 0.00014801469384375751 2.0574331470441782e-05 -0.0016797674960122519 -0.00052744363783272994 -8.1859741331844751e-05 -0.00011306769581259045 -0.0001011830657210633 0.00083683260577516931 -9.3265192057110906e-06 -9.7464568890446999e-05 -0.00083503499829634025 -0.00023552750701390682 -0.00033864127918221303 0.00074468612927082358 -0.0019438266724049096 -0.00031647707694698254 -2.7388724970178503e-05 -0.00039046599044063353 -0.00093066655747287203 -0.0002260664632004654 -0.00061961440066081311 0.003175028198219583
leaf_weight=2498 27802 1139 288 5397 612 80 10829 6829 19198 1920 144 1632 18430 803 9960 5376 5856 862 208 210 143 144 108 141 864 768 304 187 188 1841
leaf_count=2498 27802 1139 288 5397 612 80 10829 6829 19198 1920 144 1632 18430 803 9960 5376 5856 862 208 210 143 144 108 141 864 768 304 187 188 1841
internal_value=0.000981918 0.000189764 -0.00040307 0.00162129 0.00033838 -0.00153799 0.0026317 0.00097138 0.000892269 -0.00223363 -0.00614012 -0.00151836 -0.00125846 -0.00362299 -1.2843e-05 0.00128266 -0.00100229 -0.0053614 -0.00727717 -0.00512248 -0.0157977 -0.0112011 -0.00759542 -0.0132731 -0.00368056 -0.00628472 -0.0119271 -0.0100427 -0.0142 0.00121547
internal_weight=124761 84289 59605 24684 35803 8160 40472 19287 27643 3069 1149 23802 22170 3740 12458 24574 7872 2601 1739 1388 351 537 393 249 2016 1152 384 585 375 12670
internal_count=124761 84289 59605 24684 35803 8160 40472 19287 27643 3069 1149 23802 22170 3740 12458 24574 7872 2601 1739 1388 351 537 393 249 2016 1152 384 585 375 12670
is_linear=0
shrinkage=0.05


Tree=56
num_leaves=31
num_cat=0
split_feature=9 3 10 0 3 3 4 9 11 11 0 4 8 7 8 4 0 4 0 3 3 0 9 4 11 8 0 11 3 11
split_gain=59.7632 25.9036 17.6893 14.4829 13.9933 13.499 23.4982 12.4909 11.6978 10.6034 9.55818 10.4392 8.20664 8.37259 9.11033 7.28396 8.67687 7.93653 7.24778 7.24339 8.33499 7.16556 6.81374 10.8148 8.28067 6.60156 6.50013 6.4337 6.3807 6.30759
threshold=28.553385416666671 -0.69057362043749781 1.0000000180025095e-35 74.500000000000014 0.62587949062545845 -0.2102246306142678 -0.96466008222729416 26.541666666666668 0.9131895820237399 0.9247659649312403 35.500000000000007 -0.95502570686053045 33.150000000000013 10.462500000000004 18.050000000000004 -0.85674049181790024 87.500000000000014 -0.80926783187727869 74.500000000000014 0.76140650896573492 0.91248814248966237 11.500000000000002 13.695833333333336 0.98174098242282837 1.0337793342305288 33.550000000000004 25.500000000000004 1.0164577190672992 0.23537774960157334 1.0424368712485985
decision_type=2 2 2 2 2 2 2 2 2 2 2 2 2 2 2 2 2 2 2 2 2 2 2 2 2 2 2 2 2 2
left_child=1 3 12 7 9 6 -4 21 10 -2 11 -7 13 14 -3 -8 17 26 -10 -13 -21 -1 23 24 -16 -14 -17 -18 -26 -30
right_child=4 2 5 -5 -6 8 15 -9 18 -11 -12 19 25 -15 22 16 27 -19 -20 20 -22 -23 -24 -25 28 -27 -28 -29 29 -31
leaf_value=0.00034073158742013417 0.00035576868239986298 3.3125694462398515e-05 -0.0028155675643360312 0.0011588380820047627 0.00020183497329417235 -0.0013974795620437005 0.00059002819306562245 0.00095203037801645644 0.00014061395915156938 0.002431133379132993 1.9545614896920152e-05 -7.0962017593494155e-05 -0.0013209179547339475 -8.4157711878024533e-05 -0.00010741431102196064 0.0014599430893190927 -0.00086739761836652986 -0.00012882119433177048 0.00079499097548641124 -0.0011523032189807918 -2.026660184199861e-05 -8.9296932578861106e-05 -9.2591340445924986e-05 -0.00070350655488870021 -0.0002237511316632117 -0.00045019220786468735 -0.0020361544897143842 -8.0590658839392723e-05 -0.00021476314004044233 -0.00058863368062777254
leaf_weight=1864 4388 1139 288 5397 8840 141 2304 7658 19198 27244 1920 576 192 18910 803 52 296 4928 5376 252 180 9765 862 351 210 960 124 168 187 188
leaf_count=1864 4388 1139 288 5397 8840 141 2304 7658 19198 27244 1920 576 192 18910 803 52 296 4928 5376 252 180 9765 862 351 210 960 124 168 187 188
internal_value=0.000948654 0.000190357 -0.00037371 0.00155242 0.00252792 0.000328604 -0.00145833 0.000911754 0.000856094 0.00301941 -0.00205441 -0.00566144 -0.00143013 -0.00122075 -0.00338235 -0.000945122 -0.00192349 -0.00132837 0.00121958 -0.00387897 -0.00877315 -0.000120818 -0.00501538 -0.00681714 -0.00483429 -0.00554687 -0.0117614 -0.00846983 -0.00935897 -0.0132667
internal_weight=124761 84289 59605 24684 40472 35803 8160 19287 27643 31632 3069 1149 23802 22650 3740 7872 5568 5104 24574 1008 432 11629 2601 1739 1388 1152 176 464 585 375
internal_count=124761 84289 59605 24684 40472 35803 8160 19287 27643 31632 3069 1149 23802 22650 3740 7872 5568 5104 24574 1008 432 11629 2601 1739 1388 1152 176 464 585 375
is_linear=0
shrinkage=0.05


Tree=57
num_leaves=31
num_cat=0
split_feature=4 0 0 7 0 11 8 0 4 0 7 0 0 0 10 0 7 0 0 3 3 3 9 0 3 4 10 9 9 9
split_gain=56.6059 27.6555 30.6434 19.0644 14.4056 12.4325 10.0513 9.5018 9.13558 8.73951 8.61336 10.5236 15.7776 8.75683 8.30217 10.3462 8.69713 7.72434 7.32916 7.02451 6.76512 6.62336 10.6297 7.33646 6.60819 6.5224 6.52142 6.45108 8.87832 8.4965
threshold=0.19126587156512342 80.500000000000014 13.500000000000002 25.512500000000006 31.500000000000004 0.94382758910793763 32.550000000000004 93.500000000000014 -0.98212955754013376 5.5000000000000009 16.412500000000005 70.500000000000014 55.500000000000007 85.500000000000014 1.0000000180025095e-35 24.500000000000004 36.862500000000004 47.500000000000007 23.500000000000004 0.7090011537757156 0.82899317702918729 0.43733377705052551 26.459114583333335 66.500000000000014 0.99053107487289871 0.97832380634958016 1.0000000180025095e-35 11.084895833333334 12.483854166666669 11.53671875
decision_type=2 2 2 2 2 2 2 2 2 2 2 2 2 2 2 2 2 2 2 2 2 2 2 2 2 2 2 2 2 2
left_child=1 2 20 6 9 17 -4 10 -7 -2 13 12 -12 -6 15 -10 21 18 -5 -13 -1 22 -17 -23 -16 -11 -19 -27 29 -29
right_child=4 -3 3 5 7 8 -8 -9 14 25 11 19 -14 -15 24 16 -18 26 -20 -21 -22 23 -24 -25 -26 27 -28 28 -30 -31
leaf_value=0.0039882693659791758 4.4039539272703353e-05 0.0024403066690801517 1.1632583662590803e-05 0.0013797641275733637 0.00061796285942891584 0.002792606352329253 -0.00054372787720625981 -0.00034878501238899445 0.0046346613329200041 -0.00013738476167305443 0.00010503392289243304 0.00045132036076907613 -0.00030299144842777279 -8.3495342410535905e-05 0.0010503038313030824 -0.00076940774499936835 0.001183684127740304 -0.00027015684060935878 -0.00055492834212329399 -6.9346509981252252e-05 0.00017375361299549368 -0.00017713261875519298 0.00038791660577846567 -0.00081089597450959006 -0.0001826169062282378 -5.3231068485878311e-05 0.00098830496708153396 -0.00014183193996502932 -0.00029412736078946659 -0.00080771863066714808
leaf_weight=8379 3408 10959 3085 879 8011 3986 2496 1134 1488 12220 10360 4618 7499 2693 15686 414 2162 2474 3709 2031 1890 2228 5110 995 1122 832 3177 130 1430 156
leaf_count=8379 3408 10959 3085 879 8011 3986 2496 1134 1488 12220 10360 4618 7499 2693 15686 414 2162 2474 3709 2031 1890 2228 5110 995 1122 832 3177 130 1430 156
internal_value=0.000923806 0.00186214 0.00143556 0.000915203 -0.000285022 0.00126871 -0.00183569 0.000289716 0.00173857 -0.00143431 0.000434795 -8.20138e-05 -0.000714206 0.00161809 0.00143212 0.000450512 -8.29588e-05 -0.000254419 -0.00177855 0.00161603 0.00391908 -0.00078484 0.000266112 -0.0025861 0.00215612 -0.001961 0.000983012 -0.00426217 -0.00601399 -0.0140559
internal_weight=124761 70239 59280 49011 54522 43430 5581 36346 33191 18176 35212 24508 17859 10704 29205 12397 10909 10239 4588 6649 10269 8747 5524 3223 16808 14768 5651 2548 1716 286
internal_count=124761 70239 59280 49011 54522 43430 5581 36346 33191 18176 35212 24508 17859 10704 29205 12397 10909 10239 4588 6649 10269 8747 5524 3223 16808 14768 5651 2548 1716 286
is_linear=0
shrinkage=0.05


Tree=58
num_leaves=31
num_cat=0
split_feature=4 0 0 11 3 0 0 0 0 3 0 8 1 0 4 0 0 4 4 11 0 9 0 0 0 3 0 7 3 10
split_gain=53.1356 20.7421 23.89 18.9148 16.5631 15.1914 14.5324 13.1799 11.8968 10.0163 9.9938 9.76727 9.63009 9.49776 8.02446 7.15614 8.3738 6.61276 6.84571 9.97556 6.41722 6.38867 6.24631 5.76714 8.50739 8.35211 7.9328 6.56104 6.90687 5.80567
threshold=-0.20180761162458913 81.500000000000014 12.500000000000002 0.94382758910793763 -0.84772008488809492 27.500000000000004 74.500000000000014 48.500000000000007 16.500000000000004 0.46800856592688472 92.500000000000014 18.650000000000002 1.0000000180025095e-35 2.5000000000000004 -0.98212955754013376 44.500000000000007 73.500000000000014 0.9980355542543059 -0.15101602693478741 1.0369108369693101 56.500000000000007 15.127864583333336 87.500000000000014 49.500000000000007 23.500000000000004 0.81925054981890411 67.500000000000014 26.812500000000004 0.83849049182116964 1.0000000180025095e-35
decision_type=2 2 2 2 2 2 2 2 2 2 2 2 2 2 2 2 2 2 2 2 2 2 2 2 2 2 2 2 2 2
left_child=1 2 -1 7 6 13 8 9 -2 -4 11 -7 -11 -6 -5 -13 20 18 19 -15 -17 -19 -18 24 25 -16 -25 28 -26 -28
right_child=4 -3 3 14 5 10 -8 -9 -10 12 -12 15 -14 17 23 16 22 21 -20 -21 -22 -23 -24 26 27 -27 29 -29 -30 -31
leaf_value=0.0033468440756476629 0.00076737243738001382 0.0039375676279574511 -0.00032706440631055558 0.0027038173035941657 0.00013095006580650986 0.00061278276285275035 0.0016716142914606552 0.00046727172834331953 -5.5594595823524887e-05 -0.0022223665567376555 -0.00031571020087724851 0.00035961563861148632 -0.00068498856396859273 0.00053356645361933824 0.002137303288830981 -1.0826303486619135e-06 0.00023165530498337291 -0.00038668391973527234 -0.00013060252157870011 -0.00104238211412832 -0.0002597410725692809 -0.00055553515521335368 -0.00012550472016273782 0.0019316231195281041 -0.00034321360032207773 -0.00036285065441791267 -0.00030176031853076452 0.00012128214145797523 -0.0010087854636261267 0.0010427413922646034
leaf_weight=7645 2558 8200 4059 4140 1689 5655 3150 4807 8700 144 1686 8092 1044 75 3518 5712 6664 700 13100 150 8092 50 2377 6857 675 671 2324 8975 256 2996
leaf_count=7645 2558 8200 4059 4140 1689 5655 3150 4807 8700 144 1686 8092 1044 75 3518 5712 6664 700 13100 150 8092 50 2377 6857 675 671 2324 8975 256 2996
internal_value=0.000903768 0.00204143 0.00164526 0.00116097 -3.21401e-05 -0.000433737 0.00147418 -0.000719117 0.000634216 -0.00245188 0.000104238 0.000277656 -0.0064899 -0.00174004 0.00178252 -7.15969e-05 -0.000524185 -0.00216519 -0.00190807 -0.0105556 -0.0012989 -0.00673333 0.000658666 0.00146011 0.00077155 0.00266054 0.00225712 -2.7256e-05 -0.00402256 0.000808271
internal_weight=124761 56311 48111 40466 68450 54042 14408 10054 11258 5247 38278 36592 1188 15764 30412 30937 22845 14075 13325 225 13804 750 9041 26272 14095 4189 12177 9906 931 5320
internal_count=124761 56311 48111 40466 68450 54042 14408 10054 11258 5247 38278 36592 1188 15764 30412 30937 22845 14075 13325 225 13804 750 9041 26272 14095 4189 12177 9906 931 5320
is_linear=0
shrinkage=0.05


Tree=59
num_leaves=31
num_cat=0
split_feature=9 3 10 3 3 4 9 11 0 0 0 11 9 0 9 0 10 0 1 8 9 7 3 9 0 8 9 9 8 7
split_gain=50.6959 22.2975 15.5215 13.8334 12.9733 22.4095 12.1148 11.8732 11.3647 11.205 17.1374 11.3402 10.4897 9.07479 11.3445 8.69866 10.2826 10.1467 8.44914 8.0819 8.07637 7.69993 7.64898 8.30586 7.95953 7.42036 7.14963 7.12056 10.7125 8.90529
threshold=28.553385416666671 -0.69057362043749781 1.0000000180025095e-35 0.78857998149907527 -0.2102246306142678 -0.96466008222729416 26.541666666666668 0.9131895820237399 70.500000000000014 80.500000000000014 22.500000000000004 0.84498567688228199 30.207291666666666 35.500000000000007 26.058333333333337 42.500000000000007 1.0000000180025095e-35 69.500000000000014 4.5000000000000009 33.650000000000013 30.591927083333339 25.362500000000004 0.56369777965491019 12.070312500000002 24.500000000000004 32.850000000000001 16.405468750000004 13.695833333333336 18.650000000000002 9.6125000000000025
decision_type=2 2 2 2 2 2 2 2 2 2 2 2 2 2 2 2 2 2 2 2 2 2 2 2 2 2 2 2 2 2
left_child=1 6 25 9 5 -4 8 13 -1 10 -2 12 18 14 -6 20 17 -17 19 -12 -13 -5 -9 24 -24 27 -7 28 -3 -30
right_child=3 2 4 21 7 26 -8 22 -10 -11 11 15 -14 -15 -16 16 -18 -19 -20 -21 -22 -23 23 -25 -26 -27 -28 -29 29 -31
leaf_value=-4.2191381843742609e-05 0.0044283566254731659 -1.698002636371706e-05 -0.0027606083259524451 -0.00052329078637133918 -6.3841965903640099e-05 -0.00039941530805995891 0.0011930404644930337 0.00051550806191700388 0.0006239054664386413 0.0067365922035998605 8.2040544603967548e-05 -0.00034403468882642635 0.00044415464339236032 1.1457270337010633e-05 -0.0011118727859543399 0.0012518876665096254 0.0030141924632852818 -0.00048435480243457516 0.0016502380529634176 -0.0036267962356453885 0.00089092637793440534 0.00028113184550718516 -0.00067374151761320333 0.0001181307644349263 -0.00064194431238916909 -0.00049341222418858375 -7.1625907396492755e-06 -5.4603280527402047e-05 -0.00038181674160238334 -0.00023582210752858533
leaf_weight=11009 8422 2784 288 956 612 2016 9800 9600 3875 5469 58 3960 290 1920 537 4995 6477 2033 58 174 3160 4420 50 14782 142 1632 5856 15834 1175 2377
leaf_count=11009 8422 2784 288 956 612 2016 9800 9600 3875 5469 58 3960 290 1920 537 4995 6477 2033 58 174 3160 4420 50 14782 142 1632 5856 15834 1175 2377
internal_value=0.000875715 0.000177307 -0.000346028 0.00233025 0.000311846 -0.00143995 0.00144101 0.000828962 0.000542193 0.00269204 0.0023082 0.00155034 -0.00534483 -0.00210329 -0.00561793 0.00174424 0.00248982 0.00116534 -0.012069 -0.0163362 0.000330056 -3.16218e-05 0.00119517 0.000488848 -0.00984375 -0.0013356 -0.00093877 -0.00109608 -0.00251263 -0.00433277
internal_weight=124761 84289 59605 40472 35803 8160 24684 27643 14884 35096 29627 21205 580 3069 1149 20625 13505 7028 290 232 7120 5376 24574 14974 192 23802 7872 22170 6336 3552
internal_count=124761 84289 59605 40472 35803 8160 24684 27643 14884 35096 29627 21205 580 3069 1149 20625 13505 7028 290 232 7120 5376 24574 14974 192 23802 7872 22170 6336 3552
is_linear=0
shrinkage=0.05


Tree=60
num_leaves=31
num_cat=0
split_feature=9 3 3 10 0 3 4 11 0 0 9 9 0 0 11 11 9 4 4 4 3 9 0 4 0 9 7 11 8 8
split_gain=48.4249 20.3893 14.2584 13.6187 11.905 11.3094 20.5007 10.9398 10.6666 8.52116 10.8987 7.94551 8.32854 22.3669 7.71556 7.40782 7.31354 8.09822 7.06966 6.73086 6.59535 7.86632 8.203 7.06297 9.69901 9.96628 6.55507 6.31516 9.18403 7.22338
threshold=28.553385416666671 -0.69057362043749781 0.43733377705052551 1.0000000180025095e-35 74.500000000000014 -0.2102246306142678 -0.96466008222729416 0.9131895820237399 15.500000000000002 35.500000000000007 26.058333333333337 30.319531250000001 51.500000000000007 24.500000000000004 0.7641759112864478 0.84498567688228199 26.925260416666671 0.27487873330147788 0.52583933546504591 0.52583933546504591 0.56369777965491019 12.070312500000002 24.500000000000004 0.99024581825578073 35.500000000000007 14.867447916666668 12.537500000000003 0.83118285699629402 34.050000000000004 30.750000000000004
decision_type=2 2 2 2 2 2 2 2 2 2 2 2 2 2 2 2 2 2 2 2 2 2 2 2 2 2 2 2 2 2
left_child=1 4 11 -3 8 6 -5 9 19 10 -7 12 13 -2 -4 -15 -10 -18 -6 -1 23 22 -22 -9 25 -25 -8 -12 29 -29
right_child=2 3 14 5 18 7 26 20 16 -11 27 -13 -14 15 -16 -17 17 -19 -20 -21 21 -23 -24 24 -26 -27 -28 28 -30 -31
leaf_value=0.0010565629774958805 0.0032218537016467453 -0.00012171544918731349 -0.0023623853844574718 -0.0026225779096548233 0.0017112685584560726 -6.0649867608457911e-05 -0.00043355912842314639 0.00072751060898949642 -8.8656613428673769e-05 1.088440682015948e-05 -0.00061053922942655035 0.0034017819414615715 0.0027479593224565765 -0.0022669461898377932 0.00034325083534577407 -0.00029755640570784431 0.0007108684575105 -0.00073285242613610132 -4.903186116437476e-05 -0.00010212748053515907 -0.00064005444173254294 0.00011222422621317998 -0.00060984709676971036 -0.00026057516874462096 0.0010893330744051967 -0.00058343400797336348 -4.5652203686417995e-05 -0.0009293129258783839 0.00035204700142262517 -0.0014552809653479992
leaf_weight=3420 4271 23802 96 288 4473 612 974 6624 9794 1920 177 11424 7490 135 12574 4482 5192 177 924 704 50 14782 142 972 1860 144 6898 72 72 216
leaf_count=3420 4271 23802 96 288 4473 612 974 6624 9794 1920 177 11424 7490 135 12574 4482 5192 177 924 704 50 14782 142 972 1860 144 6898 72 72 216
internal_value=0.000860485 0.0001779 0.00228207 -0.00032254 0.00138632 0.000293691 -0.00134191 0.000776508 0.000805465 -0.00203812 -0.00544386 0.00291562 0.00220967 0.00117462 0.000891871 -0.00123782 0.000192244 0.00167536 0.00346211 0.00306014 0.00112802 0.000472152 -0.00958333 0.00215104 0.000127688 -0.00355735 -0.000862551 -0.0106425 -0.0144444 -0.0184375
internal_weight=124761 84289 40472 59605 24684 35803 8160 27643 19287 3069 1149 27802 16378 8888 12670 4617 15163 5369 5397 4124 24574 14974 192 9600 2976 1116 7872 537 360 288
internal_count=124761 84289 40472 59605 24684 35803 8160 27643 19287 3069 1149 27802 16378 8888 12670 4617 15163 5369 5397 4124 24574 14974 192 9600 2976 1116 7872 537 360 288
is_linear=0
shrinkage=0.05


Tree=61
num_leaves=31
num_cat=0
split_feature=4 0 0 11 0 3 0 0 7 7 4 0 0 0 3 9 0 0 3 0 9 10 4 3 10 3 11 0 10 3
split_gain=45.3166 20.3225 22.1744 17.6165 14.5092 13.6006 15.0355 12.2774 11.2707 8.47623 7.93079 7.64782 10.8222 11.5636 8.60603 12.6299 7.58684 7.70448 7.06786 8.82741 6.95232 6.42656 7.66473 6.16572 5.49646 7.92993 5.17522 5.00298 4.93474 4.86777
threshold=-0.26867065956352881 81.500000000000014 15.500000000000002 0.93670648275729362 73.500000000000014 -0.84772008488809492 87.500000000000014 42.500000000000007 25.612500000000004 24.962500000000006 -0.98212955754013376 7.5000000000000009 31.500000000000004 57.500000000000007 0.534952257794027 12.998697916666668 48.500000000000007 67.500000000000014 -0.87395131947920313 24.500000000000004 26.058333333333337 1.0000000180025095e-35 0.55478649335567887 -0.84772008488809492 1.0000000180025095e-35 0.3504237462291826 0.95911488553154101 43.500000000000007 1.0000000180025095e-35 0.30164402523644185
decision_type=2 2 2 2 2 2 2 2 2 2 2 2 2 2 2 2 2 2 2 2 2 2 2 2 2 2 2 2 2 2
left_child=1 2 8 7 11 -6 -7 9 -1 20 -5 23 18 21 -15 -16 -12 -18 19 -13 -4 22 -14 -2 25 26 -19 -24 -9 -8
right_child=4 -3 3 10 5 6 29 28 -10 -11 16 12 13 14 15 -17 17 24 -20 -21 -22 -23 27 -25 -26 -27 -28 -29 -30 -31
leaf_value=0.00014633452120440491 0.00120370408021966 0.0036955986125011518 9.5294141856511563e-05 0.0023245043065810407 0.0014334692248762558 0.00030737769453511525 -0.00028538801838204922 -0.00041835822446985039 0.0059920861730302661 -0.00053593391936904535 0.00010915406720983406 0.00038879591867329439 -0.00036963109045347982 -4.9497149984076961e-05 -0.001186233715133943 -0.00031637383776860373 0.0017434159248890463 -0.0015155744542395598 -0.00018522612744969021 -0.00055565712890097842 -0.00138225644381227 0.00050995474184741105 0.0009164522509495824 2.2304477215411663e-05 0.00094309381405947531 -0.00091937286027449867 0.0010181548174134679 -0.00010340336096647189 0.00096418677046266699 -2.6653534129346771e-05
leaf_weight=2048 1304 7892 114 4092 3564 8022 2192 2220 7004 3112 12307 2601 2886 7936 208 3616 7086 84 13968 1071 277 10816 2496 4584 2926 1036 1162 2912 2839 2386
leaf_count=2048 1304 7892 114 4092 3564 8022 2192 2220 7004 3112 12307 2601 2886 7936 208 3616 7086 84 13968 1071 277 10816 2496 4584 2926 1036 1162 2912 2839 2386
internal_value=0.000838844 0.00192614 0.00152644 0.000987116 3.68489e-06 0.00131898 0.000547619 -0.00100327 0.00374613 -0.00327862 0.00158105 -0.000387146 -0.000593692 -2.91543e-05 -0.00126275 -0.0032113 0.00124202 0.00212055 -0.00158163 0.000370371 -0.0102174 0.000729984 -0.000317097 0.00131454 0.000660522 -0.00117879 0.00150883 0.000793269 0.000572248 -0.00173875
internal_weight=124761 54199 46307 37255 70562 16164 12600 8562 9052 3503 28693 54398 48510 30870 11760 3824 24601 12294 17640 3672 391 19110 8294 5888 5208 2282 1246 5408 5059 4578
internal_count=124761 54199 46307 37255 70562 16164 12600 8562 9052 3503 28693 54398 48510 30870 11760 3824 24601 12294 17640 3672 391 19110 8294 5888 5208 2282 1246 5408 5059 4578
is_linear=0
shrinkage=0.05


Tree=62
num_leaves=31
num_cat=0
split_feature=4 0 0 11 3 0 0 0 0 0 0 7 7 9 4 0 0 0 0 0 3 7 0 10 6 9 0 8 1 3
split_gain=43.306 19.6025 21.5806 16.9673 13.5186 12.725 12.6199 10.9093 10.7501 9.37785 9.24521 9.06578 8.05389 7.89747 7.48091 7.30999 9.76894 6.48069 6.44782 6.30521 6.33716 6.29263 6.15792 12.1181 7.15005 6.30144 6.05619 6.02901 5.52955 5.5055
threshold=-0.26867065956352881 82.500000000000014 13.500000000000002 0.93670648275729362 -0.87395131947920313 75.500000000000014 30.500000000000004 17.500000000000004 48.500000000000007 44.500000000000007 7.5000000000000009 24.962500000000006 25.612500000000004 26.058333333333337 -0.98212955754013376 93.500000000000014 73.500000000000014 48.500000000000007 67.500000000000014 23.500000000000004 0.81925054981890411 26.812500000000004 44.500000000000007 1.0000000180025095e-35 1.0000000180025095e-35 25.809114583333336 87.500000000000014 31.450000000000003 2.5000000000000004 -0.70291267844185523
decision_type=2 2 2 2 2 2 2 2 2 2 2 2 2 2 2 2 2 2 2 2 2 2 2 2 2 2 2 2 2 2
left_child=1 2 12 8 5 7 10 -2 11 -8 -6 13 -1 -4 -5 16 -11 19 -19 20 -16 27 -9 24 25 -24 -18 -21 -15 -13
right_child=4 -3 3 14 6 -7 9 22 -10 15 -12 29 -14 28 17 -17 26 18 -20 21 -22 -23 23 -25 -26 -27 -28 -29 -30 -31
leaf_value=0.00029693827594124832 0.00075373432201265855 0.0037827683637359486 0.00018816204229164164 0.0023226314775227279 2.3579149786412466e-05 0.0016464706378528351 0.00053930926874803345 -0.00029778472677363015 0.00032555060658210955 -0.00012450870810263789 -0.00017891407068233007 0.00046981941953969054 0.0059891320715416314 -0.0013846454360446762 0.0017141113759558864 -0.00033733980394082773 0.00029372238204069612 0.001656245128644595 0.00028148384976221319 0.00011665856015520397 -0.00044888632641042041 7.0755379287848995e-05 0.00058631484876318744 0.0008390429466109729 -0.0010581105272784133 -0.00058913323260770646 -6.8916753212693987e-05 -0.0011461288552564329 -0.00056388917629868738 -0.00060064354205870021
leaf_weight=1717 2762 7330 135 4278 4656 3060 8148 4131 4407 16878 13386 910 6206 187 3218 1162 8148 7086 5580 349 510 8454 496 3038 124 1085 3488 522 138 3172
leaf_count=1717 2762 7330 135 4278 4656 3060 8148 4131 4407 16878 13386 910 6206 187 3218 1162 8148 7086 5580 349 510 8454 496 3038 124 1085 3488 522 138 3172
internal_value=0.000830027 0.00189293 0.00151689 0.00103297 1.36052e-05 0.00136296 -0.000341352 0.000608457 -0.000877751 0.000177665 -0.00142944 -0.00258476 0.00389562 -0.00923913 0.00160299 -0.00023487 -7.64535e-05 0.00128096 0.00208669 0.000499119 0.00223712 -0.00019571 -0.000245661 0.000983555 -0.00239003 -0.00148324 0.00103816 -0.00424225 -0.0134615 -0.00183488
internal_weight=124761 54199 46869 38946 70562 14696 55866 11636 8949 37824 18042 4542 7923 460 29997 29676 28514 25719 12666 13053 3728 9325 8874 4743 1705 1581 11636 871 325 4082
internal_count=124761 54199 46869 38946 70562 14696 55866 11636 8949 37824 18042 4542 7923 460 29997 29676 28514 25719 12666 13053 3728 9325 8874 4743 1705 1581 11636 871 325 4082
is_linear=0
shrinkage=0.05


Tree=63
num_leaves=31
num_cat=0
split_feature=4 0 0 11 3 0 0 0 7 0 0 4 8 1 0 0 7 0 3 4 10 8 0 3 9 4 3 3 11 11
split_gain=40.4673 17.9587 20.7983 16.4713 12.6086 12.4345 11.3067 10.2893 9.34203 8.34311 8.2395 7.51716 6.98378 6.91746 6.3594 6.32352 6.21169 5.82974 5.62963 5.71922 8.52942 7.66831 8.72441 7.1903 5.57563 11.9493 8.72761 5.86736 5.74716 9.72801
threshold=-0.26867065956352881 82.500000000000014 12.500000000000002 0.93155087118158786 -0.87395131947920313 74.500000000000014 30.500000000000004 15.500000000000002 24.962500000000006 43.500000000000007 7.5000000000000009 -0.98212955754013376 18.650000000000002 2.5000000000000004 48.500000000000007 67.500000000000014 25.512500000000006 93.500000000000014 -0.70291267844185523 -0.91939278948206182 1.0000000180025095e-35 33.750000000000007 23.500000000000004 -0.63921128368950708 30.258854166666669 -0.9497838742125716 0.20180702842483325 0.62587949062545845 1.0864563662565241 1.1178088744719634
decision_type=2 2 2 2 2 2 2 2 2 2 2 2 2 2 2 2 2 2 2 2 2 2 2 2 2 2 2 2 2 2
left_child=1 2 16 8 5 7 10 -2 13 -8 -6 -5 17 -4 24 -16 -1 -11 -10 -20 21 22 -21 -24 25 26 28 -26 -13 -30
right_child=4 -3 3 11 6 -7 9 -9 18 12 -12 14 -14 -15 15 -17 -18 -19 19 20 -22 -23 23 -25 27 -27 -28 -29 29 -31
leaf_value=0.00029239669611427608 0.00076770667826866221 0.0035936299455491525 -0.0012546977912524853 0.0022068634948067827 2.2400192297092057e-05 0.0014721135329994444 0.0005501990952515739 -3.9151256753479458e-05 0.0008157424013823843 0.00050001308926234751 -0.00016996836714821374 -0.0024742577533917736 -6.4542708170369235e-05 -0.00029179711836705178 0.0015418980931968863 0.00026748798167167283 0.0056856099451608553 -0.00082798102107755267 0.00021992155037170951 0.0018599339529137898 -6.9323510510024093e-05 -0.00069527811526394338 0.0020950182117189364 -0.002447708643552142 0.0016050266761168507 7.612190709788022e-05 0.0021559369275768654 -0.00011783616892712903 0.003631462719297237 -0.0016254897819387216
leaf_weight=1446 2456 7330 205 4480 4656 3213 7566 9027 1540 4350 13386 504 25734 241 7295 5745 5913 174 2613 99 1943 941 59 527 3384 7882 180 1584 180 108
leaf_count=1446 2456 7330 205 4480 4656 3213 7566 9027 1540 4350 13386 504 25734 241 7295 5745 5913 174 2613 99 1943 941 59 527 3384 7882 180 1584 180 108
internal_value=0.000818405 0.00184588 0.00148595 0.00103138 2.91944e-05 0.00133234 -0.000313607 0.000563006 -0.000968413 0.000177665 -0.00134353 0.00155255 -0.000193668 -0.00800448 0.00123632 0.00202837 0.00392648 0.00161804 -0.00056203 -0.00123585 -0.00253713 -0.0052091 -0.00923358 -0.0115529 0.000489076 -0.000263158 -0.00549383 0.00182971 -0.00775252 -0.00211806
internal_weight=124761 54199 46869 39510 70562 14696 55866 11483 8168 37824 18042 31342 30258 446 26862 13040 7359 4524 7722 6182 3569 1626 685 586 13822 8854 972 4968 792 288
internal_count=124761 54199 46869 39510 70562 14696 55866 11483 8168 37824 18042 31342 30258 446 26862 13040 7359 4524 7722 6182 3569 1626 685 586 13822 8854 972 4968 792 288
is_linear=0
shrinkage=0.05


Tree=64
num_leaves=31
num_cat=0
split_feature=9 3 3 10 0 11 0 8 9 4 0 11 0 0 9 8 0 0 3 4 9 1 9 11 3 3 8 4 0 10
split_gain=38.1858 16.7223 13.2951 11.9409 10.7236 10.6996 10.1118 9.51099 8.83409 8.78081 8.06095 7.86994 7.85563 9.69683 7.75622 6.84229 6.27087 5.89306 5.68704 14.4998 12.6391 7.5963 6.58037 6.90172 6.37562 12.0751 6.1164 5.47277 5.46039 5.45828
threshold=28.750260416666666 -0.67803021058859214 0.65233619298682533 1.0000000180025095e-35 74.500000000000014 0.9247659649312403 14.500000000000002 19.750000000000004 28.733593750000001 -0.98521978256641018 49.500000000000007 0.84498567688228199 19.500000000000004 78.500000000000014 26.925260416666671 33.45000000000001 68.500000000000014 76.500000000000014 -0.12546116083924153 -0.96466008222729416 16.405468750000004 4.5000000000000009 28.733593750000001 0.9040579196039068 0.76140650896573492 0.78857998149907527 32.750000000000007 0.52583933546504591 44.500000000000007 1.0000000180025095e-35
decision_type=2 2 2 2 2 2 2 2 2 2 2 2 2 2 2 2 2 2 2 2 2 2 2 2 2 2 2 2 2 2
left_child=1 4 5 -3 6 9 -1 -5 14 -2 -10 17 -7 29 28 -16 -17 -11 19 21 -21 -9 23 24 -20 -26 -27 -6 -8 -14
right_child=2 3 -4 7 27 12 8 18 10 11 -12 -13 13 -15 15 16 -18 -19 22 20 -22 -23 -24 -25 25 26 -28 -29 -30 -31
leaf_value=0.00046345421977640234 0.003250955664892185 -0.00010522912347015084 8.6675372351588303e-05 0.00041981521525624916 0.0014417900694553675 0.0062880074060543039 -0.00025105276682579631 -0.0021732384036531331 -0.0022558949448518036 -0.0019545549201314769 0.00067885740019139418 -5.0839086836177645e-05 0.00049929007090681666 0.0064635447344014458 0.00094984675986256725 -0.00020685566908113255 -0.0012996784097411003 0.0024848526679732588 3.636293626974565e-06 -0.00045333538548303115 4.9132609645798569e-05 0.001484462080145593 -0.00062892984421451098 0.0001293883345188875 -0.0017280868240816965 -0.00041007591562745838 0.0015961691831277609 -1.7241365606186022e-05 9.3017493040856982e-05 0.0017661701360361854
leaf_weight=4111 1056 23706 7976 8064 4725 5460 5100 477 70 377 50 2376 8614 4633 5400 594 66 95 1440 1440 6336 96 96 17854 96 672 192 1008 5100 7481
leaf_count=4111 1056 23706 7976 8064 4725 5460 5100 477 70 377 50 2376 8614 4633 5400 594 66 95 1440 1440 6336 96 96 17854 96 672 192 1008 5100 7481
internal_value=0.000799569 0.000219914 0.00211963 -0.000237394 0.00127441 0.00260069 0.000739593 0.000326823 0.00018315 0.000158812 -0.0133333 -0.00128511 0.00296472 0.00252026 0.000282903 0.00169967 -0.00310606 -0.0071822 -9.94806e-05 -0.00119835 -0.000632716 -0.00887435 0.000351352 0.000413252 -0.00210417 -0.00526042 -0.0033912 0.00318594 -0.000558823 0.00194004
internal_weight=124761 86693 38068 60469 26224 30092 20491 36763 16380 3904 120 2848 26188 20728 16260 6060 660 472 28699 8349 7776 573 20350 20254 2400 960 864 5733 10200 16095
internal_count=124761 86693 38068 60469 26224 30092 20491 36763 16380 3904 120 2848 26188 20728 16260 6060 660 472 28699 8349 7776 573 20350 20254 2400 960 864 5733 10200 16095
is_linear=0
shrinkage=0.05


Tree=65
num_leaves=31
num_cat=0
split_feature=4 0 0 7 0 0 10 0 0 0 11 8 8 3 3 3 0 0 0 0 0 11 1 11 3 4 11 3 8 8
split_gain=36.0442 23.7846 28.2004 13.0176 11.8871 15.5589 12.9976 14.0762 10.1386 9.93377 9.47571 8.94912 7.82754 7.44124 7.1185 7.01336 6.83406 6.50456 6.22002 11.7167 7.38376 6.15161 8.5627 7.86311 6.97276 6.10578 6.10393 5.75932 5.53812 7.79463
threshold=0.18281312110578132 81.500000000000014 11.500000000000002 25.912500000000005 23.500000000000004 42.500000000000007 1.0000000180025095e-35 67.500000000000014 76.500000000000014 31.500000000000004 0.97619041497425918 32.650000000000013 33.750000000000007 0.80926549319045582 0.99053107487289871 0.76140650896573492 1.5000000000000002 93.500000000000014 71.500000000000014 55.500000000000007 85.500000000000014 0.94382758910793763 1.0000000180025095e-35 0.91371627058832827 0.81925054981890411 0.99249573635719013 0.85059732269882649 0.83849049182116964 18.950000000000003 20.350000000000005
decision_type=2 2 2 2 2 2 2 2 2 2 2 2 2 2 2 2 2 2 2 2 2 2 2 2 2 2 2 2 2 2
left_child=1 2 27 11 -5 10 7 12 -9 16 -6 26 -7 17 -8 -3 -2 18 19 -11 -20 22 -13 -24 -23 -18 -4 -1 -27 -30
right_child=9 15 3 4 5 6 14 8 -10 13 -12 21 -14 -15 -16 -17 25 -19 20 -21 -22 24 23 -25 -26 28 -28 -29 29 -31
leaf_value=0.0035240576545355756 0.0002049789652985121 0.0039773138812754716 -0.0005091700842901998 0.0030424627601543961 -0.00055897053483813146 -0.00016282445255543635 0.00122153969063085 -0.00081773539525453992 0.00052652804072056544 0.00030754086151398225 9.1700755397505933e-05 -0.0016137097445138382 0.00099388012904994515 -0.0001869097886487071 -0.00024004319846249479 0.00030623990775358788 -8.5842102057514426e-05 -0.00028752625010295725 0.00045914709671312392 -0.0001664940301505652 -6.0002746656355287e-06 0.00030840792811686181 -0.00013516719834755637 -0.0012225003160894561 -0.00045040396740456769 -0.00015253360924426181 0.00019271929498077979 0.00017306434907534882 -0.00048641708039375161 -0.00011139399421562763
leaf_weight=7174 1146 7878 672 4312 3999 2823 14699 2646 1367 11904 7683 68 4745 4922 1067 2282 15450 992 6944 7936 3968 960 391 182 1538 810 3701 1572 450 480
leaf_count=7174 1146 7878 672 4312 3999 2823 14699 2646 1367 11904 7683 68 4745 4922 1067 2282 15450 992 6944 7936 3968 960 391 182 1538 810 3701 1572 450 480
internal_value=0.000769111 0.00152375 0.00114255 0.000691503 0.00102455 0.000749315 0.0014018 0.000129954 -0.00226389 -0.000187993 -0.00077812 -0.00123003 0.00139931 0.000287187 0.00233604 0.00375984 -0.0011382 0.000567667 0.000696215 0.000168851 0.00165506 -0.00326696 -0.00763651 -0.00564572 -0.00214572 -0.00138743 0.000232106 0.00376515 -0.0041954 -0.00682796
internal_weight=124761 69759 59599 50853 43341 39029 27347 11581 4013 55002 11682 7512 7568 36666 15766 10160 18336 31744 30752 19840 10912 3139 641 573 2498 17190 4373 8746 1740 930
internal_count=124761 69759 59599 50853 43341 39029 27347 11581 4013 55002 11682 7512 7568 36666 15766 10160 18336 31744 30752 19840 10912 3139 641 573 2498 17190 4373 8746 1740 930
is_linear=0
shrinkage=0.05


Tree=66
num_leaves=31
num_cat=0
split_feature=9 0 0 0 7 3 11 0 0 10 9 4 3 0 10 0 7 3 4 9 11 9 7 0 4 10 7 3 0 4
split_gain=35.2739 14.9242 12.7474 16.0364 12.6234 10.4352 9.92427 9.43452 8.63455 11.1543 10.492 8.53618 8.5339 8.67882 7.19199 9.21408 8.61471 7.84079 7.00642 6.70486 6.56882 6.54402 10.8718 6.43121 9.60918 6.01915 5.98067 6.79055 6.95737 7.95346
threshold=28.750260416666666 74.500000000000014 80.500000000000014 12.500000000000002 25.712500000000006 -0.8041866928211282 0.93155087118158786 7.5000000000000009 32.500000000000007 1.0000000180025095e-35 25.809114583333336 -0.91249077947840473 -0.45274443793211405 24.500000000000004 1.0000000180025095e-35 27.500000000000004 37.01250000000001 0.43733377705052551 0.32410992729244009 26.541666666666668 0.94382758910793763 26.413281250000001 24.962500000000006 89.500000000000014 -0.46039597980994923 1.0000000180025095e-35 16.112500000000004 -0.85671820900978868 61.500000000000007 -0.13398942717002907
decision_type=2 2 2 2 2 2 2 2 2 2 2 2 2 2 2 2 2 2 2 2 2 2 2 2 2 2 2 2 2 2
left_child=1 7 3 -2 20 -3 11 18 12 10 -10 -6 13 19 15 -8 17 -17 -1 21 -5 -9 -23 -7 -25 -15 -11 -28 -29 -30
right_child=2 5 -4 4 6 23 14 8 9 26 -12 -13 -14 25 -16 16 -18 -19 -20 -21 -22 22 -24 24 -26 -27 27 28 29 -31
leaf_value=0.00069095395486017141 0.0041232692516410289 0.0011218715100647194 0.0041490442206021938 -0.0011627305717404036 0.0010171784329264799 0.00025148644155002428 0.0029454675934263473 1.6419173978991329e-05 -3.2635833675132199e-05 0.0014175225158737344 -0.00057655353390919826 -0.0008707832436963659 -0.00018202286957001368 0.00029436372774287222 0.0015431051955658373 0.00021912713237225704 0.0011748987096970318 -0.00054494438363963547 6.0018979149276535e-06 0.0014989049096240908 -0.0003735549176801844 -0.0010055202873099094 0.00074137573767268656 0.0025009061180817846 -0.0001985760700110436 -0.00065070272857368746 0.00064847239763731184 0.00019721376644479244 0.00034142203891548186 -0.00045290400309848226
leaf_weight=3142 5169 4221 5934 190 1522 10528 2356 3621 11340 2429 3150 1764 13722 1056 10151 5164 2596 2188 4096 2295 1034 52 50 792 3416 1776 5082 11124 1794 3007
leaf_count=3142 5169 4221 5934 190 1522 10528 2356 3621 11340 2429 3150 1764 13722 1056 10151 5164 2596 2188 4096 2295 1034 52 50 792 3416 1776 5082 11124 1794 3007
internal_value=0.000751076 0.00019396 0.00201981 0.00162663 0.00113759 0.00143404 0.00137349 -0.000153094 -0.000357202 0.000103623 -0.000986887 -0.00119294 -0.00113149 7.90962e-05 0.00174905 0.000936281 0.000270406 -0.000603917 0.00155292 0.00115321 -0.00382353 -0.000157131 -0.0126471 0.000806189 -0.000846007 -0.00220339 0.000777863 0.00050626 -1.56967e-06 -0.00159238
internal_weight=124761 86693 38068 32134 26965 18957 25741 67736 60498 37926 14490 3286 22572 8850 22455 12304 9948 7352 7238 6018 1224 3723 102 14736 4208 2832 23436 21007 15925 4801
internal_count=124761 86693 38068 32134 26965 18957 25741 67736 60498 37926 14490 3286 22572 8850 22455 12304 9948 7352 7238 6018 1224 3723 102 14736 4208 2832 23436 21007 15925 4801
is_linear=0
shrinkage=0.05


Tree=67
num_leaves=31
num_cat=0
split_feature=9 3 10 9 3 0 0 9 0 8 0 0 1 4 9 9 11 3 11 0 0 9 3 4 9 8 11 8 1 7
split_gain=33.017 17.7947 13.7631 13.4651 12.4886 8.14683 10.5237 6.97381 6.9113 6.68952 6.55339 8.55082 6.53701 7.94087 6.84597 9.99351 7.96053 6.18167 6.11087 6.14528 10.5633 6.0373 9.18827 6.15448 13.1707 6.99177 11.1811 6.6976 7.33507 5.99202
threshold=29.475000000000001 -0.66528616069191593 1.0000000180025095e-35 26.541666666666668 0.63920241694561786 30.500000000000004 11.500000000000002 12.569791666666669 71.500000000000014 32.750000000000007 19.500000000000004 80.500000000000014 4.5000000000000009 0.9980355542543059 26.459114583333335 27.604427083333338 1.0166260076336997 -0.17647087149565668 1.0167864286959365 18.500000000000004 51.500000000000007 13.695833333333336 0.534952257794027 0.98005052076767474 11.53671875 19.150000000000002 1.044457029130015 18.850000000000005 3.5000000000000004 16.112500000000004
decision_type=2 2 2 2 2 2 2 2 2 2 2 2 2 2 2 2 2 2 2 2 2 2 2 2 2 2 2 2 2 2
left_child=1 3 9 8 10 6 -4 -7 -1 21 -2 -12 -8 14 17 16 -16 -14 19 -5 -21 22 23 25 29 -3 -27 28 -26 -25
right_child=4 2 5 18 -6 7 12 -9 -10 -11 11 -13 13 -15 15 -17 -18 -19 -20 20 -22 -23 -24 24 27 26 -28 -29 -30 -31
leaf_value=-3.8599989494018868e-05 0.006365326362197981 0.00014640090037187857 0.0001143110574157188 0.0032457657427243363 0.00010389659202797555 0.0017027754362320643 -0.00010656480317792856 0.00013616145512197137 0.00037710795455101322 -0.00052600603124963665 0.0010286186983452384 0.0075855884981054266 -0.00053741476921546156 -0.00099206947506997288 -0.0027053928571970933 -0.00043577935029531892 -0.00072004758406094764 4.5300947913284904e-05 0.0022562961684276144 -0.00024815330529233019 0.0012016355185332801 -2.6450888939115144e-05 -0.00035034768968651822 7.2550159513053362e-05 -0.0010295327980214132 -0.00011752321407282245 -0.0013009522824951787 -0.00041423822803684433 -0.0004067838892514602 -0.00065552014607970577
leaf_weight=11740 4660 2400 5054 1893 7108 3770 5689 23595 3912 3072 14190 3474 266 95 76 627 95 1140 4320 3267 4356 16026 576 1331 192 768 96 768 96 109
leaf_count=11740 4660 2400 5054 1893 7108 3770 5689 23595 3912 3072 14190 3474 266 95 76 627 95 1140 4320 3267 4356 16026 576 1331 192 768 96 768 96 109
internal_value=0.000739855 0.000287898 -0.000169271 0.00130867 0.00220372 0.000404262 -0.000624137 0.000894391 0.000304115 -0.00108044 0.0027849 0.00234488 -0.00175388 -0.00400391 -0.00339383 -0.00709273 -0.017807 -0.00129445 0.00244507 0.00173707 0.0011039 -0.000779894 -0.00208649 -0.00148437 -0.00335337 -5.51469e-05 -0.00391204 -0.0075947 -0.0140972 -0.000243055
internal_weight=124761 95329 65841 29488 29432 40407 13042 27365 15652 25434 22324 17664 7988 2299 2204 798 171 1406 13836 9516 7623 22362 6336 5760 2496 3264 864 1056 288 1440
internal_count=124761 95329 65841 29488 29432 40407 13042 27365 15652 25434 22324 17664 7988 2299 2204 798 171 1406 13836 9516 7623 22362 6336 5760 2496 3264 864 1056 288 1440
is_linear=0
shrinkage=0.05


Tree=68
num_leaves=31
num_cat=0
split_feature=9 3 3 0 0 0 0 9 0 10 9 3 8 3 11 11 9 3 8 9 9 4 10 9 3 4 9 0 8 1
split_gain=31.4499 13.4791 12.6803 9.12043 9.00862 11.4298 8.38655 7.92792 8.57458 7.74352 7.71192 14.3368 7.5666 7.1044 6.81192 12.9908 9.39592 8.48923 12.2977 9.09424 7.91701 6.80269 6.40865 6.83645 7.8776 6.23904 9.84025 12.0872 13.3464 14.2765
threshold=28.750260416666666 -0.8041866928211282 0.43733377705052551 75.500000000000014 80.500000000000014 20.500000000000004 10.500000000000002 30.392187500000002 50.500000000000007 1.0000000180025095e-35 32.692447916666673 0.51297097409535064 19.750000000000004 0.56369777965491019 0.99415218657029769 0.99592950626165633 17.773437500000004 0.81925054981890411 22.750000000000004 27.918750000000003 20.077083333333338 -0.30982845708428081 1.0000000180025095e-35 28.943229166666672 0.94138322595482449 0.22491561436810906 26.058333333333337 52.500000000000007 30.650000000000002 2.5000000000000004
decision_type=2 2 2 2 2 2 2 2 2 2 2 2 2 2 2 2 2 2 2 2 2 2 2 2 2 2 2 2 2 2
left_child=1 3 4 6 5 -2 -1 8 -7 14 11 -4 13 -11 17 16 -16 -3 -19 -20 -18 -8 -13 24 -24 26 -14 28 -28 -30
right_child=2 9 10 -5 -6 7 21 -9 -10 12 -12 22 25 -15 15 -17 20 18 19 -21 -22 -23 23 -25 -26 -27 27 -29 29 -31
leaf_value=0.00083441335824454557 0.0049105273961018679 0.0001092117987781505 -0.0015438552643354726 0.0010969503236732479 0.0067884401357122251 -0.0002966924502267221 0.0012169314207526056 0.0017020256411284741 0.0012873830412786407 0.00048195392625649384 0.0015857446798927977 -0.00018406956042200874 0.00053086442814815715 -0.0005391907900014198 -0.00096291537975902279 -0.00010272076287101079 0.00026237503255129214 -0.0014966706806218363 -7.9838105892884458e-05 -0.0013588885131708634 -0.00061419132118018709 -2.5602129671679637e-05 -0.0014364286465320655 0.00099461111314164954 0.00069992910486311902 -8.2529671664804255e-05 0.0011215216332444865 0.00057056375096415008 -0.00078577350257003911 -9.6908153033404553e-05
leaf_weight=2219 5643 8932 576 4020 4022 4558 1820 7020 4539 7488 3072 4602 4032 576 288 14490 288 96 2208 192 192 11245 192 3652 192 16224 1166 5547 2071 3599
leaf_count=2219 5643 8932 576 4020 4022 4558 1820 7020 4539 7488 3072 4602 4032 576 288 14490 288 96 2208 192 192 11245 192 3652 192 16224 1166 5547 2071 3599
internal_value=0.000724626 0.000198574 0.00192261 0.00136345 0.00255256 0.00215074 0.000806072 0.00147267 0.000498516 -0.000135111 0.000600684 -0.000122639 0.000298872 0.00167039 -0.000797047 -0.0014884 -0.00782552 0.000126006 -0.00245192 -0.00175 -0.00354167 0.000323383 0.000386664 0.00184093 -0.00450521 -3.99827e-05 0.000647274 -5.12798e-05 -0.00145846 -0.00246032
internal_weight=124761 86693 38068 19304 25782 21760 15284 16117 9097 67389 12286 9214 40703 8064 26686 15258 768 11428 2496 2400 480 13065 8638 4036 384 32639 16415 12383 6836 5670
internal_count=124761 86693 38068 19304 25782 21760 15284 16117 9097 67389 12286 9214 40703 8064 26686 15258 768 11428 2496 2400 480 13065 8638 4036 384 32639 16415 12383 6836 5670
is_linear=0
shrinkage=0.05


Tree=69
num_leaves=31
num_cat=0
split_feature=4 0 0 0 0 7 0 10 0 3 7 0 0 3 7 3 0 0 4 9 8 3 0 0 3 9 7 9 9 7
split_gain=30.9321 22.4222 25.1028 10.7695 12.2777 12.2656 11.6082 10.9123 11.1261 8.47066 7.77883 7.37208 10.346 6.91775 6.82126 6.72033 6.38956 9.20118 6.60568 6.25264 6.14354 5.45969 5.33333 5.01698 4.89184 6.38511 4.77146 4.65123 5.19849 4.54884
threshold=0.18281312110578132 82.500000000000014 11.500000000000002 45.500000000000007 23.500000000000004 26.112500000000004 67.500000000000014 1.0000000180025095e-35 76.500000000000014 0.81925054981890411 26.887500000000006 68.500000000000014 86.500000000000014 0.85673801594079257 25.062500000000004 0.76140650896573492 56.500000000000007 32.500000000000007 0.97263757644091875 17.773437500000004 34.050000000000004 -0.099819732675876835 77.500000000000014 52.500000000000007 -0.76141707087277943 26.058333333333337 15.587500000000004 28.471614583333338 28.908593750000005 21.912500000000005
decision_type=2 2 2 2 2 2 2 2 2 2 2 2 2 2 2 2 2 2 2 2 2 2 2 2 2 2 2 2 2 2
left_child=1 2 14 4 5 24 23 8 -8 11 27 16 20 -11 -1 -3 17 18 -2 -15 -13 -12 -22 -5 -4 -26 -19 -6 -29 -14
right_child=9 15 3 6 10 -7 7 -9 -10 13 21 12 29 19 -16 -17 -18 26 -20 -21 22 -23 -24 -25 25 -27 -28 28 -30 -31
leaf_value=0.00022660465916435487 -1.4155789680019154e-05 0.0038177553085506077 0.00059685204852041602 0.0002912260140927013 -0.00042458031790822636 0.0029541152578101098 -0.0007928762173493941 0.00043010894950817717 0.00035891765774791217 -0.00043069464242703482 -0.0003603162886164251 0.00036406564762663744 -0.000152587689244944 -0.0005307838475320639 0.0042286465830524049 0.00029386191918753872 -0.0002323140831352211 0.0015130426212041667 -0.00019308935742823522 -3.9724529100954003e-05 -0.0011724184365033638 0.00016977654705011756 0.00039682584606697148 0.0010907448182232177 0.00039828973552950386 -0.00035687205529704558 0.00011588389637416202 -0.0015750558219044409 -0.00079523057987609328 0.0015482214740814492
leaf_weight=2511 12837 7317 1389 5089 2860 3936 2736 6321 1820 1152 6394 8874 4084 960 6235 2119 5988 2383 3630 4986 54 6200 54 10904 624 2764 9593 141 399 407
leaf_count=2511 12837 7317 1389 5089 2860 3936 2736 6321 1820 1152 6394 8874 4084 960 6235 2119 5988 2383 3630 4986 54 6200 54 10904 624 2764 9593 141 399 407
internal_value=0.000715007 0.00141408 0.00105955 0.000639529 -0.000113935 0.00139619 0.00133234 7.21708e-05 -0.00179324 -0.00017163 -0.000936601 6.7218e-05 0.00105878 -0.0017836 0.00353647 0.00368059 -0.000320786 -8.26195e-06 -0.000775187 -0.00109654 0.00203852 -0.000363665 -0.00981481 0.0021894 -0.000306678 -0.00133117 0.00104626 -0.00305882 -0.00731481 -0.00090069
internal_weight=124761 69759 60323 51577 24707 8713 26870 10877 4556 55002 15994 47904 13473 7098 8746 9436 34431 28443 16467 5946 8982 12594 108 15993 4777 3388 11976 3400 540 4491
internal_count=124761 69759 60323 51577 24707 8713 26870 10877 4556 55002 15994 47904 13473 7098 8746 9436 34431 28443 16467 5946 8982 12594 108 15993 4777 3388 11976 3400 540 4491
is_linear=0
shrinkage=0.05


Tree=70
num_leaves=31
num_cat=0
split_feature=9 3 9 3 10 0 0 3 4 9 8 3 0 1 1 4 9 9 4 0 8 3 11 3 0 0 11 3 0 0
split_gain=30.8855 17.9376 15.3596 11.3011 11.0647 8.26288 12.1115 7.5285 15.6739 10.2821 10.735 10.105 8.48345 8.82171 7.22171 8.33654 7.03554 7.97075 6.9653 7.02541 6.58909 6.58664 7.64756 8.33103 6.16374 9.37706 6.70291 5.99063 5.79832 6.06657
threshold=30.150260416666672 -0.66528616069191593 26.541666666666668 0.45273815774107123 1.0000000180025095e-35 30.500000000000004 10.500000000000002 -0.17647087149565668 -0.96904977397942549 28.553385416666671 32.45000000000001 0.56369777965491019 75.500000000000014 5.5000000000000009 4.5000000000000009 0.9980355542543059 28.401041666666671 28.369010416666672 0.22491561436810906 44.500000000000007 22.650000000000002 -0.022576249993022688 1.0357773587453021 0.99761913169647187 22.500000000000004 51.500000000000007 1.0167864286959365 0.98372640911059162 82.500000000000014 67.500000000000014
decision_type=2 2 2 2 2 2 2 2 2 2 2 2 2 2 2 2 2 2 2 2 2 2 2 2 2 2 2 2 2 2
left_child=1 2 -1 -2 21 6 -6 8 9 -7 -11 -9 13 -12 -8 20 17 -10 -13 -20 -16 -3 -23 -24 -4 26 -26 -22 29 -5
right_child=3 4 24 28 5 7 14 11 16 10 12 18 -14 -15 15 -17 -18 -19 19 -21 27 22 23 -25 25 -27 -28 -29 -30 -31
leaf_value=2.7733411980844564e-05 0.0026639355880608323 2.246046663881398e-05 0.003080802355320723 0.00037382710954396707 0.00015698952775005672 -0.0043652382363480067 -8.1083447951965149e-05 0.0012296986922848338 -0.00010566492521342083 0.0022337186226405879 -0.0055763934680725692 0.0003763107887189604 0.0071057716066946696 -0.0014910859597694699 0.00014054455559630127 -0.00087843740227246982 0.0016324506605807977 -0.001902206005195048 0.00099738218857943354 -0.00025547390333658228 -0.00064566590896359278 -8.8024285716942316e-05 -0.0003842598473328267 0.00078482918796911316 -0.00025062227109236306 0.0014838666722930584 0.0010020841567875414 0.00039724179996722668 0.0035175167954396183 -0.00054303392320771368
leaf_weight=15652 12767 10464 3807 5852 5084 130 6529 8645 5135 195 89 7345 70 82 620 100 2521 130 1218 4437 1740 14208 2970 288 3161 7260 1624 240 1112 1286
leaf_count=15652 12767 10464 3807 5852 5084 130 6529 8645 5135 195 89 7345 70 82 620 100 2521 130 1218 4437 1740 14208 2970 288 3161 7260 1624 240 1112 1286
internal_value=0.000706591 0.000352502 0.00134808 0.00245444 -8.1672e-05 0.000409614 -0.000578844 0.000881255 -0.000393917 -0.00842756 -0.00474771 0.0013733 -0.011805 -0.017807 -0.00165836 -0.00383333 0.000190085 -0.000849952 0.000492308 -0.000826702 -0.00328846 -0.000861081 -0.0014554 -0.00364027 0.00244512 0.00189083 0.000172414 -0.00469697 0.00101212 0.000488933
internal_weight=124761 103744 31504 21017 72240 44310 14313 29997 8352 566 436 21645 241 171 9229 2700 7786 5265 13000 5655 2600 27930 17466 3258 15852 12045 4785 1980 8250 7138
internal_count=124761 103744 31504 21017 72240 44310 14313 29997 8352 566 436 21645 241 171 9229 2700 7786 5265 13000 5655 2600 27930 17466 3258 15852 12045 4785 1980 8250 7138
is_linear=0
shrinkage=0.05


Tree=71
num_leaves=31
num_cat=0
split_feature=9 3 9 4 10 3 9 3 11 11 4 9 11 9 0 0 0 0 4 0 4 11 9 0 3 11 3 7 0 11
split_gain=28.4089 16.5033 16.3835 10.3827 9.33043 8.40027 15.9405 10.5789 7.83516 11.0067 7.58828 13.0169 7.51845 6.89689 6.86884 6.63213 6.34455 8.4507 7.03533 6.15493 7.16726 7.48642 7.0471 6.1282 5.865 6.64517 7.159 5.65283 6.19272 5.44089
threshold=30.150260416666672 -0.63921128368950708 26.541666666666668 -0.8901731938066898 1.0000000180025095e-35 -0.11692013674435776 29.938281250000003 0.56369777965491019 0.89585628751987034 0.89132369463318661 -0.96904977397942549 28.553385416666671 0.9500541783650579 12.070312500000002 24.500000000000004 68.500000000000014 19.500000000000004 76.500000000000014 0.19969739736768838 36.500000000000007 0.97832380634958016 0.90891411467879568 28.401041666666671 82.500000000000014 -0.022576249993022688 1.0357773587453021 0.99761913169647187 25.262500000000006 88.500000000000014 1.0167864286959365
decision_type=2 2 2 2 2 2 2 2 2 2 2 2 2 2 2 2 2 2 2 2 2 2 2 2 2 2 2 2 2 2
left_child=1 2 15 -2 24 6 10 19 9 -9 11 -6 -13 14 -10 -1 -4 18 -18 20 21 22 -7 -5 -3 -26 -27 28 -12 -30
right_child=3 4 16 23 5 7 -8 8 13 -11 27 12 -14 -15 -16 -17 17 -19 -20 -21 -22 -23 -24 -25 25 26 -28 -29 29 -31
leaf_value=-6.4611305705492654e-05 0.0026753973939117504 2.5923023459175577e-05 0.0036014482152406583 0.0001778150488246339 -0.0024439175815217707 -1.128906233089456e-05 -0.0034309661140042589 -0.00019662750533721706 -0.00055189406202277411 -0.0015665322969642586 -9.8915951244863773e-05 -0.0034233577378870125 0.00091831248452224558 7.9619344168333343e-05 -0.0006506184708690633 0.00029018343788638688 0.00052257620496263168 0.0031020862207179496 -0.00064022427835669674 0.0012975877515831549 -0.00021627593291525702 0.00042226122396637317 -0.0012885800955076423 0.003549538539600776 -8.3623071431095206e-05 -0.00036504685496618601 0.00074558772857065815 0.00038851542612588488 -0.00089408804176281285 -0.00024725464716347599
leaf_weight=11803 12000 9888 3432 7802 381 259 181 1152 50 96 5182 88 664 17762 142 4617 9234 3249 513 7139 1443 2664 111 1215 14208 2970 288 5822 203 203
leaf_count=11803 12000 9888 3432 7802 381 259 181 1152 50 96 5182 88 664 17762 142 4617 9234 3249 513 7139 1443 2664 111 1215 14208 2970 288 5822 203 203
internal_value=0.000685351 0.000345755 0.00127222 0.00236166 -8.35024e-05 0.000371136 -0.000709682 0.00081738 9.68651e-05 -0.00373397 -0.00049709 -0.00439982 -0.000585106 0.00036315 -0.0090625 0.000155299 0.0023886 0.00188366 0.00114753 0.00200844 0.000555059 0.00193474 -0.00472973 0.00107963 -0.000807194 -0.00135807 -0.00339472 -0.000109553 -0.00124553 -0.00719212
internal_weight=124761 103744 32848 21017 70896 43542 12724 30818 19202 1248 12543 1133 752 17954 192 16420 16428 12996 9747 11616 4477 3034 370 9017 27354 17466 3258 11410 5588 406
internal_count=124761 103744 32848 21017 70896 43542 12724 30818 19202 1248 12543 1133 752 17954 192 16420 16428 12996 9747 11616 4477 3034 370 9017 27354 17466 3258 11410 5588 406
is_linear=0
shrinkage=0.05


Tree=72
num_leaves=31
num_cat=0
split_feature=9 0 0 7 7 4 0 0 0 10 9 3 7 0 10 9 4 9 11 8 3 3 0 4 9 4 3 7 7 1
split_gain=26.4846 16.1672 14.0806 13.9049 10.3228 9.95462 9.76011 7.19655 7.0664 13.7012 10.647 8.6486 8.26672 6.70105 6.99156 8.9713 14.0797 6.574 6.6483 6.42978 5.62386 5.57917 5.04814 6.41418 7.73616 5.90026 5.01878 5.77595 5.51491 5.23504
threshold=30.150260416666672 75.500000000000014 10.500000000000002 25.512500000000006 22.212500000000006 -0.94426098523567992 86.500000000000014 82.500000000000014 33.500000000000007 1.0000000180025095e-35 25.419010416666669 -0.45274443793211405 31.512500000000006 16.500000000000004 1.0000000180025095e-35 32.437500000000007 -0.93237865822738086 26.925260416666671 0.9984557137694885 31.850000000000005 0.43733377705052551 -0.85671820900978868 43.500000000000007 0.097680735332368748 26.386197916666671 -0.73865259438682551 0.99374995976406788 30.237500000000004 16.412500000000005 3.5000000000000004
decision_type=2 2 2 2 2 2 2 2 2 2 2 2 2 2 2 2 2 2 2 2 2 2 2 2 2 2 2 2 2 2
left_child=1 2 3 21 6 -2 -3 13 11 10 -10 17 22 -7 15 16 -15 -4 -19 -13 -6 -1 -12 25 -25 -24 27 28 -11 -28
right_child=5 4 8 -5 20 7 -8 -9 9 26 12 19 -14 14 -16 -17 -18 18 -20 -21 -22 -23 23 24 -26 -27 29 -29 -30 -31
leaf_value=0.0006463766357150927 0.0027953047843538984 0.00032485313079451552 -0.00013884746590336924 0.004114745733823596 0.001503174335811706 0.0021794508836814959 -0.00012295334768872151 0.0036936512870515345 -2.4562486182428971e-06 0.0011214564471606829 -0.0011533701251604867 -9.4937721575991276e-05 -9.0589781648215212e-05 -0.0034237744702976902 0.0011023308525349035 0.00054653254411909827 -0.00034733929516207079 -4.2285407715333594e-05 0.0017866211752152899 -0.00053823674601208077 0.00019164220431043712 2.7435971671347086e-06 -0.0015457883815683518 -0.00042863585033241295 -0.0014940606001653724 2.494567521461255e-05 -0.00082501930624751256 0.00094348669742663586 2.4186154364485606e-05 0.00025219944942916596
leaf_weight=1567 9312 5364 5313 3095 8036 2078 5041 1579 10920 2587 1240 10235 2571 132 2244 2574 3098 2507 2277 4520 3152 7247 735 341 133 1490 588 8240 16041 504
leaf_count=1567 9312 5364 5313 3095 8036 2078 5041 1579 10920 2587 1240 10235 2571 132 2244 2574 3098 2507 2277 4520 3152 7247 735 341 133 1490 588 8240 16041 504
internal_value=0.000674129 0.000346237 2.62324e-05 0.001616 0.0015637 0.00229267 0.000430082 0.00132208 -0.000243302 0.000127782 -0.000972461 -0.000921052 -0.00257296 0.000832511 0.000178927 -0.000737422 -0.00249226 0.000206497 0.001551 -0.00169265 0.00261798 0.000603585 -0.00401244 -0.00279918 -0.00808017 -0.00167416 0.000813663 0.000948712 0.000461134 -0.00250916
internal_weight=124761 103744 82151 11909 21593 21017 10405 11705 70242 45390 17430 24852 6510 10126 8048 5804 3230 10097 4784 14755 11188 8814 3939 2699 474 2225 27960 26868 18628 1092
internal_count=124761 103744 82151 11909 21593 21017 10405 11705 70242 45390 17430 24852 6510 10126 8048 5804 3230 10097 4784 14755 11188 8814 3939 2699 474 2225 27960 26868 18628 1092
is_linear=0
shrinkage=0.05


Tree=73
num_leaves=31
num_cat=0
split_feature=9 0 0 11 3 4 11 4 10 0 0 0 9 4 3 11 1 0 0 7 0 10 6 0 10 8 9 1 11 1
split_gain=24.2736 13.1831 15.6046 11.3327 10.8556 9.1534 8.23195 7.97892 7.38854 7.00078 6.92549 7.70838 6.69336 6.41775 5.89642 6.32575 7.0127 5.36989 6.24435 5.06037 4.7173 8.12223 5.82391 4.67397 4.77544 6.89264 4.57516 4.75844 5.54029 6.16026
threshold=28.750260416666666 82.500000000000014 12.500000000000002 0.93155087118158786 -0.84772008488809492 -0.98521978256641018 0.84498567688228199 -0.25206183926700709 1.0000000180025095e-35 38.500000000000007 76.500000000000014 17.500000000000004 33.96510416666667 -0.30982845708428081 0.13398903995667991 1.1118361362686917 1.0000000180025095e-35 74.500000000000014 2.5000000000000004 37.01250000000001 44.500000000000007 1.0000000180025095e-35 1.0000000180025095e-35 93.500000000000014 1.0000000180025095e-35 21.050000000000004 30.990625000000001 3.5000000000000004 0.97297253075836154 5.5000000000000009
decision_type=2 2 2 2 2 2 2 2 2 2 2 2 2 2 2 2 2 2 2 2 2 2 2 2 2 2 2 2 2 2
left_child=4 2 -2 5 10 -4 -7 8 12 26 11 -1 14 -13 15 -5 -17 18 -6 -16 -15 22 -22 24 -19 -26 27 -10 29 -29
right_child=1 -3 3 7 17 6 -8 -9 9 -11 -12 13 -14 20 19 16 -18 23 -20 -21 21 -23 -24 -25 25 -27 -28 28 -30 -31
leaf_value=0.00055802253574085525 0.003467144529746911 0.003986170008652268 0.0019065468298805387 0.00083444950575330612 0.00019127451877765054 -0.0017842387814816286 -0.00053145710116448276 -0.00050381309418421499 0.00034730156818788514 0.0021568336707270927 0.0010897276195941249 0.0015170283567634594 0.0015767644058656599 -0.00029814787927236549 -0.00046688850820571031 -0.004457207500385617 -0.00048476376048309867 -1.3301572787515064e-05 -5.3300982506185481e-05 0.00059452015245642581 -0.00018362516284220685 0.00062536008366817302 -0.00099348280214422535 -0.00022854655015769307 0.0023541157110726603 0.00017992368051598343 0.0027165260362612027 -0.0028116903860812355 -0.00036833843434017836 -0.00033321394914950417
leaf_weight=3320 5169 5146 840 4760 2161 412 2297 1050 1794 6628 3496 1121 3150 4455 3187 70 560 5411 51767 873 1728 3424 128 1436 1976 6270 884 78 1092 78
leaf_count=3320 5169 5146 840 4760 2161 412 2297 1050 1794 6628 3496 1121 3150 4455 3187 70 560 5411 51767 873 1728 3424 128 1436 1976 6270 884 78 1092 78
internal_value=0.000661305 0.00171378 0.00134591 0.000876122 0.000199151 -0.00176247 -0.00317645 0.00126301 0.00145634 0.00243225 0.00130489 0.000813347 0.000638889 0.000168571 -2.64548e-05 0.00105751 -0.00365079 -8.39598e-05 -0.000317275 -0.00146552 -0.000243965 0.000767046 -0.00189655 0.000749685 0.001035 0.00179238 0.000759042 -0.000161078 -0.00253205 -0.0113462
internal_weight=124761 38068 32922 27753 86693 3549 2709 24204 23154 10554 17672 14176 12600 10856 9450 5390 630 69021 53928 4060 9735 5280 1856 15093 13657 8246 3926 3042 1248 156
internal_count=124761 38068 32922 27753 86693 3549 2709 24204 23154 10554 17672 14176 12600 10856 9450 5390 630 69021 53928 4060 9735 5280 1856 15093 13657 8246 3926 3042 1248 156
is_linear=0
shrinkage=0.05


Tree=74
num_leaves=31
num_cat=0
split_feature=9 0 0 7 7 0 3 11 0 3 0 7 9 4 8 3 0 8 0 3 10 10 0 9 3 3 8 7 3 8
split_gain=23.9978 14.1866 12.3036 10.5293 9.3801 9.2165 8.7216 7.25558 5.96593 5.89117 7.67823 9.90288 7.20456 6.79543 6.26055 6.00804 5.74762 5.70741 5.70541 5.62488 5.28909 5.14271 5.02486 4.80423 10.3595 4.69055 4.60597 4.97861 4.57481 4.45746
threshold=30.258854166666669 75.500000000000014 8.5000000000000018 25.512500000000006 22.212500000000006 87.500000000000014 0.45273815774107123 1.145836891908117 82.500000000000014 -0.66528616069191593 30.500000000000004 15.587500000000004 26.925260416666671 0.21652257995689161 34.350000000000001 -0.13398594226331254 60.500000000000007 34.45000000000001 68.500000000000014 0.43733377705052551 1.0000000180025095e-35 1.0000000180025095e-35 84.500000000000014 32.692447916666673 0.51297097409535064 -0.98664820696349753 37.150000000000013 32.112500000000004 0.54219432480460406 39.050000000000004
decision_type=2 2 2 2 2 2 2 2 2 2 2 2 2 2 2 2 2 2 2 2 2 2 2 2 2 2 2 2 2 2
left_child=1 2 3 -1 5 -3 -2 9 18 12 14 -12 25 -14 -11 17 -17 -13 23 22 -21 26 -6 24 -8 -4 -20 -28 -29 -26
right_child=6 4 7 -5 19 -7 8 -9 -10 10 11 15 13 -15 -16 16 -18 -19 21 20 -22 -23 -24 -25 29 -27 27 28 -30 -31
leaf_value=5.0301668745891351e-05 0.0023595935779794244 0.00027784847190665153 -0.00031336469316275447 0.0041895529160322744 0.00063039819896231809 -0.00013546331386031125 -0.002808416224477678 0.0015244059185536101 0.0029711910713541108 -0.00011125827562070799 0.00061778911216923938 -0.00030989906612213889 0.00060177125256578303 -0.00059736260698867681 -0.00053380618473046807 0.00012840646865659329 -0.00017774328306029567 -0.0050130382420671936 -0.0023281934196395949 -0.00043695598660952015 0.00052292692042946913 0.0014670246135160736 0.0029529349485555869 0.0014976451415814171 0.00040179173785200506 1.2004296930610935e-05 0.0013605839990890698 0.0020300958048441431 -0.0011857597541043857 -0.00042477212409904112
leaf_weight=7184 11903 5895 2412 2662 3854 4510 138 1139 1086 14729 4584 9273 9849 335 1782 13220 6617 89 98 823 2369 294 4362 2139 2622 9112 205 84 491 901
leaf_count=7184 11903 5895 2412 2662 3854 4510 138 1139 1086 14729 4584 9273 9849 335 1782 13220 6617 89 98 823 2369 294 4362 2139 2622 9112 205 84 491 901
internal_value=0.000635656 0.000333015 3.47647e-05 0.00169409 0.0014677 0.000382028 0.00222459 -0.000188608 0.000954331 -0.000251243 -0.000548375 -0.000116479 0.000437166 0.00140613 -0.00143208 -0.000455666 3.70522e-05 -0.00149968 0.000417384 0.00245792 0.000676692 -0.0027645 0.00314995 0.00106034 -3.96065e-05 -0.000419125 -0.00468109 -0.00339744 -0.00578261 0.000486801
internal_weight=124761 104800 82987 9846 21813 10405 19961 73141 8058 72002 50294 33783 21708 10184 16511 29199 19837 9362 6972 11408 3192 1172 8216 5800 3661 11524 878 780 575 3523
internal_count=124761 104800 82987 9846 21813 10405 19961 73141 8058 72002 50294 33783 21708 10184 16511 29199 19837 9362 6972 11408 3192 1172 8216 5800 3661 11524 878 780 575 3523
is_linear=0
shrinkage=0.05


Tree=75
num_leaves=31
num_cat=0
split_feature=9 3 9 3 10 3 9 11 3 9 3 9 0 1 7 8 0 10 0 0 0 9 0 0 4 4 9 8 8 11
split_gain=23.5386 13.3456 14.9861 8.52616 7.75809 7.80683 15.2492 9.28533 9.11765 9.34394 8.81876 7.12858 10.0729 10.1606 7.10986 7.74197 6.54153 8.60858 9.10899 7.14681 7.50324 7.36933 6.31986 7.80182 6.81896 5.75188 10.2242 6.64384 5.68934 6.26914
threshold=30.150260416666672 -0.63921128368950708 26.541666666666668 0.63920241694561786 1.0000000180025095e-35 -0.17647087149565668 29.938281250000003 0.9040579196039068 0.82899317702918729 18.07057291666667 0.85673801594079257 27.634114583333339 35.500000000000007 2.5000000000000004 8.7875000000000032 16.900000000000002 22.500000000000004 1.0000000180025095e-35 81.500000000000014 70.500000000000014 49.500000000000007 30.522135416666668 17.500000000000004 81.500000000000014 0.19969739736768838 -0.96904977397942549 28.553385416666671 32.45000000000001 31.850000000000005 0.99802285755768305
decision_type=2 2 2 2 2 2 2 2 2 2 2 2 2 2 2 2 2 2 2 2 2 2 2 2 2 2 2 2 2 2
left_child=1 2 28 16 -3 6 14 11 -9 -10 -11 -7 13 -13 15 -6 -2 18 19 20 21 -18 -4 24 -24 26 -16 -28 29 -1
right_child=3 4 22 -5 5 7 -8 8 9 10 -12 12 -14 -15 25 -17 17 -19 -20 -21 -22 -23 23 -25 -26 -27 27 -29 -30 -31
leaf_value=9.1571393794398492e-05 0.0063391289077050529 -7.5284491916409021e-05 0.0036265430234104523 8.3313791898029105e-05 -2.1880564747983185e-05 -5.3191666062403304e-05 -0.0030888331519287738 0.00038263797859207989 -0.00047780190008605536 -0.00052926871108687921 0.00011948575487189242 -0.0012649543870442437 -0.00039470634794704903 -0.00046808411600568543 -0.0029943275537670008 -0.0010059765167512453 -0.0024366715189854471 0.0029815460447015752 0.0086541836001303631 -0.0010722549518809802 0.0028762804956285262 9.0774059243384784e-05 0.00055263372379464875 0.0037901756660513814 -0.00056701073303074164 -1.0833834614606587e-05 0.0022700206842061715 -0.0020278773304151713 0.0016987980416088627 -0.00018425215685718917
leaf_weight=10080 3795 27354 3090 5188 129 2112 181 17762 768 864 9792 108 420 141 192 119 216 3942 1546 1218 2331 2781 10368 2394 576 10394 288 272 768 5572
leaf_count=10080 3795 27354 3090 5188 129 2112 181 17762 768 864 9792 108 420 141 192 119 216 3942 1546 1218 2331 2781 10368 2394 576 10394 288 272 768 5572
internal_value=0.000626438 0.00031732 0.00115045 0.00215231 -6.8692e-05 0.000345873 -0.000766738 0.000748741 0.00101179 -9.01609e-05 0.000293731 -0.00201187 -0.00650972 -0.0144779 -0.000538002 -0.00891129 0.00272885 0.00215805 0.00122467 0.000409411 0.00119932 -0.000455455 0.00221816 0.00174614 0.00118056 -0.000351695 -0.00457447 -0.00116071 8.2217e-05 -0.000123946
internal_weight=124761 103744 32848 21017 70896 43542 11575 31967 29186 11424 10656 2781 669 249 11394 248 15829 12034 8092 6546 5328 2997 16428 13338 10944 11146 752 560 16420 15652
internal_count=124761 103744 32848 21017 70896 43542 11575 31967 29186 11424 10656 2781 669 249 11394 248 15829 12034 8092 6546 5328 2997 16428 13338 10944 11146 752 560 16420 15652
is_linear=0
shrinkage=0.05


Tree=76
num_leaves=31
num_cat=0
split_feature=9 0 0 7 7 0 0 10 7 0 11 7 7 7 8 11 9 11 3 3 3 0 7 1 10 11 1 10 3 9
split_gain=22.5377 13.2447 12.1015 10.3944 8.45357 8.13581 9.81758 9.16627 8.75488 7.94257 6.95454 6.36653 5.57704 5.43998 9.46669 5.87675 18.1523 5.48239 5.3883 5.48731 5.30156 5.50822 5.27811 5.15711 4.96734 4.56115 8.99758 4.48216 4.41714 6.62171
threshold=30.258854166666669 75.500000000000014 8.5000000000000018 25.512500000000006 22.212500000000006 82.500000000000014 23.500000000000004 1.0000000180025095e-35 36.51250000000001 87.500000000000014 1.145836891908117 26.712500000000006 27.012500000000006 32.212500000000013 34.350000000000001 1.1163525015609757 29.557031250000005 0.99557230953365117 0.45273815774107123 0.48314048284850658 0.54940630780725741 84.500000000000014 27.087500000000006 1.0000000180025095e-35 1.0000000180025095e-35 1.1118361362686917 1.0000000180025095e-35 1.0000000180025095e-35 -0.67803021058859214 26.925260416666671
decision_type=2 2 2 2 2 2 2 2 2 2 2 2 2 2 2 2 2 2 2 2 2 2 2 2 2 2 2 2 2 2
left_child=1 2 3 -1 9 6 11 8 18 27 13 -2 -9 14 15 28 -17 23 25 -20 21 -6 -18 -16 -22 -8 -27 -3 29 -4
right_child=5 4 10 -5 20 -7 7 12 -10 -11 -12 -13 -14 -15 17 16 22 -19 19 -21 24 -23 -24 -25 -26 26 -28 -29 -30 -31
leaf_value=4.8525764304824197e-05 0.00011945490123662554 1.6951440528944826e-05 -5.2415727639060535e-05 0.0039421046056330551 0.00056887005139563262 0.0048929594012264719 0.0004144698170027165 -0.0012907353629165014 0.00080932919958040745 -0.00012866708269712712 0.0014447783595728622 0.0064459868908076107 0.0018949446636800753 0.00038017090755151982 -0.0014316308776852573 -0.00014788466031067542 -0.00085594739192236004 -0.00020625829257018741 -0.003524273168155827 -0.00040241389866566072 -0.00042927955767464195 0.0026941072514402495 -0.0028322126706742789 -0.00075960842230866953 0.00045760291851942072 -0.0044824979081359894 -0.00056540906382253212 0.00059528414486514566 -5.787708042512127e-05 0.00056961763245109152
leaf_weight=7184 1234 2784 10867 2662 3962 2697 3155 58 3153 4510 1139 3762 3482 5590 133 1575 59 2215 150 1873 743 4494 211 1085 2209 59 338 3111 41947 8320
leaf_count=7184 1234 2784 10867 2662 3962 2697 3155 58 3153 4510 1139 3762 3482 5590 133 1575 59 2215 150 1873 743 4494 211 1085 2209 59 338 3111 41947 8320
internal_value=0.000609606 0.000316317 2.81371e-05 0.00167378 0.00141269 0.00214944 0.00175046 0.000989567 0.000119157 0.000382028 -0.000193393 0.0036189 0.00313559 -0.000254715 -0.000380804 -0.000241429 -0.00302168 -0.00293766 -0.00107175 -0.00313149 0.00235274 0.00298959 -0.015 -0.00563218 0.000528455 0.000101352 -0.00494962 0.00159033 -0.000157523 0.000470892
internal_weight=124761 104800 82987 9846 21813 19961 17264 12268 8728 10405 73141 4996 3540 72002 66412 62979 1845 3433 5575 2023 11408 8456 270 1218 2952 3552 397 5895 61134 19187
internal_count=124761 104800 82987 9846 21813 19961 17264 12268 8728 10405 73141 4996 3540 72002 66412 62979 1845 3433 5575 2023 11408 8456 270 1218 2952 3552 397 5895 61134 19187
is_linear=0
shrinkage=0.05


Tree=77
num_leaves=31
num_cat=0
split_feature=9 0 0 10 9 3 3 0 11 4 11 1 4 3 7 0 4 0 6 9 11 4 3 0 10 6 9 0 0 7
split_gain=21.5468 12.6624 14.4799 9.48568 8.81119 8.40745 8.39018 8.1663 6.97868 6.1937 9.35737 5.83593 5.8019 6.7269 5.67926 5.44844 6.93634 7.06425 5.02155 4.98968 4.94298 8.12132 4.68139 4.66091 5.89257 4.703 4.49088 4.46592 6.73555 5.38233
threshold=28.750260416666666 83.500000000000014 15.500000000000002 1.0000000180025095e-35 33.96510416666667 -0.85671820900978868 0.78857998149907527 38.500000000000007 0.85059732269882649 -0.96904977397942549 0.84498567688228199 2.5000000000000004 -0.83849291496497236 0.45273815774107123 34.01250000000001 76.500000000000014 -0.30982845708428081 15.500000000000002 1.0000000180025095e-35 22.899479166666669 1.1016663470368233 -0.93237865822738086 0.83849049182116964 44.500000000000007 1.0000000180025095e-35 1.0000000180025095e-35 31.483072916666668 32.500000000000007 2.5000000000000004 13.912500000000003
decision_type=2 2 2 2 2 2 2 2 2 2 2 2 2 2 2 2 2 2 2 2 2 2 2 2 2 2 2 2 2 2
left_child=5 2 6 4 9 15 -2 26 -9 -4 14 12 13 20 -11 16 -1 -18 -8 -19 -12 -22 -3 -21 25 -25 -5 28 -7 -29
right_child=1 22 3 7 -6 27 18 8 -10 10 11 -13 -14 -15 -16 -17 17 19 -20 23 21 -23 -24 24 -26 -27 -28 29 -30 -31
leaf_value=0.0018722397455546221 0.0042855485238714602 0.005246475120093015 0.00074647466743169672 -0.0001501363491552413 0.0012809585947784021 0.00017814935829908013 3.3215660757812262e-05 -0.0027739613431353202 0.0015735713206479548 -0.0017996150520887847 -0.00062189062617669518 4.0753738644392883e-06 -0.00031286668094118795 -0.0037029304458215083 0.0013101421433590785 0.0009718773539563356 0.00049670755303603265 0.0022198355328550104 -0.0015803091101569485 -0.0003181802789861933 -0.0032440247673953997 -0.00054515286785401069 -0.0002166524057264918 -0.00020240592674806925 0.00053960919869983255 -0.00094636666019131072 0.0032982111196283091 0.00025337534706111907 -7.8857025687237813e-05 -1.6659877649692703e-06
leaf_weight=1386 5495 4249 2652 3535 3128 2176 784 90 7758 151 748 5163 2787 136 53 3401 2584 671 80 4350 136 136 504 1664 3008 128 483 6415 21719 39191
leaf_count=1386 5495 4249 2652 3535 3128 2176 784 90 7758 151 748 5163 2787 136 53 3401 2584 671 80 4350 136 136 504 1664 3008 128 483 6415 21719 39191
internal_value=0.000594777 0.00158637 0.00124193 0.000735643 -9.60899e-05 0.000159356 0.00338811 0.00179336 0.00273191 -0.000713927 -0.00132116 -0.0010839 -0.00253234 -0.00551038 -0.0119118 0.00114937 0.000707346 0.000332527 -0.00119213 -0.000279503 -0.00411765 -0.00988971 0.00400063 -0.000584699 0.000489584 -0.00178013 -3.98206e-05 -8.55381e-05 -0.000639255 0.000204579
internal_weight=124761 38068 33315 26956 15090 86693 6359 11866 7848 11962 9310 9106 3943 1156 204 17192 13791 12405 864 9821 1020 272 4753 9150 4800 1792 4018 69501 23895 45606
internal_count=124761 38068 33315 26956 15090 86693 6359 11866 7848 11962 9310 9106 3943 1156 204 17192 13791 12405 864 9821 1020 272 4753 9150 4800 1792 4018 69501 23895 45606
is_linear=0
shrinkage=0.05


Tree=78
num_leaves=31
num_cat=0
split_feature=9 0 0 7 9 4 0 3 0 11 0 0 0 10 9 7 8 11 8 4 0 4 9 3 7 10 3 3 3 1
split_gain=20.7615 11.4284 10.914 12.9154 8.17016 8.16927 7.37441 6.75287 5.85312 5.72224 5.69333 5.56286 5.53688 10.7547 10.6207 8.16933 7.15848 5.84741 5.25913 6.50751 5.22503 6.953 5.95313 5.18565 5.00811 4.92305 4.66094 4.5266 5.82861 5.14898
threshold=30.258854166666669 75.500000000000014 10.500000000000002 25.512500000000006 25.580989583333338 -0.94426098523567992 87.500000000000014 0.54940630780725741 82.500000000000014 1.145836891908117 18.500000000000004 84.500000000000014 33.500000000000007 1.0000000180025095e-35 25.809114583333336 31.512500000000006 34.350000000000001 0.98214465480287083 35.95000000000001 -0.67168186667784702 44.500000000000007 0.11478523713130605 26.651562500000001 -0.85671820900978868 37.01250000000001 1.0000000180025095e-35 0.99995780822346225 -0.42957681104363482 0.31799963745711152 1.5000000000000002
decision_type=2 2 2 2 2 2 2 2 2 2 2 2 2 2 2 2 2 2 2 2 2 2 2 2 2 2 2 2 2 2
left_child=1 2 3 23 6 -2 -3 11 10 12 -7 -6 16 14 -14 20 -4 18 19 -18 -16 -22 -23 -1 25 27 -15 -12 29 -29
right_child=5 4 9 -5 7 8 -8 -9 -10 -11 24 -13 13 26 15 -17 17 -19 -20 -21 21 22 -24 -25 -26 -27 -28 28 -30 -31
leaf_value=0.00055244844611094883 0.0023837390474197402 0.00025384389539454721 -7.4549812637517263e-05 0.0034669213130605579 0.00064958661070316681 0.0015472776896244831 -0.00011813508742953667 4.5929709227950481e-06 0.0028176949091502424 0.0013319887048318503 0.001334160971171592 0.0037170279341782251 1.6201589988268133e-06 0.000202237403014268 -0.0011636836274480044 -9.8229793140199538e-05 -0.0016171652348307393 -0.00022172542214521203 -0.0011413424383749544 -1.7176305082418837e-05 -0.00047290872171096732 -0.00064960022148691276 -0.0018216381330728192 -5.827361685286426e-06 0.00069073061917643329 0.00057657778877431756 -0.0013833616895645327 -0.0030934903999439646 -0.00035947804222009454 -0.00074081684682598828
leaf_weight=1567 8832 7284 22644 3194 3340 2208 4850 2240 1501 1105 448 4099 11340 27540 1212 2645 230 1495 92 253 2045 194 78 7269 2281 1527 84 125 2919 120
leaf_count=1567 8832 7284 22644 3194 3340 2208 4850 2240 1501 1105 448 4099 11340 27540 1212 2645 230 1495 92 253 2045 194 78 7269 2281 1527 84 125 2919 120
internal_value=0.000586361 0.000304867 3.71747e-05 0.00142976 0.00132329 0.00206428 0.000459041 0.00240676 0.00116318 -0.000198923 0.000710428 0.00313147 -0.000255397 7.39955e-05 -0.000895284 -0.00256398 -0.000857004 -0.0036715 -0.00795652 -0.00586956 -0.00413857 -0.00274709 -0.0102574 0.000444772 4.717e-05 -0.000818252 0.000688532 -0.00182447 -0.00249052 -0.00989796
internal_weight=124761 104800 82987 12030 21813 19961 12134 9679 11129 70957 9628 7439 69852 45138 17514 6174 24714 2070 575 483 3529 2317 272 8836 7420 5139 27624 3612 3164 245
internal_count=124761 104800 82987 12030 21813 19961 12134 9679 11129 70957 9628 7439 69852 45138 17514 6174 24714 2070 575 483 3529 2317 272 8836 7420 5139 27624 3612 3164 245
is_linear=0
shrinkage=0.05


Tree=79
num_leaves=31
num_cat=0
split_feature=9 0 0 11 3 10 0 9 3 0 0 0 0 3 8 11 8 8 9 9 8 10 7 0 3 9 9 3 8 9
split_gain=20.196 12.1026 13.6363 9.03984 7.96794 7.68241 8.10473 7.62523 7.30589 7.14862 13.3358 8.39047 10.3306 10.6543 7.26169 7.14244 6.20409 5.58386 5.53817 7.09723 6.42253 8.53633 12.5709 9.23816 10.0388 12.859 7.85523 8.00849 6.48178 6.09009
threshold=28.750260416666666 83.500000000000014 14.500000000000002 0.84498567688228199 -0.85671820900978868 1.0000000180025095e-35 38.500000000000007 30.207291666666666 0.78857998149907527 69.500000000000014 76.500000000000014 50.500000000000007 31.500000000000004 0.78857998149907527 33.650000000000013 0.951205373332216 33.45000000000001 33.650000000000013 26.541666666666668 22.899479166666669 31.850000000000005 1.0000000180025095e-35 26.012500000000006 36.500000000000007 -0.99372698525316483 23.303385416666668 25.138020833333339 -0.99866806308218525 29.150000000000002 26.413281250000001
decision_type=2 2 2 2 2 2 2 2 2 2 2 2 2 2 2 2 2 2 2 2 2 2 2 2 2 2 2 2 2 2
left_child=4 2 8 7 18 9 -7 17 -2 11 15 12 13 -5 16 -11 -14 -4 19 -1 21 22 -21 24 26 -26 -23 -28 -27 -29
right_child=1 -3 3 5 -6 6 -8 -9 -10 10 -12 -13 14 -15 -16 -17 -18 -19 -20 20 -22 23 -24 -25 25 28 27 29 -30 -31
leaf_value=0.0021008944388251883 0.004123792210379138 0.003546986713354558 0.0005317398551952546 0.001488130618934463 -1.0760467752608536e-05 5.5478044113427354e-06 0.0014678102820605804 -4.9498571386281835e-05 -0.00019729585276697981 -0.0019256847327004313 0.00065143952267789323 0.0010716030165116312 -0.00098284543384812495 -0.00068078400084824403 -0.00028459802003666498 -0.00087371237280672767 -0.0026030867482547989 -0.0026362945366755538 0.00078808370657920928 0.0015704013546046216 0.0016002534964632339 -7.3167276402746312e-05 -0.00035947041619722011 -1.9469766424484613e-05 -0.00080414187429076172 0.00099516050901066796 -0.001080401137784507 -0.00044961798131500042 -0.00043462548175929994 -0.00090244828042561158
leaf_weight=1056 5153 4753 69 3111 69501 4152 7758 345 810 259 1499 4085 684 544 3325 1246 76 199 7108 2109 768 148 1443 2891 111 481 78 148 777 74
leaf_count=1056 5153 4753 69 3111 69501 4152 7758 345 810 259 1499 4085 684 544 3325 1246 76 199 7108 2109 768 148 1443 2891 111 481 78 148 777 74
internal_value=0.00057514 0.00153515 0.00119841 0.00072609 0.000153588 0.00086372 0.0018094 -0.00527732 0.00336492 0.000104188 -0.0020739 0.000657505 -0.000310077 0.00162107 -0.00203794 -0.00539867 -0.00644737 -0.0116045 0.00111738 0.000363943 -8.97207e-05 -0.000496368 0.00135417 -0.00189252 -0.0046863 -0.00256026 -0.011183 -0.0158333 -0.00112083 -0.010991
internal_weight=124761 38068 33315 27352 86693 26739 11910 613 5963 14829 3004 11825 7740 3655 4085 1505 760 268 17192 10084 9028 8260 3552 4708 1817 1369 448 300 1258 222
internal_count=124761 38068 33315 27352 86693 26739 11910 613 5963 14829 3004 11825 7740 3655 4085 1505 760 268 17192 10084 9028 8260 3552 4708 1817 1369 448 300 1258 222
is_linear=0
shrinkage=0.05


Tree=80
num_leaves=31
num_cat=0
split_feature=9 0 0 10 3 3 0 9 9 9 8 10 7 0 3 9 9 3 8 9 11 3 11 3 3 0 0 7 0 8
split_gain=19.4334 11.2545 12.5358 8.28691 7.90685 7.20726 7.11715 7.04325 5.35328 6.72749 5.93966 7.75757 11.7247 8.86523 9.35621 12.2147 7.30711 7.84543 5.90441 5.85811 5.32904 5.04986 5.00609 4.83862 4.61016 6.0376 11.3914 5.08179 4.41967 4.38288
threshold=28.750260416666666 83.500000000000014 15.500000000000002 1.0000000180025095e-35 0.69056404122701587 -0.85671820900978868 38.500000000000007 33.96510416666667 26.541666666666668 22.899479166666669 31.850000000000005 1.0000000180025095e-35 25.912500000000005 36.500000000000007 -0.99372698525316483 23.303385416666668 25.138020833333339 -0.99866806308218525 29.150000000000002 26.413281250000001 0.9987604681581238 0.83849049182116964 0.87438713147174518 0.54219432480460406 0.16799745313369893 31.500000000000004 48.500000000000007 35.237500000000004 11.500000000000002 18.050000000000004
decision_type=2 2 2 2 2 2 2 2 2 2 2 2 2 2 2 2 2 2 2 2 2 2 2 2 2 2 2 2 2 2
left_child=5 2 4 7 -2 8 -5 24 9 -1 11 12 -11 14 16 -16 -13 -18 -17 -19 -10 -3 -8 -9 25 -4 -27 -26 -20 -7
right_child=1 21 3 6 -6 29 22 23 20 10 -12 13 -14 -15 15 18 17 19 28 -21 -22 -23 -24 -25 27 26 -28 -29 -30 -31
leaf_value=0.0019958497168839286 0.0041051854791376427 0.0046702714065144438 0.0016713396817311288 -6.3332462370427477e-06 -9.4375979859480979e-05 0.00018292842859750778 -0.00088957143786610115 0.0016692168267208854 0.00025768616694052366 0.0014972336807390282 0.0015202408216400726 -6.9508912582608967e-05 -0.00033068634738178101 -1.849627810326093e-05 -0.00076393478057622374 0.00094540248356013489 -0.0010263810808952814 -0.0004271370822492511 0.0001409288155451106 -0.00085732586640433015 0.0018104050305744149 -0.00042534477346851675 0.0014611607108335008 -0.00062640961308022501 -0.00061622064094268825 -0.00098450412497816712 0.00054522836449234964 8.733653787788449e-05 -0.00055379357160564727 -2.3692709240459961e-05
leaf_weight=1056 5167 4249 1616 4018 1192 6240 225 2516 4032 2089 768 148 1463 2891 111 481 78 148 252 74 3076 504 7623 612 3299 1717 3534 1796 525 63261
leaf_count=1056 5167 4249 1616 4018 1192 6240 225 2516 4032 2089 768 148 1463 2891 111 481 78 148 252 74 3076 504 7623 612 3299 1717 3534 1796 525 63261
internal_value=0.000561915 0.00150363 0.0011789 0.00070782 0.00317581 0.000148397 0.00169644 -6.95823e-05 0.00106503 0.000324276 -0.000117412 -0.000508474 0.00125563 -0.00183942 -0.00457622 -0.00252374 -0.0108482 -0.0153333 -0.00112083 -0.0105405 0.00211593 0.00377972 0.00257263 0.00204284 -0.000621969 0.000223533 -0.000598933 -0.00176153 -0.00381596 -7.8344e-05
internal_weight=124761 38068 33315 26956 6359 86693 11866 15090 17192 10084 9028 8260 3552 4708 1817 1369 448 300 1258 222 7108 4753 7848 3128 11962 6867 5251 5095 777 69501
internal_count=124761 38068 33315 26956 6359 86693 11866 15090 17192 10084 9028 8260 3552 4708 1817 1369 448 300 1258 222 7108 4753 7848 3128 11962 6867 5251 5095 777 69501
is_linear=0
shrinkage=0.05


Tree=81
num_leaves=31
num_cat=0
split_feature=9 0 0 3 9 3 0 0 10 0 4 0 0 0 11 0 3 0 7 8 9 8 0 3 0 4 7 1 9 9
split_gain=18.9531 10.239 10.5993 8.12054 7.30643 6.85735 6.83104 7.0316 7.18807 7.23305 6.60704 6.54151 6.35127 6.05676 5.77422 5.31516 4.99106 5.37271 9.033 5.80159 5.15302 6.15484 7.33112 4.88208 5.32827 5.04093 9.34495 5.159 7.39027 6.02738
threshold=30.258854166666669 75.500000000000014 6.5000000000000009 0.63920241694561786 25.518750000000001 0.54940630780725741 22.500000000000004 82.500000000000014 1.0000000180025095e-35 70.500000000000014 0.32410992729244009 93.500000000000014 77.500000000000014 45.500000000000007 1.145836891908117 84.500000000000014 -0.66528616069191593 30.500000000000004 15.587500000000004 34.350000000000001 26.925260416666671 34.050000000000004 68.500000000000014 -0.13398594226331254 61.500000000000007 -0.96904977397942549 28.737500000000004 3.5000000000000004 29.444531250000001 28.815885416666671
decision_type=2 2 2 2 2 2 2 2 2 2 2 2 2 2 2 2 2 2 2 2 2 2 2 2 2 2 2 2 2 2
left_child=1 2 10 6 11 15 -2 8 9 13 -1 -3 -11 -8 16 -6 20 19 -19 -18 -4 -22 -23 25 -25 26 -20 29 -29 -28
right_child=3 4 14 -5 5 -7 7 -9 -10 12 -12 -13 -14 -15 -16 -17 17 18 23 -21 21 22 -24 24 -26 -27 27 28 -30 -31
leaf_value=0.00079020902662319263 0.0057452408340682628 0.00012489092278133727 -4.5654642765628517e-05 5.7186045141232519e-05 0.00059682844990666421 -2.2773219527949672e-05 -0.00016289843240151574 0.0073579019628985777 0.0022058345590367004 -0.0014840285235582468 1.6718609996178625e-05 -0.0003070340032367309 0.0011641918873682598 0.0020468308343862545 0.0012696380602622201 0.0033205924546653668 -8.4373419479536529e-05 0.0005659708565729655 -0.0026272338394773783 -0.00041851336519128706 0.00060347718450903115 -0.00022905342351769379 -0.0012678579950542801 0.00011563560321966709 -0.00018718016570299934 -0.00023591856687429327 -0.0036075390796194238 0.0012055862868734441 -0.0040246432054134289 0.0015639356725314557
leaf_weight=4078 3588 10832 11868 4996 3367 2280 2484 2021 2880 756 3584 1202 536 2700 1173 4132 16069 4584 57 1944 9729 682 77 13728 6109 8651 96 85 166 307
leaf_count=4078 3588 10832 11868 4996 3367 2280 2484 2021 2880 756 3584 1202 536 2700 1173 4132 16069 4584 57 1944 9729 682 77 13728 6109 8651 96 85 166 307
internal_value=0.00055951 0.000290554 3.71747e-05 0.00197159 0.00125453 0.00226966 0.00255429 0.00195438 0.00137666 0.00045244 0.00180893 0.000429616 -0.00289474 0.00128665 -0.000143047 0.00299973 -0.000198106 -0.000467603 -9.5758e-05 -0.00116499 0.000426284 0.00123379 -0.00310277 -0.000419706 2.44494e-05 -0.00136082 -0.00540788 -0.0037156 -0.00934263 -0.000210918
internal_weight=124761 104800 82987 19961 21813 9779 14965 11377 9356 6476 7662 12034 1292 5184 75325 7499 74152 51796 33783 18013 22356 10488 759 29199 19837 9362 711 654 251 403
internal_count=124761 104800 82987 19961 21813 9779 14965 11377 9356 6476 7662 12034 1292 5184 75325 7499 74152 51796 33783 18013 22356 10488 759 29199 19837 9362 711 654 251 403
is_linear=0
shrinkage=0.05


Tree=82
num_leaves=31
num_cat=0
split_feature=9 3 0 0 3 10 9 0 0 11 3 9 0 8 1 3 0 0 10 11 9 11 8 10 3 1 7 11 11 11
split_gain=18.2144 10.2534 8.66232 11.0307 8.51704 9.63775 9.37407 8.11524 11.0778 7.01848 6.8497 7.39156 5.91416 5.88839 8.855 6.72222 5.74406 10.4455 6.47432 5.71718 5.59748 4.96215 5.37331 4.78691 7.1461 7.8125 8.8273 6.41763 9.90894 5.27973
threshold=29.475000000000001 0.65233619298682533 19.500000000000004 80.500000000000014 -0.48314718476766422 1.0000000180025095e-35 26.541666666666668 84.500000000000014 15.500000000000002 1.0167864286959365 -0.53493989022977317 28.277343750000004 51.500000000000007 32.550000000000004 1.0000000180025095e-35 0.9893236546938301 70.500000000000014 51.500000000000007 1.0000000180025095e-35 1.0008822037284635 26.413281250000001 0.99802285755768305 31.850000000000005 1.0000000180025095e-35 -0.99866806308218525 4.5000000000000009 25.912500000000005 0.9078174546384491 0.9131895820237399 0.80519389663381347
decision_type=2 2 2 2 2 2 2 2 2 2 2 2 2 2 2 2 2 2 2 2 2 2 2 2 2 2 2 2 2 2
left_child=4 2 -2 16 6 13 20 8 -8 12 -11 -12 -10 -6 15 -15 17 -4 -18 -7 21 23 -23 29 25 -25 -27 -26 -29 -1
right_child=1 -3 3 -5 5 19 7 -9 9 10 11 -13 -14 14 -16 -17 18 -19 -20 -21 -22 22 -24 24 27 26 -28 28 -30 -31
leaf_value=-0.00046102186978885866 0.0045093158016047651 -1.7418825111334483e-05 0.00013522229456022105 0.0053211541645608144 -5.4108190777819985e-05 -4.8169828734417197e-05 0.0030306811262979585 0.0039809081967448184 -0.00034334910326027458 0.0013933437551064663 -0.0023700731142128778 -0.00020631956114782585 0.00041074071150754064 -0.0016605483437987113 -0.0002436030733795593 -7.4827474188247174e-05 -0.0010923989965273874 0.0030556736431116387 0.0014718245615562306 0.00019588077004352233 -0.00047718854510373832 -0.00014333517503185126 0.0021721793150732711 -2.3157908694279486e-05 0.000811856550856991 -0.00098702511411389855 0.00023172677868748827 -0.0009005024746181194 -1.3229747339898669e-05 0.00043160585479434999
leaf_weight=192 4700 6916 7520 3504 19002 17075 2892 1980 4356 3519 69 483 3993 384 2496 192 1388 4458 946 18628 576 6820 480 288 1440 130 62 96 5088 5088
leaf_count=192 4700 6916 7520 3504 19002 17075 2892 1980 4356 3519 69 483 3993 384 2496 192 1388 4458 946 18628 576 6820 480 288 1440 130 62 96 5088 5088
internal_value=0.000528651 0.00161593 0.00213315 0.00162943 0.000192963 -0.00018805 0.000779186 0.00163428 0.00124478 0.000595813 0.00229796 -0.00288043 -0.00023416 -0.00100933 -0.00304036 -0.00862847 0.00101383 0.001456 -0.00125536 0.000319721 4.93585e-05 0.000191526 -0.000842466 0.000801034 -4.64525e-05 -0.0059375 -0.01375 0.000380435 -0.000439815 0.00194129
internal_weight=124761 29432 22516 17816 95329 57777 37552 17292 15312 12420 4071 552 8349 22074 3072 576 14312 11978 2334 35703 20260 19684 7300 12384 7104 480 192 6624 5184 5280
internal_count=124761 29432 22516 17816 95329 57777 37552 17292 15312 12420 4071 552 8349 22074 3072 576 14312 11978 2334 35703 20260 19684 7300 12384 7104 480 192 6624 5184 5280
is_linear=0
shrinkage=0.05


Tree=83
num_leaves=31
num_cat=0
split_feature=9 0 0 7 3 4 0 0 0 10 0 3 3 7 8 1 11 8 5 0 0 11 11 4 11 11 9 0 3 3
split_gain=18.3595 9.36993 10.4178 11.8629 8.07647 6.7415 6.97548 6.22459 6.1704 7.38228 8.85707 5.46168 5.16821 4.96949 8.29654 5.09923 4.8598 5.74041 4.69502 4.59787 4.28727 4.15058 16.2434 5.14339 4.9361 6.29871 3.94074 3.88738 4.80029 12.1
threshold=30.522135416666668 75.500000000000014 10.500000000000002 25.612500000000004 0.63920241694561786 0.32410992729244009 86.500000000000014 23.500000000000004 79.500000000000014 1.0000000180025095e-35 72.500000000000014 -0.85671820900978868 0.082691702092476851 31.912500000000005 32.45000000000001 1.0000000180025095e-35 0.9040579196039068 32.550000000000004 1.0000000180025095e-35 51.500000000000007 83.500000000000014 1.1178088744719634 1.138526936352606 -0.52765736634565841 1.0809870857286303 1.0764862315683601 26.058333333333337 48.500000000000007 -0.32614396506100213 -0.38242426011641079
decision_type=2 2 2 2 2 2 2 2 2 2 2 2 2 2 2 2 2 2 2 2 2 2 2 2 2 2 2 2 2 2
left_child=1 2 3 11 7 12 -7 -2 9 10 27 -1 20 14 -4 16 -16 -18 -6 -15 -3 24 23 -23 25 26 -17 -9 29 -29
right_child=4 5 13 -5 18 6 -8 8 -10 -11 -12 -13 -14 19 15 21 17 -19 -20 -21 -22 22 -24 -25 -26 -27 -28 28 -30 -31
leaf_value=0.00052040918774173568 0.0054472622297430081 0.00052287652704010191 -8.601205686987568e-06 0.0030574539790086193 0.00010834394947339252 0.00026374247559260807 -0.0001286273518972552 -6.1622088489120315e-05 0.0059461615740843184 0.002614513274869011 -0.0013391191648693776 -6.8805174652259568e-06 0.0001329966841921438 -0.0001639187693020336 -0.0012134202033269137 0.00045066332718397568 -0.0043274100604318057 -0.00040196947507126717 -0.0010063418335295826 0.000641789607419215 0.002266272134498403 -0.0022088244208440396 0.0003267109684183341 -0.0014229848424092977 0.00065816183636568481 -0.00086808681427881929 -0.00032330991601604245 0.0040919298737526859 0.0024036178602145982 -0.0025095658886998681
leaf_weight=1615 3408 3000 53087 3277 4228 5632 4602 2575 2263 2184 720 7358 4460 2731 178 952 102 1471 192 4741 4518 198 546 103 1041 79 7028 144 2232 96
leaf_count=1615 3408 3000 53087 3277 4228 5632 4602 2575 2263 2184 720 7358 4460 2731 178 952 102 1471 192 4741 4518 198 546 103 1041 79 7028 144 2232 96
internal_value=0.000529052 0.00027966 3.94644e-05 0.00138776 0.00200421 0.0011935 0.000251124 0.00260681 0.00198943 0.00133379 0.00039622 0.000447454 0.00199866 -0.000189116 -0.000329937 -0.0015353 -0.00402341 -0.00313732 0.000147059 0.00103185 0.00279862 -0.00109732 -0.0044451 -0.0137708 -0.000785714 -0.00120424 -0.00106516 0.00113632 0.00255259 -0.00416667
internal_weight=124761 106719 84507 12250 18042 22212 10234 13622 10214 7951 5767 8973 11978 72257 64785 11698 1751 1573 4420 7472 7518 9947 847 301 9100 8059 7980 5047 2472 240
internal_count=124761 106719 84507 12250 18042 22212 10234 13622 10214 7951 5767 8973 11978 72257 64785 11698 1751 1573 4420 7472 7518 9947 847 301 9100 8059 7980 5047 2472 240
is_linear=0
shrinkage=0.05


Tree=84
num_leaves=31
num_cat=0
split_feature=9 3 9 4 0 0 10 3 9 11 3 9 3 9 0 1 4 9 7 9 8 4 3 11 8 5 11 0 5 11
split_gain=17.6046 9.97024 10.9991 8.99778 8.87568 11.4298 7.14112 9.2244 15.9478 8.02182 7.8483 7.29104 8.08899 6.48131 7.91284 10.6577 6.36478 5.51526 5.42297 5.38808 4.99208 4.85937 9.63721 4.82424 4.72309 4.64488 4.61892 4.57835 4.55032 9.86161
threshold=30.150260416666672 -0.48314718476766422 26.541666666666668 -0.9497838742125716 14.500000000000002 82.500000000000014 1.0000000180025095e-35 -0.17647087149565668 29.938281250000003 0.9040579196039068 0.82899317702918729 20.683593750000004 0.85673801594079257 27.634114583333339 35.500000000000007 2.5000000000000004 0.19969739736768838 32.437500000000007 6.6625000000000014 26.413281250000001 35.350000000000001 -0.85674049181790024 0.45273815774107123 0.99802285755768305 31.850000000000005 1.0000000180025095e-35 0.98214465480287083 50.500000000000007 1.0000000180025095e-35 1.0221204649632492
decision_type=2 2 2 2 2 2 2 2 2 2 2 2 2 2 2 2 2 2 2 2 2 2 2 2 2 2 2 2 2 2
left_child=1 2 19 -2 -4 16 -3 8 18 13 -11 -12 -13 -9 15 -15 26 20 -8 23 -5 22 -22 -1 -25 -23 27 -6 -14 -30
right_child=3 6 4 17 5 -7 7 9 -10 10 11 12 28 14 -16 -17 -18 -19 -20 -21 21 25 -24 24 -26 -27 -28 -29 29 -31
leaf_value=0.00010752290243799756 0.0021911896093430982 -7.7015864314460057e-05 0.0031655818851001739 0.0013646503901019206 -0.00034934339000192247 0.0032496363475626212 -0.00093992179252796581 -4.5890650887286624e-05 -0.003172280047234135 0.00034251198755901789 -0.00027319190487200078 -0.00051671663879607644 0.00022122541043637903 -0.0012922617159959432 -0.00036132026415462134 -0.00067708907463648457 -0.00054043962361289828 0.0012172503441119568 -0.00018650220800807275 -0.00051320789033100576 -0.00060640373873496018 9.0905878327802862e-05 -0.0030576237773454838 -0.00014087746087689464 0.0020143638649191583 -0.00095602474185310258 0.00069362478133616547 0.00049928732949752936 -0.0011556259146581337 0.00059837730657150232
leaf_weight=12384 8832 24090 3177 1823 2988 2743 79 2112 181 17762 1824 768 8160 108 420 141 612 4416 6899 576 864 4698 192 6820 480 192 8092 2656 288 384
leaf_count=12384 8832 24090 3177 1823 2988 2743 79 2112 181 17762 1824 768 8160 108 420 141 612 4416 6899 576 864 4698 192 6820 480 192 8092 2656 288 384
internal_value=0.000523441 0.000256111 0.000868289 0.00184303 0.00169183 0.00124071 -0.000136358 0.000280632 -0.00134167 0.000643945 0.00088844 -0.000133928 0.000416667 -0.00192197 -0.00621076 -0.0132731 0.000675356 0.000962249 -0.000961593 4.44227e-05 0.000160252 -0.00054154 -0.00361742 0.000183906 -0.000835616 0.0001227 0.000897641 -0.000200212 0.000844656 -0.00311012
internal_weight=124761 103744 40528 21017 20268 17091 63216 39126 7159 31967 29186 11424 9600 2781 669 249 14348 12185 6978 20260 7769 5946 1056 19684 7300 4890 13736 5644 8832 672
internal_count=124761 103744 40528 21017 20268 17091 63216 39126 7159 31967 29186 11424 9600 2781 669 249 14348 12185 6978 20260 7769 5946 1056 19684 7300 4890 13736 5644 8832 672
is_linear=0
shrinkage=0.05


Tree=85
num_leaves=31
num_cat=0
split_feature=9 0 0 7 3 0 0 10 9 0 0 0 3 0 0 7 8 0 10 0 3 4 3 9 9 8 4 8 8 3
split_gain=16.0122 8.52613 10.3555 8.44759 7.57549 6.63524 6.37027 7.23193 5.97233 5.94922 5.4936 6.06918 5.43175 5.50543 5.41024 4.50696 6.02227 5.57398 6.60874 7.62136 5.57429 5.17157 10.5535 6.38744 6.47191 5.06487 4.34838 6.09058 4.72926 4.1388
threshold=30.522135416666668 75.500000000000014 8.5000000000000018 25.512500000000006 0.65233619298682533 23.500000000000004 82.500000000000014 1.0000000180025095e-35 25.518750000000001 93.500000000000014 69.500000000000014 48.500000000000007 0.54940630780725741 84.500000000000014 77.500000000000014 32.212500000000013 32.45000000000001 23.500000000000004 1.0000000180025095e-35 30.500000000000004 -0.44504625642270151 -0.9497838742125716 -0.16799356919963607 29.732812500000005 29.938281250000003 32.050000000000004 -0.98801846520836312 32.650000000000013 32.550000000000004 -0.92274349529687905
decision_type=2 2 2 2 2 2 2 2 2 2 2 2 2 2 2 2 2 2 2 2 2 2 2 2 2 2 2 2 2 2
left_child=1 2 3 29 5 -2 7 10 9 -3 11 -7 13 -10 -12 16 25 20 -19 -20 -18 22 23 -21 -25 -4 -22 28 -28 -1
right_child=4 8 15 -5 -6 6 -8 -9 12 -11 14 -13 -14 -15 -16 -17 17 18 19 21 26 -23 -24 24 -26 -27 27 -29 -30 -31
leaf_value=0.00069919800169550284 0.0051057452916886265 0.00012042557423558771 -2.0941537555328614e-05 0.0029834944766514862 6.4145910515887965e-06 -0.00013989609893502952 0.0067616265328581324 0.0024246659610596966 0.00049261876030038418 -0.00027867689161293696 -0.0013330257227155682 0.0024390567644320457 -5.1869570202235904e-06 0.0028760757406600199 0.0012741059653116071 0.00032774682918771081 0.0013077426081388544 -0.00076221357159498345 -0.00079213529116759808 -0.0044443063374584079 0.0028768694288941131 0.00028301031411430536 0.0001522110972304535 0.0016679015663332169 -0.0046135682599397028 0.00066981920606966382 -0.0012944727566540112 -0.00015843881113396848 -0.0020626953165230285 1.1699195975843168e-05
leaf_weight=977 3456 10832 52461 2829 4228 2625 1866 2301 3492 1202 840 2205 2400 4286 521 6413 1350 3235 1274 109 360 3325 592 101 78 2569 75 2479 60 6220
leaf_count=977 3456 10832 52461 2829 4228 2625 1866 2301 3492 1202 840 2205 2400 4286 521 6413 1350 3235 1274 109 360 3325 592 101 78 2569 75 2479 60 6220
internal_value=0.00050741 0.000274506 4.5381e-05 0.00155396 0.00188505 0.00245186 0.00181888 0.00123764 0.00114623 0.000392222 0.000348086 0.00113872 0.00203773 0.00267935 -0.00245775 -0.000157691 -0.000277076 -0.00124329 -0.00197154 -0.000913488 0.00022433 0.000112961 -0.00329545 -0.0111458 -0.0053352 -4.81554e-05 -0.000985205 -0.00169472 -0.012037 0.000644019
internal_weight=124761 106719 84507 10026 18042 13814 10358 8492 22212 12034 6191 4830 10178 7778 1361 74481 68068 13038 8714 5479 4324 4205 880 288 179 55030 2974 2614 135 7197
internal_count=124761 106719 84507 10026 18042 13814 10358 8492 22212 12034 6191 4830 10178 7778 1361 74481 68068 13038 8714 5479 4324 4205 880 288 179 55030 2974 2614 135 7197
is_linear=0
shrinkage=0.05


Tree=86
num_leaves=31
num_cat=0
split_feature=9 0 0 7 9 7 3 0 4 11 11 4 11 7 8 0 3 3 3 3 11 8 7 3 1 0 3 8 3 9
split_gain=15.8934 9.3185 10.7336 8.38056 7.74557 5.92061 5.86582 5.17415 4.99515 3.98367 6.574 9.78742 5.74341 5.01841 3.93018 3.84291 3.66068 4.08284 3.74792 3.64036 3.47302 5.42165 7.14633 4.45756 2.77551 4.1718 3.17932 5.12136 4.98494 4.35303
threshold=31.817708333333336 76.500000000000014 8.5000000000000018 25.912500000000005 25.518750000000001 32.01250000000001 0.36648264796514479 93.500000000000014 -0.99465740988130902 1.145836891908117 1.1118361362686917 -0.91939278948206182 1.0923437463937298 7.5125000000000011 18.650000000000002 84.500000000000014 0.54219432480460406 0.54940630780725741 -0.32614396506100213 -0.85671820900978868 0.93155087118158786 35.350000000000001 34.01250000000001 -0.99697703579879204 3.5000000000000004 35.500000000000007 -0.95995996396290595 31.850000000000005 -0.8821812062722818 28.153645833333339
decision_type=2 2 2 2 2 2 2 2 2 2 2 2 2 2 2 2 2 2 2 2 2 2 2 2 2 2 2 2 2 2
left_child=1 2 3 19 7 -2 15 14 -4 10 12 -12 20 -14 -3 -6 18 -18 -7 -1 21 -10 -23 -22 26 -26 27 -25 -28 -29
right_child=5 4 8 -5 6 16 -8 -9 9 -11 11 -13 13 -15 -16 -17 17 -19 -20 -21 23 22 -24 24 25 -27 28 29 -30 -31
leaf_value=0.0005872340560392421 0.0030802787533587214 0.00087284246915991836 0.00153507570251766 0.0031372388555126213 0.00066790945309151955 -0.0016406744727884206 8.4143418129355464e-05 -0.00026474304703228991 -0.00011152553114385684 0.00084271074379109728 -0.0019075923853671081 -0.00016362722855372779 -0.00045601101918500112 0.00085486224030387355 4.1425647495288239e-05 0.0031162845561001316 -0.0032657656400592325 2.3835474954808655e-05 0.0012912182801770352 1.2687036847428214e-05 0.0015438593379013892 -0.0012678121089344566 0.00047918280368475295 -0.00054495631297184688 -5.6294330631667525e-05 0.0001990969671764559 0.00092886997572117153 0.00063804069723062652 -6.0099358250803353e-05 -0.00090443286142888758
leaf_weight=1407 4591 1479 1360 2995 3231 81 3296 1202 13860 1564 544 2244 139 2173 8751 4462 122 1818 4720 6254 816 461 287 1292 9639 14627 1768 748 28558 272
leaf_count=1407 4591 1479 1360 2995 3231 81 3296 1202 13860 1564 544 2244 139 2173 8751 4462 122 1818 4720 6254 816 461 287 1292 9639 14627 1768 748 28558 272
internal_value=0.000500998 0.000322625 9.76839e-05 0.00158878 0.00123567 0.00228645 0.00218355 0.000324528 -0.00010006 -0.000151787 -0.000202252 -0.00258608 -0.00011321 0.00233997 0.00068915 0.00293969 0.00134327 -0.000489691 0.00208394 0.000712048 -0.000191627 -0.000880339 -0.00502674 -1.73248e-05 -6.99422e-05 0.000335037 -0.00037104 -0.0021583 -0.000234782 0.000490196
internal_weight=124761 113429 91008 10656 22421 11332 10989 11432 80352 78992 77428 2788 74640 2312 10230 7693 6741 1940 4801 7661 72328 14608 748 57720 56904 24266 32638 2312 30326 1020
internal_count=124761 113429 91008 10656 22421 11332 10989 11432 80352 78992 77428 2788 74640 2312 10230 7693 6741 1940 4801 7661 72328 14608 748 57720 56904 24266 32638 2312 30326 1020
is_linear=0
shrinkage=0.05


Tree=87
num_leaves=31
num_cat=0
split_feature=9 3 0 0 3 9 10 0 0 11 3 9 4 11 9 9 1 3 10 0 0 0 3 0 3 7 11 3 11 11
split_gain=14.8596 9.62859 8.70139 9.86026 6.87551 7.82625 7.78888 7.37658 9.14153 6.83911 6.50721 5.88758 5.35615 5.26184 5.19362 5.01501 5.87155 6.075 4.72496 5.97166 6.32854 6.6863 7.29679 5.76366 5.68475 4.94255 4.63642 12.276 4.62175 5.4306
threshold=29.475000000000001 0.65233619298682533 18.500000000000004 82.500000000000014 -0.48314718476766422 26.541666666666668 1.0000000180025095e-35 11.500000000000002 82.500000000000014 1.0178050453765108 -0.53493989022977317 28.277343750000004 0.18281312110578132 1.0008822037284635 26.413281250000001 25.580989583333338 1.0000000180025095e-35 0.99466373373798567 1.0000000180025095e-35 69.500000000000014 49.500000000000007 30.500000000000004 -0.53493989022977317 77.500000000000014 -0.93235440815991333 32.112500000000004 0.98586352461366833 -0.46801505794253101 0.99733561582144803 1.0315188957178159
decision_type=2 2 2 2 2 2 2 2 2 2 2 2 2 2 2 2 2 2 2 2 2 2 2 2 2 2 2 2 2 2
left_child=4 2 -2 18 5 14 15 -7 9 12 -11 -12 -9 -8 -1 26 17 -17 19 20 21 -4 24 -21 -23 -20 -6 -28 -29 -30
right_child=1 -3 3 -5 6 7 13 8 -10 10 11 -13 -14 -15 -16 16 -18 -19 25 23 -22 22 -24 -25 -26 -27 27 28 29 -31
leaf_value=2.002517484462992e-05 0.0040357448778227832 -3.8894196408878728e-05 0.0012534013497979132 0.0053739878227578915 4.8784705941350291e-05 0.0030961389556694967 -4.7320844837711841e-05 6.1386379105241758e-05 0.0026560451606893465 0.0014742190869840735 -0.00229191934146373 -0.00020240131499498783 -0.00057365359562129873 0.00018108063308240206 -0.0004954430431700135 -0.0015732626483787072 -0.00030269056024539 0.00028631110339427858 0.00028617511915572956 -0.0011970387451125174 0.0019780781776328814 0.00083427172041209145 -0.00028868166334141348 0.0010563867033927721 -0.0015789894749347151 0.0022391841212270132 -0.0011400580294019147 -0.0002567350199649415 4.4446558122604381e-05 -0.00013082970668420692
leaf_weight=19684 4465 6916 1668 3040 6432 2172 17075 8023 2340 3408 71 497 781 18628 576 384 2784 96 3094 1112 2780 76 2318 691 247 3025 96 1632 4992 5658
leaf_count=19684 4465 6916 1668 3040 6432 2172 17075 8023 2340 3408 71 497 781 18628 576 384 2784 96 3094 1112 2780 76 2318 691 247 3025 96 1632 4992 5658
internal_value=0.000487773 0.00146983 0.00197104 0.00148219 0.000184572 0.000711281 -0.000157762 0.0014926 0.00110119 0.000575118 0.00229628 -0.00265845 -0.000202181 0.000298715 4.44227e-05 -0.000896077 -0.00270527 -0.0078125 0.000956299 0.000220423 0.000873889 -0.000326062 -0.00189133 -0.00234886 -0.00893189 0.00202566 -0.000582137 -0.001148 -0.00100879 -0.000629108
internal_weight=124761 29432 22516 18051 95329 37552 57777 17292 15120 12780 3976 568 8804 35703 20260 22074 3264 480 15011 8892 7089 4309 2641 1803 323 6119 18810 12378 12282 10650
internal_count=124761 29432 22516 18051 95329 37552 57777 17292 15120 12780 3976 568 8804 35703 20260 22074 3264 480 15011 8892 7089 4309 2641 1803 323 6119 18810 12378 12282 10650
is_linear=0
shrinkage=0.05


Tree=88
num_leaves=31
num_cat=0
split_feature=9 0 0 9 0 0 3 0 4 3 0 0 7 0 7 9 7 10 10 7 7 3 11 0 10 8 4 9 9 3
split_gain=14.661 8.67984 10.4827 7.25483 5.70821 6.24353 5.45977 5.05558 4.68175 4.67665 6.88868 7.05409 6.61142 5.90771 8.19938 6.24882 5.00813 4.91871 4.52292 5.07647 4.49583 4.3525 4.00015 3.92216 4.62633 4.26812 4.14857 5.94723 4.68785 4.41564
threshold=31.817708333333336 76.500000000000014 5.5000000000000009 25.518750000000001 23.500000000000004 83.500000000000014 0.36648264796514479 86.500000000000014 -0.98801846520836312 -0.51297808981038739 23.500000000000004 44.500000000000007 24.962500000000006 30.500000000000004 15.587500000000004 31.670833333333338 33.112500000000004 1.0000000180025095e-35 1.0000000180025095e-35 38.01250000000001 22.212500000000006 0.99466373373798567 0.80519389663381347 60.500000000000007 1.0000000180025095e-35 17.250000000000004 -0.85674049181790024 28.170312500000005 27.508854166666669 -0.30983472475487867
decision_type=2 2 2 2 2 2 2 2 2 2 2 2 2 2 2 2 2 2 2 2 2 2 2 2 2 2 2 2 2 2
left_child=1 2 20 7 -2 18 -5 -3 -4 10 12 -12 -10 -11 -15 16 23 22 19 -6 -1 -18 -13 24 25 -16 27 28 -27 -29
right_child=4 3 8 6 5 -7 -8 -9 9 13 11 17 -14 14 15 -17 21 -19 -20 -21 -22 -23 -24 -25 -26 26 -28 29 -30 -31
leaf_value=4.2704822499153018e-05 0.0044461196088156707 0.00023848833219859973 0.00094946679627920148 0.0014814564776807076 -0.00013877413068667113 0.0063271656785701767 8.1131995859849032e-05 -9.6215631190696795e-05 2.7867153032828979e-05 -0.00011806546354852315 -0.00022595430944805778 -0.00066215874808468972 0.0018887686513576179 0.00055740002795680625 -0.00092007644228647874 -0.0011765444222167243 0.00046221329532787609 0.00043665958492609258 0.0026995651090964221 0.0010560540924754421 0.0015059529103750285 -0.00076508861935465559 -7.8639683577116302e-05 -0.00021970384517814971 0.0001748992385788398 -0.00045976852288135664 -5.2178986431503443e-05 0.00053448202947666132 -0.0032303946037249894 -0.0023028508494500263
leaf_weight=3614 2836 6020 2627 7693 4168 1416 3296 5412 4187 18314 8652 64 3229 4757 79 322 4299 8000 1020 1892 3496 289 5120 8495 9610 60 5080 391 78 245
leaf_count=3614 2836 6020 2627 7693 4168 1416 3296 5412 4187 18314 8652 64 3229 4757 79 322 4299 8000 1020 1892 3496 289 5120 8495 9610 60 5080 391 78 245
internal_value=0.000478956 0.000307638 9.05417e-05 0.00118884 0.00219379 0.00154543 0.0021062 0.000307033 -6.56748e-05 -0.000132827 0.000372966 -7.41892e-05 0.00168959 -0.000417251 -2.44769e-05 -0.000340611 -0.000262698 0.000653823 0.000939266 0.000420792 0.0019339 0.00125109 -0.00054591 -0.000551626 -7.94568e-05 -0.00117731 -0.00102152 -0.00443152 -0.0138406 -0.00238994
internal_weight=124761 113429 91008 22421 11332 8496 10989 11432 83898 81271 29252 21836 7416 52019 33705 28948 28626 13184 7080 6060 7110 4588 5184 24038 15543 5933 5854 774 138 636
internal_count=124761 113429 91008 22421 11332 8496 10989 11432 83898 81271 29252 21836 7416 52019 33705 28948 28626 13184 7080 6060 7110 4588 5184 24038 15543 5933 5854 774 138 636
is_linear=0
shrinkage=0.05


Tree=89
num_leaves=31
num_cat=0
split_feature=9 0 0 7 9 3 0 0 3 7 10 0 8 3 0 7 10 0 0 4 8 8 3 9 3 0 9 1 11 3
split_gain=14.0231 7.74506 9.14486 9.77713 6.54651 5.42657 5.64894 6.09981 5.17273 4.60603 6.37045 8.44241 6.10443 6.07807 4.71493 5.04052 4.52662 7.41068 4.40436 4.38994 8.56695 4.30629 4.29522 5.27263 4.29478 4.03645 3.98373 3.87171 3.61966 3.60685
threshold=31.817708333333336 76.500000000000014 10.500000000000002 25.912500000000005 27.070312500000004 0.96687895796550427 23.500000000000004 45.500000000000007 0.36648264796514479 32.112500000000004 1.0000000180025095e-35 67.500000000000014 32.45000000000001 0.97508442350096236 23.500000000000004 26.287500000000005 1.0000000180025095e-35 30.500000000000004 93.500000000000014 -0.9497838742125716 32.550000000000004 32.050000000000004 -0.15101209918632377 30.150260416666672 -0.85671820900978868 83.500000000000014 29.830989583333338 2.5000000000000004 0.85059732269882649 -0.98046803196378884
decision_type=2 2 2 2 2 2 2 2 2 2 2 2 2 2 2 2 2 2 2 2 2 2 2 2 2 2 2 2 2 2
left_child=1 2 3 24 18 6 -2 -8 25 12 11 -11 21 28 15 -14 -16 29 -3 20 -19 -4 23 26 -1 -6 -22 -15 -12 -18
right_child=5 4 9 -5 8 -7 7 -9 -10 10 13 -13 14 27 16 -17 17 19 -20 -21 22 -23 -24 -25 -26 -27 -28 -29 -30 -31
leaf_value=0.00046493377159879013 0.0046190906384058119 0.0001133139048073694 -1.6490053737734284e-05 0.0027471779828395519 0.00055866252365864403 -0.00076874899138520622 -0.00010755229756816702 0.0014428029029826903 7.8534421001585512e-05 2.8798589966867112e-05 -0.0015756864912146815 -0.0010198511559429643 -0.00016588242197921037 -0.00089125269187211725 -0.00066384366553003333 0.0013587204932138841 -0.0018251228661189086 -0.0053330775970314957 -0.00023048256544314847 0.00024379956707897682 -0.0014183483023495458 0.00061917979846092604 0.00033010011615936652 0.0027003772051139227 -1.7897560101949473e-06 0.0034129129692972403 -0.0047780136096646584 0.00030346557818260823 0.0013701158203891679 -0.00064330081928514805
leaf_weight=1733 2788 12032 51678 3569 2330 192 2552 5800 2631 3484 104 417 2918 436 3820 1738 56 62 1414 3437 178 2469 623 93 7718 4014 64 340 4629 1442
leaf_count=1733 2788 12032 51678 3569 2330 192 2552 5800 2631 3484 104 417 2918 436 3820 1738 56 62 1414 3437 178 2469 623 93 7718 4014 64 340 4629 1442
internal_value=0.000459318 0.000291769 8.66959e-05 0.00131336 0.00112417 0.00213643 0.00228007 0.00162955 0.00216992 -0.000118095 0.000919235 -0.000626762 -0.000260433 0.00201398 -0.00117421 0.000135309 -0.00179795 -0.000936188 0.000426149 8.63812e-05 -0.00279412 -1.68983e-05 -0.00162839 -0.00619403 0.000471379 0.00294294 -0.0100826 -0.00208763 0.00268646 -0.00397864
internal_weight=124761 113429 91008 13020 22421 11332 11140 8352 8975 77988 9410 3901 68578 5509 14431 4656 9775 5955 13446 4457 1020 54147 958 335 9451 6344 242 776 4733 1498
internal_count=124761 113429 91008 13020 22421 11332 11140 8352 8975 77988 9410 3901 68578 5509 14431 4656 9775 5955 13446 4457 1020 54147 958 335 9451 6344 242 776 4733 1498
is_linear=0
shrinkage=0.05


Tree=90
num_leaves=31
num_cat=0
split_feature=9 0 0 0 0 10 0 7 11 4 3 11 0 7 11 0 0 9 1 7 3 9 11 4 0 8 4 0 3 9
split_gain=12.7243 9.70815 9.80913 7.1617 11.8631 7.00585 11.6177 6.99601 5.93256 5.66876 10.8147 4.99852 4.96004 8.08961 5.00929 4.59107 4.56403 4.37717 9.07808 4.69114 4.00039 3.79259 3.78 5.26458 3.85333 3.63493 3.30042 3.13601 5.01382 7.22254
threshold=28.750260416666666 85.500000000000014 14.500000000000002 50.500000000000007 66.500000000000014 1.0000000180025095e-35 76.500000000000014 26.887500000000006 0.95911488553154101 -0.96466008222729416 -0.18492532721306487 0.9500541783650579 26.500000000000004 26.287500000000005 0.84498567688228199 1.5000000000000002 74.500000000000014 28.733593750000001 3.5000000000000004 31.112500000000004 0.82899317702918729 30.207291666666666 0.92180858479239347 -0.91939278948206182 72.500000000000014 32.650000000000013 -0.71502926860092908 61.500000000000007 0.534952257794027 12.998697916666668
decision_type=2 2 2 2 2 2 2 2 2 2 2 2 2 2 2 2 2 2 2 2 2 2 2 2 2 2 2 2 2 2
left_child=9 2 7 12 -5 6 8 11 22 10 -1 -2 13 -4 21 -11 17 27 -19 -20 -3 -14 23 -6 -24 -12 -25 -17 -29 -30
right_child=1 20 3 4 5 -7 -8 -9 -10 15 25 -13 14 -15 -16 16 -18 18 19 -21 -22 -23 24 26 -26 -27 -28 28 29 -31
leaf_value=-0.0020863034987160141 -0.0012045808936564598 0.0045821492699710904 -0.00038511727037147925 0.0015039162494553467 0.001292375988066291 0.00080217627961924924 0.00073423672672810964 0.0047009038943801439 -0.00048422918392491293 0.0002731799096844336 3.9232461065864233e-05 0.00052429732196221856 -0.0020784343822915579 0.001223851318482414 -0.00019282436766305497 1.2716939689466805e-05 0.00013231010043515445 0.00052712990790313623 -0.0016500698723986439 -0.00055501345698898922 -0.00036262927293675501 -0.0011723372855598443 -0.00093214612737374167 -0.0019257586674281313 -0.0028178538083296041 -0.00093474633848421437 -0.00030875630763645416 -1.4894680179965281e-05 -0.0010794394072170478 -0.00026887758686259074
leaf_weight=288 413 3515 1398 6352 120 3294 1990 3806 1740 1784 960 1744 96 3358 9312 52986 18642 219 87 59 450 120 120 100 80 189 60 7930 169 3380
leaf_count=288 413 3515 1398 6352 120 3294 1990 3806 1740 1784 960 1744 96 3358 9312 52986 18642 219 87 59 450 120 120 100 80 189 60 7930 169 3380
internal_value=0.000446093 0.0012081 0.000935842 0.000545487 0.00135537 9.32854e-06 -0.00134204 0.00277796 -0.00382883 0.000111486 -0.00300278 0.000503014 -0.000240129 0.00107864 -0.000898404 0.000163977 0.000110337 -8.79221e-05 -0.00554794 -0.0152055 0.00354981 -0.00842593 -0.00875 -0.005 -0.014 -0.000831157 -0.0109375 -5.70075e-05 -0.000806255 -0.00236827
internal_weight=124761 38068 34103 28140 13856 7504 4210 5963 2220 86693 1437 2157 14284 4756 9528 85256 83472 64830 365 146 3965 216 480 280 200 1149 160 64465 11479 3549
internal_count=124761 38068 34103 28140 13856 7504 4210 5963 2220 86693 1437 2157 14284 4756 9528 85256 83472 64830 365 146 3965 216 480 280 200 1149 160 64465 11479 3549
is_linear=0
shrinkage=0.05


Tree=91
num_leaves=31
num_cat=0
split_feature=9 3 0 0 0 9 3 0 3 9 3 3 7 3 9 9 9 9 10 7 3 0 9 9 7 8 11 11 11 6
split_gain=12.7072 9.99436 8.24744 10.6536 7.29098 7.24876 8.46031 7.24789 4.98293 4.91059 7.8776 4.90028 4.6875 4.54335 4.62587 4.43863 4.41636 6.83146 6.32512 10.9072 9.63695 8.34416 8.1021 7.46377 6.21241 5.2682 6.39958 8.23861 4.65988 4.65273
threshold=28.750260416666666 0.3504237462291826 82.500000000000014 20.500000000000004 49.500000000000007 32.957552083333347 0.51297097409535064 68.500000000000014 -0.85671820900978868 28.943229166666672 0.94138322595482449 0.65233619298682533 27.487500000000004 0.43733377705052551 30.435416666666672 9.9703125000000004 22.899479166666669 26.541666666666668 1.0000000180025095e-35 25.612500000000004 -0.9954993026558282 37.500000000000007 25.138020833333339 23.303385416666668 20.487500000000004 31.250000000000004 0.9078174546384491 0.91839291567263814 0.9987604681581238 1.0000000180025095e-35
decision_type=2 2 2 2 2 2 2 2 2 2 2 2 2 2 2 2 2 2 2 2 2 2 2 2 2 2 2 2 2 2
left_child=8 2 3 -2 -5 6 13 -6 16 10 12 -11 -8 -3 -15 -10 -1 18 19 -18 21 22 -20 24 -22 26 -25 -28 -19 -21
right_child=1 5 -4 4 7 -7 9 -9 15 11 -12 -13 -14 14 -16 -17 17 28 20 29 23 -23 -24 25 -26 -27 27 -29 -30 -31
leaf_value=0.001862036554848785 0.002851391524390181 -0.00045503776452050109 0.0044677616879650805 -9.7401959044229229e-05 0.0020364621287360198 0.0011348286405010346 -0.0018149614747943613 2.1095239436263799e-05 0.00060909201205516295 0.0011040212604258603 0.00052929759408969679 -6.4839697004628744e-05 -0.0011229480135308044 -0.00095878446054428312 -0.0031233968610816431 -1.7494475703523653e-05 0.0014994227737106501 0.00018884025600743128 -0.0001372448192810435 -0.00016225551535237025 -0.00076130754084760565 -0.00025338694187816132 -0.00082420970886337176 0.001315772382937574 -0.00036005412989259246 0.0015318607904973279 -0.00088062715872532426 -0.00012901434180190397 0.0014350185598106888 -0.00087101760968934802
leaf_weight=1056 5370 672 3319 7422 4861 3456 96 3562 1728 1430 192 7016 96 384 192 67773 2088 4032 152 1493 92 522 194 960 196 672 96 2400 3076 163
leaf_count=1056 5370 672 3319 7422 4861 3456 96 3562 1728 1430 192 7016 96 384 192 67773 2088 4032 152 1493 92 522 194 960 196 672 96 2400 3076 163
internal_value=0.000445292 0.00120679 0.00180851 0.00144591 0.000793626 0.000116004 -0.000561619 0.00180043 0.000110909 -1.69874e-05 -0.00554687 0.000234431 -0.0127083 -0.00441506 -0.00767361 -7.76246e-05 0.000873081 0.000668072 -0.000244794 0.00132746 -0.00135882 -0.00617511 -0.0121965 -0.000412137 -0.00819444 0.000130814 -0.000656829 -0.00199119 0.00182752 -0.0017029
internal_weight=124761 38068 24534 21215 15845 13534 10078 8423 86693 8830 384 8446 192 1248 576 69501 17192 16136 9028 3744 5284 868 346 4416 288 4128 3456 2496 7108 1656
internal_count=124761 38068 24534 21215 15845 13534 10078 8423 86693 8830 384 8446 192 1248 576 69501 17192 16136 9028 3744 5284 868 346 4416 288 4128 3456 2496 7108 1656
is_linear=0
shrinkage=0.05


Tree=92
num_leaves=31
num_cat=0
split_feature=9 3 9 3 0 0 3 9 0 0 10 11 3 9 4 8 3 7 11 3 8 8 3 8 8 1 3 11 0 9
split_gain=12.2967 9.53679 5.89414 7.0737 5.57904 7.83922 4.83865 7.08378 6.76812 7.5515 6.58898 6.08518 5.77635 5.72627 5.24505 5.00746 6.15088 5.31644 7.16474 7.66652 5.34852 5.27528 4.78104 8.63074 9.75868 6.38295 6.71234 5.00165 4.81334 10.0227
threshold=29.475000000000001 0.3504237462291826 32.957552083333347 0.51297097409535064 16.500000000000004 80.500000000000014 -0.48314718476766422 26.965885416666669 11.500000000000002 84.500000000000014 1.0000000180025095e-35 1.0167864286959365 -0.53493989022977317 28.277343750000004 0.18281312110578132 19.750000000000004 0.56369777965491019 7.8625000000000016 1.0115081465964717 -0.19337636264337835 16.900000000000002 12.650000000000002 -0.099819732675876835 23.650000000000002 31.850000000000005 5.5000000000000009 -0.38242426011641079 1.0467188401820728 21.500000000000004 15.127864583333336
decision_type=2 2 2 2 2 2 2 2 2 2 2 2 2 2 2 2 2 2 2 2 2 2 2 2 2 2 2 2 2 2
left_child=6 4 3 -3 -2 -6 7 -1 -9 11 -8 14 -13 -14 -10 16 17 18 -12 20 -20 -21 23 27 -25 26 -26 28 29 -17
right_child=1 2 -4 -5 5 -7 10 8 9 -11 15 12 13 -15 -16 22 -18 -19 19 21 -22 -23 -24 24 25 -27 -28 -29 -30 -31
leaf_value=7.2422546599020273e-07 0.0041810378643628385 -0.0012784153950426312 0.0010780872084759838 5.1035583977549413e-06 0.00049241693320222261 0.0046646242174953993 -7.4891106067092323e-05 0.0027309657529485335 4.9344015791925805e-05 0.0029307788090215652 -0.00052267069837313215 0.0014021626743095797 -0.0022090529984423145 -0.00012884598328918645 -0.0005578811445209592 -0.00062017982057324867 -0.00050471510830674788 0.00058707670724805208 -0.00044526187273879417 -0.0011647856595499212 -0.00060869689409093208 0.00055410954671528665 4.4013939589092552e-05 0.00033252998103245604 0.0016569112753714631 -0.0028931959957429667 -0.0010513600981074222 -0.00021004339666369663 -0.00053976427601295997 -0.00024754321974280519
leaf_weight=21512 3128 960 3456 7386 11755 2747 22074 2012 7519 1837 282 3431 73 511 657 66 576 6068 70 62 51 955 21890 2784 384 96 1141 480 666 132
leaf_count=21512 3128 960 3456 7386 11755 2747 22074 2012 7519 1837 282 3431 73 511 657 66 576 6068 70 62 51 955 21890 2784 384 96 1141 480 666 132
internal_value=0.000432066 0.00132543 0.000225386 -0.000493649 0.00206183 0.00164874 0.000156249 0.000598104 0.00139339 0.00100442 -0.000130934 0.000554097 0.00214819 -0.00244863 -0.000228718 0.000288911 0.00138517 0.00176816 -0.000985915 0.000782074 -0.0111157 0.00219764 -3.09344e-05 -0.00131414 -0.000244041 -0.00332819 -0.00254098 -0.00482143 -0.00709491 -0.0139394
internal_weight=124761 29432 11802 8346 17630 14502 95329 37552 16040 14028 57777 12191 4015 584 8176 35703 8064 7488 1420 1138 121 1017 27639 5749 4405 1621 1525 1344 864 198
internal_count=124761 29432 11802 8346 17630 14502 95329 37552 16040 14028 57777 12191 4015 584 8176 35703 8064 7488 1420 1138 121 1017 27639 5749 4405 1621 1525 1344 864 198
is_linear=0
shrinkage=0.05


Tree=93
num_leaves=31
num_cat=0
split_feature=9 3 0 3 3 9 10 0 0 0 0 1 3 0 8 9 8 3 9 0 0 4 5 3 3 1 11 11 9 7
split_gain=11.6035 8.09407 6.1067 5.85913 10.8228 5.92701 5.7725 6.54704 11.3102 5.51649 6.52071 5.0544 5.00267 5.50412 4.71086 4.20152 8.75174 4.18064 4.08511 6.55766 4.77168 5.12195 3.98725 3.94736 13.1014 4.37576 3.78944 4.65747 9.39172 6.22767
threshold=30.522135416666668 0.62587949062545845 16.500000000000004 0.81925054981890411 0.85673801594079257 17.773437500000004 1.0000000180025095e-35 79.500000000000014 71.500000000000014 5.5000000000000009 74.500000000000014 2.5000000000000004 0.83849049182116964 30.500000000000004 28.750000000000004 26.058333333333337 33.95000000000001 0.84773968378660736 27.370572916666671 87.500000000000014 84.500000000000014 -0.25206183926700709 1.0000000180025095e-35 -0.32614396506100213 -0.36647417525074694 5.5000000000000009 1.145836891908117 1.1178088744719634 29.557031250000005 32.112500000000004
decision_type=2 2 2 2 2 2 2 2 2 2 2 2 2 2 2 2 2 2 2 2 2 2 2 2 2 2 2 2 2 2
left_child=3 2 -2 9 12 -6 7 8 23 14 26 15 -5 17 -1 -7 -17 -14 20 -20 21 -12 -3 24 -4 -26 27 -11 -29 -30
right_child=1 22 6 4 5 11 -8 -9 -10 10 18 -13 13 -15 -16 16 -18 -19 19 -21 -22 -23 -24 -25 25 -27 -28 28 29 -31
leaf_value=1.5679063445764518e-05 0.0057734101211016691 2.8115900114896756e-05 0.0006537576133044498 -0.00016393893405800195 -0.00050718252001791372 1.6354878800685166e-05 0.0022429028551821657 0.0050431530831685041 -0.0013500829248685052 1.1066620974348552e-05 -0.00066142305493760033 0.00014755000043088938 -0.0012343367001803741 -0.00048239867484905184 0.0011949239964211137 -0.00083010684174257858 -0.00016314444771514376 -0.00038253048631626689 0.00034191779971220007 0.0034632710368179848 -5.2981920357445718e-05 0.0003309554139234924 -0.00089503569473149019 0.00075949164629872813 -0.0031174293588380978 -0.00095857389464273359 0.0010973577621624876 -0.0001224036916654799 -0.0024086526492741204 -0.00031945759222140195
leaf_weight=2610 2363 4516 385 1152 960 3936 3002 1607 807 60422 400 8634 155 650 2922 480 2400 155 4267 2640 6479 5490 192 5005 110 55 1242 1311 268 146
leaf_count=2610 2363 4516 385 1152 960 3936 3002 1607 807 60422 400 8634 155 650 2922 480 2400 155 4267 2640 6479 5490 192 5005 110 55 1242 1311 268 146
internal_value=0.000426856 0.0015996 0.00222889 0.000228591 -0.000579851 -0.000146252 0.00173229 0.00102836 0.000308079 0.00039837 0.000296075 9.06151e-05 -0.00394886 -0.00661458 0.00192697 -0.00092723 -0.00237847 -0.0120968 0.00110137 0.00207543 0.000557442 0.00158744 -0.000182668 0.00111161 -0.00290909 -0.014697 5.1192e-05 -3.45935e-06 -0.00256522 -0.00913043
internal_weight=124761 18042 13334 106719 18522 16410 10971 7969 6362 88197 82665 15450 2112 960 5532 6816 2880 310 19276 6907 12369 5890 4708 5555 550 165 63389 62147 1725 414
internal_count=124761 18042 13334 106719 18522 16410 10971 7969 6362 88197 82665 15450 2112 960 5532 6816 2880 310 19276 6907 12369 5890 4708 5555 550 165 63389 62147 1725 414
is_linear=0
shrinkage=0.05


Tree=94
num_leaves=31
num_cat=0
split_feature=9 3 0 0 0 0 9 3 4 3 10 11 1 3 9 0 0 0 6 9 3 9 4 0 11 0 3 3 11 9
split_gain=11.281 9.18128 7.17299 10.4665 9.47554 7.70596 5.65393 7.64336 4.70378 8.64356 4.17831 10.5065 8.07732 4.0194 4.5 4.00004 3.99777 4.18171 3.75121 4.17747 6.2526 3.73145 8.07717 5.14157 3.58112 4.56396 3.78639 3.51433 4.71263 3.51731
threshold=28.750260416666666 0.3504237462291826 82.500000000000014 25.500000000000004 50.500000000000007 68.500000000000014 32.957552083333347 0.51297097409535064 -0.96904977397942549 -0.18492532721306487 1.0000000180025095e-35 0.89585628751987034 5.5000000000000009 0.43733377705052551 30.435416666666672 30.500000000000004 1.5000000000000002 74.500000000000014 1.0000000180025095e-35 28.943229166666672 0.94138322595482449 28.733593750000001 -0.62587551141915865 52.500000000000007 0.96524820720628701 76.500000000000014 -0.95500086777008153 -0.16799356919963607 0.84498567688228199 28.943229166666672
decision_type=2 2 2 2 2 2 2 2 2 2 2 2 2 2 2 2 2 2 2 2 2 2 2 2 2 2 2 2 2 2
left_child=8 2 3 10 27 -6 7 13 9 15 -2 12 -12 -3 -15 -1 -10 21 19 20 -9 -18 -23 -24 25 -7 -26 28 -5 -30
right_child=1 6 -4 4 5 24 -8 18 16 -11 11 -13 -14 14 -16 -17 17 -19 -20 -21 -22 22 23 -25 26 -27 -28 -29 29 -31
leaf_value=-0.0011912793031557804 0.0043064690538799286 -0.00043180431387320329 0.0039415321977470334 -0.0018834176296075511 0.0020940083552266554 -0.0012045109545184883 0.00097665500158393382 -0.0015973130208753882 0.00025977511816622129 -0.00013414292472987852 -0.0017166255552243188 0.0012718423686007613 -0.0045883289843215687 -0.00086143482519818811 -0.0029900711383472178 -0.0033268098923557249 -7.3198045110958483e-06 0.00012343096621621622 -0.00059309622460293628 0.00013255293743159516 0.0005087892397915146 0.0036190602796384906 -0.0016601552852902408 0.00078945322882001368 -0.0013296695048072801 0.0006480682416029524 0.00060984250837561415 0.00021096939357544408 0.00094688455641276075 -0.00054237816640529486
leaf_weight=62 3432 672 3319 100 4605 500 3456 192 1788 1053 122 3042 52 384 192 130 64611 18684 768 7678 192 146 153 66 56 366 2640 2600 500 3200
leaf_count=62 3432 672 3319 100 4605 500 3456 192 1788 1053 122 3042 52 384 192 130 64611 18684 768 7678 192 146 153 66 56 366 2640 2600 500 3200
internal_value=0.000414433 0.00113192 0.00170865 0.00137049 0.000620238 0.00174911 8.64491e-05 -0.000512006 9.93738e-05 -0.00295181 0.00301444 0.00171953 -0.0102299 -0.00417468 -0.00723958 -0.0127083 0.00014383 9.38324e-05 5.6627e-06 0.000323741 -0.00476562 -9.57275e-05 -0.00513699 -0.01121 2.8076e-06 -0.00279446 0.000901335 -0.000820312 -0.00178947 -0.0015
internal_weight=124761 38068 24534 21215 14567 8167 13534 10078 86693 1245 6648 3216 174 1248 576 192 85448 83660 8830 8062 384 64976 365 219 3562 866 2696 6400 3800 3700
internal_count=124761 38068 24534 21215 14567 8167 13534 10078 86693 1245 6648 3216 174 1248 576 192 85448 83660 8830 8062 384 64976 365 219 3562 866 2696 6400 3800 3700
is_linear=0
shrinkage=0.05


Tree=95
num_leaves=31
num_cat=0
split_feature=9 0 0 0 0 3 0 10 0 11 7 3 11 11 9 7 4 7 10 3 3 1 0 7 4 0 10 9 1 7
split_gain=10.9506 11.5626 11.6719 10.4206 15.0917 9.19826 5.98653 11.8358 5.86811 5.64548 5.51198 4.60507 4.58764 4.15783 3.70455 3.67818 6.58464 3.5277 5.04664 5.61447 3.81201 3.69429 3.83237 4.54113 3.4015 4.30833 6.85442 7.74142 10.12 4.4962
threshold=27.775000000000002 86.500000000000014 14.500000000000002 52.500000000000007 66.500000000000014 0.77788564761185042 76.500000000000014 1.0000000180025095e-35 24.500000000000004 0.9247659649312403 26.287500000000005 0.82899317702918729 1.0044072743756243 0.98706785893326654 9.9703125000000004 25.812500000000004 -0.95998493203694346 27.812500000000004 1.0000000180025095e-35 -0.95995996396290595 0.9962888416657264 4.5000000000000009 31.500000000000004 32.912500000000016 0.97832380634958016 32.500000000000007 1.0000000180025095e-35 13.209375 1.0000000180025095e-35 19.112500000000004
decision_type=2 2 2 2 2 2 2 2 2 2 2 2 2 2 2 2 2 2 2 2 2 2 2 2 2 2 2 2 2 2
left_child=14 2 5 8 -5 9 7 12 10 15 -4 -3 -6 -13 -1 16 -2 -10 19 -19 -20 22 -21 -24 -16 -26 27 28 -27 -30
right_child=1 11 3 4 6 -7 -8 -9 17 -11 -12 13 -14 -15 24 -17 -18 18 20 21 -22 -23 23 -25 25 26 -28 -29 29 -31
leaf_value=0.00056757139485011507 -0.0013934037293267638 0.003598294551952741 -0.00015920336142831947 0.0015579586819893833 -0.0012068295357880159 -0.00024163883440155706 0.00050868790817842891 0.00050534900281093908 -0.00052469770549877493 0.0029277628322798462 0.0013862676714072291 -0.0013216910235643597 -0.00043397520047343084 0.00070903890970877169 1.1587338518480042e-05 0.0010474299782647829 -0.00032352296283613691 -0.0017236812607973008 0.00014890697198765288 0.00021174168112525263 -0.0013745869080120099 9.1984880750991906e-05 -0.00095643928980786337 -0.00038044969836031856 -0.00019082380763283489 -0.0010396706967669312 0.00070965682899892205 3.0718876916244114e-05 -0.00023318344231437846 -0.00075145130295614778
leaf_weight=1728 54 4110 2225 7308 1120 1200 5192 2697 1754 5543 2987 99 1390 486 65092 860 182 109 6354 869 76 1893 1472 2089 2706 126 2457 1575 958 50
leaf_count=1728 54 4110 2225 7308 1120 1200 5192 2697 1754 5543 2987 99 1390 486 65092 860 182 109 6354 869 76 1893 1472 2089 2706 126 2457 1575 958 50
internal_value=0.000404413 0.000976553 0.000732138 0.000365659 0.00124725 0.00248692 2.35601e-05 -0.00117438 -0.000421626 0.00321509 0.0010188 0.00333866 -0.00364542 -0.000811966 2.0886e-05 -6.38684e-05 -0.00559322 -0.000935276 -0.000648422 -0.00163868 0.000342146 -0.00144473 -0.00223476 -0.00296125 -3.33039e-05 -0.00101499 -0.000168409 -0.00190292 -0.00505291 -0.00338294
internal_weight=124761 50069 45374 37535 17707 7839 10399 5207 19828 6639 5212 4695 2510 585 74692 1096 236 14616 12862 6432 6430 6323 4430 3561 72964 7872 5166 2709 1134 1008
internal_count=124761 50069 45374 37535 17707 7839 10399 5207 19828 6639 5212 4695 2510 585 74692 1096 236 14616 12862 6432 6430 6323 4430 3561 72964 7872 5166 2709 1134 1008
is_linear=0
shrinkage=0.05


Tree=96
num_leaves=31
num_cat=0
split_feature=9 3 0 0 0 0 9 8 3 10 11 6 11 0 9 8 3 9 9 9 3 8 8 9 10 7 3 9 7 3
split_gain=10.8123 9.18775 7.6459 10.01 6.69164 8.0331 6.1287 4.61301 7.56086 4.4803 10.6905 4.28279 4.05207 3.92744 3.84488 3.64477 3.90132 3.61975 3.74766 3.26734 3.48347 4.68292 8.01681 5.14127 7.88192 6.01038 6.58693 5.53399 6.56951 5.86272
threshold=28.815885416666671 0.3504237462291826 81.500000000000014 20.500000000000004 51.500000000000007 68.500000000000014 28.943229166666672 41.150000000000013 0.51297097409535064 1.0000000180025095e-35 0.90553792969966496 1.0000000180025095e-35 0.951205373332216 1.5000000000000002 29.247135416666669 41.050000000000004 0.65233619298682533 30.591927083333339 28.980208333333337 9.9703125000000004 -0.87395131947920313 34.050000000000004 31.050000000000004 22.899479166666669 1.0000000180025095e-35 25.612500000000004 -0.88622299073327826 23.303385416666668 20.487500000000004 -0.99866806308218525
decision_type=2 2 2 2 2 2 2 2 2 2 2 2 2 2 2 2 2 2 2 2 2 2 2 2 2 2 2 2 2 2
left_child=13 2 3 9 17 -6 -3 8 -8 -2 14 15 -7 -1 -11 16 -10 18 -5 -15 21 22 23 -21 25 -25 -27 28 -26 -29
right_child=1 6 -4 4 5 12 7 -9 11 10 -12 -13 -14 19 -16 -17 -18 -19 -20 20 -22 -23 -24 24 27 26 -28 29 -30 -31
leaf_value=0.00025294731996130377 0.0053242379674089601 -0.0010479341257999088 0.0037055723766238058 0.00092023447262230449 0.0021394212436237343 -0.0008455586524143227 -0.0010088028836424498 0.0013160810485531383 0.0010653272165337597 -0.0042334257815777546 0.0012974262173732155 -0.00056615697551593599 0.00038081983206091053 0.0005509940027688294 -0.0018961336110785701 -0.0043421484072010234 3.9150882690597064e-05 0.00037443623050561749 -0.00046860314540323557 0.0016206123744257816 -2.0073410230639188e-05 -0.00034672586134660297 0.00082184169982100228 0.0018452875623222156 -0.00072627291029789091 3.0195958781151265e-05 -0.0010608461767726012 -0.00045849770433000077 -0.0003480797661200102 -8.7878267816344352e-05
leaf_weight=1822 2751 288 3517 651 4281 630 1440 2208 1814 63 2373 768 2626 1692 99 96 6824 3069 4090 940 67393 940 5642 1515 90 1418 75 472 192 4982
leaf_count=1822 2751 288 3517 651 4281 630 1440 2208 1814 63 2373 768 2626 1692 99 96 6824 3069 4090 940 67393 940 5642 1515 90 1418 75 472 192 4982
internal_value=0.000401608 0.00111046 0.00169358 0.00132627 0.000679938 0.00174274 6.25095e-05 0.000220533 -0.000200146 0.0032028 0.00168639 0.000311514 -0.000128992 9.59588e-05 -0.0107407 0.000626288 0.000733966 -0.00034571 -0.00121177 4.69241e-05 2.92874e-06 0.000659658 0.000869764 -3.09771e-06 -0.000380832 0.00169215 -0.000559276 -0.00146792 -0.00829787 -0.00111478
internal_weight=124761 37588 24150 20633 15347 7537 13438 13150 10942 5286 2535 9502 3256 87173 162 8734 8638 7810 4741 85351 83659 16266 15326 9684 8744 3008 1493 5736 282 5454
internal_count=124761 37588 24150 20633 15347 7537 13438 13150 10942 5286 2535 9502 3256 87173 162 8734 8638 7810 4741 85351 83659 16266 15326 9684 8744 3008 1493 5736 282 5454
is_linear=0
shrinkage=0.05


Tree=97
num_leaves=31
num_cat=0
split_feature=9 0 0 7 0 0 11 0 10 11 10 3 0 3 0 3 11 3 3 11 11 1 1 4 3 8 8 9 0 4
split_gain=10.5422 9.03307 8.41909 7.77421 6.63997 10.1169 5.42139 5.05379 10.0779 4.7892 4.01297 4.4238 3.97793 6.29342 3.77342 3.56546 3.36566 3.32827 3.31613 4.03968 3.28739 6.88893 3.17699 5.87961 6.75173 5.19754 5.51281 5.00616 4.46068 6.29194
threshold=28.815885416666671 86.500000000000014 14.500000000000002 27.387500000000006 51.500000000000007 66.500000000000014 0.9500541783650579 76.500000000000014 1.0000000180025095e-35 0.95911488553154101 1.0000000180025095e-35 0.46800856592688472 26.500000000000004 0.67802080537253961 2.5000000000000004 -0.49064630004295678 1.044457029130015 0.82899317702918729 -0.50556189049999822 0.92180858479239347 1.0671022136559845 1.5000000000000002 3.5000000000000004 -0.96904977397942549 -0.11692013674435776 33.150000000000013 33.250000000000007 26.751302083333339 35.500000000000007 0.99748108949426018
decision_type=2 2 2 2 2 2 2 2 2 2 2 2 2 2 2 2 2 2 2 2 2 2 2 2 2 2 2 2 2 2
left_child=14 2 3 6 12 -6 10 8 9 18 11 -2 13 -4 -1 -8 -17 -3 -7 -20 21 -18 23 24 -16 27 -27 -25 29 -24
right_child=1 17 4 -5 5 7 15 -9 -10 -11 -12 -13 -14 -15 22 16 20 -19 19 -21 -22 -23 28 25 -26 26 -28 -29 -30 -31
leaf_value=0.00018180719471095784 0.002840167108644908 0.0040342394162853181 0.00070105086524060686 0.0051336365346000114 0.0013937224812954636 -0.0019540479868877763 0.0029415625454852958 0.00058178604392905607 0.00078087519223075117 -0.00051218813483195648 -0.0024245795502317426 -0.0011189110573454476 -0.0002141235282401776 -0.00043499807130208031 -0.0020310704265055139 0.00084208851913069216 -0.0014527316649417337 -0.00013432421132160983 -0.00038400181715372405 -0.001743051459245205 0.00010615258270527705 -1.3904438641844207e-05 -1.2788450899220856e-05 -2.8458077388924022e-05 -2.8464213201340551e-05 -0.0010780954873847036 -0.0002517511623438553 0.00040932981777499914 0.0001472598224745654 -0.00041432105221902337
leaf_weight=2734 169 3129 3784 3025 5880 50 697 3892 1697 1730 195 142 9800 912 371 784 95 396 240 190 605 176 12804 34783 465 186 3625 7443 24234 528
leaf_count=2734 169 3129 3784 3025 5880 50 697 3892 1697 1730 195 142 9800 912 371 784 95 396 240 190 605 176 12804 34783 465 186 3625 7443 24234 528
internal_value=0.000401207 0.00110115 0.000851804 0.00257133 0.000492458 0.00128262 0.000703807 0.000101936 -0.00116842 -0.00339366 -0.00399209 -0.000466238 -0.000253173 0.000943356 9.94002e-05 0.00171192 0.000451807 0.00351064 -0.0078125 -0.00639535 -0.00167808 -0.00625461 4.02067e-05 -0.000234356 -0.00438995 -0.000158894 -0.00192732 7.10649e-07 0.000382793 -0.000351785
internal_weight=124761 37588 34063 5888 28175 13679 2863 7799 3907 2210 506 311 14496 4696 87173 2357 1660 3525 480 430 876 271 84439 46873 836 46037 3811 42226 37566 13332
internal_count=124761 37588 34063 5888 28175 13679 2863 7799 3907 2210 506 311 14496 4696 87173 2357 1660 3525 480 430 876 271 84439 46873 836 46037 3811 42226 37566 13332
is_linear=0
shrinkage=0.05


Tree=98
num_leaves=31
num_cat=0
split_feature=9 4 0 0 0 0 11 3 9 9 7 3 0 0 3 3 3 11 9 0 10 8 9 0 0 8 3 0 7 0
split_gain=10.4016 5.76426 9.25002 10.3221 8.40641 11.9835 6.19211 8.17694 6.13905 5.98775 6.52598 5.7073 5.49502 5.53851 5.35467 5.16207 4.42184 5.05753 8.50781 4.33561 6.50728 4.11096 4.01705 3.79306 7.37852 8.83269 4.59972 4.39739 3.86661 4.93702
threshold=31.817708333333336 0.18281312110578132 86.500000000000014 17.500000000000004 51.500000000000007 66.500000000000014 0.87092940175417699 -0.46038400545438724 25.308854166666666 26.965885416666669 26.912500000000005 0.81925054981890411 17.500000000000004 83.500000000000014 0.84773968378660736 -0.32614396506100213 0.21862473630160603 1.0377350583906739 11.341666666666669 76.500000000000014 1.0000000180025095e-35 24.350000000000005 25.090364583333336 68.500000000000014 84.500000000000014 34.050000000000004 -0.8821812062722818 61.500000000000007 12.362500000000002 35.500000000000007
decision_type=2 2 2 2 2 2 2 2 2 2 2 2 2 2 2 2 2 2 2 2 2 2 2 2 2 2 2 2 2 2
left_child=1 2 3 6 22 -6 8 -8 -1 -9 -11 16 -2 15 -13 -14 23 -18 -19 20 -7 -16 -5 27 25 -25 -26 28 29 -3
right_child=12 11 -4 4 5 19 7 9 -10 10 -12 14 13 -15 21 -17 17 18 -20 -21 -22 -23 -24 24 26 -27 -28 -29 -30 -31
leaf_value=-0.00075312783759166641 0.0045289884072823193 -0.00016815108853873741 0.0010573682864684403 0.00046065726172953833 0.00066239062943542132 -0.00065682525429511327 0.0017649607673447519 0.00051117806642736149 -0.00021893685904337629 -0.00017385591454635731 0.0022391585900478376 -0.00037183410405171536 -0.002115617533377869 0.0051067792109790551 -0.00039203949783961703 0.0003342610550189804 0.00011730602884120361 0.0017723463499029661 -0.00031135369962548981 0.0001834350241938495 -1.5602176934942481e-05 -2.6411463462691725e-05 -0.00016953586828960993 0.00032746732724896991 0.0010305457294319358 -0.00086078282718079721 -0.00020190349472952508 -0.00037619905689652993 1.9661903298178259e-06 0.002195617444758003
leaf_weight=90 2128 4450 5478 1224 9135 2030 4210 1223 912 3025 1515 864 132 1416 1248 7656 14400 384 1152 6062 4047 4986 19476 5232 715 96 2948 2331 15799 397
leaf_count=90 2128 4450 5478 1224 9135 2030 4210 1223 912 3025 1515 864 132 1416 1248 7656 14400 384 1152 6062 4047 4986 19476 5232 715 96 2948 2331 15799 397
internal_value=0.000396398 0.000252096 0.000597926 0.000395569 3.85955e-05 0.00073658 0.00176082 0.00213727 -0.00198603 0.000913587 7.70927e-05 -0.000115268 0.0018408 0.00131139 -0.00143843 0.000788393 8.07868e-05 0.00076117 -0.00196615 -0.000292858 -0.00123663 -0.000927173 -0.000678744 -0.000258383 0.000612279 0.00179993 -0.00111521 -0.000599077 -0.000366657 -0.00160202
internal_weight=124761 113429 58427 52949 41974 21274 10975 9973 1002 5763 4540 55002 11332 9204 7098 7788 47904 15936 1536 12139 6077 6234 20700 31968 8991 5328 3663 22977 20646 4847
internal_count=124761 113429 58427 52949 41974 21274 10975 9973 1002 5763 4540 55002 11332 9204 7098 7788 47904 15936 1536 12139 6077 6234 20700 31968 8991 5328 3663 22977 20646 4847
is_linear=0
shrinkage=0.05


Tree=99
num_leaves=31
num_cat=0
split_feature=4 3 9 0 0 0 0 0 0 10 4 11 11 3 9 9 5 8 9 8 7 11 3 9 10 11 3 3 9 0
split_gain=9.92214 7.19102 6.56533 13.8767 16.3788 8.00198 13.998 7.45651 7.35061 7.49551 6.29707 6.21693 4.90027 4.87174 4.66462 4.6586 4.39468 4.77984 6.78013 4.50469 4.8616 4.10602 4.07727 5.56902 4.65284 8.42677 7.8125 5.62974 7.2008 6.03391
threshold=-0.98801846520836312 0.81925054981890411 26.751302083333339 86.500000000000014 14.500000000000002 52.500000000000007 67.500000000000014 24.500000000000004 76.500000000000014 1.0000000180025095e-35 0.52583933546504591 0.95911488553154101 0.95301643267371083 -0.97694226132849327 17.773437500000004 26.058333333333337 1.0000000180025095e-35 33.850000000000001 28.330468750000005 35.850000000000001 26.337500000000006 0.97619041497425918 0.21862473630160603 26.459114583333335 1.0000000180025095e-35 1.0424368712485985 0.25206111083856975 0.56369777965491019 12.070312500000002 24.500000000000004
decision_type=2 2 2 2 2 2 2 2 2 2 2 2 2 2 2 2 2 2 2 2 2 2 2 2 2 2 2 2 2 2
left_child=-1 2 22 4 12 7 -7 -6 9 11 14 -8 -4 -13 -3 -16 17 18 -17 -18 -21 -9 -2 24 25 -24 -27 -26 29 -29
right_child=1 10 3 -5 5 6 8 21 -10 -11 -12 13 -14 -15 15 16 19 -19 -20 20 -22 -23 23 -25 27 26 -28 28 -30 -31
leaf_value=0.001293353406313115 -2.6749900333268596e-05 -0.00046700202996072303 0.00024455503804409736 0.0027865837401588964 0.00034720693841763236 0.0013203795026063302 -0.0013330763176192301 -0.00054488546878567862 0.0003716490678548431 6.1771911089350374e-06 -0.00032204978305342975 -0.0012613389663277495 0.0023110796518051114 -0.00046007690831334226 8.654790098433454e-05 -0.0002139831117968884 -8.29390887453292e-05 -9.3293061209935018e-06 -0.0011290258536086498 -0.0014621392929780614 -0.00069886591986856208 -0.00013087564066482072 3.1027078212621038e-05 -0.00094368113078142446 0.00058984706422792691 0.00026554634407280862 -0.00046394423426608509 -0.00053210254236418255 0.0001291360094829705 -0.0007214271218639913
leaf_weight=6336 36004 960 1940 4236 4702 7064 486 4760 4682 2382 1152 54 5142 1305 9306 1344 480 6624 192 113 271 8428 7296 286 4224 192 288 50 4320 142
leaf_count=6336 36004 960 1940 4236 4702 7064 486 4760 4682 2382 1152 54 5142 1305 9306 1344 480 6624 192 113 271 8428 7296 286 4224 192 288 50 4320 142
internal_value=0.000389184 0.000286046 0.000464009 0.000906465 0.000624619 0.000167292 0.000980718 -0.000558971 -0.000337299 -0.00184883 -0.00056697 -0.00424119 0.00281135 -0.00250552 -0.000352514 -0.000174577 -0.000984042 -0.000625 -0.00313802 -0.004375 -0.00841146 -0.00116849 8.54136e-05 0.000728658 0.000848474 -4.11521e-05 -0.00645833 0.00164034 0.000412234 -0.0090625
internal_weight=124761 118425 97983 45181 40945 33863 15973 17890 8909 4227 20442 1845 7082 1359 19290 18330 9024 8160 1536 864 384 13188 52802 16798 16512 7776 480 8736 4512 192
internal_count=124761 118425 97983 45181 40945 33863 15973 17890 8909 4227 20442 1845 7082 1359 19290 18330 9024 8160 1536 864 384 13188 52802 16798 16512 7776 480 8736 4512 192
is_linear=0
shrinkage=0.05


Tree=100
num_leaves=31
num_cat=0
split_feature=9 0 0 0 0 3 3 7 8 4 3 7 10 0 0 8 0 0 4 9 3 0 8 11 11 4 7 11 11 9
split_gain=9.58618 5.19987 5.99741 4.99037 5.23192 5.40974 4.31432 4.0595 3.77896 7.3961 5.18864 4 3.72579 4.22035 5.89181 4.90615 3.76034 3.65596 3.5393 4.93043 9.48605 3.52549 4.11011 3.21335 4.41668 6.62204 5.55332 4.55614 9.38213 5.86928
threshold=31.817708333333336 5.5000000000000009 75.500000000000014 16.500000000000004 83.500000000000014 -0.32614396506100213 0.67802080537253961 22.212500000000006 30.750000000000004 0.52583933546504591 0.36648264796514479 21.762500000000006 1.0000000180025095e-35 70.500000000000014 50.500000000000007 44.000000000000007 78.500000000000014 86.500000000000014 -0.98801846520836312 31.670833333333338 -0.32614396506100213 93.500000000000014 18.650000000000002 1.145836891908117 1.1163525015609757 -0.91939278948206182 27.812500000000004 1.0779742005359896 1.0764862315683601 31.538281250000004
decision_type=2 2 2 2 2 2 2 2 2 2 2 2 2 2 2 2 2 2 2 2 2 2 2 2 2 2 2 2 2 2
left_child=1 7 18 6 5 -5 -2 -1 21 10 17 -11 13 14 -7 16 -15 -10 -3 23 -21 22 -4 24 27 26 -26 28 29 -20
right_child=3 2 8 4 -6 12 -8 -9 9 11 -12 -13 -14 15 -16 -17 -18 -19 19 20 -22 -23 -24 -25 25 -27 -28 -29 -30 -31
leaf_value=2.8634145523068999e-05 0.0052903523260672443 0.00075663887963161138 0.00085003285848455007 -0.0020791575708910786 0.0048207556305165889 -4.7868320301629251e-05 -0.00058519542150997726 0.0011161503844615806 0.00047849286986954766 -0.00090064001056029772 3.7887844733824501e-05 -0.00017275457228911321 0.0020245576025843138 -0.0009480451459133901 0.0017230338515442031 -0.0028956465922606936 0.002277449171151661 0.002785841602830024 -1.6862298108089635e-05 -0.0037326647904446422 -0.00032286468427536122 -0.00019687119771688135 2.5195453892164385e-05 0.0007177587380486261 -0.0032848469434584812 -0.0001853881206312554 -0.0011791322576423125 0.00029777537554344797 -0.001475849319045981 -0.0024943624053938565
leaf_weight=3614 1768 2590 1566 134 1416 3366 242 3496 3763 50 4070 50 1139 760 1980 52 475 3095 69277 70 420 1256 9752 1470 71 2100 279 6090 210 140
leaf_count=3614 1768 2590 1566 134 1416 3366 242 3496 3763 50 4070 50 1139 760 1980 52 475 3095 69277 70 420 1256 9752 1470 71 2100 279 6090 210 140
internal_value=0.000383574 0.000245043 0.000157498 0.00177021 0.00128299 0.000781685 0.00402985 0.00155415 0.00086052 0.00153609 0.00165996 -0.012 0.000953423 0.000499774 0.00111859 -0.00207071 -0.00143725 0.00249927 -4.30986e-05 -0.000101901 -0.00510204 0.000268014 0.000546917 -7.11351e-05 -0.00011469 -0.00220408 -0.00857143 -4.7083e-05 -0.00016179 -0.000129867
internal_weight=124761 113429 106319 11332 9322 7906 2010 7110 23602 11028 10928 100 7772 6633 5346 1287 1235 6858 82717 80127 490 12574 11318 79637 78167 2450 350 75717 69627 69417
internal_count=124761 113429 106319 11332 9322 7906 2010 7110 23602 11028 10928 100 7772 6633 5346 1287 1235 6858 82717 80127 490 12574 11318 79637 78167 2450 350 75717 69627 69417
is_linear=0
shrinkage=0.05


Tree=101
num_leaves=31
num_cat=0
split_feature=9 0 0 3 4 9 0 0 0 0 0 0 10 8 1 3 10 3 11 3 9 11 9 11 10 0 1 4 9 9
split_gain=9.492 4.9585 5.03004 4.84376 5.66224 4.79435 11.735 10.7266 6.72179 10.8196 6.37848 4.8783 6.75884 4.42823 4.55705 4.25606 3.79345 3.79131 3.78065 3.76418 5.50689 4.13095 4.18213 4.28365 5.55556 7.1401 3.76973 3.67711 3.53828 5.06942
threshold=31.817708333333336 16.500000000000004 83.500000000000014 0.81925054981890411 0.5403928698825039 26.751302083333339 88.500000000000014 11.500000000000002 52.500000000000007 67.500000000000014 24.500000000000004 76.500000000000014 1.0000000180025095e-35 24.350000000000005 2.5000000000000004 -0.32614396506100213 1.0000000180025095e-35 -0.98370366633421236 0.97407968238158804 0.21862473630160603 26.459114583333335 1.0230935316253413 11.341666666666669 1.0424368712485985 1.0000000180025095e-35 82.500000000000014 1.5000000000000002 0.11478523713130605 9.9703125000000004 15.296614583333335
decision_type=2 2 2 2 2 2 2 2 2 2 2 2 2 2 2 2 2 2 2 2 2 2 2 2 2 2 2 2 2 2
left_child=3 -2 15 5 13 19 7 -7 10 16 18 12 27 -5 -15 -3 -10 -12 -9 28 21 -21 -23 26 25 -25 -24 -11 -1 -30
right_child=1 2 -4 4 -6 6 -8 8 9 11 17 -13 -14 14 -16 -17 -18 -19 -20 20 -22 22 23 24 -26 -27 -28 -29 29 -31
leaf_value=0.00046854282781561452 0.0041957591908582453 -0.001975199692346526 0.0045797178489907593 -0.00035394796276790334 -0.00033629679479105326 0.0014801715026450367 0.0028984746733730204 -0.00011415194260257992 0.00021053798878059604 -0.00079220480808164491 0.00084455075139741413 0.00031600386832052099 3.638721732541601e-06 -0.0001178163072296805 0.00010769484417856931 0.00031350057813762391 0.002207183279846417 -0.00031619126636238138 0.00076568605968171347 0.00014180103950703227 -0.00089565395933694869 0.0011245853639206551 -0.00040943679560368732 -0.00025781580212839441 0.00088067901684702105 -0.00058099338403595963 2.7048379636993536e-05 -0.0010855359054505324 -0.00015354393831480738 1.8631282360239542e-06
leaf_weight=1632 2010 134 1416 1248 864 5102 2968 2240 2145 1206 784 5057 2517 7776 9978 7772 4214 11088 3263 12288 286 480 384 332 192 52 2784 81 8736 25732
leaf_count=1632 2010 134 1416 1248 864 5102 2968 2240 2145 1206 784 5057 2517 7776 9978 7772 4214 11088 3263 12288 286 480 384 332 192 52 2784 81 8736 25732
internal_value=0.000372753 0.00175256 0.0012669 0.000234905 -0.000474177 0.000385462 0.00079368 0.000555349 0.00022166 0.000988831 -0.00045036 -0.000140503 -0.00149316 -0.000294179 -9.18101e-05 0.000775361 0.00256251 -0.00110259 0.000956751 7.16475e-05 0.000689963 0.000809109 -0.000539773 -0.0011031 -0.00506944 -0.00854167 -0.000381944 -0.00444056 -0.000216066 -0.000323778
internal_weight=124761 11332 9322 113429 19866 93563 40665 37697 32595 15220 17375 8861 3804 19002 17754 7906 6359 11872 5503 52898 16798 16512 4224 3744 576 384 3168 1287 36100 34468
internal_count=124761 11332 9322 113429 19866 93563 40665 37697 32595 15220 17375 8861 3804 19002 17754 7906 6359 11872 5503 52898 16798 16512 4224 3744 576 384 3168 1287 36100 34468
is_linear=0
shrinkage=0.05


Tree=102
num_leaves=31
num_cat=0
split_feature=9 3 0 0 4 3 9 0 0 10 4 0 7 0 1 3 4 9 11 8 10 8 8 3 9 3 7 1 11 4
split_gain=8.52986 6.21817 5.54228 6.11689 4.68152 5.3192 8.41633 7.12145 6.7385 6.05141 5.86679 5.32209 7.80403 6.70949 5.92115 12.6955 8.47156 8.20455 7.46796 6.25 4.69921 7.64603 11.1122 8.48927 8.97334 7.75014 6.77754 5.69538 5.33012 4.99085
threshold=31.817708333333336 0.96687895796550427 22.500000000000004 45.500000000000007 -0.98801846520836312 -0.48314718476766422 26.965885416666669 10.500000000000002 89.500000000000014 1.0000000180025095e-35 0.21652257995689161 31.500000000000004 13.912500000000003 93.500000000000014 4.5000000000000009 -0.32614396506100213 0.9980355542543059 30.207291666666666 1.172278468731752 31.850000000000005 1.0000000180025095e-35 31.050000000000004 29.150000000000002 -0.98046803196378884 25.138020833333339 -0.82897401153126982 26.112500000000004 3.5000000000000004 0.99733561582144803 0.52583933546504591
decision_type=2 2 2 2 2 2 2 2 2 2 2 2 2 2 2 2 2 2 2 2 2 2 2 2 2 2 2 2 2 2
left_child=4 2 -2 -4 -1 6 20 -8 10 -7 -9 14 13 -13 -11 17 18 19 -17 -16 28 22 23 24 -22 -25 -26 -24 -6 -29
right_child=1 -3 3 -5 5 9 7 8 -10 11 -12 12 -14 -15 15 16 -18 -19 -20 -21 21 -23 27 25 26 -27 -28 29 -30 -31
leaf_value=0.00092200043809775596 0.0034315113448195843 -0.00087130711112086792 -0.0001987354510330503 0.0010858429604960879 0.00031403178897330833 -7.0943703287086609e-05 0.0023804117763267379 0.00031003875640404823 0.0038949893425771469 1.8275923738662795e-05 -0.00056891801282364001 0.0016075162752495432 8.7045817338163572e-05 -0.00082208521726754484 -0.00067564747881159034 -5.1976419297010197e-05 -0.00059815199666366436 0.0054168198732273956 -0.0014000485076397869 -0.0042792545928551284 -3.4537378353582519e-05 0.0013611837421974712 -0.00048340396371339466 0.0011035513593433454 -0.0009488023173670441 -6.2416737344488086e-05 -0.00017045721151458856 -4.7743294890213953e-05 -0.00012261682474594567 -0.00065393050467055876
leaf_weight=3552 2672 192 2668 5800 5568 27344 2274 15878 1236 9751 395 3307 23922 258 192 3424 160 64 64 96 384 960 2020 2304 165 4704 123 1536 3652 96
leaf_count=3552 2672 192 2668 5800 5568 27344 2274 15878 1236 9751 395 3307 23922 258 192 3424 160 64 64 96 384 960 2020 2304 165 4704 123 1536 3652 96
internal_value=0.000373955 0.00168196 0.00183573 0.00120926 0.00024328 0.000185526 0.000633854 0.0013782 0.00103632 -8.44243e-05 0.000765993 0.000298026 0.000699786 0.00288219 -0.000505054 -0.002125 -0.00125 -0.0111932 -0.000733945 -0.0147917 -5.06692e-05 -0.000690693 -0.00105365 2.60419e-05 -0.00534226 0.000540811 -0.0120139 -0.00332421 0.000802603 -0.00112745
internal_weight=124761 11332 11140 8468 113429 109877 41295 19783 17509 68582 16273 41238 27487 3565 13751 4000 3648 352 3488 288 21512 12292 11332 7680 672 7008 288 3652 9220 1632
internal_count=124761 11332 11140 8468 113429 109877 41295 19783 17509 68582 16273 41238 27487 3565 13751 4000 3648 352 3488 288 21512 12292 11332 7680 672 7008 288 3652 9220 1632
is_linear=0
shrinkage=0.05


Tree=103
num_leaves=31
num_cat=0
split_feature=9 4 3 9 0 0 4 0 3 9 10 11 9 0 1 3 3 10 8 8 3 9 3 7 1 4 11 11 6 11
split_gain=7.92176 9.67213 4.78374 7.89276 6.11719 6.29268 5.15174 4.73657 4.66819 15.2685 5.4644 5.85813 6.17334 10.2782 9.7963 5.55556 4.82033 4.43012 7.40401 10.0164 7.47714 8.38294 6.65348 6.00614 5.00758 4.99085 4.94593 4.97845 4.62747 4.41751
threshold=30.150260416666672 -0.9497838742125716 -0.48314718476766422 26.965885416666669 10.500000000000002 87.500000000000014 0.21652257995689161 85.500000000000014 -0.13398594226331254 30.108333333333338 1.0000000180025095e-35 0.9040579196039068 27.634114583333339 35.500000000000007 3.5000000000000004 0.76140650896573492 -0.022576249993022688 1.0000000180025095e-35 31.050000000000004 29.150000000000002 -0.98046803196378884 25.138020833333339 -0.82897401153126982 26.112500000000004 3.5000000000000004 0.52583933546504591 0.99733561582144803 0.80519389663381347 1.0000000180025095e-35 1.0357773587453021
decision_type=2 2 2 2 2 2 2 2 2 2 2 2 2 2 2 2 2 2 2 2 2 2 2 2 2 2 2 2 2 2
left_child=2 -2 3 17 -5 6 -6 -3 9 -4 16 12 -12 14 -14 -15 -10 26 19 20 21 -19 -22 -23 28 -26 27 -1 -21 -18
right_child=1 7 8 4 5 -7 -8 -9 10 -11 11 -13 13 15 -16 -17 29 18 -20 24 22 23 -24 -25 25 -27 -28 -29 -30 -31
leaf_value=-0.00043347951997363768 0.0016061017158193786 -3.7153898493583908e-07 -0.00013539107774129306 0.0022483481787932283 0.00028218479084110934 0.0030354017451088787 -0.00052805582200279519 0.0021153588132352178 0.00020366901322458461 -0.0048810432781004895 -4.4947959115710439e-05 0.00012568224955482945 -0.0011828197740659297 0.0005818768310710458 -0.00079753093310547815 -0.0015844063551959196 -4.0059974881146571e-05 -3.2810509435903922e-05 0.0012931245550875984 -0.0005378208836090407 0.0010483737913761784 -0.00090136220149869171 -5.9295900477263055e-05 -0.00016193435093885875 -4.5356130145703334e-05 -0.00062123397943703116 -0.00011648598350864786 0.00036800299715563658 0.00050286178337966665 -0.00024162303029164156
leaf_weight=192 8832 10918 12927 2186 14861 1584 385 1267 1632 85 2112 28418 108 300 108 60 14208 384 960 1824 2304 165 4704 123 1536 96 3652 5376 196 3258
leaf_count=192 8832 10918 12927 2186 14861 1584 385 1267 1632 85 2112 28418 108 300 108 60 14208 384 960 1824 2304 165 4704 123 1536 96 3652 5376 196 3258
internal_value=0.000358325 0.00124352 0.000178998 0.00060304 0.00134518 0.00102198 0.00071035 0.000330324 -9.28561e-05 -0.000936827 0.000125887 0.000534624 -0.00169643 -0.00628472 -0.0149074 -0.00111111 -0.000539847 -5.29935e-05 -0.000674422 -0.00103159 -6.51023e-06 -0.00504464 0.000476598 -0.0114931 -0.00318729 -0.00112745 0.000775488 0.00171336 -0.00485148 -0.000782663
internal_weight=124761 21017 103744 40528 19016 16830 15246 12185 63216 13012 50204 31106 2688 576 216 360 19098 21512 12292 11332 7680 672 7008 288 3652 1632 9220 5568 2020 17466
internal_count=124761 21017 103744 40528 19016 16830 15246 12185 63216 13012 50204 31106 2688 576 216 360 19098 21512 12292 11332 7680 672 7008 288 3652 1632 9220 5568 2020 17466
is_linear=0
shrinkage=0.05


Tree=104
num_leaves=31
num_cat=0
split_feature=4 9 0 0 3 4 0 8 7 9 7 8 11 11 4 9 11 9 8 7 6 0 9 7 11 4 0 11 4 4
split_gain=7.60529 6.62635 5.89999 6.45085 5.43946 3.85177 5.27088 3.79892 3.7021 3.52167 3.62057 3.5012 4.48245 5.56744 11.3144 5.75169 6.08779 5.34777 4.71837 3.86225 3.83664 7.88286 3.77568 7.91963 3.46456 3.30709 3.30287 3.84384 3.26836 7.81789
threshold=-0.98801846520836312 33.96510416666667 6.5000000000000009 76.500000000000014 0.54219432480460406 0.32410992729244009 84.500000000000014 21.550000000000004 27.187500000000004 28.153645833333339 26.012500000000006 37.050000000000004 1.1589671265514687 1.1118361362686917 -0.93237865822738086 29.475000000000001 0.9621683328328906 29.444531250000001 36.050000000000004 36.862500000000004 1.0000000180025095e-35 19.500000000000004 30.207291666666666 30.012500000000006 1.1064219518172318 -0.6391983530350368 21.500000000000004 1.0400758936931782 -0.7614016681079937 -0.82899557272681157
decision_type=2 2 2 2 2 2 2 2 2 2 2 2 2 2 2 2 2 2 2 2 2 2 2 2 2 2 2 2 2 2
left_child=9 2 8 11 -3 -5 7 -7 -2 10 -1 12 13 15 18 17 -17 24 22 20 -13 -22 23 -15 28 -16 -6 -28 29 -4
right_child=1 4 3 5 26 6 -8 -9 -10 -11 -12 19 -14 14 25 16 -18 -19 -20 -21 21 -23 -24 -25 -26 -27 27 -29 -30 -31
leaf_value=-0.00091397516566475614 8.9384797756859443e-05 0.0020581454190664737 -0.00015242343397440871 0.00043438956880638945 0.0029696077604699613 0.00057743754661768415 -9.0381258647198048e-05 4.2778096210229205e-05 0.0040143968320295485 0.0013274537968382596 -1.457343869283731e-05 -0.00035911800220088207 0.0016299110291419145 -0.0029140705955982556 0.00060923232896108832 -0.00042543412963024169 0.00078638426052581977 -0.0019045156720736414 -0.0035078692572340386 0.00014139827934931955 -0.0015333897175957415 -0.00025780562529219362 -0.0012939371844566203 -0.00065149492312993888 0.0014155311608250913 -0.0002513876082866693 -0.0052875042058357601 -0.00039470820414400993 -2.9256448147485426e-06 -0.00091653817152516034
leaf_weight=53 7084 2592 5739 12984 220 1680 5626 2416 1317 6144 139 3743 910 83 840 1675 6502 272 70 1640 78 209 280 127 490 1750 74 666 58448 910
leaf_count=53 7084 2592 5739 12984 220 1680 5626 2416 1317 6144 139 3743 910 83 840 1675 6502 272 70 1640 78 209 280 127 490 1750 74 666 58448 910
internal_value=0.0003451 0.000254803 0.000189035 8.83802e-05 0.00238176 0.000835903 8.33164e-05 0.00144775 0.00146471 0.00203283 -0.00463542 -0.000114247 -2.71459e-05 -6.82764e-05 -0.00212698 1.93151e-05 0.00127003 -0.000135972 -0.00857143 -0.00131393 -0.0021464 -0.00771777 -0.00683673 -0.0119048 -0.000106957 -0.000733591 -0.000833333 -0.00243243 -0.000138485 -0.0011889
internal_weight=124761 118425 114873 106472 3552 22706 9722 4096 8401 6336 192 83766 78096 77186 3150 74036 8177 65859 560 5670 4030 287 490 210 65587 2590 960 740 65097 6649
internal_count=124761 118425 114873 106472 3552 22706 9722 4096 8401 6336 192 83766 78096 77186 3150 74036 8177 65859 560 5670 4030 287 490 210 65587 2590 960 740 65097 6649
is_linear=0
shrinkage=0.05


Tree=105
num_leaves=31
num_cat=0
split_feature=3 9 0 0 7 4 10 0 0 0 5 1 8 8 3 9 0 0 0 0 10 11 3 4 4 11 11 9 9 1
split_gain=7.3163 7.95935 5.76883 8.54761 5.25661 5.25508 4.26609 4.74503 7.96038 5.18322 4.11639 4.01816 4.63158 3.64457 3.40966 3.3665 6.57181 8.56309 9.06164 6.69015 6.26927 7.33446 5.84188 5.07445 6.42693 12.1582 6.41903 8.26873 4.657 9.43216
threshold=0.81925054981890411 30.150260416666672 17.500000000000004 51.500000000000007 27.387500000000006 0.52583933546504591 1.0000000180025095e-35 85.500000000000014 67.500000000000014 77.500000000000014 1.0000000180025095e-35 2.5000000000000004 24.350000000000005 34.250000000000007 0.63920241694561786 26.541666666666668 88.500000000000014 23.500000000000004 52.500000000000007 66.500000000000014 1.0000000180025095e-35 0.97407968238158804 0.21862473630160603 -0.62587551141915865 -0.81925291736142491 0.94542443323476821 0.90891411467879568 27.634114583333339 29.570052083333341 5.5000000000000009
decision_type=2 2 2 2 2 2 2 2 2 2 2 2 2 2 2 2 2 2 2 2 2 2 2 2 2 2 2 2 2 2
left_child=1 10 4 -4 -3 11 7 8 -5 -10 13 -2 -13 15 -15 22 17 20 -19 -20 -17 23 -1 24 -22 26 27 -26 -23 -30
right_child=5 2 3 6 -6 -7 -8 -9 9 -11 -12 12 -14 14 -16 16 -18 18 19 -21 21 28 -24 -25 25 -27 -28 -29 29 -31
leaf_value=-3.7156717764919787e-05 -0.00013755020261652727 3.4888063310909767e-05 -0.00010586352033615674 0.0014827061780669473 0.0046707611005465093 -0.00029405648215684462 0.0025830032374201122 0.0048519202512936231 -0.00077714092234913604 0.00083741106737426527 0.00026796932471919187 -0.00032252245152718522 0.00010338104570068951 -0.00043128683682255544 0.00015339205680316696 0.0037634366142314472 0.0025490461480851666 -0.00031330840095305005 0.0011139777600139926 -1.8300541093360142e-05 -0.00017957036018971206 0.0016268766918350244 8.3674216871402075e-05 0.00090737597211895844 0.00020173012252020116 -0.0028750645805484787 0.00085084888641204107 -0.0019020446142659457 0.00099586978662329225 -0.0038241345105787779
leaf_weight=32548 8352 962 6630 2160 2552 1152 2640 1347 1350 1072 5470 960 9978 2677 1060 1952 2023 8381 4046 6336 997 2400 16128 744 72 72 144 100 360 96
leaf_count=32548 8352 962 6630 2160 2552 1152 2640 1347 1350 1072 5470 960 9978 2677 1060 1952 2023 8381 4046 6336 997 2400 16128 744 72 72 144 100 360 96
internal_value=0.00033468 0.000504175 0.00143831 0.00101619 0.00326409 -0.000530281 0.00205917 0.00131472 0.000547796 -0.00142031 0.000299979 -0.00033437 0.000296215 0.000209394 -0.00131523 0.00028397 0.000723767 0.000507782 -4.71671e-05 0.000940089 0.00200879 0.0010682 3.34869e-05 -0.00115312 -0.00294224 -0.00840206 -0.00417721 -0.0106977 0.00272409 -0.00190789
internal_weight=124761 104319 18713 15199 3514 20442 8569 5929 4582 2422 85606 19290 10938 80136 3737 76399 27723 25700 18763 10382 6937 4985 48676 2129 1385 388 316 172 2856 456
internal_count=124761 104319 18713 15199 3514 20442 8569 5929 4582 2422 85606 19290 10938 80136 3737 76399 27723 25700 18763 10382 6937 4985 48676 2129 1385 388 316 172 2856 456
is_linear=0
shrinkage=0.05


Tree=106
num_leaves=31
num_cat=0
split_feature=9 0 0 3 0 9 0 9 0 4 0 1 8 9 11 11 0 0 9 9 4 7 7 8 8 8 8 10 11 3
split_gain=7.13467 6.2085 6.92435 5.49115 4.50953 8.4617 5.52469 4.51495 5.80228 4.3809 3.85136 3.62058 4.1208 3.39965 4.45455 4.66696 5.71123 5.1768 4.10943 3.54939 3.25322 3.09776 3.03285 2.93987 2.92902 4.5873 2.88009 2.83846 4.3084 3.10708
threshold=32.437500000000007 26.500000000000004 45.500000000000007 0.81925054981890411 10.500000000000002 25.465104166666666 75.500000000000014 27.370572916666671 89.500000000000014 0.52583933546504591 93.500000000000014 2.5000000000000004 24.350000000000005 26.058333333333337 0.99290724717615986 0.98244204632020515 37.500000000000007 10.500000000000002 31.31276041666667 17.773437500000004 -0.95998493203694346 22.812500000000004 26.337500000000006 18.650000000000002 22.550000000000004 22.650000000000002 44.850000000000009 1.0000000180025095e-35 1.0635821354874333 0.85673801594079257
decision_type=2 2 2 2 2 2 2 2 2 2 2 2 2 2 2 2 2 2 2 2 2 2 2 2 2 2 2 2 2 2
left_child=3 -2 -3 4 5 -1 -6 10 -9 11 20 13 24 19 15 17 -17 -15 -16 -5 -8 -19 -20 -22 -13 -26 -4 28 -14 -29
right_child=1 2 26 9 6 -7 7 8 -10 -11 -12 12 27 14 18 16 -18 21 22 -21 23 -23 -24 -25 25 -27 -28 29 -30 -31
leaf_value=-3.6330820855483345e-06 0.0032171200315502242 -0.00056832843375566062 0.001030217748725454 -0.00073790237213713808 8.7564113078323659e-06 0.0013252169041497318 -0.0010435733686297824 0.00040294312823820251 0.0029757063612294572 -0.00027935365804900242 -0.0002232655714501165 0.00025446249545412147 9.8290389419919091e-05 -0.0013045089153227245 -5.1900992810126334e-05 -0.00014697861125088929 -0.0015814320213294421 -0.0004950079400497055 -0.0021030425066137942 1.2845522449109389e-05 0.0008385193259952587 -0.00010161177601729685 -0.00071379879831437638 5.6378931720158248e-05 -0.0012406057997609906 -0.00023375187223404826 -0.0018895636351383444 -0.00038241930768407266 -0.0002936116080893903 0.00027156834174597394
leaf_weight=5379 2376 1672 4350 96 64977 5643 108 5722 2466 1152 1178 288 2496 99 2784 114 174 56 50 3936 1548 709 238 8946 96 576 50 288 1242 5952
leaf_count=5379 2376 1672 4350 96 64977 5643 108 5722 2466 1152 1178 288 2496 99 2784 114 174 56 50 3936 1548 709 238 8946 96 576 50 288 1242 5952
internal_value=0.000335882 0.00173887 0.000890975 0.000233981 0.000392166 0.00134368 0.000268703 0.000996094 0.0018979 -0.00051214 0.00036927 -0.000332395 0.000264217 -0.00112282 -0.00211411 -0.00476562 -0.0102778 -0.00292824 -0.00111979 -8.43252e-05 0.000670628 -0.00153595 -0.00680556 0.000759482 -0.00286458 -0.00467262 0.00193182 0.000565244 -0.000524344 0.00121795
internal_weight=124761 8448 6072 116313 95967 11022 84945 19968 8188 20346 11780 19194 10938 8256 4224 1152 288 864 3072 4032 10602 765 288 10494 960 672 4400 9978 3738 6240
internal_count=124761 8448 6072 116313 95967 11022 84945 19968 8188 20346 11780 19194 10938 8256 4224 1152 288 864 3072 4032 10602 765 288 10494 960 672 4400 9978 3738 6240
is_linear=0
shrinkage=0.05


Tree=107
num_leaves=31
num_cat=0
split_feature=9 3 9 3 11 3 8 9 0 0 7 0 3 0 1 8 5 8 0 11 9 7 9 4 0 9 8 9 4 8
split_gain=7.00126 8.30203 4.64886 7.95052 4.62031 15.4073 5.05312 6.73767 4.40645 6.07764 3.36232 3.41681 3.35962 3.34412 3.17139 8.14064 4.5325 5.4814 3.85995 3.70863 10.8071 6.38293 4.66624 4.37366 5.57672 4.35794 4.33256 7.60243 4.12015 7.0137
threshold=29.475000000000001 0.3504237462291826 32.957552083333347 0.51297097409535064 1.1118361362686917 -0.048361574224334618 36.050000000000004 30.150260416666672 17.500000000000004 49.500000000000007 34.01250000000001 87.500000000000014 0.63920241694561786 1.5000000000000002 1.5000000000000002 33.150000000000013 1.0000000180025095e-35 36.350000000000001 74.500000000000014 0.9131895820237399 28.992708333333336 26.537500000000005 29.247135416666669 0.18281312110578132 18.500000000000004 21.593229166666671 22.050000000000004 17.649479166666669 0.73721509932751383 25.750000000000004
decision_type=2 2 2 2 2 2 2 2 2 2 2 2 2 2 2 2 2 2 2 2 2 2 2 2 2 2 2 2 2 2
left_child=13 4 3 10 8 6 7 -6 -2 -10 11 -3 -5 -1 15 -15 18 -18 19 20 21 26 -22 24 -21 -25 -16 -28 -29 -30
right_child=1 2 -4 12 5 -7 -8 -9 9 -11 -12 -13 -14 14 16 -17 17 -19 -20 23 22 -23 -24 25 -26 -27 27 28 29 -31
leaf_value=0.00023411438804305591 0.0030698806255345292 -0.00175292193145103 0.00070727038945934495 0.00091587354014216894 -0.0020424410601068035 0.0017514397264027275 -0.0028520805093725453 -0.00017528294076419888 7.5515632715578618e-05 0.0019588870057996124 0.00019598555138828079 0.001814815395586562 -0.00010776075895541738 -1.0298917256992622e-05 0.00013845947967298309 -0.00040737448179323184 0.00039688396973346389 -0.0010404468411970385 0.00014815026721413187 0.0004909406393752043 -0.0022585147263434204 0.00031724098720985346 -0.0014915630991488523 6.4732817552892358e-06 5.9117298795815242e-05 -0.00016764116002953599 -0.001412186314292542 -0.00027321627644886197 -0.0013753364518967279 0.0001198076965081075
leaf_weight=1994 2844 647 3456 1046 384 1440 96 576 5056 7234 233 80 6340 22564 803 3008 3758 188 14253 3746 219 2610 211 21243 12320 5840 73 2353 73 73
leaf_count=1994 2844 647 3456 1046 384 1440 96 576 5056 7234 233 80 6340 22564 803 3008 3758 188 14253 3746 219 2610 211 21243 12320 5840 73 2353 73 73
internal_value=0.000323459 0.000997554 -2.88085e-05 -0.000667385 0.00168463 -0.000308493 -0.00489583 -0.00380208 0.00201335 0.00160293 -0.00494792 -0.00662311 -0.000111021 0.000115338 7.20525e-05 -0.000402393 0.000251096 0.00189559 0.000149412 -5.91153e-05 -0.00118083 -0.000630743 -0.00883721 0.00010765 0.000761235 -0.000280065 -0.00206667 -0.00306765 -0.00260304 -0.0107534
internal_weight=124761 29432 11802 8346 17630 2496 1056 960 15134 12290 960 727 7386 95329 93335 25572 67763 3946 63817 49564 6415 5985 430 43149 16066 27083 3375 2572 2499 146
internal_count=124761 29432 11802 8346 17630 2496 1056 960 15134 12290 960 727 7386 95329 93335 25572 67763 3946 63817 49564 6415 5985 430 43149 16066 27083 3375 2572 2499 146
is_linear=0
shrinkage=0.05


Tree=108
num_leaves=31
num_cat=0
split_feature=0 7 0 9 0 4 0 3 3 9 3 0 8 10 0 3 7 4 9 3 3 8 0 7 11 8 3 10 8 7
split_gain=6.48787 6.25586 5.66266 4.93268 5.67726 4.82954 3.6842 3.43917 4.1319 3.42232 4.81514 3.81349 3.26882 4.84652 7.22415 6.32293 3.7081 3.56965 3.81975 3.429 3.3152 3.10408 3.86286 2.85906 2.83149 2.76529 2.78843 3.44554 5.98664 5.77907
threshold=6.5000000000000009 27.187500000000004 76.500000000000014 27.370572916666671 89.500000000000014 -0.99465740988130902 93.500000000000014 0.89404822654372251 0.94704596667653973 33.96510416666667 0.54219432480460406 69.500000000000014 37.050000000000004 1.0000000180025095e-35 70.500000000000014 0.59868201182722736 33.112500000000004 -0.099822328936730861 27.869010416666672 0.69056404122701587 0.099822040462190967 37.350000000000001 31.500000000000004 34.612500000000004 1.1338093104982068 18.550000000000004 -0.8821812062722818 1.0000000180025095e-35 21.050000000000004 11.162500000000003
decision_type=2 2 2 2 2 2 2 2 2 2 2 2 2 2 2 2 2 2 2 2 2 2 2 2 2 2 2 2 2 2
left_child=1 -1 5 6 24 -2 25 -6 -9 12 -11 -12 16 14 20 -16 -7 -18 -19 -15 -14 22 -21 -17 -5 -4 -27 29 -29 -28
right_child=2 -3 3 4 7 9 -8 8 -10 10 11 -13 13 19 15 23 17 18 -20 21 -22 -23 -24 -25 -26 26 27 28 -30 -31
leaf_value=7.7468772004161577e-05 0.0010797345843454671 0.0044345604788495916 0.00068464017859918701 0.00051181972685415591 0.0029711401723566031 -1.4550410401951373e-05 -0.00020218157217785152 -0.0012122113676116793 0.0009845129329726786 0.0014808602233267001 -0.00020784450356293012 -0.0027177655487271163 -0.0021149424316302011 0.0012517810892425461 -0.0025671733099648657 -0.00026874990549738778 0.00061213878719220511 3.5994535404766577e-05 -0.00070279294389807498 -0.0012348810550873149 -0.00024813192903559987 1.1698528810821757e-05 -0.00066114013055977594 -0.0014030395626792754 -0.00084297550188542074 0.00048514013017853408 -0.00028469398298890764 0.0020105239499617449 -2.3965652757128883e-06 -8.5347932925384034e-05
leaf_weight=7164 3080 1958 1411 6846 3138 74499 1454 78 216 1890 630 70 128 770 96 197 4279 359 219 50 3584 980 90 55 559 2006 353 867 4199 3536
leaf_count=7164 3080 1958 1411 6846 3138 74499 1454 78 216 1890 630 70 128 770 96 197 4279 359 219 50 3584 980 90 55 559 2006 353 867 4199 3536
internal_value=0.000317848 0.00160162 0.000216579 0.000888578 0.00168728 3.44049e-05 0.000262549 0.0033683 -0.00180272 -3.37897e-05 0.00175676 -0.00178571 -8.8153e-05 -0.00121849 -0.00219212 -0.00908046 -3.4022e-06 0.00133519 -0.00235294 0.000873016 -0.00154634 -0.000892857 -0.00785714 -0.00492063 0.00090817 0.000542354 0.000274154 -0.000103294 0.000756021 -0.00122268
internal_weight=124761 9122 115639 24663 10837 90976 13826 3432 294 87896 2590 700 85306 5950 4060 348 79356 4857 578 1890 3712 1120 140 252 7405 12372 10961 8955 5066 3889
internal_count=124761 9122 115639 24663 10837 90976 13826 3432 294 87896 2590 700 85306 5950 4060 348 79356 4857 578 1890 3712 1120 140 252 7405 12372 10961 8955 5066 3889
is_linear=0
shrinkage=0.05


Tree=109
num_leaves=31
num_cat=0
split_feature=9 4 3 9 0 0 8 3 9 9 6 8 10 3 7 9 11 11 8 9 3 7 11 11 3 7 8 8 11 3
split_gain=6.30463 7.4198 4.42207 6.25496 5.37338 7.1157 4.43943 4.21463 9.64536 6.44448 4.4811 8.75521 3.86911 6.67533 6.44393 8.91284 5.81933 8.88781 5.83935 5.36044 5.63205 4.91263 4.79701 4.13273 10 4.76323 9.57943 4.10871 3.84332 3.75728
threshold=30.150260416666672 -0.9497838742125716 -0.48314718476766422 26.965885416666669 22.500000000000004 53.500000000000007 33.95000000000001 -0.42180583328916638 15.296614583333335 29.150520833333335 1.0000000180025095e-35 25.450000000000003 1.0000000180025095e-35 -0.9954993026558282 26.287500000000005 25.138020833333339 0.9078174546384491 0.91084542559196946 31.050000000000004 22.899479166666669 -0.85671820900978868 24.637500000000006 0.99733561582144803 0.89132369463318661 -0.67803021058859214 26.012500000000006 29.250000000000004 30.050000000000004 0.82629592353323422 -0.84772008488809492
decision_type=2 2 2 2 2 2 2 2 2 2 2 2 2 2 2 2 2 2 2 2 2 2 2 2 2 2 2 2 2 2
left_child=2 -2 3 12 28 -6 -7 8 -4 10 -10 -12 22 14 15 -14 -15 -18 19 20 -19 29 23 24 25 -1 -27 -17 -5 -21
right_child=1 -3 7 4 5 6 -8 -9 9 -11 11 -13 13 16 -16 27 17 18 -20 21 -22 -23 -24 -25 -26 26 -28 -29 -30 -31
leaf_value=0.00093200156591099744 0.0013696166225648598 7.7581564043854593e-05 -0.0007937078359770641 -0.0008460332884345158 -0.00011714124056420436 0.00094409724362167684 -0.00054125794573962644 -1.7183182125209444e-06 0.00010234924722917583 -0.0014901550666572326 0.00041094899331789821 -0.0010783797163146486 -4.4682037279212673e-05 0.00062589038093325536 0.00032742795130689668 -0.00095319842797825238 -0.00080158670629483205 0.0015593595371693417 0.0011876210375992313 -0.00028120354096198419 -6.4473493528292822e-05 -0.00012157655973212185 -0.00010313087539737911 0.00040419445605926373 -0.00070102258809744686 0.00030756859666638371 -0.0011092917324619495 -0.00055498359287416144 0.0013903447513446789 -0.00062110604338527352
leaf_weight=629 8832 12185 288 115 6138 7728 588 60158 2112 466 96 96 285 1440 312 204 96 960 864 1340 4416 2105 3652 4416 192 255 76 163 4447 107
leaf_count=629 8832 12185 288 115 6138 7728 588 60158 2112 466 96 96 285 1440 312 204 96 960 864 1340 4416 2105 3652 4416 192 255 76 163 4447 107
internal_value=0.000315844 0.00110553 0.000155865 0.000563561 0.00122423 0.000752041 0.00170515 -0.000105511 -0.00191628 -0.00101083 7.37849e-05 -0.00723958 -2.04535e-05 -0.000601204 -0.00459544 -0.00742331 -0.000261299 -0.00069377 -0.000545343 -0.000925179 7.06847e-05 -0.00243243 0.000753796 0.00167744 -0.000989583 0.00109375 -0.00376133 -0.0125749 0.0027203 -0.00467519
internal_weight=124761 21017 103744 40528 19016 14454 8316 63216 3058 2770 2304 192 21512 12292 964 652 11328 9888 9792 8928 5376 3552 9220 5568 1152 960 331 367 4562 1447
internal_count=124761 21017 103744 40528 19016 14454 8316 63216 3058 2770 2304 192 21512 12292 964 652 11328 9888 9792 8928 5376 3552 9220 5568 1152 960 331 367 4562 1447
is_linear=0
shrinkage=0.05


Tree=110
num_leaves=31
num_cat=0
split_feature=0 7 0 9 7 3 3 10 9 3 8 8 4 10 0 11 11 4 8 8 11 11 3 3 10 7 3 1 3 3
split_gain=6.22986 9.12307 5.99899 5.39701 4.22755 3.84563 2.83559 5.03457 5.01918 4.67934 5.60451 7.69485 4.64489 5.45907 4.56207 3.65791 4.2328 2.95576 2.84247 5.4 2.79826 4.10222 3.36673 2.98973 2.71858 6.88013 4.75747 3.91403 3.65088 4.81644
threshold=9.5000000000000018 27.387500000000006 77.500000000000014 29.979947916666667 39.662500000000016 -0.92274349529687905 -0.48314718476766422 1.0000000180025095e-35 13.946875000000002 0.96687895796550427 35.850000000000001 36.650000000000013 0.47369649395226454 1.0000000180025095e-35 92.500000000000014 1.1338093104982068 1.1538549292311382 -0.94426098523567992 30.250000000000004 31.450000000000003 0.94382758910793763 0.93776513921633253 -0.99866806308218525 -0.88622299073327826 1.0000000180025095e-35 32.112500000000004 0.97508442350096236 2.5000000000000004 0.534952257794027 -0.96902457013955734
decision_type=2 2 2 2 2 2 2 2 2 2 2 2 2 2 2 2 2 2 2 2 2 2 2 2 2 2 2 2 2 2
left_child=1 5 4 6 20 -1 12 17 14 10 15 -12 13 -4 -9 -10 -17 -8 -14 -20 21 -2 -22 -23 28 -26 -27 -28 29 -24
right_child=2 -3 3 -5 -6 -7 7 8 9 -11 11 -13 18 -15 -16 16 -18 -19 19 -21 22 23 24 -25 25 26 27 -29 -30 -31
leaf_value=0.00058696375298966706 -6.4677902960727312e-05 0.0043441646290140259 0.0022677919035977013 0.0015758139634462283 0.0012554050802855391 1.70749267063663e-05 0.0043199075559020089 0.0030154690668030494 2.2113170708167691e-05 0.00054927011933278631 -0.0019834567029585262 0.0008319489157273763 -2.1003966040018456e-05 0.00029606944280743041 -0.00085517696010201636 -0.0030405065302582207 3.8866917532733375e-05 -0.00014134100582839472 -0.00066751839523149529 0.0012212034569429584 0.0012861159132414367 -0.0013480192959185384 -0.00046299035506740336 -0.00030609407467325713 1.3622234463753784e-05 0.0010962579621028056 -0.00082761898085934645 0.0003725375590576405 -0.00012886790820418309 3.9034985749853854e-05
leaf_weight=1496 17011 2400 1872 4211 1167 9126 180 1305 4310 1008 126 108 1908 3564 261 54 72 4242 90 54 680 136 1428 1020 33317 4781 425 305 8683 19421
leaf_count=1496 17011 2400 1872 4211 1167 9126 180 1305 4310 1008 126 108 1908 3564 261 54 72 4242 90 54 680 136 1428 1020 33317 4781 425 305 8683 19421
internal_value=0.000305825 0.00134081 0.000185209 0.00089771 -3.16817e-06 0.000711731 0.000541401 5.40033e-05 0.000865544 0.000174357 -0.000492505 -0.00803419 0.00130075 0.00206586 0.00337165 -9.46797e-05 -0.00849206 -0.00127544 -0.000726121 -0.0075 -4.3173e-05 -0.00059531 0.000102115 -0.00347751 6.7291e-05 0.000342279 0.00197877 -0.00178082 -0.000294257 6.45117e-05
internal_weight=124761 13022 111739 23365 88374 10622 19154 11666 7244 5678 4670 234 7488 5436 1566 4436 126 4422 2052 144 87207 18167 69040 1156 68360 38828 5511 730 29532 20849
internal_count=124761 13022 111739 23365 88374 10622 19154 11666 7244 5678 4670 234 7488 5436 1566 4436 126 4422 2052 144 87207 18167 69040 1156 68360 38828 5511 730 29532 20849
is_linear=0
shrinkage=0.05


Tree=111
num_leaves=31
num_cat=0
split_feature=0 7 0 4 0 4 3 10 11 11 1 10 0 8 3 3 3 1 8 9 0 1 3 9 3 9 8 4 11 3
split_gain=5.66184 5.83097 5.26659 4.98165 4.39775 3.67282 3.04365 3.78259 3.20805 5.31331 4.28148 3.14505 6.48015 5.85683 3.89216 3.36845 3.12067 3.36537 5.21215 3.28283 3 2.99486 3.95325 2.97049 4.11294 2.95426 3.44202 5.94241 3.00833 5.33333
threshold=6.5000000000000009 27.387500000000006 77.500000000000014 -0.64580103137750788 87.500000000000014 -0.99465740988130902 -0.80924678377697201 1.0000000180025095e-35 0.92774199459266771 0.9078174546384491 4.5000000000000009 1.0000000180025095e-35 89.500000000000014 21.050000000000004 0.96687895796550427 0.98213580174693105 0.94425825643485939 1.0000000180025095e-35 33.350000000000001 15.296614583333335 86.500000000000014 5.5000000000000009 0.99761913169647187 33.96510416666667 0.54219432480460406 15.296614583333335 24.250000000000004 0.86439018870140905 1.0377350583906739 -0.39036798905311365
decision_type=2 2 2 2 2 2 2 2 2 2 2 2 2 2 2 2 2 2 2 2 2 2 2 2 2 2 2 2 2 2
left_child=1 -1 5 4 -4 -2 7 -5 9 -9 20 15 13 -13 -14 25 17 18 -15 -19 -11 22 -17 -7 -25 -8 -27 -28 29 -29
right_child=2 -3 3 6 -6 23 11 8 -10 10 -12 12 14 16 -16 21 -18 19 -20 -21 -22 -23 -24 24 -26 26 27 28 -30 -31
leaf_value=7.856976141921518e-05 0.00089543534891314998 0.0043663654040187617 0.00035250067838565321 0.0013708814832952454 0.0025492158561450625 -1.1553821586194779e-05 -0.00015334016709489951 9.7942354284387477e-05 0.00040874905605472485 -0.00030950402097476939 -0.00060924454687402436 0.0029602752271382913 -0.00025284322636893233 -0.00019726360770127858 0.00058658467491239411 -0.00054313696956963568 0.00052199570840712499 -0.00099265716041920123 -0.001867827839795025 0.00014691201992574318 -0.0012921969838255946 -0.0012669412197495902 0.00027508809100214017 0.0013798419599775613 -0.00056308001578305714 0.00034292479286569561 3.844089201291742e-05 -0.001444790570054093 -0.00011811822669497408 -0.00011562898247144509
leaf_weight=7328 3124 1794 3962 1530 3191 86523 1872 414 2088 54 72 1248 1854 264 354 216 900 96 60 1848 54 54 126 1917 710 576 2352 54 72 54
leaf_count=7328 3124 1794 3962 1530 3191 86523 1872 414 2088 54 72 1248 1854 264 354 216 900 96 60 1848 54 54 126 1917 710 576 2352 54 72 54
internal_value=0.00029821 0.00149748 0.000203608 0.000874171 0.0019733 3.38125e-05 0.000389218 0.00154558 0.00041387 -0.00282828 -0.01 -1.66665e-05 0.000712561 0.00181839 -0.00149909 -0.000915178 0.000675505 -0.000313051 -0.00503086 0.000473251 -0.0162963 -0.00535354 -0.00362573 -2.52382e-05 0.00163114 -0.000562249 0.000382883 -0.000410742 -0.00916667 -0.0144444
internal_weight=124761 9122 115639 23365 7153 92274 16212 4212 2682 594 180 12000 6624 4416 2208 5376 3168 2268 324 1944 108 396 342 89150 2627 4980 3108 2532 180 108
internal_count=124761 9122 115639 23365 7153 92274 16212 4212 2682 594 180 12000 6624 4416 2208 5376 3168 2268 324 1944 108 396 342 89150 2627 4980 3108 2532 180 108
is_linear=0
shrinkage=0.05


Tree=112
num_leaves=31
num_cat=0
split_feature=9 3 0 0 0 0 10 11 9 9 8 3 4 3 11 11 0 10 11 8 6 9 3 3 3 7 0 1 7 0
split_gain=5.34048 7.50037 5.59977 7.59486 7.6656 6.19879 4.32519 7.22282 5.39663 4.62571 4.27841 7.80656 4.13146 8.52565 3.8099 3.52554 3.67193 4.41426 6.93619 3.52226 3.3686 3.52347 4.59375 3.18333 3.17913 3.09332 3.84948 4.25498 5.1203 3.0462
threshold=28.750260416666666 0.3504237462291826 83.500000000000014 26.500000000000004 48.500000000000007 68.500000000000014 1.0000000180025095e-35 0.97407968238158804 29.150520833333335 29.230989583333336 41.150000000000013 0.51297097409535064 -0.96466008222729416 -0.18492532721306487 0.84498567688228199 0.95911488553154101 76.500000000000014 1.0000000180025095e-35 0.90891411467879568 41.050000000000004 1.0000000180025095e-35 28.943229166666672 0.94138322595482449 0.65233619298682533 -0.95500086777008153 33.612500000000004 87.500000000000014 1.0000000180025095e-35 29.012500000000006 81.500000000000014
decision_type=2 2 2 2 2 2 2 2 2 2 2 2 2 2 2 2 2 2 2 2 2 2 2 2 2 2 2 2 2 2
left_child=12 2 3 6 -5 14 -2 8 -8 -10 11 25 13 -1 -6 16 17 18 -7 20 21 22 -13 -23 -17 26 27 28 -3 -29
right_child=1 10 -4 4 5 15 7 -9 9 -11 -12 19 -14 -15 -16 24 -18 -19 -20 -21 -22 23 -24 -25 -26 -27 -28 29 -30 -31
leaf_value=-0.0017993210451054155 0.0028620855034115341 -0.0030724334911686104 0.0026948405017889181 -0.00029755163252155446 -0.0021818597983095148 7.7065541884085775e-05 0.00092961458902152865 0.001166468053116031 -0.0038130923767577376 -0.00095021281552645819 0.00097174278310077048 -0.0014306578742955898 1.5054940701153753e-05 -0.0001605728223241354 0.0014359935911355129 -0.001320127880935759 0.00021267046856761069 1.8466346345384243e-05 -0.0019781076476897666 -0.0041662405499611537 -0.00056510829633855952 0.00085458123149597808 0.00051158313990045648 2.2132489928369089e-06 0.00028322082094442744 -0.00010023452745002878 0.0013653870624481396 -0.0010293461657914739 -0.00051895050264156261 -0.0020597028282722872
leaf_weight=288 3564 97 3066 5632 140 104 270 2403 54 613 2208 192 85256 1149 4977 60 385 182 160 96 768 1814 192 6824 2924 425 120 653 81 64
leaf_count=288 3564 97 3066 5632 140 104 270 2403 54 613 2208 192 85256 1149 4977 60 385 182 160 96 768 1814 192 6824 2924 425 120 653 81 64
internal_value=0.000290195 0.000783861 0.00130513 0.00101966 0.000372151 0.00128303 0.00238557 0.00109281 -0.00263074 -0.00504498 -0.000161076 -0.000553593 7.34202e-05 -0.00258525 0.00242036 -0.000242464 -0.00312274 -0.00621076 -0.0103409 -5.25994e-05 4.08582e-05 0.000311461 -0.004375 0.000519796 0.000559652 -0.00399306 -0.00549261 -0.00662011 -0.0135393 -0.00490237
internal_weight=124761 38068 24534 21468 14564 8932 6904 3340 937 667 13534 11326 86693 1437 5117 3815 831 446 264 9886 9790 9022 384 8638 2984 1440 1015 895 178 717
internal_count=124761 38068 24534 21468 14564 8932 6904 3340 937 667 13534 11326 86693 1437 5117 3815 831 446 264 9886 9790 9022 384 8638 2984 1440 1015 895 178 717
is_linear=0
shrinkage=0.05


Tree=113
num_leaves=31
num_cat=0
split_feature=4 9 3 0 0 3 0 7 0 10 11 11 3 8 9 9 11 10 7 11 3 11 9 4 9 8 9 8 3 9
split_gain=5.51958 4.81621 4.27154 3.73825 3.8405 3.08394 5.9414 6.50419 5.63952 6.79836 5.03233 3.90708 4.80051 6.40667 4.99101 7.48681 4.65779 3.58581 5.72018 5.14688 9.12375 3.54435 4.8578 3.47675 3.46183 3.19943 3.0214 6.40302 5.70481 5.95244
threshold=-0.98801846520836312 33.96510416666667 0.54219432480460406 1.0000000180025095e-35 75.500000000000014 -0.66528616069191593 23.500000000000004 26.012500000000006 38.500000000000007 1.0000000180025095e-35 0.80519389663381347 0.93155087118158786 -0.65234524191686594 25.750000000000004 28.980208333333337 29.247135416666669 0.84498567688228199 1.0000000180025095e-35 17.312500000000004 0.83998462250459582 -0.9731273977605811 0.91371627058832827 29.444531250000001 -0.26867065956352881 22.166406250000005 31.050000000000004 26.651562500000001 28.450000000000003 -0.80924678377697201 27.845312500000002
decision_type=2 2 2 2 2 2 2 2 2 2 2 2 2 2 2 2 2 2 2 2 2 2 2 2 2 2 2 2 2 2
left_child=-1 3 -3 -2 5 6 7 17 -8 10 -10 12 13 -7 -14 -16 -17 18 -5 20 -19 -18 -23 -22 -12 -11 27 -21 -28 -30
right_child=1 2 -4 4 -6 11 8 -9 9 25 24 -13 14 -15 15 16 21 19 -20 26 23 22 -24 -25 -26 -27 28 -29 29 -31
leaf_value=0.00085724712805374751 0.00035090605770817781 0.0016588110426779441 -0.00040617885453815832 -0.00043231505974894387 0.00012217815710061341 -0.0012021588596561154 -0.00025733557817958985 0.002265491448228621 -0.00083301670600201142 0.0001395746040645515 0.00057820644572066605 -5.5309872624739232e-06 -4.3773745221440183e-05 8.3037935843759106e-05 -0.0015259734475097644 -0.0013739489208709939 0.00060067420230926942 -0.0006630754205899233 0.00083030406516151813 0.00016571894589707378 -0.00088570777383709456 0.0014981381988628196 -0.00097713748433516257 0.00072133165357228198 -0.00018361836724446339 0.0011956724101420879 0.0012540267642152493 -0.00018759340912019644 0.0027898319766245499 -0.0018895122451553271
leaf_weight=6336 1202 2592 960 243 23902 75 5025 2148 74 4477 444 54595 7273 75 375 517 825 115 1838 782 52 225 672 125 4255 3145 1001 1219 79 115
leaf_count=6336 1202 2592 960 243 23902 75 5025 2148 74 4477 444 54595 7273 75 375 517 825 115 1838 782 52 225 672 125 4255 3145 1001 1219 79 115
internal_value=0.000279374 0.000202449 0.00201577 0.000146379 0.000117049 -3.29176e-05 0.000437005 0.00159194 -7.46267e-05 0.000498185 -0.000981563 -0.000215682 -0.00112235 -0.01 -0.00098766 -0.00286151 -0.00176641 0.000690429 0.00233301 -0.000289564 -0.00664384 -0.000516841 -0.00269231 0.000480226 -0.000777825 0.00142482 0.000290989 -0.000897051 0.00228033 -0.00556701
internal_weight=124761 118425 3552 114873 113671 89769 25137 7717 17420 12395 4773 64632 10037 150 9887 2614 2239 5569 2081 3488 292 1722 897 177 4699 7622 3196 2001 1195 194
internal_count=124761 118425 3552 114873 113671 89769 25137 7717 17420 12395 4773 64632 10037 150 9887 2614 2239 5569 2081 3488 292 1722 897 177 4699 7622 3196 2001 1195 194
is_linear=0
shrinkage=0.05


Tree=114
num_leaves=31
num_cat=0
split_feature=9 7 10 0 0 0 0 3 3 9 9 7 4 4 0 3 3 4 8 9 1 8 8 10 4 9 3 0 11 0
split_gain=5.10496 5.65344 3.65609 3.88851 6.41581 6.16964 3.43831 3.35021 3.17943 4.2277 8.58474 6.05825 4.06198 3.24722 3.19204 3.17718 3.10106 2.86166 3.35651 2.90595 2.80349 2.7014 4.58445 7.03581 4.73287 5.97732 6.79136 4.09085 5.00035 3.89855
threshold=31.817708333333336 33.01250000000001 1.0000000180025095e-35 70.500000000000014 49.500000000000007 78.500000000000014 1.0000000180025095e-35 -0.30983472475487867 -0.88622299073327826 22.899479166666669 23.303385416666668 20.487500000000004 -0.30982845708428081 -0.25206183926700709 21.500000000000004 -0.96463499255812291 0.61237135649459018 -0.98801846520836312 32.050000000000004 9.9703125000000004 1.0000000180025095e-35 34.050000000000004 31.050000000000004 1.0000000180025095e-35 -0.17646730165275518 23.771875000000005 -0.92274349529687905 37.500000000000007 0.83998462250459582 93.500000000000014
decision_type=2 2 2 2 2 2 2 2 2 2 2 2 2 2 2 2 2 2 2 2 2 2 2 2 2 2 2 2 2 2
left_child=6 16 3 4 -3 -5 -1 -6 9 -8 11 -11 20 14 -14 -16 -2 18 -10 -19 -12 22 23 -15 -25 -26 27 28 -27 -29
right_child=1 2 -4 5 7 -7 8 -9 17 10 12 -13 13 21 15 -17 -18 19 -20 -21 -22 -23 -24 24 25 26 -28 29 -30 -31
leaf_value=0.000323681904776523 0.0021794595599042761 -0.00050992275849041111 0.0023630429826635548 -0.001403606017247057 -0.0019729405315744926 0.0015924717109030739 0.0045209402323768541 0.0012778744861668045 -0.00048737905616825665 -0.00071895580981852167 -0.00078229006364950336 -0.00037440888942842513 0.0013629066962750839 0.00055707907613654134 -0.0012051328223168273 -0.00061968317297819632 8.8758386116825016e-05 0.00047500382301315512 0.00093068550331925563 -8.1096965073556613e-06 0.0011896661268061717 -0.00026202046021676093 0.00072021215390133864 0.0011781537103928291 0.0011139811209044898 -0.00059299917549005411 -0.00078519495056405045 -1.944472870557974e-05 -0.00023493158161612648 -0.0011133067213605781
leaf_weight=1186 4290 1781 731 672 59 491 570 2046 285 91 190 194 252 2660 222 666 1262 1710 3230 89627 2755 1045 4183 475 475 185 95 2072 1187 74
leaf_count=1186 4290 1781 731 672 59 491 570 2046 285 91 190 194 252 2660 222 666 1262 1710 3230 89627 2755 1045 4183 475 475 185 95 2072 1187 74
internal_value=0.000272962 0.00128486 0.000190312 -0.000288176 0.000470921 -0.00282459 0.00017187 0.00233967 0.000143573 0.000765051 0.000621545 -0.00798246 0.000769836 0.000405048 -0.00214912 -0.00355856 0.00242435 2.96253e-05 0.00142959 -2.42507e-05 0.00245331 0.000638905 0.000861827 9.89895e-05 -0.00109248 -0.00164139 -0.00233462 -0.0019784 -0.00411079 -0.000615098
internal_weight=124761 11332 5780 5049 3886 1163 113429 2105 112243 17391 16821 285 16536 13591 1140 888 5552 94852 3515 91337 2945 12451 11406 7223 4563 4088 3613 3518 1372 2146
internal_count=124761 11332 5780 5049 3886 1163 113429 2105 112243 17391 16821 285 16536 13591 1140 888 5552 94852 3515 91337 2945 12451 11406 7223 4563 4088 3613 3518 1372 2146
is_linear=0
shrinkage=0.05


Tree=115
num_leaves=31
num_cat=0
split_feature=9 7 0 0 7 0 0 7 3 11 8 8 1 4 8 10 0 11 7 3 1 3 3 3 0 3 11 11 9 3
split_gain=5.06777 4.69265 4.00551 4.46051 4.33736 3.56041 5.2387 3.04468 2.83204 2.54636 2.76536 2.64914 2.51023 2.49945 2.64775 3.75121 4.35835 4.58936 3.35604 3.22969 3.38983 2.65658 2.65152 2.6232 2.65532 2.49335 2.38901 2.27311 3.09766 3.1746
threshold=33.599218750000006 33.01250000000001 6.5000000000000009 76.500000000000014 22.362500000000004 44.500000000000007 69.500000000000014 28.537500000000005 0.15101559051660998 0.96691573625133975 44.000000000000007 40.050000000000004 1.5000000000000002 -0.99465740988130902 37.050000000000004 1.0000000180025095e-35 65.500000000000014 1.0062103455713849 33.112500000000004 0.099822040462190967 1.5000000000000002 0.99466373373798567 0.52766072109828632 0.69056404122701587 29.500000000000004 0.97508442350096236 0.84498567688228199 0.92960870096613757 28.401041666666671 0.51297097409535064
decision_type=2 2 2 2 2 2 2 2 2 2 2 2 2 2 2 2 2 2 2 2 2 2 2 2 2 2 2 2 2 2
left_child=2 -2 4 13 -1 -3 -7 -5 -6 -8 11 12 -11 -4 18 16 19 22 -15 20 -16 26 -18 -17 -25 -26 -20 28 -10 -30
right_child=1 5 3 7 8 6 9 -9 27 10 -12 -13 -14 14 15 23 17 -19 21 -21 -22 -23 -24 24 25 -27 -28 -29 29 -31
leaf_value=5.1084096631345665e-06 0.0029946227472039846 -0.00063072508039559139 0.00075726952721749078 7.1076483498491239e-05 0.0016839529223896352 0.0021296466590131039 -0.0033604070430523682 0.00099208841275914817 0.0003238936629071986 -0.0030432271615597507 -0.0021432825449963625 0.0012684883707014334 -0.00022293501952135635 -1.4399678273587991e-05 -0.0030003917661470367 0.00107541191326233 -0.0031510493681175806 -0.00031144901727990092 -0.0014791954589596281 -0.00017061358826685937 -0.00021625482570718376 -0.00056747644420913532 -0.00090441109859555223 -0.00068061827213557907 0.00073888354851816087 -0.00082635177779439054 0.00051397799380119974 0.00040114715011483975 -0.002595977056247803 -0.0004512113916937384
leaf_weight=4284 2002 824 2240 19468 2973 1325 72 4188 100 73 91 504 197 74499 59 700 77 374 215 3127 59 260 154 368 564 188 4382 1268 63 63
leaf_count=4284 2002 824 2240 19468 2973 1325 72 4188 100 73 91 504 197 74499 59 700 77 374 215 3127 59 260 154 368 564 188 4382 1268 63 63
internal_value=0.000270557 0.00181604 0.00020485 0.000123601 0.00123472 0.000593001 0.00161804 0.000732584 0.00232483 -0.00124333 -0.000491329 0.000478036 -0.00351852 -4.14822e-05 -8.4915e-05 -0.00112875 -0.00201299 -0.00590909 -1.0333e-05 -0.00128659 -0.00940678 0.00126313 -0.0114502 0.000741758 -0.000758928 0.000944149 0.00154122 0.000548862 -0.0040708 -0.00928571
internal_weight=124761 5088 119673 110922 8751 3086 2262 23656 4467 937 865 774 270 87266 85026 5670 3850 605 79356 3245 118 4857 231 1820 1120 752 4597 1494 226 126
internal_count=124761 5088 119673 110922 8751 3086 2262 23656 4467 937 865 774 270 87266 85026 5670 3850 605 79356 3245 118 4857 231 1820 1120 752 4597 1494 226 126
is_linear=0
shrinkage=0.05


Tree=116
num_leaves=31
num_cat=0
split_feature=9 0 0 10 0 0 3 0 3 9 0 0 4 11 8 11 9 10 7 6 8 11 7 11 11 7 3 3 11 1
split_gain=4.91244 5.49228 5.87738 4.38324 4.61593 4.84976 3.61722 3.32739 3.23697 5.77988 4.80643 4.26872 4.651 3.87227 3.9155 3.35332 2.95524 3.58011 6.53122 5.40018 4.39961 4.10943 4.85444 9.64287 5.52635 4.24747 2.93757 3.3445 2.87948 2.8692
threshold=31.817708333333336 17.500000000000004 81.500000000000014 1.0000000180025095e-35 71.500000000000014 52.500000000000007 0.67802080537253961 77.500000000000014 -0.66528616069191593 26.965885416666669 14.500000000000002 89.500000000000014 0.19969739736768838 0.99802285755768305 31.850000000000005 0.82629592353323422 23.771875000000005 1.0000000180025095e-35 25.712500000000006 1.0000000180025095e-35 30.950000000000003 0.78920070979102952 24.337500000000006 0.83998462250459582 0.9078174546384491 23.412500000000005 -0.99372698525316483 -0.75015329512557205 0.9247659649312403 1.5000000000000002
decision_type=2 2 2 2 2 2 2 2 2 2 2 2 2 2 2 2 2 2 2 2 2 2 2 2 2 2 2 2 2 2
left_child=8 6 3 4 5 -3 -2 -6 9 13 15 12 26 16 -15 -11 -1 18 -18 -20 21 -19 23 25 -25 -23 -12 -28 -26 -30
right_child=1 2 -4 -5 7 -7 -8 -9 -10 10 11 -13 -14 14 -16 -17 17 20 19 -21 -22 22 -24 24 28 -27 27 -29 29 -31
leaf_value=0.00023542166853560525 0.0036942833914480528 -0.00026391921504201283 0.0032867334556013514 0.0014546844481726595 -0.0013397835614342862 0.0010645142884737192 -0.00097346285191191669 0.00012421513810656332 -3.2220874434910799e-07 -0.00081096104150455122 0.001782406942015884 0.0029676692310495133 -0.00047199206802895678 -0.00016311535633764789 0.001399006225792226 0.0019828963491164459 0.0012096539141109013 0.0046400311896831201 -0.00011022475910727695 -0.00097729068628779072 0.00081219882241398531 -0.00034574936878192249 -0.00014492752169759573 0.00048864667650218296 -0.00052282262265600525 -0.001044296722703979 4.4348068216029169e-05 0.0010548753573901477 -0.00064691511060710341 -0.00012942522834104316
leaf_weight=4416 1872 3535 1652 1088 606 1919 256 404 81254 60 1050 960 525 5864 576 2348 1449 192 1165 74 480 76 1673 224 75 83 8400 2024 153 308
leaf_count=4416 1872 3535 1652 1088 606 1919 256 404 81254 60 1050 960 525 5864 576 2348 1449 192 1165 74 480 76 1673 224 75 83 8400 2024 153 308
internal_value=0.00026134 0.00125397 0.000724685 0.00013374 -0.000360458 0.000214522 0.00354323 -0.00346535 0.000162172 0.000586636 0.0012875 0.00090632 0.000649638 -5.41407e-05 -0.00101708 0.00333887 0.000543982 -0.000183132 0.00116815 -0.00149717 -0.00129596 -0.00205819 -0.00258102 -0.00550054 -0.00315789 -0.0166981 0.000860206 0.000606293 -0.00591418 -0.00443601
internal_weight=124761 11332 9204 7552 6464 5454 2128 1010 113429 32175 15367 12959 11999 16808 6440 2408 10368 5952 2688 1239 3264 2784 2592 919 760 159 11474 10424 536 461
internal_count=124761 11332 9204 7552 6464 5454 2128 1010 113429 32175 15367 12959 11999 16808 6440 2408 10368 5952 2688 1239 3264 2784 2592 919 760 159 11474 10424 536 461
is_linear=0
shrinkage=0.05


Tree=117
num_leaves=31
num_cat=0
split_feature=9 7 7 3 3 8 1 9 9 11 7 8 0 7 0 9 0 0 4 3 10 4 0 11 3 3 10 8 11 8
split_gain=4.88818 6.37355 4.23118 3.78148 4.45234 4.11775 3.44122 3.21717 3.58381 3.19242 4.47207 5.92996 2.86856 4.07566 3.63776 2.85449 5.54238 3.38043 4.24426 3.79283 2.72513 3.037 5.84774 2.71243 2.661 2.83495 2.83053 2.65797 2.63143 2.58373
threshold=33.187239583333344 33.612500000000004 38.01250000000001 0.81925054981890411 0.85673801594079257 24.550000000000004 2.5000000000000004 23.986197916666669 21.076822916666668 1.0764862315683601 22.062500000000004 31.350000000000005 5.5000000000000009 22.362500000000004 75.500000000000014 27.246614583333336 89.500000000000014 84.500000000000014 -0.25206183926700709 -0.76141707087277943 1.0000000180025095e-35 0.32410992729244009 43.500000000000007 1.1423394090148442 -0.8821812062722818 0.28519915169571858 1.0000000180025095e-35 21.050000000000004 1.1338093104982068 16.050000000000004
decision_type=2 2 2 2 2 2 2 2 2 2 2 2 2 2 2 2 2 2 2 2 2 2 2 2 2 2 2 2 2 2
left_child=3 -2 -3 12 9 -6 7 8 -7 10 11 -5 13 -1 -14 17 28 18 19 -16 23 -22 -23 -8 26 29 -19 -20 -17 -26
right_child=1 2 -4 4 5 6 20 -9 -10 -11 -12 -13 14 -15 15 16 -18 24 27 -21 21 22 -24 -25 25 -27 -28 -29 -30 -31
leaf_value=2.2149701132443255e-07 0.0025515307776866948 -0.00081868401652615281 0.00087125016264707556 -0.0002333505718004273 -0.00028871802763639516 -0.00010306394472954562 -5.143415133430321e-06 -0.00020019105076850326 0.00047179011586161759 -0.00072473817689531778 -4.891829974744645e-05 -0.0012537764233400014 1.1673313988342361e-05 0.0014162504252709729 -0.001587781597071616 0.00044538550110007183 0.0024455675395296996 0.0024613901943074425 0.0005677013361585591 -0.00029523158685220915 0.00033091557435807102 0.00039186047617067343 -0.00050916217366867445 -0.00043343940716986475 0.0010396352911110158 8.6179329874136608e-05 -3.9598611313242014e-05 0.00010359949054961199 -0.00083817523237319645 -0.00022167749059670891
leaf_weight=2896 2768 1641 1639 730 1440 1056 3066 5088 1056 192 1715 51 71657 3270 72 5652 2658 451 1791 243 4992 396 468 192 209 1782 814 3123 518 3135
leaf_count=2896 2768 1641 1639 730 1440 1056 3066 5088 1056 192 1715 51 71657 3270 72 5652 2658 451 1791 243 4992 396 468 192 209 1782 814 3123 518 3135
internal_value=0.000256931 0.00164352 0.000152439 0.00018629 -0.000432443 -0.000145319 8.09123e-05 -0.000736111 0.000904356 -0.00232887 -0.00185096 -0.0049872 0.000314996 0.00135907 0.000245101 0.000833334 0.0015111 0.000318417 0.00126124 -0.00436508 0.000726355 0.00137124 -0.00136574 -0.000432781 -0.000452981 -0.000959813 0.00160079 0.0016219 0.000688817 -0.00181818
internal_weight=124761 6048 3280 118713 20442 17754 16314 7200 2112 2688 2496 781 98271 6166 92105 20448 8828 11620 5229 315 9114 5856 864 3258 6391 5126 1265 4914 6170 3344
internal_count=124761 6048 3280 118713 20442 17754 16314 7200 2112 2688 2496 781 98271 6166 92105 20448 8828 11620 5229 315 9114 5856 864 3258 6391 5126 1265 4914 6170 3344
is_linear=0
shrinkage=0.05


Tree=118
num_leaves=31
num_cat=0
split_feature=9 7 4 3 9 11 5 0 8 10 0 7 9 3 9 0 0 8 6 11 11 8 10 3 9 9 4 0 9 0
split_gain=4.47336 5.40483 3.87988 3.37284 5.21299 4.73876 4.27874 3.75317 3.59925 4.29946 8.3689 5.09238 9.33521 7.44504 12.1101 9.14847 10.6974 4.40294 3.90084 6.42659 4.39116 3.52503 3.50632 4.60526 6.47853 11.3586 5.2273 5.90222 5.89916 5.653
threshold=33.96510416666667 33.01250000000001 -0.98801846520836312 -0.66528616069191593 26.965885416666669 1.0178050453765108 1.0000000180025095e-35 90.500000000000014 28.150000000000002 1.0000000180025095e-35 37.500000000000007 25.712500000000006 22.342187500000005 -0.72696319516528884 21.593229166666671 18.500000000000004 78.500000000000014 31.050000000000004 1.0000000180025095e-35 0.86172850934224976 0.9078174546384491 31.050000000000004 1.0000000180025095e-35 -0.17647087149565668 30.150260416666672 29.938281250000003 0.83258597624099873 68.500000000000014 12.070312500000002 24.500000000000004
decision_type=2 2 2 2 2 2 2 2 2 2 2 2 2 2 2 2 2 2 2 2 2 2 2 2 2 2 2 2 2 2
left_child=2 -2 -1 4 8 6 7 -6 -4 11 17 12 13 14 -10 -16 -17 18 19 -11 -21 -12 -5 24 25 -24 28 -28 29 -25
right_child=1 -3 3 22 5 -7 -8 -9 9 10 21 -13 -14 -15 15 16 -18 -19 -20 20 -22 -23 23 26 -26 -27 27 -29 -30 -31
leaf_value=0.00072355224581225816 0.0030412454628653764 0.0002267128401188689 0.00016218396601751461 -4.9031658740999518e-05 1.0500472954908293e-05 0.0010674760144394658 0.0019701901304890234 0.0029133375002953297 6.5502352154066471e-05 -0.00066405382393569599 -6.326834866711885e-05 -0.00020939255259038475 0.00064580231175278527 0.00027622761982055223 -0.00093689142653834124 4.0936218621795149e-05 -0.00096385202688645298 0.00087411108635126545 0.00030770267712582262 0.0021368925065968036 -0.00035850117205285439 0.001205731471192338 -0.00012118905262183187 -0.00052583349758578797 0.0016066671308832201 -0.0024560501521486253 0.0001174439606061297 0.0016862446081412526 3.8842237109331828e-05 -0.0006778457861434696
leaf_weight=5280 1782 2826 3936 35412 8744 5279 864 480 217 76 3422 2471 3072 283 57 93 51 380 232 114 1824 580 12066 50 1152 277 6210 2430 24959 142
leaf_count=5280 1782 2826 3936 35412 8744 5279 864 480 217 76 3422 2471 3072 283 57 93 51 380 232 114 1824 580 12066 50 1152 277 6210 2430 24959 142
internal_value=0.000248515 0.00177734 0.000189883 0.000128969 0.000563326 0.00122893 0.000593775 0.000278621 -4.52164e-05 -0.000449813 -0.00133675 0.000491672 0.00164723 -0.0035592 -0.00779904 -0.0166418 -0.00993056 -0.00353008 -0.00437222 -0.00507944 -0.00452012 0.000102449 -4.0025e-05 0.000241721 -0.000539088 -0.000873774 0.00055355 0.00161458 0.000189058 -0.00854167
internal_weight=124761 4608 120153 114873 32175 15367 10088 9224 16808 12872 6628 6244 3773 701 418 201 144 2626 2246 2014 1938 4002 82698 47286 13495 12343 33791 8640 25151 192
internal_count=124761 4608 120153 114873 32175 15367 10088 9224 16808 12872 6628 6244 3773 701 418 201 144 2626 2246 2014 1938 4002 82698 47286 13495 12343 33791 8640 25151 192
is_linear=0
shrinkage=0.05


Tree=119
num_leaves=31
num_cat=0
split_feature=0 7 0 9 3 8 11 8 7 3 0 7 10 11 4 8 9 8 9 0 8 3 1 8 3 4 11 11 9 8
split_gain=4.63574 8.16241 4.49783 3.69421 3.17792 2.89231 5.20542 3.44462 3.14886 4.4466 2.83105 2.56673 2.51772 2.96156 2.36312 3.02864 2.62439 2.35665 2.45809 2.82818 3.00469 2.26609 4.62153 3.35021 6.68761 2.33811 2.2075 2.98586 3.81176 2.51625
threshold=9.5000000000000018 27.387500000000006 76.500000000000014 29.979947916666667 -0.87395131947920313 33.650000000000013 1.1338093104982068 31.150000000000002 26.012500000000006 -0.95500086777008153 86.500000000000014 39.662500000000016 1.0000000180025095e-35 0.83118285699629402 0.98899263613956456 17.450000000000003 17.509895833333335 16.300000000000001 27.246614583333336 84.500000000000014 21.550000000000004 -0.59869031648930193 1.0000000180025095e-35 31.950000000000003 0.94138322595482449 -0.83849291496497236 0.9040579196039068 0.88973885209876746 27.508854166666669 34.750000000000007
decision_type=2 2 2 2 2 2 2 2 2 2 2 2 2 2 2 2 2 2 2 2 2 2 2 2 2 2 2 2 2 2
left_child=1 4 11 5 12 7 8 17 -7 -10 -5 -2 -1 -14 26 -16 -17 -4 19 20 -19 -9 23 -23 25 -25 27 29 -29 -6
right_child=2 -3 3 10 14 6 -8 21 9 -11 -12 -13 13 -15 15 16 -18 18 -20 -21 -22 22 -24 24 -26 -27 -28 28 -30 -31
leaf_value=0.0042917705276704406 -1.0075525933538197e-05 0.003631423409726576 0.0013988174848390466 0.00033083239259198001 4.1765451643528638e-05 0.00053564502779475268 -0.00224256761070586 0.0013720209927895275 -0.0021892868260858589 -0.00030159756665487403 0.0027968143270257011 0.0010182453398597338 -0.00037917435017697956 0.00021966203907027951 0.000168862663680623 -0.00022074836309815931 0.0005074707683774 0.00043653913859399268 0.00090506285888153056 -8.4399582255424705e-05 7.2551548294935116e-07 0.0012910802512837575 0.00047555820135824128 -0.0024992258607718417 -0.0016072557697790443 0.0024464236970553072 5.0381852944024225e-05 7.5740409875597604e-06 -0.0014978424264433211 -0.0017347733308698612
leaf_weight=652 85909 2400 437 2332 636 679 152 2356 100 1482 2113 1167 79 1129 210 430 60 1496 1026 6671 3360 95 2147 103 57 57 7198 80 90 58
leaf_count=652 85909 2400 437 2332 636 679 152 2356 100 1482 2113 1167 79 1129 210 430 60 1496 1026 6671 3360 95 2147 103 57 57 7198 80 90 58
internal_value=0.000244508 0.00113731 0.000140461 0.000736529 0.000542271 0.0004496 -0.00117489 0.000669756 -0.000572755 -0.0017952 0.00204162 -2.83658e-05 0.00241935 0.00106788 0.000143803 -0.00264286 -0.00479592 0.000246344 0.000120688 -8.80539e-05 0.000829901 0.00181205 0.000750305 -0.0049359 -0.00836405 -0.003125 0.000385761 -0.00200231 -0.00794118 -0.00054755
internal_weight=124761 13022 111739 24663 10622 20218 2413 17805 2261 1582 4445 87076 1860 1208 8762 700 490 12990 12553 11527 4856 4815 2459 312 217 160 8062 864 170 694
internal_count=124761 13022 111739 24663 10622 20218 2413 17805 2261 1582 4445 87076 1860 1208 8762 700 490 12990 12553 11527 4856 4815 2459 312 217 160 8062 864 170 694
is_linear=0
shrinkage=0.05


Tree=120
num_leaves=31
num_cat=0
split_feature=4 9 9 1 0 0 0 3 9 9 7 0 0 11 10 3 4 9 4 11 3 3 11 7 11 8 8 11 3 11
split_gain=4.37722 7.13132 4.36902 11.4932 4.10617 5.2102 3.53339 3.44059 4.25688 8.42015 5.987 4.63112 6.60898 3.83982 3.56893 8.44662 2.79963 2.68412 2.64682 3.73526 3.40824 8.45231 4.37607 3.35713 3.21007 2.64062 2.82031 2.59988 2.6863 3.02893
threshold=-0.9497838742125716 30.150260416666672 29.923697916666672 4.5000000000000009 18.500000000000004 48.500000000000007 32.500000000000007 -0.88622299073327826 22.899479166666669 23.303385416666668 20.487500000000004 22.500000000000004 37.500000000000007 0.83998462250459582 1.0000000180025095e-35 -0.9731273977605811 -0.27694043983797384 9.9703125000000004 -0.95502570686053045 0.84498567688228199 -0.20180236284700911 -0.24372957273992746 1.1178088744719634 25.612500000000004 1.0864563662565241 30.750000000000004 31.950000000000003 0.90891411467879568 -0.048361574224334618 1.0662035070726383
decision_type=2 2 2 2 2 2 2 2 2 2 2 2 2 2 2 2 2 2 2 2 2 2 2 2 2 2 2 2 2 2
left_child=1 2 18 -4 -3 6 -6 8 -2 10 -10 13 16 14 -11 -16 -13 -9 19 -1 21 22 24 -22 25 -21 -27 -8 -29 -30
right_child=7 4 3 -5 5 -7 27 17 9 11 -12 12 -14 -15 15 -17 -18 -19 -20 20 23 -23 -24 -25 -26 26 -28 28 29 -31
leaf_value=-0.0025875880310033124 0.0042659253806050712 0.003914828208456728 -3.6260899239984073e-05 -0.0032350180451954334 0.0006155462754729768 0.001800179742149365 -0.0020108185890156229 0.0004419219911821772 -0.0006866925102844573 0.0038270173953618781 -0.00034918403528487701 0.00039761519044879501 0.00019646572431708203 0.00058194284184824401 -0.00061135025241982872 0.0012487970747145276 -0.00040898851287468369 -3.7785945680871155e-06 0.0019182069743934977 0.0016126241771000115 -0.0006068760534219059 -0.00339312044250926 -0.0015898662849428383 0.00056215965459838365 0.0030335736770193645 -0.0010601080100859819 -0.00021723903649589779 0.00072828696761390456 -0.0011617073376440346 0.00075260767476622269
leaf_weight=181 576 1748 480 181 1288 4324 112 1728 92 92 196 555 10092 3711 115 92 2055 90991 288 192 329 184 96 2743 384 192 384 496 592 272
leaf_count=181 576 1748 480 181 1288 4324 112 1728 92 92 196 555 10092 3711 115 92 2055 90991 288 192 329 184 96 2743 384 192 384 496 592 272
internal_value=0.000238496 0.00105627 -0.000333688 -0.0041528 0.00194293 0.0014074 -0.000289855 0.000131239 0.000772645 0.000629412 -0.00784722 0.000775491 0.000307826 0.00225686 -0.00319398 -0.00683575 -0.00193487 9.65301e-06 0.000173939 -0.00011206 0.000170959 -0.00184358 -0.00036859 0.00111003 0.000486111 -0.00138021 -0.00307292 -0.00196331 -0.00136029 -0.00304398
internal_weight=124761 14466 5634 661 8832 7084 2760 110295 17576 17000 288 16712 12702 4010 299 207 2610 92719 4973 4685 4504 1432 1248 3072 1152 768 576 1472 1360 864
internal_count=124761 14466 5634 661 8832 7084 2760 110295 17576 17000 288 16712 12702 4010 299 207 2610 92719 4973 4685 4504 1432 1248 3072 1152 768 576 1472 1360 864
is_linear=0
shrinkage=0.05


Tree=121
num_leaves=31
num_cat=0
split_feature=9 7 0 0 3 0 11 4 0 3 9 0 10 0 7 8 4 11 3 9 3 10 8 4 3 7 11 3 9 8
split_gain=4.34461 5.34129 3.64581 3.39713 3.15032 3.61775 3.31152 2.7925 2.81204 4.00662 6.33166 3.04583 7.8623 5.74508 8.77605 7.00143 5.42964 7.96942 4.44696 4.43895 3.94941 3.88348 4.89061 3.22285 3.17563 3.81867 3.04305 6.41286 3.3633 5.03204
threshold=33.96510416666667 33.01250000000001 2.5000000000000004 75.500000000000014 0.54219432480460406 44.500000000000007 1.0400758936931782 -0.99465740988130902 62.500000000000007 0.56369777965491019 12.998697916666668 36.500000000000007 1.0000000180025095e-35 23.500000000000004 26.287500000000005 12.650000000000002 0.66367808336324663 1.1265970327176902 -0.87395131947920313 33.599218750000006 0.16799745313369893 1.0000000180025095e-35 31.150000000000002 -0.98521978256641018 0.59868201182722736 15.587500000000004 0.83998462250459582 -0.9731273977605811 26.541666666666668 28.450000000000003
decision_type=2 2 2 2 2 2 2 2 2 2 2 2 2 2 2 2 2 2 2 2 2 2 2 2 2 2 2 2 2 2
left_child=2 -2 -1 7 5 -3 -6 -4 11 -10 -11 13 24 14 15 -9 19 20 21 -15 -18 -17 26 -20 25 -13 27 -23 29 -28
right_child=1 4 3 -5 6 -7 -8 8 9 10 -12 12 -14 16 -16 18 17 -19 23 -21 -22 22 -24 -25 -26 -27 28 -29 -30 -31
leaf_value=0.00020191341876090626 0.0027662331037343066 -0.00054991364848259734 0.0008235185152579823 0.00011010293739214127 -0.0037956733578142846 0.0014639930847791163 -0.00057418920268375922 -0.00074904215662482737 -2.2391416877425439e-05 -0.0013018888209780409 -0.0002107943886146201 0.0011253658737083831 0.00034272198273421002 -0.00029711490177202859 0.0011412476950377578 0.0021906841429141692 -0.00011937474400772952 -0.0013310127358555951 -0.0011398089949440544 -0.0013683402536736359 0.00073330337513865011 -0.00053675254880862792 0.0012827261201707439 -2.8346925025808745e-05 0.00010175417299056553 -0.00021737976652436362 0.00051409904478234034 0.00070205402725927136 0.0012449290507053081 -0.00019669148229955991
leaf_weight=3772 1782 581 2409 25002 57 1645 543 84 11103 117 4615 632 18460 10959 5471 1168 2730 52 76 52 2054 105 768 16519 3614 8988 315 75 319 694
leaf_count=3772 1782 581 2409 25002 57 1645 543 84 11103 117 4615 632 18460 10959 5471 1168 2730 52 76 52 2054 105 768 16519 3614 8988 315 75 319 694
internal_value=0.000227275 0.00173394 0.000169492 0.000119908 0.000382166 0.00124888 -0.00283333 -2.13942e-05 -6.68763e-05 -0.000670982 -0.00188926 6.39231e-05 0.00043289 -0.000218262 0.000244979 -0.000237787 -0.000966429 0.000430108 -0.000177404 -0.00157978 0.000641723 0.00145761 0.000254833 -0.000516722 -0.000497204 -0.000971933 -0.0013992 -0.0075 -0.000572289 -0.00198712
internal_weight=124761 4608 120153 116381 2826 2226 600 91379 88970 15835 4732 73135 31694 41441 25594 20123 15847 4836 20039 11011 4784 3444 2276 16595 13234 9620 1508 180 1328 1009
internal_count=124761 4608 120153 116381 2826 2226 600 91379 88970 15835 4732 73135 31694 41441 25594 20123 15847 4836 20039 11011 4784 3444 2276 16595 13234 9620 1508 180 1328 1009
is_linear=0
shrinkage=0.05


Tree=122
num_leaves=31
num_cat=0
split_feature=0 7 0 10 0 9 3 9 7 3 0 3 7 4 0 4 11 7 3 0 9 0 3 11 11 11 0 5 11 8
split_gain=4.08826 9.72333 4.50853 4.90379 5.94187 10.3974 6.45429 5.8589 7.46626 7.50937 6.4767 5.22918 4.24727 4.02447 3.90759 5.15962 5.11549 4.9738 4.24578 3.82905 4.80931 9.06305 6.69376 4.02409 4.01665 3.60714 3.47086 3.4684 3.34091 3.14103
threshold=12.500000000000002 27.387500000000006 36.500000000000007 1.0000000180025095e-35 86.500000000000014 15.296614583333335 0.93544191479114935 12.569791666666669 30.237500000000004 0.99466373373798567 54.500000000000007 0.56369777965491019 13.712500000000004 0.9980355542543059 23.500000000000004 0.62420859727530387 1.1265970327176902 26.112500000000004 0.16799745313369893 55.500000000000007 20.683593750000004 69.500000000000014 0.89404822654372251 1.1338093104982068 0.9984557137694885 0.95475292542297063 92.500000000000014 1.0000000180025095e-35 1.0707669999226173 19.350000000000005
decision_type=2 2 2 2 2 2 2 2 2 2 2 2 2 2 2 2 2 2 2 2 2 2 2 2 2 2 2 2 2 2
left_child=1 13 14 4 -4 -6 -7 11 19 10 -10 26 -13 -1 17 -16 18 27 -17 -9 21 25 24 -22 -23 -21 -5 -2 -8 -15
right_child=2 -3 3 7 5 6 28 8 9 -11 -12 12 -14 29 15 16 -18 -19 -20 20 23 22 -24 -25 -26 -27 -28 -29 -30 -31
leaf_value=4.6958854827422545e-05 -4.8992582420279547e-05 0.0031944270736749165 -6.7533754787244037e-05 0.0019006996423599825 -0.00020444877207524703 0.00056258295198140902 -0.00047205053813367793 0.00029326766606370402 0.00017673967241512041 -0.000685383473479186 0.0013541817936948421 0.00090913528175314028 -0.0013958333072046705 -0.00015527353736565145 -0.00030405643012978013 -0.00013397191560601164 -0.0012644620990628155 0.0008116024380432304 0.00070319487136799434 -0.00078291773355082517 0.00010071650178502261 -0.0001234626965612497 -0.00032495224164061392 -0.00072635607683950833 0.00034994018735292557 -0.00047733250115415633 -0.0010210683139634637 0.00031481486137905479 0.00037660612690856659 -0.00038467126208685494
leaf_weight=13609 10035 2923 28341 3024 936 3781 261 6996 5213 543 6198 109 127 312 11791 2860 52 3595 2197 490 13440 2132 364 842 1768 1806 162 659 117 78
leaf_count=13609 10035 2923 28341 3024 936 3781 261 6996 5213 543 6198 109 127 312 11791 2860 52 3595 2197 490 13440 2132 364 842 1768 1806 162 659 117 78
internal_value=0.000217656 0.000940196 0.000104276 0.000310502 -0.000144156 0.00142787 0.0024994 0.000662286 0.000491556 0.00153672 0.0018101 0.00264757 -0.0045339 0.000392528 -0.000402546 -0.00091716 0.000410061 0.000206103 0.000570497 4.27475e-05 -0.000296996 -0.00141768 -5.39398e-05 0.000217757 0.000551282 -0.00395035 0.00317954 -0.000334767 -0.00373016 -0.00461538
internal_weight=124761 16922 107839 76650 33436 5095 4159 43214 39792 11954 11411 3422 236 13999 31189 16900 5109 14289 5057 27838 20842 6560 4264 14282 3900 2296 3186 10694 378 390
internal_count=124761 16922 107839 76650 33436 5095 4159 43214 39792 11954 11411 3422 236 13999 31189 16900 5109 14289 5057 27838 20842 6560 4264 14282 3900 2296 3186 10694 378 390
is_linear=0
shrinkage=0.05


Tree=123
num_leaves=31
num_cat=0
split_feature=3 3 9 3 0 0 8 1 10 0 0 0 0 11 7 8 3 0 10 7 3 5 1 8 9 1 4 7 3 8
split_gain=3.78765 4.15846 3.59385 7.43111 5.38694 4.55688 3.55754 3.38365 3.10947 3.17872 6.21875 5.60933 3.90993 3.02269 3.64713 5.5087 2.8 2.71256 3.73033 3.54798 2.44971 2.37328 3.09364 2.42773 6.57279 4.04813 8.35246 6.03987 5.49907 5.45186
threshold=0.81925054981890411 0.85673801594079257 31.817708333333336 -0.32614396506100213 12.500000000000002 85.500000000000014 24.350000000000005 2.5000000000000004 1.0000000180025095e-35 70.500000000000014 78.500000000000014 51.500000000000007 29.500000000000004 1.0764862315683601 22.062500000000004 31.350000000000005 0.93845596220871974 56.500000000000007 1.0000000180025095e-35 16.887500000000006 0.87397152483179585 1.0000000180025095e-35 1.5000000000000002 35.350000000000001 30.207291666666666 2.5000000000000004 -0.7614016681079937 27.312500000000004 0.45273815774107123 35.850000000000001
decision_type=2 2 2 2 2 2 2 2 2 2 2 2 2 2 2 2 2 2 2 2 2 2 2 2 2 2 2 2 2 2
left_child=2 13 21 -4 -5 8 16 20 9 11 -11 12 -6 14 15 -2 17 18 -3 -19 -8 23 -23 24 -1 26 27 28 -25 -29
right_child=1 6 3 4 5 -7 7 -9 -10 10 -12 -13 -14 -15 -16 -17 -18 19 -20 -21 -22 22 -24 25 -26 -27 -28 29 -30 -31
leaf_value=2.232868870355986e-05 -0.00022375081270477887 -0.00076044138225721356 -0.0016230735364706995 0.0037494180318346291 0.0005890395473665519 0.0049524955613909367 0.00070013634988227991 0.00010805996487587714 0.0013503237868719951 -0.0012280550434046128 0.0014706666400957011 0.0016735862834757536 -0.00055385220572419286 -0.00067976637789183517 -4.98071109765691e-05 -0.0011932676041360186 2.6685947709919743e-05 -0.00011822730432294788 0.00018869709891926255 -0.00070109405477013253 -0.00013034867820996469 -5.6263602043055003e-05 0.00038669690419586896 -0.0033919496162716765 0.0012235484650694422 0.00011215124873582789 0.0001169076784320311 -0.00019689124480988028 -0.0012018263601020162 -0.0021098474646224319
leaf_weight=79272 730 114 192 1434 1581 1100 288 9210 1241 744 651 1767 2046 192 1715 51 480 118 285 155 7104 1920 3550 59 3455 2774 1248 721 175 389
leaf_count=79272 730 114 192 1434 1581 1100 288 9210 1241 744 651 1767 2046 192 1715 51 480 118 285 155 7104 1920 3550 59 3455 2774 1248 721 175 389
internal_value=0.000219259 -0.000403091 0.000341213 0.00120677 0.00138395 0.000936473 -0.000125605 6.08362e-05 0.000523039 0.000102372 -0.00202509 0.000652577 -0.000472842 -0.00223586 -0.00177083 -0.00460307 -0.0028125 -0.00489583 -0.00226817 -0.00873626 -0.000735931 0.000241709 0.00125229 0.000178959 0.000245809 -0.000851658 -0.00227238 -0.00500744 -0.0123077 -0.00346847
internal_weight=124761 20442 104319 10756 10564 9130 17754 16602 8030 6789 1395 5394 3627 2688 2496 781 1152 672 399 273 7392 93563 5470 88093 82727 5366 2592 1344 234 1110
internal_count=124761 20442 104319 10756 10564 9130 17754 16602 8030 6789 1395 5394 3627 2688 2496 781 1152 672 399 273 7392 93563 5470 88093 82727 5366 2592 1344 234 1110
is_linear=0
shrinkage=0.05


Tree=124
num_leaves=31
num_cat=0
split_feature=9 7 0 3 11 0 3 3 9 11 4 0 4 0 0 8 10 4 7 11 8 7 11 1 1 8 10 4 0 9
split_gain=3.84084 4.59742 3.34918 3.15032 3.31152 3.2599 2.8572 3.39434 2.90903 2.81604 3.37193 2.68464 3.39387 4.84369 4.59996 3.81925 3.09211 3.42484 4.88479 3.71003 3.3226 3.37109 3.07418 3.80905 2.60391 2.59661 2.53754 3.5895 6.99551 2.49964
threshold=33.96510416666667 33.01250000000001 1.0000000180025095e-35 0.54219432480460406 1.0400758936931782 44.500000000000007 0.81925054981890411 0.85673801594079257 17.773437500000004 1.0662035070726383 -0.52765736634565841 76.500000000000014 0.47369649395226454 89.500000000000014 83.500000000000014 30.150000000000002 1.0000000180025095e-35 0.097680735332368748 28.612500000000004 1.1338093104982068 33.850000000000001 29.812500000000004 0.99479232557030872 1.5000000000000002 2.5000000000000004 24.550000000000004 1.0000000180025095e-35 0.32410992729244009 43.500000000000007 23.986197916666669
decision_type=2 2 2 2 2 2 2 2 2 2 2 2 2 2 2 2 2 2 2 2 2 2 2 2 2 2 2 2 2 2
left_child=2 -2 -1 5 -5 -3 11 9 25 10 -8 -4 13 16 15 -14 20 18 19 -18 -13 22 -22 -24 29 -9 -26 -28 -29 -10
right_child=1 3 6 4 -6 -7 7 8 24 -11 -12 12 14 -15 -16 -17 17 -19 -20 -21 21 -23 23 -25 26 -27 27 28 -30 -31
leaf_value=0.00030029292858839277 0.0024900978216035579 -0.00047952254448671079 1.9528841420599611e-05 -0.0036061901860423907 -0.00055621451981575411 0.0013215624347518639 0.00045056674416605718 -0.00036741087724743266 6.9164400026874856e-05 -0.00054705547324281664 -0.00025473068425608039 0.0017129981232373332 0.00026335972178172565 0.0015342463642581392 -9.8033537050945302e-05 -0.00057664175357125241 -0.00031456303040834421 0.00073668487291875424 0.00066997400913967789 -0.0017460377228704065 -8.7337991957161561e-07 0.0012116872669994225 -0.0031953452329770132 -0.00056542370677572075 -4.3742407630109804e-05 0.00079918641939036295 0.00031922504638062332 0.00042556564821997475 -0.00047690568457277907 -0.00018568104723952418
leaf_weight=1257 1782 581 78957 57 543 1645 760 855 2375 380 1520 1573 2968 3630 5208 70 2521 715 1375 231 328 889 66 136 3129 95 5035 473 572 5035
leaf_count=1257 1782 581 78957 57 543 1645 760 855 2375 380 1520 1573 2968 3630 5208 70 2521 715 1375 231 328 889 66 136 3129 95 5035 473 572 5035
internal_value=0.00021966 0.00163628 0.000165331 0.000382166 -0.00283333 0.00124888 0.000138188 -0.000403134 -0.000151118 -0.00206767 -0.00140351 0.000249172 0.000771182 0.00132763 -2.42523e-06 0.00154378 0.000628032 -0.000152829 -0.000706324 -0.00192224 0.00189171 0.000137421 -0.00301887 -0.00787129 2.70793e-06 -0.00284211 0.000564122 0.00115954 -0.00150718 -0.000695007
internal_weight=124761 4608 120153 2826 600 2226 118896 20229 17569 2660 2280 98667 19710 11464 8246 3038 7834 4842 4127 2752 2992 1419 530 202 16619 950 9209 6080 1045 7410
internal_count=124761 4608 120153 2826 600 2226 118896 20229 17569 2660 2280 98667 19710 11464 8246 3038 7834 4842 4127 2752 2992 1419 530 202 16619 950 9209 6080 1045 7410
is_linear=0
shrinkage=0.05


Tree=125
num_leaves=31
num_cat=0
split_feature=9 7 0 0 3 3 0 8 4 0 3 4 8 0 0 3 9 8 11 0 9 8 0 4 7 3 0 4 8 3
split_gain=3.63019 4.28471 3.01968 2.77028 2.6795 3.09988 2.95657 2.42104 4.27517 3.74789 4.14459 2.41553 2.39696 2.39056 2.38483 3.2172 5.21317 3.69284 4.5873 2.65012 10.2199 3.57 8.01897 9.66616 5.18887 5.32019 5.09292 5.13672 4.87779 3.83204
threshold=33.96510416666667 33.01250000000001 1.5000000000000002 76.500000000000014 0.54219432480460406 0.54940630780725741 44.500000000000007 30.750000000000004 0.55478649335567887 86.500000000000014 0.69056404122701587 -0.99465740988130902 16.300000000000001 69.500000000000014 62.500000000000007 0.56369777965491019 12.998697916666668 37.050000000000004 1.0236468970418959 52.500000000000007 24.955468750000001 30.450000000000003 23.500000000000004 0.5403928698825039 26.287500000000005 -0.87395131947920313 32.500000000000007 0.97263757644091875 30.650000000000002 0.1849296026015865
decision_type=2 2 2 2 2 2 2 2 2 2 2 2 2 2 2 2 2 2 2 2 2 2 2 2 2 2 2 2 2 2
left_child=2 -2 -1 11 6 -6 -3 12 9 -9 -11 -4 -5 -8 19 17 -17 -16 -19 21 -21 26 23 24 25 28 27 -13 -23 -27
right_child=1 4 3 7 5 -7 13 8 -10 10 -12 14 -14 -15 15 16 -18 18 -20 20 -22 22 -24 -25 -26 29 -28 -29 -30 -31
leaf_value=0.00023143447860630705 0.0023655929305233785 -0.00045554641726237638 0.00081068958787709256 0.0012741529073499334 -0.0020569706403987462 -0.00042756560557243923 0.002687998953608287 9.455359496436044e-05 -0.00061954834617844543 0.0017488552211717566 -4.5277370168102441e-06 1.6095955306783631e-05 -3.0501347983457449e-06 3.4955217502046409e-05 5.000597792328306e-07 -0.0011315601887921325 -0.00017944508020308026 -0.0027425352089961996 0.00074570540645203885 -0.00012223299373087496 0.00069768664548277974 -0.00027267093896402283 -0.00023454375544804896 -0.00103583415854144 0.00094427120550135833 -0.00056593138324269592 0.00029405864929638969 -0.00014667860784868509 0.00064698152842520759 -2.5259369636785142e-05
leaf_weight=2514 1782 581 2475 437 113 487 950 6172 57 3975 1602 15254 11508 695 11705 126 4970 126 126 5670 6520 110 17893 88 5598 1377 12040 3410 1836 4564
leaf_count=2514 1782 581 2475 437 113 487 950 6172 57 3975 1602 15254 11508 695 11705 126 4970 126 126 5670 6520 110 17893 88 5598 1377 12040 3410 1836 4564
internal_value=0.000215653 0.00159288 0.000162834 0.000126191 0.000382166 -0.00258333 0.00118149 0.000608606 0.00111638 0.00118265 0.00212211 4.15407e-06 0.000106739 0.00226444 -3.75765e-05 -0.000570867 -0.00162284 -0.000122522 -0.00611111 8.47232e-05 0.000758819 -4.74504e-05 -0.000421725 0.000494732 0.000602521 -0.000223786 0.000336113 -0.000181097 0.00204522 -0.000967009
internal_weight=124761 4608 120153 117639 2826 600 2226 23751 11806 11749 5577 93888 11945 1645 91413 17053 5096 11957 252 74360 12190 62170 31466 13573 13485 7887 30704 18664 1946 5941
internal_count=124761 4608 120153 117639 2826 600 2226 23751 11806 11749 5577 93888 11945 1645 91413 17053 5096 11957 252 74360 12190 62170 31466 13573 13485 7887 30704 18664 1946 5941
is_linear=0
shrinkage=0.05


Tree=126
num_leaves=31
num_cat=0
split_feature=0 7 0 10 7 3 7 0 0 0 9 3 0 9 3 0 3 8 11 4 0 11 0 4 11 9 3 11 3 3
split_gain=3.69095 9.00722 3.95679 4.66348 5.54258 7.15422 6.58903 6.76436 5.89534 5.42311 9.42148 5.68161 4.84777 5.03931 5.16442 4.69281 4.40111 3.94714 3.89498 3.59573 3.4864 3.26685 3.25945 4.42401 5.13842 4.06236 3.42132 3.17787 3.08929 2.99318
threshold=12.500000000000002 27.387500000000006 36.500000000000007 1.0000000180025095e-35 13.912500000000003 -0.27694604220087021 30.237500000000004 54.500000000000007 92.500000000000014 86.500000000000014 15.296614583333335 0.93544191479114935 55.500000000000007 20.683593750000004 0.89404822654372251 70.500000000000014 0.99761913169647187 19.250000000000004 0.92774199459266771 0.9980355542543059 89.500000000000014 1.1338093104982068 23.500000000000004 0.66367808336324663 1.1265970327176902 18.502083333333335 0.16799745313369893 1.138526936352606 0.534952257794027 0.99907018497641664
decision_type=2 2 2 2 2 2 2 2 2 2 2 2 2 2 2 2 2 2 2 2 2 2 2 2 2 2 2 2 2 2
left_child=1 19 22 9 5 -5 12 16 -7 -4 -11 -12 -6 14 15 17 -8 28 -19 -1 -17 -15 25 -24 26 -2 -25 -23 -14 -9
right_child=2 -3 3 4 6 8 7 29 -10 10 11 -13 13 21 -16 20 -18 18 -20 -21 -22 27 23 24 -26 -27 -28 -29 -30 -31
leaf_value=4.2182653931599182e-05 -8.1262637295353638e-05 0.0028845195925359338 -6.568165646997381e-05 -0.00066650728161710355 0.00032390469143773603 0.0021481454900914077 0.00015642131916316813 0.0011502313896689235 -0.00054966799472798758 -0.0001910160312330163 0.00053527246737184982 -0.00026274195596132538 0.00036117703273483022 8.1396812120913261e-05 -0.00044488470375993107 0.00018726828008519132 -0.0010057153548314892 -0.0009324874725873555 -0.00047208535637550416 -0.00021122482327397328 -0.00029003355423695416 -0.0019192396308403911 -0.00027784072028758165 -0.00010674304775151505 -0.0011959979402234489 0.00010295292892694578 0.00065772560699692674 -0.00043529536046466315 -0.0011124247418234214 -0.00074058149018519021
leaf_weight=13609 3685 2923 28341 186 7692 2574 5307 6381 343 936 3781 378 808 13440 552 2230 151 195 1854 390 472 73 12064 2730 52 10604 2054 769 72 115
leaf_count=13609 3685 2923 28341 186 7692 2574 5307 6381 343 936 3781 378 808 13440 552 2230 151 195 1854 390 472 73 12064 2730 52 10604 2054 769 72 115
internal_value=0.000215252 0.000901785 0.000107522 0.000300718 0.000643773 0.00267966 0.000486276 0.0014698 0.00328591 -0.00014266 0.00135918 0.00237918 6.8722e-05 -0.000333496 -0.00152596 -0.00107352 0.000172224 -0.00245988 -0.00366276 0.00037467 0.000429312 0.000182748 -0.000367277 -0.000837278 0.000440447 0.000188607 0.000610368 -0.00283848 0.000340909 0.00256004
internal_weight=124761 16922 107839 76650 43214 3103 40111 11954 2917 33436 5095 4159 28157 20465 6183 5631 5458 2929 2049 13999 2702 14282 31189 16900 4836 14289 4784 842 880 6496
internal_count=124761 16922 107839 76650 43214 3103 40111 11954 2917 33436 5095 4159 28157 20465 6183 5631 5458 2929 2049 13999 2702 14282 31189 16900 4836 14289 4784 842 880 6496
is_linear=0
shrinkage=0.05


Tree=127
num_leaves=31
num_cat=0
split_feature=0 7 0 4 8 10 0 3 9 3 11 11 10 3 3 1 3 3 9 4 11 8 9 8 11 11 7 0 11 1
split_gain=3.49017 5.03063 3.2024 4.53136 4.86677 3.49305 7.19019 4.29598 4.41919 3.80083 3.32964 8.43225 3.07587 7.70904 3.52425 3.22 3.09452 3.05705 3.0184 3.00987 3.1776 3.60294 2.79084 2.76313 2.5344 2.47569 2.47188 2.3141 2.30577 2.28002
threshold=6.5000000000000009 26.287500000000005 78.500000000000014 0.52583933546504591 30.450000000000003 1.0000000180025095e-35 89.500000000000014 -0.27694604220087021 15.296614583333335 -0.17647087149565668 0.99479232557030872 0.99592950626165633 1.0000000180025095e-35 0.98213580174693105 0.97696484778429815 5.5000000000000009 0.38243310158943505 0.99761913169647187 23.425520833333341 0.99249573635719013 0.97366293224832023 20.900000000000002 17.649479166666669 21.650000000000002 1.0049601838706821 1.1338093104982068 39.662500000000016 93.500000000000014 0.98909232329172436 4.5000000000000009
decision_type=2 2 2 2 2 2 2 2 2 2 2 2 2 2 2 2 2 2 2 2 2 2 2 2 2 2 2 2 2 2
left_child=1 -1 26 12 5 10 7 8 -7 23 19 -12 13 16 25 17 18 -15 -4 -5 21 -21 27 -8 28 -14 -2 -11 -25 -27
right_child=2 -3 3 4 -6 6 9 -9 -10 22 11 -13 14 15 -16 -17 -18 -19 -20 20 -22 -23 -24 24 -26 29 -28 -29 -30 -31
leaf_value=2.4060729082270404e-05 -1.937854351352418e-06 0.0021468039862768107 -0.00051166883554320207 0.00018710904458400942 -0.00060040943287619246 -0.0012118844501200581 -0.001443220983672015 0.0014896768755422876 0.00010137451719712654 0.00083091322102875538 -0.00085781826626550703 -0.00015952584995751289 0.00011562427591234296 -0.00046521689976580441 0.00052278988034938037 -0.0012394945419793794 0.00025477317487653976 0.00025320252928952958 0.0020662550630462999 -0.00047730838674837613 0.00033844502251704182 1.1446864731699058e-05 -0.00056592712547063673 -0.0001705708564485064 8.5882555351415261e-05 -0.00045409197983224534 0.0009688930235961518 -0.00040837172324740666 -0.0010131772767986301 -0.00130849565944959
leaf_weight=6194 92405 2928 51 1173 102 77 96 1595 693 468 85 2108 7311 204 850 51 1905 119 3688 85 68 68 114 132 156 408 1167 234 90 136
leaf_count=6194 92405 2928 51 1173 102 77 96 1595 693 468 85 2108 7311 204 850 51 1905 119 3688 85 68 68 114 132 156 408 1167 234 90 136
internal_value=0.000216053 0.00115764 0.000141778 0.0006836 -0.000330882 -0.000178127 0.000909713 0.00254757 -0.00051948 -0.00209302 -0.00128659 -0.00250114 0.00118964 0.00205882 0.000588742 -0.00489305 0.00251949 -0.00304954 0.00335518 0.000624103 -0.00472851 -0.00872549 -2.45096e-05 -0.00565401 -0.00373016 0.000257798 1.40001e-05 0.00115385 -0.00716216 -0.00299632
internal_weight=124761 9122 115639 22067 7344 7242 3655 2365 770 1290 3587 2193 14723 6018 8705 374 5644 323 3739 1394 221 153 816 474 378 7855 93572 702 222 544
internal_count=124761 9122 115639 22067 7344 7242 3655 2365 770 1290 3587 2193 14723 6018 8705 374 5644 323 3739 1394 221 153 816 474 378 7855 93572 702 222 544
is_linear=0
shrinkage=0.05


Tree=128
num_leaves=31
num_cat=0
split_feature=4 9 0 0 9 1 9 1 8 8 9 3 7 7 3 3 8 11 0 3 3 5 3 8 4 9 11 7 3 9
split_gain=3.25243 6.42416 3.79288 4.28199 3.71396 10.2409 3.23138 2.80309 3.89701 5.81626 3.79294 6.51042 4.30138 4.17846 4.11044 4.5111 3.45202 6.05 6.7344 5.44355 3.35104 3.12414 4.97721 4.23609 3.01515 8.75293 3.96952 5.2533 4.51739 3.22683
threshold=-0.9497838742125716 30.150260416666672 17.500000000000004 51.500000000000007 29.923697916666672 4.5000000000000009 30.591927083333339 1.5000000000000002 33.150000000000013 37.350000000000001 31.670833333333338 0.3504237462291826 29.812500000000004 32.212500000000013 0.36648264796514479 0.46800856592688472 33.95000000000001 1.0090343315455217 61.500000000000007 0.94138322595482449 -0.89406062840022227 1.0000000180025095e-35 0.69056404122701587 35.850000000000001 0.38043945030393422 21.593229166666671 1.0361628023555072 22.212500000000006 0.84773968378660736 21.966666666666672
decision_type=2 2 2 2 2 2 2 2 2 2 2 2 2 2 2 2 2 2 2 2 2 2 2 2 2 2 2 2 2 2
left_child=1 4 -3 6 -1 -6 -4 8 -2 10 14 12 -12 -14 20 -16 17 18 19 -17 -10 24 -23 -24 -9 -26 29 28 -28 -27
right_child=7 2 3 -5 5 -7 -8 21 9 -11 11 -13 13 -15 15 16 -18 -19 -20 -21 -22 22 23 -25 25 26 27 -29 -30 -31
leaf_value=2.5878667375510173e-05 6.4683213979556192e-06 0.0033583642035158617 -0.0014990520278892524 0.0016594321157375109 -1.813674642369978e-05 -0.0031918179784859915 0.00018599054813172152 0.00010162269018966372 -0.00047034191177124915 0.00011685115331858893 -0.0031825010307822035 -7.0489126817146989e-05 0.00051098810911061993 -0.0028239514750125162 -0.0026901685197483934 -0.0010251937701107627 -0.00030692905244030281 7.1728872327058463e-05 -0.0018406144802568033 0.00010055582456973702 0.00044240985224696739 0.00046560868836167089 0.00014716422198391308 -0.00069540441280627457 1.8489717158980881e-05 -0.00041725872885388918 -0.00095083236744994231 -0.00010226193760749601 -0.00060490973319810536 -0.00013497225180225639
leaf_weight=4973 22746 1656 374 4048 480 181 2754 41862 768 2976 52 192 61 79 96 62 2208 192 102 124 1439 3264 766 384 28602 480 95 200 89 3456
leaf_count=4973 22746 1656 374 4048 480 181 2754 41862 768 2976 52 192 61 79 96 62 2208 192 102 124 1439 3264 766 384 28602 480 95 200 89 3456
internal_value=0.000209641 0.000914558 0.00175611 0.00125836 -0.000404686 -0.00392587 -0.000131074 0.000117186 -0.000285076 -0.00120884 -0.0021907 -0.00697917 -0.0134896 -0.00892857 -0.00182228 -0.00309986 -0.00271949 -0.0065625 -0.0111458 -0.00548387 -0.000210693 0.000275133 0.00156774 -0.00126087 0.00019884 -0.000159164 -0.00225694 -0.00710937 -0.0132065 -0.00178354
internal_weight=124761 14466 8832 7176 5634 661 3128 110295 31097 8351 5375 384 192 140 4991 2784 2688 480 288 186 2207 79198 4414 1150 74784 32922 4320 384 184 3936
internal_count=124761 14466 8832 7176 5634 661 3128 110295 31097 8351 5375 384 192 140 4991 2784 2688 480 288 186 2207 79198 4414 1150 74784 32922 4320 384 184 3936
is_linear=0
shrinkage=0.05


Tree=129
num_leaves=31
num_cat=0
split_feature=0 0 4 8 10 0 3 8 0 11 11 3 9 10 3 1 3 3 3 9 4 11 8 8 0 7 4 3 3 10
split_gain=3.26853 2.81286 3.94365 4.07684 3.44639 6.47722 4.00087 4.24242 3.27758 3.13815 7.8981 3.12199 2.79084 2.78356 7.21247 3.36577 3.28383 2.73694 2.69639 2.97745 2.69197 3.62549 2.96569 2.60141 2.26385 8.3732 4.92183 3.26433 11.5388 4.29664
threshold=1.5000000000000002 78.500000000000014 0.52583933546504591 30.450000000000003 1.0000000180025095e-35 89.500000000000014 -0.27694604220087021 22.350000000000005 84.500000000000014 0.99479232557030872 0.99592950626165633 -0.17647087149565668 17.649479166666669 1.0000000180025095e-35 0.98049069993378934 5.5000000000000009 0.97696484778429815 0.99761913169647187 0.28519915169571858 23.425520833333341 0.99024581825578073 0.97366293224832023 20.900000000000002 21.450000000000003 15.500000000000002 27.387500000000006 0.9980355542543059 -0.45274443793211405 -0.43733984355855576 1.0000000180025095e-35
decision_type=2 2 2 2 2 2 2 2 2 2 2 2 2 2 2 2 2 2 2 2 2 2 2 2 2 2 2 2 2 2
left_child=-1 24 13 4 9 6 7 8 -6 20 -11 23 -13 14 18 17 -15 -16 19 -3 -4 22 -22 -7 25 26 27 29 -29 -2
right_child=1 2 3 -5 5 11 -8 -9 -10 10 -12 12 -14 16 15 -17 -18 -19 -20 -21 21 -23 -24 -25 -26 -27 -28 28 -30 -31
leaf_value=0.00022859014415994939 0.00050675803412038583 -0.00047933678117592876 0.00018558543661076999 -0.00055320209341486128 -0.00015150055501655566 -0.0014539356389635853 0.0014142685459072237 0.00010242320305591589 -0.0013217951402114637 -0.00081549119701258474 -0.00015247404331758624 0.00027509206015122309 -0.00053855525505505447 5.7850076501173035e-05 -0.00042012069548534239 -0.0011826009493898927 0.00049685306711795497 0.00023363960664341311 0.00026607524572182776 0.0020285526792003998 -0.00043134197157385692 0.00033342501533829816 1.013035651357078e-05 -0.00020713064921909732 -8.6263271401463746e-06 0.0023186884108150883 -0.00029400147065495252 -0.0013837924643900889 -1.0545595736496795e-05 9.9791274746938041e-06
leaf_weight=2610 2264 51 1139 102 60 90 1595 660 50 85 2108 702 114 7855 221 51 850 119 2075 3501 102 85 68 384 81874 2801 420 102 9101 3522
leaf_count=2610 2264 51 1139 102 60 90 1595 660 50 85 2108 702 114 7855 221 51 850 119 2075 3501 102 85 68 384 81874 2801 420 102 9101 3522
internal_value=0.000203229 0.00016582 0.000676803 -0.000269608 -0.000129798 0.000950753 0.00250529 -0.000454545 -0.00954545 -0.00123083 -0.00240994 -0.00189922 -2.45096e-05 0.00114888 0.00197574 -0.00459079 0.000577255 -0.00279412 0.00243202 0.00326858 0.000624103 -0.00401961 -0.00823529 -0.00512658 5.31555e-05 0.000557386 0.000100266 0.00024985 -0.000335217 0.00118044
internal_weight=124761 122151 22067 7344 7242 3655 2365 770 110 3587 2193 1290 816 14723 6018 391 8705 340 5627 3552 1394 255 170 474 100084 18210 15409 14989 9203 5786
internal_count=124761 122151 22067 7344 7242 3655 2365 770 110 3587 2193 1290 816 14723 6018 391 8705 340 5627 3552 1394 255 170 474 100084 18210 15409 14989 9203 5786
is_linear=0
shrinkage=0.05


Tree=130
num_leaves=31
num_cat=0
split_feature=0 0 9 4 7 0 7 9 8 11 10 0 7 0 8 7 7 0 0 8 3 9 7 4 4 1 11 3 8 3
split_gain=3.0459 3.04219 3.51739 2.31353 2.1209 2.34721 6.89083 4.17819 3.58791 3.90645 3.00014 8.25897 6.02217 6.61123 4.5637 4.47396 4.98876 6.09503 5.84158 4.10964 3.62042 3.57222 5.03149 3.95114 8.40084 4.24262 3.3285 3.1623 5.52062 3.30533
threshold=1.5000000000000002 78.500000000000014 31.670833333333338 0.56901594657981336 39.662500000000016 15.500000000000002 27.387500000000006 12.247135416666669 34.550000000000004 1.0480714376785738 1.0000000180025095e-35 31.500000000000004 28.037500000000005 67.500000000000014 34.050000000000004 13.912500000000003 30.187500000000004 54.500000000000007 60.500000000000007 33.750000000000007 0.99761913169647187 13.370572916666669 18.962500000000006 0.98005052076767474 0.99138911339924218 2.5000000000000004 0.80519389663381347 0.81925054981890411 22.750000000000004 0.86548282553247169
decision_type=2 2 2 2 2 2 2 2 2 2 2 2 2 2 2 2 2 2 2 2 2 2 2 2 2 2 2 2 2 2
left_child=3 4 -3 -1 5 6 7 -2 9 -9 12 -12 14 19 21 -13 18 20 -17 26 -18 22 23 -7 25 -25 -14 -23 -29 -30
right_child=1 2 -4 -5 -6 10 -8 8 -10 -11 11 15 13 -15 -16 16 17 -19 -20 -21 -22 27 -24 24 -26 -27 -28 28 29 -31
leaf_value=0.00067006908742857081 -0.00014930868458739986 7.488026286142043e-05 0.0020863598139013151 -3.1279138010738169e-05 0.00091503713110742185 9.5637344453576752e-05 0.0022027539902743352 2.343251251150656e-05 -0.00024658926597937028 0.00038642390238933605 -0.00012739812170368538 0.0014126613577699464 -0.0012244424147095274 -0.00069801194162968461 -0.00046751862877814391 0.0001682822844628224 0.00011515261278676993 0.00093038661414992076 -0.00015953937006414634 6.413374328849189e-06 -0.00093065944541075073 0.00014970668742470689 -0.000546920662462818 -0.0010144530502012798 3.016902700907368e-05 -0.00057986046602844681 -0.00031109651002509585 -0.0013874517449963034 -0.00036030398195931071 3.3974726867003548e-05
leaf_weight=1776 1176 19891 2176 834 1167 2230 2801 10452 2009 1772 11719 1690 59 2820 1433 12045 5850 6041 8533 7656 152 12007 222 126 932 396 4691 63 315 1727
leaf_count=1776 1176 19891 2176 834 1167 2230 2801 10452 2009 1772 11719 1690 59 2820 1433 12045 5850 6041 8533 7656 152 12007 222 126 932 396 4691 63 315 1727
internal_value=0.000206435 0.000170322 0.000701727 0.00189655 5.31555e-05 2.81551e-05 0.000540912 0.000126225 0.000362889 0.000684719 -8.75387e-05 0.000177059 -0.000438763 -0.0011835 0.000144209 0.000568477 0.000438521 0.00124678 -3.45027e-05 -0.000686764 0.000118294 0.000360196 -0.000977982 -0.000537459 -0.00256534 -0.00764368 -0.00184211 0.000730584 -0.00105701 -0.000607248
internal_weight=124761 122151 22067 2610 100084 98917 18210 15409 14233 12224 80707 46030 34677 15226 19451 34311 32621 12043 20578 12406 6002 18018 3906 3684 1454 522 4750 14112 2105 2042
internal_count=124761 122151 22067 2610 100084 98917 18210 15409 14233 12224 80707 46030 34677 15226 19451 34311 32621 12043 20578 12406 6002 18018 3906 3684 1454 522 4750 14112 2105 2042
is_linear=0
shrinkage=0.05


Tree=131
num_leaves=31
num_cat=0
split_feature=0 0 9 0 4 3 0 10 0 0 11 3 4 11 8 3 0 8 9 9 7 11 3 1 8 10 10 8 0 8
split_gain=2.94449 2.85628 2.95845 2.6651 2.30073 2.25659 2.20122 3.84091 2.30471 3.0535 2.20559 3.10303 2.1481 2.03582 1.737 3.9174 3.025 2.83058 5.50578 2.66778 2.63932 3.07921 2.14475 4.76153 5.87289 3.31074 2.67304 2.04169 1.79182 2.29655
threshold=1.5000000000000002 77.500000000000014 29.979947916666667 86.500000000000014 -0.99465740988130902 0.69056404122701587 73.500000000000014 1.0000000180025095e-35 55.500000000000007 23.500000000000004 0.98031510418725609 0.06553689391773225 0.56901594657981336 1.1980087578716245 33.95000000000001 0.94704596667653973 91.500000000000014 30.750000000000004 23.425520833333341 29.475000000000001 28.237500000000004 1.0764862315683601 -0.46038400545438724 1.0000000180025095e-35 31.950000000000003 1.0000000180025095e-35 1.0000000180025095e-35 16.300000000000001 82.500000000000014 20.050000000000004
decision_type=2 2 2 2 2 2 2 2 2 2 2 2 2 2 2 2 2 2 2 2 2 2 2 2 2 2 2 2 2 2
left_child=12 4 14 -4 6 -5 8 -8 9 10 11 -2 -1 -6 17 16 19 27 -19 -16 21 -21 26 24 -24 -26 -20 -3 29 -29
right_child=1 2 3 5 13 -7 7 -9 -10 -11 -12 -13 -14 -15 15 -17 -18 18 22 20 -22 -23 23 -25 25 -27 -28 28 -30 -31
leaf_value=0.00063656563305714248 0.0018278994505350581 0.0011662180845010131 0.0002658217773353768 0.0038309280147117031 -3.6107439391219079e-07 -3.322302274519748e-05 -0.0021663612637899902 0.0013476485199975718 0.0027593505423095738 -0.00017347241240321871 0.0034352501248276581 -0.0020234303800385563 -2.9715181110201325e-05 0.00081201687885674968 -0.00040432729267332612 0.00037156957268304831 0.00081144338162661466 -0.0005330378645960473 0.0020677440276258333 -0.0025946854894382358 -0.0011740764200084881 -0.0024023068852281628 0.0011464145728864441 0.00027732412000410232 -0.0014161702831519858 -0.00172915234574422 0.00054795070527387127 0.00046973736438833224 -4.8383578688621396e-05 2.6591312130924087e-05
leaf_weight=1776 132 414 2098 1681 94530 432 88 88 792 1408 748 88 834 912 630 594 280 54 1188 75 220 55 126 2196 54 152 2214 720 7872 2310
leaf_count=1776 132 414 2098 1681 94530 432 88 88 792 1408 748 88 834 912 630 594 280 54 1188 75 220 55 126 2196 54 152 2214 720 7872 2310
internal_value=0.000215653 0.000180146 0.000677295 0.00187723 6.25597e-05 0.00313062 0.00135167 -0.00409091 0.00165404 0.000875421 0.00303719 -0.00136364 0.00187739 1.73929e-05 0.000413491 -0.00104099 -0.00261905 0.000569364 0.00144886 -0.00392857 -0.00742857 -0.0130769 0.00159359 0.000490507 -0.00509036 -0.0102913 0.00241329 0.000104277 -2.66004e-05 0.0010066
internal_weight=124761 122151 23365 4211 98786 2113 3344 176 3168 2376 968 220 2610 95442 19154 1854 1260 17300 5984 980 350 130 5930 2528 332 206 3402 11316 10902 3030
internal_count=124761 122151 23365 4211 98786 2113 3344 176 3168 2376 968 220 2610 95442 19154 1854 1260 17300 5984 980 350 130 5930 2528 332 206 3402 11316 10902 3030
is_linear=0
shrinkage=0.05


Tree=132
num_leaves=31
num_cat=0
split_feature=4 9 3 9 11 3 9 8 8 0 0 0 1 8 8 9 3 7 7 3 3 3 3 0 3 7 0 11 3 4
split_gain=2.81778 5.55249 3.5607 12.0155 4.91105 5.27901 7.43633 3.50025 5.86283 3.11003 3.04422 3.89209 2.76355 3.38988 4.93989 4.24788 6.2526 4.30138 4.17846 3.39176 4.1956 5.38903 3.06134 2.90644 6.85714 6.29762 3.7694 2.87368 4.25524 2.83867
threshold=-0.9497838742125716 30.150260416666672 -0.15101209918632377 30.108333333333338 1.1178088744719634 -0.27694604220087021 28.553385416666671 32.45000000000001 33.850000000000001 64.500000000000014 17.500000000000004 85.500000000000014 1.5000000000000002 33.150000000000013 37.350000000000001 31.670833333333338 0.3504237462291826 29.812500000000004 32.212500000000013 0.36648264796514479 0.77244481603295057 0.76140650896573492 0.81925054981890411 41.500000000000007 0.51297097409535064 25.437500000000004 25.500000000000004 1.0405761457260299 -0.98664820696349753 0.98174098242282837
decision_type=2 2 2 2 2 2 2 2 2 2 2 2 2 2 2 2 2 2 2 2 2 2 2 2 2 2 2 2 2 2
left_child=1 2 3 4 5 -1 9 -8 -9 -7 -3 -12 13 27 15 19 17 -17 -19 -15 21 23 -22 24 25 -21 -27 29 -29 -2
right_child=12 10 -4 -5 -6 6 7 8 -10 -11 11 -13 -14 14 -16 16 -18 18 -20 20 22 -23 -24 -25 -26 26 -28 28 -30 -31
leaf_value=0.0012002668924159052 -2.6605744760452686e-06 0.0029897472779588873 0.00019680222891660219 -0.0045519038432472181 -0.0015475028400824464 -0.0012421058674580334 0.002550986450221171 -0.0027477489911916387 0.00034522165135948468 -0.0030042448518720791 0.00031788333548266891 0.0048655236281929396 3.4437747796384381e-05 -2.6901788244410589e-05 0.00010589064127848858 -0.0030458655718413009 -6.6256753100377968e-05 0.00026640198950583397 -0.0026826251999016266 -0.00014241622530886437 0.0024037707380642932 -0.0013650481480424052 -0.00031918962657123391 -0.00062926338369428275 -0.00014843817655204629 -0.0040946047446511289 -0.0020000938165459156 -0.00029249620340098708 0.00045623209403580387 -0.00022595242911790668
leaf_weight=768 17754 1656 3264 85 192 257 384 176 384 124 6256 920 79198 2207 2976 52 192 61 79 56 192 96 1728 432 168 50 62 384 3072 1536
leaf_count=768 17754 1656 3264 85 192 257 384 176 384 124 6256 920 79198 2207 2976 52 192 61 79 56 192 96 1728 432 168 50 62 384 3072 1536
internal_value=0.000210042 0.000866169 -0.000360312 -0.00183544 -0.0011488 -0.000446727 -0.00235849 2.11866e-05 -0.0025 -0.00825459 0.00164855 0.00120262 0.000123986 -0.000275428 -0.00113699 -0.00204186 -0.00710937 -0.0134896 -0.00892857 -0.00165197 -0.0028125 -0.00570602 -0.00151042 -0.0043099 -0.00779762 -0.0149405 -0.0217857 4.08865e-05 0.00136863 -0.000196993
internal_weight=124761 14466 5634 2370 2285 2093 1325 944 560 381 8832 7176 110295 31097 8351 5375 384 192 140 4991 2784 864 1920 768 336 168 112 22746 3456 19290
internal_count=124761 14466 5634 2370 2285 2093 1325 944 560 381 8832 7176 110295 31097 8351 5375 384 192 140 4991 2784 864 1920 768 336 168 112 22746 3456 19290
is_linear=0
shrinkage=0.05


Tree=133
num_leaves=31
num_cat=0
split_feature=0 7 0 7 0 7 8 4 8 0 11 10 3 0 4 9 3 4 10 3 4 3 1 10 11 11 10 9 11 11
split_gain=2.68893 3.74577 3.09583 2.79613 3.28112 1.86481 1.67994 1.71409 3.2618 3.06872 2.12445 2.26614 2.10841 2.03427 4.00431 2.99188 2.70505 2.23772 2.28712 2.16091 2.16028 7.29097 2.02542 1.95058 1.82606 3.82111 2.96471 2.36989 1.81951 2.73344
threshold=5.5000000000000009 27.387500000000006 77.500000000000014 28.812500000000004 85.500000000000014 39.662500000000016 16.300000000000001 0.52583933546504591 30.450000000000003 83.500000000000014 1.1338093104982068 1.0000000180025095e-35 0.28519915169571858 87.500000000000014 -0.074115882986646633 25.676822916666669 0.76140650896573492 -0.12545862287572049 1.0000000180025095e-35 -0.41398024697495356 -0.25206183926700709 -0.95500086777008153 5.5000000000000009 1.0000000180025095e-35 0.92960870096613757 0.9078174546384491 1.0000000180025095e-35 25.518750000000001 0.99060004174370953 1.00251814764921
decision_type=2 2 2 2 2 2 2 2 2 2 2 2 2 2 2 2 2 2 2 2 2 2 2 2 2 2 2 2 2 2
left_child=1 -1 5 6 -5 -2 -4 10 9 23 13 -12 22 14 17 24 -17 18 19 -8 21 -20 -11 28 25 -15 -27 -26 -9 -30
right_child=2 -3 3 4 -6 -7 7 8 -10 12 11 -13 -14 15 -16 16 -18 -19 20 -21 -22 -23 -24 -25 27 26 -28 -29 29 -31
leaf_value=4.33134289975233e-05 -1.6898115339527762e-06 0.0028918113960070533 0.0011061852928861435 0.00029585703433885105 0.0026985962994791769 0.0008640087962078247 0.0021677148445011169 0.00034948942065623486 -0.00052440089000763265 -0.00019224028721136728 0.00040589752599212248 -0.0010488304582145461 2.7813578104811427e-05 2.7018643954841298e-05 0.00024160093620925307 0.0016859017658911219 -1.2356369930565984e-05 -0.00078656047887102742 -0.0022582928494664033 -0.00055397881599493471 0.00075805998256559242 -0.00030273423420800773 0.0001706978638367487 0.00053538781498146384 0.00019832803480904508 -0.00021933236641366615 -0.001093264994456468 -0.00039452461997450814 -0.00072489812390900835 3.1708338254572699e-06
leaf_weight=6250 92407 1572 414 2397 1847 1167 511 438 108 2532 198 472 1896 240 2242 2983 863 152 60 327 234 1925 408 1200 946 56 80 56 186 594
leaf_count=6250 92407 1572 414 2397 1847 1167 511 438 108 2532 198 472 1896 240 2242 2983 863 152 60 327 234 1925 408 1200 946 56 80 56 186 594
internal_value=0.000203229 0.00110074 0.000143194 0.000658036 0.00181904 1.4641e-05 0.000400345 0.000330625 -0.000263515 -0.000135098 0.000716175 -0.00201493 -0.000862283 0.000887588 0.000211888 0.00159265 0.00230889 -0.000920847 -0.000626431 0.00159905 -0.00146688 -0.00200252 -0.00170068 0.00131927 -0.000406386 -0.00337766 -0.0100735 0.000708583 -9.03118e-05 -0.00153846
internal_weight=124761 7822 116939 23365 4244 93574 19121 18707 7362 7254 11345 670 4836 10675 5451 5224 3846 3209 3057 838 2219 1985 2940 2418 1378 376 136 1002 1218 780
internal_count=124761 7822 116939 23365 4244 93574 19121 18707 7362 7254 11345 670 4836 10675 5451 5224 3846 3209 3057 838 2219 1985 2940 2418 1378 376 136 1002 1218 780
is_linear=0
shrinkage=0.05


Tree=134
num_leaves=31
num_cat=0
split_feature=0 0 8 11 0 3 9 9 9 10 0 8 9 8 11 8 3 3 3 10 1 11 11 9 7 3 4 3 8 8
split_gain=2.6191 2.51691 2.9812 2.99963 2.48945 3.72457 3.22772 2.85049 3.26924 2.44825 5.70445 4.9102 2.83953 4.37316 8.61401 3.80724 8.2402 3.5587 2.37584 2.67593 2.57524 2.35591 2.24626 7.44485 2.33204 2.22756 2.16434 2.02956 2.01667 2.04451
threshold=1.5000000000000002 78.500000000000014 28.450000000000003 0.82629592353323422 86.500000000000014 0.70290292807158605 25.809114583333336 26.386197916666671 26.541666666666668 1.0000000180025095e-35 89.500000000000014 21.050000000000004 17.438020833333336 27.750000000000004 1.0131522458708193 24.350000000000005 0.65883702558178847 -0.14250824554987665 0.94425825643485939 1.0000000180025095e-35 4.5000000000000009 1.0036114727335816 1.0424368712485985 11.341666666666669 10.937500000000002 0.93544191479114935 0.48126256173783166 -0.9731273977605811 37.650000000000013 34.850000000000001
decision_type=2 2 2 2 2 2 2 2 2 2 2 2 2 2 2 2 2 2 2 2 2 2 2 2 2 2 2 2 2 2
left_child=26 -2 3 27 7 6 -6 -4 -9 12 11 -11 15 -14 -15 17 -17 -5 20 -20 25 -12 -19 -24 -25 -7 -1 -3 29 -22
right_child=1 2 4 9 5 18 -8 8 -10 10 21 -13 13 14 -16 16 -18 22 19 -21 28 -23 23 24 -26 -27 -28 -29 -30 -31
leaf_value=0.00067347774083450801 8.1611345920393911e-06 -0.0011104861617426557 0.00034102348800833278 0.00019655760757422938 -7.9672895838916888e-05 9.3541578542347118e-05 0.0017517668035976906 -0.0012594348138650641 7.9378889309635069e-06 0.0025744230478894686 -0.00022319948309627836 3.4594587008352429e-05 0.00021632996505609658 0.00044358007166286494 -0.001050450048535671 -0.00094619804207765959 0.00010666582479698681 -0.00011772609960480515 -0.00015443905561190143 0.00066298380403650786 -0.00043310076491633585 0.00012581037345898012 0.0005328368302799782 -0.00046242069756966155 -0.00041230867090606704 -0.0011937863817449174 -7.5512697353950079e-06 -0.00044778916479215858 0.00024583091893706164 -0.0018463195313515035
leaf_weight=1710 100084 51 1408 476 720 612 4848 104 5024 1133 834 1639 1116 119 85 102 102 1377 288 576 117 678 136 56 80 63 900 170 90 63
leaf_count=1710 100084 51 1408 476 720 612 4848 104 5024 1133 834 1639 1116 119 85 102 102 1377 288 576 117 678 136 56 80 63 900 170 90 63
internal_value=0.000195213 0.000161726 0.000645081 -0.000114054 0.00108999 0.00171953 0.00235991 0.000379437 -0.000167707 4.60105e-05 0.000856676 0.00220418 -0.000905727 0.00094697 -0.00578431 -0.00195577 -0.00848039 -0.00132941 -0.00025152 0.00164352 -0.00198413 -0.00161376 -0.00242874 -0.00658088 -0.0148529 -0.000333333 0.00176245 -0.00585973 -0.00611111 -0.00916667
internal_weight=124761 122151 22067 8154 13913 7377 5568 6536 5128 7933 4284 2772 3649 1320 204 2329 204 2125 1809 864 945 1512 1649 272 136 675 2610 221 270 180
internal_count=124761 122151 22067 8154 13913 7377 5568 6536 5128 7933 4284 2772 3649 1320 204 2329 204 2125 1809 864 945 1512 1649 272 136 675 2610 221 270 180
is_linear=0
shrinkage=0.05


Tree=135
num_leaves=31
num_cat=0
split_feature=4 9 9 1 0 0 9 3 9 9 0 1 0 0 10 11 3 9 8 8 11 9 7 1 1 1 3 9 7 8
split_gain=2.56433 5.32648 3.15219 11.5375 2.98519 3.94215 3.40848 2.71351 4.4539 6.91581 3.90963 4.02381 3.58373 5.17817 4.19116 4.67841 7.33426 3.26558 3.07241 3.03306 3.02469 2.7457 2.56275 2.5391 4.18006 2.33946 2.71217 2.32994 2.08256 2.85637
threshold=-0.9497838742125716 30.150260416666672 30.108333333333338 4.5000000000000009 20.500000000000004 48.500000000000007 30.591927083333339 -0.88622299073327826 22.899479166666669 23.303385416666668 32.500000000000007 3.5000000000000004 23.500000000000004 39.500000000000007 1.0000000180025095e-35 0.83998462250459582 -0.9731273977605811 26.541666666666668 35.150000000000013 30.950000000000003 0.9078174546384491 23.771875000000005 31.412500000000005 5.5000000000000009 3.5000000000000004 5.5000000000000009 -0.9954993026558282 9.9703125000000004 25.912500000000005 31.850000000000005
decision_type=2 2 2 2 2 2 2 2 2 2 2 2 2 2 2 2 2 2 2 2 2 2 2 2 2 2 2 2 2 2
left_child=1 2 28 -4 -3 6 23 8 -2 10 -10 -12 14 -14 18 16 -16 19 -11 20 -17 -22 -8 24 -6 26 -23 -9 29 -1
right_child=7 4 3 -5 5 -7 22 27 9 12 11 -13 13 -15 15 17 -18 -19 -20 -21 21 25 -24 -25 -26 -27 -28 -29 -30 -31
leaf_value=9.8046741162819651e-05 0.0040006379512690492 0.0026799796795300471 0.005230489716593875 -0.0043246322172377618 -0.0012578023049294323 0.0014223552706282838 0.00107331977840433 0.00039767635489074311 -0.00065702781726954612 0.0037411232422528105 -0.0010846400023511859 0.00040406385313212232 -0.00027894317209067757 0.00016398186481252888 -0.00056514314869862692 0.000436890507414046 0.00094875023110025227 0.00092621937305149165 -0.00075233042729448902 0.00098356433353279137 0.00084553419976905676 -0.00071970521004452274 -0.00041245628665537441 0.00067213430521662185 -0.002870742556763724 0.00024565813021332938 -0.00019934580294036632 -3.8105588230921494e-06 6.5423289669517539e-05 -0.00082298834958292779
leaf_weight=328 576 1932 96 85 168 4324 822 1728 99 1492 63 126 2784 9744 120 144 96 1440 72 240 72 76 1446 84 56 72 360 90991 4809 316
leaf_count=328 576 1932 96 85 168 4324 822 1728 99 1492 63 126 2784 9744 120 144 96 1440 72 240 72 76 1446 84 56 72 360 90991 4809 316
internal_value=0.0001884 0.000814323 -0.000386936 -0.00687845 0.00158062 0.0010942 -0.000454192 0.000106306 0.000675922 0.000529412 -0.00715278 -0.00293651 0.0006618 0.000238666 0.00192878 0.000706107 -0.00634259 0.00133943 0.00397698 -0.000912863 -0.00252762 -0.00413793 0.00021605 -0.00538961 -0.00816964 -0.00543307 -0.00681193 -1.67153e-06 -0.000171465 -0.00284161
internal_weight=124761 14466 5634 181 8832 6900 2576 110295 17576 17000 288 189 16712 12528 4184 2620 216 2404 1564 964 724 580 2268 308 224 508 436 92719 5453 644
internal_count=124761 14466 5634 181 8832 6900 2576 110295 17576 17000 288 189 16712 12528 4184 2620 216 2404 1564 964 724 580 2268 308 224 508 436 92719 5453 644
is_linear=0
shrinkage=0.05


Tree=136
num_leaves=31
num_cat=0
split_feature=4 8 0 0 1 5 3 9 4 0 0 0 4 4 8 9 9 7 11 8 0 4 4 3 9 9 11 3 1 4
split_gain=2.54805 3.24412 2.66796 3.23549 2.48994 2.70948 3.96015 3.88615 2.60059 4.73094 4.67592 4.52281 5.47675 4.01148 4.35642 8.16626 7.83799 3.84017 5.00097 4.41037 3.81152 3.62492 2.93321 2.78617 2.58972 2.70376 3.57521 8.80917 3.55114 2.72093
threshold=-0.98801846520836312 32.050000000000004 22.500000000000004 44.500000000000007 1.5000000000000002 1.0000000180025095e-35 0.79904096188274243 26.651562500000001 0.18281312110578132 10.500000000000002 86.500000000000014 31.500000000000004 0.19969739736768838 -0.97696767110351213 34.650000000000013 29.444531250000001 31.817708333333336 18.212500000000006 1.0252745761999382 19.950000000000003 82.500000000000014 0.9863035000474919 -0.96904977397942549 0.78857998149907527 25.676822916666669 23.771875000000005 1.0377350583906739 0.83849049182116964 4.5000000000000009 0.99249573635719013
decision_type=2 2 2 2 2 2 2 2 2 2 2 2 2 2 2 2 2 2 2 2 2 2 2 2 2 2 2 2 2 2
left_child=1 -1 -3 -4 -2 8 -7 -8 9 -6 13 12 -10 14 15 -11 -17 20 -19 21 23 -20 -15 -13 25 29 27 28 -27 -14
right_child=4 2 3 -5 5 6 7 -9 11 10 -12 17 24 22 -16 16 -18 18 19 -21 -22 -23 -24 -25 -26 26 -28 -29 -30 -31
leaf_value=-0.00058058866899857316 -3.3231526678227161e-05 0.0022581765377092016 -0.00040480694644359219 0.00092175167937192542 0.00057891107429798832 0.00039552321517500135 0.00038019898942778471 -0.00060830819981881146 -0.0004023956932977411 -0.00015996380788204338 0.0006626639532065718 0.00036599351988385006 -2.3214182645526848e-05 0.0018428237185167144 -0.00013356229024682735 -0.0031995050644846278 0.0015551671605263011 3.1301923151402635e-05 -0.00056765403394434236 -0.00017659119852004296 -3.6074819453816842e-05 -0.0013534387695364209 3.1161472621289986e-05 -0.00021371719937053583 0.0022720098716470846 -0.00038284190152986669 0.00054637005565799548 -0.0010044930400890425 7.4147048548368891e-05 -0.00018386818892660668
leaf_weight=288 33209 1449 1386 3213 4920 3456 384 574 224 379 4012 7080 9984 836 1216 201 76 10697 405 3230 3552 78 31152 296 288 352 160 96 352 1216
leaf_count=288 33209 1449 1386 3213 4920 3456 384 574 224 379 4012 7080 9984 836 1216 201 76 10697 405 3230 3552 78 31152 296 288 352 160 96 352 1216
internal_value=0.000179984 0.00115688 0.00140377 0.000814308 0.000127718 0.000270841 0.00147712 -0.00136743 0.000204946 0.000472285 0.000282795 -9.60272e-05 -0.000867266 9.15536e-05 -0.00215812 -0.00544207 -0.0119675 0.000289684 -0.000246357 -0.00182736 0.000996523 -0.00628364 0.000223209 0.00164452 -0.000727828 -0.000838816 -0.00338542 -0.00475 -0.0028125 -0.000620536
internal_weight=124761 6336 6048 4599 118425 85216 4414 958 80802 42792 37872 38010 12672 33860 1872 656 277 25338 14410 3713 10928 483 31988 7376 12448 12160 960 800 704 11200
internal_count=124761 6336 6048 4599 118425 85216 4414 958 80802 42792 37872 38010 12672 33860 1872 656 277 25338 14410 3713 10928 483 31988 7376 12448 12160 960 800 704 11200
is_linear=0
shrinkage=0.05


Tree=137
num_leaves=31
num_cat=0
split_feature=0 0 7 4 0 0 9 7 8 11 8 0 4 7 3 11 7 0 8 4 10 11 11 7 9 1 0 8 10 1
split_gain=2.62607 2.31793 2.6075 2.11906 1.95804 4.08694 14.3584 4.03883 2.24271 2.07657 2.25758 7.72865 7.8761 5.20212 5.50389 4.38349 4.01611 3.91738 4.84025 3.79186 3.47121 4.62023 4.97306 3.04366 4.34632 2.86125 3.11497 3.72063 4.9352 4.35744
threshold=1.5000000000000002 78.500000000000014 29.612500000000004 0.56901594657981336 62.500000000000007 55.500000000000007 24.955468750000001 11.787500000000003 44.000000000000007 1.1980087578716245 30.250000000000004 23.500000000000004 0.5403928698825039 28.112500000000004 -0.65234524191686594 0.99634139915423614 20.312500000000004 33.500000000000007 12.650000000000002 -0.15950993297387572 1.0000000180025095e-35 0.99142420047150093 0.83998462250459582 21.762500000000006 25.419010416666669 3.5000000000000004 37.500000000000007 30.750000000000004 1.0000000180025095e-35 5.5000000000000009
decision_type=2 2 2 2 2 2 2 2 2 2 2 2 2 2 2 2 2 2 2 2 2 2 2 2 2 2 2 2 2 2
left_child=3 4 -3 -1 5 9 -7 -6 -9 10 17 12 13 14 15 20 -17 18 -2 -20 23 22 -22 24 -12 -13 27 28 -27 -30
right_child=1 2 -4 -5 7 6 -8 8 -10 -11 11 25 -14 -15 -16 16 -18 -19 19 -21 21 -23 -24 -25 -26 26 -28 -29 29 -31
leaf_value=0.0005705248469105882 -0.00074509379290317829 5.549583429358241e-05 0.001280029525909953 -2.6329314872722098e-05 0.0013273568263672886 -0.00015999785860137909 0.0011286704992323653 -7.5214307953757698e-05 -0.0012143735753696026 0.00092506746991138737 0.0011267701665568176 -0.00030714824762131888 -0.0008887497260931436 0.0024277701468978802 -5.9613148199079622e-05 -0.00020729858473863446 0.0010554047939951457 0.00023079758579836246 0.00093374995754699492 -1.9909368845087013e-05 -0.0008361774446696105 -0.0012921809492630525 8.1081073161566586e-05 0.003523234884773279 -0.00065035837695890926 0.0012574137962807778 0.00013152899829349616 -0.00018139196574745102 -0.00082341711426465016 -0.0018027205136361543
leaf_weight=1776 128 19258 2809 834 460 3969 5131 20259 64 648 132 12480 88 2362 8644 58 2122 12958 1408 17314 66 110 1054 618 123 84 5562 4018 140 84
leaf_count=1776 128 19258 2809 834 460 3969 5131 20259 64 648 132 12480 88 2362 8644 58 2122 12958 1408 17314 66 110 1054 618 123 84 5562 4018 140 84
internal_value=0.000173973 0.000140441 0.000604296 0.0017433 3.81681e-05 0.000151385 0.00114835 -0.000393831 -0.000498696 2.21509e-05 -4.09741e-06 -0.000265598 0.000597321 0.000683171 0.00028893 0.00175461 0.00332569 0.000306212 -0.000153846 -8.75973e-05 0.000126011 -0.00158537 -0.000625 0.00253723 -0.00205882 -0.000858816 -0.000223503 -0.00122977 -0.00652597 -0.0104018
internal_weight=124761 122151 22067 2610 100084 79301 9100 20783 20323 70201 69553 37745 15377 15289 12927 4283 2180 31808 18850 18722 2103 1230 1120 873 255 22368 9888 4326 308 224
internal_count=124761 122151 22067 2610 100084 79301 9100 20783 20323 70201 69553 37745 15377 15289 12927 4283 2180 31808 18850 18722 2103 1230 1120 873 255 22368 9888 4326 308 224
is_linear=0
shrinkage=0.05


Tree=138
num_leaves=31
num_cat=0
split_feature=0 7 0 7 0 3 0 9 10 3 9 1 4 7 0 0 4 9 9 11 0 9 9 3 3 1 11 4 3 0
split_gain=2.32021 3.68562 2.46249 2.04006 2.70078 1.92263 1.83172 9.91031 6.07826 5.86305 3.48735 4.58222 3.72115 3.35126 11.1333 4.3886 3.64738 3.32615 3.65405 3.20742 3.18673 4.25588 3.10995 3.05503 2.95951 3.0347 2.67818 2.5682 3.19603 2.89545
threshold=5.5000000000000009 28.112500000000004 77.500000000000014 28.812500000000004 85.500000000000014 -0.80924678377697201 68.500000000000014 25.771875000000005 1.0000000180025095e-35 0.534952257794027 28.553385416666671 3.5000000000000004 -0.056951011027366626 29.812500000000004 55.500000000000007 27.500000000000004 -0.25206183926700709 12.998697916666668 12.483854166666669 1.0864563662565241 58.500000000000007 25.138020833333339 23.598958333333339 0.97508442350096236 -0.97694226132849327 4.5000000000000009 1.1443318593415424 -0.79382744783423187 -0.97694226132849327 73.500000000000014
decision_type=2 2 2 2 2 2 2 2 2 2 2 2 2 2 2 2 2 2 2 2 2 2 2 2 2 2 2 2 2 2
left_child=1 5 6 -4 -5 -1 13 9 27 -8 11 12 -10 20 15 -15 -16 18 -11 -13 -2 22 -22 -12 -17 26 -26 29 -29 -9
right_child=2 -3 3 4 -6 -7 7 8 10 17 23 19 -14 14 16 24 -18 -19 -20 -21 21 -23 -24 -25 25 -27 -28 28 -30 -31
leaf_value=0.00050234622191273686 1.6999379431373533e-06 0.0035740886743168936 4.4670336405055631e-05 0.00023900316719710864 0.0024395992870532433 1.1485401310658454e-05 0.00032309516235302043 -0.00092663625636870903 -0.0010759794228785654 -6.6568912795494955e-05 0.00053434541497597565 0.00033698904132945559 0.0005910866467380881 0.0016909172165694209 0.0012683902867058612 0.00048795952120678075 2.8258010320808867e-05 -9.8270664585505313e-05 -0.00075621274535675291 -0.001532353288956397 -0.00020489945596040187 0.0003567728899880115 -0.00051753081088122988 -0.001155749125665344 -0.0003212461115338835 0.0001379802354982317 0.00069571665369256934 -0.00096712678728210302 -0.00015261149244565178 -0.0013568446226583223
leaf_weight=1395 51862 994 19121 2397 1847 5433 3717 715 765 63 1707 684 180 1057 6439 845 1947 1719 54 63 5077 1280 360 54 8583 3804 632 234 1161 572
leaf_count=1395 51862 994 19121 2397 1847 5433 3717 715 765 63 1707 684 180 1057 6439 845 1947 1719 54 63 5077 1280 360 54 8583 3804 632 234 1161 572
internal_value=0.000164755 0.000998466 0.000108989 0.000568158 0.00155985 0.000584359 -5.66378e-06 -0.000591204 -0.00197636 0.000939132 -0.000589342 -0.0022104 -0.00452381 7.79134e-05 0.000585018 -0.000234233 0.00204269 -0.00137255 -0.00952991 0.000716198 -0.00012385 -0.00114858 -0.00175924 0.0009682 -0.000471004 -0.000657116 -0.00114759 -0.00376212 -0.00227599 -0.00537296
internal_weight=124761 7822 116939 23365 4244 6828 93574 11688 6135 5553 3453 1692 945 81886 23307 14921 8386 1836 117 747 58579 6717 5437 1761 13864 13019 9215 2682 1395 1287
internal_count=124761 7822 116939 23365 4244 6828 93574 11688 6135 5553 3453 1692 945 81886 23307 14921 8386 1836 117 747 58579 6717 5437 1761 13864 13019 9215 2682 1395 1287
is_linear=0
shrinkage=0.05


Tree=139
num_leaves=31
num_cat=0
split_feature=0 4 8 11 9 3 7 9 9 0 7 11 9 9 3 11 3 3 8 10 8 3 8 3 11 8 9 11 8 4
split_gain=2.27046 2.13936 2.38171 2.21544 3.69774 3.11375 3.66097 2.63906 6.95113 3.47807 2.46302 3.07107 2.43623 3.90559 3.08648 2.26533 2.51988 8.11821 5.44806 2.44284 6.7931 2.96248 2.75374 2.34053 2.62066 3.52752 3.7469 3.355 3.41406 2.77401
threshold=1.0000000180025095e-35 -0.98801846520836312 32.050000000000004 0.94542443323476821 28.980208333333337 -0.99697703579879204 22.812500000000004 29.230989583333336 29.150520833333335 47.500000000000007 27.987500000000004 0.93041277635383546 29.444531250000001 29.525520833333335 0.46800856592688472 0.93776513921633253 0.76140650896573492 0.78857998149907527 31.050000000000004 1.0000000180025095e-35 22.750000000000004 0.9053161325100999 26.750000000000004 -0.99866806308218525 0.88327974961520905 30.850000000000005 27.508854166666669 0.82629592353323422 31.150000000000002 -0.72694848937061807
decision_type=2 2 2 2 2 2 2 2 2 2 2 2 2 2 2 2 2 2 2 2 2 2 2 2 2 2 2 2 2 2
left_child=-1 2 -2 4 15 6 -5 8 -6 -10 11 -9 -12 14 -14 16 23 -18 19 20 -19 -21 -22 -3 25 -25 -27 28 -28 -30
right_child=1 3 -4 5 7 -7 -8 10 9 -11 12 -13 13 -15 -16 -17 17 18 -20 21 22 -23 -24 24 -26 26 27 -29 29 -31
leaf_value=0.00025173210140549279 -0.00054775723860076106 -0.00024099900030213141 0.00062278344660351742 -0.00043293422968094565 -0.00036674545672784535 2.3881383134202065e-05 0.0013189608657264754 -0.00044522945006956788 -0.0035819973975199735 -0.00090488067081939412 0.00063177346214189666 -0.0011418939373973255 -0.0026509809140158247 -0.00012755945624736475 0.0006101229120639922 -0.00020568500617518834 -0.0013087322406441799 -0.00095298590462882492 0.00041429016696510547 -0.00039603750301311084 0.00042716558928248481 -8.4529987331146436e-05 -0.00022492241733616808 0.00057417405124772741 1.0637420166512896e-06 -0.00050368119520250755 -0.00091013864545147006 0.0009245381722281492 -0.00091728439245149457 0.0012399580221329918
leaf_weight=1305 285 760 5985 84 475 91368 1252 764 94 96 591 142 121 1999 56 1805 95 95 1045 570 475 665 380 3138 8835 570 95 953 378 285
leaf_count=1305 285 760 5985 84 475 91368 1252 764 94 96 591 142 121 1999 56 1805 95 95 1045 570 475 665 380 3138 8835 570 95 953 378 285
internal_value=0.000166759 0.000144829 0.00104466 9.66841e-05 -0.000326362 0.000208405 0.00260479 -0.00165053 -0.00454887 -0.0126316 -0.00112578 -0.00338852 -0.000384893 -0.00115809 -0.00827684 -4.12031e-05 0.000125143 -0.0011203 -0.000696594 -0.0021167 -0.000210526 -0.003583 0.00119883 0.000400959 0.00054511 0.00141078 -8.54886e-05 0.00108416 -0.00139842 -0.000128205
internal_weight=124761 123456 6270 117186 24482 92704 1336 4338 665 190 3673 906 2767 2176 177 20144 18339 3325 3230 2185 950 1235 855 15014 14254 5419 2281 1711 758 663
internal_count=124761 123456 6270 117186 24482 92704 1336 4338 665 190 3673 906 2767 2176 177 20144 18339 3325 3230 2185 950 1235 855 15014 14254 5419 2281 1711 758 663
is_linear=0
shrinkage=0.05


Tree=140
num_leaves=31
num_cat=0
split_feature=0 7 0 11 8 0 3 0 9 4 9 0 8 9 10 11 11 7 8 8 3 7 9 9 8 3 11 3 10 9
split_gain=2.21736 4.08605 2.3304 2.25769 2.56756 4.82625 3.26411 2.1317 2.12833 2.02139 2.00527 1.97441 3.71049 2.2899 2.16182 1.96603 2.52822 1.91227 1.88478 1.83075 2.28519 1.87734 1.69554 1.69075 1.6436 3.17503 1.56166 1.54926 2.05397 1.8441
threshold=6.5000000000000009 26.287500000000005 76.500000000000014 1.1338093104982068 31.150000000000002 87.500000000000014 0.76140650896573492 90.500000000000014 26.459114583333335 0.21652257995689161 25.201562500000005 91.500000000000014 18.650000000000002 27.370572916666671 1.0000000180025095e-35 0.98706785893326654 0.96799695592670831 39.662500000000016 19.250000000000004 30.450000000000003 -0.98370366633421236 22.512500000000006 26.751302083333339 23.494791666666671 43.20000000000001 0.61237135649459018 1.138526936352606 -0.87395131947920313 1.0000000180025095e-35 26.459114583333335
decision_type=2 2 2 2 2 2 2 2 2 2 2 2 2 2 2 2 2 2 2 2 2 2 2 2 2 2 2 2 2 2
left_child=1 27 17 4 11 8 -7 26 -6 22 -8 12 -4 14 18 16 -12 24 -13 20 -16 23 -10 -22 -2 -26 -5 28 -1 -30
right_child=2 -3 3 7 5 6 10 -9 9 -11 15 13 -14 -15 19 -17 -18 -19 -20 -21 21 -23 -24 -25 25 -27 -28 -29 29 -31
leaf_value=0.003482307910114456 -4.3482746829627713e-06 0.0016954980682428351 0.00089434882202506596 -0.0018860566389023844 0.00058466618550032264 0.0021646263898769118 0.00064853377984927247 0.00041549117100777059 -0.0011318329328457624 -0.00092240243528758268 -0.00027104322836304917 -0.00024090054088895911 1.1550191419252264e-05 0.0021836404542172568 -0.0011140285228200862 0.0001105691977045751 -0.0016451551347436242 0.00078857081158498405 9.4664205937351075e-05 -0.0010373882978315884 -0.00018823208760789474 0.001284032797407326 5.9814114717991386e-05 -0.00066836362613055175 -4.0822747093469808e-05 -0.001989915903654708 -0.00046618976792504218 -7.7453148026090729e-06 -0.00012167567817946146 0.0015302185589822967
leaf_weight=380 89562 2928 1305 56 638 3375 200 285 66 55 208 228 8787 192 60 704 72 1167 837 136 1060 123 5481 53 170 77 742 5111 431 272
leaf_count=380 89562 2928 1305 56 638 3375 200 285 66 55 208 228 8787 192 60 704 72 1167 837 136 1060 123 5481 53 170 77 742 5111 431 272
internal_value=0.000165957 0.000916466 0.000106755 0.00053785 0.000640373 0.00120798 0.00244462 -0.00169437 0.000304487 -7.14012e-06 0.000185811 0.000160786 0.00048157 -0.00104314 -0.00144774 -0.00074187 -0.00428571 -1.01124e-05 0.000258216 -0.00271648 -0.00213735 -0.00167476 8.74348e-05 -0.00232255 -3.62434e-05 -0.00410931 -0.00302005 0.000188893 0.00190674 0.000305832
internal_weight=124761 9122 115639 24663 23580 10799 4559 1083 6240 5602 1184 12781 10092 2689 2497 984 280 90976 1065 1432 1296 1236 5547 1113 89809 247 798 6194 1083 703
internal_count=124761 9122 115639 24663 23580 10799 4559 1083 6240 5602 1184 12781 10092 2689 2497 984 280 90976 1065 1432 1296 1236 5547 1113 89809 247 798 6194 1083 703
is_linear=0
shrinkage=0.05


Tree=141
num_leaves=31
num_cat=0
split_feature=0 7 3 9 0 10 9 9 3 0 9 8 0 0 0 7 3 3 0 4 3 7 11 0 11 0 9 0 10 3
split_gain=2.01177 4.99338 2.67486 3.65933 2.55625 4.60021 5.18147 6.06673 4.84346 4.56019 6.92143 4.5096 4.0379 6.83096 5.33782 3.86667 3.6667 3.32497 3.17084 4.67738 4.4472 4.03786 3.36402 3.09738 3.0217 2.86108 2.78576 2.74484 2.62407 2.55919
threshold=8.5000000000000018 28.112500000000004 -0.66528616069191593 25.809114583333336 37.500000000000007 1.0000000180025095e-35 12.569791666666669 27.370572916666671 0.56369777965491019 86.500000000000014 15.296614583333335 12.650000000000002 69.500000000000014 55.500000000000007 91.500000000000014 16.412500000000005 0.98049069993378934 0.99466373373798567 23.500000000000004 0.62420859727530387 0.16799745313369893 26.112500000000004 1.1265970327176902 41.500000000000007 1.1338093104982068 22.500000000000004 29.150520833333335 92.500000000000014 1.0000000180025095e-35 0.99995780822346225
decision_type=2 2 2 2 2 2 2 2 2 2 2 2 2 2 2 2 2 2 2 2 2 2 2 2 2 2 2 2 2 2
left_child=1 2 3 -1 11 9 8 23 27 -6 -11 25 13 17 24 -10 -12 -9 21 -20 22 -13 -21 -8 -14 -2 -23 -7 -22 -25
right_child=4 -3 -4 -5 5 6 7 12 15 10 16 18 14 -15 -16 -17 -18 -19 19 20 28 26 -24 29 -26 -27 -28 -29 -30 -31
leaf_value=-2.6057881981226325e-05 -0.00076698863887810572 0.0031214868010009215 -5.6563288964284887e-06 0.0018604350416771343 -7.0524303710613927e-05 0.0017027092164961324 0.00042227147978347228 0.00029965033706183097 3.3338440689938865e-05 -0.00016751963598429353 0.00040092791168471625 -1.2903477141146622e-05 1.1647761855115401e-05 0.0019377074002702337 0.0016004529238883476 -0.0015810968422422763 -0.00027899069761033523 -0.00084829698130063289 -0.0002498255349232459 -0.00010115631204855923 0.000117695400655957 0.0019086114156034912 -0.0010402937446108171 -3.7383006577847436e-05 -0.0011016267940458027 -0.0014653691152603956 0.00031156244965992522 -0.00093837867564879626 0.0014059707726819255 -0.0012023018571032994
leaf_weight=1210 56 1389 7349 1774 27774 2970 1476 5418 145 936 3952 14388 6110 4279 1224 87 207 90 12698 3024 1176 1257 56 19818 594 60 3784 162 1190 108
leaf_count=1210 56 1389 7349 1774 27774 2970 1476 5418 145 936 3952 14388 6110 4279 1224 87 207 90 12698 3024 1176 1257 56 19818 594 60 3784 162 1190 108
internal_value=0.000157942 0.000781437 0.000403078 0.00166555 9.32866e-05 0.000261447 0.000605094 0.000443158 0.00248811 -0.000182695 0.00119235 -0.000242909 0.00112758 0.00180699 0.00028885 -0.00448276 0.0020666 0.000642702 -0.000212519 -0.00068783 0.00053801 0.000231355 -0.000714286 -0.000123353 -0.000265513 -0.0100862 0.00144912 0.00300447 0.00216822 -0.000287062
internal_weight=124761 11722 10333 2984 113039 75350 42481 39117 3364 32869 5095 37689 17715 9787 7928 232 4159 5508 37573 18144 5446 19429 3080 21402 6704 116 5041 3132 2366 19926
internal_count=124761 11722 10333 2984 113039 75350 42481 39117 3364 32869 5095 37689 17715 9787 7928 232 4159 5508 37573 18144 5446 19429 3080 21402 6704 116 5041 3132 2366 19926
is_linear=0
shrinkage=0.05


Tree=142
num_leaves=31
num_cat=0
split_feature=1 11 11 3 4 4 8 11 4 9 0 0 8 0 0 7 9 3 3 9 0 7 8 0 0 10 0 8 9 11
split_gain=2.03752 2.74857 2.67541 5.14922 3.23228 2.58246 6.13682 3.03346 3.00351 3.26287 2.95482 3.35588 9.2803 2.87166 2.82694 2.91422 3.73354 3.56878 2.86335 4.57996 2.80152 2.75317 2.69952 2.65696 3.97271 4.15629 3.38892 2.58427 7.58894 3.89875
threshold=3.5000000000000004 1.1178088744719634 1.138526936352606 -0.19337636264337835 -0.72102888505294738 0.39629089145655322 30.250000000000004 1.0259232196813726 0.42763731121559989 19.464062500000004 69.500000000000014 21.500000000000004 30.950000000000003 86.500000000000014 14.500000000000002 30.112500000000004 26.651562500000001 -0.98664820696349753 -0.98046803196378884 27.634114583333339 65.500000000000014 26.887500000000006 36.350000000000001 69.500000000000014 78.500000000000014 1.0000000180025095e-35 55.500000000000007 34.150000000000013 30.258854166666669 0.89132369463318661
decision_type=2 2 2 2 2 2 2 2 2 2 2 2 2 2 2 2 2 2 2 2 2 2 2 2 2 2 2 2 2 2
left_child=-1 5 3 -3 -4 13 8 -8 20 -10 11 12 -9 14 27 16 -16 -18 19 -19 -7 22 -15 26 25 -25 -17 29 -29 -2
right_child=1 2 4 -5 -6 6 7 10 9 -11 -12 -13 -14 21 15 23 17 18 -20 -21 -22 -23 -24 24 -26 -27 -28 28 -30 -31
leaf_value=-2.1455565730711666e-06 -0.00021522512947989272 -0.0013041494150888081 0.0010069391472227853 0.00022005817539491585 -0.00021788765768425175 -0.00047367358382253912 -0.00012326222657008232 0.00016226686851272462 6.2500822053917428e-06 0.00021043585454413169 -0.00064509522315048912 -8.3809138559768094e-05 -0.00088963771379420721 0.00021806565104227622 0.00017594827255436687 0.00018652940620410313 0.0014521720349140847 -0.00033909447293917964 -0.0001722774773704844 -0.0014108588511887875 0.00028707763851467923 0.0025583170172020601 -0.0019513286616254341 -0.00094267614783098718 0.0015512063180077725 0.00043106782622872193 0.00089093257203140823 -0.00045718929723305662 0.0020233952920186665 0.00081833329069106559
leaf_weight=70084 495 768 1056 480 1344 528 480 66 14688 3642 156 288 66 1333 4420 5135 419 189 8076 85 240 1478 85 650 520 455 3200 630 1140 2565
leaf_count=70084 495 768 1056 480 1344 528 480 66 14688 3642 156 288 66 1333 4420 5135 419 189 8076 85 240 1478 85 650 520 455 3200 630 1140 2565
internal_value=0.000162351 0.000391115 -0.000934759 -0.0028125 4.16669e-05 0.0004859 4.56487e-05 -0.00366477 0.000250812 0.00037916 -0.00611111 -0.00392857 -0.0105303 0.00077328 0.000618142 0.00038857 -9.89459e-05 -0.000696202 -0.000922155 -0.0059489 -0.0028125 0.0022721 0.000698167 0.00103414 -0.000815384 -0.00251131 0.00139472 0.00171843 0.00019774 0.00259804
internal_weight=124761 54677 3648 1248 2400 51029 20154 1056 19098 18330 576 420 132 30875 27979 23149 13189 8769 8350 274 768 2896 1418 9960 1625 1105 8335 4830 1770 3060
internal_count=124761 54677 3648 1248 2400 51029 20154 1056 19098 18330 576 420 132 30875 27979 23149 13189 8769 8350 274 768 2896 1418 9960 1625 1105 8335 4830 1770 3060
is_linear=0
shrinkage=0.05


Tree=143
num_leaves=31
num_cat=0
split_feature=4 9 9 1 9 3 9 8 3 9 3 11 3 0 0 3 9 9 0 1 3 4 11 9 7 7 0 1 3 8
split_gain=2.0751 4.24533 2.81894 7.13688 3.24059 3.85302 5.26321 2.75295 2.65295 4.88244 3.18327 2.83111 2.37777 2.33057 2.78044 2.31738 4.58971 6.48825 4.0801 3.62169 3.38058 2.81425 2.57153 5.68889 2.52695 3.1253 2.52344 2.8321 2.45269 3.12728
threshold=-0.9497838742125716 30.150260416666672 29.860156250000006 4.5000000000000009 29.732812500000005 -0.099819732675876835 29.661718750000002 33.750000000000007 -0.29343379936893921 28.553385416666671 -0.27694604220087021 0.9247659649312403 -0.20180236284700911 88.500000000000014 17.500000000000004 -0.88622299073327826 22.899479166666669 23.303385416666668 32.500000000000007 3.5000000000000004 -0.94975917145599731 -0.25206183926700709 0.94260747916725696 28.733593750000001 26.912500000000005 28.537500000000005 25.500000000000004 1.0000000180025095e-35 -0.93235440815991333 29.450000000000003
decision_type=2 2 2 2 2 2 2 2 2 2 2 2 2 2 2 2 2 2 2 2 2 2 2 2 2 2 2 2 2 2
left_child=1 2 4 -4 5 6 8 -7 -1 10 -10 -11 -5 14 -3 16 -2 18 -18 -20 21 22 -19 24 -24 -26 -22 -28 -29 -30
right_child=15 13 3 12 -6 7 -8 -9 9 11 -12 -13 -14 -15 -16 -17 17 20 19 -21 26 -23 23 -25 25 -27 27 28 29 -31
leaf_value=0.001203002464321619 0.0037965700410800274 0.0024151829492942865 -0.00021671301053398178 -0.0012640384607750966 0.0019953089623905257 0.00074320331308273357 -0.0018451476818641356 -0.00041513555595888469 0.00037700270537563695 -0.0021574493125260095 -0.0010611161034608247 0.00070508192239094778 -0.0040474253326253391 0.0056821838826068109 0.00029167363282275958 -2.0923071584618127e-06 -0.00059012987153296678 -8.0904922867832213e-05 -0.0010145640450372492 0.00040020922353628942 0.0009655940183469951 7.5992065680182349e-05 -0.00016648205880709599 -0.00015712096847821783 -0.0021551696050808862 -0.00099580905098500556 -0.00025740531725206858 0.0013581406777730251 -0.00051494003503687843 0.00039976669799696401
leaf_weight=192 576 1656 576 96 576 1632 184 480 192 88 573 960 85 644 6532 92719 99 672 63 126 1274 10856 50 288 66 76 560 1120 210 1540
leaf_count=192 576 1656 576 96 576 1632 184 480 192 88 573 960 85 644 6532 92719 99 672 63 126 1274 10856 50 288 66 76 560 1120 210 1540
internal_value=0.000157942 0.000721001 -0.000351438 -0.00319022 8.91944e-05 -0.000382469 -0.00185244 0.0011411 -0.00110973 -0.0017016 -0.00473856 0.000515267 -0.0118508 0.00140512 0.00117733 8.40928e-05 0.000610492 0.000461765 -0.00697917 -0.00267196 0.000589995 0.000144904 -0.00220486 -0.005 -0.0116667 -0.0150704 0.00172619 0.00102041 0.00165505 0.000485714
internal_weight=124761 14466 5634 757 4877 4301 2189 2112 2005 1813 765 1048 181 8832 8188 110295 17576 17000 288 189 16712 12008 1152 480 192 142 4704 3430 2870 1750
internal_count=124761 14466 5634 757 4877 4301 2189 2112 2005 1813 765 1048 181 8832 8188 110295 17576 17000 288 189 16712 12008 1152 480 192 142 4704 3430 2870 1750
is_linear=0
shrinkage=0.05


Tree=144
num_leaves=31
num_cat=0
split_feature=4 9 9 1 9 3 9 8 3 9 3 11 0 0 3 9 9 0 4 9 8 10 3 10 7 9 9 9 9 7
split_gain=2.12637 3.88641 2.66451 6.90129 2.56553 3.28548 4.17926 2.54554 2.5359 4.49328 2.89156 2.49818 2.36715 2.76294 2.27546 4.60162 6.179 4.00142 3.1672 2.91249 2.81464 9.74195 5.61557 4.95448 6.17385 5.30559 3.84396 4.69011 3.79118 4.21968
threshold=-0.9497838742125716 30.150260416666672 29.860156250000006 4.5000000000000009 29.732812500000005 -0.099819732675876835 29.661718750000002 33.750000000000007 -0.29343379936893921 28.553385416666671 -0.27694604220087021 0.9247659649312403 88.500000000000014 17.500000000000004 -0.88622299073327826 22.899479166666669 23.303385416666668 17.500000000000004 -0.30982845708428081 23.771875000000005 31.050000000000004 1.0000000180025095e-35 -0.9442364261229238 1.0000000180025095e-35 27.112500000000004 28.521875000000005 27.749479166666671 27.258593750000003 24.359114583333334 24.337500000000006
decision_type=2 2 2 2 2 2 2 2 2 2 2 2 2 2 2 2 2 2 2 2 2 2 2 2 2 2 2 2 2 2
left_child=1 2 4 -4 5 6 8 -7 -1 10 -10 -11 13 -3 15 -2 17 -17 -18 -20 21 -21 26 24 -22 -25 27 28 -23 -30
right_child=14 12 3 -5 -6 7 -8 -9 9 11 -12 -13 -14 -15 -16 16 18 -19 19 20 23 22 -24 25 -26 -27 -28 -29 29 -31
leaf_value=0.0011428523411055366 0.0036067415390260262 0.0022944238018295701 -0.0002058773600072833 -0.0024820859699655915 0.0018955435142709995 0.00070604314742859597 -0.0017528902977709299 -0.00039437877816093963 0.00035815257010685385 -0.0020495768468997105 -0.0010080602982877837 0.00066982782627140092 0.005398074688476473 0.00027708995118162029 -1.987691800538092e-06 -0.0006112554867248772 0.00075741780890325799 -0.00041762213557665199 0.00072722296199260257 0.00048290925199662101 0.00068472924550876211 0.00417298933557597 -0.00062186418626148233 0.0011227363064761655 -0.00062334594774454807 -0.00090971214599341258 -0.0011722694537613203 0.0013643300242222648 -0.00024947150074543017 -0.0001673793657046131
leaf_weight=192 576 1656 576 181 576 1632 184 480 192 88 573 960 644 6532 92719 54 2976 234 960 2496 1164 192 192 3072 1144 384 192 384 1117 2439
leaf_count=192 576 1656 576 181 576 1632 184 480 192 88 573 960 644 6532 92719 54 2976 234 960 2496 1164 192 192 3072 1144 384 192 384 1117 2439
internal_value=0.000157942 0.000727914 -0.000298189 -0.00305812 0.000130203 -0.000289467 -0.00164687 0.00111742 -0.000985037 -0.00156371 -0.00447712 0.000562977 0.00138247 0.00115291 8.31862e-05 0.000604802 0.000455883 -0.00680556 0.00058102 0.000260629 6.10522e-05 -0.000611808 -0.00199734 0.000879598 -0.000914211 0.00207755 -0.00162581 -0.00130445 -0.00184365 -0.00221316
internal_weight=124761 14466 5634 757 4877 4301 2189 2112 2005 1813 765 1048 8832 8188 110295 17576 17000 288 16712 13736 12776 7012 4516 5764 2308 3456 4324 4132 3748 3556
internal_count=124761 14466 5634 757 4877 4301 2189 2112 2005 1813 765 1048 8832 8188 110295 17576 17000 288 16712 13736 12776 7012 4516 5764 2308 3456 4324 4132 3748 3556
is_linear=0
shrinkage=0.05


Tree=145
num_leaves=31
num_cat=0
split_feature=4 0 0 7 7 3 9 9 0 0 0 10 11 3 9 8 0 4 8 9 4 1 8 8 9 8 1 0 11 11
split_gain=2.04273 3.44873 3.67054 3.38161 3.00335 2.50245 4.53633 5.65475 3.63283 3.28639 4.45797 3.97988 4.27872 5.00208 3.11618 3.05416 3.08013 3.5728 2.89544 2.8068 3.1002 2.47009 2.16044 2.24516 2.43354 2.4458 2.67712 2.26379 2.62535 3.48662
threshold=-0.9497838742125716 11.500000000000002 88.500000000000014 25.362500000000004 26.012500000000006 -0.88622299073327826 22.899479166666669 23.303385416666668 17.500000000000004 23.500000000000004 44.500000000000007 1.0000000180025095e-35 0.83998462250459582 -0.9731273977605811 26.541666666666668 34.050000000000004 11.500000000000002 0.18281312110578132 31.250000000000004 25.201562500000005 -0.10837475778693638 3.5000000000000004 33.850000000000001 30.950000000000003 23.598958333333339 30.750000000000004 1.5000000000000002 60.500000000000007 0.83118285699629402 0.78920070979102952
decision_type=2 2 2 2 2 2 2 2 2 2 2 2 2 2 2 2 2 2 2 2 2 2 2 2 2 2 2 2 2 2
left_child=1 -1 3 -3 -4 6 -2 8 -8 11 -11 15 13 -13 18 -9 -17 -18 19 -14 -21 -10 23 24 -12 27 -27 -26 29 -29
right_child=5 2 4 -5 -6 -7 7 9 21 10 22 12 14 -15 -16 16 17 -19 -20 20 -22 -23 -24 -25 25 26 -28 28 -30 -31
leaf_value=0.0017099843253989421 0.0034264044620747254 -0.00082361668987813346 -0.0027850666373313102 9.3129564477802454e-05 0.0036910692819699465 -1.8883072105109734e-06 -0.00058069271238863273 0.0037355911927145595 -0.00072901041953689263 -0.00023166457437802111 0.0010279231386365925 -0.00056938794816071593 7.6276034505185031e-05 0.00084111439738947496 0.00074562077798577932 0.0034876844946875665 0.0005438223985471906 -0.0012929556062486543 0.0023952311291048065 0.0022721301908790667 -0.00026639438762266117 -6.5512593110082854e-06 -0.00033385768325010586 0.00061128939379395588 0.00050017787058240942 -0.00069829104885612029 0.00040301489679993465 0.0047751496248675876 5.6426695896794016e-06 -0.00074633284340792287
leaf_weight=1810 576 187 59 11412 998 92719 54 1252 78 3654 408 120 312 96 1440 156 84 72 168 96 388 156 765 3978 1040 255 153 70 1960 245
leaf_count=1810 576 187 59 11412 998 92719 54 1252 78 3654 408 120 312 96 1440 156 84 72 168 96 388 156 765 3978 1040 255 153 70 1960 245
internal_value=0.000162351 0.000721001 0.000429046 0.000171998 0.00324976 8.90795e-05 0.000636095 0.000488235 -0.00645833 0.000607947 0.000202746 0.00182122 0.000629771 -0.00611111 0.00123544 0.00381714 -0.000608974 -0.00557692 -0.00096473 -0.00222362 -0.00460744 -0.00376068 0.000807979 0.0010476 0.000231179 -0.000170561 -0.00382353 0.000279035 -0.000604395 -0.00484127
internal_weight=124761 14466 12656 11599 1057 110295 17576 17000 288 16712 12528 4184 2620 216 2404 1564 312 156 964 796 484 234 8874 8109 4131 3723 408 3315 2275 315
internal_count=124761 14466 12656 11599 1057 110295 17576 17000 288 16712 12528 4184 2620 216 2404 1564 312 156 964 796 484 234 8874 8109 4131 3723 408 3315 2275 315
is_linear=0
shrinkage=0.05


Tree=146
num_leaves=31
num_cat=0
split_feature=1 11 10 0 9 3 7 8 3 7 0 0 0 0 8 7 3 7 10 11 4 3 11 8 3 10 3 3 11 1
split_gain=1.94204 2.64597 2.78466 3.20464 3.10681 12.1211 3.2749 3.17009 3.12423 2.94899 2.86315 2.94907 2.38488 4.13498 4.35813 2.77045 4.15551 3.56234 3.63759 3.41427 6.09077 4.24814 3.18825 3.18481 2.88708 2.74636 6.01903 3.80438 2.7398 2.85494
threshold=3.5000000000000004 1.0671022136559845 1.0000000180025095e-35 25.500000000000004 31.670833333333338 -0.24372957273992746 29.712500000000006 34.95000000000001 0.97314989601849466 5.0375000000000005 51.500000000000007 70.500000000000014 37.500000000000007 14.500000000000002 43.20000000000001 28.037500000000005 -0.44504625642270151 24.637500000000006 1.0000000180025095e-35 1.0743282406005716 -0.13398942717002907 0.77788564761185042 0.87438713147174518 33.750000000000007 0.878110924644389 1.0000000180025095e-35 0.082691702092476851 0.048362692321690152 0.98304568677922399 4.5000000000000009
decision_type=2 2 2 2 2 2 2 2 2 2 2 2 2 2 2 2 2 2 2 2 2 2 2 2 2 2 2 2 2 2
left_child=1 -1 4 -4 7 6 -6 8 9 -3 -8 -12 13 15 25 16 17 18 -2 -18 21 23 -20 -21 -23 -15 27 -27 29 -28
right_child=12 2 3 -5 5 -7 10 -9 -10 -11 11 -13 -14 14 -16 -17 19 -19 22 20 -22 24 -24 -25 -26 26 28 -29 -30 -31
leaf_value=-2.1382559320013905e-05 0.00036201596356732221 -0.00080560041520503578 0.00058073069925978062 0.00018213364755945491 -0.0027651181450039173 -2.9695025375247584e-05 -0.0004031657539457617 0.0014941169281128199 -0.00045393041526748442 0.00015024661731373356 -0.0023611210444448335 -0.0027417413659683969 0.00011941146006642454 4.2787918773516058e-05 -0.0016510905108843847 0.0026102709984001356 1.734146638975062e-05 0.0019891957467903574 -0.00061394963942025462 -0.0057619474433807868 7.0087026354582696e-05 -0.002022585017465385 -7.2005749859768516e-05 -0.00035026677709696058 -0.00099189256930948418 -0.00030954320000291767 0.00026502911922230354 -0.0017587032529826571 0.0002257519980216323 -0.00038180287527809419
leaf_weight=57309 657 89 2110 5670 83 1636 101 576 192 2214 54 50 33025 5681 69 936 4040 1348 54 56 315 53 820 196 75 3994 391 138 2093 736
leaf_count=57309 657 89 2110 5670 83 1636 101 576 192 2214 54 50 33025 5681 69 936 4040 1348 54 56 315 53 820 196 75 3994 391 138 2093 736
internal_value=0.000159545 -1.46965e-05 0.000636008 0.00122751 -0.000285285 -0.00186071 -0.0113194 0.000701726 -7.01401e-05 0.00044073 -0.00792683 -0.01375 0.000382885 -2.49398e-05 -0.000583117 0.00083041 0.000514841 0.00201285 0.000362508 -0.000395987 -0.00363309 -0.00789474 -0.00175057 -0.00412698 -0.0153125 -0.000516765 -0.00115479 -0.00241772 0.000465839 -0.00152174
internal_weight=124761 70084 12775 7780 4995 1924 288 3071 2495 2303 205 104 54677 21652 13102 8550 7614 2879 1531 4735 695 380 874 252 128 13033 7352 4132 3220 1127
internal_count=124761 70084 12775 7780 4995 1924 288 3071 2495 2303 205 104 54677 21652 13102 8550 7614 2879 1531 4735 695 380 874 252 128 13033 7352 4132 3220 1127
is_linear=0
shrinkage=0.05


Tree=147
num_leaves=31
num_cat=0
split_feature=4 9 3 9 9 7 0 0 10 9 9 8 8 0 0 4 8 8 11 9 11 0 0 0 10 0 11 4 8 9
split_gain=1.9279 3.42276 2.37289 4.57188 5.34766 3.70763 3.53381 3.90408 3.63728 3.67544 3.97647 3.36578 2.43226 2.35144 2.60479 2.28462 2.26842 6.57155 3.41997 6.56919 3.779 2.25354 3.87839 3.76872 4.13528 2.45579 2.43427 4.70318 2.20186 2.37204
threshold=-0.9497838742125716 30.150260416666672 -0.88622299073327826 22.899479166666669 23.303385416666668 20.487500000000004 23.500000000000004 37.500000000000007 1.0000000180025095e-35 26.541666666666668 26.413281250000001 35.150000000000013 31.250000000000004 88.500000000000014 18.500000000000004 -0.30982845708428081 32.45000000000001 32.550000000000004 0.98214465480287083 30.108333333333338 1.09763366194496 47.500000000000007 70.500000000000014 79.500000000000014 1.0000000180025095e-35 32.500000000000007 0.9500541783650579 -0.98521978256641018 32.650000000000013 29.642968750000005
decision_type=2 2 2 2 2 2 2 2 2 2 2 2 2 2 2 2 2 2 2 2 2 2 2 2 2 2 2 2 2 2
left_child=1 16 3 -2 5 -5 8 15 11 10 12 -6 -10 14 -3 -8 -1 -18 19 28 -20 25 26 24 -24 -16 27 -23 -19 -30
right_child=2 13 -4 4 6 -7 7 -9 9 -11 -12 -13 -14 -15 21 -17 17 18 20 -21 -22 22 23 -25 -26 -27 -28 -29 29 -31
leaf_value=0.00028332975149611406 0.0032561533669369898 0.0019917227413100993 -1.7952569954210619e-06 -0.00048986342446334717 0.00322742292467635 -0.00025047221214732944 0.0003904133057747015 0.00013167838014427422 -8.9101467108980875e-05 0.00058025709435029324 -0.00057770065883476778 -0.00092008888114069503 0.0022909467326497125 0.0049376469169508308 0.00042507589188670492 -0.00037548038658368247 -0.0029897269594995417 0.0018765413711454891 0.0015604066588449995 -0.0037285147195515091 -0.00061205065512559434 0.0015221989398101444 -0.0011840661779680193 0.0014240411517167692 0.00098447725599026857 -0.00062471023644546683 0.003005246557634917 -0.0020389339555609179 -0.00075318375022993681 1.7042579742866849e-05
leaf_weight=2016 576 1748 92719 92 1492 196 434 10092 892 1464 96 72 168 644 1288 2002 184 192 1056 85 576 207 540 828 288 1380 1817 92 853 672
leaf_count=2016 576 1748 92719 92 1492 196 434 10092 892 1464 96 72 168 644 1288 2002 184 192 1056 85 576 207 540 828 288 1380 1817 92 853 672
internal_value=0.000157541 0.000700263 8.63595e-05 0.000619026 0.000470588 -0.00628472 0.000587004 0.000166826 0.00184512 0.000706107 -0.00140138 0.0037532 -0.000518868 0.00131454 0.00108574 -0.00162972 -0.000262691 -0.00101161 -0.000518346 -0.00201998 0.00113971 0.000621118 0.00140774 -0.000404589 -0.00278985 -0.000491004 0.00282609 -0.00135451 -0.00134828 -0.00198361
internal_weight=124761 14466 110295 17576 17000 288 16712 12528 4184 2620 1156 1564 1060 8832 8188 2436 5634 3618 3434 1802 1632 6440 3772 1656 828 2668 2116 299 1717 1525
internal_count=124761 14466 110295 17576 17000 288 16712 12528 4184 2620 1156 1564 1060 8832 8188 2436 5634 3618 3434 1802 1632 6440 3772 1656 828 2668 2116 299 1717 1525
is_linear=0
shrinkage=0.05


Tree=148
num_leaves=31
num_cat=0
split_feature=9 7 0 8 7 8 3 3 9 9 0 0 10 11 3 8 0 4 7 9 8 11 1 10 9 3 3 8 11 0
split_gain=1.87609 3.31174 2.35208 2.95514 2.86705 2.75072 2.08465 2.03019 4.55409 4.56774 3.53381 3.6372 3.51642 3.55206 4.21875 3.37199 3.49038 3.61966 3.21799 2.66403 2.69752 2.47343 2.90911 2.3374 5.11596 4.4307 3.41917 6.52349 4.30365 4.38236
threshold=34.857812500000001 34.112500000000004 43.500000000000007 44.000000000000007 40.88750000000001 40.550000000000004 0.58481550752069722 -0.88622299073327826 22.899479166666669 23.303385416666668 23.500000000000004 43.500000000000007 1.0000000180025095e-35 0.83998462250459582 -0.9731273977605811 34.050000000000004 11.500000000000002 0.18281312110578132 20.487500000000004 26.541666666666668 31.250000000000004 0.9078174546384491 5.5000000000000009 1.0000000180025095e-35 30.990625000000001 0.83849049182116964 -0.19337636264337835 37.250000000000007 0.92774199459266771 34.500000000000007
decision_type=2 2 2 2 2 2 2 2 2 2 2 2 2 2 2 2 2 2 2 2 2 2 2 2 2 2 2 2 2 2
left_child=7 6 5 -4 -5 -3 -2 8 -1 18 12 -12 15 14 -14 -11 -17 -18 -10 20 21 -15 -23 26 -25 -26 27 28 29 -9
right_child=1 2 3 4 -6 -7 -8 23 9 10 11 -13 13 19 -16 16 17 -19 -20 -21 -22 22 -24 24 25 -27 -28 -29 -30 -31
leaf_value=0.0030933456985901401 0.0033402642278331073 -0.0018552911146817567 0.00091945152234847432 -0.0022946319805044989 -1.087753320303754e-05 -0.00023516305972895091 -0.00054307172478362668 0.00032556130999275784 -0.00046537025324017915 0.0033885096148110133 -0.00020157376537911071 0.00015251640800765913 -0.00051096438984494271 0.00043374064140849934 0.00081939706003817693 0.0032064215180619506 0.00035312073644733921 -0.0012509987332683656 -0.000237948601539963 0.00067996554529504353 0.0021763993960172271 -0.00020690767441022739 0.00030762006729375394 1.9283698817443634e-05 0.0014665081819884018 -0.00055938893743915329 -5.9091644950717439e-05 -0.0014943562197831045 0.00014581341928455191 -0.00055769204770005846
leaf_weight=576 1043 68 995 66 110 293 113 949 92 1252 3480 9048 120 144 96 156 84 72 196 1440 168 532 120 55546 3072 384 29268 192 13439 1647
leaf_count=576 1043 68 995 66 110 293 113 949 92 1252 3480 9048 120 144 96 156 84 72 196 1440 168 532 120 55546 3072 384 29268 192 13439 1647
internal_value=0.000159144 0.00146577 -5.87465e-05 0.00102904 -0.00494318 -0.00358726 0.00348616 0.000130373 0.00062756 0.000479412 0.000587004 0.000166826 0.00184512 0.000725191 -0.00541667 0.00372123 -0.000929487 -0.00621795 -0.00576389 0.00127704 -0.000757261 -0.00197236 -0.00328221 4.67479e-05 0.000254398 0.00212095 -0.000222552 0.000359586 0.000469286 -0.00139445
internal_weight=124761 2688 1532 1171 176 361 1156 122073 17576 17000 16712 12528 4184 2620 216 1564 312 156 288 2404 964 796 652 104497 59002 3456 45495 16227 16035 2596
internal_count=124761 2688 1532 1171 176 361 1156 122073 17576 17000 16712 12528 4184 2620 216 1564 312 156 288 2404 964 796 652 104497 59002 3456 45495 16227 16035 2596
is_linear=0
shrinkage=0.05


Tree=149
num_leaves=31
num_cat=0
split_feature=3 9 9 0 10 8 0 11 3 7 4 0 0 7 7 9 8 11 1 3 9 7 8 11 8 8 9 8 1 0
split_gain=1.88381 4.53041 3.85322 3.65224 3.3101 3.77975 3.3058 2.85327 3.52083 2.35885 2.29101 3.35621 3.43866 2.57878 2.48567 2.27208 2.55368 2.31874 2.72188 2.37124 1.99569 2.02319 5.17641 2.69681 1.95472 1.9738 2.22528 2.04555 2.43203 2.17414
threshold=-0.88622299073327826 22.899479166666669 23.303385416666668 23.500000000000004 1.0000000180025095e-35 35.150000000000013 44.500000000000007 0.83998462250459582 -0.96902457013955734 20.487500000000004 -0.9497838742125716 11.500000000000002 88.500000000000014 25.362500000000004 26.012500000000006 26.541666666666668 31.250000000000004 0.9078174546384491 5.5000000000000009 -0.9954993026558282 9.9703125000000004 5.0375000000000005 12.650000000000002 1.0802921153976739 33.850000000000001 30.950000000000003 23.598958333333339 30.750000000000004 1.5000000000000002 60.500000000000007
decision_type=2 2 2 2 2 2 2 2 2 2 2 2 2 2 2 2 2 2 2 2 2 2 2 2 2 2 2 2 2 2
left_child=1 -1 9 4 5 -4 -5 8 -6 -3 11 -2 13 -13 -14 16 17 -9 19 -19 21 22 23 -12 25 26 -8 29 -29 -28
right_child=10 2 3 6 7 -7 24 15 -10 -11 20 12 14 -15 -16 -17 -18 18 -20 -21 -22 -23 -24 -25 -26 -27 27 28 -30 -31
leaf_value=0.0029386784136606336 0.0015347538444681673 -0.00044210174057817054 0.002899909393374363 -0.00019041428630575872 -0.00041546388811352383 -0.00081153450042024304 0.00095845857531522442 0.00041205360933807447 0.0014095410385766662 -0.00022605117146296439 -0.00036863934354905523 -0.0007640804261581295 -0.0026669145509837428 8.661357252856486e-05 0.0033326009872731467 0.00064596726803029176 0.0020675794262163664 -0.00070982498252729548 0.00029223906392906584 -0.00015066795987454099 -6.0329327291884198e-06 0.0007256864420397682 0.00050341920997419175 -0.0011005282088372152 -0.00033734511149851958 0.00056054461169333851 0.00046202836561169398 -0.00067897925618300582 0.00036972354051833964 -9.4100891895773081e-05
leaf_weight=576 1810 92 1492 3654 144 72 408 144 72 196 74 187 59 11412 998 1440 168 76 120 456 90991 1323 251 80 765 3978 1040 255 153 2275
leaf_count=576 1810 92 1492 3654 144 72 408 144 72 196 74 187 59 11412 998 1440 168 76 120 456 90991 1323 251 80 765 3978 1040 255 153 2275
internal_value=0.000159144 0.00063894 0.000491177 0.000589995 0.00186903 0.00368926 0.000162835 0.000782443 -0.00472222 -0.00524306 8.04685e-05 0.000665699 0.000377687 0.000128891 0.00310785 0.00127704 -0.00060166 -0.00178392 -0.00305215 -0.00458647 -1.0839e-05 0.00167245 -0.00141975 -0.00863636 0.000684021 0.00091195 0.000146454 -0.000237711 -0.00357843 0.000173454
internal_weight=124761 17576 17000 16712 4184 1564 12528 2620 216 288 107185 14466 12656 11599 1057 2404 964 796 652 532 92719 1728 405 154 8874 8109 4131 3723 408 3315
internal_count=124761 17576 17000 16712 4184 1564 12528 2620 216 288 107185 14466 12656 11599 1057 2404 964 796 652 532 92719 1728 405 154 8874 8109 4131 3723 408 3315
is_linear=0
shrinkage=0.05


Tree=150
num_leaves=31
num_cat=0
split_feature=3 9 9 0 10 8 11 3 7 8 9 4 7 0 0 11 11 3 0 0 4 0 1 8 0 9 11 10 4 11
split_gain=1.96425 4.5127 3.19583 3.63664 2.67219 3.48082 3.44142 3.38012 2.49779 2.91696 5.23826 2.18259 3.07295 3.56414 3.77745 2.14823 3.82462 2.64146 2.55328 2.24756 2.17505 2.12506 2.70899 2.02639 1.95579 1.91252 3.22847 3.13627 2.32736 2.31664
threshold=-0.88622299073327826 22.899479166666669 23.303385416666668 18.500000000000004 1.0000000180025095e-35 35.150000000000013 0.83998462250459582 -0.96902457013955734 22.812500000000004 30.950000000000003 25.518750000000001 -0.9497838742125716 25.437500000000004 13.500000000000002 89.500000000000014 0.78920070979102952 0.83118285699629402 -0.99697703579879204 44.500000000000007 58.500000000000007 -0.30982845708428081 32.500000000000007 3.5000000000000004 31.850000000000005 33.500000000000007 30.591927083333339 1.1178088744719634 1.0000000180025095e-35 -0.95502570686053045 1.0648799177802244
decision_type=2 2 2 2 2 2 2 2 2 2 2 2 2 2 2 2 2 2 2 2 2 2 2 2 2 2 2 2 2 2
left_child=1 -1 21 4 5 -4 7 -6 9 10 -8 12 23 -14 25 -5 19 -18 20 -17 24 -3 -23 -2 -19 26 28 29 -15 -27
right_child=11 2 3 15 6 -7 8 -9 -10 -11 -12 -13 13 14 -16 16 17 18 -20 -21 -22 22 -24 -25 -26 27 -28 -29 -30 -31
leaf_value=0.002791744492977602 -6.2643740319986077e-05 -0.00044677381810148291 0.0032331903068924302 0.0022805439649769685 -0.00045544508198035324 -0.00090131595736723993 -9.7878848006243365e-05 0.003066677328928387 0.0006184120945051854 0.00081052679599458676 -0.00056364235483989276 -1.3115821442216263e-06 0.001680861949620951 -0.00010986515258688763 0.0025273191101251365 -0.00010581613643509806 0.00050228585769703264 0.0011522457285187777 0.00011381244817762693 -0.00070287868366536357 -0.00026039354659221939 -0.00086288285032049016 0.00044823203782667497 -0.00064199012678087209 -0.00039205587167036386 -0.00020176011779390551 -0.0010303846008741474 0.0014457479636457542 0.0018398460238694663 0.00084887052758619841
leaf_weight=576 171 99 1182 308 114 57 309 57 1255 283 57 92719 1995 4428 884 280 1463 465 7344 259 2938 63 126 165 341 3040 456 1900 211 1216
leaf_count=576 171 99 1182 308 114 57 309 57 1255 283 57 92719 1995 4428 884 280 1463 465 7344 259 2938 63 126 165 341 3040 456 1900 211 1216
internal_value=0.000157541 0.000647474 0.0005 0.000589995 0.00207302 0.00391041 0.000975904 -0.00581871 0.00158613 -0.000932203 -0.00387978 7.72032e-05 0.000648417 0.000760793 0.000438814 0.000223168 0.000126051 0.000303163 3.96827e-05 -0.00399814 -0.00102297 -0.00472222 -0.00161376 -0.00407738 0.00127792 0.000191539 -0.000525024 0.000784601 -0.000130416 3.05453e-05
internal_weight=124761 17576 17000 16712 3314 1239 2075 171 1904 649 366 107185 14466 14130 12135 13398 13090 12551 11088 539 3744 288 189 336 806 11251 5095 6156 4639 4256
internal_count=124761 17576 17000 16712 3314 1239 2075 171 1904 649 366 107185 14466 14130 12135 13398 13090 12551 11088 539 3744 288 189 336 806 11251 5095 6156 4639 4256
is_linear=0
shrinkage=0.05


Tree=151
num_leaves=31
num_cat=0
split_feature=3 9 0 10 8 9 8 0 11 11 4 1 8 9 8 10 3 7 7 4 4 3 7 8 9 10 7 9 8 0
split_gain=1.98004 4.5186 3.03648 3.10008 3.43442 2.87942 2.88935 2.25799 2.02735 3.25946 4.14023 6.19922 5.55556 4.30104 4.47412 2.96304 4.18227 8.18076 4.20683 3.20343 3.04959 12.7118 3.23661 2.92593 9.61928 5.1072 4.47073 3.45714 6.30208 5.3768
threshold=-0.88622299073327826 22.899479166666669 18.500000000000004 1.0000000180025095e-35 35.150000000000013 26.541666666666668 30.950000000000003 44.500000000000007 1.0044072743756243 0.99479232557030872 -0.88220415136009767 4.5000000000000009 37.050000000000004 20.422916666666669 26.950000000000003 1.0000000180025095e-35 -0.83847110675477843 25.712500000000006 28.312500000000004 -0.82899557272681157 -0.9260227363677036 -0.34235669412071207 29.212500000000006 24.050000000000004 17.773437500000004 1.0000000180025095e-35 18.512500000000006 11.695833333333335 18.050000000000004 18.500000000000004
decision_type=2 2 2 2 2 2 2 2 2 2 2 2 2 2 2 2 2 2 2 2 2 2 2 2 2 2 2 2 2 2
left_child=1 -1 3 4 -3 6 -5 -4 9 -2 11 12 -11 14 23 19 17 -17 -19 20 21 22 -10 27 26 -26 -25 28 29 -12
right_child=8 2 7 5 -6 -7 -8 -9 15 10 13 -13 -14 -15 -16 16 -18 18 -20 -21 -22 -23 -24 24 25 -27 -28 -29 -30 -31
leaf_value=0.0026521572683287213 2.380881512033901e-06 0.0030715307915478076 -0.00011165742063120857 -0.00015817332634963292 -0.00085625015949887724 0.00060901047082274472 0.0010177875984790877 0.00013452634516956989 -0.0028440804847609047 -0.0011109360495254298 -0.00060714809760838324 -5.9285096949830013e-05 -0.0027815590967995006 0.00020623914269884099 -0.00059082234018965625 -0.00093143622742153376 0.00013578970896591151 0.0010389678856294988 -0.0010887965968599865 -5.6007269651716897e-05 0.0011321145665745239 0.0003837895977755967 -0.0017586016004377328 -0.00064733420444739245 0.00039605479903816036 -0.00042746982352744219 -0.00037430906415449852 2.0214368057950908e-05 -0.00080095543092657839 0.00018241901945027241
leaf_weight=576 44792 1182 4602 783 57 1159 190 9027 56 288 76 384 96 2112 96 153 29372 345 366 17565 2208 4128 232 183 576 768 105 2880 96 308
leaf_count=576 44792 1182 4602 783 57 1159 190 9027 56 288 76 384 96 2112 96 153 29372 345 366 17565 2208 4128 232 183 576 768 105 2880 96 308
internal_value=0.000152732 0.000644629 0.000497059 0.0018407 0.0038297 0.000684803 -0.00132066 0.000164722 7.20718e-05 -0.000148787 -0.00108057 -0.00457031 -0.0090625 -0.000708333 -0.00149568 0.000286174 0.000616153 -0.0028125 -0.000555555 -0.000126297 0.000810689 5.20835e-05 -0.0101042 -0.00129006 -0.00302696 -0.00125 -0.0113194 -0.000446428 -0.004375 -0.00151042
internal_weight=124761 17576 17000 3371 1239 2132 973 13629 107185 52760 7968 768 384 7200 5088 54425 30236 864 711 24189 6624 4416 288 4992 1632 1344 288 3360 480 384
internal_count=124761 17576 17000 3371 1239 2132 973 13629 107185 52760 7968 768 384 7200 5088 54425 30236 864 711 24189 6624 4416 288 4992 1632 1344 288 3360 480 384
is_linear=0
shrinkage=0.05


Tree=152
num_leaves=31
num_cat=0
split_feature=0 7 3 7 4 10 1 9 11 11 10 7 9 0 0 0 4 3 3 3 3 7 3 7 8 9 4 0 11 11
split_gain=1.8702 4.81143 4.14237 3.50389 3.22445 4.34707 4.18158 2.64627 3.3254 4.72133 2.4329 6.16335 5.45348 5.20953 4.55534 4.30903 6.52935 4.58294 3.59862 3.40278 3.25962 7.097 3.16152 3.03593 4.66706 4.3274 4.07892 4.53092 3.07106 2.75032
threshold=13.500000000000002 28.112500000000004 -0.65234524191686594 26.012500000000006 -0.5129677127369543 1.0000000180025095e-35 2.5000000000000004 25.809114583333336 1.0131522458708193 1.0259232196813726 1.0000000180025095e-35 30.187500000000004 12.569791666666669 55.500000000000007 25.500000000000004 86.500000000000014 0.45847758937963173 0.93544191479114935 0.97508442350096236 0.97112537654464559 0.534952257794027 16.412500000000005 0.99761913169647187 28.312500000000004 34.050000000000004 27.869010416666672 0.11478523713130605 19.500000000000004 0.99060004174370953 0.99592950626165633
decision_type=2 2 2 2 2 2 2 2 2 2 2 2 2 2 2 2 2 2 2 2 2 2 2 2 2 2 2 2 2 2
left_child=1 2 3 4 5 -1 -7 8 -6 -10 15 12 14 22 -12 23 17 -17 -14 -15 -16 -22 -13 24 25 28 -26 -28 -2 -30
right_child=10 -3 -4 -5 7 6 -8 -9 9 -11 11 13 18 19 20 16 -18 -19 -20 -21 21 -23 -24 -25 26 -27 27 -29 29 -31
leaf_value=0.0053212378857299099 9.4417153328441267e-05 0.0022077443884778287 -1.1152585119199663e-05 0.0019983635443402742 8.4791914347467581e-05 -0.0025184500164139503 -0.00025931573412297978 0.0011707435130258728 -0.00037864012135126396 4.675093551650088e-06 -0.00011481880140288455 0.00015067993577550128 -4.6183587015681115e-05 0.0013308170147245547 0.0012497604714426056 0.0021571617296753413 -6.9412397516244279e-05 -0.00018630299350124612 0.0001990526733332949 -0.00026955755197031859 0.00053930746810570832 -0.0017648933636153748 -0.0007786722073554258 -0.00018262377550649434 -0.00032385982631444305 0.0010640080310605803 -0.0016422532611323579 -0.00048639783982983541 -0.00027098281390566798 -2.8996954877863078e-05
leaf_weight=70 8503 1931 11535 1438 1475 59 86 1179 154 294 696 6346 39541 5561 3640 2707 2010 378 3018 677 291 129 164 17500 1663 1719 54 229 1139 10575
leaf_count=70 8503 1931 11535 1438 1475 59 86 1179 154 294 696 6346 39541 5561 3640 2707 2010 378 3018 677 291 129 164 17500 1663 1719 54 229 1139 10575
internal_value=0.000152331 0.000620438 0.0003407 0.00158254 0.000688876 -0.00523256 -0.0101724 0.00109929 -4.42016e-05 -0.00381696 7.22735e-05 0.000282454 1.955e-05 0.00125824 0.00162532 -0.000199346 0.00117272 0.0026175 -0.000159895 0.0022908 0.00226601 -0.00190476 0.000268817 -0.000368276 -1.67472e-06 0.00020651 -0.00234841 -0.00789753 1.7314e-06 -0.000523305
internal_weight=124761 18221 16290 4755 3317 215 145 3102 1923 448 106540 60063 47315 12748 4756 46477 5095 3085 42559 6238 4060 420 6510 41382 23882 21936 1946 283 20217 11714
internal_count=124761 18221 16290 4755 3317 215 145 3102 1923 448 106540 60063 47315 12748 4756 46477 5095 3085 42559 6238 4060 420 6510 41382 23882 21936 1946 283 20217 11714
is_linear=0
shrinkage=0.05


Tree=153
num_leaves=31
num_cat=0
split_feature=3 9 0 10 8 0 4 9 9 0 9 8 11 11 7 9 0 1 8 11 10 3 4 4 3 9 7 3 0 1
split_gain=1.93737 4.53633 2.89107 3.74103 3.609 3.49038 4.10501 3.1894 3.55076 3.18392 4.20072 2.48309 2.18805 8.15726 1.8934 2.18823 1.85867 2.37823 3.11462 1.79991 2.47667 3.18258 2.72052 2.72494 10.6058 2.69914 2.7846 4.90711 5.10742 4.3489
threshold=-0.88622299073327826 22.899479166666669 23.500000000000004 1.0000000180025095e-35 34.050000000000004 11.500000000000002 0.16587474750015932 26.541666666666668 26.413281250000001 37.500000000000007 23.425520833333341 31.250000000000004 0.9987604681581238 0.99142420047150093 23.837500000000006 25.676822916666669 12.500000000000002 3.5000000000000004 29.050000000000004 1.0044072743756243 1.0000000180025095e-35 -0.76141707087277943 -0.82899557272681157 -0.9260227363677036 -0.34235669412071207 31.397395833333338 17.487500000000004 -0.03977009085991149 35.500000000000007 2.5000000000000004
decision_type=2 2 2 2 2 2 2 2 2 2 2 2 2 2 2 2 2 2 2 2 2 2 2 2 2 2 2 2 2 2
left_child=1 -1 3 4 -3 -6 -7 8 11 10 -4 14 13 -9 15 16 17 -5 -19 -2 22 -22 23 24 -21 26 27 28 29 -23
right_child=19 2 9 7 5 6 -8 12 -10 -11 -12 -13 -14 -15 -16 -17 -18 18 -20 20 21 25 -24 -25 -26 -27 -28 -29 -30 -31
leaf_value=0.0025218585842630699 -1.6603174855705646e-05 0.0028748130498747262 -0.0013017168538455139 -2.7345928148573474e-05 0.0028793398560455347 0.00094303313022993873 -0.0013853782562438881 0.00035215994021336279 -0.00050053723315810156 0.00010199936398911947 -0.00017872366199585699 0.0019141991640191664 0.0014468031016864813 -0.0016202820101700361 0.0010020080988826291 -0.00049978124930091458 7.5090997504222926e-05 -0.00051603241372849518 -0.00017122344604004048 -0.0019164668716527182 -0.00021631858205029033 0.00025528051710310543 -5.0904901169442033e-05 0.0010772373442453646 0.00035698831681281766 0.001321871687502321 4.7827353205795132e-05 0.00042891185133307763 0.00041695673920451163 -0.00025558598171302382
leaf_weight=576 52760 1252 70 214 156 72 84 672 96 10266 2408 168 720 72 158 77 345 53 117 288 1728 490 17565 2208 4128 1824 19060 4452 1558 1124
leaf_count=576 52760 1252 70 214 156 72 84 672 96 10266 2408 168 720 72 158 77 345 53 117 288 1728 490 17565 2208 4128 1824 19060 4452 1558 1124
internal_value=0.000149526 0.000636095 0.000488235 0.00161654 0.00356138 -0.00125 -0.00653846 0.000486627 -0.00139251 0.000111425 -0.00149717 -0.00060954 0.00206284 0.000161291 -0.00158714 -0.00256824 -0.00172154 -0.00411458 -0.00852941 6.97394e-05 0.000271475 0.000573158 -0.000105626 0.00075785 4.07611e-05 0.000699453 0.000572253 0.00137985 -0.000122951 -0.00209418
internal_weight=124761 17576 17000 4256 1564 312 156 2692 1228 12744 2478 1132 1464 744 964 806 729 384 170 107185 54425 30236 24189 6624 4416 28508 26684 7624 3172 1614
internal_count=124761 17576 17000 4256 1564 312 156 2692 1228 12744 2478 1132 1464 744 964 806 729 384 170 107185 54425 30236 24189 6624 4416 28508 26684 7624 3172 1614
is_linear=0
shrinkage=0.05


Tree=154
num_leaves=31
num_cat=0
split_feature=3 9 0 10 8 0 4 0 9 9 9 1 8 8 11 7 4 11 4 8 9 3 3 11 4 7 0 0 0 0
split_gain=1.86656 4.38087 2.80032 3.74011 4.19212 3.41333 4 3.35584 3.74697 2.87063 3.28894 2.6 2.56 2.28283 2.25849 2.73371 1.92069 1.82989 1.84307 3.61 1.81246 2.38277 5.46133 1.73788 1.67306 2.88503 3.57241 4.24532 4.37937 4.81638
threshold=-0.88622299073327826 22.899479166666669 24.500000000000004 1.0000000180025095e-35 34.050000000000004 11.500000000000002 0.11478523713130605 37.500000000000007 23.425520833333341 26.541666666666668 26.413281250000001 2.5000000000000004 29.450000000000003 31.250000000000004 1.0167864286959365 26.912500000000005 -0.056951011027366626 0.87438713147174518 0.18281312110578132 33.050000000000004 25.138020833333339 -0.92274349529687905 -0.90893996196865023 1.0492608630788383 -0.9497838742125716 25.912500000000005 89.500000000000014 26.500000000000004 45.500000000000007 69.500000000000014
decision_type=2 2 2 2 2 2 2 2 2 2 2 2 2 2 2 2 2 2 2 2 2 2 2 2 2 2 2 2 2 2
left_child=1 -1 3 4 -3 -6 -7 8 -4 10 13 -8 -12 16 15 17 -5 -11 -19 -20 21 -18 -23 -22 25 -2 27 -27 -29 -30
right_child=24 2 7 9 5 6 11 -9 -10 14 12 -13 -14 -15 -16 -17 20 18 19 -21 23 22 -24 -25 -26 26 -28 28 29 -31
leaf_value=0.0023957656550499164 -0.00047644707492811787 0.0027111708847803602 -0.0015020581766180333 0.001173946046181863 0.0027353728632432575 0.0033716936327720347 -0.0014992419701622373 9.6899395789662663e-05 -0.00023179423424851808 -0.00053631372508239307 -1.0054834241272063e-05 -0.00042807745650360533 -0.00073884610262429679 0.001691377554382264 0.0016110580520128891 -0.001159802379535817 8.4608304186277147e-05 0.00061122322242518996 0.0021148360487674295 -0.00130787022114008 -0.00024104007872628524 -0.00050790916095303114 7.467566451937182e-05 7.7073453295995816e-08 -9.990853237399897e-07 0.0012149529115300611 0.003197841443753928 -0.00051904603159835935 0.00090658275713323226 -0.00024089922587255494
leaf_weight=576 659 1304 65 175 156 52 52 10266 2236 50 50 65 50 175 575 89 325 711 50 50 254 50 75 125 92719 3540 862 2836 3619 2950
leaf_count=576 659 1304 65 175 156 52 52 10266 2236 50 50 65 50 175 575 89 325 711 50 50 254 50 75 125 92719 3540 862 2836 3619 2950
internal_value=0.000147121 0.000624716 0.000479412 0.00155989 0.00346532 -0.00161538 -0.00653846 9.82734e-05 -0.00162755 0.000452925 -0.00129398 -0.0116667 -0.01 -0.000555555 0.00191803 0.000421053 -0.0014741 0.00128339 0.00185573 -0.0045 -0.00247889 -0.000333333 -0.0062 -0.00502638 6.88065e-05 0.00056892 0.000723184 0.000515643 -3.98722e-05 0.000669052
internal_weight=124761 17576 17000 4433 1629 325 169 12567 2301 2804 1279 117 100 1179 1525 950 1004 861 811 100 829 450 125 379 107185 14466 13807 12945 9405 6569
internal_count=124761 17576 17000 4433 1629 325 169 12567 2301 2804 1279 117 100 1179 1525 950 1004 861 811 100 829 450 125 379 107185 14466 13807 12945 9405 6569
is_linear=0
shrinkage=0.05


Tree=155
num_leaves=31
num_cat=0
split_feature=3 9 0 10 8 0 9 4 0 9 8 11 9 9 1 9 8 7 3 4 8 11 11 8 0 1 10 3 7 7
split_gain=1.97618 4.35186 2.96017 4.05119 3.41862 3.04104 2.88415 2.78571 3.74427 2.37971 2.51254 1.9806 2.12709 4.28824 3.24 1.84695 2.25 1.84443 1.67086 1.66158 1.728 1.65613 2.46157 11.2567 4.35932 3.18878 2.20405 2.98082 5.16878 3.90464
threshold=-0.88622299073327826 22.899479166666669 24.500000000000004 1.0000000180025095e-35 34.050000000000004 37.500000000000007 23.425520833333341 0.18281312110578132 11.500000000000002 26.541666666666668 31.250000000000004 0.87438713147174518 28.521875000000005 28.709114583333335 5.5000000000000009 26.413281250000001 29.450000000000003 23.837500000000006 -0.94975917145599731 0.18281312110578132 33.050000000000004 1.0044072743756243 1.0036114727335816 37.050000000000004 20.500000000000004 5.5000000000000009 1.0000000180025095e-35 -0.83847110675477843 25.712500000000006 28.312500000000004
decision_type=2 2 2 2 2 2 2 2 2 2 2 2 2 2 2 2 2 2 2 2 2 2 2 2 2 2 2 2 2 2
left_child=1 -1 3 4 -3 6 -4 -6 -9 10 15 -11 19 14 -14 17 -17 -5 -8 -13 -21 22 -2 24 25 -24 -23 28 -28 -30
right_child=21 2 5 9 7 -7 18 8 -10 11 -12 12 13 -15 -16 16 -18 -19 -20 20 -22 26 23 -25 -26 -27 27 -29 29 -31
leaf_value=0.0022759773722974205 -1.0669975033324059e-05 0.0025756123405413413 -0.0014269552677871318 -0.00011872080638593885 0.0021660420157814516 9.2054426000179532e-05 -0.00035589269727951978 0.00040555044278881735 -0.0012974217254650843 -0.00050949803882827343 0.0016068086766631512 0.0013319599898228755 -0.0019609224600250085 0.00045868595072624802 -8.8829502058157431e-05 -9.5520925292086258e-06 -0.00070190379749308115 0.00086302731500866286 0.00016403065411714902 0.0020090942463290573 -0.00077537966632679504 -1.1468670510748533e-05 6.9395490727580772e-05 -0.0026719917501793426 0.00032974695766387985 -0.00078869846983610188 -0.00083934012191491973 0.00011992618035192654 0.0009566775154012067 -0.0010211817042974996
leaf_weight=576 51992 1304 65 840 175 10266 1625 72 78 50 175 975 50 275 50 50 50 164 611 50 75 24189 63 96 525 84 153 29372 345 366
leaf_count=576 51992 1304 65 840 175 10266 1625 72 78 50 175 975 50 275 50 50 50 164 611 50 75 24189 63 96 525 84 153 29372 345 366
internal_value=0.000147522 0.00063894 0.000494118 0.00160501 0.00358809 0.000102252 -0.00154063 -0.001 -0.006 0.000452925 -0.00113761 0.00178689 0.00211864 -0.00113333 -0.01 -0.00201993 -0.0085 -0.0013745 -0.00123882 0.00322727 -0.0022 6.69405e-05 -0.000132676 -0.00294271 -0.000654762 -0.00826531 0.00026045 0.000545046 -0.00234954 -0.000555555
internal_weight=124761 17576 17000 4433 1629 12567 2301 325 150 2804 1279 1525 1475 375 100 1104 100 1004 2236 1100 125 107185 52760 768 672 147 54425 30236 864 711
internal_count=124761 17576 17000 4433 1629 12567 2301 325 150 2804 1279 1525 1475 375 100 1104 100 1004 2236 1100 125 107185 52760 768 672 147 54425 30236 864 711
is_linear=0
shrinkage=0.05


Tree=156
num_leaves=31
num_cat=0
split_feature=0 4 3 3 9 8 0 9 9 1 3 9 9 4 7 4 8 0 9 11 0 11 0 0 5 9 11 0 3 7
split_gain=1.89865 1.71581 1.7046 3.00918 2.846 4.28936 7.11398 2.54317 2.68174 2.42349 1.97146 2.30011 1.91621 2.01293 3.5805 2.92121 2.90057 2.70903 2.65633 2.45002 2.56294 2.79978 6.15722 1.85528 1.80262 2.64554 4.48835 2.30855 2.04831 2.92058
threshold=1.5000000000000002 0.56901594657981336 0.82899317702918729 0.85673801594079257 29.732812500000005 31.350000000000005 22.500000000000004 17.257031250000004 17.19947916666667 2.5000000000000004 0.87397152483179585 31.31276041666667 17.773437500000004 -0.31800055644052067 28.812500000000004 -0.13398942717002907 36.550000000000004 54.500000000000007 26.058333333333337 1.0076457126242271 80.500000000000014 1.0090343315455217 45.500000000000007 26.500000000000004 1.0000000180025095e-35 27.969531250000006 1.0678921040427489 22.500000000000004 -0.89406062840022227 28.312500000000004
decision_type=2 2 2 2 2 2 2 2 2 2 2 2 2 2 2 2 2 2 2 2 2 2 2 2 2 2 2 2 2 2
left_child=1 -1 24 4 5 -4 -7 8 23 10 -9 12 -12 14 18 -15 19 -18 -14 -17 21 22 -21 -5 -2 26 28 -28 -26 -30
right_child=2 -3 3 7 -6 6 -8 9 -10 -11 11 -13 13 15 -16 16 17 -19 -20 20 -22 -23 -24 -25 25 -27 27 -29 29 -31
leaf_value=0.00048572069244909218 2.1918062781868492e-05 -2.8992855646831897e-05 -0.00010536612252703278 0.00060201736744614799 0.00017340829220561282 -0.00097421132850171802 -0.00052266683839519612 0.00060893540382328764 -0.0008872427244166212 6.2728676143250045e-05 -0.00057708968028987709 -0.00090755519840567979 0.00040875744625700909 0.00045446993657719746 0.00013285879058243816 5.8293835552577254e-05 -0.00067434200142330166 0.00013632926055300173 -0.00072405883676225982 -0.001049645145245518 0.00024780745840723536 -0.0002120298025895401 0.00056596767227401923 -0.00035679179385766512 0.00063093345579169754 0.00083567898211078676 0.00026815241410191662 -0.00069928980671021487 9.3301691345826473e-05 -0.00069367201112538761
leaf_weight=1776 97155 834 846 75 658 105 365 282 94 9582 94 282 129 752 573 2726 106 82 614 88 285 1343 70 207 658 2068 63 219 2428 202
leaf_count=1776 97155 834 846 75 658 105 365 282 94 9582 94 282 129 752 573 2726 106 82 614 88 285 1343 70 207 658 2068 63 219 2428 202
internal_value=0.000140709 0.0014751 0.000112197 -0.000318214 -0.00216819 -0.00351064 -0.00734043 -0.000108145 -0.00417553 -1.82265e-05 -0.000696202 -0.000858063 -0.000676187 -0.000577718 -0.00233283 -0.000154072 -0.000617021 -0.00670213 -0.00462315 -0.000363475 -0.00180291 -0.00262825 -0.00892405 -0.00173759 0.000193253 0.00106243 0.000238095 -0.0058156 0.000757299 0.00013308
internal_weight=124761 2610 122151 19358 1974 1316 470 17384 376 17008 7426 7144 6862 6768 1316 5452 4700 188 743 4512 1786 1501 158 282 102793 5638 3570 282 3288 2630
internal_count=124761 2610 122151 19358 1974 1316 470 17384 376 17008 7426 7144 6862 6768 1316 5452 4700 188 743 4512 1786 1501 158 282 102793 5638 3570 282 3288 2630
is_linear=0
shrinkage=0.05


Tree=157
num_leaves=31
num_cat=0
split_feature=3 9 0 10 8 0 4 0 4 0 11 3 8 8 4 4 9 10 0 0 0 11 4 9 11 8 8 4 7 0
split_gain=1.85564 4.23383 2.4712 3.53574 4.1065 3.28205 3.16483 2.26167 2.22996 2.35437 2.34149 3.16898 1.63789 2.11183 1.88663 1.61902 2.82419 3.38139 2.91852 8.06014 2.94545 2.40364 2.47384 2.25667 4.06045 2.59502 3.06747 2.17014 2.04848 2.57989
threshold=-0.88622299073327826 22.899479166666669 23.500000000000004 1.0000000180025095e-35 34.050000000000004 11.500000000000002 0.16587474750015932 44.500000000000007 0.38043945030393422 12.500000000000002 0.83998462250459582 -0.96902457013955734 33.850000000000001 30.950000000000003 0.21652257995689161 -0.9497838742125716 30.738020833333337 1.0000000180025095e-35 81.500000000000014 72.500000000000014 78.500000000000014 1.1178088744719634 -0.95502570686053045 28.553385416666671 1.0764862315683601 32.45000000000001 32.550000000000004 -0.99052477729077237 27.287500000000005 68.500000000000014
decision_type=2 2 2 2 2 2 2 2 2 2 2 2 2 2 2 2 2 2 2 2 2 2 2 2 2 2 2 2 2 2
left_child=1 -1 3 4 -3 -6 -7 -4 10 -10 11 -5 13 -9 -14 16 21 18 19 -18 -21 22 23 24 -2 -25 -27 -23 -29 -30
right_child=15 2 7 8 5 6 -8 12 9 -11 -12 -13 14 -15 -16 -17 17 -19 -20 20 -22 27 -24 25 -26 26 -28 28 29 -31
leaf_value=0.0021610826005434569 -0.00026564689735204225 0.0024610508326718588 -0.00014118724509918926 -0.00034445883538951902 0.0025772307948025599 0.0008614455682983878 -0.0011773720617894194 -1.6518110745991555e-06 -0.00046109049096342551 5.8537435535277357e-05 0.00012877641417322281 0.0011993332412265181 -2.4737091898503551e-05 0.00050516304806598976 -0.0004938734570738996 -1.896795860985317e-06 0.00040949360605832433 0.0020848513240001691 0.0030009358605291945 -0.0013624772716888133 -0.00047713278123736095 0.00049590277298986341 0.0013861441361186595 0.0019033842154537993 -0.0034897498079890705 -0.0022207155686827166 0.00010387965348115063 -0.0013819453929365866 -0.00027557243444080567 -0.0018648086299254381
leaf_weight=576 1533 1252 3717 144 156 72 84 4284 65 55 2356 72 561 3978 204 92719 4015 1920 770 330 165 192 288 576 96 88 4109 54 222 108
leaf_count=576 1533 1252 3717 144 156 72 84 4284 65 55 2356 72 561 3978 204 92719 4015 1920 770 330 165 192 288 576 96 88 4109 54 222 108
internal_value=0.000134297 0.000610492 0.000467647 0.00151081 0.00340153 -0.00173077 -0.00685897 0.000119272 0.000412333 -0.00625 0.000723173 -0.00425926 0.000546693 0.000751634 -0.00166667 5.62114e-05 0.000548182 0.00125 0.000596591 0.000110865 -0.00590909 -0.000147261 0.000119582 -8.43485e-05 -0.00169122 0.000464069 3.2166e-05 -0.00324653 -0.00541667 -0.00393939
internal_weight=124761 17576 17000 4256 1564 312 156 12744 2692 120 2572 216 9027 8262 765 107185 14466 7200 5280 4510 495 7266 6690 6402 1629 4773 4197 576 384 330
internal_count=124761 17576 17000 4256 1564 312 156 12744 2692 120 2572 216 9027 8262 765 107185 14466 7200 5280 4510 495 7266 6690 6402 1629 4773 4197 576 384 330
is_linear=0
shrinkage=0.05


Tree=158
num_leaves=31
num_cat=0
split_feature=0 7 3 10 0 0 0 9 8 7 0 8 7 0 4 8 7 1 7 9 4 11 3 3 3 11 9 11 10 9
split_gain=1.79761 3.15526 2.3273 1.85554 1.81889 1.90079 3.77382 11.8865 3.37833 3.48233 4.22908 5.05171 3.13103 2.75234 3.75703 4.53704 2.93544 2.67621 2.63936 3.48377 4.40788 3.33827 2.81761 2.38695 2.22222 2.04231 2.02731 2.22521 7.02854 4.38703
threshold=6.5000000000000009 28.112500000000004 -0.80924678377697201 1.0000000180025095e-35 77.500000000000014 62.500000000000007 56.500000000000007 24.955468750000001 30.450000000000003 12.712500000000004 26.500000000000004 12.650000000000002 11.787500000000003 24.500000000000004 0.38043945030393422 31.350000000000005 19.112500000000004 3.5000000000000004 26.287500000000005 27.246614583333336 0.18281312110578132 0.99479232557030872 -0.80924678377697201 -0.074117382312902977 0.81925054981890411 1.0923437463937298 29.150520833333335 0.97407968238158804 1.0000000180025095e-35 30.258854166666669
decision_type=2 2 2 2 2 2 2 2 2 2 2 2 2 2 2 2 2 2 2 2 2 2 2 2 2 2 2 2 2 2
left_child=1 2 3 -1 5 6 8 -8 9 10 11 -2 -7 14 18 24 -17 25 19 -10 22 -22 -21 -12 -16 -15 -20 28 -28 -30
right_child=4 -3 -4 -5 -6 12 7 -9 13 -11 23 -13 -14 17 15 16 -18 -19 26 20 21 -23 -24 -25 -26 -27 27 -29 29 -31
leaf_value=0.0021836718607104364 -0.00072262667830304663 0.0024641642356302688 2.7662919637205928e-06 6.2302832363561432e-05 6.7798939211269227e-05 0.0012102677577182706 -0.0001646833227078411 0.0011428099681534971 0.00014569137161508011 9.5175842313974628e-05 -0.00027029192580298698 -7.0859965340327064e-05 -8.556596146516257e-05 -0.00033286267293882105 -0.00048862325039822525 -0.0010550044389289401 -0.00066434995385850992 -1.3239063424470621e-05 0.0016763318955941885 0.00050911637725241116 -0.00040661256221170096 -0.0012569673460980078 -0.00020480160313568146 0.00082292790995563698 0.0006365161204764172 0.00012240732401271813 0.0011592694474277538 0.00055659208665748128 -0.0020128654111548419 0.0012113356947317912
leaf_weight=584 80 1132 6362 1044 23365 390 3402 4398 2104 21903 667 5610 19095 10720 90 57 51 9664 1192 673 90 72 3682 1840 90 1952 723 3385 259 85
leaf_count=584 80 1132 6362 1044 23365 390 3402 4398 2104 21903 667 5610 19095 10720 90 57 51 9664 1192 673 90 72 3682 1840 90 1952 723 3385 259 85
internal_value=0.000131091 0.000806841 0.000456821 0.00214373 7.77854e-05 -2.19995e-05 9.5413e-05 0.00113462 -2.93125e-05 0.000358804 -0.000520312 -0.00127416 -0.000460611 -0.000364155 0.000228232 -0.00541667 -0.0135185 -0.000697081 0.000360783 -0.000316417 -0.00109918 -0.00919753 -0.000797933 0.00119067 -0.000555555 -0.00117503 0.00115521 0.00066487 -0.00132615 -0.0072093
internal_weight=124761 9122 7990 1628 115639 92274 72789 7800 64989 30100 8197 5690 19485 34889 12553 288 108 22336 12265 6621 4517 162 4355 2507 180 12672 5644 4452 1067 344
internal_count=124761 9122 7990 1628 115639 92274 72789 7800 64989 30100 8197 5690 19485 34889 12553 288 108 22336 12265 6621 4517 162 4355 2507 180 12672 5644 4452 1067 344
is_linear=0
shrinkage=0.05


Tree=159
num_leaves=31
num_cat=0
split_feature=0 7 3 10 0 7 0 3 8 0 0 9 8 7 0 8 0 4 9 7 7 7 8 10 11 3 4 9 3 3
split_gain=1.72444 3.16928 2.26032 1.90639 1.54473 1.89044 3.05317 2.68534 1.6705 1.65896 3.52067 10.5411 3.4782 3.34322 3.5464 5.13747 3.29799 3.93986 4.67222 13.5515 2.88963 2.44832 3.76591 3.07939 3.32857 3.81125 2.99589 2.94598 4.48359 7.18134
threshold=6.5000000000000009 28.112500000000004 -0.80924678377697201 1.0000000180025095e-35 77.500000000000014 28.537500000000005 89.500000000000014 -0.048361574224334618 16.050000000000004 62.500000000000007 54.500000000000007 24.955468750000001 30.250000000000004 12.712500000000004 26.500000000000004 12.650000000000002 24.500000000000004 0.38043945030393422 23.888541666666672 19.112500000000004 11.787500000000003 26.412500000000005 34.550000000000004 1.0000000180025095e-35 0.87438713147174518 -0.52032787705993211 0.18281312110578132 28.401041666666671 -0.26037633224328088 -0.42957681104363482
decision_type=2 2 2 2 2 2 2 2 2 2 2 2 2 2 2 2 2 2 2 2 2 2 2 2 2 2 2 2 2 2
left_child=1 2 3 -1 9 8 7 -7 -6 10 12 -12 13 14 15 -2 17 21 -19 -20 -11 22 23 -14 25 -25 -24 -26 29 -29
right_child=4 -3 -4 -5 5 6 -8 -9 -10 20 11 -13 16 -15 -16 -17 -18 18 19 -21 -22 -23 26 24 27 -27 -28 28 -30 -31
leaf_value=0.0020744882676749141 -0.00068649534438789414 0.0023409560238487575 2.6279773655346748e-06 5.9187690745382375e-05 0.0012066642285186416 0.0016000416201958679 0.0032622844815367504 -0.00016605592985260474 2.4025046286102875e-05 0.0011497543698323575 -0.00013655661368511349 0.00081591213380782172 0.00051629560288290089 9.8931181105039648e-05 0.00041990151964398217 -6.7316967073311273e-05 -0.00016927445250563682 0.00050465603564760458 -0.0011272004903806413 -6.6856541325532886e-05 -8.128766339190476e-05 0.00054739585693678314 -0.00021520046526452257 -0.0014018196863857094 0.00013480501291407299 -0.00022257104804225132 -0.00073244319404454231 -0.00046100613578896961 0.00036879810321350891 -0.0015919803439455708
leaf_weight=584 80 1132 6362 1044 342 1438 1122 2230 18233 390 4536 5864 1264 20135 2495 5610 21300 144 53 127 19095 5252 2220 84 2511 276 54 395 329 60
leaf_count=584 80 1132 6362 1044 342 1438 1122 2230 18233 390 4536 5864 1264 20135 2495 5610 21300 144 53 127 19095 5252 2220 84 2511 276 54 395 329 60
internal_value=0.000139507 0.00080136 0.000450563 0.00211302 8.72977e-05 0.00045046 0.00133612 0.00063795 0.000222073 -4.65985e-06 0.00010503 0.000956731 -3.69454e-05 0.000372528 -0.000479536 -0.00116872 -0.000377322 0.000258047 -0.00518518 -0.0105556 -0.000414421 0.000399759 -0.000199499 0.00057837 -0.000157319 -0.00472222 -0.00188215 0.000341427 -0.00233418 -0.00554945
internal_weight=124761 9122 7990 1628 115639 23365 4790 3668 18575 92274 72789 10400 62389 28320 8185 5690 34069 12769 324 180 19485 12445 7193 4919 3655 360 2274 3295 784 455
internal_count=124761 9122 7990 1628 115639 23365 4790 3668 18575 92274 72789 10400 62389 28320 8185 5690 34069 12769 324 180 19485 12445 7193 4919 3655 360 2274 3295 784 455
is_linear=0
shrinkage=0.05


Tree=160
num_leaves=31
num_cat=0
split_feature=0 7 3 10 9 4 9 10 1 4 9 0 7 11 0 3 4 7 8 1 8 0 0 9 3 4 7 9 7 8
split_gain=1.64527 3.08484 2.19431 1.81598 1.47198 2.31176 2.94507 6.55503 4.55441 6.51873 3.10569 4.37557 2.61095 2.52894 3.55567 2.90948 2.22311 4.71752 6.43508 4.45886 4.04338 2.79699 2.56836 5.58543 2.97039 2.51959 2.38105 2.05175 1.93441 3.79616
threshold=6.5000000000000009 28.112500000000004 -0.80924678377697201 1.0000000180025095e-35 9.9703125000000004 0.98005052076767474 13.511197916666669 1.0000000180025095e-35 1.0000000180025095e-35 0.9989598388634241 12.569791666666669 35.500000000000007 18.962500000000006 1.0115081465964717 17.500000000000004 -0.159513159777915 0.91511078773075516 8.7875000000000032 17.250000000000004 2.5000000000000004 20.200000000000006 25.500000000000004 87.500000000000014 25.809114583333336 0.70290292807158605 0.91159213926341531 18.362500000000004 15.296614583333335 5.0375000000000005 12.650000000000002
decision_type=2 2 2 2 2 2 2 2 2 2 2 2 2 2 2 2 2 2 2 2 2 2 2 2 2 2 2 2 2 2
left_child=1 2 3 -1 28 16 7 8 9 -7 11 13 -10 14 -9 -15 22 18 19 -18 26 -21 25 -24 -25 -6 -19 -22 29 -2
right_child=4 -3 -4 -5 5 6 -8 10 12 -11 -12 -13 -14 15 -16 -17 17 20 -20 21 27 -23 23 24 -26 -27 -28 -29 -30 -31
leaf_value=0.0019707638542911681 -0.00073598062259433732 0.0022239082226563193 2.4965784972576363e-06 5.6228306208114086e-05 4.6396682416079752e-07 -0.00083201759956805655 2.819130030908967e-05 -0.00050088605171063304 -0.00021219726177347973 0.00014533112054878497 -0.0003428183711363622 0.0017701526108613093 -0.00063538546332534101 -0.00080006991427225603 -0.00016652173385058031 0.00067672799766454626 -0.00013545478630285987 0.00037771452244265188 -4.9330173358594182e-06 -0.00065308129802989538 -0.00018465417134755596 -0.0017646207985018128 -5.2616820372826155e-05 0.0014436036069458722 -8.9875384036237912e-05 -0.00036906500114198106 -0.00011798838393162653 0.00019178151979733199 0.0008413400874522684 0.00044061337085216041
leaf_weight=584 130 1132 6362 1044 90504 178 3115 66 1440 89 801 840 73 58 108 174 85 3923 722 74 907 60 3546 4343 1080 324 459 1068 1250 222
leaf_count=584 130 1132 6362 1044 90504 178 3115 66 1440 89 801 840 73 58 108 174 85 3923 722 74 907 60 3546 4343 1080 324 459 1068 1250 222
internal_value=0.000143915 0.000790397 0.000444306 0.00208231 9.29187e-05 7.17751e-05 -0.000812446 -0.00174157 -0.00396067 -0.00998127 0.00018808 0.0017496 -0.00289822 -0.00251232 -0.00706897 0.000905173 0.000129091 0.000971499 -0.00233262 -0.00984018 0.00146059 -0.0155224 6.74872e-05 0.00087468 0.00188364 -1.22207e-05 0.00230717 -0.000417721 0.001598 -0.00167614
internal_weight=124761 9122 7990 1628 115639 114037 6942 3827 1780 267 2047 1246 1513 406 174 232 107095 7298 941 219 6357 134 99797 8969 5423 90828 4382 1975 1602 352
internal_count=124761 9122 7990 1628 115639 114037 6942 3827 1780 267 2047 1246 1513 406 174 232 107095 7298 941 219 6357 134 99797 8969 5423 90828 4382 1975 1602 352
is_linear=0
shrinkage=0.05


Tree=161
num_leaves=31
num_cat=0
split_feature=0 7 3 10 9 7 0 11 0 3 9 0 4 8 0 4 0 9 8 3 7 7 3 3 8 8 8 3 3 0
split_gain=1.50204 2.59767 1.64737 1.67137 1.362 1.35561 1.31456 2.46474 1.95835 2.70938 4.82072 2.36449 9.7961 2.62078 2.86835 4.64917 2.75088 4.41501 2.60329 2.60001 2.50657 2.42633 2.39455 2.5349 2.73636 2.38814 3.8003 2.37655 2.37112 2.28751
threshold=5.5000000000000009 28.187500000000004 -0.80924678377697201 1.0000000180025095e-35 26.651562500000001 39.662500000000016 75.500000000000014 1.1338093104982068 62.500000000000007 0.534952257794027 12.998697916666668 56.500000000000007 -0.10837475778693638 30.450000000000003 23.500000000000004 0.5403928698825039 33.500000000000007 18.502083333333335 12.650000000000002 0.77244481603295057 26.287500000000005 16.412500000000005 0.71503381463111937 0.61915405168109316 25.650000000000002 25.850000000000005 25.350000000000005 -0.98664820696349753 -0.9954993026558282 29.500000000000004
decision_type=2 2 2 2 2 2 2 2 2 2 2 2 2 2 2 2 2 2 2 2 2 2 2 2 2 2 2 2 2 2
left_child=1 2 3 -1 -5 6 8 -8 11 -10 -11 13 -13 16 15 20 17 18 -2 28 27 -18 23 -20 -25 26 -24 -15 -16 -21
right_child=5 -3 -4 4 -6 -7 7 -9 9 10 -12 12 -14 14 19 -17 21 -19 22 29 -22 -23 25 24 -26 -27 -28 -29 -30 -31
leaf_value=0.0019368310101903507 -0.00059637494197355948 0.0022958798834634866 4.6504966594550876e-06 -7.8378903776649196e-05 0.0013301813561760406 0.00064592298539373639 7.2928134521486063e-05 -0.00045291426910251702 -1.7550641427897314e-05 -0.00071210920386991752 -0.00016901142448796165 0.0013668927603721177 -0.00010706962947853696 0.00058535141089967769 0.00096600783578279417 -0.0007061812495686321 0.00095232850522846606 7.7463952947281957e-05 -4.9243609306537051e-05 -0.0003262128526746918 0.00052829345147527751 9.8148517542712295e-05 -0.00022850308554871318 0.0003049592257290742 -0.00020138300570325901 0.00071288063515258454 -0.00075919627712805375 -6.4863546774862155e-05 -0.00025535209939034245 0.00013249831082139669
leaf_weight=502 112 980 5445 448 447 1167 24821 1140 11757 169 4719 3407 4086 573 495 72 2658 7476 7504 978 5651 11188 840 728 56 84 56 6257 16631 4314
leaf_count=502 112 980 5445 448 447 1167 24821 1140 11757 169 4719 3407 4086 573 495 72 2658 7476 7504 978 5651 11188 840 728 56 84 56 6257 16631 4314
internal_value=0.0001359 0.000806699 0.000461853 0.00199356 0.000698324 9.10306e-05 7.39386e-05 0.000387312 -1.66459e-05 -0.000506158 -0.0014955 9.47163e-05 0.000936207 -1.29411e-06 -0.000297246 0.000307895 0.000335809 -9.31417e-05 -0.000815565 -0.000636096 0.000380979 0.00085801 -0.000723996 -0.000447635 0.00225765 -0.00306122 -0.00381696 -0.000263543 -0.00093542 0.000332578
internal_weight=124761 7822 6842 1397 895 116939 115772 25961 89811 16645 4888 73166 7493 65673 34971 12553 30702 16856 9380 22418 12481 13846 9268 8288 784 980 896 6830 17126 5292
internal_count=124761 7822 6842 1397 895 116939 115772 25961 89811 16645 4888 73166 7493 65673 34971 12553 30702 16856 9380 22418 12481 13846 9268 8288 784 980 896 6830 17126 5292
is_linear=0
shrinkage=0.05


Tree=162
num_leaves=31
num_cat=0
split_feature=3 9 9 3 9 9 0 1 8 10 7 10 7 9 9 8 0 3 11 8 7 11 9 0 8 8 0 1 3 0
split_gain=1.46411 4.3373 2.49702 2.44468 2.94573 4.18756 3.58073 3.675 3.20617 5.52056 5.48032 4.31254 4.51797 4.49565 3.70077 3.44301 2.9934 2.75173 3.94383 3 2.41153 2.3169 3.01997 9.60001 2.27559 2.21886 2.47898 3.02201 2.12097 2.06513
threshold=-0.88622299073327826 22.899479166666669 23.303385416666668 -0.94975917145599731 28.521875000000005 28.815885416666671 29.500000000000004 1.0000000180025095e-35 31.050000000000004 1.0000000180025095e-35 26.337500000000006 1.0000000180025095e-35 25.612500000000004 27.749479166666671 27.258593750000003 27.150000000000002 93.500000000000014 -0.93235440815991333 0.91839291567263814 30.650000000000002 27.212500000000006 1.0178050453765108 29.247135416666669 53.500000000000007 27.250000000000004 33.050000000000004 52.500000000000007 4.5000000000000009 -0.98046803196378884 36.500000000000007
decision_type=2 2 2 2 2 2 2 2 2 2 2 2 2 2 2 2 2 2 2 2 2 2 2 2 2 2 2 2 2 2
left_child=1 -1 -3 4 8 6 7 -6 11 10 -10 12 -4 14 15 -13 24 -5 19 -19 -20 22 -22 -24 -17 -11 27 -27 -14 -26
right_child=-2 2 3 17 5 -7 -8 -9 9 25 -12 13 28 -15 -16 16 -18 18 20 -21 21 -23 23 -25 29 26 -28 -29 -30 -31
leaf_value=0.0020454825944660302 8.9755392410269071e-06 -0.00027895434097663174 0.0015705888037715989 0.00076200705168681529 -0.00042157948778232484 0.00017829201769787933 -0.00066366618253879098 -0.0019032861941584084 0.00058691831415409268 0.0013182449469681169 -0.00058116210507606295 0.00075069505800158618 -0.00021894969739094419 -0.0010965925594168605 0.0011388156991172795 -0.00057456788051218238 -0.0011822793580274383 -0.00063108022785039221 0.00074486782664709157 -8.1416595229134215e-06 -0.00010561773077455883 0.00071098275029772833 -0.0024402658512098687 0.0014048697563100775 -0.0001835863123041519 1.315733266111003e-05 0.0014661022393014228 -0.0010094028787451755 0.00061935247332816235 -5.0892411732101429e-05
leaf_weight=576 107185 288 1025 1920 60 480 264 60 800 2304 836 288 813 192 384 94 70 96 998 96 771 668 71 84 1262 318 344 106 370 1938
leaf_count=576 107185 288 1025 1920 60 480 264 60 800 2304 836 288 813 192 384 94 70 96 998 96 771 668 71 84 1262 318 344 106 370 1938
internal_value=0.000136301 0.000559286 0.000414706 0.000494256 0.000115756 -0.00269676 -0.00658854 -0.01375 0.000333812 0.0013254 -0.00102078 -0.000391547 0.00139946 -0.00132687 -0.000971258 -0.00146221 -0.00191141 0.00146046 0.000456178 -0.00645833 0.000968364 -0.000238394 -0.00185745 -0.00822581 -0.00169399 0.00257487 0.000247396 -0.00231132 -0.000705832 -0.00146875
internal_weight=124761 17576 17000 16712 12008 864 384 120 11144 4708 1636 6436 2208 4228 4036 3652 3364 4704 2784 192 2592 1594 926 155 3294 3072 768 424 1183 3200
internal_count=124761 17576 17000 16712 12008 864 384 120 11144 4708 1636 6436 2208 4228 4036 3652 3364 4704 2784 192 2592 1594 926 155 3294 3072 768 424 1183 3200
is_linear=0
shrinkage=0.05


Tree=163
num_leaves=31
num_cat=0
split_feature=0 9 7 8 4 10 11 9 8 9 9 8 3 11 3 4 3 8 1 8 11 11 4 4 1 11 10 0 10 7
split_gain=1.51215 4.20098 2.82227 3.42808 2.78153 4.52078 4.26703 4.95588 2.59688 2.52119 2.94174 4.0563 2.45783 3.0978 6.85037 2.44601 5.52945 2.74778 5.2196 5.45156 2.7 2.43839 3.80327 2.31958 2.36845 2.23725 4.27852 2.10454 3.83951 5.05793
threshold=14.500000000000002 12.247135416666669 28.112500000000004 34.150000000000013 0.18281312110578132 1.0000000180025095e-35 0.97407968238158804 28.401041666666671 19.750000000000004 28.553385416666671 29.150520833333335 33.150000000000013 0.97875492728876534 1.0369108369693101 0.99053107487289871 -0.85674049181790024 0.06553689391773225 35.750000000000007 1.5000000000000002 34.850000000000001 1.0039018574430203 0.82629592353323422 -0.75013812021657655 0.9980355542543059 1.0000000180025095e-35 1.0039018574430203 1.0000000180025095e-35 36.500000000000007 1.0000000180025095e-35 13.712500000000004
decision_type=2 2 2 2 2 2 2 2 2 2 2 2 2 2 2 2 2 2 2 2 2 2 2 2 2 2 2 2 2 2
left_child=1 25 3 4 5 -3 7 21 -6 -9 -11 -12 15 -14 -15 16 -5 18 -18 20 -20 22 -7 24 -10 26 -1 -2 -29 -30
right_child=27 2 -4 12 8 6 -8 9 23 10 11 -13 13 14 -16 -17 17 -19 19 -21 -22 -23 -24 -25 -26 -27 -28 28 29 -31
leaf_value=-2.9455085502941694e-05 -4.3394728699012486e-05 0.001342998973659065 0.001674641432674081 0.0018012307844491383 0.00010910738782331252 0.0013137995747019996 0.0004484741334488232 -0.0020832162819827828 0.00016568280331840147 0.00012094521108241344 -0.0032804385145361985 0.00024837656978304591 -8.1521174316349964e-05 -0.00096817764535140488 0.00017154202422168215 8.3977052750341204e-05 -0.0030159178549259624 0.00014358948007675527 -0.002293222967817084 0.002151645816541395 -0.00032942277340079616 0.0002385390923852533 -0.00061014673291031295 -0.0002208114761777346 -2.6588128227454618e-05 -3.2613003614231569e-05 -0.00039509797789857236 -3.4378241140421652e-05 0.0007870799873111843 6.5593005568965801e-05
leaf_weight=150 28590 1799 2026 215 1035 90 2470 87 930 243 135 90 240 75 60 1779 88 92 60 83 60 1129 165 60 5250 990 120 33436 2955 40259
leaf_count=150 28590 1799 2026 215 1035 90 2470 87 930 243 135 90 240 75 60 1779 88 92 60 83 60 1129 165 60 5250 990 120 33436 2955 40259
internal_value=0.000126282 0.000530455 0.000723126 0.000503542 0.000831788 0.00160921 0.000747335 -0.00100825 0.000168385 -0.005 -0.00354701 -0.00766667 -0.00110465 -0.00486667 -0.0109259 -0.000511148 -0.00327759 -0.0068799 -0.00926117 -0.00485222 -0.0116667 0.000592486 -0.00382353 -0.000216346 -0.000121359 -0.0022619 -0.0062963 5.13115e-05 0.000187867 0.000499144
internal_weight=124761 19521 18261 16235 13483 6208 4409 1939 7275 555 468 225 2752 375 135 2377 598 383 291 203 120 1384 255 6240 6180 1260 270 105240 76650 43214
internal_count=124761 19521 18261 16235 13483 6208 4409 1939 7275 555 468 225 2752 375 135 2377 598 383 291 203 120 1384 255 6240 6180 1260 270 105240 76650 43214
is_linear=0
shrinkage=0.05


Tree=164
num_leaves=31
num_cat=0
split_feature=0 9 7 8 7 11 10 3 3 8 3 3 3 8 1 11 9 11 1 1 8 4 7 9 0 11 10 9 11 9
split_gain=1.55147 3.76755 2.58232 2.4703 2.7123 2.39706 4.76686 2.2254 4.79269 2.98427 4.20667 2.56021 2.26342 2.64469 4.30769 2.49744 6.67523 2.31716 2.57374 3.75815 1.87036 2.24487 2.18531 2.9481 2.14494 1.94887 1.83332 3.70748 2.98182 3.83073
threshold=13.500000000000002 12.247135416666669 28.112500000000004 34.150000000000013 26.212500000000006 1.0039018574430203 1.0000000180025095e-35 0.06553689391773225 0.39827038710620805 36.650000000000013 0.30164402523644185 0.1849296026015865 0.97875492728876534 35.95000000000001 3.5000000000000004 0.951205373332216 30.435416666666672 1.044457029130015 4.5000000000000009 5.5000000000000009 18.650000000000002 0.98899263613956456 14.512500000000001 14.867447916666668 7.5000000000000009 1.0467188401820728 1.0000000180025095e-35 28.679947916666674 0.95301643267371083 29.150520833333335
decision_type=2 2 2 2 2 2 2 2 2 2 2 2 2 2 2 2 2 2 2 2 2 2 2 2 2 2 2 2 2 2
left_child=1 5 3 4 20 6 -1 -5 9 10 11 -9 15 14 -14 16 -10 -17 -19 -20 -3 -22 23 24 25 -23 -6 -28 29 -29
right_child=-2 2 -4 7 26 -7 -8 8 12 -11 -12 -13 13 -15 -16 17 -18 18 19 -21 21 22 -24 -25 -26 -27 27 28 -30 -31
leaf_value=-9.7599139413118564e-06 7.649040557449525e-06 0.00021397097042079855 0.0016120563340663524 0.001651380340807172 0.0032633515270291203 -3.0553208978199935e-05 -0.00039088517456415691 -0.0021782405857631503 4.3462087118641075e-05 0.00087850305929202267 -0.0022755985426816424 0.00074814075649442082 -0.00013664997742035933 3.3627842077395276e-05 -0.00085948218366822175 0.0010928413348083187 -0.0026162648056600115 0.00033011440207958442 -0.0019927291656588776 3.9714957893080475e-05 3.2239199944076663e-05 -0.00028725634667943663 0.0004212163479854925 -0.00025026366569857241 9.5294250949572482e-05 0.00013578251839087914 0.0024081966695329421 0.00094591119490849409 0.000249673749718523 -0.0031819234498207424
leaf_weight=140 106540 336 1931 357 889 924 112 70 181 66 64 55 126 168 56 598 68 518 95 120 9203 126 74 110 138 56 615 94 826 105
leaf_count=140 106540 336 1931 357 889 924 112 70 181 66 64 55 126 168 56 598 68 518 95 120 9203 126 74 110 138 56 615 94 826 105
internal_value=0.00012548 0.000551836 0.000740687 0.000520709 0.000808145 -0.00218537 -0.00650794 -0.000900865 -0.00149886 -0.00794118 -0.0111376 -0.0058 -0.000647668 -0.00428571 -0.00846154 0.000158228 -0.00443775 0.00101803 -0.000866303 -0.00546512 0.00043961 0.000312661 -0.00293651 -0.00430233 -0.001875 -0.00543956 0.00227165 0.00128049 -0.000560975 -0.00605528
internal_weight=124761 18221 17045 15114 12572 1176 252 2542 2185 255 189 125 1930 350 182 1580 249 1331 733 215 10043 9707 504 430 320 182 2529 1640 1025 199
internal_count=124761 18221 17045 15114 12572 1176 252 2542 2185 255 189 125 1930 350 182 1580 249 1331 733 215 10043 9707 504 430 320 182 2529 1640 1025 199
is_linear=0
shrinkage=0.05


Tree=165
num_leaves=31
num_cat=0
split_feature=0 4 8 10 3 7 9 11 7 11 1 11 11 8 8 11 4 9 11 11 1 3 11 5 9 3 7 4 1 9
split_gain=1.59758 3.78179 7.12309 3.20213 5.21722 3.0137 2.76779 5.6678 3.07684 2.55238 2.49086 2.38758 4.42133 2.71746 2.71485 2.35719 2.19993 3.55584 2.08468 8.0446 3.53098 8.01551 3.51032 2.07065 4.87619 2.06381 3.61243 2.03405 2.27743 1.94409
threshold=13.500000000000002 0.52583933546504591 30.850000000000005 1.0000000180025095e-35 -0.46038400545438724 28.187500000000004 28.401041666666671 0.98031510418725609 25.912500000000005 0.83998462250459582 3.5000000000000004 1.1016663470368233 1.103694758981794 39.850000000000001 39.650000000000013 0.96524820720628701 0.99249573635719013 14.523177083333335 1.0561939355068173 1.0598548649382187 4.5000000000000009 0.70290292807158605 1.1250574444522627 1.0000000180025095e-35 25.090364583333336 -0.90163369914317015 22.812500000000004 -0.75013812021657655 2.5000000000000004 19.530989583333334
decision_type=2 2 2 2 2 2 2 2 2 2 2 2 2 2 2 2 2 2 2 2 2 2 2 2 2 2 2 2 2 2
left_child=1 3 15 4 -1 6 8 -8 9 27 23 13 -13 14 -6 -3 -17 -18 -9 -20 -21 22 -22 29 -25 26 -12 -5 -29 -11
right_child=-2 2 -4 5 11 -7 7 18 -10 10 25 12 -14 -15 -16 16 17 -19 19 20 21 -23 -24 24 -26 -27 -28 28 -30 -31
leaf_value=0.0022079022783362259 7.2665885295772871e-06 0.00011539185126056419 -0.00072220846093422504 0.00029296294985146687 0.00014796788386116168 0.00312264177724564 -0.0008690326053353405 0.00094700065535318538 0.0019361697849002834 -0.00017433672583680749 -0.00026283144322146614 -0.0018900555273194772 -9.455983011922332e-05 0.004250722837793707 -0.0015438623698764385 -1.3391132266099302e-05 -8.0181234549965682e-05 -0.00030789477416637149 -0.0027133751821423434 0.00055098264044668277 0.0021103954813466285 -0.0015388077023519606 -0.00553750621549624 0.00070342826707351768 -0.00044216881649924815 0.00042805873986116326 0.0011086374475394792 -6.9595035311490724e-05 -0.00074678849885759691 2.8731668764992891e-05
leaf_weight=1716 106540 924 56 75 2184 453 747 696 719 84 238 56 452 518 56 4452 560 56 58 762 147 56 56 56 84 1008 230 84 92 1546
leaf_count=1716 106540 924 56 75 2184 453 747 696 719 84 238 56 452 518 56 4452 560 56 58 762 147 56 56 56 84 1008 230 84 92 1546
internal_value=0.000124679 0.000557324 -0.000464616 0.00106506 0.00203934 0.000390071 0.000124666 -0.00118557 0.000908444 0.000295968 0.000671596 0.000866504 -0.00228346 0.0014467 0.000691964 -0.000298731 -0.000722178 -0.00352273 0.000352113 -0.0010241 4.89735e-06 -0.00503861 -0.000418719 -0.00059322 -0.00642857 0.00218835 -0.000555555 -0.00456175 -0.0075 -9.20244e-05
internal_weight=124761 18221 6048 12173 4982 7191 6738 2522 4216 3497 3246 3266 508 2758 2240 5992 5068 616 1775 1079 1021 259 203 1770 140 1476 468 251 176 1630
internal_count=124761 18221 6048 12173 4982 7191 6738 2522 4216 3497 3246 3266 508 2758 2240 5992 5068 616 1775 1079 1021 259 203 1770 140 1476 468 251 176 1630
is_linear=0
shrinkage=0.05


Tree=166
num_leaves=31
num_cat=0
split_feature=0 4 8 10 3 7 9 11 7 11 11 8 11 1 11 11 1 3 11 3 7 11 8 1 3 8 4 10 7 3
split_gain=1.73025 3.6799 6.44972 2.92929 4.82097 2.78595 2.57203 5.15677 2.88721 2.41084 4.42133 2.73445 2.19246 2.44053 2.02999 8.08581 3.07471 6.73173 3.51032 2.00359 2.25245 1.9922 1.92063 2.11622 2.05594 1.89289 1.8658 1.8658 5.7027 4.85172
threshold=13.500000000000002 0.52583933546504591 30.850000000000005 1.0000000180025095e-35 -0.46038400545438724 28.187500000000004 28.401041666666671 0.98031510418725609 25.912500000000005 1.1016663470368233 1.103694758981794 39.750000000000007 0.83998462250459582 3.5000000000000004 1.0561939355068173 1.0598548649382187 4.5000000000000009 0.70290292807158605 1.1250574444522627 -0.41398024697495356 22.812500000000004 0.96524820720628701 28.450000000000003 4.5000000000000009 -0.98046803196378884 39.350000000000001 0.48126256173783166 1.0000000180025095e-35 30.187500000000004 0.99466373373798567
decision_type=2 2 2 2 2 2 2 2 2 2 2 2 2 2 2 2 2 2 2 2 2 2 2 2 2 2 2 2 2 2
left_child=1 3 21 4 26 6 8 -8 12 11 -11 25 -5 -14 -9 -16 -17 18 -18 20 22 -3 -15 -24 -25 -6 -1 -2 -29 -30
right_child=27 2 -4 5 9 -7 7 14 -10 10 -12 -13 13 19 15 16 17 -19 -20 -21 -22 -23 23 24 -26 -27 -28 28 29 -31
leaf_value=0.0023991012476050973 -2.8883305254669036e-05 0.00010962225869753587 -0.00068609803788751344 -0.00047962564479441384 0.0001323905013802734 0.0029665096883833581 -0.00082558097506857408 0.00089965062258552577 0.0018393612956552686 -0.001795552750953504 -8.9831838613261205e-05 0.0032417822145301167 -2.7304287358338217e-05 0.00052164226877156306 -0.0025777064230352274 0.00052343350842434919 0.0020048757072792978 -0.0014618673172343613 -0.0052606309047214294 0.00048720645800548164 0.00089579007917796924 -2.8589845018252884e-05 -0.00037346110120948394 -0.00039982681154238542 5.9809392628402246e-05 -0.0012874582597468408 -0.00056574064350961583 -3.7108850647955909e-06 0.0004717159988893819 -0.00056555287413113324
leaf_weight=1660 46477 924 56 251 2156 453 747 696 719 56 452 546 1770 84 58 762 147 56 56 835 305 5068 65 61 126 56 56 47315 12195 553
leaf_count=1660 46477 924 56 251 2156 453 747 696 719 56 452 546 1770 84 58 762 147 56 56 835 305 5068 65 61 126 56 56 47315 12195 553
internal_value=0.000126282 0.000576533 -0.000431547 0.00107738 0.00200923 0.00043179 0.00017661 -0.00108644 0.000932163 0.000881813 -0.00228346 0.00146483 0.000338862 0.000687 0.000380282 -0.000977757 5.38689e-05 -0.00465251 -0.000418719 0.00218835 8.58036e-05 -0.000273698 -0.00273809 -0.00492063 -0.00221925 0.00068264 0.00415501 4.92775e-05 0.000233339 0.00117195
internal_weight=124761 18221 6048 12173 4982 7191 6738 2522 4216 3266 508 2758 3497 3246 1775 1079 1021 259 203 1476 641 5992 336 252 187 2212 1716 106540 60063 12748
internal_count=124761 18221 6048 12173 4982 7191 6738 2522 4216 3266 508 2758 3497 3246 1775 1079 1021 259 203 1476 641 5992 336 252 187 2212 1716 106540 60063 12748
is_linear=0
shrinkage=0.05


Tree=167
num_leaves=31
num_cat=0
split_feature=0 9 9 7 0 0 8 8 3 9 7 3 9 7 7 3 9 1 11 9 7 3 4 9 11 7 8 0 3 11
split_gain=1.74103 1.39599 1.36479 2.91053 2.3627 2.78245 2.66725 2.63217 2.43933 2.00936 2.48577 3.49163 2.39163 2.14792 2.32806 1.77912 1.49735 1.53281 2.63953 2.23168 4.66234 3.14841 2.72908 2.27235 2.27147 2.16026 3.18253 1.9171 1.74517 2.93357
threshold=1.5000000000000002 22.342187500000005 34.857812500000001 34.112500000000004 43.500000000000007 69.500000000000014 40.550000000000004 44.000000000000007 0.048362692321690152 34.42239583333334 39.01250000000001 0.54219432480460406 34.620833333333344 35.51250000000001 32.612500000000004 0.58481550752069722 33.96510416666667 3.5000000000000004 1.1178088744719634 29.557031250000005 27.912500000000005 -0.048361574224334618 -0.6391983530350368 28.471614583333338 1.1338093104982068 30.112500000000004 39.050000000000004 28.500000000000004 -0.62588817255938378 0.82629592353323422
decision_type=2 2 2 2 2 2 2 2 2 2 2 2 2 2 2 2 2 2 2 2 2 2 2 2 2 2 2 2 2 2
left_child=1 -1 9 15 6 -6 -5 8 -7 16 11 12 13 14 -11 -4 17 -2 25 23 22 27 24 -20 -21 26 28 -22 29 -19
right_child=2 -3 3 4 5 7 -8 -9 -10 10 -12 -13 -14 -15 -16 -17 -18 18 19 20 21 -23 -24 -25 -26 -27 -28 -29 -30 -31
leaf_value=-2.9023519179748349e-06 -1.3402951053228736e-05 0.00050820940455677233 0.002644425755703065 -0.0017397667579027933 0.0013736242968807621 -0.0021747389982674273 -0.00023796725553895757 -0.0020173600137047198 0.00089212654860795998 -0.00073536110221120252 0.002489154087948758 -0.0031653845351172524 0.0011870695433040584 0.00051232861182203481 -0.0027817840446729639 -0.00077125287497462503 0.00089525883172361848 -0.0002295189105246601 -0.00010331116532406539 -0.0046171640195841364 0.00074221521021169815 0.00047133646694059132 0.00029827263282019103 0.0012812493738152747 -0.0010649701589265348 0.0003070672147336123 -0.0012482243503998591 -0.0011196900883239699 9.0999921622642322e-07 0.00017906911287955389
leaf_weight=944 66264 1666 993 68 728 91 293 72 280 162 150 138 234 138 118 107 940 755 1316 71 77 601 68 470 153 9106 143 534 26731 11350
leaf_count=944 66264 1666 993 68 728 91 293 72 280 162 150 138 234 138 118 107 940 755 1316 71 77 601 68 470 153 9106 143 534 26731 11350
internal_value=0.000120671 0.00139847 9.33682e-05 0.00121961 -0.000189295 0.00090094 -0.00372576 -0.00222348 -0.000525606 6.85667e-05 -0.00223404 -0.00335443 -0.00182515 -0.00409091 -0.00660714 0.00318182 8.68199e-05 7.09375e-05 0.000275913 -0.00109422 -0.0025133 -0.00114686 -0.00818493 0.000100784 -0.0108482 0.000369658 0.000207676 -0.0036743 0.000235091 0.000733168
internal_weight=124761 2610 122151 2632 1532 1171 361 443 371 119519 940 790 652 418 280 1100 118579 117639 51375 3290 1504 1212 292 1786 224 48085 38979 611 38836 12105
internal_count=124761 2610 122151 2632 1532 1171 361 443 371 119519 940 790 652 418 280 1100 118579 117639 51375 3290 1504 1212 292 1786 224 48085 38979 611 38836 12105
is_linear=0
shrinkage=0.05


Tree=168
num_leaves=31
num_cat=0
split_feature=0 4 10 3 11 9 7 8 9 9 4 11 11 11 11 0 9 11 4 11 9 11 4 9 11 0 9 10 0 4
split_gain=1.6108 3.70009 1.97368 5.70219 3.00255 3.85988 2.18299 4.16032 3.31508 2.01631 2.44608 3.43758 4.72823 2.87895 5.14821 2.41071 2.025 1.98667 3.16584 1.94652 1.93533 4.72321 2.09423 3.48366 1.82235 1.69872 3.34826 3.21729 4.37892 5.9439
threshold=13.500000000000002 0.18281312110578132 1.0000000180025095e-35 -0.46038400545438724 0.98214465480287083 28.401041666666671 27.312500000000004 31.750000000000004 29.923697916666672 32.804166666666674 -0.94426098523567992 1.1016663470368233 1.1178088744719634 0.93670648275729362 0.91604481249886316 7.5000000000000009 29.525520833333335 0.82629592353323422 -0.75013812021657655 0.92960870096613757 27.258593750000003 0.99479232557030872 0.99249573635719013 14.97265625 1.0003514375846063 36.500000000000007 9.2812500000000018 1.0000000180025095e-35 86.500000000000014 0.45847758937963173
decision_type=2 2 2 2 2 2 2 2 2 2 2 2 2 2 2 2 2 2 2 2 2 2 2 2 2 2 2 2 2 2
left_child=1 2 3 -1 5 17 7 -7 -9 10 -5 13 -13 14 15 16 -12 18 -4 -3 22 -22 -21 -24 -15 -2 -27 28 -28 -30
right_child=25 19 4 9 -6 6 -8 8 -10 -11 11 12 -14 24 -16 -17 -18 -19 -20 20 21 -23 23 -25 -26 26 27 -29 29 -31
leaf_value=0.003128097567039587 -3.762501397703991e-05 0.00014575699377563026 0.0012777371021852673 0.0014435319295615793 0.00026588418842884867 -0.0030792935933731235 0.00029149940503015505 -0.00038667371535105696 -0.0017520002889976106 0.0017380149730894978 -0.0012198459016329304 -0.0025118561408545865 0.00025831279388319585 0.0010478179331208336 -0.0025129718907352301 0.00055868628585563037 0.00030440408994522562 0.00022923486911311474 -0.00051739185652786065 -4.8078717144955514e-06 0.0014245316622738613 -0.0010373858484943525 -6.2326019492811227e-05 -0.0002821924148718913 -7.8248711692787873e-05 0.0019132951177539285 -7.671185212924697e-05 8.1769732536445805e-05 0.00084001349016154235 -6.4154135829021109e-05
leaf_weight=1296 29890 910 84 574 3704 50 249 478 60 966 80 70 74 322 56 120 80 1152 154 6272 56 56 658 70 630 708 28091 42801 3085 1965
leaf_count=1296 29890 910 84 574 3704 50 249 478 60 966 80 70 74 322 56 120 80 1152 154 6272 56 56 658 70 630 708 28091 42801 3085 1965
internal_value=0.000114659 0.000549092 0.001181 0.00200094 0.000590963 -0.000859901 -0.00354241 -0.00520408 -0.00392193 0.000794078 -0.000109671 -0.00121508 -0.00854167 -0.000395963 -0.004375 -0.00160714 -0.005625 0.000755396 -0.00340336 -0.0002543 -0.000532902 -0.00705357 -0.000428571 -0.00296703 0.0010084 4.03606e-05 0.000165036 0.000133128 -0.000236716 0.00111881
internal_weight=124761 18221 10199 4268 5931 2227 837 588 538 2972 2006 1432 144 1288 336 280 160 1390 238 8022 7112 112 7000 728 952 106540 76650 75942 33141 5050
internal_count=124761 18221 10199 4268 5931 2227 837 588 538 2972 2006 1432 144 1288 336 280 160 1390 238 8022 7112 112 7000 728 952 106540 76650 75942 33141 5050
is_linear=0
shrinkage=0.05


Tree=169
num_leaves=31
num_cat=0
split_feature=0 4 10 3 11 9 7 8 9 11 7 11 9 4 9 8 8 0 10 9 7 3 7 3 0 11 0 4 9 3
split_gain=1.52264 3.60645 2.15194 5.34184 2.79684 3.52372 2.05208 3.12984 3.31508 1.89689 2.72019 1.64582 2.02179 1.96455 3.75065 1.64509 1.68056 1.53569 3.0072 4.77257 4.92513 4.87749 4.87105 4.69297 4.44555 3.75165 3.77837 5.91515 4.22858 3.97983
threshold=13.500000000000002 0.18281312110578132 1.0000000180025095e-35 -0.46038400545438724 0.98214465480287083 28.401041666666671 27.312500000000004 31.750000000000004 29.923697916666672 0.85059732269882649 25.912500000000005 0.96524820720628701 27.258593750000003 0.99249573635719013 14.523177083333335 17.450000000000003 12.650000000000002 36.500000000000007 1.0000000180025095e-35 12.569791666666669 30.237500000000004 0.534952257794027 13.512500000000001 0.97508442350096236 55.500000000000007 0.73745831416842689 86.500000000000014 0.92519182738459482 25.419010416666669 0.90892735371523092
decision_type=2 2 2 2 2 2 2 2 2 2 2 2 2 2 2 2 2 2 2 2 2 2 2 2 2 2 2 2 2 2
left_child=1 2 3 -1 5 9 7 -7 -9 10 -4 -3 13 -13 15 16 -15 -2 25 21 -21 -20 -23 24 -22 -19 28 29 -27 -28
right_child=17 11 4 -5 -6 6 -8 8 -10 -11 -12 12 -14 14 -16 -17 -18 18 19 20 23 22 -24 -25 -26 26 27 -29 -30 -31
leaf_value=0.002971692688687608 -3.5743763278187921e-05 8.0370425761420848e-05 -0.00047498883317793038 0.00023905200946862956 0.00025258997900740754 -0.0029253289137044676 0.00027692443477864761 -0.0003673400295835039 -0.0016644002745477317 0.0002701406486483883 0.0020019931072542468 -8.5001319655864686e-06 -0.00059969899200286295 -0.00014052349465710847 -0.00027629077491088389 -0.00016689872569235401 0.00023428272035528011 -0.00038733994254754788 0.001334969331749426 -1.5891569502290145e-05 0.00015489116415935158 0.00063956277342102491 -0.0011163491612254987 -0.00033285315737111525 0.0011241850252678512 2.9907528817777027e-05 0.00039168048130503672 -0.00018311213160482931 -0.00019902845929518489 -0.00021935681900635937
leaf_weight=1296 29890 1680 262 2972 3704 50 249 478 60 1026 102 5628 98 56 56 308 196 59 3068 27838 5224 160 194 1218 5512 12950 3889 747 15341 450
leaf_count=1296 29890 1680 262 2972 3704 50 249 478 60 1026 102 5628 98 56 56 308 196 59 3068 27838 5224 160 194 1218 5512 12950 3889 747 15341 450
internal_value=0.000110251 0.000532627 0.00115649 0.00201265 0.000540381 -0.000859901 -0.00342294 -0.00503401 -0.00392193 0.000683453 -0.00241758 -0.000260533 -0.000629139 -0.000517296 -0.00319805 -0.00196429 0.00103175 3.80141e-05 0.000156556 0.000432036 0.000277945 0.00222385 -0.00333333 0.00112682 0.00146051 -0.000199485 -0.000177218 0.00107747 -0.000402778 0.00178497
internal_weight=124761 18221 10199 4268 5931 2227 837 588 538 1390 364 8022 6342 6244 616 560 252 106540 76650 43214 39792 3422 354 11954 10736 33436 33377 5086 28291 4339
internal_count=124761 18221 10199 4268 5931 2227 837 588 538 1390 364 8022 6342 6244 616 560 252 106540 76650 43214 39792 3422 354 11954 10736 33436 33377 5086 28291 4339
is_linear=0
shrinkage=0.05


Tree=170
num_leaves=31
num_cat=0
split_feature=0 7 4 3 7 9 8 10 8 8 4 4 9 11 3 10 11 1 11 11 1 11 0 9 10 0 4 3 7 3
split_gain=1.47239 3.83735 2.29855 2.10265 2.22939 2.67942 4.93553 2.12047 2.33455 2.79648 2.31277 7.16396 6.0796 2.30206 3.028 1.94363 1.65216 2.33278 1.60667 1.82447 1.55433 1.5371 1.49059 2.83243 2.53615 3.84264 5.95157 4.80009 3.24032 4.3122
threshold=14.500000000000002 25.062500000000004 0.9980355542543059 -0.65234524191686594 28.112500000000004 28.908593750000005 32.050000000000004 1.0000000180025095e-35 35.250000000000007 35.550000000000004 -0.9497838742125716 -0.8901731938066898 30.150260416666672 1.0743282406005716 0.77788564761185042 1.0000000180025095e-35 1.0167864286959365 4.5000000000000009 1.1589671265514687 0.95911488553154101 3.5000000000000004 0.965987090558455 36.500000000000007 9.2812500000000018 1.0000000180025095e-35 86.500000000000014 0.45847758937963173 0.90892735371523092 30.837500000000006 0.97508442350096236
decision_type=2 2 2 2 2 2 2 2 2 2 2 2 2 2 2 2 2 2 2 2 2 2 2 2 2 2 2 2 2 2
left_child=1 2 21 15 5 -5 -7 8 -8 -10 -9 12 -12 -11 -15 -3 17 20 19 -13 -17 -1 -2 -24 25 -25 27 -27 -26 -30
right_child=22 3 -4 4 -6 6 7 10 9 13 11 18 -14 14 -16 16 -18 -19 -20 -21 -22 -23 23 24 28 26 -28 -29 29 -31
leaf_value=9.1288444241054937e-05 -3.8211566144682876e-05 0.0035219663099550548 -0.00010945927335630916 0.00063844037258254098 0.0013750268736075443 -0.0028996000930618625 0.0020480270846085298 0.00015337817032565825 -0.0024134484492647702 0.00088274289531109029 -0.0043216140077204325 -0.0010966157105422912 -0.00055118047265788198 0.00057016527329256086 -0.0020941277298729215 -0.00028461220176132678 0.0014847153918520354 0.0013923575498330026 -0.0021951851710630302 0.00086416894101264152 -0.0011222554453534357 -1.0687399515085391e-05 0.001805983796730568 -6.7523320509365627e-05 2.4153930567639019e-05 0.0023209379316889186 -6.9014029339970991e-05 -0.00020838897805604105 0.00055223309340140993 -0.00032813312894248346
leaf_weight=3071 28590 783 450 1121 1977 56 425 507 54 468 88 76 114 128 85 507 606 281 51 299 75 8299 708 28091 32870 2635 1965 450 8842 1089
leaf_count=3071 28590 783 450 1121 1977 56 425 507 54 468 88 76 114 128 85 507 606 281 51 299 75 8299 708 28091 32870 2635 1965 450 8842 1089
internal_value=0.000116262 0.000515086 -5.07612e-05 0.00138359 0.00085245 8.92859e-05 -0.000869842 -0.000511982 0.000991379 -0.000714286 -0.00204846 -0.00407643 -0.0118317 0.000154185 -0.00415493 0.00266874 0.00159632 0.000191194 -0.000399061 0.000733334 -0.00161512 8.79509e-05 4.22845e-05 0.000157208 0.000127861 -0.000200507 0.00106931 0.00243922 0.000382117 0.0011736
internal_weight=124761 19521 11820 7701 5449 3472 2351 2295 1160 735 1135 628 202 681 213 2252 1469 863 426 375 582 11370 105240 76650 75942 33141 5050 3085 42801 9931
internal_count=124761 19521 11820 7701 5449 3472 2351 2295 1160 735 1135 628 202 681 213 2252 1469 863 426 375 582 11370 105240 76650 75942 33141 5050 3085 42801 9931
is_linear=0
shrinkage=0.05


Tree=171
num_leaves=31
num_cat=0
split_feature=0 9 7 0 8 0 3 9 7 3 9 7 7 1 8 8 0 9 1 11 7 8 9 9 7 1 9 3 9 9
split_gain=1.45668 1.40901 2.53353 2.08203 3.0303 2.44818 2.02893 1.82441 2.37371 3.15026 2.36641 2.04653 2.02924 1.73653 1.56706 1.72566 1.56279 1.46861 1.41279 2.25456 1.95258 2.9863 1.75527 4.1607 2.96483 4.88432 1.90804 1.67533 2.58454 3.21974
threshold=1.0000000180025095e-35 34.857812500000001 33.912500000000016 43.500000000000007 40.550000000000004 66.500000000000014 0.58481550752069722 34.42239583333334 39.01250000000001 0.54219432480460406 34.620833333333344 35.51250000000001 32.612500000000004 3.5000000000000004 44.000000000000007 40.150000000000013 27.500000000000004 33.96510416666667 3.5000000000000004 1.1178088744719634 30.112500000000004 39.050000000000004 29.557031250000005 31.397395833333338 27.912500000000005 4.5000000000000009 28.471614583333338 -0.62588817255938378 28.815885416666671 28.679947916666674
decision_type=2 2 2 2 2 2 2 2 2 2 2 2 2 2 2 2 2 2 2 2 2 2 2 2 2 2 2 2 2 2
left_child=-1 7 6 4 -4 -5 -3 17 9 10 11 12 13 -9 15 -7 -11 18 -2 20 21 27 26 24 25 -24 -21 28 29 -20
right_child=1 2 3 5 -6 14 -8 8 -10 16 -12 -13 -14 -15 -16 -17 -18 -19 19 22 -22 -23 23 -25 -26 -27 -28 -29 -30 -31
leaf_value=0.00017654422235776214 -1.0705793651561009e-05 0.0027663147390670773 -0.0015212250557461895 0.0015511437404029868 -0.00018781851232773806 -0.0026029764267869546 -0.00087817029313130227 -0.0017385674084668538 0.0023818595651480118 -0.0003725496917788985 0.0012158121689699753 0.00050387536282762372 -0.0026204885715180345 0.0024836959830548551 -0.001842732413415718 0.00032808443902008501 -0.0034775183448546515 0.00084432292081013972 0.00012548002096902106 -9.3741889149016237e-05 0.00028744873904748661 -0.001101626189803373 -0.00047156458526456083 0.00024827053613505929 -0.00058417971228120059 -0.0028741246664281492 0.0012117249421116779 2.4376734655404178e-06 0.0015695278951479126 -0.00078260373308866322
leaf_weight=1305 66974 990 71 644 302 55 106 68 150 54 237 138 119 98 87 405 86 950 10693 1330 9121 147 123 570 717 110 475 27074 1111 451
leaf_count=1305 66974 990 71 644 302 55 106 68 150 54 237 138 119 98 87 405 86 950 10693 1330 9121 147 123 570 717 110 475 27074 1111 451
internal_value=0.000119869 0.000102304 0.0012406 -5.11507e-05 -0.00331099 0.000969773 0.00308394 7.72378e-05 -0.00210526 -0.0031875 -0.00174242 -0.00398345 -0.00640351 -0.00283133 -0.00148994 -0.000326087 -0.01 9.45382e-05 7.88927e-05 0.000274643 0.000360825 0.000208481 -0.000984962 -0.00223684 -0.00426316 -0.00916309 6.92523e-05 0.000235068 0.000720114 0.000490847
internal_weight=124761 123456 2660 1564 373 1191 1096 120796 950 800 660 423 285 166 547 460 140 119846 118896 51922 48597 39476 3325 1520 950 233 1805 39329 12255 11144
internal_count=124761 123456 2660 1564 373 1191 1096 120796 950 800 660 423 285 166 547 460 140 119846 118896 51922 48597 39476 3325 1520 950 233 1805 39329 12255 11144
is_linear=0
shrinkage=0.05


Tree=172
num_leaves=31
num_cat=0
split_feature=0 7 3 10 3 11 9 3 8 8 9 9 11 4 8 4 8 4 1 11 5 8 4 9 8 9 0 8 3 11
split_gain=1.46627 3.78359 1.90526 1.90402 2.73192 2.13421 2.27308 1.99302 2.88095 2.0119 1.72989 1.6801 2.15676 2.18136 1.79958 2.54318 1.69009 1.83378 1.83648 1.60546 1.88396 2.27506 1.58864 1.5744 1.53487 4.28571 1.5291 1.77778 1.39679 3.43746
threshold=13.500000000000002 23.837500000000006 0.77788564761185042 1.0000000180025095e-35 -0.46038400545438724 0.98214465480287083 27.258593750000003 -0.34235669412071207 35.350000000000001 32.150000000000013 12.070312500000002 27.070312500000004 1.0779742005359896 -0.64580103137750788 31.750000000000004 0.25829915227078726 19.750000000000004 0.9980355542543059 1.0000000180025095e-35 1.0627860117078571 1.0000000180025095e-35 34.050000000000004 -0.065537083312030994 11.53671875 31.350000000000005 25.518750000000001 5.5000000000000009 18.450000000000003 0.80926549319045582 0.9131895820237399
decision_type=2 2 2 2 2 2 2 2 2 2 2 2 2 2 2 2 2 2 2 2 2 2 2 2 2 2 2 2 2 2
left_child=1 10 3 4 -3 6 -5 8 9 -6 23 14 13 -13 16 -16 -12 18 -18 20 21 -15 -23 -1 28 -26 -25 -28 -20 -30
right_child=-2 2 -4 5 7 -7 -8 -9 -10 -11 11 12 -14 19 15 -17 17 -19 24 -21 -22 22 -24 26 25 -27 27 -29 29 -31
leaf_value=-1.9775563121425039e-05 6.074143995436053e-06 0.0029826865602935191 -0.00018196098321201514 0.00063564997467555615 -0.0014255402234849251 0.00072936729970489445 -0.00031475209525334542 0.0012688173754806249 -0.0023478707273830541 0.001604077276663157 7.1599606044149005e-05 0.00092561732809297564 0.00045543093241226019 -0.00058244551984333365 0.00042914490556408749 -0.00033937741854108046 0.00013402908378110158 -0.00019366118613216396 -3.4299099430191644e-05 -0.0007240722614774858 -0.00025615162255991441 0.00081122346818574746 -0.00033590812510180803 -6.3816230689519625e-05 -0.00062659075503646564 0.00047848114889428682 -0.00033411609089950035 -0.00018245340059308297 -0.00029893452467965004 0.00013261339484518244
leaf_weight=756 106540 1129 853 385 56 2551 1225 1902 56 112 1120 96 112 100 767 83 889 56 4140 64 80 168 83 108 84 56 72 72 112 934
leaf_count=756 106540 1129 853 385 56 2551 1225 1902 56 112 1120 96 112 100 767 83 889 56 4140 64 80 168 83 108 84 56 72 72 112 934
internal_value=0.000112656 0.000527139 0.00131757 0.00157497 0.0024808 0.000866378 -0.000559006 0.00142521 -0.00303571 0.000238095 -0.000129622 9.16818e-05 -0.00225462 -0.00346024 0.000291834 0.00247059 4.12666e-05 -0.000278265 -0.000197104 -0.00479798 -0.0037007 -0.00212251 0.000418327 -0.00209325 -0.000548254 -0.00571429 -0.00551587 -0.00888889 -0.000408793 0.00122371
internal_weight=124761 18221 8269 7416 3255 4161 1610 2126 224 168 9952 8944 703 591 8241 850 7391 6271 6215 495 431 351 251 1008 5326 140 252 144 5186 1046
internal_count=124761 18221 8269 7416 3255 4161 1610 2126 224 168 9952 8944 703 591 8241 850 7391 6271 6215 495 431 351 251 1008 5326 140 252 144 5186 1046
is_linear=0
shrinkage=0.05


Tree=173
num_leaves=31
num_cat=0
split_feature=0 4 10 3 7 9 11 7 11 5 1 9 4 11 11 11 11 11 0 3 8 8 11 11 1 1 8 1 3 8
split_gain=1.47194 3.38985 1.60802 4.98544 2.13237 2.16512 2.90848 2.30046 2.81869 2.43142 8.23269 1.69392 1.96464 2.22141 3.94595 2.37939 5.37202 1.86335 1.76458 1.63746 1.56316 2.44583 1.53314 3.03139 1.68492 1.97501 2.45008 4.14405 1.96437 1.95963
threshold=13.500000000000002 0.18281312110578132 1.0000000180025095e-35 -0.46038400545438724 28.187500000000004 28.401041666666671 0.98031510418725609 25.612500000000004 0.85059732269882649 1.0000000180025095e-35 2.5000000000000004 32.804166666666674 -0.94426098523567992 1.1027172427607128 1.1178088744719634 0.93670648275729362 0.91604481249886316 1.0003514375846063 7.5000000000000009 0.97875492728876534 38.350000000000001 35.250000000000007 0.88327974961520905 0.88598948399573263 4.5000000000000009 2.5000000000000004 31.950000000000003 1.0000000180025095e-35 -0.98046803196378884 16.300000000000001
decision_type=2 2 2 2 2 2 2 2 2 2 2 2 2 2 2 2 2 2 2 2 2 2 2 2 2 2 2 2 2 2
left_child=1 2 3 -1 5 7 -7 8 -4 -10 -11 12 -5 15 -15 16 18 -17 -14 -8 21 -19 -3 -24 25 26 -25 -28 -26 -30
right_child=-2 22 4 11 -6 6 19 -9 9 10 -12 -13 13 14 -16 17 -18 20 -20 -21 -22 -23 23 24 28 -27 27 -29 29 -31
leaf_value=0.0027563421010116137 5.7704367956635906e-06 0.00027586207133256587 -0.00044074836468356061 0.0012194881725456836 0.0027379547102912758 -0.00063934716031683074 0.00017014542233435614 0.0013566698073643809 0.00015689664122788037 -0.00053702690969093523 0.00077908871950815232 0.001493421371902821 -0.00094274498806026113 -0.0025206449205371607 0.00023203534840655047 0.00094979080314548398 -0.0023415090533001116 0.00036281965038253072 0.00050748239546182894 -0.00060027755319909642 0.0028623872334647285 -0.00085321287608676 -0.00026273525556383984 1.9782305686639949e-05 -0.0003923969089543579 -7.246926870220476e-05 0.0016177290333900182 -0.00061036575969820222 -0.00016428289168869209 8.8351353575358846e-05
leaf_weight=1296 106540 280 240 574 453 747 1705 937 1609 70 100 966 160 56 74 322 56 238 120 70 140 266 56 3024 56 2254 56 84 70 2142
leaf_count=1296 106540 280 240 574 453 747 1705 937 1609 70 100 966 160 56 74 322 56 238 120 70 140 266 56 3024 56 2254 56 84 70 2142
internal_value=0.000111854 0.000527139 0.00113197 0.00187207 0.000599393 0.000326762 -0.000749405 0.00124493 0.000294701 0.000980888 -0.00470588 0.000743607 -8.47456e-05 -0.00107542 -0.00730769 -0.000453149 -0.00407738 0.000807454 -0.00125 0.000352113 -0.000745341 -0.00204365 -0.000241835 -0.000373288 -0.000288837 -0.000767811 3.79269e-05 -0.00642857 0.000855379 0.00108951
internal_weight=124761 18221 10199 4268 5931 5478 2522 2956 2019 1779 170 2972 2006 1432 130 1302 336 966 280 1775 644 504 8022 7742 7686 5418 3164 140 2268 2212
internal_count=124761 18221 10199 4268 5931 5478 2522 2956 2019 1779 170 2972 2006 1432 130 1302 336 966 280 1775 644 504 8022 7742 7686 5418 3164 140 2268 2212
is_linear=0
shrinkage=0.05


Tree=174
num_leaves=31
num_cat=0
split_feature=0 4 10 3 7 9 8 11 9 7 9 8 1 5 1 1 9 1 3 3 9 3 8 11 8 3 3 8 8 1
split_gain=1.63721 3.44294 1.63302 4.70542 1.82598 2.26495 4.00521 1.94448 4.04557 2.55659 2.20608 2.86756 2.02975 1.62075 6.35341 1.38589 2.28653 2.24194 1.73023 2.2881 2.03681 4.42876 2.25994 2.10496 2.14692 1.62812 1.74819 1.57997 5.00499 2.14495
threshold=13.500000000000002 0.18281312110578132 1.0000000180025095e-35 -0.46038400545438724 28.187500000000004 29.661718750000002 32.650000000000013 0.90891411467879568 29.150520833333335 25.912500000000005 27.408593750000005 31.650000000000002 2.5000000000000004 1.0000000180025095e-35 1.0000000180025095e-35 1.0000000180025095e-35 27.258593750000003 4.5000000000000009 0.94425825643485939 0.96687895796550427 12.247135416666669 0.46800856592688472 18.750000000000004 1.0861400600293798 17.450000000000003 0.77788564761185042 -0.96463499255812291 28.450000000000003 28.950000000000003 2.5000000000000004
decision_type=2 2 2 2 2 2 2 2 2 2 2 2 2 2 2 2 2 2 2 2 2 2 2 2 2 2 2 2 2 2
left_child=1 2 3 -1 5 7 -7 8 9 10 -4 -12 -13 -9 -15 -3 17 18 20 -20 21 23 -22 24 -17 26 -24 -28 -29 -30
right_child=-2 15 4 -5 -6 6 -8 13 -10 -11 11 12 -14 14 -16 16 -18 -19 19 -21 22 -23 25 -25 -26 -27 27 28 29 -31
leaf_value=0.0026185249959610329 5.4819149558800284e-06 5.639555477315739e-05 6.4493794745142086e-06 0.00023058413141830607 0.0026010569747767129 -0.0040598923566205125 -0.00015263206560827235 0.00026987102939735936 -0.0027260269455586148 0.0016474577867503914 -0.0012097738359625643 -0.00075167381517721849 0.001361266406526209 -0.00077996023691108418 0.00015931348829018342 0.00014328836567866347 -0.00060096646658149727 5.8389460653385553e-05 -0.00032862028559429486 -1.5027866571526651e-05 0.00024351525828813776 -0.00031759736599935146 0.00084270100883964371 -0.00024372110488593627 -0.00010299700641754068 8.8057696158814596e-05 -3.6882130772208522e-05 -0.00057854054940807817 0.00041898475503303985 -0.00026276987445932742
leaf_weight=1296 106540 1148 340 2972 453 76 983 3262 84 266 51 89 53 56 218 252 84 2324 70 140 238 84 112 70 308 462 2338 70 126 196
leaf_count=1296 106540 1148 340 2972 453 76 983 3262 84 266 51 89 53 56 218 252 84 2324 70 140 238 84 112 70 308 462 2338 70 126 196
internal_value=0.000113858 0.000551836 0.00116139 0.00190722 0.000624684 0.000372399 -0.00170444 0.000870107 -0.00122877 -0.000131414 -0.00212946 -0.00639896 -0.00274648 0.00139423 -0.00229927 -0.000223136 -0.000491708 -0.00039028 -0.00104568 -0.00547619 -0.000827067 -0.00326331 -0.000335968 -0.0018254 -0.000803571 -0.000674939 -0.00112245 -0.00137363 -0.00431122 -0.00167702
internal_weight=124761 18221 10199 4268 5931 5478 1059 4419 883 799 533 193 142 3536 274 8022 6874 6790 4466 210 4256 714 3542 630 560 3304 2842 2730 392 322
internal_count=124761 18221 10199 4268 5931 5478 1059 4419 883 799 533 193 142 3536 274 8022 6874 6790 4466 210 4256 714 3542 630 560 3304 2842 2730 392 322
is_linear=0
shrinkage=0.05


Tree=175
num_leaves=31
num_cat=0
split_feature=0 4 11 8 10 9 3 3 11 3 3 7 8 11 3 3 9 9 8 7 1 11 9 9 9 7 1 8 11 9
split_gain=1.65825 3.44294 1.60163 1.62125 3.32099 2.07754 2.47695 1.80543 1.60292 1.66313 4.03887 3.32355 4.13076 2.73302 2.62899 2.03898 1.85597 1.76566 1.6022 2.03226 1.48423 1.46511 2.6673 2.65573 2.28844 2.15264 1.94984 1.90229 3.01829 2.18205
threshold=13.500000000000002 0.18281312110578132 0.7641759112864478 33.650000000000013 1.0000000180025095e-35 32.804166666666674 0.06553689391773225 -0.11692013674435776 1.1855674041436206 0.52766072109828632 0.30164402523644185 25.912500000000005 36.750000000000007 1.1538549292311382 0.77788564761185042 0.16799745313369893 30.150260416666672 31.397395833333338 34.350000000000001 28.037500000000005 3.5000000000000004 0.99290724717615986 26.651562500000001 28.471614583333338 29.764843750000001 25.912500000000005 2.5000000000000004 32.350000000000001 0.9663103299672644 28.709114583333335
decision_type=2 2 2 2 2 2 2 2 2 2 2 2 2 2 2 2 2 2 2 2 2 2 2 2 2 2 2 2 2 2
left_child=1 2 -1 4 -4 6 -5 21 9 10 15 -12 16 14 -11 18 -13 -16 -8 -20 -19 23 26 25 -24 -6 -23 28 29 -25
right_child=-2 -3 3 5 7 -7 8 -9 -10 13 11 12 -14 -15 17 -17 -18 20 19 -21 -22 22 24 27 -26 -27 -28 -29 -30 -31
leaf_value=-0.00049247827885027411 5.2078192080855052e-06 -7.0208545348759596e-06 0.0012050533607918968 0.00066413269263148418 -0.00012646202540637767 0.0016602325283401058 0.0005409389793411425 0.00034903791097537528 0.0015090153161832303 0.00094379986350349001 0.00016730963591837843 -0.0018486311976672579 -5.7735379937807407e-06 -0.0028181230786126716 -8.8797687414640059e-05 0.0012065674045519937 -0.0032569902742543401 -0.0011815224115048477 -0.0024523194168124293 8.6169778022033376e-05 -0.0016075228130985168 -0.00074096222506553062 0.0011050596685778095 0.0014302158984049848 -0.0044602419412853077 0.0015606379075046267 -0.00016149630905299211 -0.00011329630111709652 -0.0019905845232227933 -0.002590493643158246
leaf_weight=84 106540 8022 1548 1246 561 1092 70 994 126 504 51 52 51 50 1148 154 56 98 62 50 56 56 1120 56 56 322 116 266 56 98
leaf_count=84 106540 8022 1548 1246 561 1092 70 994 126 504 51 52 51 50 1148 154 56 98 62 50 56 56 1120 56 56 322 116 266 56 98
internal_value=0.000111053 0.000551836 0.00116139 0.00121849 0.00182797 0.000561036 5.2996e-06 0.00101459 -0.000893987 -0.00118235 -0.00360806 -0.00904762 -0.0126101 -0.00046875 -0.000149501 -0.000208333 -0.0181481 -0.00133641 -0.00379121 -0.0075 -0.00636364 0.000345401 0.00151335 -0.000813098 0.00236395 0.00080974 -0.00430233 -0.00382353 -0.00738095 -0.00376623
internal_weight=124761 18221 10199 10115 5249 4866 3774 3701 2528 2402 546 210 159 1856 1806 336 108 1302 182 112 154 2707 1348 1359 1176 883 172 476 210 154
internal_count=124761 18221 10199 10115 5249 4866 3774 3701 2528 2402 546 210 159 1856 1806 336 108 1302 182 112 154 2707 1348 1359 1176 883 172 476 210 154
is_linear=0
shrinkage=0.05


Tree=176
num_leaves=31
num_cat=0
split_feature=0 4 11 8 10 3 11 9 8 11 11 3 0 11 11 11 4 8 4 8 9 4 0 10 10 11 7 3 10 4
split_gain=1.73569 3.48522 1.60849 1.54331 3.10402 2.16403 2.53197 1.73896 2.88095 1.84578 2.48563 1.4482 1.37256 1.85793 1.96728 4.16846 3.86784 3.41333 3.10072 4.16117 7.00412 4.10112 3.16075 2.86508 2.53762 2.4003 2.16923 1.94823 2.48951 2.2693
threshold=13.500000000000002 0.18281312110578132 0.7641759112864478 33.650000000000013 1.0000000180025095e-35 0.69056404122701587 1.1589671265514687 29.661718750000002 32.650000000000013 0.99290724717615986 0.99142420047150093 0.75014288946266361 75.500000000000014 1.1338093104982068 1.0044072743756243 0.99479232557030872 -0.30164489695395946 39.750000000000007 0.5403928698825039 24.550000000000004 18.07057291666667 0.5969655492110445 86.500000000000014 1.0000000180025095e-35 1.0000000180025095e-35 0.99802285755768305 30.012500000000006 0.70290292807158605 1.0000000180025095e-35 0.99024581825578073
decision_type=2 2 2 2 2 2 2 2 2 2 2 2 2 2 2 2 2 2 2 2 2 2 2 2 2 2 2 2 2 2
left_child=1 2 -1 4 -4 -5 11 9 -9 10 -6 -7 -2 14 15 27 17 26 -18 24 -21 -22 -23 -24 25 -20 -17 28 29 -14
right_child=12 -3 3 5 7 6 -8 8 -10 -11 -12 -13 13 -15 -16 16 18 -19 19 20 21 22 23 -25 -26 -27 -28 -29 -30 -31
leaf_value=-0.00046785436490775979 -1.1440664057885644e-05 -6.6698118081323952e-06 0.0011448006927523013 0.00054767954681794891 6.7018656228283682e-05 0.0030094738981742458 -0.0024436469290108516 -0.003625607663422967 0.00076738166460209615 0.00049084704851903296 -0.00085642576339706048 -0.00013522556367810514 0.00036394164433142795 -0.00042660561614864864 0.00014936791962891173 -0.0014947976660445663 0.00040256493237755293 0.0042571357453153038 -0.00057859785669177126 -0.00086861307311877705 -0.00042836950603533999 0.0003622934352824007 4.7178136784005307e-05 -0.00081846070783467078 0.00032517030954133284 -3.3027234534265971e-05 -0.002580866370232587 -7.1221276648741839e-05 3.2459647212335425e-07 -0.00011904815507463303
leaf_weight=84 80578 8022 1548 3206 1807 112 64 84 84 1670 56 1484 3630 1140 11453 188 540 60 80 60 60 154 63 63 400 220 52 2480 5019 300
leaf_count=84 80578 8022 1548 3206 1807 112 64 84 84 1670 56 1484 3630 1140 11453 188 540 60 80 60 60 154 63 63 400 220 52 2480 5019 300
internal_value=0.000111854 0.000562812 0.0011761 0.00123332 0.00182797 0.000591862 -0.000873494 0.00104161 -0.00392857 0.00127795 0.000195921 -0.000482456 3.47289e-05 0.000350898 0.000441544 2.95462e-05 -0.0021134 -0.00733333 -0.00115854 -0.00268182 -0.00675 -0.00397059 -0.00142857 -0.00730159 -0.000357143 -0.00383333 -0.01 0.000393298 0.000736954 0.00167939
internal_weight=124761 18221 10199 10115 5249 4866 1660 3701 168 3533 1863 1596 106540 25962 24822 13369 1940 300 1640 1100 400 340 280 126 700 300 240 11429 8949 3930
internal_count=124761 18221 10199 10115 5249 4866 1660 3701 168 3533 1863 1596 106540 25962 24822 13369 1940 300 1640 1100 400 340 280 126 700 300 240 11429 8949 3930
is_linear=0
shrinkage=0.05


Tree=177
num_leaves=31
num_cat=0
split_feature=0 7 4 3 11 4 1 11 7 10 7 0 8 0 0 4 9 0 10 3 4 10 9 11 4 8 3 9 3 0
split_gain=1.72412 3.2293 1.94871 1.63701 1.50178 2.09394 5.4734 2.71402 1.64857 1.55586 1.27812 1.31508 1.88139 5.05721 5.52792 8.06357 3.7576 3.56994 3.38928 3.07555 2.98529 3.87691 3.14466 7.94491 2.87399 4.82829 2.83333 2.77568 2.74182 2.69382
threshold=8.5000000000000018 22.362500000000004 -0.42958798411962301 0.70290292807158605 0.92262612894382223 -0.86548532668110156 5.5000000000000009 0.90157409510273256 25.512500000000006 1.0000000180025095e-35 39.662500000000016 77.500000000000014 28.950000000000003 69.500000000000014 55.500000000000007 -0.022575793296316496 20.255468750000006 25.500000000000004 1.0000000180025095e-35 0.77244481603295057 -0.79904327102181261 1.0000000180025095e-35 28.553385416666671 1.0003514375846063 0.18281312110578132 34.050000000000004 -0.95995996396290595 26.834375000000005 -0.95995996396290595 61.500000000000007
decision_type=2 2 2 2 2 2 2 2 2 2 2 2 2 2 2 2 2 2 2 2 2 2 2 2 2 2 2 2 2 2
left_child=1 2 -1 4 5 6 7 8 -3 -9 11 12 16 14 17 18 -2 24 -16 -19 21 -15 23 -23 -14 -26 -27 29 -29 -17
right_child=10 3 -4 -5 -6 -7 -8 9 -10 -11 -12 -13 13 20 15 27 -18 19 -20 -21 -22 22 -24 -25 25 26 -28 28 -30 -31
leaf_value=-0.00067211790560039054 -1.1712581537458545e-06 -0.00065588539992265851 -2.6822840883370285e-06 -8.8385075805967841e-05 0.00087667429716705477 0.0004407268021340223 -0.0024825311342256511 -0.0020635605693091713 0.0015845872434231423 -0.00021940274012585554 0.00061652765760125206 4.7784305347070662e-05 9.2518569270821059e-05 -0.0010814741584169122 0.00012468532307397407 -8.7636564868358373e-05 0.00017152860192498582 -0.00022568538164900709 0.001013910894195678 6.5768392967707675e-05 -0.00012514567136969468 0.00055771847470077567 0.00020787071896136473 -0.001489931640233482 -6.0627786513220723e-05 -0.0010989003749141894 -9.1494554124403347e-05 0.0011970444761299631 -0.00055413033622763743 -0.00040339090446340218
leaf_weight=55 27738 54 5514 1066 3976 618 54 72 223 90 1167 23365 11889 1106 3332 822 6624 18237 4934 5264 4023 216 886 144 1632 51 51 378 84 1096
leaf_count=55 27738 54 5514 1066 3976 618 54 72 223 90 1167 23365 11889 1106 3332 822 6624 18237 4934 5264 4023 216 886 144 1632 51 51 378 84 1096
internal_value=0.000114659 0.000691862 -0.000180463 0.00148139 0.00185473 0.000229523 -0.00220081 -0.000353075 0.00265343 -0.00549383 5.48043e-05 3.76325e-05 -5.04478e-05 -0.000234093 -5.75673e-05 0.000946835 0.000238927 -0.000345598 0.00168522 -0.000718905 -0.00155686 -0.00297194 -0.00105939 -0.005 0.000298393 -0.00160323 -0.0121569 -0.00161765 0.00186147 -0.00245568
internal_weight=124761 11722 5569 6153 5087 1111 493 439 277 162 113039 111872 88507 54145 47770 10646 34362 37124 8266 23501 6375 2352 1246 360 13623 1734 102 2380 462 1918
internal_count=124761 11722 5569 6153 5087 1111 493 439 277 162 113039 111872 88507 54145 47770 10646 34362 37124 8266 23501 6375 2352 1246 360 13623 1734 102 2380 462 1918
is_linear=0
shrinkage=0.05


Tree=178
num_leaves=31
num_cat=0
split_feature=0 7 8 11 10 3 3 9 8 7 11 9 1 9 11 0 9 10 0 3 4 9 9 0 0 0 3 0 8 1
split_gain=1.49476 3.22686 1.31471 1.72736 1.45939 2.19251 2.01259 1.71589 2.58119 2.1855 1.75589 1.59247 1.94933 1.49157 1.34642 1.28394 2.60417 2.30884 3.57477 3.94168 4.36954 3.0414 4.31031 3.96447 6.82469 4.60982 3.95624 3.5279 3.78592 4.72321
threshold=13.500000000000002 23.837500000000006 29.350000000000005 0.97407968238158804 1.0000000180025095e-35 0.46800856592688472 0.52766072109828632 29.150520833333335 32.350000000000001 26.487500000000004 0.96583382572368259 27.845312500000002 2.5000000000000004 31.483072916666668 0.87438713147174518 36.500000000000007 9.2812500000000018 1.0000000180025095e-35 89.500000000000014 0.98213580174693105 0.45847758937963173 12.569791666666669 27.370572916666671 68.500000000000014 56.500000000000007 90.500000000000014 0.56369777965491019 92.500000000000014 15.350000000000003 2.5000000000000004
decision_type=2 2 2 2 2 2 2 2 2 2 2 2 2 2 2 2 2 2 2 2 2 2 2 2 2 2 2 2 2 2
left_child=1 -1 -3 4 5 -4 -7 9 -9 10 11 -6 -13 -8 -10 -2 -17 18 -18 20 -20 26 -23 24 -24 -25 27 28 29 -19
right_child=15 2 3 -5 7 6 13 8 14 -11 -12 12 -14 -15 -16 16 17 21 19 -21 -22 22 23 25 -26 -27 -28 -29 -30 -31
leaf_value=-3.1937372093083672e-06 -3.2410175037405485e-05 0.001914367234384824 0.001078104321163284 0.00059539515462042072 0.00036558151774875036 -0.002199988329286375 0.00040762838936017604 -0.0025009446270407489 -0.0014124468368883396 0.0015720455996383912 -0.0012086918842423111 -0.0010528665598079085 0.00028422115020747583 -0.0010357985480576165 -0.00017210714585849207 0.0017119201524252278 -5.8503669236235817e-05 -0.0026847657046264284 0.0014720392894478193 -0.00047311346684837614 -2.2821541008629365e-05 -3.7944152146943266e-05 0.00016816421163495647 -0.00016805196826248973 0.0018832144452200974 0.0012932797204761139 -0.00082768441722416231 -0.0012699515527868348 0.0014422706356911736 0.0012469828397700462
leaf_weight=9952 29890 367 960 5285 296 56 164 56 56 285 83 167 146 56 292 708 29773 56 1926 132 1310 21771 6120 6702 3669 1530 236 141 2520 56
leaf_count=9952 29890 367 960 5285 296 56 164 56 56 285 83 167 146 56 292 708 29773 56 1926 132 1310 21771 6120 6702 3669 1530 236 141 2520 56
internal_value=0.000108648 0.000527139 0.00125711 0.00112124 7.06918e-05 0.00131877 -0.0026087 -0.00104634 -0.00378713 8.70012e-05 -0.00143064 -0.000500821 -0.00298722 -0.000454545 -0.00218391 3.70755e-05 0.000145467 0.000117327 -0.000195981 0.00134798 0.00169345 0.000359922 0.000244019 0.000815993 0.00149607 7.28882e-06 0.00189266 0.00242157 0.00283435 -0.00616071
internal_weight=124761 18221 8269 7902 2617 1236 276 1381 404 977 692 609 313 220 348 106540 76650 75942 33141 3368 3236 42801 39792 18021 9789 8232 3009 2773 2632 112
internal_count=124761 18221 8269 7902 2617 1236 276 1381 404 977 692 609 313 220 348 106540 76650 75942 33141 3368 3236 42801 39792 18021 9789 8232 3009 2773 2632 112
is_linear=0
shrinkage=0.05


Tree=179
num_leaves=31
num_cat=0
split_feature=3 3 9 3 1 0 5 0 7 7 8 1 11 3 3 3 11 3 9 0 1 4 10 4 0 11 7 1 3 7
split_gain=1.48073 2.65619 2.96823 2.47436 3.83507 3.68733 2.16857 3.77164 2.4356 2.38963 2.07705 2.17234 1.76972 2.80602 3.14117 2.27447 2.20741 2.13955 3.49439 2.48889 2.38265 2.03028 1.97109 2.73839 2.68063 1.93095 2.24029 5.26164 1.90145 3.50464
threshold=0.81925054981890411 0.98372640911059162 26.058333333333337 0.98213580174693105 4.5000000000000009 24.500000000000004 1.0000000180025095e-35 48.500000000000007 32.912500000000016 35.112500000000004 34.350000000000001 1.5000000000000002 0.92180858479239347 0.85673801594079257 0.83849049182116964 0.89017062131308955 1.1163525015609757 0.94704596667653973 27.918750000000003 88.500000000000014 1.0000000180025095e-35 -0.52765736634565841 1.0000000180025095e-35 -0.33426211444629356 47.500000000000007 1.0101328412442114 20.012500000000006 1.5000000000000002 0.91248814248966237 26.712500000000006
decision_type=2 2 2 2 2 2 2 2 2 2 2 2 2 2 2 2 2 2 2 2 2 2 2 2 2 2 2 2 2 2
left_child=-1 3 -3 6 -5 -6 8 -8 12 -9 -4 -12 -2 14 -14 -15 17 18 22 20 -20 -16 -17 -24 25 26 27 -25 -26 -30
right_child=1 2 10 4 5 -7 7 9 -10 -11 11 -13 13 15 21 16 -18 -19 19 -21 -22 -23 23 24 28 -27 -28 -29 29 -31
leaf_value=2.5667637134095289e-05 -0.00021052758426236734 0.0001627097779456543 -0.00039978372829128179 0.00056360225170800867 -0.0011077205386340679 -0.0009935274826431543 3.1783416903633208e-05 -0.00065092067101856345 0.0002936980150944062 -0.0016834679917164528 -0.00025284439749269849 0.00024654946697645115 -2.4390286970842589e-05 0.00030992726516193661 -0.00079716709729369816 0.00024290244332837675 -0.00021092279883175069 8.1552215078229296e-05 -0.00095040409998025852 -0.0012035966990616041 -0.00026370046901890798 -0.00035395300597973917 0.00038810215637249821 -0.00087065655404464863 -0.00047150287803594945 0.00039914940726555582 0.00044646647034511379 -0.00013263924290186761 4.9630906800795312e-05 -0.0008596281089987359
leaf_weight=104319 1132 3936 384 96 50 142 343 254 1633 75 768 960 1161 1628 213 664 576 2850 138 56 366 852 637 67 288 384 130 183 315 161
leaf_count=104319 1132 3936 384 96 50 142 343 254 1633 75 768 960 1161 1628 213 664 576 2850 138 56 366 852 637 67 288 384 130 183 315 161
internal_value=0.000103438 -0.000285686 0.000593585 -0.000655134 -0.00524306 -0.00932292 -0.000561463 -0.00333333 -0.000422808 -0.00715805 -0.00091856 -0.000179398 -0.000673248 -0.000473802 -0.00205301 -5.74438e-05 -0.000458547 -0.000185126 -0.00103423 -0.00464286 -0.00353175 -0.00401408 -0.000319901 -0.00105081 -0.00219895 -0.000104712 -0.00263158 -0.0054 -0.00429319 -0.00235294
internal_weight=124761 20442 6048 14394 288 192 14106 672 13434 329 2112 1728 11801 10669 2226 8443 6815 6239 3389 560 504 1065 2829 2165 1528 764 380 250 764 476
internal_count=124761 20442 6048 14394 288 192 14106 672 13434 329 2112 1728 11801 10669 2226 8443 6815 6239 3389 560 504 1065 2829 2165 1528 764 380 250 764 476
is_linear=0
shrinkage=0.05


Tree=180
num_leaves=31
num_cat=0
split_feature=0 7 7 0 0 3 9 8 0 9 8 3 7 10 0 7 0 4 7 1 6 3 11 11 3 9 11 3 11 11
split_gain=1.36557 3.13174 1.29611 1.18871 1.88795 2.62468 2.96002 2.48669 2.21486 8.86594 3.52075 1.99331 1.87592 5.33985 4.51075 4.18446 2.17121 3.11226 3.06539 2.25725 2.12742 2.08194 2.00831 3.99163 2.11559 2.13668 2.0053 1.90478 1.80361 1.85722
threshold=9.5000000000000018 23.837500000000006 39.662500000000016 75.500000000000014 62.500000000000007 0.534952257794027 12.998697916666668 19.550000000000004 56.500000000000007 26.279947916666671 30.250000000000004 -0.99940763397299126 24.212500000000006 1.0000000180025095e-35 64.500000000000014 31.512500000000006 71.500000000000014 0.21652257995689161 31.612500000000004 3.5000000000000004 1.0000000180025095e-35 0.25206111083856975 1.1118361362686917 1.1538549292311382 0.15101559051660998 33.187239583333344 1.0321746889846761 -0.9954993026558282 1.1338093104982068 1.0044072743756243
decision_type=2 2 2 2 2 2 2 2 2 2 2 2 2 2 2 2 2 2 2 2 2 2 2 2 2 2 2 2 2 2
left_child=1 -1 3 4 8 12 7 -7 10 -10 -2 -12 14 16 21 -15 18 19 20 -18 27 -6 24 -24 -20 -26 -21 -14 29 -5
right_child=2 -3 -4 28 5 6 -8 -9 9 -11 11 -13 13 15 -16 -17 17 -19 22 26 -22 -23 23 -25 25 -27 -28 -29 -30 -31
leaf_value=-4.262815255651941e-06 4.3656490249879474e-05 0.00048019954998332885 0.00058734307632629743 1.573733848567326e-06 -0.00047650285459368587 -0.00029305750790455343 -0.00017545417749424201 -0.0011591612680835323 -0.00012267654393029526 0.0010463330665747453 0.0025864918775568525 -8.159805601142476e-05 -0.00063046289927825205 -7.5437848666478919e-05 0.00021522689933511148 0.002627831795286621 -0.00057479198307780835 0.0011667398567490109 0.0012024680420155522 -0.0012488715446104634 -0.0010484889675323318 0.00026043038956681438 -0.0027886271171905872 0.0030603717100579956 -0.0022373727876991759 0.00070677750660746237 -0.00052312104833037516 -0.0002874889915856901 -0.00041144534570372701 0.00014700361760533313
leaf_weight=6990 27730 6032 1167 13369 385 117 4719 52 3882 3611 188 32555 81 3301 3647 1090 464 94 680 267 91 144 54 52 110 144 124 1029 1140 11452
leaf_count=6990 27730 6032 1167 13369 385 117 4719 52 3882 3611 188 32555 81 3301 3647 1090 464 94 680 267 91 144 54 52 110 144 124 1029 1140 11452
internal_value=9.98311e-05 0.000584396 4.33602e-05 2.58657e-05 -6.49441e-05 -0.000542205 -0.00151596 -0.00801775 5.19379e-05 0.000862805 -4.85339e-05 -0.000399627 -0.000137365 -0.00060612 0.000713602 0.000524938 -0.00216301 -0.00416754 -0.00131415 -0.00511696 -0.00303497 -0.00360113 0.000673077 -0.00584906 0.00141328 -0.00248031 -0.0079156 -0.00243243 0.000321829 0.000411144
internal_weight=124761 13022 111739 110572 84611 16645 4888 169 67966 7493 60473 32743 11757 7581 4176 4391 3190 949 2241 855 1201 529 1040 106 934 254 391 1110 25961 24821
internal_count=124761 13022 111739 110572 84611 16645 4888 169 67966 7493 60473 32743 11757 7581 4176 4391 3190 949 2241 855 1201 529 1040 106 934 254 391 1110 25961 24821
is_linear=0
shrinkage=0.05


Tree=181
num_leaves=31
num_cat=0
split_feature=3 3 9 3 1 0 8 1 5 0 7 3 7 8 0 5 9 11 3 7 1 1 11 3 3 3 11 3 3 8
split_gain=1.21304 2.44793 2.84416 2.15576 3.51562 2.81233 1.94613 2.03197 1.88472 3.7807 2.16455 2.42635 2.05789 1.72266 2.28664 1.59305 2.4459 3.92696 1.81501 2.86783 4.56383 3.48373 1.58611 2.5328 2.6779 2.00675 2.01583 2.00706 1.83115 2.52109
threshold=0.81925054981890411 0.98372640911059162 26.058333333333337 0.98213580174693105 4.5000000000000009 24.500000000000004 34.350000000000001 1.5000000000000002 1.0000000180025095e-35 60.500000000000007 32.712500000000013 0.94138322595482449 33.01250000000001 36.550000000000004 54.500000000000007 1.0000000180025095e-35 27.969531250000006 1.0678921040427489 -0.89406062840022227 28.312500000000004 4.5000000000000009 1.0000000180025095e-35 0.92180858479239347 0.85673801594079257 0.83849049182116964 0.89017062131308955 1.1163525015609757 0.92273069556937592 0.84773968378660736 26.950000000000003
decision_type=2 2 2 2 2 2 2 2 2 2 2 2 2 2 2 2 2 2 2 2 2 2 2 2 2 2 2 2 2 2
left_child=15 3 -3 8 -5 -6 -4 13 12 -10 11 -11 22 -8 -15 -1 17 18 -17 -20 21 -21 -2 24 -24 -25 27 -27 29 -26
right_child=1 2 6 4 5 -7 7 -9 9 10 -12 -13 -14 14 -16 16 -18 -19 19 20 -22 -23 23 25 28 26 -28 -29 -30 -31
leaf_value=1.5811996304096534e-05 -0.00019464190535525968 0.00015561671901577606 -0.00037133687009188932 0.00053976915146676432 -0.0010482546089017931 -0.00099052809437752821 -6.2883162497365581e-05 0.00023256416721971872 -3.1196874701091977e-05 -0.00095069719199213261 -0.0021081138348017733 2.8184295183822687e-05 0.00028543820245728266 -0.00056216311725443757 0.00015922060188951372 0.00047004654713266492 0.00072849060259320845 -0.00043630591904107101 6.4666401228854551e-05 -0.00023271673137769484 0.0011634306586766475 -0.0013283351931597659 -2.2164681121675086e-05 0.00029969006754346211 5.88517072122166e-05 -0.00022299228609620869 -0.00019395035391413376 5.4722385123250648e-05 -0.00028026631918026505 -0.00065970471719174241
leaf_weight=98561 1135 3936 384 96 50 142 576 960 427 95 52 98 1591 110 82 672 2112 288 2484 58 79 65 1166 1631 96 1932 576 4333 567 407
leaf_count=98561 1135 3936 384 96 50 142 576 960 427 95 52 98 1591 110 82 672 2112 288 2484 58 79 65 1166 1631 96 1932 576 4333 567 407
internal_value=9.34188e-05 -0.000258781 0.000585318 -0.00061345 -0.00489583 -0.00880208 -0.000894886 -0.000179398 -0.000526017 -0.00311012 -0.00806122 -0.00562176 -0.000396754 -0.00209635 -0.00619792 0.000162435 0.000970823 0.000186506 0.000667064 8.56294e-05 -0.00564356 -0.0116667 -0.000623575 -0.000435188 -0.00193202 -4.0132e-05 -0.000415875 -0.000155626 -0.00373832 -0.00593439
internal_weight=124761 20442 6048 14394 288 192 2112 1728 14106 672 245 193 13434 768 192 104319 5758 3646 3358 2686 202 123 11843 10708 2236 8472 6841 6265 1070 503
internal_count=124761 20442 6048 14394 288 192 2112 1728 14106 672 245 193 13434 768 192 104319 5758 3646 3358 2686 202 123 11843 10708 2236 8472 6841 6265 1070 503
is_linear=0
shrinkage=0.05


Tree=182
num_leaves=31
num_cat=0
split_feature=4 8 0 0 0 0 0 10 3 0 11 0 8 10 3 11 11 9 9 9 9 11 7 3 9 1 11 8 8 3
split_gain=1.19177 4.71056 4.36761 5.00031 3.46099 11.3126 3.16628 3.75493 3.11323 2.95449 2.8711 2.84 2.80967 7.25653 4.60029 4.11072 8.43196 3.71675 3.7114 4.28994 3.55006 7.00379 3.04417 3.09447 2.60326 7.35047 3.5472 2.57383 6.34379 5.52641
threshold=0.18281312110578132 35.150000000000013 90.500000000000014 23.500000000000004 52.500000000000007 66.500000000000014 76.500000000000014 1.0000000180025095e-35 0.90162119223771331 56.500000000000007 1.1338093104982068 60.500000000000007 34.150000000000013 1.0000000180025095e-35 -0.11692013674435776 0.99290724717615986 0.99142420047150093 32.804166666666674 29.150520833333335 29.247135416666669 29.557031250000005 1.1178088744719634 26.287500000000005 -0.27694604220087021 28.471614583333338 1.5000000000000002 0.83998462250459582 29.150000000000002 29.450000000000003 -0.82897401153126982
decision_type=2 2 2 2 2 2 2 2 2 2 2 2 2 2 2 2 2 2 2 2 2 2 2 2 2 2 2 2 2 2
left_child=2 27 3 12 -5 8 7 -7 9 -6 -8 -10 13 -1 15 16 18 -14 22 -20 -17 -22 23 24 26 -26 -15 29 -29 -2
right_child=1 -3 -4 4 5 6 10 -9 11 -11 -12 -13 17 14 -16 20 -18 -19 19 -21 21 -23 -24 -25 25 -27 -28 28 -30 -31
leaf_value=0.00094450081116105242 0.00060426665578488571 -0.001199340458424087 0.00076114665593819903 -0.00014077757680031408 0.00015199011188763817 -0.00051337377561965132 6.5857808337987031e-05 -9.2487975094793955e-05 0.00017492129382155381 0.0010689608967400291 -0.00079878391099225717 -0.0004351430688738254 -9.6085909254922438e-05 -0.00033148499786918594 0.00030095559298686355 0.00052665855187478464 -0.001775785243564735 0.0012778120058777823 -0.0026507779182532391 -0.00076038281258231793 4.2985053326954095e-05 -0.0027636670068800417 0.0012118064673667019 -0.0008392354262809241 -0.0026315098075006529 0.00057447315144132751 0.00015418486987064787 -0.00053104970653829002 -8.1392077833150186e-05 -2.1638055694222571e-06
leaf_weight=3128 2112 96 3635 21083 2476 3040 9405 4217 864 6190 742 648 5216 294 2134 2092 72 1872 96 328 432 96 468 64 67 97 1003 192 8352 44250
leaf_count=3128 2112 96 3635 21083 2476 3040 9405 4217 864 6190 742 648 5216 294 2134 2092 72 1872 96 328 432 96 468 64 67 97 1003 192 8352 44250
internal_value=9.42203e-05 -7.98151e-05 0.00023144 0.000138679 -0.000121751 0.0002469 -0.000527465 -0.00132493 0.00157104 0.0019363 4.287e-05 -0.000522487 0.000864597 0.00138897 0.000519812 -0.000294578 -0.0017497 9.73478e-05 -0.00124741 -0.00549528 0.00108779 -0.00257576 -0.000343703 -0.00142623 -0.000954825 -0.00689024 -0.000204317 -6.04668e-05 -0.000857912 8.64934e-05
internal_weight=124761 55002 69759 66124 48665 27582 17404 7257 10178 8666 10147 1512 17459 10371 7243 5109 2489 7088 2417 424 2620 528 1993 1525 1461 164 1297 54906 8544 46362
internal_count=124761 55002 69759 66124 48665 27582 17404 7257 10178 8666 10147 1512 17459 10371 7243 5109 2489 7088 2417 424 2620 528 1993 1525 1461 164 1297 54906 8544 46362
is_linear=0
shrinkage=0.05


Tree=183
num_leaves=31
num_cat=0
split_feature=4 0 0 9 7 8 10 3 9 0 0 3 3 0 3 11 11 3 8 8 0 0 0 10 4 10 9 7 8 3
split_gain=1.27622 3.73634 4.86681 3.48273 3.55866 3.16356 5.75318 3.57143 3.19472 2.99887 10.2811 2.71245 2.68769 2.89639 2.67688 2.64402 5.60462 2.71437 4.09158 14.0113 2.59873 4.15492 3.5745 4.12577 3.84891 3.38123 6.06013 4.01834 5.50699 7.91275
threshold=0.18281312110578132 22.500000000000004 90.500000000000014 27.634114583333339 22.962500000000006 34.150000000000013 1.0000000180025095e-35 -0.11692013674435776 32.804166666666674 52.500000000000007 66.500000000000014 0.93544191479114935 0.90162119223771331 56.500000000000007 0.89404822654372251 0.99290724717615986 0.99142420047150093 -0.76141707087277943 31.050000000000004 31.250000000000004 89.500000000000014 70.500000000000014 60.500000000000007 1.0000000180025095e-35 0.24164313636530552 1.0000000180025095e-35 13.946875000000002 16.287500000000005 24.350000000000005 0.64579916509010216
decision_type=2 2 2 2 2 2 2 2 2 2 2 2 2 2 2 2 2 2 2 2 2 2 2 2 2 2 2 2 2 2
left_child=1 5 9 20 -5 6 -1 15 -7 11 12 -3 13 -11 -4 16 17 -8 -19 -20 21 22 -2 24 -24 27 -27 28 -23 -30
right_child=3 2 14 4 -6 8 7 -9 -10 10 -12 -13 -14 -15 -16 -17 -18 18 19 -21 -22 25 23 -25 -26 26 -28 -29 29 -31
leaf_value=0.00089992369233625924 8.826171602531788e-07 -0.00016985616871326669 0.0012936356608029159 -0.00092229567615711517 -0.00030572883302620581 -9.5129274087032384e-05 8.6694465770381784e-05 0.00029590622332257031 0.0012196792907487699 0.00014439060629325534 -0.000112886418017134 0.00012152608390171231 -0.00010899230979815233 0.0010155128519030278 -0.00027404578851981546 0.0002908168174101753 -0.0017145834764201633 0.00053368223796264401 -0.0025928205521945583 -0.00057372766086688542 -0.00010769752544295898 -0.00011127128319820565 -0.0016045901817897793 -0.0003511922825847218 5.4622943244197206e-05 0.0020759123601413652 6.601988713393911e-05 0.00014930573066710892 -0.0010262231749440709 2.2320092982805689e-05
leaf_weight=2998 34587 18990 3090 84 492 4999 1265 2045 1794 2476 17404 2820 1512 6190 545 2511 69 303 69 679 3398 2119 70 3090 2510 1653 4218 2638 66 77
leaf_count=2998 34587 18990 3090 84 492 4999 1265 2045 1794 2476 17404 2820 1512 6190 545 2511 69 303 69 679 3398 2119 70 3090 2510 1653 4218 2638 66 77
internal_value=0.000106644 0.000248642 4.30914e-05 -7.34517e-05 -0.00394097 0.000900072 0.00146846 0.000677856 6.8453e-05 -8.6856e-05 0.00025959 -0.000524988 0.00152191 0.0018613 0.0018088 -5.51469e-05 -0.00124738 -0.000829015 -0.00270695 -0.00469251 -3.2521e-05 5.66358e-05 -0.000176739 -0.00134039 0.000135659 0.000928883 0.0017382 -4.08161e-05 -0.00158709 -0.0110839
internal_weight=124761 69759 53027 55002 576 16732 9939 6941 6793 49392 27582 21810 10178 8666 3635 4896 2385 2316 1051 748 54426 51028 40257 5670 2580 10771 5871 4900 2262 143
internal_count=124761 69759 53027 55002 576 16732 9939 6941 6793 49392 27582 21810 10178 8666 3635 4896 2385 2316 1051 748 54426 51028 40257 5670 2580 10771 5871 4900 2262 143
is_linear=0
shrinkage=0.05


Tree=184
num_leaves=31
num_cat=0
split_feature=4 4 7 8 0 0 8 9 3 10 7 8 7 8 7 9 8 10 1 9 0 8 0 7 9 9 1 7 9 3
split_gain=1.11908 2.26274 3.13392 3.86505 2.78067 3.21946 2.7445 5.03518 6.3025 2.99866 3.5686 1.95295 1.73314 1.41759 2.33721 2.33717 2.18936 1.63622 2.16509 1.54006 1.50712 1.61193 1.41399 2.1314 1.94521 1.63315 1.46058 1.44683 4.26961 4.45766
threshold=0.9863035000474919 0.99349222267034787 8.7875000000000032 15.350000000000003 35.500000000000007 93.500000000000014 20.550000000000004 12.703645833333335 0.13398903995667991 1.0000000180025095e-35 13.912500000000003 21.950000000000003 21.462500000000006 12.650000000000002 6.0125000000000011 13.209375 18.950000000000003 1.0000000180025095e-35 2.5000000000000004 15.127864583333336 8.5000000000000018 19.750000000000004 9.5000000000000018 23.837500000000006 9.9703125000000004 10.334114583333335 4.5000000000000009 8.7875000000000032 10.710937500000002 0.16799745313369893
decision_type=2 2 2 2 2 2 2 2 2 2 2 2 2 2 2 2 2 2 2 2 2 2 2 2 2 2 2 2 2 2
left_child=22 2 -2 -4 11 -6 7 -5 9 -9 -11 13 -8 -3 -15 16 17 -16 -19 20 21 -17 23 25 -24 -1 -27 28 29 -26
right_child=1 4 3 6 5 -7 12 8 -10 10 -12 -13 -14 14 15 19 -18 18 -20 -21 -22 -23 24 -25 27 26 -28 -29 -30 -31
leaf_value=-0.00021507851929683519 0.00049846967856113748 -0.00046072093996712965 -0.0025683173491549056 0.00034718905963250138 0.00018445437287315354 -0.0010076521033975745 6.1010629935731955e-05 -0.0008593346801518552 -7.1414243262172061e-05 0.00022440034883517443 -0.0013489801648118487 0.00021843174746057149 -0.0014374747004397351 0.00019580339738561973 8.8303146705537731e-05 6.4189880514962502e-05 -0.00056932202877443458 -0.00061332228688384732 -0.00010026824955939359 -0.00023606457053134691 0.00013665870021055694 -0.00015641665073923622 0.0026135373480406618 0.00046817831730095063 -0.0015599833480433914 -1.6067075843064184e-05 7.6701360155718274e-05 1.4905873330661187e-05 -3.4371375420763765e-05 -0.00021484455584783931
leaf_weight=50 244 144 53 345 3132 108 750 285 384 118 74 288 51 447 144 63 210 51 84 108 351 54 258 6032 99 4308 1852 102660 1906 108
leaf_count=50 244 144 53 345 3132 108 750 285 384 118 74 288 51 447 144 63 210 51 84 108 351 54 258 6032 99 4308 1852 102660 1906 108
internal_value=0.000103839 -0.000488782 -0.00179253 -0.00242718 9.06638e-05 0.000987654 -0.00207524 -0.00358209 -0.00562718 -0.00946541 -0.00463542 -0.00140432 0.000193508 -0.00206522 -0.00161376 -0.00288732 -0.00542945 -0.00252688 -0.00648148 -0.000729166 0.000512821 -0.00440171 0.000141678 0.000650221 8.24044e-05 1.86265e-10 7.30521e-05 7.17267e-05 -0.00122338 -0.00804348
internal_weight=124761 7488 2304 2060 5184 3240 2007 1206 861 477 192 1944 801 1656 1512 1065 489 279 135 576 468 117 117273 12242 105031 6210 6160 104773 2113 207
internal_count=124761 7488 2304 2060 5184 3240 2007 1206 861 477 192 1944 801 1656 1512 1065 489 279 135 576 468 117 117273 12242 105031 6210 6160 104773 2113 207
is_linear=0
shrinkage=0.05


Tree=185
num_leaves=31
num_cat=0
split_feature=3 9 8 10 11 7 8 4 7 0 3 4 0 3 4 9 9 0 8 7 8 9 9 3 9 3 9 0 11 11
split_gain=1.1134 4.34012 2.40095 5.58013 3.41816 3.12638 2.89132 2.80869 2.94497 2.49804 2.16735 2.31664 2.86705 2.14859 2.10422 4.5488 4.13873 1.95336 1.77287 1.97037 2.24192 2.00139 2.69692 2.2487 1.67848 3.31901 2.73476 1.65057 1.60651 2.50481
threshold=-0.88622299073327826 22.899479166666669 31.050000000000004 1.0000000180025095e-35 0.78920070979102952 24.962500000000006 33.45000000000001 0.18281312110578132 22.962500000000006 94.500000000000014 -0.99166060804803513 -0.039769286347669845 29.500000000000004 -0.98930078251469888 -0.29342786347392819 27.749479166666671 27.258593750000003 22.500000000000004 26.950000000000003 27.187500000000004 30.550000000000004 23.771875000000005 23.303385416666668 -0.94705910369513524 25.138020833333339 -0.9954993026558282 26.541666666666668 53.500000000000007 1.0178050453765108 0.94260747916725696
decision_type=2 2 2 2 2 2 2 2 2 2 2 2 2 2 2 2 2 2 2 2 2 2 2 2 2 2 2 2 2 2
left_child=1 -1 3 5 -5 -3 10 -8 -9 14 11 12 -4 -7 -6 16 18 -12 -16 21 -21 22 -20 24 -23 26 -26 28 29 -19
right_child=-2 2 6 4 9 13 7 8 -10 -11 17 -13 -14 -15 15 -17 -18 27 19 20 -22 23 -24 -25 25 -27 -28 -29 -30 -31
leaf_value=0.0018872444192773886 4.2445932774502294e-06 0.0011924804511203968 -0.0013068880225034923 0.0027895464625660345 0.00079820407101484174 -0.00027876446328337079 0.00015187390093798197 -0.00082447122107440088 -0.00028611163379972226 -0.0010535902015773701 0.00093180033728778927 0.0020182245776569955 0.0011935394998004237 0.00034224897044401233 0.003577563303082721 -0.0010478709150308642 0.00092301782298622132 0.0011363442639837869 -0.00024372054557125368 0.000168291150042928 -0.00044045028968290185 8.9528047466563833e-07 0.00067594219290313651 -0.00041004725071861381 -0.00067507170471965434 -0.00017651716180479054 0.0012989181417501811 0.00043248382373125188 0.00045266816735183458 -0.00046769763475791506
leaf_weight=576 107185 1207 60 288 380 791 1152 93 579 56 1288 1060 132 882 95 190 380 186 218 1032 281 456 287 204 363 1384 54 2352 496 1054
leaf_count=576 107185 1207 60 288 380 791 1152 93 579 56 1288 1060 132 882 95 190 380 186 218 1032 281 456 287 204 363 1384 54 2352 496 1054
internal_value=0.000102236 0.000471097 0.000326471 -0.000264389 -0.00117502 0.00152778 0.000924042 -0.000838816 -0.00340774 -0.00145911 0.00140917 0.00328275 -0.00177083 0.000128512 -0.00134861 -0.00162419 -0.00132099 0.000972842 -0.00175583 -0.00190582 -0.000293221 -0.00261969 0.000247525 -0.00320805 -0.00275366 -0.00343976 -0.00735012 0.000437867 -0.000731567 -0.00169355
internal_weight=124761 17576 17000 8548 5668 2880 8452 1824 672 5380 6628 1252 192 1673 5324 4944 4754 5376 4374 4279 1313 2966 505 2461 2257 1801 417 4088 1736 1240
internal_count=124761 17576 17000 8548 5668 2880 8452 1824 672 5380 6628 1252 192 1673 5324 4944 4754 5376 4374 4279 1313 2966 505 2461 2257 1801 417 4088 1736 1240
is_linear=0
shrinkage=0.05


Tree=186
num_leaves=31
num_cat=0
split_feature=0 9 3 11 3 9 9 4 4 3 0 3 10 0 11 0 8 0 0 7 0 1 8 8 10 9 3 0 7 9
split_gain=1.11262 1.07309 2.41363 1.2282 1.15621 4.34601 2.2659 1.6652 2.81238 2.39238 2.55767 2.68752 2.27368 3.91709 5.90088 4.40287 2.24224 2.7962 2.33472 2.2395 2.86506 2.14912 2.11328 2.59259 3.62002 3.53699 4.28987 3.25958 3.04468 2.91115
threshold=1.0000000180025095e-35 35.273437500000007 0.49812943072827093 1.1049966690345681 -0.88622299073327826 22.899479166666669 23.303385416666668 -0.30982845708428081 -0.25206183926700709 -0.93235440815991333 32.500000000000007 -0.91597725483594616 1.0000000180025095e-35 69.500000000000014 0.99142420047150093 88.500000000000014 31.450000000000003 21.500000000000004 39.500000000000007 28.737500000000004 53.500000000000007 3.5000000000000004 34.050000000000004 31.050000000000004 1.0000000180025095e-35 23.771875000000005 -0.9442364261229238 93.500000000000014 24.637500000000006 27.749479166666671
decision_type=2 2 2 2 2 2 2 2 2 2 2 2 2 2 2 2 2 2 2 2 2 2 2 2 2 2 2 2 2 2
left_child=-1 4 -3 -4 5 -2 -7 9 12 -8 -11 -12 19 14 16 21 17 -14 -19 -9 -21 -15 23 24 28 -26 27 29 -10 -27
right_child=1 2 3 -5 -6 6 7 8 22 10 11 -13 13 15 -16 -17 -18 18 -20 20 -22 -23 -24 -25 25 26 -28 -29 -30 -31
leaf_value=0.00016131941472007286 0.001797655445264032 0.0012049321579553291 -0.0007645747365944809 0.00054677193717252333 5.173315287910081e-07 -0.00026049067430688154 0.0016878193692194399 0.0016247163066115721 0.0011830237117783455 0.0011222437217123262 -0.00067423749493478082 0.00042406956283835796 0.0014592685940173645 -0.0020871874682445615 -0.0016623787843861948 0.00072339548194723673 0.0017750737989199559 -0.001632645084352738 -0.00065636049225357323 -0.0013820266889239925 0.00039141950809536716 -0.0013044408253656515 -0.00026427157106257701 0.00042157008362732687 0.00069136081674904179 -4.3811249125354363e-05 -0.00052333872313875323 -0.0011423433062370202 1.7986250092587587e-05 -0.0010716163397361462
leaf_weight=1305 570 1235 380 285 104165 285 1045 235 1056 640 567 693 84 95 69 56 207 72 120 61 84 57 1045 4183 475 3723 190 82 1604 93
leaf_count=1305 570 1235 380 285 104165 285 1045 235 1056 640 567 693 84 95 69 56 207 72 120 61 84 57 1045 4183 475 3723 190 82 1604 93
internal_value=9.94303e-05 8.40787e-05 0.00126316 -0.00116541 6.56489e-05 0.000443045 0.000297545 0.00037373 0.000140166 0.00145161 0.000394737 -0.000912698 -0.00223684 -0.00381579 -0.00161232 -0.00966346 0.000341615 -0.0026087 -0.0059375 0.000921053 -0.00396552 -0.0140789 0.000357803 0.000554971 -1.86901e-05 -0.000873329 -0.00134785 -0.000990251 0.00144737 -0.000778302
internal_weight=124761 123456 1900 665 121556 17391 16821 16536 13591 2945 1900 1260 1140 760 552 208 483 276 192 380 145 152 12451 11406 7223 4563 4088 3898 2660 3816
internal_count=124761 123456 1900 665 121556 17391 16821 16536 13591 2945 1900 1260 1140 760 552 208 483 276 192 380 145 152 12451 11406 7223 4563 4088 3898 2660 3816
is_linear=0
shrinkage=0.05


Tree=187
num_leaves=31
num_cat=0
split_feature=7 3 9 8 10 11 8 7 0 4 7 3 3 3 4 0 3 0 10 9 3 11 0 10 3 7 11 9 3 8
split_gain=1.11254 1.1155 4.19377 1.94862 4.38735 2.80769 2.75014 2.64398 2.58272 2.43657 2.32132 2.16622 2.58185 2.08299 2.2081 2.86705 1.77722 1.68767 1.82238 1.89372 2.71739 4.26087 1.71013 1.5951 3.5629 2.88149 2.26532 1.54757 3.37204 1.54722
threshold=40.88750000000001 -0.88622299073327826 22.899479166666669 31.050000000000004 1.0000000180025095e-35 0.78920070979102952 33.45000000000001 24.637500000000006 94.500000000000014 0.18281312110578132 22.962500000000006 -0.92274349529687905 -0.91597725483594616 -0.99166060804803513 -0.039769286347669845 29.500000000000004 -0.99166060804803513 22.500000000000004 1.0000000180025095e-35 27.258593750000003 -0.94975917145599731 0.99142420047150093 53.500000000000007 1.0000000180025095e-35 -0.95500086777008153 22.212500000000006 0.97407968238158804 29.230989583333336 -0.93235440815991333 33.150000000000013
decision_type=2 2 2 2 2 2 2 2 2 2 2 2 2 2 2 2 2 2 2 2 2 2 2 2 2 2 2 2 2 2
left_child=1 2 -1 4 7 -6 13 11 -7 -8 -11 -4 -13 14 15 -5 -9 18 -15 -20 21 -21 23 24 26 -25 -19 29 -29 -27
right_child=-2 -3 3 6 5 8 9 16 -10 10 -12 12 -14 17 -16 -17 -18 22 19 20 -22 -23 -24 25 -26 27 -28 28 -30 -31
leaf_value=0.0017029994260503159 0.0013902631709090344 2.786530891302682e-06 0.0018167015424051603 -0.0012626221255596826 0.0026155010986002813 -0.00012816530350298906 0.00014028890421668357 -0.00023479656478535843 -0.00094379352618665074 -0.00077003408146755379 -0.00025859247355660819 -0.00042542703325199521 0.00055557081050194889 0.0025918318699228952 0.0018962348445927804 0.0011127840206290359 0.00028455487064368325 -0.0016856473224985274 0.0015727209927690082 -7.6195396515938205e-06 0.00067410097031226507 -0.0012045097228509248 0.00040596801322057252 -0.00057139197952616112 0.00034957971462934846 0.00063076009602791377 -0.0005500890402548546 0.0019459613259801727 -0.0017343815949886245 -0.00082329059690592157
leaf_weight=576 560 106625 790 60 288 5324 1152 751 56 93 579 57 231 460 1060 132 1051 62 276 138 345 69 2352 53 310 857 248 93 62 51
leaf_count=576 560 106625 790 60 288 5324 1152 751 56 93 579 57 231 460 1060 132 1051 62 276 138 345 69 2352 53 310 857 248 93 62 51
internal_value=9.78272e-05 8.78014e-05 0.000456873 0.000314706 -0.000217595 -0.00102505 0.000853053 0.00137153 -0.00128253 -0.000866228 -0.00325893 0.00333024 -0.000381944 0.00132619 0.00316294 -0.00177083 0.000199778 0.000898438 0.00247671 0.00107488 -0.000615942 -0.00514493 0.000401174 -0.00078917 -0.00282258 0.000340502 -0.0066129 0.000907808 -0.00370968 0.00169604
internal_weight=124761 124201 17576 17000 8548 5668 8452 2880 5380 1824 672 1078 288 6628 1252 192 1802 5376 1288 828 552 207 4088 1736 620 1116 310 1063 155 908
internal_count=124761 124201 17576 17000 8548 5668 8452 2880 5380 1824 672 1078 288 6628 1252 192 1802 5376 1288 828 552 207 4088 1736 620 1116 310 1063 155 908
is_linear=0
shrinkage=0.05


Tree=188
num_leaves=31
num_cat=0
split_feature=3 9 9 0 8 10 7 11 11 11 0 8 1 11 10 0 0 9 7 7 0 8 3 1 11 10 0 9 8 0
split_gain=1.1628 4.15406 1.88985 2.01539 2.76474 2.56668 1.60605 1.57888 2.57069 2.37832 2.20225 2.06505 2.56816 2.74123 2.23003 3.14043 2.90463 2.53669 2.75589 3.01614 2.60725 4.52867 2.30818 2.03567 1.83474 1.56267 2.03958 1.54286 1.42716 1.40202
threshold=-0.88622299073327826 22.899479166666669 23.303385416666668 19.500000000000004 35.150000000000013 1.0000000180025095e-35 20.487500000000004 0.78920070979102952 0.83118285699629402 0.87438713147174518 68.500000000000014 31.050000000000004 1.0000000180025095e-35 0.97407968238158804 1.0000000180025095e-35 82.500000000000014 32.500000000000007 28.170312500000005 28.737500000000004 27.687500000000004 31.500000000000004 33.050000000000004 -0.94975917145599731 1.5000000000000002 1.0202540345051931 1.0000000180025095e-35 78.500000000000014 25.138020833333339 28.850000000000005 60.500000000000007
decision_type=2 2 2 2 2 2 2 2 2 2 2 2 2 2 2 2 2 2 2 2 2 2 2 2 2 2 2 2 2 2
left_child=1 -1 6 4 5 -4 -3 -5 10 -10 -9 12 13 29 15 16 -13 20 19 -19 21 23 -18 -16 -21 26 -14 -12 -29 -11
right_child=-2 2 3 7 -6 -7 -8 8 9 11 27 14 25 -15 17 -17 22 18 -20 24 -22 -23 -24 -25 -26 -27 -28 28 -30 -31
leaf_value=0.0016178494547478012 3.7210152222215872e-06 -0.00029532450969024186 0.0014845122020010813 0.0018657342945245913 -0.00055546790951039834 4.0262010232474212e-05 -0.00016909185900822204 -0.00014248203071672616 0.00068449033035621054 -0.00048752489977212186 4.8915048494282613e-06 0.00075650928750856192 -6.5376762673811941e-06 -0.00014734888509945529 -0.00081286571323496725 0.0018240405118094924 -0.00059522483545521401 0.00025201982085059472 0.00071113284945615739 -0.0016359042718692221 0.0012870408556507873 -0.0013826785270856601 1.1044319963419942e-05 0.0010708758798360486 -0.00022866113779969612 -0.00014658505321161889 0.0014563121523037546 -0.0010324044168089355 -0.00033704713847057164 -0.0012294620769757042
leaf_weight=576 107185 92 1244 304 60 2184 196 343 760 82 54 442 1357 304 60 442 1050 319 897 202 1984 84 650 228 102 2964 391 81 54 70
leaf_count=576 107185 92 1244 304 60 2184 196 343 760 82 54 442 1357 304 60 442 1050 319 897 202 1984 84 650 228 102 2964 391 81 54 70
internal_value=9.98311e-05 0.000476787 0.000335294 0.0004045 0.00147362 0.00165986 -0.00368056 0.000122505 3.86999e-05 0.000184856 -0.00336466 7.74012e-06 -0.000737229 -0.00432018 0.000603715 -0.000534056 -0.00132586 0.00136223 -0.000230263 -0.00278491 0.00238964 -0.00145161 -0.00226471 0.00152778 -0.00634868 -0.000390492 0.000795195 -0.00769841 -0.0105556 -0.00980263
internal_weight=124761 17576 17000 16712 3488 3428 288 13224 12920 12388 532 11628 5168 456 6460 2584 2142 3876 1520 623 2356 372 1700 288 304 4712 1748 189 135 152
internal_count=124761 17576 17000 16712 3488 3428 288 13224 12920 12388 532 11628 5168 456 6460 2584 2142 3876 1520 623 2356 372 1700 288 304 4712 1748 189 135 152
is_linear=0
shrinkage=0.05


Tree=189
num_leaves=31
num_cat=0
split_feature=3 9 4 3 0 3 8 8 10 9 9 11 1 1 11 0 4 7 8 1 10 7 0 7 11 7 3 3 3 0
split_gain=1.17023 3.98316 1.85414 1.95721 2.23669 2.20119 1.91945 2.36999 3.78261 3.88698 2.94624 3.38603 4.75786 3.53889 3.32391 2.55405 2.54417 2.44366 2.41652 3.7483 2.93783 5.17707 2.01824 6.36796 2.94118 2.34078 2.24011 1.90402 2.12845 1.78945
threshold=-0.88622299073327826 22.899479166666669 -0.30982845708428081 -0.93235440815991333 32.500000000000007 -0.91597725483594616 33.95000000000001 31.050000000000004 1.0000000180025095e-35 27.749479166666671 27.258593750000003 0.9078174546384491 4.5000000000000009 4.5000000000000009 0.92262612894382223 90.500000000000014 -0.039769286347669845 24.637500000000006 32.250000000000007 5.5000000000000009 1.0000000180025095e-35 28.687500000000004 67.500000000000014 27.412500000000005 0.97937736963053801 23.112500000000004 -0.98664820696349753 -0.92274349529687905 -0.91597725483594616 52.500000000000007
decision_type=2 2 2 2 2 2 2 2 2 2 2 2 2 2 2 2 2 2 2 2 2 2 2 2 2 2 2 2 2 2
left_child=1 -1 3 -3 -5 -6 7 8 17 10 11 13 14 -10 -13 -16 29 27 20 -20 21 -18 25 -24 -25 26 -8 -4 -29 -9
right_child=-2 2 6 4 5 -7 22 16 9 -11 -12 12 -14 -15 15 -17 18 -19 19 -21 -22 -23 23 24 -26 -27 -28 28 -30 -31
leaf_value=0.0015369569820104115 3.5349644611103643e-06 0.0016215517642973517 0.0016577010190977034 0.0010331194998375907 -0.00065358924006231995 0.00036974047915938233 0.00074539230102132841 -0.00047869638856635278 0.00029099468372467793 -0.00086886997358351825 0.00087618855273828133 -0.00046690835647737288 2.1391924091698533e-05 -0.00049273319491818085 -0.00020620160608182336 -0.0010524159148301577 0.00088259272815573479 2.9887512374033115e-05 0.00055517533357116026 -0.00045156334491881225 0.0020121488415764826 -0.00070076200700999736 0.000158917013395557 -2.9235991581322559e-05 -0.0023002875245208697 0.00012522940644805122 -0.00070719617826409933 -0.00042264584180504925 0.00047749553639959595 0.00042610029142822487
leaf_weight=576 107185 1056 790 660 567 693 91 689 1248 192 384 192 1344 192 1642 90 398 1802 1248 384 1248 182 183 51 102 615 110 57 231 559
leaf_count=576 107185 1056 790 660 567 693 91 689 1248 192 384 192 1344 192 1642 90 398 1802 1248 384 1248 182 183 51 102 615 110 57 231 559
internal_value=9.86288e-05 0.000476787 0.000338235 0.00147177 0.000520834 -0.000714286 9.76899e-05 0.000272685 -0.000242528 -0.00103709 -0.000773763 -0.00111725 -0.00200734 0.000902778 -0.00360187 -0.00290993 0.0011661 0.00121528 0.00186416 0.000465686 0.00311269 0.000172414 -0.00185764 -0.00511905 -0.0126471 -0.000514706 -0.005199 0.00309833 -0.000381944 -0.000769231
internal_weight=124761 17576 17000 2976 1920 1260 14024 12872 8164 5284 5092 4708 3268 1440 1924 1732 4708 2880 3460 1632 1828 580 1152 336 153 816 201 1078 288 1248
internal_count=124761 17576 17000 2976 1920 1260 14024 12872 8164 5284 5092 4708 3268 1440 1924 1732 4708 2880 3460 1632 1828 580 1152 336 153 816 201 1078 288 1248
is_linear=0
shrinkage=0.05


Tree=190
num_leaves=31
num_cat=0
split_feature=3 9 8 10 8 11 7 11 3 4 0 0 3 3 3 3 7 0 10 9 1 3 0 8 11 11 8 8 0 8
split_gain=1.22111 3.79958 1.54519 2.87859 2.50478 2.33951 2.23887 2.1568 2.09508 2.17249 2.86705 1.90542 1.75541 1.83373 1.71942 1.61157 2.0147 1.54137 1.99448 2.10205 2.26449 3.76364 1.61377 1.63047 2.39203 6.01667 2.1132 2.48278 2.03614 1.8375
threshold=-0.88622299073327826 22.899479166666669 31.050000000000004 1.0000000180025095e-35 33.45000000000001 1.0202540345051931 24.962500000000006 0.78920070979102952 -0.99166060804803513 -0.039769286347669845 29.500000000000004 94.500000000000014 -0.92274349529687905 -0.91597725483594616 -0.98046803196378884 -0.98370366633421236 22.962500000000006 22.500000000000004 1.0000000180025095e-35 27.258593750000003 2.5000000000000004 -0.94975917145599731 54.500000000000007 31.550000000000004 0.97072873014583261 0.94260747916725696 31.950000000000003 33.150000000000013 33.500000000000007 32.350000000000001
decision_type=2 2 2 2 2 2 2 2 2 2 2 2 2 2 2 2 2 2 2 2 2 2 2 2 2 2 2 2 2 2
left_child=1 -1 3 6 8 15 12 -5 9 10 -4 -9 -3 -14 -8 -6 -17 18 -10 -20 -21 -22 23 -19 25 -25 28 -28 -26 -27
right_child=-2 2 4 7 5 -7 14 11 17 -11 -12 -13 13 -15 -16 16 -18 22 19 20 21 -23 -24 24 26 29 27 -29 -30 -31
leaf_value=0.0014601091329098917 3.3582162380545643e-06 0.001572075674071221 -0.0011391785490587559 0.0024042716399878092 7.7660270874457438e-05 0.00084824883613993064 -0.00015504414396383051 -0.00010585774596748781 0.0023411421383118724 0.0017223497383598695 0.0011066993791165618 -0.00083663470567490116 -0.00039042664092823467 0.00042918525090307594 0.00030684199124778608 -0.00072254803330337606 -0.00038956310304351599 0.0003482038738745927 0.0014231957825731208 0.00091747963731765635 -0.00075607502020738117 0.00022457789792244996 0.00038351666865215912 0.0011862375270149657 0.00037482133500623749 -0.0022134776678575936 0.00044662891241428092 -0.00094198168496117246 -0.0009199603801002727 -0.00066428401473959378
leaf_weight=576 107185 908 60 288 576 384 1003 5324 460 1060 132 56 60 239 670 93 771 416 276 184 115 253 2296 96 88 64 768 96 168 96
leaf_count=576 107185 908 60 288 576 384 1003 5324 460 1060 132 56 60 239 670 93 771 416 276 184 115 253 2296 96 88 64 768 96 168 96
internal_value=9.90295e-05 0.000485321 0.00035 -0.000124005 0.00082939 -0.000811403 0.00116319 -0.000778052 0.00128093 0.003123 -0.00177083 -0.00100372 0.00280447 -0.000518394 -2.09203e-05 -0.00173611 -0.00310185 0.000851935 0.00236025 0.00089372 -0.000887681 -0.00315217 0.000376713 -0.000747768 -0.00157703 -0.0059375 -0.000580357 0.000601852 -0.00457031 -0.011875
internal_weight=124761 17576 17000 8548 8452 1824 2880 5668 6628 1252 192 5380 1207 299 1673 1440 864 5376 1288 828 552 368 4088 1792 1376 256 1120 864 256 160
internal_count=124761 17576 17000 8548 8452 1824 2880 5668 6628 1252 192 5380 1207 299 1673 1440 864 5376 1288 828 552 368 4088 1792 1376 256 1120 864 256 160
is_linear=0
shrinkage=0.05


Tree=191
num_leaves=31
num_cat=0
split_feature=3 9 8 10 8 7 11 9 0 3 3 4 0 9 0 3 0 3 0 0 10 9 3 1 0 8 9 9 10 0
split_gain=1.35585 3.75641 1.50814 2.74926 2.15374 2.12728 2.1119 2.0551 1.92477 1.78045 1.75357 1.65995 2.516 1.81412 1.83503 1.54188 1.55449 1.47596 1.60012 1.41063 1.95817 1.96808 2.43303 3.96196 1.48786 1.84615 1.41555 2.96017 2.64344 2.49379
threshold=-0.88622299073327826 22.899479166666669 31.050000000000004 1.0000000180025095e-35 33.45000000000001 24.962500000000006 0.78920070979102952 30.522135416666668 94.500000000000014 -0.98930078251469888 -0.98930078251469888 -0.039769286347669845 29.500000000000004 26.751302083333339 58.500000000000007 -0.92274349529687905 69.500000000000014 -0.90163369914317015 18.500000000000004 22.500000000000004 1.0000000180025095e-35 27.258593750000003 -0.94975917145599731 3.5000000000000004 54.500000000000007 33.150000000000013 29.259375000000002 29.247135416666669 1.0000000180025095e-35 32.500000000000007
decision_type=2 2 2 2 2 2 2 2 2 2 2 2 2 2 2 2 2 2 2 2 2 2 2 2 2 2 2 2 2 2
left_child=1 -1 3 5 9 15 -5 -6 -8 11 -7 12 -4 14 -13 -3 17 18 -17 20 -11 -22 23 -23 25 26 27 28 29 -21
right_child=-2 2 4 6 7 10 8 -9 -10 19 -12 13 -14 -15 -16 16 -18 -19 -20 24 21 22 -24 -25 -26 -27 -28 -29 -30 -31
leaf_value=0.0013871036762643971 3.1903054261514984e-06 0.0014934718903676614 -0.0010822196216058177 0.0022840580579884195 -0.00017034073119886635 -0.00024740103183345347 -0.00010056485866911295 0.0020179186176265029 -0.00079480297039115572 0.0022240850313962808 0.00028334256885336568 0.00056750516501222821 0.0010513644101607339 0.0020384124668204836 -0.0010943605017919523 -8.8005998255948818e-05 0.0011582683326822026 0.00047755301396493167 -0.0011647963839573696 0.00048587121629734253 0.0013279597637568851 0.00057849692651612994 0.00056394453539624723 -0.0010032174169069465 0.00036392173412187219 -0.00088375815554709517 0.0017156270432318638 -0.0015730811498566406 0.0002196065648062795 -0.0006545056965950322
leaf_weight=576 107185 908 60 288 1632 791 5324 192 56 460 882 118 132 1060 74 57 117 73 52 160 253 92 345 92 2214 64 160 64 928 352
leaf_count=576 107185 908 60 288 1632 791 5324 192 56 460 882 118 132 1060 74 57 117 73 52 160 253 92 345 92 2214 64 160 64 928 352
internal_value=0.000101033 0.000508079 0.00037353 -9.47588e-05 0.000847137 0.00116319 -0.000733945 -0.000674342 -0.000957249 0.00126584 8.96612e-06 0.00281856 -0.00151042 0.00348243 -0.000989583 0.00276305 -0.00035117 -0.00324176 -0.00692661 0.000833334 0.00230274 0.000780051 -0.000954631 -0.00559783 0.000370371 -0.000729166 -0.000408654 -0.000884308 -0.000416666 -0.00330078
internal_weight=124761 17576 17000 8548 8452 2880 5668 1824 5380 6628 1673 1444 192 1252 192 1207 299 182 109 5184 1242 782 529 184 3942 1728 1664 1504 1440 512
internal_count=124761 17576 17000 8548 8452 2880 5668 1824 5380 6628 1673 1444 192 1252 192 1207 299 182 109 5184 1242 782 529 184 3942 1728 1664 1504 1440 512
is_linear=0
shrinkage=0.05


Tree=192
num_leaves=31
num_cat=0
split_feature=3 9 8 10 8 11 7 3 11 0 3 0 10 9 1 3 4 0 3 0 3 0 8 4 7 0 8 4 0 0
split_gain=1.54942 3.5363 1.50941 2.67229 2.33552 2.06747 1.97382 1.92217 1.86681 1.58765 1.5658 1.50686 1.6261 1.89372 1.75362 2.65929 1.50458 1.88267 1.50113 1.55449 1.47596 1.60012 1.31175 1.31103 2.10287 2.4215 2.35058 2.73705 2.31969 2.36843
threshold=-0.88622299073327826 22.899479166666669 31.050000000000004 1.0000000180025095e-35 33.45000000000001 0.78920070979102952 24.962500000000006 -0.99166060804803513 1.0202540345051931 94.500000000000014 -0.98046803196378884 22.500000000000004 1.0000000180025095e-35 27.258593750000003 2.5000000000000004 -0.94975917145599731 -0.039769286347669845 29.500000000000004 -0.92274349529687905 69.500000000000014 -0.90163369914317015 18.500000000000004 26.950000000000003 -0.9497838742125716 25.912500000000005 86.500000000000014 31.850000000000005 -0.99273797715557011 88.500000000000014 26.500000000000004
decision_type=2 2 2 2 2 2 2 2 2 2 2 2 2 2 2 2 2 2 2 2 2 2 2 2 2 2 2 2 2 2
left_child=1 -1 3 6 7 -5 18 16 -6 22 -8 12 -9 -14 -15 -16 17 -4 -3 20 21 -20 -7 24 25 26 -2 -28 29 -26
right_child=23 2 4 5 8 9 10 11 -10 -11 -12 -13 13 14 15 -17 -18 -19 19 -21 -22 -23 -24 -25 28 -27 27 -29 -30 -31
leaf_value=0.0013177484924511782 0.00052106542159212419 0.0014187982958492797 -0.0010281086405255269 0.0021698551550889981 -0.00020032285404147788 0.0033688308450877873 -0.00014294092366086875 0.0021128807798264679 0.00077347525705611579 -0.00075506282187159869 0.00027733276324272828 8.365471525491268e-05 0.0013046493697043372 0.00084340842868196094 -0.00066811039835166716 0.00018515177625651357 0.0015680558767319089 0.0009987961896526969 -8.3605698343152589e-05 0.0011003549160480937 0.00045367536326668643 -0.0011065565647595016 -0.00010022899278847203 -4.1889462244802751e-06 0.00074192271127239472 -0.0028987333105667864 0.0026852735630705318 -0.00062919007256801731 0.0022353681458541605 7.1779143832751365e-07
leaf_weight=576 274 908 60 288 1440 95 1003 460 384 56 670 4088 276 184 115 253 1060 132 57 117 73 52 5229 92719 3540 59 81 245 1008 9259
leaf_count=576 274 908 60 288 1440 95 1003 460 384 56 670 4088 276 184 115 253 1060 132 57 117 73 52 5229 92719 3540 59 81 245 1008 9259
internal_value=0.000104239 0.000539372 0.000408824 -5.96629e-05 0.000882631 -0.000689837 0.00118056 0.00131865 -0.000701754 -0.00091078 6.8739e-05 0.000907738 0.00239907 0.00107488 -0.000615942 -0.0026087 0.00308307 -0.000989583 0.00272162 -0.00035117 -0.00324176 -0.00692661 -0.00082269 3.28872e-05 0.000475598 -0.00228376 -0.00133333 -0.00420245 0.000607301 0.000425424
internal_weight=124761 17576 17000 8548 8452 5668 2880 6628 1824 5380 1673 5376 1288 828 552 368 1252 192 1207 299 182 109 5324 107185 14466 659 600 326 13807 12799
internal_count=124761 17576 17000 8548 8452 5668 2880 6628 1824 5380 1673 5376 1288 828 552 368 1252 192 1207 299 182 109 5324 107185 14466 659 600 326 13807 12799
is_linear=0
shrinkage=0.05


Tree=193
num_leaves=31
num_cat=0
split_feature=3 9 0 11 11 11 3 8 10 0 0 9 11 9 3 11 0 1 8 9 9 4 9 9 7 8 0 7 4 0
split_gain=1.65561 3.50504 1.5405 1.73792 2.445 2.09156 1.99118 1.7379 2.07595 1.54429 1.31278 1.79085 2.23059 1.97519 1.8582 1.77663 1.51515 1.36352 1.83945 1.60809 1.87597 1.40445 1.42259 1.43102 1.33311 1.2772 1.64982 2.3393 1.77832 2.70458
threshold=-0.88622299073327826 22.899479166666669 22.500000000000004 0.78920070979102952 0.83118285699629402 0.87438713147174518 -0.99697703579879204 35.150000000000013 1.0000000180025095e-35 68.500000000000014 44.500000000000007 26.965885416666669 1.0039018574430203 26.413281250000001 -0.96463499255812291 0.98214465480287083 30.500000000000004 1.5000000000000002 32.050000000000004 28.750260416666666 26.386197916666671 -0.25206183926700709 23.303385416666668 24.258333333333336 28.187500000000004 32.250000000000007 52.500000000000007 27.412500000000005 0.19969739736768838 68.500000000000014
decision_type=2 2 2 2 2 2 2 2 2 2 2 2 2 2 2 2 2 2 2 2 2 2 2 2 2 2 2 2 2 2
left_child=1 -1 7 -4 9 -6 -7 8 -3 -5 11 12 13 -8 16 -13 -14 18 21 20 -19 24 -23 -24 -12 -22 -27 -28 29 -29
right_child=-2 2 3 4 5 6 10 -9 -10 -11 17 15 14 -15 -16 -17 -18 19 -20 -21 25 22 23 -25 -26 26 27 28 -30 -31
leaf_value=0.0012518610678286183 3.1850013650024494e-06 0.0011177113368747416 0.0021586400739203922 -0.00014552046399614075 0.0006962750665227786 0.00040204368649158568 9.1477707587586145e-05 -0.00054081772072519716 4.009642455657113e-05 -0.00079039679674750777 -0.0022005499066723561 -0.00039975059149188427 1.4233384148689954e-05 -0.00042603369811403108 -0.0012713260297529878 0.00021661971368790425 -0.00052316093148642418 0.00021776329342013077 0.00014507646366279667 0.0014904600605533599 -1.403850073993734e-06 -0.00072684862680861705 0.0003603662115945079 -0.00019603033902201866 -0.00058303534766489284 0.0002311779141939445 0.00011682653989561118 9.7473731875409635e-05 -0.0015364678654301773 -0.0015443345727041481
leaf_weight=576 107185 1430 292 322 730 1241 704 69 2580 189 52 462 168 242 88 1100 294 1938 1020 612 1938 51 204 663 101 80 168 112 83 67
leaf_count=576 107185 1430 292 322 730 1241 704 69 2580 189 52 462 168 242 88 1100 294 1938 1020 612 1938 51 204 663 101 80 168 112 83 67
internal_value=0.000106644 0.000556441 0.000426471 0.000159044 7.08688e-05 0.000213732 4.74185e-05 0.0012736 0.00140898 -0.00331703 -0.000183798 -0.00104971 -0.0022861 -0.000813953 -0.00481818 0.000134443 -0.00354978 0.000189731 -0.000882353 0.000638255 0.000303238 -0.0023296 -0.00159041 -0.00111303 -0.00676471 -0.00061683 -0.00284314 -0.00406977 -0.0070229 -0.00421788
internal_weight=124761 17576 17000 12921 12629 12118 11388 4079 4010 511 10147 3058 1496 946 550 1562 462 7089 2091 4998 4386 1071 918 867 153 2448 510 430 262 179
internal_count=124761 17576 17000 12921 12629 12118 11388 4079 4010 511 10147 3058 1496 946 550 1562 462 7089 2091 4998 4386 1071 918 867 153 2448 510 430 262 179
is_linear=0
shrinkage=0.05


Tree=194
num_leaves=31
num_cat=0
split_feature=3 9 0 11 11 11 3 9 4 3 8 10 8 8 0 0 0 1 8 11 10 8 0 3 4 9 8 8 3 11
split_gain=1.59309 3.36855 1.48396 1.74145 2.30026 2.10488 1.68313 1.47141 1.451 4.07609 1.5179 2.06277 1.66573 2.50435 4.98188 1.411 1.38249 1.86084 2.47197 1.87288 3.05932 1.98265 1.91453 1.82102 1.69149 1.38175 2.1043 2.08696 2.0197 1.65338
threshold=-0.88622299073327826 22.899479166666669 22.500000000000004 0.78920070979102952 0.83118285699629402 0.87438713147174518 -0.99697703579879204 26.058333333333337 0.38043945030393422 -0.90893996196865023 35.150000000000013 1.0000000180025095e-35 34.050000000000004 34.750000000000007 10.500000000000002 58.500000000000007 36.500000000000007 3.5000000000000004 30.850000000000005 0.95911488553154101 1.0000000180025095e-35 29.450000000000003 61.500000000000007 -0.99166060804803513 -0.29342786347392819 28.401041666666671 31.250000000000004 31.950000000000003 -0.94975917145599731 0.97937736963053801
decision_type=2 2 2 2 2 2 2 2 2 2 2 2 2 2 2 2 2 2 2 2 2 2 2 2 2 2 2 2 2 2
left_child=1 -1 8 -4 15 -6 7 -7 10 -10 11 12 -3 14 -14 -5 24 18 19 20 -18 -21 -22 -23 -8 26 28 -27 -13 -29
right_child=-2 2 3 4 5 6 16 -9 9 -11 -12 25 13 -15 -16 -17 17 -19 -20 21 22 23 -24 -25 -26 27 -28 29 -30 -31
leaf_value=0.0011892680144371885 3.0257512967520444e-06 0.0016179157080171676 0.0020507080702243715 -9.0999248111549183e-05 0.00066146131319663943 -8.5486815975269572e-05 0.00045463292520795355 0.0012568349662359442 -0.0003584402550544691 0.00026661309869776786 -0.00051377683468893849 -4.7498849138186718e-05 0.0024599064791379788 0.0017600798482224401 -0.00094134648025663613 -0.00066840327306151874 0.00010355069009705678 0.00019090665650611661 5.4334360045284824e-05 0.0011853001742112082 -0.00032008614142237481 -0.0004977370013712454 -0.00077471576421583302 -0.00014037578613323846 -0.00030750601420621756 -0.00093782025011038956 0.0010039411524383739 -0.00074020752743412903 0.00047670512531274684 0.00048801044322282946
leaf_weight=576 107185 1085 292 252 730 365 476 876 92 138 69 1131 55 115 60 259 177 3717 2950 177 150 118 204 708 1470 92 667 69 299 207
leaf_count=576 107185 1085 292 252 730 365 476 876 92 138 69 1131 55 115 60 259 177 3717 2950 177 150 118 204 708 1470 92 667 69 299 207
internal_value=0.000103839 0.000545062 0.000417647 0.000155174 6.69097e-05 0.00020548 3.86373e-05 0.00177679 0.00124908 -0.0026087 0.00147961 0.00161376 0.00321293 -0.000652174 -0.00586956 -0.00321918 -0.000173943 0.000110353 -0.000575379 -0.00220339 -0.00460452 -0.000932203 -0.00728814 -0.00196126 -0.00137205 0.000760649 0.00125656 -0.00206522 0.000174825 0.000108696
internal_weight=124761 17576 17000 12921 12629 12118 11388 1241 4079 230 3849 3780 1315 230 115 511 10147 8201 4484 1534 531 1003 354 826 1946 2465 2097 368 1430 276
internal_count=124761 17576 17000 12921 12629 12118 11388 1241 4079 230 3849 3780 1315 230 115 511 10147 8201 4484 1534 531 1003 354 826 1946 2465 2097 368 1430 276
is_linear=0
shrinkage=0.05


Tree=195
num_leaves=31
num_cat=0
split_feature=3 9 0 8 10 11 11 11 3 0 9 9 9 9 9 8 11 9 8 9 7 0 10 9 1 11 11 4 4 3
split_gain=1.54343 3.38386 1.32333 1.70113 1.95295 1.64301 1.96356 1.91587 1.70215 1.505 1.49339 1.42817 1.33899 2.23492 1.85219 2.45269 1.76786 1.60423 1.47729 2.80061 1.35698 1.32895 1.66878 1.51433 1.85176 1.26179 6.60715 2.51874 4.29515 7.476
threshold=-0.88622299073327826 22.899479166666669 20.500000000000004 35.150000000000013 1.0000000180025095e-35 0.78920070979102952 0.83118285699629402 0.87438713147174518 -0.99697703579879204 58.500000000000007 26.058333333333337 23.303385416666668 28.521875000000005 28.709114583333335 26.541666666666668 30.950000000000003 0.97937736963053801 24.712760416666672 29.450000000000003 25.771875000000005 23.962500000000006 88.500000000000014 1.0000000180025095e-35 26.651562500000001 3.5000000000000004 1.0779742005359896 1.0764862315683601 -0.95998493203694346 -0.91939278948206182 -0.30983472475487867
decision_type=2 2 2 2 2 2 2 2 2 2 2 2 2 2 2 2 2 2 2 2 2 2 2 2 2 2 2 2 2 2
left_child=1 -1 3 4 -3 -4 9 -8 10 -7 -9 -6 14 -14 15 17 -15 -13 20 -20 -19 -10 -23 24 -24 26 -2 -27 29 -29
right_child=25 2 5 -5 11 6 7 8 21 -11 -12 12 13 16 -16 -17 -18 18 19 -21 -22 22 23 -25 -26 27 -28 28 -30 -31
leaf_value=0.0011298046137153287 -1.8490024192130292e-06 0.0010645309927771712 0.0016532071136699097 -0.00049869438276649726 -0.00027230589209331722 -8.1581231340281733e-05 0.00056969522236645722 -8.1212474997512712e-05 -4.8602052369675972e-05 -0.00063498310940844366 0.0011534469752577292 0.00018431257497361555 -0.0010087303870695492 -0.00037026324645924897 0.00062543674830682411 0.00071580828876566737 0.00090617008375245146 -0.00018875089288564729 -0.00010752381156233747 -0.00082527638326990302 0.0020980385550657156 0.0031587793074449055 -0.00096670617652134703 0.00093345158093530482 0.00018257488522431897 0.0011758979651954916 -0.0010591514252833408 -0.0014030270600887287 0.00010352740642627539 9.9777501704671287e-05
leaf_weight=576 89615 1306 300 63 63 266 750 375 9452 259 900 231 84 63 966 210 168 155 231 67 118 378 133 336 126 2112 384 960 12482 1632
leaf_count=576 89615 1306 300 63 63 266 750 375 9452 259 900 231 84 63 966 210 168 155 231 67 118 378 133 336 126 2112 384 960 12482 1632
internal_value=0.000102236 0.000536527 0.000408824 0.00124161 0.00138176 0.000175141 9.0559e-05 0.000216868 5.98292e-05 -0.00290476 0.00178431 0.000522071 0.000726123 -0.00230159 0.00120829 -0.000286561 0.000238095 -0.00154613 -0.00296848 -0.00540268 -0.000311355 -0.000151079 0.00160843 -4.20166e-05 -0.00291506 3.10213e-05 -4.39447e-05 0.000423601 0.000197028 -0.00165509
internal_weight=124761 17576 17000 3725 3662 13275 12975 12450 11700 525 1275 2356 2293 315 1978 1012 231 802 571 298 273 10425 973 595 259 107185 89999 17186 15074 2592
internal_count=124761 17576 17000 3725 3662 13275 12975 12450 11700 525 1275 2356 2293 315 1978 1012 231 802 571 298 273 10425 973 595 259 107185 89999 17186 15074 2592
is_linear=0
shrinkage=0.05


Tree=196
num_leaves=31
num_cat=0
split_feature=3 9 0 10 8 0 11 11 11 0 3 8 1 4 4 8 8 9 0 0 9 7 0 4 9 0 8 11 0 0
split_gain=1.40487 3.11841 1.45591 1.57685 1.98966 4.00052 1.30333 1.7442 1.77665 1.69846 1.69488 1.31824 1.28143 1.69397 1.68397 1.44736 1.32018 2.24514 1.63187 1.26489 1.65967 1.33831 3.7286 1.21865 1.97944 2.81802 2.59793 2.17948 3.23616 2.46893
threshold=-0.88622299073327826 22.899479166666669 18.500000000000004 1.0000000180025095e-35 34.050000000000004 13.500000000000002 0.78920070979102952 0.83118285699629402 0.87438713147174518 58.500000000000007 -0.99697703579879204 29.550000000000004 1.0000000180025095e-35 0.16587474750015932 -0.30982845708428081 30.950000000000003 32.45000000000001 29.247135416666669 69.500000000000014 36.500000000000007 28.330468750000005 27.687500000000004 77.500000000000014 -0.9497838742125716 29.557031250000005 88.500000000000014 31.750000000000004 0.84498567688228199 57.500000000000007 52.500000000000007
decision_type=2 2 2 2 2 2 2 2 2 2 2 2 2 2 2 2 2 2 2 2 2 2 2 2 2 2 2 2 2 2
left_child=1 -1 3 4 -3 -6 -4 9 11 -8 -10 -9 13 15 16 -12 17 18 -14 -16 -21 -22 -23 24 26 -26 -2 28 -28 -29
right_child=23 2 6 -5 5 -7 7 8 10 -11 12 -13 14 -15 19 -17 -18 -19 -20 20 21 22 -24 -25 25 -27 27 29 -30 -31
leaf_value=0.0010733143830295631 0.00030051513966392155 0.0012579285858274082 0.0011838504328959833 3.4802027469694464e-05 0.0011568380463596402 -0.00083531100449367858 3.0915386916793585e-05 0.0010467886235789854 0.00036643109425951075 -0.00060323395393802059 -0.00078867974054846698 -7.643278524098354e-05 0.00068572507520562426 -5.9215100215608076e-06 -0.00023956650567242798 -0.0004034339876533677 0.001184881992359663 -0.001269703531279507 -0.00048832445842759368 5.5581087170216522e-05 0.00059861468227855443 -0.00054849667639585977 -0.0025570636061405653 -4.0810870084626342e-06 0.00019376853107286568 0.0031279854831012979 -0.00025312522718840712 -0.00057564134635477017 -0.0034034165893127746 0.00020729308751945199
leaf_weight=576 1248 992 308 2132 182 65 280 539 1309 259 77 231 867 847 1638 539 847 77 442 4956 57 287 69 92719 10216 805 105 1113 76 903
leaf_count=576 1248 992 308 2132 182 65 280 539 1309 259 77 231 867 847 1638 539 847 77 442 4956 57 287 69 92719 10216 805 105 1113 76 903
internal_value=9.94303e-05 0.000513769 0.000391177 0.00132157 0.00274011 -0.0012753 0.000161054 8.67054e-05 0.000204194 -0.00269944 5.49452e-05 0.00253247 -0.000152761 -0.00152768 6.49352e-05 -0.00352273 0.00126064 0.000310245 0.000798319 -0.000316112 5.49452e-05 -0.00299031 -0.00412921 3.14878e-05 0.000458316 0.000785319 -0.000587808 -0.00162267 -0.00687845 -0.00115079
internal_weight=124761 17576 17000 3371 1239 247 13629 13321 12782 539 12012 770 10703 1463 9240 616 2233 1386 1309 7007 5369 413 356 107185 14466 11021 3445 2197 181 2016
internal_count=124761 17576 17000 3371 1239 247 13629 13321 12782 539 12012 770 10703 1463 9240 616 2233 1386 1309 7007 5369 413 356 107185 14466 11021 3445 2197 181 2016
is_linear=0
shrinkage=0.05


Tree=197
num_leaves=31
num_cat=0
split_feature=3 9 0 0 1 8 11 11 8 0 10 0 9 1 1 4 3 9 8 0 8 8 3 11 11 7 10 0 8 11
split_gain=1.42997 2.817 1.43501 1.72165 2.40763 3.23663 1.6664 1.63346 2.11019 3.02029 2.43548 2.34667 1.8002 2.116 2.94533 1.75889 2.352 1.60021 1.41984 1.38563 1.91933 1.37619 3.41333 1.32151 1.87208 1.65565 1.90135 3.15256 2.99095 2.43077
threshold=-0.88622299073327826 22.899479166666669 24.500000000000004 37.500000000000007 4.5000000000000009 29.950000000000003 0.99479232557030872 1.0167864286959365 34.050000000000004 13.500000000000002 1.0000000180025095e-35 19.500000000000004 28.521875000000005 2.5000000000000004 5.5000000000000009 0.38043945030393422 -0.90893996196865023 25.771875000000005 31.150000000000002 33.500000000000007 32.350000000000001 33.050000000000004 -0.98370366633421236 0.78920070979102952 0.83118285699629402 27.212500000000006 1.0000000180025095e-35 69.500000000000014 31.050000000000004 1.0492608630788383
decision_type=2 2 2 2 2 2 2 2 2 2 2 2 2 2 2 2 2 2 2 2 2 2 2 2 2 2 2 2 2 2
left_child=1 -1 7 4 -4 -6 -7 8 10 -10 15 -11 18 -14 -15 -3 -17 -9 -12 20 -8 -20 -23 -5 -25 -26 29 28 -28 -27
right_child=-2 2 3 23 5 6 19 17 9 11 12 -13 13 14 -16 16 -18 -19 21 -21 -22 22 -24 24 25 26 27 -29 -30 -31
leaf_value=0.0010196486638780857 3.3723595747149155e-06 0.0013637154857545973 -4.5727232150817466e-06 0.0022391544266365687 -0.00098410438793553826 0.00021763240239896522 8.1533300483295276e-05 -0.00011994547217368469 0.00045111928229851669 -0.00113342751465534 -2.4664544423375149e-05 -0.00017629619060117535 0.00015777985841437879 -0.0013279758812617679 -0.00023934302205999973 -0.00034278650740393271 0.00076351694811165884 0.0011992773824724896 0.0011549227094389807 -0.00093051802113364016 -0.0012606989740129029 0.00049297074747096015 -0.00095678649800870334 -0.00032862120074538003 0.00024662542982941196 -9.8870569155541809e-05 -3.7743423779824296e-05 -0.00052400859673996068 0.0011471901458154179 -0.00043905933205870865
leaf_weight=576 107185 904 1599 232 182 273 117 175 140 60 1254 50 125 50 75 50 75 950 375 76 54 100 50 406 3165 2273 1446 894 1641 209
leaf_count=576 107185 904 1599 232 182 273 117 175 140 60 1254 50 125 50 75 50 75 950 375 76 54 100 50 406 3165 2273 1446 894 1641 209
internal_value=0.000101434 0.000519459 0.000402941 0.000130103 -0.00110604 -0.00354701 -0.00153846 0.0011764 0.000616687 -0.0038 0.000977763 -0.01 -2.71068e-05 -0.004 -0.0086 0.00295918 -0.0026 0.00282222 0.000531197 -0.00451417 -0.00201754 0.00271429 -0.00133333 0.000407169 0.000320909 0.000461155 2.32109e-06 0.000679478 0.00143667 -0.0010838
internal_weight=124761 17576 17000 12567 2301 702 520 4433 3308 250 3058 110 2029 250 125 1029 125 1125 1779 247 171 525 150 10266 10034 9628 6463 3981 3087 2482
internal_count=124761 17576 17000 12567 2301 702 520 4433 3308 250 3058 110 2029 250 125 1029 125 1125 1779 247 171 525 150 10266 10034 9628 6463 3981 3087 2482
is_linear=0
shrinkage=0.05


Tree=198
num_leaves=31
num_cat=0
split_feature=3 9 3 4 0 9 9 0 10 8 4 0 0 9 0 0 8 11 3 7 4 9 11 0 3 3 1 8 8 4
split_gain=1.32586 2.70847 1.24656 1.80182 2.95723 2.40769 2.46001 1.61307 1.81284 2.47317 2.46663 2.3044 1.58251 1.30435 2.17213 1.97777 1.42314 1.28697 1.21451 1.38928 1.20164 1.74645 3.8045 2.36896 2.05282 2.47033 2.28048 1.85993 2.97828 2.02694
threshold=-0.88622299073327826 22.899479166666669 -0.90163369914317015 0.38043945030393422 10.500000000000002 24.258333333333336 23.425520833333341 22.500000000000004 1.0000000180025095e-35 34.050000000000004 0.16587474750015932 14.500000000000002 71.500000000000014 25.308854166666666 88.500000000000014 87.500000000000014 32.350000000000001 0.83998462250459582 -0.99697703579879204 29.512500000000006 -0.9497838742125716 28.750260416666666 1.0764862315683601 88.500000000000014 -0.29343379936893921 0.20180702842483325 4.5000000000000009 32.45000000000001 32.550000000000004 -0.97874870457683594
decision_type=2 2 2 2 2 2 2 2 2 2 2 2 2 2 2 2 2 2 2 2 2 2 2 2 2 2 2 2 2 2
left_child=1 -1 3 5 -5 6 -3 8 9 -7 -11 -12 -6 15 18 16 -9 -10 19 -15 21 22 24 27 -2 26 -26 -23 -29 -30
right_child=20 2 -4 4 12 7 -8 13 17 10 11 -13 -14 14 -16 -17 -18 -19 -20 -21 -22 23 -24 -25 25 -27 -28 28 29 -31
leaf_value=0.00096866623068418061 0.0007458662858399784 -0.00018621094686324392 0.00034557972200266267 -0.00032812500185308867 -0.00026215785976929764 0.0013676092970706802 0.0016595355947773898 -3.5403485365635331e-05 -0.00027996429086241413 0.0017297598855696185 -5.0295490937681111e-05 -0.0008791222891506048 0.00051414532519406789 1.6241202884824168e-05 0.001036928965439307 -0.00075511088741000683 -0.00035688275770114536 5.9493298303427351e-05 -5.3334910326571436e-05 0.0014327170554694927 -4.0456506367745093e-06 0.0018058253260642904 -0.0033292211454578405 0.0026486050227245211 -0.00055480439365829151 0.0004761347759691158 0.00024859993894015708 -0.0022036199238436387 -2.509853142132016e-05 0.00054369691371795122
leaf_weight=576 192 96 960 66 366 1016 672 975 161 138 105 56 144 784 959 128 65 2051 7854 404 92719 445 96 910 765 576 384 81 7190 3827
leaf_count=576 192 96 960 66 366 1016 672 975 161 138 105 56 144 784 959 128 65 2051 7854 404 92719 445 96 910 765 576 384 81 7190 3827
internal_value=9.70257e-05 0.000499545 0.000385294 0.000280549 -0.00246528 0.000382825 0.00311198 0.000240202 0.00117238 0.00264259 -0.00135451 -0.00555901 -0.00117647 -5.41676e-05 0.000130487 -0.00163527 -0.000913461 0.000298373 -0.000109489 0.00138047 3.10213e-05 0.00045486 -0.000911575 0.000675741 -0.000425143 -0.000971014 -0.0023107 0.000482111 0.000355019 0.000425252
internal_weight=124761 17576 17000 16040 576 15464 768 14696 3527 1315 299 161 510 11169 10001 1168 1040 2212 9042 1188 107185 14466 2013 12453 1917 1725 1149 11543 11098 11017
internal_count=124761 17576 17000 16040 576 15464 768 14696 3527 1315 299 161 510 11169 10001 1168 1040 2212 9042 1188 107185 14466 2013 12453 1917 1725 1149 11543 11098 11017
is_linear=0
shrinkage=0.05


Tree=199
num_leaves=31
num_cat=0
split_feature=3 9 3 4 0 9 9 0 10 8 4 0 0 3 4 4 9 10 3 7 3 11 4 0 0 3 8 0 9 11
split_gain=1.35292 2.56192 1.1613 1.70558 3.009 2.3906 2.12965 1.52979 1.57486 2.33402 2.14641 2.98447 1.51341 1.23908 1.58253 1.15756 1.61806 3.03776 3.10815 3.4731 7.51834 2.37581 2.40097 2.1864 4.09455 3.28429 3.34491 2.24074 1.9485 3.07289
threshold=-0.88622299073327826 22.899479166666669 -0.90163369914317015 0.38043945030393422 10.500000000000002 24.258333333333336 23.425520833333341 22.500000000000004 1.0000000180025095e-35 34.050000000000004 0.11478523713130605 13.500000000000002 71.500000000000014 -0.9954993026558282 1.0000000180025095e-35 -0.9497838742125716 30.738020833333337 1.0000000180025095e-35 -0.18492532721306487 28.737500000000004 0.1169228398841501 1.1178088744719634 -0.95502570686053045 81.500000000000014 72.500000000000014 0.048362692321690152 37.150000000000013 75.500000000000014 28.750260416666666 1.0764862315683601
decision_type=2 2 2 2 2 2 2 2 2 2 2 2 2 2 2 2 2 2 2 2 2 2 2 2 2 2 2 2 2 2
left_child=1 -1 3 5 -5 6 -3 8 9 13 -11 -12 -6 14 -7 16 21 18 -18 20 -20 22 28 24 -21 26 -26 -27 29 -2
right_child=15 2 -4 4 12 7 -8 -9 -10 10 11 -13 -14 -15 -16 -17 17 -19 19 23 -22 -23 -24 -25 25 27 -28 -29 -30 -31
leaf_value=0.00092023291914997054 -0.00017048182699631672 -0.00017690039952008159 0.00032830073590252941 -0.00031171875176043439 -0.00024904996678083285 -0.00060562393211035126 0.0015765588150385207 -5.104852659789341e-06 2.863077299476389e-05 0.003209308941515106 0.00014704733325941345 -0.00080180794217454268 0.00048843805893436499 0.001759708600976068 0.0021349131248039909 -3.8433681049357713e-06 0.0018176727414417428 0.0016787153566444814 -0.0036906226778079458 2.6445250293177956e-05 0.0010710112417974464 -0.00078515993419647323 0.0011294170227263316 0.0019901160213891202 -0.00015477245519502139 -0.00089685510598238704 -0.0026913296353867251 0.00052855819900911349 0.00018484132771726895 -0.0031627600881849482
leaf_weight=576 1725 96 960 66 366 115 672 11169 2212 92 126 81 144 805 96 92719 1152 1920 61 3007 82 576 288 591 54 81 90 162 4581 96
leaf_count=576 1725 96 960 66 366 115 672 11169 2212 92 126 81 144 805 96 92719 1152 1920 61 3007 82 576 288 591 54 81 90 162 4581 96
internal_value=9.86288e-05 0.000505235 0.000394118 0.000293018 -0.00237847 0.000392525 0.00311198 0.000250408 0.00115821 0.00252852 -0.00135451 -0.00417874 -0.00107843 0.00367126 0.000260664 3.19543e-05 0.000447947 0.000979167 0.000359849 -0.000281008 -0.00793706 -7.84474e-05 0.000186846 -6.27334e-06 -0.000494991 -0.00533592 -0.0113194 -0.00179012 -1.40579e-05 -0.00139758
internal_weight=124761 17576 17000 16040 576 15464 768 14696 3527 1315 299 207 510 1016 211 107185 14466 7200 5280 4128 143 7266 6690 3985 3394 387 144 243 6402 1821
internal_count=124761 17576 17000 16040 576 15464 768 14696 3527 1315 299 207 510 1016 211 107185 14466 7200 5280 4128 143 7266 6690 3985 3394 387 144 243 6402 1821
is_linear=0
shrinkage=0.05


Tree=200
num_leaves=31
num_cat=0
split_feature=3 9 0 8 10 11 11 9 9 11 1 9 1 4 4 3 8 0 3 1 10 3 11 7 3 3 3 3 0 0
split_gain=1.31244 2.57527 1.25928 1.51971 1.95836 1.14631 2.48915 2.41689 11.0968 2.22674 3.93271 4.46113 4.50469 2.82209 2.10438 2.03396 1.98061 3.43034 2.57857 1.83681 1.73666 3.5034 2.65102 3.29004 3.40089 2.91411 2.44022 8.52729 2.40328 3.66757
threshold=-0.88622299073327826 22.899479166666669 19.500000000000004 35.150000000000013 1.0000000180025095e-35 1.0044072743756243 0.99060004174370953 31.670833333333338 31.538281250000004 0.98031510418725609 1.0000000180025095e-35 15.675781250000002 3.5000000000000004 -0.97874870457683594 -0.33426211444629356 0.95242846126021108 32.550000000000004 60.500000000000007 0.9893236546938301 4.5000000000000009 1.0000000180025095e-35 -0.76141707087277943 1.0267603807040537 26.487500000000004 -0.72696319516528884 -0.52766804058324157 -0.40614700388750385 -0.34235669412071207 32.500000000000007 48.500000000000007
decision_type=2 2 2 2 2 2 2 2 2 2 2 2 2 2 2 2 2 2 2 2 2 2 2 2 2 2 2 2 2 2
left_child=1 -1 3 4 -3 6 9 8 15 -2 14 12 -12 19 -11 -8 -16 -18 -19 -13 22 -22 -7 24 -24 -26 28 -28 -25 -30
right_child=5 2 -4 -5 -6 20 7 -9 -10 10 11 13 -14 -15 16 -17 17 18 -20 -21 21 -23 23 26 25 -27 27 -29 29 -31
leaf_value=0.00087422127319247342 -1.4076756897515864e-05 0.00090803035806361694 2.345873351904965e-05 -0.00038434351042366811 3.499681961055222e-05 8.0038885762124287e-05 -0.00010612676060257141 0.00079553969649454959 -0.0025431164852023173 0.0012954530822017003 -0.00079452186365482958 -0.0031193655328849274 -2.6240608162231837e-05 0.00035556378318777384 -9.4369227056744002e-05 0.00034721332392059903 -0.00024213863381720383 -0.0015955961987614892 -0.0001499185551306668 0.00011093375541692364 -0.00023258617787997864 0.00010250285682986853 -0.00054187644482088808 0.0033153264244814417 0.0004867189570204977 -0.00012168510578478356 -0.0017573873514819763 1.985361490389307e-05 -0.0004940599132732819 0.00046597284786302565
leaf_weight=576 35960 1244 13452 60 2244 6336 9600 672 96 192 96 96 384 3936 480 576 244 70 70 288 1728 28508 87 651 339 6723 304 8217 377 1155
leaf_count=576 35960 1244 13452 60 2244 6336 9600 672 96 192 96 96 384 3936 480 576 244 70 70 288 1728 28508 87 651 339 6723 304 8217 377 1155
internal_value=9.62242e-05 0.0004967 0.000385294 0.00122322 0.00135895 3.05548e-05 -0.000135519 -0.000806835 -0.000996885 4.01762e-05 0.000944331 0.00155208 -0.00302083 0.00206019 -0.00181818 -0.000837264 -0.00287037 -0.00554687 -0.0117857 -0.00203125 0.000191548 0.000444173 -0.00012423 -0.000436061 -0.00126661 -0.00114557 0.000118647 -0.000263467 0.00161017 0.000528721
internal_weight=124761 17576 17000 3548 3488 107185 52760 10944 10272 41816 5856 4800 480 4320 1056 10176 864 384 140 384 54425 30236 24189 17853 7149 7062 10704 8521 2183 1532
internal_count=124761 17576 17000 3548 3488 107185 52760 10944 10272 41816 5856 4800 480 4320 1056 10176 864 384 140 384 54425 30236 24189 17853 7149 7062 10704 8521 2183 1532
is_linear=0
shrinkage=0.05


Tree=201
num_leaves=31
num_cat=0
split_feature=3 9 0 4 3 3 4 10 9 8 11 9 3 11 11 4 3 4 3 0 7 1 1 3 11 11 6 0 11 3
split_gain=1.15023 2.34439 1.14558 1.30066 4.44083 1.65123 1.73236 1.22313 1.4146 2.00893 1.17258 1.10072 2.23572 1.26352 5.33221 2.27402 4.10156 3.88995 5.65106 2.83594 2.53831 2.30588 2.03407 2.63336 2.52411 2.28234 4.16188 2.55425 2.54815 2.24194
threshold=-0.88622299073327826 22.899479166666669 19.500000000000004 0.38043945030393422 -0.90893996196865023 -0.9731273977605811 0.21652257995689161 1.0000000180025095e-35 28.679947916666674 31.950000000000003 0.83998462250459582 35.273437500000007 0.49812943072827093 1.0779742005359896 1.0764862315683601 -0.95998493203694346 0.031174179426909168 -0.91939278948206182 -0.30983472475487867 47.500000000000007 33.612500000000004 1.5000000000000002 3.5000000000000004 -0.86546281643016554 0.7641759112864478 1.0632854705466908 1.0000000180025095e-35 24.500000000000004 1.0480714376785738 -0.38242426011641079
decision_type=2 2 2 2 2 2 2 2 2 2 2 2 2 2 2 2 2 2 2 2 2 2 2 2 2 2 2 2 2 2
left_child=1 -1 3 5 -5 6 10 -7 -9 -10 -3 13 -13 14 22 16 -15 18 20 -18 -17 -20 24 -24 -2 28 -27 -28 -25 -26
right_child=11 2 -4 4 -6 7 -8 8 9 -11 -12 12 -14 15 -16 17 19 -19 21 -21 -22 -23 23 25 29 26 27 -29 -30 -31
leaf_value=0.00083051020953284953 -0.00051921288558382048 -0.00026955639923142277 2.2285796843096899e-05 -0.00032368649006521855 0.00018753587996301658 0.0020434485390344779 -0.0004075983227389147 0.00036514233796696642 -0.00061659965549344577 0.00028894043492725297 0.00015396989111134002 0.0011034067598859529 -0.00036213106280532037 0.0020487648371599041 -0.00088657334057164791 -0.0010347387090637466 0.00086584787537846404 0.00010212316502014121 -0.0012939788675757834 -0.0022229401994524433 -0.0020958227759309707 0.00030443974356038377 0.0034374941483553464 2.1388130226840653e-05 -0.00012683578783768509 -8.1496423524487176e-05 -0.0009815885584112847 -0.00094666985781435809 0.00043469196524813274 -1.1873033255374902e-06
leaf_weight=576 480 180 13452 80 120 540 100 680 80 200 1568 1248 672 1344 384 779 192 12002 192 192 181 1440 288 33379 12953 2592 50 142 2680 35995
leaf_count=576 480 180 13452 80 120 540 100 680 80 200 1568 1248 672 1344 384 779 192 12002 192 192 181 1440 288 33379 12953 2592 50 142 2680 35995
internal_value=9.90295e-05 0.000473942 0.000367647 0.00116685 -0.00275 0.00140084 0.000400433 0.00263333 0.0015625 -0.00142857 0.000766591 3.75521e-05 0.00122396 1.59124e-05 -5.82956e-05 0.000420292 0.00213542 0.000217213 -0.00153935 -0.00242187 -0.00458333 0.000251226 -3.28028e-05 0.000236513 -0.000246014 0.000201195 -0.00117816 -0.00828125 0.00030769 -0.000210631
internal_weight=124761 17576 17000 3548 200 3348 1848 1500 960 280 1748 107185 1920 105265 88943 16322 1728 14594 2592 384 960 1632 88559 39131 49428 38843 2784 192 36059 48948
internal_count=124761 17576 17000 3548 200 3348 1848 1500 960 280 1748 107185 1920 105265 88943 16322 1728 14594 2592 384 960 1632 88559 39131 49428 38843 2784 192 36059 48948
is_linear=0
shrinkage=0.05


Tree=202
num_leaves=31
num_cat=0
split_feature=3 11 9 8 0 5 1 3 9 8 5 0 10 8 3 1 0 1 5 4 3 0 8 11 0 8 0 3 7 1
split_gain=1.08809 1.80496 1.73457 2.77778 2.1125 1.48479 2.3337 1.42295 2.27107 1.93184 1.88827 2.01668 2.34375 2.12674 1.83989 2.9184 1.83592 1.61157 1.639 1.37245 1.36837 1.25807 2.55364 5.31251 2.08426 1.17361 2.04578 1.11213 1.37651 2.16364
threshold=0.79904096188274243 0.88598948399573263 18.314583333333335 22.550000000000004 35.500000000000007 1.0000000180025095e-35 1.5000000000000002 0.98372640911059162 26.058333333333337 34.350000000000001 1.0000000180025095e-35 47.500000000000007 1.0000000180025095e-35 36.350000000000001 0.98213580174693105 4.5000000000000009 24.500000000000004 1.5000000000000002 1.0000000180025095e-35 0.90070004940655357 -0.95500086777008153 57.500000000000007 31.150000000000002 0.98346829928426593 67.500000000000014 36.550000000000004 51.500000000000007 -0.89406062840022227 22.662500000000005 1.0000000180025095e-35
decision_type=2 2 2 2 2 2 2 2 2 2 2 2 2 2 2 2 2 2 2 2 2 2 2 2 2 2 2 2 2 2
left_child=5 2 3 -2 -5 -1 20 10 21 -10 14 -12 -13 -14 -3 -16 -17 25 -19 -8 -7 -9 23 24 -23 -11 -27 -22 -29 -30
right_child=1 7 -4 4 -6 6 19 8 9 17 11 12 13 -15 15 16 -18 18 -20 -21 27 22 -24 -25 -26 26 -28 28 29 -31
leaf_value=1.551891427879138e-05 0.00013018988115763618 -1.7179320262127046e-05 -9.9562505921588809e-05 -0.00061172222360896813 -0.00072496516305555197 -0.00038663456753569342 0.00045864890941883606 0.0002588956015281033 -0.00035024587961790071 -5.5861394889098017e-05 -3.3650891967139619e-05 4.6157470337206342e-05 -0.00046554811691080182 -0.001632679976039368 0.00050039777464331756 -0.00093250913049071999 -0.00089933636492364158 0.00031440512061842326 -0.00028313405092718536 -1.9648162555138386e-05 0.0010143884812242397 -0.00097061288825790737 0.00019306418773394688 0.00031656172727419592 -0.00039706940562834027 -0.00053602639127790905 2.3909474920851514e-05 0.00015768840192038384 -7.8677005635898844e-05 -0.00067537660894722955
leaf_weight=97409 96 13818 672 72 120 192 2880 2262 384 576 430 144 192 96 96 50 142 864 96 576 288 70 988 228 196 104 88 767 674 191
leaf_count=97409 96 13818 672 72 120 192 2880 2262 384 576 430 144 192 96 96 50 142 864 96 576 288 70 988 228 196 104 88 767 674 191
internal_value=9.70257e-05 -0.000224017 -0.00234375 -0.00559028 -0.0090625 0.00016494 0.000959052 -0.000126296 0.000534495 -0.000776515 -0.000384821 -0.00265661 -0.00506944 -0.00767361 -0.000245994 -0.00420139 -0.00776042 -6.36572e-05 0.00130208 0.00175926 -0.000350379 0.00127404 0.000141701 -0.00279352 -0.00759398 -0.00177083 -0.00515625 5.20835e-05 -0.000453431 -0.00182081
internal_weight=124761 21784 960 288 192 102977 5568 20824 5856 2112 14968 862 432 288 14106 288 192 1728 960 3456 2112 3744 1482 494 266 768 192 1920 1632 865
internal_count=124761 21784 960 288 192 102977 5568 20824 5856 2112 14968 862 432 288 14106 288 192 1728 960 3456 2112 3744 1482 494 266 768 192 1920 1632 865
is_linear=0
shrinkage=0.05


Tree=203
num_leaves=31
num_cat=0
split_feature=11 11 0 0 3 7 11 11 8 8 0 7 7 8 7 7 0 3 1 11 11 0 11 3 0 8 7 11 8 0
split_gain=1.07971 1.39081 2.0437 2.00523 1.68 2.74611 1.45456 1.29876 3.39534 2.41815 2.3241 1.89388 1.51642 1.28128 2.45372 1.26329 1.79933 1.25025 1.24326 3.07983 1.80059 4.9403 1.37047 2.6061 2.07691 2.16964 1.95261 1.868 1.50486 7.17106
threshold=1.2099088115144543 1.172278468731752 69.500000000000014 89.500000000000014 0.70290292807158605 28.487500000000004 1.1538549292311382 1.1338093104982068 33.850000000000001 31.950000000000003 66.500000000000014 30.837500000000006 16.587500000000006 35.750000000000007 32.112500000000004 28.037500000000005 65.500000000000014 0.98049069993378934 3.5000000000000004 1.1178088744719634 1.1163525015609757 48.500000000000007 1.1178088744719634 -0.17647087149565668 53.500000000000007 34.550000000000004 27.412500000000005 1.1102543501962845 43.20000000000001 37.500000000000007
decision_type=2 2 2 2 2 2 2 2 2 2 2 2 2 2 2 2 2 2 2 2 2 2 2 2 2 2 2 2 2 2
left_child=1 6 4 -4 -3 -6 7 18 9 11 -10 12 -9 -12 -15 -14 -17 -11 19 20 -1 -22 27 24 25 26 -24 28 -20 -30
right_child=-2 2 3 -5 5 -7 -8 8 10 17 13 -13 15 14 -16 16 -18 -19 22 -21 21 -23 23 -25 -26 -27 -28 -29 29 -31
leaf_value=-6.4155930994186762e-06 0.00076206332698921392 0.00018135278019398851 -0.001743278656554289 0.00035908333494452779 -0.0021539983858742226 5.5736721666322637e-05 0.00085388316440962301 -0.0001218198743738426 -0.000472497829161551 0.001956176647215859 -0.0017034555271711112 -0.0014586170516678793 3.5119521316750504e-05 -0.00026568695589745641 -0.0026746338684591024 -0.0002053162427894263 -0.0017808734426514082 -0.00015911006256068511 4.3204923630627325e-05 0.001104818644221227 0.00022388527147339934 -0.00058911807551162833 -0.0003724253711727553 0.00039151085430427193 -2.2439197295747763e-05 0.00090543087875548259 -0.0024934368505109827 0.0021833882139362325 -0.0019799225026989474 0.0020532965734958277
leaf_weight=66428 672 700 240 72 51 89 1064 69 469 576 58 51 829 95 50 244 55 96 50357 576 98 94 200 288 336 54 178 480 76 116
leaf_count=66428 672 700 240 72 51 89 1064 69 469 576 58 51 829 95 50 244 55 96 50357 576 98 94 200 288 336 54 178 480 76 116
internal_value=9.94303e-05 8.86059e-05 -0.00164062 -0.00509615 -0.000357143 -0.00535714 0.00010481 8.87401e-05 -0.00101852 5.20835e-05 -0.00407738 -0.00125 -0.000847953 -0.0085468 -0.00603448 -0.000407801 -0.00319398 0.00247024 0.000112801 -2.9317e-05 -6.07924e-05 -0.00489583 0.000296151 -0.00148674 -0.00300781 -0.00530093 -0.00664021 0.000333046 0.000303567 -0.00411458
internal_weight=124761 124089 1152 312 840 140 122937 121873 2592 1920 672 1248 1197 203 145 1128 299 672 119281 67196 66620 192 52085 1056 768 432 378 51029 50549 192
internal_count=124761 124089 1152 312 840 140 122937 121873 2592 1920 672 1248 1197 203 145 1128 299 672 119281 67196 66620 192 52085 1056 768 432 378 51029 50549 192
is_linear=0
shrinkage=0.05


Tree=204
num_leaves=31
num_cat=0
split_feature=11 11 7 11 8 11 1 4 4 11 8 11 11 8 7 1 4 8 7 7 0 11 4 8 3 3 9 0 0 1
split_gain=1.00249 1.06193 1.8128 1.32133 1.69475 1.3147 1.09307 1.41727 4.18486 4.09546 3.71605 3.16381 2.86971 2.77286 3.42413 2.56132 5.25623 2.60857 2.82255 2.42316 2.25336 2.22493 2.69113 4.512 5.87608 3.97961 4.31549 2.83595 2.60454 4.06586
threshold=1.2099088115144543 1.172278468731752 38.01250000000001 1.1855674041436206 39.350000000000001 1.1538549292311382 3.5000000000000004 -0.94426098523567992 -0.91939278948206182 1.0003514375846063 40.050000000000004 1.0923437463937298 1.0315188957178159 33.45000000000001 27.112500000000004 2.5000000000000004 -0.97696767110351213 37.45000000000001 34.337500000000013 25.612500000000004 60.500000000000007 1.0515743247573357 -0.79382744783423187 31.350000000000005 -0.56368474752277564 -0.47558551945199218 35.273437500000007 27.500000000000004 33.500000000000007 1.5000000000000002
decision_type=2 2 2 2 2 2 2 2 2 2 2 2 2 2 2 2 2 2 2 2 2 2 2 2 2 2 2 2 2 2
left_child=1 5 3 -3 -5 6 7 11 9 -9 -11 12 15 -14 -15 19 17 20 -19 -1 -17 22 23 -10 28 -26 27 -27 -25 -30
right_child=-2 2 -4 4 -6 -7 -8 8 21 10 -12 -13 13 14 -16 16 -18 18 -20 -21 -22 -23 -24 24 25 26 -28 -29 29 -31
leaf_value=-0.00032164059655987652 0.00072396016063975427 -0.001006546400740741 0.0013535819709046379 3.8429082631811998e-05 -0.0010588776042838941 0.00081118900618914319 3.3782352480900888e-05 0.00036462496377210853 0.00057649237994078018 -0.0011963256247879035 0.00076312514034911029 0.0021748942305590108 -0.0010517103099976948 -0.0023984699190311752 1.0523915268901289e-05 8.1901272044940788e-05 0.0017392178962522525 -0.0034298980991869393 0.00028348429743140462 0.00065528543126134057 -0.0016703971808095623 0.00010123561856518044 -1.1581774769115417e-05 -0.00091376027296965134 0.00093478296115898335 -7.7387059454341874e-06 0.0023937123427522486 -0.0011840798169639201 -0.0030227895228540028 -0.0010066275561235805
leaf_weight=193 672 267 114 557 214 1064 53525 672 672 1248 192 864 384 53 1291 363 480 131 61 3935 210 11135 43982 136 384 448 192 1074 62 186
leaf_count=193 672 267 114 557 214 1064 53525 672 672 1248 192 864 384 53 1291 363 480 131 61 3935 210 11135 43982 136 384 448 192 1074 62 186
internal_value=9.78272e-05 8.73971e-05 -0.00142361 -0.00208092 -0.00103113 0.000101556 8.62785e-05 -4.62338e-05 -0.000128927 -0.00231534 -0.00381944 0.000580666 0.000233066 -0.00153935 -0.00046875 0.00080309 -0.00118474 -0.00375817 -0.00880208 0.00140262 -0.00206806 -4.96815e-05 -0.000199847 -0.00161065 -0.00259468 -0.00155386 -0.0025846 -0.00347569 -0.00828125 -0.0113306
internal_weight=124761 124089 1152 1038 771 122937 121873 68348 60383 2112 1440 7965 7101 1728 1344 5373 1245 765 192 4128 573 58271 47136 3154 2482 2098 1714 1522 384 248
internal_count=124761 124089 1152 1038 771 122937 121873 68348 60383 2112 1440 7965 7101 1728 1344 5373 1245 765 192 4128 573 58271 47136 3154 2482 2098 1714 1522 384 248
is_linear=0
shrinkage=0.05


Tree=205
num_leaves=31
num_cat=0
split_feature=4 9 9 3 9 7 9 1 8 3 7 8 1 9 3 7 7 9 9 1 1 10 7 9 11 0 0 7 3 1
split_gain=1.05476 2.58606 4.13895 5.1812 2.90227 4.85823 2.93013 2.08966 1.9266 9.04436 4.71664 3.49621 4 3.18185 6.27226 2.1195 2.17869 5.26989 2.5263 1.85268 1.81252 1.65283 1.63268 3.6528 3.13113 2.60068 1.9034 1.68566 1.75696 1.50113
threshold=0.98005052076767474 15.508593750000001 11.53671875 0.1849296026015865 14.97265625 15.237500000000002 13.511197916666669 5.5000000000000009 19.150000000000002 0.534952257794027 8.4625000000000039 19.250000000000004 4.5000000000000009 10.710937500000002 0.21862473630160603 16.412500000000005 9.3125000000000018 12.200520833333334 12.483854166666669 4.5000000000000009 1.0000000180025095e-35 1.0000000180025095e-35 9.6125000000000025 12.569791666666669 1.0655178138138408 23.500000000000004 36.500000000000007 18.962500000000006 -0.12546116083924153 3.5000000000000004
decision_type=2 2 2 2 2 2 2 2 2 2 2 2 2 2 2 2 2 2 2 2 2 2 2 2 2 2 2 2 2 2
left_child=8 2 7 4 6 -6 22 20 9 10 13 12 -10 14 -1 16 17 -11 -19 -15 -2 -18 24 -24 -4 -25 -27 -28 -29 -17
right_child=1 -3 3 -5 5 -7 -8 -9 11 15 -12 -13 -14 19 -16 29 21 18 -20 -21 -22 -23 23 25 -26 26 27 28 -30 -31
leaf_value=-0.00066372301615899294 0.0016472161674500531 0.00018089303413115131 -0.00039854487379963863 -0.00067830365388120504 -0.00053864768339097083 8.4886563261186702e-05 1.2189781529451597e-05 0.0011162348181756494 -6.0861045029295368e-05 -0.00061225366678839554 0.00030715724963676743 1.3464190905002273e-05 -0.0012208326311017664 -2.7602709741965866e-05 0.0043161530556402811 -0.0011266207246739602 -0.00026464520333091876 0.00011597407801485574 -0.00029203031713356261 0.00044147654058731395 -2.7564244273391545e-05 0.00035450574431618981 0.00052709703946586495 0.00013771173974599612 6.4358306929288879e-05 -0.0015828176510696919 -0.0003751816400383655 -0.00081813413419378118 -0.00015704900127636671 -0.00030611519257693289
leaf_weight=195 480 1152 311 96 91 101 2016 288 192 63 5028 108441 96 699 91 86 88 80 55 227 2592 284 316 224 166 154 915 58 64 112
leaf_count=195 480 1152 311 96 91 101 2016 288 192 63 5028 108441 96 699 91 86 88 80 55 227 2592 284 316 224 166 154 915 58 64 112
internal_value=9.62242e-05 -0.000424424 -0.000748221 -0.00173759 -0.00148777 -0.0075 -0.00121449 0.000580357 0.000136819 0.000940354 0.00157051 8.50281e-05 -0.00541667 -0.00122937 -0.00583916 -0.00417969 -0.00263158 -0.00686869 -0.0012963 0.000194385 0.000198568 -0.000376344 -0.00247283 -0.0017591 -0.00506289 -0.00284452 -0.00377414 -0.00300386 -0.00852459 -0.00863636
internal_weight=124761 9024 7872 4512 4416 192 4224 3360 115737 7008 6240 108729 288 1212 286 768 570 198 135 926 3072 372 2208 1731 477 1415 1191 1037 122 198
internal_count=124761 9024 7872 4512 4416 192 4224 3360 115737 7008 6240 108729 288 1212 286 768 570 198 135 926 3072 372 2208 1731 477 1415 1191 1037 122 198
is_linear=0
shrinkage=0.05


Tree=206
num_leaves=31
num_cat=0
split_feature=11 11 0 0 1 7 11 3 0 0 9 7 3 3 11 7 0 0 9 3 8 7 7 7 3 7 0 11 7 0
split_gain=1.00416 0.999602 1.61829 1.66934 1.4881 2.49179 1.24801 1.12012 1.21905 1.21 1.04412 2.56093 2.15334 1.54841 1.59044 1.8473 1.35323 1.54286 1.29467 2.99746 3.49038 1.91181 1.55139 1.43722 1.6291 1.77857 1.64434 1.28562 2.89593 1.83824
threshold=1.2099088115144543 1.172278468731752 69.500000000000014 89.500000000000014 4.5000000000000009 26.612500000000004 1.1538549292311382 0.58481550752069722 81.500000000000014 79.500000000000014 35.273437500000007 34.212500000000013 0.58481550752069722 0.49812943072827093 1.1027172427607128 41.462500000000013 44.500000000000007 39.500000000000007 34.42239583333334 0.54219432480460406 40.550000000000004 38.712500000000013 30.912500000000005 39.01250000000001 0.031174179426909168 32.312500000000007 78.500000000000014 1.0357773587453021 31.212500000000006 29.500000000000004
decision_type=2 2 2 2 2 2 2 2 2 2 2 2 2 2 2 2 2 2 2 2 2 2 2 2 2 2 2 2 2 2
left_child=1 6 4 7 -3 -6 10 9 -9 -4 18 12 -12 16 -15 -16 17 -13 -1 20 23 22 -21 24 25 -20 27 28 -26 -29
right_child=-2 2 3 -5 5 -7 -8 8 -10 -11 11 13 -14 14 15 -17 -18 -19 19 21 -22 -23 -24 -25 26 -27 -28 29 -30 -31
leaf_value=9.8021529531999072e-06 0.00068708894306251803 0.00049224462192905738 -0.0030047276447355597 0.00035020160059886856 -0.0010139016689847226 -0.00010796829949355931 0.00076995634633443674 5.839969052059505e-05 -0.0012050951727309088 -0.001771977079418878 0.0040840673213819742 0.00046890141962028023 -0.0010092915467620142 -0.00095576097929327142 -0.00065876065091741663 0.0026090948276850548 0.00076802105589447462 -0.0013900467804622597 0.00021955799011484612 -0.0011737501761536016 0.0019419064337607189 0.0010859827030388154 -0.0032094362371985251 0.00082861296347528464 -0.0018531931490078615 -0.0035988411816304726 0.00294299321066682 0.0034402852973919647 -0.00050738585755844879 -0.00069801240832897547
leaf_weight=118609 672 560 50 72 57 223 1064 84 56 50 661 108 114 164 126 99 492 60 56 52 384 56 84 136 70 107 119 90 184 102
leaf_count=118609 672 560 50 72 57 223 1064 84 56 50 661 108 114 164 126 99 492 60 56 52 384 56 84 136 70 107 119 90 184 102
internal_value=9.62242e-05 8.57854e-05 -0.00138021 -0.00445513 -0.000238095 -0.00321429 9.95227e-05 -0.00645833 -0.00357143 -0.0105 8.46375e-05 0.00127193 0.00345161 -0.000338417 -0.00284062 -0.000111111 0.00113636 -0.00273809 6.6598e-05 -0.00142361 -0.000528846 -0.00723958 -0.0104412 -0.00229167 -0.00317308 -0.00757669 -0.00190265 -0.00329596 -0.00562992 -0.000208333
internal_weight=124761 124089 1152 312 840 280 122937 240 140 100 121873 1824 775 1049 389 225 660 168 120049 1440 1248 192 136 864 728 163 565 446 254 192
internal_count=124761 124089 1152 312 840 280 122937 240 140 100 121873 1824 775 1049 389 225 660 168 120049 1440 1248 192 136 864 728 163 565 446 254 192
is_linear=0
shrinkage=0.05


Tree=207
num_leaves=31
num_cat=0
split_feature=4 9 9 7 3 8 7 7 7 11 0 8 0 3 3 3 10 8 0 7 11 0 0 3 9 9 8 9 1 3
split_gain=1.0099 2.06027 2.92455 1.90415 1.90863 4.91597 2.05938 1.87511 1.7777 1.33321 1.56803 3.04762 1.27679 1.26319 1.74706 2.18841 3.40312 1.88528 1.86029 1.57826 1.43173 1.50317 1.82957 1.91758 1.75793 1.61597 1.60167 1.72854 1.4938 1.66585
threshold=0.9863035000474919 16.980989583333336 12.070312500000002 7.1125000000000007 -0.12546116083924153 19.750000000000004 11.962500000000004 18.962500000000006 16.287500000000005 1.0068987140708652 81.500000000000014 21.650000000000002 75.500000000000014 0.81925054981890411 0.98372640911059162 0.99053107487289871 1.0000000180025095e-35 36.550000000000004 51.500000000000007 25.612500000000004 1.0541673969204923 59.500000000000007 69.500000000000014 0.99374995976406788 24.712760416666672 27.258593750000003 31.450000000000003 26.058333333333337 5.5000000000000009 0.99466373373798567
decision_type=2 2 2 2 2 2 2 2 2 2 2 2 2 2 2 2 2 2 2 2 2 2 2 2 2 2 2 2 2 2
left_child=13 2 12 -4 5 6 -5 -7 9 -6 -11 -12 -2 -1 -15 16 19 20 -19 -16 21 24 23 -23 -17 -26 -25 -28 29 -24
right_child=1 -3 3 4 8 7 -8 -9 -10 10 11 -13 -14 14 15 17 -18 18 -20 -21 -22 22 28 26 25 -27 27 -29 -30 -31
leaf_value=2.8764411706764832e-05 1.0134798343762857e-06 0.00024824479063497812 -0.00063474925569201454 -0.0003479557142613695 -0.00018483920482211682 0.00015890655076806172 -0.0010376101988033822 -0.00052751934002225206 0.00014227657748217944 0.00010620027668114367 8.1611970196931747e-05 -0.00033243223712899257 0.00064405243082094965 -6.8036282563002548e-05 -0.00035612941888089325 0.00026649976379435964 0.0005544549055965742 -0.00051512939018021184 2.2450552375325415e-05 0.00017769593545743684 0.0003599490531513004 0.00035617548588623546 -0.00033008157742283716 -0.00091788825787393342 -0.00013834687574433354 0.00031448095178905275 0.00016599217315040117 -0.00089446461293809891 -0.00037257342974320116 0.000214320026927521
leaf_weight=96831 2128 672 67 99 1709 300 93 79 1026 587 112 56 560 14394 250 840 960 104 88 230 864 70 260 100 1080 300 110 90 156 546
leaf_count=96831 2128 672 67 99 1709 300 93 79 1026 587 112 56 560 14394 250 840 960 104 88 230 864 70 260 100 1080 300 110 90 156 546
internal_value=9.42203e-05 -0.00046875 -0.000729166 -0.00156492 -0.00142699 -0.00410683 -0.010625 -0.000804749 -0.000988538 -0.00171672 3.31128e-05 -0.00422619 0.000554316 0.000130167 -0.000226983 0.000486111 0.0021875 -4.55727e-05 -0.00489583 -0.00125 0.000165308 -0.000278716 -0.00160661 -0.00459459 0.000518018 -0.00057971 -0.00633333 -0.00375 -0.00045738 0.000409429
internal_weight=124761 7488 6816 4128 4061 571 192 379 3490 2464 755 168 2688 117273 20442 6048 1440 4608 192 480 4416 3552 1332 370 2220 1380 300 200 962 806
internal_count=124761 7488 6816 4128 4061 571 192 379 3490 2464 755 168 2688 117273 20442 6048 1440 4608 192 480 4416 3552 1332 370 2220 1380 300 200 962 806
is_linear=0
shrinkage=0.05


Tree=208
num_leaves=31
num_cat=0
split_feature=0 7 11 3 3 3 1 9 8 7 11 3 11 1 11 0 7 0 3 8 3 0 9 9 3 7 8 1 9 9
split_gain=1.0102 2.6626 1.0972 2.35618 3.30521 1.83899 1.50523 1.40046 1.39317 2.01606 1.07836 0.935335 1.72408 3.39863 1.5995 0.926296 1.59778 2.51532 3.12108 1.34815 2.78266 2.59084 1.66568 2.52699 2.0121 2.14493 2.54167 1.73065 1.35672 2.35534
threshold=8.5000000000000018 23.962500000000006 0.92262612894382223 -0.46038400545438724 -0.38242426011641079 -0.13398594226331254 2.5000000000000004 29.382031250000001 35.050000000000004 25.812500000000004 0.73745831416842689 0.70290292807158605 1.0743282406005716 4.5000000000000009 0.95986675969645263 75.500000000000014 28.537500000000005 89.500000000000014 -0.082689790342551819 33.850000000000001 0.94704596667653973 91.500000000000014 28.553385416666671 30.392187500000002 -0.27694604220087021 27.312500000000004 36.650000000000013 2.5000000000000004 29.860156250000006 29.475000000000001
decision_type=2 2 2 2 2 2 2 2 2 2 2 2 2 2 2 2 2 2 2 2 2 2 2 2 2 2 2 2 2 2
left_child=1 10 3 -3 -5 -6 8 -8 9 -7 -1 -4 14 -14 -13 -2 19 18 -18 -17 21 22 -21 24 -24 26 27 -26 29 -27
right_child=15 2 11 4 5 6 7 -9 -10 -11 -12 12 13 -15 -16 16 17 -19 -20 20 -22 -23 23 -25 25 28 -28 -29 -30 -31
leaf_value=-0.00082678889212981161 -3.9625999803643456e-06 0.0005604360088221613 0.00082279279165117878 -0.0017193237032263613 0.0013930067986571472 -0.00061049314585142668 -0.001316286629728726 0.0035178653513501892 -0.0019701221648601411 0.0014631057076297507 -5.4996717593596542e-06 -0.00078369871819686438 0.0004662710944244833 -0.001711517221815067 0.00070985838540560788 2.2057230548202713e-05 0.0011916313422723468 0.0024480336725821485 -0.00014433948799525632 -0.0001104688053294944 0.00024679741824568108 0.00033454190421988646 -0.0049603894846819126 7.8341211926972554e-05 -0.0020563330582120255 -0.0003208515788036074 -0.00058784302690847176 -0.0023988336330417561 0.0012514727849595303 -0.002048617812332754
leaf_weight=53 87077 461 3681 81 133 53 54 90 80 61 6272 52 143 85 423 18174 1716 1122 2777 321 656 515 78 161 53 135 82 54 68 50
leaf_count=53 87077 461 3681 81 133 53 54 90 80 61 6272 52 143 85 423 18174 1716 1122 2777 321 656 515 78 161 53 135 82 54 68 50
internal_value=9.22165e-05 0.000534039 0.00134982 -0.000133267 -0.00233696 -0.000732484 -0.00269231 0.00118056 -0.00556701 -0.00201754 -0.000162055 0.00169252 2.13373e-05 -0.00355263 0.00173684 4.64001e-05 0.000308528 0.00105521 0.000526375 0.000102472 -0.00107455 -0.00225115 -0.00373253 -0.00513216 -0.00682692 -0.00552036 -0.00955026 -0.0146262 -0.00250988 -0.00472973
internal_weight=124761 11722 5397 1013 552 471 338 144 194 114 6325 4384 703 228 475 113039 25962 5615 4493 20347 2173 1517 1002 681 520 442 189 107 253 185
internal_count=124761 11722 5397 1013 552 471 338 144 194 114 6325 4384 703 228 475 113039 25962 5615 4493 20347 2173 1517 1002 681 520 442 189 107 253 185
is_linear=0
shrinkage=0.05


Tree=209
num_leaves=31
num_cat=0
split_feature=0 9 3 9 3 3 7 7 9 7 11 0 0 0 1 7 4 4 8 11 11 0 10 1 0 9 4 3 3 7
split_gain=1.01583 0.999245 1.76231 1.14203 2.95329 3.64746 1.85436 1.38081 1.34737 1.635 1.10727 1.07803 1.73975 1.73599 1.022 1.401 1.39679 4.15409 6.64125 6.256 2.79831 2.68434 2.46953 2.62749 4.40708 2.22403 5.46073 3.15645 2.73203 2.27694
threshold=1.0000000180025095e-35 35.273437500000007 0.49812943072827093 34.42239583333334 0.54219432480460406 0.20180702842483325 38.712500000000013 30.912500000000005 34.620833333333344 35.687500000000007 1.1049966690345681 83.500000000000014 73.500000000000014 59.500000000000007 3.5000000000000004 38.237500000000004 -0.94426098523567992 -0.86548532668110156 35.350000000000001 1.1649345393363679 1.1135526900622577 28.500000000000004 1.0000000180025095e-35 1.5000000000000002 61.500000000000007 28.553385416666671 -0.95998493203694346 -0.065535378769913874 0.20180702842483325 27.087500000000006
decision_type=2 2 2 2 2 2 2 2 2 2 2 2 2 2 2 2 2 2 2 2 2 2 2 2 2 2 2 2 2 2
left_child=-1 3 -3 14 5 11 7 -6 9 -7 -4 12 13 -5 16 -16 25 18 20 21 -18 -20 23 -23 -25 26 28 -27 -2 -29
right_child=1 2 10 4 6 8 -8 -9 -10 -11 -12 -13 -14 -15 15 -17 17 -19 19 -21 -22 22 -24 24 -26 27 -28 29 -30 -31
leaf_value=0.00014542788496927825 -0.00072875807490018971 0.00096069630115001414 -0.00073935033863767059 -0.00072313993401591141 -0.0011880787821827402 -0.0013909940176878122 0.0010304434773005552 -0.0030493879252614679 0.0015956993672718582 0.0023783995902594435 0.00051146794781366462 0.0018876707270894053 -0.0026288213986391767 0.0014050157553364287 2.9677176138643337e-05 0.0012897095608524816 -0.00031079129632425158 -7.3498321509316287e-07 -0.0021586610824894455 0.00059361951567282766 0.0017529549163261178 -0.001192235601729144 4.0369168724521102e-05 -0.00031649306656135598 -0.0025099019773215797 0.0011240549127983694 0.00099002065265828255 -0.00081861756517229893 0.00049234004062968177 9.8605591145649652e-05
leaf_weight=1305 853 1235 380 413 51 175 56 83 570 110 285 84 70 98 52004 298 2931 55305 308 285 570 402 201 66 68 2945 380 247 190 2793
leaf_count=1305 853 1235 380 413 51 175 56 83 570 110 285 84 70 98 52004 298 2931 55305 308 285 570 402 201 66 68 2945 380 247 190 2793
internal_value=8.74073e-05 7.27387e-05 0.00121053 5.49543e-05 -0.00122807 -0.000493421 -0.00710526 -0.0102985 0.00166667 -0.00114035 -0.000864661 -0.00327068 -0.00403614 -0.00302348 7.32609e-05 0.000239188 -5.52231e-05 -0.000135027 -0.00154109 -0.00454887 -0.000398457 -0.00633971 -0.00470149 -0.00647388 -0.0125373 0.000592603 -0.00118412 0.00101504 -0.00305369 -0.000115131
internal_weight=124761 123456 1900 121556 1710 1520 190 134 855 285 665 665 581 511 119846 52302 67544 60136 4831 1330 3501 1045 737 536 134 7408 1423 5985 1043 3040
internal_count=124761 123456 1900 121556 1710 1520 190 134 855 285 665 665 581 511 119846 52302 67544 60136 4831 1330 3501 1045 737 536 134 7408 1423 5985 1043 3040
is_linear=0
shrinkage=0.05


Tree=210
num_leaves=31
num_cat=0
split_feature=4 0 0 0 0 3 8 9 10 9 8 8 10 0 0 10 9 0 0 0 9 11 0 4 8 7 3 8 10 4
split_gain=0.981601 3.61163 4.74989 3.00893 10.3404 2.93348 2.73626 2.3944 2.56437 3.2843 2.29915 2.27085 2.1495 2.06547 3.70319 3.16787 5.1389 3.82244 2.99114 3.50623 3.49157 4.55625 3.26357 2.90029 2.69409 9.99467 3.10492 2.86827 2.65298 2.65864
threshold=0.18281312110578132 88.500000000000014 22.500000000000004 52.500000000000007 66.500000000000014 0.76140650896573492 29.350000000000005 27.258593750000003 1.0000000180025095e-35 32.804166666666674 44.000000000000007 30.550000000000004 1.0000000180025095e-35 88.500000000000014 70.500000000000014 1.0000000180025095e-35 14.300520833333335 80.500000000000014 58.500000000000007 31.500000000000004 27.258593750000003 0.99479232557030872 42.500000000000007 0.7710868207630478 24.250000000000004 16.587500000000006 -0.14250824554987665 21.550000000000004 1.0000000180025095e-35 0.21652257995689161
decision_type=2 2 2 2 2 2 2 2 2 2 2 2 2 2 2 2 2 2 2 2 2 2 2 2 2 2 2 2 2 2
left_child=1 2 -1 6 7 12 -4 -5 9 11 -6 -9 -3 14 18 17 -17 -16 19 20 -2 -22 -21 -19 26 -26 -25 -28 29 -20
right_child=13 5 3 4 10 -7 -8 8 -10 -11 -12 -13 -14 -15 15 16 -18 23 28 22 21 -23 -24 24 25 -27 27 -29 -30 -31
leaf_value=0.0001512372731248883 -2.0614383617115758e-05 0.0030657802176163925 0.0003379217712777844 5.5091240626783001e-07 -0.00011463776013784513 -0.0001908593742387867 -0.00014721522518912629 -0.0016062195287911243 0.0012108102467078975 0.002525117327828846 -0.0018117294783953517 6.2494732032891988e-05 0.00042460166815777399 -9.279043921764153e-05 0.00014613005297468205 0.0017691078621269918 5.6511986587023294e-05 5.2077558972431434e-05 -0.0015264350512360263 0.00043380256253817739 -5.5642453756722849e-05 -0.0010371049368961885 -1.5974186846260011e-05 0.00027594130787457006 -0.0010486828758299257 -9.3430390964464353e-05 -0.00021293102726714747 -0.00041769846751287654 -0.00032029086451900135 1.0496033626079906e-05
leaf_weight=16732 18048 1687 1320 2226 15862 1141 20490 84 4298 966 88 2604 2261 4006 2630 1674 3906 903 72 6303 160 128 9168 248 58 126 632 136 3720 3084
leaf_count=16732 18048 1687 1320 2226 15862 1141 20490 84 4298 966 88 2604 2261 4006 2630 1674 3906 903 72 6303 160 128 9168 248 58 126 632 136 3720 3084
internal_value=8.54035e-05 0.000209937 0.000109015 -0.000144144 0.000217774 0.00149243 -0.000577716 0.00146296 0.00186871 0.00089491 -0.000576802 -3.72005e-06 0.00213779 -7.25426e-05 1.33346e-05 0.000859595 0.00166667 -9.19077e-05 -0.000201189 -7.83843e-06 -0.000475567 -0.0059375 0.000546507 -0.00168093 -0.00329167 -0.0088587 -0.00228346 -0.00385417 -0.00115183 -8.55511e-05
internal_weight=124761 69759 64670 47938 26128 5089 21810 10178 7952 3654 15950 2688 3948 55002 50996 10313 5580 4733 40683 33807 18336 288 15471 2103 1200 184 1016 768 6876 3156
internal_count=124761 69759 64670 47938 26128 5089 21810 10178 7952 3654 15950 2688 3948 55002 50996 10313 5580 4733 40683 33807 18336 288 15471 2103 1200 184 1016 768 6876 3156
is_linear=0
shrinkage=0.05


Tree=211
num_leaves=31
num_cat=0
split_feature=0 7 7 0 7 3 0 7 8 10 0 3 3 7 11 8 11 11 8 4 8 11 0 11 7 7 0 4 4 0
split_gain=0.96746 2.59301 0.996054 1.03787 1.8947 2.09671 2.39411 1.43789 1.3119 2.03229 2.69473 2.75778 1.96455 1.92475 2.47545 2.28454 2.1564 2.9163 3.86039 2.20689 1.91988 2.69097 1.90678 1.74347 1.85258 1.71381 1.67638 1.61043 3.39753 2.82058
threshold=8.5000000000000018 23.962500000000006 40.412500000000009 77.500000000000014 28.537500000000005 -0.048361574224334618 89.500000000000014 30.312500000000004 37.050000000000004 1.0000000180025095e-35 70.500000000000014 0.58481550752069722 0.031174179426909168 33.112500000000004 0.84498567688228199 36.550000000000004 1.1118361362686917 1.1396426947228491 34.550000000000004 -0.20180761162458913 37.750000000000007 1.0764862315683601 55.500000000000007 0.98214465480287083 34.51250000000001 36.862500000000004 56.500000000000007 -0.7614016681079937 -0.67168186667784702 71.500000000000014
decision_type=2 2 2 2 2 2 2 2 2 2 2 2 2 2 2 2 2 2 2 2 2 2 2 2 2 2 2 2 2 2
left_child=1 -1 3 8 -5 -6 7 -7 13 10 20 23 -11 27 15 -15 19 18 -18 26 21 25 -20 -12 -25 -10 -16 29 -29 -2
right_child=2 -3 -4 4 5 6 -8 -9 9 12 11 -13 -14 14 16 -17 17 -19 22 -21 -22 -23 -24 24 -26 -27 -28 28 -30 -31
leaf_value=-8.3385945445204499e-06 -7.9184145928936516e-05 0.0004498320490333458 0.00087743179422743059 1.0211974248538034e-05 0.0015941481024654585 -0.00048501018357374748 0.0019410300558651676 0.00022784399231560762 -0.00055699805993209093 0.0029588590466496333 -0.0016691915150460557 -6.4674582734151255e-05 6.6728488394583309e-06 -0.00027239505605364332 0.00035272714534401064 -0.0023851111443251236 0.00047946124631070169 0.00043023314331291782 -0.0021494950503756819 -0.00017302406857690753 -8.1272541704420067e-05 -0.0010667414680351464 -0.0025293704943976755 -0.0018125209024220424 -0.00061100521388593736 0.00068896673227559883 0.0013820577734858369 0.0006153914873298675 -1.5607771571278679e-06 -0.00060404453820641117
leaf_weight=6325 12234 5397 748 18575 1816 783 744 1447 835 414 98 332 1875 157 1982 73 66 293 59 869 5020 124 59 59 274 157 1678 2564 58371 1333
leaf_count=6325 12234 5397 748 18575 1816 783 744 1447 835 414 98 332 1875 157 1982 73 66 293 59 869 5020 124 59 59 274 157 1678 2564 58371 1333
internal_value=8.46019e-05 0.000516977 3.97652e-05 2.76516e-05 0.000324203 0.00121086 0.00039341 -0.000426009 -5.02663e-05 -0.000616021 -0.00104435 -0.00384666 0.000674967 1.49241e-05 0.000941559 -0.00413043 0.00117459 -0.00202306 -0.00695652 0.00151137 -0.000695893 -0.00257168 -0.0123729 -0.00648492 -0.00475976 -0.00170363 0.00204918 -5.01998e-05 5.94898e-05 -0.000542861
internal_weight=124761 11722 113039 112291 23365 4790 2974 2230 88926 9188 6899 763 2289 79738 5236 230 5006 477 184 4529 6136 1116 118 431 333 992 3660 74502 60935 13567
internal_count=124761 11722 113039 112291 23365 4790 2974 2230 88926 9188 6899 763 2289 79738 5236 230 5006 477 184 4529 6136 1116 118 431 333 992 3660 74502 60935 13567
is_linear=0
shrinkage=0.05


Tree=212
num_leaves=31
num_cat=0
split_feature=11 3 11 3 8 3 8 7 11 1 8 8 8 0 1 7 3 7 6 10 7 0 3 1 1 9 11 7 11 3
split_gain=0.941984 1.80986 1.73995 4.54307 3.60582 5.52036 5.28034 3.05957 1.99977 2.34128 6.0434 2.61595 6.90312 4.4813 3.31056 1.9523 1.3776 3.10349 1.36445 3.0625 1.34595 2.65278 1.8345 1.30677 1.19751 2.0558 2.23721 2.69173 3.29194 2.09086
threshold=0.82629592353323422 -0.99940763397299126 0.88327974961520905 0.63920241694561786 32.550000000000004 -0.13398594226331254 33.850000000000001 29.712500000000006 0.89585628751987034 1.0000000180025095e-35 34.650000000000013 25.750000000000004 24.050000000000004 38.500000000000007 5.5000000000000009 33.312500000000007 0.1849296026015865 27.087500000000006 1.0000000180025095e-35 1.0000000180025095e-35 19.587500000000006 34.500000000000007 0.99818282439137029 2.5000000000000004 5.5000000000000009 9.9703125000000004 1.0561939355068173 26.337500000000006 1.0627860117078571 -0.34235669412071207
decision_type=2 2 2 2 2 2 2 2 2 2 2 2 2 2 2 2 2 2 2 2 2 2 2 2 2 2 2 2 2 2
left_child=-1 -2 3 4 -3 6 7 23 9 10 -4 12 -11 -14 18 -8 17 -16 -13 -20 -5 -22 -23 -6 -10 -26 -27 28 -28 -29
right_child=1 2 8 20 5 -7 15 -9 24 11 -12 14 13 -15 16 -17 -18 -19 19 -21 21 22 -24 -25 25 26 27 29 -30 -31
leaf_value=-0.00012451827143218186 0.00031730069417628282 0.00051960901987521528 -0.0011947276576870416 -2.706257886900814e-05 -0.0021831913205549742 0.00064396333256077384 0.00072300467764580814 -0.001973389397995812 1.4648182192648336e-06 0.00010821680062183473 -0.00014309422721607109 0.00043097772877304211 -0.0013378051622015066 -0.0004152385187457309 -0.0017227906946482023 -0.0015918107529326723 -0.00028093875063106707 -0.0014302532307121137 -0.00061161384146036016 0.00065581242224662772 -0.0016076771582086034 -0.00067776810516161361 0.00014544499281238864 0.00016569094284159681 0.00105980481284337 9.6737261272952498e-05 -0.0013331332320040223 0.00088726967496204577 -0.00035307100292408138 -0.00023104928200615109
leaf_weight=3549 768 2984 96 291 57 1142 299 136 95214 288 192 1056 78 114 51 85 192 141 96 192 55 204 122 87 288 13248 56 957 982 1741
leaf_count=3549 768 2984 96 291 57 1142 299 136 95214 288 192 1056 78 114 51 85 192 141 96 192 55 204 122 87 288 13248 56 957 982 1741
internal_value=8.29989e-05 0.000106508 9.10799e-05 0.000963017 0.00150313 -0.000260243 -0.00388554 -0.00910714 4.96601e-05 -0.00135016 -0.00559028 -0.000797101 -0.0040625 -0.0114062 0.000109954 -7.81248e-05 -0.00398437 -0.00697917 0.00127976 -0.00177083 -0.0028869 -0.00484252 -0.00312883 -0.00402778 8.07213e-05 0.000463757 0.000392723 -0.000687901 -0.00285164 0.000144552
internal_weight=124761 121212 120444 5462 4790 1806 664 280 114982 2496 288 2208 480 192 1728 384 384 192 1344 288 672 381 326 144 112486 17272 16984 3736 1038 2698
internal_count=124761 121212 120444 5462 4790 1806 664 280 114982 2496 288 2208 480 192 1728 384 384 192 1344 288 672 381 326 144 112486 17272 16984 3736 1038 2698
is_linear=0
shrinkage=0.05


Tree=213
num_leaves=31
num_cat=0
split_feature=4 0 0 0 0 3 3 9 0 3 3 8 3 9 4 11 8 9 9 7 7 4 8 1 0 9 7 9 11 3
split_gain=0.970697 3.31039 4.03535 2.77943 8.98809 2.66968 2.44707 2.16093 2.4641 2.60588 2.5048 2.0435 3.73951 2.78034 2.71071 3.53688 3.57353 2.29341 2.18889 3.6722 2.17583 5.20294 2.43714 5.53767 5.10209 4.48119 2.10867 1.99432 2.65417 1.97833
threshold=0.18281312110578132 88.500000000000014 22.500000000000004 52.500000000000007 65.500000000000014 0.76140650896573492 0.93544191479114935 27.683333333333334 56.500000000000007 0.88621069759564464 0.94704596667653973 29.150000000000002 -0.82897401153126982 23.687239583333334 0.38043945030393422 0.92960870096613757 30.250000000000004 23.425520833333341 27.258593750000003 21.762500000000006 22.362500000000004 0.5969655492110445 31.350000000000005 3.5000000000000004 33.500000000000007 23.425520833333341 28.537500000000005 22.899479166666669 0.91839291567263814 0.20180702842483325
decision_type=2 2 2 2 2 2 2 2 2 2 2 2 2 2 2 2 2 2 2 2 2 2 2 2 2 2 2 2 2 2
left_child=1 2 -1 6 7 -3 -4 -5 -9 -10 -11 12 27 29 17 -16 -17 -13 26 -20 21 22 24 -24 -18 -26 -19 -2 -29 -14
right_child=11 5 3 4 -6 -7 -8 8 9 10 -12 14 13 -15 15 16 20 18 19 -21 -22 -23 23 -25 25 -27 -28 28 -30 -31
leaf_value=0.00014695340918917572 0.0010256561724512115 0.0010192884964541156 -0.00015028052003925353 2.1251656153869947e-05 -0.00010701404852991005 -0.0001742131298210393 0.0001059814880793766 0.00017085948907584694 0.001614252090867567 -0.00087063936027445511 0.0002483616968066341 -0.00031736868448198314 -3.227593298946328e-05 -0.00040649948117711839 -0.00046891920443571265 3.1717551426034427e-05 0.00014130637522277376 0.000188608975987833 -0.00096830406457844471 -0.00013430939758569496 -0.00021526228171352675 -0.00059245915307971127 -0.00092114066407451151 -0.00038370284164120175 -0.00096930361909462769 -0.00032823522318713985 -0.00012243395791532196 0.0017186894637845705 -7.2566475791020511e-05 3.0830595845591611e-05
leaf_weight=16732 864 3948 18990 2522 16677 1141 2820 2132 4356 117 324 288 23136 96 288 1632 328 2816 53 811 907 54 74 146 53 70 1120 480 768 21018
leaf_count=16732 864 3948 18990 2522 16677 1141 2820 2132 4356 117 324 288 23136 96 288 1632 328 2816 53 811 907 54 74 146 53 70 1120 480 768 21018
internal_value=8.17966e-05 0.000205637 0.000109015 -0.000124327 0.000223515 0.00143348 -0.000541036 0.0014554 0.00191153 0.00254013 -0.00112245 -7.52698e-05 5.62963e-05 -4.18077e-05 -0.00078125 -0.00184122 -0.00137255 -4.12734e-05 0.00021875 -0.00206018 -0.00302696 -0.00506897 -0.00386736 -0.00818182 -0.00176275 -0.0104472 0.000719004 0.00211174 0.000833334 -2.33273e-05
internal_weight=124761 69759 64670 47938 26128 5089 21810 9451 6929 4797 441 55002 46362 44250 8640 3552 3264 5088 4800 864 1632 725 671 220 451 123 3936 2112 1248 44154
internal_count=124761 69759 64670 47938 26128 5089 21810 9451 6929 4797 441 55002 46362 44250 8640 3552 3264 5088 4800 864 1632 725 671 220 451 123 3936 2112 1248 44154
is_linear=0
shrinkage=0.05


Tree=214
num_leaves=31
num_cat=0
split_feature=11 3 11 3 8 3 8 7 11 1 3 0 4 3 7 3 9 8 0 4 9 3 11 0 7 8 9 1 0 7
split_gain=1.06281 1.72099 1.68554 4.15722 3.21955 5.23414 4.87088 2.64444 1.96764 1.86701 2.85348 1.94424 2.34844 3.65714 1.82647 2.43783 2.96314 2.74366 2.80778 2.53633 3.23217 3.6312 2.12769 3.73754 3.88688 2.12674 2.04183 1.84182 1.63666 1.62391
threshold=0.82629592353323422 -0.99940763397299126 0.88327974961520905 0.63920241694561786 32.550000000000004 -0.13398594226331254 33.850000000000001 29.712500000000006 0.9247659649312403 3.5000000000000004 0.9893236546938301 24.500000000000004 -0.8739740505118182 -0.41398024697495356 33.412500000000016 0.25206111083856975 26.175000000000008 34.050000000000004 32.500000000000007 0.38043945030393422 19.530989583333334 -0.66528616069191593 0.92180858479239347 73.500000000000014 26.012500000000006 29.150000000000002 30.435416666666672 1.5000000000000002 28.500000000000004 33.312500000000007
decision_type=2 2 2 2 2 2 2 2 2 2 2 2 2 2 2 2 2 2 2 2 2 2 2 2 2 2 2 2 2 2
left_child=-1 -2 3 4 -3 6 7 -6 9 10 14 12 13 -11 15 19 -17 18 -18 22 -21 25 -4 -24 -25 28 -19 -20 -22 -8
right_child=1 2 8 -5 5 -7 29 -9 -10 11 -12 -13 -14 -15 -16 16 17 26 27 20 21 -23 23 24 -26 -27 -28 -29 -30 -31
leaf_value=-0.00011658643880373902 0.00030160738847116009 0.0004947193990987262 0.00012738822082036225 -0.00029314197472215869 -0.00090328757863977521 0.00061423638555864251 0.00068247910599693827 -0.0019124008690440436 1.5177330870425031e-05 -0.0016229393810001675 0.0016655732921493683 -6.9686153222876454e-05 0.00024755327934956482 0.00034952995748914267 0.00059754470939388487 -6.2559393982439861e-05 -0.00064879501619519403 -0.00047341526170652237 -0.0014384878705269084 1.801654842797905e-05 0.001458506759982805 -0.00067795803631064654 -0.00010627128839264149 -1.7342234394954036e-05 -0.0025178929432932563 -0.00044547324421392756 -0.0017920703805927496 -4.0062883159864078e-05 -0.00023430882395867854 -0.0015047061892840762
leaf_weight=3549 768 2984 1985 672 144 1142 299 136 104724 50 192 3550 1075 125 362 480 66 434 52 480 87 96 441 60 61 288 110 63 201 85
leaf_count=3549 768 2984 1985 672 144 1142 299 136 104724 50 192 3550 1075 125 362 480 66 434 52 480 87 96 441 60 61 288 110 63 201 85
internal_value=7.65866e-05 0.000101558 8.65134e-05 0.000944709 0.00146138 -0.000204872 -0.00373494 -0.00875 4.57465e-05 -0.000615129 -0.00124771 0.000104167 0.0018 -0.00357143 -0.00146601 -0.001719 -0.0036722 -0.00568965 -0.0110221 -0.00108272 -0.00302951 -0.00526786 -0.000202198 -0.00291815 -0.0107025 -0.00376736 -0.00391544 -0.00630435 -0.000729166 -7.81248e-05
internal_weight=124761 121212 120444 5462 4790 1806 664 280 114982 10258 5458 4800 1250 175 5266 4904 1205 725 181 3699 1152 672 2547 562 121 576 544 115 288 384
internal_count=124761 121212 120444 5462 4790 1806 664 280 114982 10258 5458 4800 1250 175 5266 4904 1205 725 181 3699 1152 672 2547 562 121 576 544 115 288 384
is_linear=0
shrinkage=0.05


Tree=215
num_leaves=31
num_cat=0
split_feature=4 0 0 0 0 8 7 9 0 3 3 3 0 10 3 10 3 3 8 3 8 11 11 11 3 4 8 3 4 11
split_gain=0.943822 3.1371 3.4707 2.56292 7.37755 2.27539 2.2429 2.17902 2.29731 2.16968 2.02826 1.97207 1.88594 4.71512 2.75444 2.44029 5.37877 4.23572 2.54817 3.95042 1.97422 3.58791 3.64204 2.1563 1.9479 1.88433 1.86934 3.68107 2.43416 2.77116
threshold=0.18281312110578132 90.500000000000014 20.500000000000004 52.500000000000007 65.500000000000014 29.350000000000005 26.337500000000006 27.683333333333334 56.500000000000007 0.88621069759564464 0.94704596667653973 0.93544191479114935 79.500000000000014 1.0000000180025095e-35 0.99274428880883148 1.0000000180025095e-35 0.21862473630160603 0.94704596667653973 37.150000000000013 0.48314048284850658 34.650000000000013 1.0743282406005716 1.0861400600293798 1.172278468731752 0.99466373373798567 1.0000000180025095e-35 29.150000000000002 -0.82897401153126982 0.38043945030393422 0.92960870096613757
decision_type=2 2 2 2 2 2 2 2 2 2 2 2 2 2 2 2 2 2 2 2 2 2 2 2 2 2 2 2 2 2
left_child=1 2 -1 5 7 -4 -3 -5 -9 -10 -11 -7 13 24 20 16 -14 -17 19 -18 21 25 -23 -24 -6 -15 27 -2 -28 -30
right_child=26 6 3 4 12 11 -8 8 9 10 -12 -13 15 14 -16 17 18 -19 -20 -21 -22 22 23 -25 -26 -27 28 -29 29 -31
leaf_value=0.00015145699934580783 0.00039759533871413236 -1.7446401047838282e-05 0.00032598849864233736 1.7907245970322591e-05 -0.00043624163086219286 -0.00015758225199161992 0.0016345337716927614 0.00016155764807853303 0.0015327908109798172 -0.00082786625880425376 0.00023518474542278097 7.9396359614705077e-05 0.0019396241894937393 4.7600781567523257e-05 -0.0004577512019812509 -0.00030255118525513705 -0.0020019923455058424 0.00051545620158884248 0.00042535284822078765 -0.00028138215886819399 0.0005464045017127395 -0.001611314891320126 -0.00034323749192597118 -0.0025461825267082726 0.00025076111314193154 0.00084766043172890791 -1.8825002679217468e-06 -3.4226067095404957e-06 -0.00042319958200323112 -0.00017412662681286193
leaf_weight=15280 2112 1288 1408 2522 4087 19070 2347 2132 4356 117 324 2784 1880 3019 392 4001 99 638 871 484 1274 126 658 56 168 378 5088 44250 288 3264
leaf_count=15280 2112 1288 1408 2522 4087 19070 2347 2132 4356 117 324 2784 1880 3019 392 4001 99 638 871 484 1274 126 658 56 168 378 5088 44250 288 3264
internal_value=7.77889e-05 0.000199903 0.000121287 -7.72951e-05 0.000248713 -0.000463846 0.00162999 0.00138134 0.00183937 0.00244632 -0.000895691 -0.000589366 -0.00034168 -0.000793463 0.000121125 0.000233915 0.00126575 -0.000507652 -0.00101788 -0.00357633 0.000409182 -0.000109747 -0.00303571 -0.00165266 -0.00206228 0.000613777 -7.70879e-05 4.8747e-05 -0.000752315 -0.00175676
internal_weight=124761 69759 66124 50844 27582 23262 3635 9451 6929 4797 441 21854 18131 10158 5903 7973 3334 4639 1454 583 5511 4237 840 714 4255 3397 55002 46362 8640 3552
internal_count=124761 69759 66124 50844 27582 23262 3635 9451 6929 4797 441 21854 18131 10158 5903 7973 3334 4639 1454 583 5511 4237 840 714 4255 3397 55002 46362 8640 3552
is_linear=0
shrinkage=0.05


Tree=216
num_leaves=31
num_cat=0
split_feature=11 11 3 8 3 8 7 3 7 4 0 7 9 3 3 4 3 11 8 7 0 0 4 9 7 10 0 9 0 10
split_gain=0.962932 1.63632 3.78272 2.6488 4.4001 3.9195 2.42689 1.75093 1.96562 1.6375 3.03166 1.62391 1.55519 3.07538 2.49102 2.93459 3.43113 2.94946 4.6875 2.00573 2.39287 2.58528 1.95888 5.78468 5.18078 4.53773 3.48897 3.00217 7.70133 4.57794
threshold=0.82629592353323422 0.88327974961520905 0.63920241694561786 32.550000000000004 -0.13398594226331254 33.850000000000001 29.712500000000006 -0.99697703579879204 22.812500000000004 -0.039769286347669845 30.500000000000004 33.312500000000007 28.750260416666666 0.06553689391773225 0.20180702842483325 -0.96466008222729416 -0.18492532721306487 0.88598948399573263 25.750000000000004 28.037500000000005 8.5000000000000018 89.500000000000014 0.8511460603353429 12.998697916666668 13.112500000000002 1.0000000180025095e-35 43.500000000000007 12.070312500000002 24.500000000000004 1.0000000180025095e-35
decision_type=2 2 2 2 2 2 2 2 2 2 2 2 2 2 2 2 2 2 2 2 2 2 2 2 2 2 2 2 2 2
left_child=-1 2 3 -2 5 6 -5 8 -3 10 -10 -7 14 -14 15 16 -9 18 -17 -15 -21 -22 23 24 27 -24 -26 28 -16 -29
right_child=1 7 -4 4 -6 11 -8 12 9 -11 -12 -13 13 19 22 17 -18 -19 -20 20 21 -23 25 -25 26 -27 -28 29 -30 -31
leaf_value=-0.00011819577098688721 0.0003936552403103559 -0.00043325242278342716 -0.00027859592686115469 -0.00086050323878616205 0.00058410463680022443 0.00065623426329667288 -0.0018352227595915421 -0.0011031296657729233 -0.001044269750898996 0.00092099541625067062 0.00094110020879528309 -0.0014215917672202915 0.00026271004210751082 -0.0002457916496712031 -0.00050442120518377092 -0.00064388900415963707 -0.00019706469431585304 -2.7582313385906751e-05 0.00010991105349555705 0.0015462490425575404 -3.8433265008573994e-05 0.0018702476239518624 -1.621278198072549e-05 2.238011107083707e-05 0.00036656868191199394 0.00039997159686329327 -0.00090670051651798352 -0.00022510883155534012 0.00023691814999860427 0.00065061337625730231
leaf_weight=3549 3176 85 672 144 1142 299 136 288 62 1171 130 85 17918 4475 50 96 576 43392 96 700 12272 705 3936 24472 89 3936 398 280 75 356
leaf_count=3549 3176 85 672 144 1142 299 136 288 62 1171 130 85 17918 4475 50 96 576 43392 96 700 12272 705 3936 24472 89 3936 398 280 75 356
internal_value=7.77889e-05 0.000101558 0.000932084 0.00140707 -0.000121816 -0.00335843 -0.00785714 6.0922e-05 0.00178867 0.00224872 -0.00203125 -7.81248e-05 3.89976e-05 0.000310508 -8.64939e-05 -0.000332073 -0.00321759 -0.000274871 -0.00645833 -0.000148193 0.000152446 -1.1557e-06 0.00023845 2.72164e-05 -0.00329327 0.000928608 -0.00732033 -0.000716163 -0.0078 0.000676101
internal_weight=124761 121212 5654 4982 1806 664 280 115558 1448 1363 192 384 114110 36070 78040 44448 864 43584 192 18152 13677 12977 33592 25720 1248 7872 487 761 125 636
internal_count=124761 121212 5654 4982 1806 664 280 115558 1448 1363 192 384 114110 36070 78040 44448 864 43584 192 18152 13677 12977 33592 25720 1248 7872 487 761 125 636
is_linear=0
shrinkage=0.05


Tree=217
num_leaves=31
num_cat=0
split_feature=8 8 3 7 1 0 0 0 0 8 0 7 0 1 7 1 1 11 3 3 3 10 1 9 3 1 0 5 0 8
split_gain=1.01995 4.39002 1.87162 1.6927 1.811 1.19139 3.05124 1.64043 2.42837 1.49113 1.17297 1.2502 1.96488 0.923671 0.988169 2.60801 2.15162 1.96325 0.903759 1.49711 1.98495 3.13368 1.73099 1.65976 1.60246 2.50694 1.9538 1.59693 3.03002 1.79609
threshold=41.150000000000013 41.050000000000004 0.54219432480460406 33.212500000000013 3.5000000000000004 45.500000000000007 38.500000000000007 67.500000000000014 78.500000000000014 42.050000000000004 85.500000000000014 40.88750000000001 10.500000000000002 1.5000000000000002 34.987500000000004 2.5000000000000004 2.5000000000000004 1.1064219518172318 0.81925054981890411 0.98372640911059162 0.99053107487289871 1.0000000180025095e-35 2.5000000000000004 23.986197916666669 0.98213580174693105 4.5000000000000009 24.500000000000004 1.0000000180025095e-35 60.500000000000007 35.350000000000001
decision_type=2 2 2 2 2 2 2 2 2 2 2 2 2 2 2 2 2 2 2 2 2 2 2 2 2 2 2 2 2 2
left_child=1 18 3 -2 -5 6 -6 -7 9 -9 11 12 -4 -14 15 -15 -16 -17 -1 24 21 -21 23 -22 27 -26 -27 29 -29 -20
right_child=2 -3 10 4 5 7 -8 8 -10 -11 -12 -13 13 14 16 17 -18 -19 19 20 22 -23 -24 -25 25 26 -28 28 -30 -31
leaf_value=1.8411127520156554e-05 0.0040317768440627224 -0.0028957774016968273 0.0022240990565460996 0.00089002899355268257 0.00045192325247117777 0.0019351607758498054 -0.0014369071325684261 -0.0017027113852584542 0.00276136934780077 -0.00011436054883091837 0.0035349248230647731 0.0011417821354787903 -0.00025627949852888011 0.0010601900601964187 -0.0016106647320916349 -0.0020970759424467178 -0.00041937381928645038 -0.0002348368959856378 -7.7340714171954256e-05 -0.00013493245287855068 0.00023930449563917496 0.00051650513975908918 0.00010531262840590653 -0.00017841639032663588 0.00046286959774329581 -0.00089574155161313129 -0.00087937756378498103 -4.1681555126792451e-05 -0.00078388098937161744 8.4199367131544808e-05
leaf_weight=101439 636 96 132 292 122 264 84 77 102 55 120 261 274 89 77 54 88 57 9594 480 288 960 2496 1824 96 50 142 427 245 3840
leaf_count=101439 636 96 132 292 122 264 84 77 102 55 120 261 274 89 77 54 88 57 9594 480 288 960 2496 1824 96 50 142 427 245 3840
internal_value=8.46019e-05 6.30039e-05 0.00103089 0.0021201 0.000833334 -0.000539773 -0.00373786 0.000783133 -0.00226496 -0.00674242 -0.000512153 -0.0010562 -0.00206874 -0.00321596 -0.00486301 -0.0025 -0.00772727 -0.00761261 7.14223e-05 -0.000231875 0.000428241 0.00204861 -7.81248e-05 -0.00113163 -0.00050924 -0.00420139 -0.0075 -0.000433858 -0.0028125 -0.000314873
internal_weight=124761 121977 2784 1632 996 704 206 498 234 132 1152 1032 771 639 365 200 165 111 121881 20442 6048 1440 4608 2112 14394 288 192 14106 672 13434
internal_count=124761 121977 2784 1632 996 704 206 498 234 132 1152 1032 771 639 365 200 165 111 121881 20442 6048 1440 4608 2112 14394 288 192 14106 672 13434
is_linear=0
shrinkage=0.05


Tree=218
num_leaves=31
num_cat=0
split_feature=8 8 3 7 1 0 0 0 0 9 0 0 7 11 0 9 11 11 11 7 7 3 7 0 1 8 11 7 3 3
split_gain=1.05463 3.20142 1.70834 1.64267 1.65486 1.36459 2.12458 1.69722 1.94378 1.33333 1.12985 1.19577 1.47094 1.12358 1.8357 0.852873 0.807795 1.02711 1.45043 1.41532 1.41292 1.95779 1.85009 1.06553 1.01345 1.54107 4.68849 5.80876 8.46388 4.34294
threshold=41.150000000000013 41.050000000000004 0.54219432480460406 32.112500000000004 3.5000000000000004 78.500000000000014 70.500000000000014 47.500000000000007 38.500000000000007 35.620312500000004 85.500000000000014 10.500000000000002 40.88750000000001 1.1027172427607128 54.500000000000007 35.620312500000004 1.2099088115144543 1.172278468731752 1.1538549292311382 35.812500000000007 33.712500000000013 0.70290292807158605 28.412500000000005 10.500000000000002 1.5000000000000002 35.250000000000007 1.0408832752351278 27.512500000000006 0.59868201182722736 -0.24372957273992746
decision_type=2 2 2 2 2 2 2 2 2 2 2 2 2 2 2 2 2 2 2 2 2 2 2 2 2 2 2 2 2 2
left_child=1 16 3 -2 -5 6 7 8 15 -10 11 -4 -13 14 -14 -6 17 18 24 20 21 23 -23 -19 25 -1 -27 28 -28 -29
right_child=2 -3 10 4 5 -7 -8 -9 9 -11 -12 12 13 -15 -16 -17 -18 19 -20 -21 -22 22 -24 -25 -26 26 27 29 -30 -31
leaf_value=-2.1683685577054231e-06 0.0050991124633435886 -0.0027509885316119856 0.0021128941037187958 0.00094988649704181877 -0.00075515015014527697 0.0031713023129521672 -0.0016411767724320014 0.001798016626617536 -0.0003350684262578464 -0.0017219611085985374 0.003358178581911537 -0.00066974283404870139 -0.0020900562699928921 0.0026504973030740892 0.0030637260043843498 0.0017446330814797342 0.00062764432375596313 0.00098819668913219748 0.0007519400422322871 0.00052524782076876313 -0.00098431959416293217 -0.0017554053349443943 -0.00034588845655734416 -0.00039519349894479445 1.9873015029154951e-05 4.6284290653232804e-05 -0.00304201604372995 -0.0020397362141382786 -0.00047564897546249611 -0.00017289085452068683
leaf_weight=28121 472 96 132 328 77 173 96 276 54 54 120 639 55 124 82 102 672 110 968 226 138 55 67 556 85304 3360 80 192 371 1661
leaf_count=28121 472 96 132 328 77 173 96 276 54 54 120 639 55 124 82 102 672 110 968 226 138 55 67 556 85304 3360 80 192 371 1661
internal_value=8.66058e-05 6.46435e-05 0.00104885 0.00208946 0.00107759 -0.000108173 -0.00114568 2.66432e-05 -0.0026655 -0.00796296 -0.000425347 -0.000959302 -0.00161111 0.00155172 -0.00156934 0.000530726 7.18325e-05 6.2248e-05 7.65055e-05 -0.00142361 -0.00228942 -0.00147208 -0.00729508 -0.000405405 6.0837e-05 -0.000170934 -0.000923375 -0.00266059 -0.00774945 -0.00142202
internal_weight=124761 121977 2784 1632 1160 832 659 563 287 108 1152 1032 900 261 137 179 121881 121209 120057 1152 926 788 122 666 119089 33785 5664 2304 451 1853
internal_count=124761 121977 2784 1632 1160 832 659 563 287 108 1152 1032 900 261 137 179 121881 121209 120057 1152 926 788 122 666 119089 33785 5664 2304 451 1853
is_linear=0
shrinkage=0.05


Tree=219
num_leaves=31
num_cat=0
split_feature=8 8 3 7 1 0 0 0 0 0 0 7 9 11 0 9 8 8 0 8 6 8 0 11 1 0 0 11 9 8
split_gain=1.05639 2.51187 1.60922 1.5447 1.49137 1.3234 2.17173 1.38566 1.54309 1.10859 1.16984 1.41972 0.925926 0.876174 1.57288 0.852873 0.840702 14.8592 4.216 3.89086 3.94091 3.64154 2.24987 2.07753 1.82022 1.74317 4.2744 3.71803 2.73144 2.28837
threshold=41.150000000000013 41.050000000000004 0.54219432480460406 32.112500000000004 3.5000000000000004 78.500000000000014 70.500000000000014 47.500000000000007 38.500000000000007 85.500000000000014 10.500000000000002 40.88750000000001 35.620312500000004 1.1027172427607128 55.500000000000007 35.620312500000004 25.650000000000002 25.550000000000004 29.500000000000004 25.350000000000005 1.0000000180025095e-35 26.150000000000002 88.500000000000014 0.99634139915423614 2.5000000000000004 28.500000000000004 43.500000000000007 1.1265970327176902 9.2812500000000018 12.650000000000002
decision_type=2 2 2 2 2 2 2 2 2 2 2 2 2 2 2 2 2 2 2 2 2 2 2 2 2 2 2 2 2 2
left_child=1 16 3 -2 -5 6 7 8 15 10 -4 -12 -10 14 -13 -6 17 19 -19 25 22 -18 23 -21 -25 29 27 -27 -28 -1
right_child=2 -3 9 4 5 -7 -8 -9 12 -11 11 13 -14 -15 -16 -17 21 18 -20 20 -22 -23 -24 24 -26 26 28 -29 -30 -31
leaf_value=-0.00039553817140054487 0.004844156840176409 -0.0026134391050313863 0.0020072493985328534 0.00090239217218972842 -0.00071739264263801362 0.0030127371973045595 -0.0015591179338103999 0.0017081157952866584 -0.00031831500494495358 0.0031902696528159588 -0.00063625569234626676 -0.0014962175060165108 -0.0016358630531686119 0.0025179724379203842 0.0038190549682635758 0.0016574014274057488 0.00030529711858526872 -0.00070375414551243967 -0.00063993230014005404 -1.6962754624537179e-05 -0.00093950405032157511 1.4750107588717902e-05 -0.00089294235013260301 -0.0008374385308798142 -0.00024165066886289272 0.00056335261805288582 0.001592063975784385 -0.0009990408612243313 -2.5613373928069827e-05 -2.2074089201817112e-05
leaf_weight=116 472 96 132 328 77 173 96 276 54 120 639 62 54 124 75 102 1914 60 132 712 96 85695 70 89 89 5100 624 60 17264 9860
leaf_count=116 472 96 132 328 77 173 96 276 54 120 639 62 54 124 75 102 1914 60 132 712 96 85695 70 89 89 5100 624 60 17264 9860
internal_value=8.58042e-05 6.38237e-05 0.00104885 0.00205882 0.00107759 -4.80767e-05 -0.0010698 0.000115453 -0.00231707 -0.000381944 -0.000910853 -0.00155556 -0.00703704 0.00155172 -0.00120438 0.000530726 7.01916e-05 -0.000139764 -0.0140104 -6.16195e-05 -0.00304924 0.000152325 -0.00208333 -0.00140449 -0.00623595 3.39149e-05 0.000272909 0.0015407 -9.27995e-05 -0.000518244
internal_weight=124761 121977 2784 1632 1160 832 659 563 287 1152 1032 900 108 261 137 179 121881 34272 192 34080 1056 87609 960 890 178 33024 23048 5160 17888 9976
internal_count=124761 121977 2784 1632 1160 832 659 563 287 1152 1032 900 108 261 137 179 121881 34272 192 34080 1056 87609 960 890 178 33024 23048 5160 17888 9976
is_linear=0
shrinkage=0.05


Tree=220
num_leaves=31
num_cat=0
split_feature=8 3 11 1 7 0 3 8 0 0 9 3 7 8 8 0 0 9 7 7 0 4 4 8 11 9 1 7 10 7
split_gain=1.12075 2.42402 1.50123 1.26933 1.84283 2.62223 2.46716 1.65621 1.87013 0.988246 0.973243 1.44234 1.2536 1.65245 1.72974 1.53785 2.23991 1.1912 1.10427 1.09663 0.854729 0.852874 2.74341 6.19276 3.65625 3.30792 4.43768 11.3818 3.79178 3.22737
threshold=40.550000000000004 0.54219432480460406 0.99142420047150093 3.5000000000000004 36.13750000000001 70.500000000000014 0.01505151768384008 41.650000000000013 45.500000000000007 10.500000000000002 34.42239583333334 0.31799963745711152 36.862500000000004 39.350000000000001 40.350000000000001 83.500000000000014 74.500000000000014 33.96510416666667 30.837500000000006 32.612500000000004 49.500000000000007 -0.9497838742125716 -0.86548532668110156 35.350000000000001 1.1649345393363679 27.984895833333336 5.5000000000000009 26.987500000000004 1.0000000180025095e-35 27.387500000000006
decision_type=2 2 2 2 2 2 2 2 2 2 2 2 2 2 2 2 2 2 2 2 2 2 2 2 2 2 2 2 2 2
left_child=10 3 -3 -2 6 7 -5 -6 -9 -4 17 12 13 -12 15 16 18 21 -15 -16 -14 -1 23 25 -25 28 -27 -28 29 -23
right_child=1 2 9 4 5 -7 -8 8 -10 -11 11 -13 20 14 19 -17 -18 -19 -20 -21 -22 22 -24 24 -26 26 27 -29 -30 -31
leaf_value=0.00013305892617277251 0.0017638334266897187 -0.0024827671497798178 0.0016217549904699461 -0.0022312654544790005 0.0019567072686124168 -0.0016057441756886553 0.0028429688727800253 -0.0012185364845077669 0.00054212206114991448 -0.00011110502337763364 0.0006187691893298371 0.00078078961536718391 -0.00041880319609985926 -0.0015696631493649195 0.0055466440168865944 0.00010189399292859875 -0.0039354875511705498 0.00075165482713814404 -0.00076505357908937879 -0.00087584876793469254 0.0012449307460954495 -0.00047665685665925959 1.0305101473269786e-05 -0.0013567721075131486 0.0006660966561390961 0.00042397464204580034 -0.0013898347970030219 -0.0002669716586745786 -0.0002337745210028653 -0.0026107576330746647
leaf_weight=12354 672 96 187 60 178 75 587 77 175 1445 136 192 100 72 69 84 59 672 236 52 248 151 98693 1248 288 4018 128 832 1440 137
leaf_count=12354 672 96 187 60 178 75 587 77 175 1445 136 192 100 72 69 84 59 672 236 52 248 151 98693 1248 288 4018 128 832 1440 137
internal_value=8.46019e-05 0.000960023 -0.000381944 0.00223136 0.00122396 -0.0010396 0.00299073 0.000465116 -0.00214286 -2.45096e-05 5.8948e-05 -0.00133013 -0.00205492 -0.00326271 -0.00444056 -0.00586474 -0.00726158 7.3399e-05 -0.00555195 0.000867769 0.000402299 6.15733e-05 1.61315e-05 -0.000860228 -0.00372396 -0.000204294 0.00044998 -0.00260417 -0.00208912 -0.00732639
internal_weight=124761 3552 1728 1824 1152 505 647 430 252 1632 121209 1248 1056 708 572 451 367 119961 308 121 348 119289 106935 8242 1536 6706 4978 960 1728 288
internal_count=124761 3552 1728 1824 1152 505 647 430 252 1632 121209 1248 1056 708 572 451 367 119961 308 121 348 119289 106935 8242 1536 6706 4978 960 1728 288
is_linear=0
shrinkage=0.05


Tree=221
num_leaves=31
num_cat=0
split_feature=8 3 0 11 7 1 3 9 11 3 7 3 7 9 7 7 1 11 11 9 8 9 1 3 8 8 0 11 3 11
split_gain=1.35308 2.41555 1.27808 1.28754 1.23557 1.62948 1.00471 0.858218 1.35793 1.27116 1.86866 1.14364 1.21767 1.03402 1.01192 2.23952 0.883314 1.47667 1.94906 1.6315 3.29355 2.54606 6.17512 2.25541 1.96666 1.47857 4.14066 1.46683 3.05568 2.14543
threshold=40.550000000000004 0.54219432480460406 10.500000000000002 0.99142420047150093 33.212500000000013 3.5000000000000004 0.031174179426909168 34.42239583333334 1.0648799177802244 0.031174179426909168 31.012500000000006 0.1849296026015865 34.612500000000004 33.96510416666667 37.212500000000013 32.312500000000007 3.5000000000000004 1.1178088744719634 1.1102543501962845 30.150260416666672 36.550000000000004 30.108333333333338 4.5000000000000009 0.98213580174693105 37.650000000000013 39.050000000000004 22.500000000000004 0.87438713147174518 -0.98930078251469888 0.88327974961520905
decision_type=2 2 2 2 2 2 2 2 2 2 2 2 2 2 2 2 2 2 2 2 2 2 2 2 2 2 2 2 2 2
left_child=7 4 -3 -4 6 -6 -2 13 9 14 -11 12 -12 16 15 -9 -1 18 19 21 -21 24 -23 25 27 -22 -27 -18 -29 -30
right_child=1 2 3 -5 5 -7 -8 8 -10 10 11 -13 -14 -15 -16 -17 17 -19 -20 20 23 22 -24 -25 -26 26 -28 28 29 -31
leaf_value=-7.8810221140538687e-06 -0.00057491296536082829 0.001137493151904983 -0.0029377704302304668 -0.00010554977220875197 0.001168942782741789 -6.0394371368182474e-05 0.0040495146869489462 -7.4200561774377696e-05 0.00055283570569288347 -0.00098044362860449474 0.0005993962091086182 0.0012025423227520883 -0.00058913864983566717 0.00071407208578123764 0.0014631671555031321 -0.0032924391372053693 -0.00014959986500657368 -0.00011223849041139404 0.0023252500198031245 0.00118299332602072 0.00020166298592107828 0.0013735044604197258 -0.0038940270447021426 -0.0011986569085124636 -0.00064649425505240526 -0.0012043151252276343 5.0632903551808818e-05 0.00080120504225659128 0.00072475696320651966 1.7733793845803462e-05
leaf_weight=66820 78 198 85 1445 410 704 632 56 384 93 154 244 181 672 51 85 2776 3360 384 2400 3158 96 85 96 96 69 219 1056 672 38002
leaf_count=66820 78 198 85 1445 410 704 632 56 384 93 154 244 181 672 51 85 2776 3360 384 2400 3158 96 85 96 96 69 219 1056 672 38002
internal_value=8.25981e-05 0.00104448 -0.000295139 -0.000784314 0.0023136 0.00127469 0.00394366 5.44103e-05 -0.00125 -0.00234954 -0.0013244 -0.000267703 -0.00216418 6.79806e-05 -0.0059375 -0.00812057 5.69627e-05 0.000210505 0.000279888 0.000251924 0.00102827 0.000144099 -0.00577348 5.92887e-05 0.000169241 0.000269878 -0.00315972 0.000185386 0.000263026 0.000190567
internal_weight=124761 3552 1728 1530 1824 1114 710 121209 1248 864 672 579 335 119961 192 141 119289 52469 49109 48725 5942 42783 181 3542 42602 3446 288 42506 39730 38674
internal_count=124761 3552 1728 1530 1824 1114 710 121209 1248 864 672 579 335 119961 192 141 119289 52469 49109 48725 5942 42783 181 3542 42602 3446 288 42506 39730 38674
is_linear=0
shrinkage=0.05


Tree=222
num_leaves=31
num_cat=0
split_feature=8 3 0 11 0 0 11 7 0 11 8 3 3 3 9 1 0 8 4 9 9 7 0 10 9 1 0 0 7 8
split_gain=1.31376 2.21528 1.47601 1.13168 1.30545 1.01514 2.01667 2.31907 1.89046 1.88431 0.977907 0.982558 0.942502 0.863343 0.83878 1.6276 2.11017 2.52402 1.51033 2.71361 2.57479 3.90476 1.71316 1.91088 5.16813 8.09614 3.05437 2.94682 2.94157 2.7022
threshold=40.550000000000004 0.49812943072827093 10.500000000000002 0.99142420047150093 52.500000000000007 27.500000000000004 1.0515743247573357 35.112500000000004 40.500000000000007 1.0733916311526115 44.000000000000007 0.58481550752069722 0.3504237462291826 0.28519915169571858 9.2812500000000018 5.5000000000000009 36.500000000000007 12.650000000000002 0.98005052076767474 15.508593750000001 14.97265625 15.237500000000002 93.500000000000014 1.0000000180025095e-35 13.209375 1.0000000180025095e-35 71.500000000000014 45.500000000000007 7.5125000000000011 16.050000000000004
decision_type=2 2 2 2 2 2 2 2 2 2 2 2 2 2 2 2 2 2 2 2 2 2 2 2 2 2 2 2 2 2
left_child=14 12 -3 -4 5 9 8 -8 -7 -5 -6 -12 13 -2 15 16 17 -1 -16 20 22 -22 23 24 25 27 29 -20 -27 -25
right_child=1 2 3 4 10 6 7 -9 -10 -11 11 -13 -14 -15 18 -17 -18 -19 19 -21 21 -23 -24 26 -26 28 -28 -29 -30 -31
leaf_value=-0.00064400330275434707 0.00075936274533865318 0.001435869123497768 -0.0027908819087189437 0.0030239794579374085 0.0008184502273985262 -0.0004362343016376172 -0.0013449844676737168 0.00015549047663118563 -0.0014435858762751031 -0.00049799510922529221 -0.0015101756816721277 0.00023024552766354569 0.0018506093573201225 -0.0007331824122920966 1.2329197289368851e-05 0.00096704544855429975 0.0014267282081301671 0.0001150361668094358 -0.00041725640570642355 0.0001436103302595835 -0.00049121434542351804 7.6829189145813059e-05 -0.00056499867528712617 -0.0013062628592158509 1.4815551999852551e-05 0.00021971483664520416 0.0011450884558479354 -0.0007750311250360795 -0.00029983641353861491 -1.0158669579277645e-05
leaf_weight=111 576 231 85 136 688 65 85 290 60 204 86 86 864 96 112185 288 531 222 92 1152 91 101 136 288 1692 287 726 96 1123 2088
leaf_count=111 576 231 85 136 688 65 85 290 60 204 86 86 864 96 112185 288 531 222 92 1152 91 101 136 288 1692 287 726 96 1123 2088
internal_value=8.25981e-05 0.00103041 -5.95236e-05 -0.000546218 -0.000264706 -0.00166667 -0.0031 -0.00126667 -0.0086 0.000441177 0.00110465 -0.00226744 0.00246094 0.00105655 5.48228e-05 0.00139757 0.0003125 -0.00280781 4.19386e-05 -0.00062754 -0.0010119 -0.00671875 -0.000844056 -0.000725907 -0.00156535 -0.00360451 0.00016441 -0.0133511 -0.00230496 -0.000702862
internal_weight=124761 3552 2016 1785 1700 840 500 375 125 340 860 172 1536 672 121209 1152 864 333 120057 7872 6720 192 6528 6392 3290 1598 3102 188 1410 2376
internal_count=124761 3552 2016 1785 1700 840 500 375 125 340 860 172 1536 672 121209 1152 864 333 120057 7872 6720 192 6528 6392 3290 1598 3102 188 1410 2376
is_linear=0
shrinkage=0.05


Tree=223
num_leaves=31
num_cat=0
split_feature=8 3 0 11 0 1 11 7 0 3 1 0 8 8 3 0 0 3 11 8 0 8 9 3 9 11 11 8 4 8
split_gain=1.13104 1.84525 1.29272 1.15431 1.19571 1.15714 1.4 1.02433 2.18767 1.94171 1.49046 0.883581 1.17858 0.81657 0.837209 0.786277 0.761416 1.48516 1.39354 1.4497 2.18018 3.28232 2.5166 1.99532 3.30102 1.98148 2.27922 2.89286 1.923 1.8789
threshold=40.550000000000004 0.49812943072827093 10.500000000000002 0.99142420047150093 52.500000000000007 3.5000000000000004 1.1049966690345681 35.687500000000007 66.500000000000014 0.01505151768384008 3.5000000000000004 43.500000000000007 41.650000000000013 44.000000000000007 0.58481550752069722 1.0000000180025095e-35 75.500000000000014 0.99983759474438971 1.1338093104982068 31.150000000000002 90.500000000000014 18.550000000000004 25.809114583333336 -0.065535378769913874 25.201562500000005 1.0062103455713849 0.99530668776505327 37.350000000000001 -0.95998493203694346 30.250000000000004
decision_type=2 2 2 2 2 2 2 2 2 2 2 2 2 2 2 2 2 2 2 2 2 2 2 2 2 2 2 2 2 2
left_child=15 7 -3 -4 5 -5 -7 9 11 -2 -10 12 -9 -6 -15 -1 17 -17 19 20 21 -18 29 -21 -25 26 -26 -28 -23 -22
right_child=1 2 3 4 13 6 -8 8 10 -11 -12 -13 -14 14 -16 16 18 -19 -20 23 22 28 -24 24 25 -27 27 -29 -30 -31
leaf_value=0.00012546720574525315 -0.0021508679301501334 0.0013640756673228779 -0.0026513378132829975 -0.0001506069303791708 0.00077752771602860042 -0.00095038418048121404 0.00029313437710911088 0.0014392408297454729 0.00022322287121797087 0.0030327591946628491 -0.0011645057745501362 0.0018746317301506475 -0.00078692300004689253 -0.0014346668975885222 0.00021873325128036862 -1.1578468429123229e-06 0.00078485302499284445 -0.00022222076547645669 -0.00043292775872031514 0.00065326307972433646 -0.00010264313815697005 -0.00079055848505335416 0.00067640460984420359 0.00062727503006106643 -0.00014608078186470797 0.00014426665496127019 -0.0012126117387971976 0.00044122432923669058 1.2266473583775515e-05 -0.00060904009214896482
leaf_weight=1268 58 231 85 630 688 126 84 77 78 761 120 368 74 86 86 94269 1245 450 1100 5238 2672 90 520 500 2110 2540 200 80 8757 170
leaf_count=1268 58 231 85 630 688 126 84 77 78 761 120 368 74 86 86 94269 1245 450 1100 5238 2672 90 520 500 2110 2540 200 80 8757 170
internal_value=8.05943e-05 0.000960023 -3.4722e-05 -0.000490196 -0.000205882 -0.00154762 -0.0047619 0.00226563 0.000885635 0.00347375 -0.00358586 0.00259152 -0.000629139 0.00110465 -0.00197674 5.48228e-05 4.1729e-05 -2.32792e-05 0.000285862 0.000365227 2.00686e-05 0.000387436 -0.00108269 0.000800525 0.000128914 -0.000263691 -0.00129707 -0.00553571 4.91694e-05 -0.00166784
internal_weight=124761 3552 2016 1785 1700 840 210 1536 717 819 198 519 151 860 172 121209 119941 94719 25222 24122 13454 10092 3362 10668 5430 4930 2390 280 8847 2842
internal_count=124761 3552 2016 1785 1700 840 210 1536 717 819 198 519 151 860 172 121209 119941 94719 25222 24122 13454 10092 3362 10668 5430 4930 2390 280 8847 2842
is_linear=0
shrinkage=0.05


Tree=224
num_leaves=31
num_cat=0
split_feature=8 3 7 1 11 0 0 0 0 9 0 11 11 3 8 8 7 3 9 4 0 7 7 9 11 10 7 7 7 0
split_gain=1.17909 1.79096 1.44066 1.37436 1.34807 1.3234 1.85848 1.48467 1.43128 0.925926 0.884872 0.774055 1.32666 3.88377 2.43847 3.79115 4.41643 1.59877 2.39748 1.44248 2.03821 1.39786 2.27425 1.3219 2.07936 3.02107 2.11005 1.51796 3.73714 2.29651
threshold=40.550000000000004 0.54219432480460406 32.112500000000004 3.5000000000000004 0.99142420047150093 78.500000000000014 70.500000000000014 47.500000000000007 38.500000000000007 35.620312500000004 10.500000000000002 0.82629592353323422 0.88327974961520905 0.63920241694561786 33.650000000000013 33.750000000000007 30.312500000000004 -0.99697703579879204 26.058333333333337 -0.039769286347669845 30.500000000000004 21.912500000000005 26.012500000000006 17.875000000000004 0.81964528947748405 1.0000000180025095e-35 32.01250000000001 25.912500000000005 20.812500000000004 61.500000000000007
decision_type=2 2 2 2 2 2 2 2 2 2 2 2 2 2 2 2 2 2 2 2 2 2 2 2 2 2 2 2 2 2
left_child=11 2 -2 -4 -3 6 7 8 -5 -10 -6 23 13 14 -13 16 -16 18 -14 20 -20 -15 -23 -1 -25 26 -26 28 -27 -29
right_child=1 4 3 5 10 -7 -8 -9 9 -11 -12 12 17 21 15 -17 -18 -19 19 -21 -22 22 -24 24 25 27 -28 29 -30 -31
leaf_value=0.00035619012207196364 0.0035855337006868737 -0.0019396292846792082 0.0011244808427428395 0.00010385706837851047 0.0013437953438101666 0.0027370467952925015 -0.0014321602889055373 0.0014321824213546011 -0.00025062327130831441 -0.0015011539037003559 -9.1943604422430058e-05 0.00034592917168958597 -0.00024690604830932596 -8.8744918130674979e-05 0.00031333718647861549 0.00034498095776717107 -0.0018294306647202573 1.938261958543691e-06 -0.00099428567817188836 0.001452631117671889 0.00086236683555234762 -0.00082191663571388725 -3.8118402459692244e-05 -5.4565757257009719e-05 0.0018218731875344408 -0.00044775077233212741 -0.0016625286975725517 0.00048769835835627874 -0.00093749108552807761 -0.0021858539770094805
leaf_weight=288 534 96 458 179 187 173 96 276 54 54 1445 3656 292 413 99 1046 85 110654 62 964 130 136 123 2784 142 71 50 96 50 68
leaf_count=288 534 96 458 179 187 173 96 276 54 54 1445 3656 292 413 99 1046 85 110654 62 964 130 136 123 2784 142 71 50 96 50 68
internal_value=7.61859e-05 0.000974099 0.00206689 0.00116279 -0.000179398 -4.80767e-05 -0.0010698 2.66432e-05 -0.00249129 -0.00703704 0.000159314 4.98727e-05 7.18173e-05 0.000825837 0.00131601 -0.000609756 -0.00722826 3.44331e-05 0.00168508 0.00270761 -0.00125 -0.00273809 -0.00561776 -0.000677655 -0.000964428 -0.00401467 0.000833334 -0.0072807 -0.0115289 -0.00414634
internal_weight=124761 3552 1824 1290 1728 832 659 563 287 108 1632 121209 117660 5558 4886 1230 184 112102 1448 1156 192 672 259 3549 3261 477 192 285 121 164
internal_count=124761 3552 1824 1290 1728 832 659 563 287 108 1632 121209 117660 5558 4886 1230 184 112102 1448 1156 192 672 259 3549 3261 477 192 285 121 164
is_linear=0
shrinkage=0.05


Tree=225
num_leaves=31
num_cat=0
split_feature=8 3 7 0 0 0 3 0 11 1 7 9 1 8 7 0 8 4 9 10 9 1 9 0 0 1 3 0 1 0
split_gain=1.3249 1.6975 1.2854 1.14478 1.1035 1.36065 1.59112 1.46781 0.911803 0.851713 1.1178 0.762873 1.75104 1.42222 2.94819 1.87265 1.62964 1.27324 2.16352 2.48477 3.9435 6.6303 5.22039 2.79515 2.57327 2.49272 2.47583 2.20417 2.10299 2.08023
threshold=40.550000000000004 0.54219432480460406 32.112500000000004 10.500000000000002 77.500000000000014 66.500000000000014 0.39827038710620805 47.500000000000007 0.99142420047150093 3.5000000000000004 38.237500000000004 9.9703125000000004 5.5000000000000009 15.350000000000003 14.112500000000002 39.500000000000007 12.650000000000002 0.98005052076767474 15.508593750000001 1.0000000180025095e-35 13.209375 1.0000000180025095e-35 14.97265625 42.500000000000007 45.500000000000007 4.5000000000000009 -0.022576249993022688 79.500000000000014 1.0000000180025095e-35 93.500000000000014
decision_type=2 2 2 2 2 2 2 2 2 2 2 2 2 2 2 2 2 2 2 2 2 2 2 2 2 2 2 2 2 2
left_child=11 2 -2 -3 5 7 -7 9 -5 -4 -11 12 13 14 15 16 -1 -13 19 20 21 24 27 -23 -19 26 -25 -22 -21 -30
right_child=1 3 4 8 -6 6 -8 -9 -10 10 -12 17 -14 -15 -16 -17 -18 18 -20 28 22 23 -24 25 -26 -27 -28 -29 29 -31
leaf_value=-0.00059791836844240399 0.0034062570156525294 0.00094588878471616529 0.00025071834833577232 -0.0024217894583848892 0.0023061411562151596 -0.0011829359184921775 0.00056180026559394353 0.0021918403553991741 -8.7346424201308073e-05 1.5213987139903163e-05 -0.00075438347156123295 1.134598067967149e-05 0.00091865415537080257 0.00049299129526108622 -0.0019892238267229614 0.0008952607603074054 -2.7260987569188176e-05 -0.00039643260617688408 0.00012761965709805637 0.00088201878324547709 7.7283641245569893e-05 6.3720884730840074e-06 -0.00044538132750205744 0.00054692511481648897 -0.00072969025846083765 -0.00068502703269231191 -0.00030502840190637189 -0.00020125092094068847 -3.0893764278144966e-05 -0.0011711513508015409
leaf_weight=120 534 198 144 85 289 110 99 361 1445 192 95 111993 288 480 52 508 280 92 1152 480 1440 602 96 159 100 212 371 288 2444 52
leaf_count=120 534 198 144 85 289 110 99 361 1445 192 95 111993 288 480 52 508 280 92 1152 480 1440 602 96 159 100 212 371 288 2444 52
internal_value=7.85904e-05 0.00103041 0.0020943 -9.25924e-05 0.00124031 0.000454546 -0.00313397 0.00140152 -0.000555555 -0.000568445 -0.00214286 5.06977e-05 0.00109375 0.000381945 -0.000729166 -6.60791e-05 -0.002625 3.56125e-05 -0.000595619 -0.000958017 -0.00188988 -0.00375651 -0.000317982 -0.00251488 -0.0124479 -0.00456873 -0.00273585 0.0003125 9.40862e-05 -0.000488782
internal_weight=124761 3552 1824 1728 1290 1001 209 792 1530 431 287 121209 1728 1440 960 908 400 119481 7488 6336 3360 1536 1824 1344 192 742 530 1728 2976 2496
internal_count=124761 3552 1824 1728 1290 1001 209 792 1530 431 287 121209 1728 1440 960 908 400 119481 7488 6336 3360 1536 1824 1344 192 742 530 1728 2976 2496
is_linear=0
shrinkage=0.05


Tree=226
num_leaves=31
num_cat=0
split_feature=8 3 0 0 0 1 0 3 3 9 0 1 8 3 0 4 9 11 3 7 0 0 4 7 10 3 8 0 3 3
split_gain=1.2893 1.68952 1.07124 1.02413 1.29025 0.941399 1.0163 1.2 0.940104 0.844976 1.55101 1.66914 1.2642 1.48148 1.34953 1.23062 1.91325 1.28836 1.38136 4.87242 1.1249 1.10845 1.08386 2.97755 2.9391 5.05601 3.79991 2.86155 3.50877 2.58904
threshold=40.550000000000004 0.49812943072827093 10.500000000000002 53.500000000000007 66.500000000000014 2.5000000000000004 43.500000000000007 0.58481550752069722 0.36648264796514479 9.2812500000000018 44.500000000000007 5.5000000000000009 12.650000000000002 -0.05695216311707673 25.500000000000004 0.9863035000474919 17.649479166666669 1.0912314765539939 -0.14250824554987665 15.587500000000004 94.500000000000014 90.500000000000014 0.92191100909954782 8.7875000000000032 1.0000000180025095e-35 -0.24372957273992746 17.450000000000003 89.500000000000014 0.20180702842483325 0.1849296026015865
decision_type=2 2 2 2 2 2 2 2 2 2 2 2 2 2 2 2 2 2 2 2 2 2 2 2 2 2 2 2 2 2
left_child=9 8 -3 5 -5 6 -4 -8 -2 10 11 12 14 -14 -1 22 17 18 19 -17 -20 -12 -11 27 26 -26 -25 -24 -29 -28
right_child=1 2 3 4 -6 -7 7 -9 -10 15 21 -13 13 -15 -16 16 -18 -19 20 -21 -22 -23 23 24 25 -27 29 28 -30 -31
leaf_value=-0.00050127655995283599 0.00030827634731326415 0.0011813876775304208 0.00025183367551499862 0.0025288462005714505 -0.00013239420425956852 -0.0006445950101695517 -0.001622965957455537 0.00017916779851256221 0.0016759059304434145 5.1210414376551758e-06 0.0017403743233623235 0.00062623506266152934 -0.00021160747172811344 0.00065285252711198426 3.7214880033993289e-05 1.2767005297319131e-05 0.00037147347152888802 0.00053716618625555075 -6.1923831003440414e-05 -0.0013812609866277678 -0.00045004531036464863 -0.00091153244147081916 -5.5904991601382886e-05 -0.00063846500130546665 -0.00014176553836222768 0.00091534918543515571 0.00018833875952153312 -0.0018374672303002665 -7.1651857381699218e-06 -5.7722542489546734e-05
leaf_weight=78 768 231 396 273 609 387 60 60 768 104889 552 135 135 135 57 137 384 192 5605 55 59 60 1381 172 862 2663 1538 57 57 2006
leaf_count=78 768 231 396 273 609 387 60 60 768 104889 552 135 135 135 57 137 384 192 5605 55 59 60 1381 172 862 2663 1538 57 57 2006
internal_value=7.73882e-05 0.00101633 6.44843e-05 -0.00035014 0.000861678 -0.00153378 -0.000135659 -0.00416667 0.00226563 4.98727e-05 0.00139757 -0.000555555 -0.00216049 -0.000185185 -0.00611111 3.6941e-05 -0.000635883 -0.000853174 -0.000985314 -0.00515625 -0.000843926 0.00312092 7.50277e-05 0.000610119 0.00102955 0.00206383 4.84394e-05 -0.0014214 -0.00903509 0.000400677
internal_weight=124761 3552 2016 1785 882 903 516 120 1536 121209 1152 540 405 270 135 120057 6432 6048 5856 192 5664 612 113625 8736 7241 3525 3716 1495 114 3544
internal_count=124761 3552 2016 1785 882 903 516 120 1536 121209 1152 540 405 270 135 120057 6432 6048 5856 192 5664 612 113625 8736 7241 3525 3716 1495 114 3544
is_linear=0
shrinkage=0.05


Tree=227
num_leaves=31
num_cat=0
split_feature=9 8 0 3 11 8 1 4 0 7 11 8 11 4 1 0 11 8 0 8 7 4 11 11 7 8 1 3 0 11
split_gain=1.05208 2.87662 2.87159 2.39533 7.27077 2.27281 3.15378 2.53768 2.87085 3.10716 4.51107 3.66909 2.70166 2.1901 2.08118 2.04524 2.02065 1.77509 2.71096 2.12674 1.76039 1.68569 1.68113 2.2719 4.06617 2.80085 3.30446 1.8249 1.76408 1.59566
threshold=29.525520833333335 36.650000000000013 91.500000000000014 -0.048361574224334618 1.1118361362686917 33.150000000000013 1.0000000180025095e-35 -0.88220415136009767 20.500000000000004 27.312500000000004 1.0293602173369309 33.850000000000001 0.93776513921633253 -0.21862536810265826 5.5000000000000009 41.500000000000007 1.1649345393363679 34.150000000000013 26.500000000000004 35.250000000000007 23.112500000000004 -0.18493013702746822 0.9621683328328906 0.95829986463104522 34.862500000000004 34.550000000000004 4.5000000000000009 -0.52032787705993211 40.500000000000007 1.0891277928364806
decision_type=2 2 2 2 2 2 2 2 2 2 2 2 2 2 2 2 2 2 2 2 2 2 2 2 2 2 2 2 2 2
left_child=1 5 3 4 22 29 13 8 12 10 -10 -11 -8 17 21 -13 -6 18 20 -19 -7 -9 23 24 27 26 -25 -2 -27 -1
right_child=2 -3 -4 -5 16 6 7 14 9 11 -12 15 -14 -15 -16 -17 -18 19 -20 -21 -22 -23 -24 25 -26 28 -28 -29 -30 -31
leaf_value=2.3695779036884632e-07 -0.00027699069999435872 0.0009559119075024671 0.00189036331927579 -2.2730620546507786e-05 -0.0010834803708241968 -0.00049538683185444156 -0.00084325087154852013 0.00025616974358112185 -0.0021930583617087553 -0.0014574922276134779 -0.0007540013406445871 -0.00099873940832617323 0.0023221907228182055 -7.2114846252865073e-05 -0.00022976066048580846 0.00037556615093115958 0.00191177942874327 0.00161538898302015 -0.0013444588290650152 -0.00045008545580495218 0.00075844487302696544 -5.5685525774822395e-05 0.00071559342449845716 -0.00015255293833390756 -0.002237201281449574 -0.00057130381830360294 -0.0037550604212849047 0.0010299581255793851 0.0016035063241655774 0.0001164686693009148
leaf_weight=79021 276 480 1208 17934 920 50 78 2978 99 312 79 115 210 768 1728 443 92 96 345 192 85 2976 6431 92 54 123 81 1588 153 5754
leaf_count=79021 276 480 1208 17934 920 50 78 2978 99 312 79 115 210 768 1728 443 92 96 345 192 85 2976 6431 92 54 123 81 1588 153 5754
internal_value=7.29797e-05 -6.83633e-06 0.00033711 0.000233204 0.000861366 -2.62772e-05 -0.000718211 -0.000361499 -0.00237275 -0.00358779 -0.00960674 -0.00235632 0.00204861 -0.0028125 -1.17155e-05 7.16848e-05 -0.00315217 -0.00470052 -0.0065625 -0.00159722 -0.000555555 0.000431643 0.00132303 0.000183777 0.000933264 -0.00301782 -0.00800578 0.00132511 0.000108696 5.98645e-05
internal_weight=124761 95809 28952 27744 9810 95329 10554 9018 1336 1048 178 870 288 1536 7682 558 1012 768 480 288 135 5954 8798 2367 1918 449 173 1864 276 84775
internal_count=124761 95809 28952 27744 9810 95329 10554 9018 1336 1048 178 870 288 1536 7682 558 1012 768 480 288 135 5954 8798 2367 1918 449 173 1864 276 84775
is_linear=0
shrinkage=0.05


Tree=228
num_leaves=31
num_cat=0
split_feature=8 3 7 11 0 3 1 11 9 9 9 0 7 0 4 11 7 4 0 8 1 11 0 7 1 3 7 8 8 0
split_gain=1.00829 1.66456 1.46187 1.10294 0.997626 0.894805 0.799318 1.57638 3.3565 3.86617 3.07967 3.02244 2.38302 2.97072 2.0346 1.91873 1.89595 1.90706 1.88349 1.95312 2.05868 1.80008 1.76835 1.63144 1.6 1.53125 1.48083 1.46783 1.8528 2.501
threshold=40.550000000000004 0.54219432480460406 32.112500000000004 0.99142420047150093 47.500000000000007 0.46800856592688472 3.5000000000000004 1.0779742005359896 31.670833333333338 32.437500000000007 27.370572916666671 26.500000000000004 18.812500000000004 53.500000000000007 -0.97696767110351213 1.0764862315683601 28.037500000000005 -0.73865259438682551 23.500000000000004 17.250000000000004 2.5000000000000004 1.1338093104982068 33.500000000000007 30.637500000000006 1.5000000000000002 0.031174179426909168 27.012500000000006 27.550000000000004 29.150000000000002 77.500000000000014
decision_type=2 2 2 2 2 2 2 2 2 2 2 2 2 2 2 2 2 2 2 2 2 2 2 2 2 2 2 2 2 2
left_child=6 2 -2 -3 5 -4 7 15 10 -10 12 -12 18 -14 -13 -1 17 21 19 20 -9 -16 -17 -24 25 -11 -19 -15 -29 -30
right_child=1 3 4 -5 -6 -7 -8 8 9 24 11 14 13 27 16 22 -18 26 -20 -21 -22 -23 23 -25 -26 -27 -28 28 29 -31
leaf_value=-1.6573538664180025e-05 0.0032550173382034243 -0.0017009970825125635 0.00016787993418093975 3.5406647093827807e-05 0.00088097071428581974 -0.000411000569426547 2.7174675914209444e-05 -9.4765574554671978e-05 -0.0011366295869376384 0.0048771446615834277 0.00082625024805576457 -0.0014334129072853486 8.7155384939073104e-05 -0.00056450901080175298 -8.4870841469096624e-05 0.00075913828252572105 0.00051822991807231071 0.0013506786580676751 0.00041809545184168267 2.2290286506375785e-05 -0.00036259890288353053 -0.0021370952073197329 -0.0033172687816558099 -0.001237855196971033 0.00075211939553811017 -0.0014392482556501271 -0.00052481268252349588 0.00053232771855894572 -0.00072950758893410147 -5.6218431080098466e-05
leaf_weight=57500 534 96 325 1632 859 106 53237 120 676 96 1678 138 589 111 266 68 3283 197 1025 288 72 169 58 66 576 288 225 109 216 158
leaf_count=57500 534 96 325 1632 859 106 53237 120 676 96 1678 138 589 111 266 68 3283 197 1025 288 72 169 58 66 576 288 225 109 216 158
internal_value=7.33805e-05 0.000903716 0.00195724 -0.000208333 0.00104651 -0.000916473 4.90477e-05 -6.45852e-05 0.000505837 -0.0015709 0.00089889 0.00153291 -0.000505952 -0.00218512 0.00082749 -0.000166227 0.00102657 -0.00106768 0.000813954 -0.00177083 -0.00567708 -0.0033908 -0.00515625 -0.00870968 0.00046875 -0.00203125 0.00132701 -0.00468013 -0.00348861 -0.00516043
internal_weight=124761 3552 1824 1728 1290 431 121209 67972 10280 1636 8644 5956 2688 1183 4278 57692 4140 857 1505 480 192 435 192 124 960 384 422 594 483 374
internal_count=124761 3552 1824 1728 1290 431 121209 67972 10280 1636 8644 5956 2688 1183 4278 57692 4140 857 1505 480 192 435 192 124 960 384 422 594 483 374
is_linear=0
shrinkage=0.05


Tree=229
num_leaves=31
num_cat=0
split_feature=9 8 0 9 3 11 11 1 8 1 4 0 7 11 8 11 8 11 0 0 7 3 11 11 11 7 9 1 3 0
split_gain=1.04033 2.87118 2.67181 2.37891 2.06505 3.69035 2.20307 2.0314 1.93688 2.84287 2.35568 2.83426 2.80487 3.74768 3.17773 2.49603 2.00629 2.75035 3.78334 1.92371 1.90574 4.39802 11.5516 2.93088 5.07585 5.8223 4.68256 2.15543 3.0478 2.4286
threshold=29.525520833333335 36.650000000000013 91.500000000000014 29.557031250000005 0.06553689391773225 1.1118361362686917 1.1250574444522627 3.5000000000000004 33.150000000000013 1.0000000180025095e-35 -0.88220415136009767 21.500000000000004 27.312500000000004 1.0293602173369309 33.850000000000001 0.93776513921633253 34.050000000000004 0.98244204632020515 25.500000000000004 41.500000000000007 29.912500000000005 0.099822040462190967 1.0357773587453021 1.0574549747388564 1.0598548649382187 27.587500000000006 31.670833333333338 4.5000000000000009 0.61237135649459018 10.500000000000002
decision_type=2 2 2 2 2 2 2 2 2 2 2 2 2 2 2 2 2 2 2 2 2 2 2 2 2 2 2 2 2 2
left_child=1 8 3 -2 5 -5 -7 -8 -1 16 11 15 13 -13 -14 -11 17 -10 -19 -16 21 22 -6 26 25 -25 -23 29 -29 -26
right_child=2 -3 -4 4 20 6 7 -9 9 10 -12 12 14 -15 19 -17 -18 18 -20 -21 -22 23 -24 24 27 -27 -28 28 -30 -31
leaf_value=6.9844414355617574e-06 0.0017534090068979083 0.00090894498906055185 0.0017955453623805147 0.00038938881293613497 -0.0033148781619735963 -0.0011786144443278264 0.0020946667144741975 -0.00064150698479022768 -0.00099746748796729562 -0.0007695778753105246 9.339205671410919e-07 -0.0021203389174212274 -0.0013892051158255368 -0.00080043058410787793 -0.00094797376097665491 0.0021309306008124936 -0.00013215959225648606 0.00067188432263876226 -0.00099927730767168741 0.00035761652031781146 4.3484622609321859e-05 -0.00017386663441439849 0.00070229383808188958 -0.0029297664727401052 0.00069891523775421208 0.00020352404071389402 0.001982547525163286 0.0026040586301178388 -0.00087953437068215691 -0.00037510954614932145
leaf_weight=84775 460 480 1208 10178 82 644 276 552 96 81 7682 92 311 74 115 220 960 130 350 443 10423 2123 92 76 432 61 777 105 455 1008
leaf_count=84775 460 480 1208 10178 82 644 276 552 96 81 7682 92 311 74 115 220 960 130 350 443 10423 2123 92 76 432 61 777 105 455 1008
internal_value=7.61859e-05 -3.18323e-06 0.000338837 0.00023861 0.000178493 0.000682404 -0.00165761 4.83094e-05 -2.26057e-05 -0.00066136 -0.000322688 -0.00226048 -0.00350242 -0.00945783 -0.00236479 0.00200997 -0.00264974 -0.00498264 -0.0034375 -0.000107527 -0.000197006 -0.000977739 -0.0087931 -0.000707762 -0.00211277 -0.0114234 0.000327586 -0.001475 -0.00410714 -0.000451389
internal_weight=124761 95809 28952 27744 27284 11650 1472 828 95329 10554 9018 1336 1035 166 869 301 1536 576 480 558 15634 5211 174 5037 2137 137 2900 2000 560 1440
internal_count=124761 95809 28952 27744 27284 11650 1472 828 95329 10554 9018 1336 1035 166 869 301 1536 576 480 558 15634 5211 174 5037 2137 137 2900 2000 560 1440
is_linear=0
shrinkage=0.05


Tree=230
num_leaves=31
num_cat=0
split_feature=9 0 11 3 3 0 11 9 3 0 0 9 9 0 3 11 9 4 11 7 4 3 7 3 9 9 11 7 1 0
split_gain=1.1111 2.34057 2.18724 2.8614 2.21982 3.83544 2.35405 3.59336 3.20001 2.46847 2.43183 2.49954 2.409 2.40046 2.31767 3.09643 4.87619 2.07277 3.20147 4.41959 2.04624 3.99141 1.90496 5.05133 1.88868 2.63292 1.96923 3.35354 1.98627 2.71378
threshold=28.750260416666666 90.500000000000014 0.9621683328328906 -0.065535378769913874 -0.95500086777008153 70.500000000000014 1.0959530445469128 29.557031250000005 -0.26037633224328088 53.500000000000007 18.500000000000004 30.207291666666666 30.150260416666672 42.500000000000007 -0.29343379936893921 1.0864563662565241 29.292447916666671 -0.98521978256641018 0.95301643267371083 30.637500000000006 -0.96466008222729416 -0.18492532721306487 27.287500000000005 0.082691702092476851 28.980208333333337 29.247135416666669 0.91839291567263814 29.112500000000004 3.5000000000000004 57.500000000000007
decision_type=2 2 2 2 2 2 2 2 2 2 2 2 2 2 2 2 2 2 2 2 2 2 2 2 2 2 2 2 2 2
left_child=20 2 17 4 5 -4 9 13 -9 10 -6 12 14 -8 -12 16 -16 18 -2 22 21 -1 -20 -24 -19 26 27 -26 -29 -30
right_child=1 -3 3 -5 6 -7 7 8 -10 -11 11 -13 -14 -15 15 -17 -18 24 19 -21 -22 -23 23 -25 25 -27 -28 28 29 -31
leaf_value=-0.0010353741008965695 0.00073003189733117802 0.0012057295809702428 -6.8481056379357822e-06 6.1157638911677059e-07 0.00091001429971858437 -0.0022268839751914157 0.0021038934878417227 -0.00069411781518751792 0.0030436537762124358 0.0013986803006425105 1.2507627297411295e-05 0.00083564087520600491 -0.0011781478943494442 -1.408624810532573e-05 -0.00014034468264267257 0.0014159636419733112 -0.0020293519318377831 0.001218232998727308 -0.00016852939751209415 0.00094026554974029021 1.730798794587027e-06 -7.8890520677933683e-05 -0.00066839374662293371 -0.0034150287452117479 -0.00041117367903217242 -0.00023227236960531256 7.5446291270807951e-05 -0.00092274550485809792 -0.0026949901489390095 -0.0012229574477539903
leaf_weight=288 1547 1985 284 17298 1729 80 559 1547 273 3358 1890 945 70 624 105 70 105 364 59 167 85256 1149 81 57 241 4234 182 90 68 56
leaf_count=288 1547 1985 284 17298 1729 80 559 1547 273 3358 1890 945 70 624 105 70 105 364 59 167 85256 1149 81 57 241 4234 182 90 68 56
internal_value=8.05943e-05 0.000305769 0.000213813 0.000407264 0.0010134 -0.00282967 0.00113747 -6.16049e-05 -0.00145604 0.00157278 0.000858771 3.92467e-05 -0.000870536 0.00208369 -0.000576037 -0.00482143 -0.00785714 -0.000569549 0.000839875 -0.00337912 -1.82827e-05 -0.00188935 -0.00845178 -0.0116667 -0.00108405 -0.00134367 -0.00434066 -0.0060989 -0.0106542 -0.0147581
internal_weight=124761 38068 36083 28937 11639 364 11275 3003 1820 8272 4914 3185 2240 1183 2170 280 210 7146 1911 364 86693 1437 197 138 5235 4871 637 455 214 124
internal_count=124761 38068 36083 28937 11639 364 11275 3003 1820 8272 4914 3185 2240 1183 2170 280 210 7146 1911 364 86693 1437 197 138 5235 4871 637 455 214 124
is_linear=0
shrinkage=0.05


Tree=231
num_leaves=31
num_cat=0
split_feature=9 8 0 9 3 11 8 0 4 3 11 7 8 3 4 11 8 9 1 8 0 9 7 11 4 0 7 8 11 11
split_gain=1.0783 2.86497 2.45996 2.21747 1.73333 2.81167 1.94062 3.51041 2.96359 2.56016 1.77241 2.62812 2.00268 1.76471 1.69099 1.62735 1.57842 2.83604 2.4856 2.75035 2.07801 1.702 1.77687 1.93637 1.74223 2.61218 2.3389 3.12482 3.08812 2.20491
threshold=29.525520833333335 36.650000000000013 91.500000000000014 29.557031250000005 0.06553689391773225 1.1118361362686917 37.250000000000007 74.500000000000014 -0.99864786094873803 -0.099819732675876835 0.9621683328328906 33.812500000000007 33.650000000000013 1.0000000180025095e-35 -0.99938741687870725 1.1538549292311382 33.150000000000013 26.058333333333337 1.0000000180025095e-35 34.050000000000004 18.500000000000004 26.751302083333339 24.962500000000006 1.027978427818794 -0.88220415136009767 21.500000000000004 27.312500000000004 33.850000000000001 1.0101328412442114 0.93776513921633253
decision_type=2 2 2 2 2 2 2 2 2 2 2 2 2 2 2 2 2 2 2 2 2 2 2 2 2 2 2 2 2 2
left_child=1 16 3 -2 5 6 10 9 13 -8 12 -12 -5 -9 -7 -16 -1 -18 19 20 -19 22 23 -20 25 29 28 -28 -27 -23
right_child=2 -3 -4 4 -6 14 7 8 -10 -11 11 -13 -14 -15 15 -17 17 18 21 -21 -22 24 -24 -25 -26 26 27 -29 -30 -31
leaf_value=6.6785621636334942e-06 0.0016657079777335556 0.00086346716078806573 0.0016454816152129811 0.0010859442860155148 -3.7180009005054338e-05 0.0020075207567155171 -0.00098702484975687595 -0.0050949921142112789 0.00030143078845790367 0.00082237502962314755 0.0004114641604562524 0.0028416779543265053 -0.00020148635728357031 -0.0017305851277450138 -0.00096333511178336062 0.0005509842834548307 0.00039958414117878478 0.00017161492345372836 0.0012237152427168213 -0.00012563815258339128 -0.001112887397622766 -0.0007201949462667188 -0.00080580850955819586 -0.00034340102438189842 5.2047392067860623e-06 -0.0020176771185672895 -0.0013120406586576375 3.0455212962716115e-05 -0.00087064995446958576 0.0020243534919524124
leaf_weight=84775 460 480 1208 538 15634 184 150 51 102 900 5661 954 1737 85 1012 276 768 95 168 960 385 81 372 130 6340 80 311 558 86 220
leaf_count=84775 460 480 1208 538 15634 184 150 51 102 900 5661 954 1737 85 1012 276 768 95 168 960 385 81 372 130 6340 80 311 558 86 220
internal_value=8.17966e-05 9.91742e-07 0.000349199 0.000253028 0.000194986 0.000656653 0.000952054 -0.000861801 -0.00634454 0.000380953 0.00121485 0.00162887 1.09892e-05 -0.0111765 -0.00138587 -0.0020264 -1.84097e-05 -0.000595035 -0.000824647 -0.00274306 -0.00583333 -0.000493649 -0.00291045 -3.35569e-05 -0.000282699 -0.00192365 -0.00311594 -0.0020771 -0.00855422 0.00217608
internal_weight=124761 95809 28952 27744 27284 11650 10178 1288 238 1050 8890 6615 2275 136 1472 1288 95329 10554 9786 1440 480 8346 670 298 7676 1336 1035 869 166 301
internal_count=124761 95809 28952 27744 27284 11650 10178 1288 238 1050 8890 6615 2275 136 1472 1288 95329 10554 9786 1440 480 8346 670 298 7676 1336 1035 869 166 301
is_linear=0
shrinkage=0.05


Tree=232
num_leaves=31
num_cat=0
split_feature=4 0 0 0 0 3 1 3 3 8 9 0 9 0 3 0 0 9 9 9 11 7 1 8 3 4 8 9 1 4
split_gain=1.05094 2.49345 3.3822 2.75978 7.29572 2.74515 2.43959 2.15038 2.0972 3.66095 1.99839 1.9785 1.90871 2.1305 2.27779 1.75497 3.99563 2.50038 7.62908 3.75927 2.56856 3.90672 3.98822 2.61244 2.55234 2.41257 2.38095 2.33403 2.20506 2.11082
threshold=0.18281312110578132 88.500000000000014 23.500000000000004 52.500000000000007 65.500000000000014 0.70290292807158605 4.5000000000000009 0.73865729060996177 0.92273069556937592 37.650000000000013 25.308854166666666 30.500000000000004 27.683333333333334 56.500000000000007 0.73865729060996177 31.500000000000004 42.500000000000007 23.888541666666672 24.116406250000004 24.359114583333334 1.044457029130015 20.187500000000004 2.5000000000000004 33.050000000000004 -0.95995996396290595 0.48126256173783166 30.650000000000002 9.2812500000000018 3.5000000000000004 0.63755505330306683
decision_type=2 2 2 2 2 2 2 2 2 2 2 2 2 2 2 2 2 2 2 2 2 2 2 2 2 2 2 2 2 2
left_child=1 2 -1 7 12 10 -7 -4 9 -8 -3 -9 -5 -14 -15 17 29 -2 26 -20 21 22 -21 25 -25 -23 -19 -18 -27 -17
right_child=15 5 3 4 -6 6 8 11 -10 -11 -12 -13 13 14 -16 16 27 18 19 20 -22 23 -24 24 -26 28 -28 -29 -30 -31
leaf_value=0.00013019257884087126 -1.6553884549337421e-05 -0.00076700654447449574 -0.00017224350442196525 2.33877898463186e-05 -8.7341596797349281e-05 8.9459165986047998e-05 -0.0013235531922991762 -0.00023995960804023086 -0.00016500527342699437 0.00032636903614588931 0.00104303471927338 0.00019599748275424129 0.00011832597832439739 0.0016552820333383758 1.2855273559570419e-05 -1.0501980285061653e-05 0.001350152355476337 -0.00026532795086517505 0.00082887264179006882 -0.00061872770252259534 0.00062082616608844432 0.00010698990966127235 -0.0002309053035280755 -0.00092652257463378223 7.4871241085320431e-05 -0.0005806280965400994 -0.00073238087536235891 -1.9295569316583084e-05 -1.691252714373784e-05 0.0007547074886732236
leaf_weight=17459 16352 77 16182 2522 16677 868 105 1183 196 70 3773 3718 2132 3969 828 2035 636 96 224 51 160 764 114 160 96 85 128 29727 106 4268
leaf_count=17459 16352 77 16182 2522 16677 868 105 1183 196 70 3773 3718 2132 3969 828 2035 636 96 224 51 160 764 114 160 96 85 128 29727 106 4268
internal_value=8.17966e-05 0.000210654 0.000126798 -9.30925e-05 0.000250306 0.00127628 -0.000770783 -0.000518664 -0.00416442 -0.00814286 0.00193507 0.000398898 0.00136017 0.00178886 0.00237336 -8.16332e-05 0.000118093 -0.000481021 -0.00215726 -0.00105114 -0.00193359 -0.00263081 -0.00984848 -0.0016474 -0.00613281 -0.000445026 -0.0108482 -0.000119718 -0.0054712 0.00126368
internal_weight=124761 69759 64670 47211 26128 5089 1239 21083 371 175 3850 4901 9451 6929 4797 55002 36666 18336 1984 1760 1536 1376 165 1211 256 955 224 30363 191 6303
internal_count=124761 69759 64670 47211 26128 5089 1239 21083 371 175 3850 4901 9451 6929 4797 55002 36666 18336 1984 1760 1536 1376 165 1211 256 955 224 30363 191 6303
is_linear=0
shrinkage=0.05


Tree=233
num_leaves=31
num_cat=0
split_feature=3 3 4 8 11 11 11 10 4 8 7 4 7 4 0 11 11 0 9 1 9 1 8 1 11 3 11 7 8 0
split_gain=1.02391 1.47239 2.25042 1.39203 1.27261 1.508 1.4653 1.46007 1.37143 2.03874 2.01923 4.73438 3.7956 2.69974 3.51849 2.76463 2.30038 1.91952 3.62442 2.05788 1.70978 1.6684 1.4917 1.48967 1.37119 2.14442 1.78589 3.03767 2.70551 1.36247
threshold=0.81925054981890411 0.94704596667653973 -0.25206183926700709 39.250000000000007 1.0837192966485236 1.0662035070726383 1.0408832752351278 1.0000000180025095e-35 -0.52765736634565841 30.550000000000004 26.912500000000005 -0.39827153806311183 23.837500000000006 -0.33426211444629356 60.500000000000007 1.0221204649632492 0.99167509322876013 85.500000000000014 26.965885416666669 3.5000000000000004 21.410416666666666 2.5000000000000004 26.950000000000003 2.5000000000000004 1.0361628023555072 0.84773968378660736 1.0095531556613402 20.812500000000004 33.95000000000001 69.500000000000014
decision_type=2 2 2 2 2 2 2 2 2 2 2 2 2 2 2 2 2 2 2 2 2 2 2 2 2 2 2 2 2 2
left_child=-1 4 -3 -4 5 6 8 29 21 20 11 12 16 -12 -15 -16 -11 24 19 -19 22 -2 -10 -22 26 -26 27 -13 -29 -7
right_child=1 2 3 -5 -6 7 -8 -9 9 10 13 17 -14 14 15 -17 -18 18 -20 -21 23 -23 -24 -25 25 -27 -28 28 -30 -31
leaf_value=2.0329205648907511e-05 -0.00035256087695116368 0.00051653299254234768 1.8498224345288636e-06 -0.00071985905793807035 0.00041372826015774103 -0.00075180127418306522 0.00019298696228603821 -0.00029940460150310505 -5.6876827183578987e-05 -0.00035191652447918878 4.3104259003851894e-05 -0.00071290723320051601 -0.00041393879938591096 -0.00014390191361200752 -0.0014362383631121233 -0.00039374402948948341 -0.00069836498704371915 0.00086582186733107276 -0.0013153997374121206 -0.00062040931032345187 0.00076021411801459131 0.0017302984491566198 -0.00049979385072182123 2.687987996424727e-05 -0.00073304338847860319 -0.00017612136711757335 0.00035215216889837559 0.00057545141783407316 -0.00045204645693056663 4.473701274752219e-05
leaf_weight=104319 288 1056 9312 288 474 140 1248 576 2688 87 1222 55 246 266 67 68 67 70 61 60 288 288 96 480 56 111 396 206 130 52
leaf_count=104319 288 1056 9312 288 474 140 1248 576 2688 87 1222 55 246 266 67 68 67 70 61 60 288 288 96 480 56 111 396 206 130 52
internal_value=7.45828e-05 -0.000248997 0.000157658 -8.33331e-05 -0.000691804 -0.000820447 -0.000629681 -0.00294271 -0.000900493 -0.00110119 -0.00202336 -0.00331715 -0.008 -0.000791743 -0.00435162 -0.0109259 -0.0141558 -0.00168122 -0.00625654 -0.00153846 -0.000278716 0.00144097 -0.000854885 0.0018099 -0.000765199 -0.00488024 0.000108005 -0.002289 -0.000505952 -0.00671875
internal_weight=124761 20442 10656 9600 9786 9312 8544 768 7296 6720 3168 1545 400 1623 401 135 154 1145 191 130 3552 576 2784 768 954 167 787 391 336 192
internal_count=124761 20442 10656 9600 9786 9312 8544 768 7296 6720 3168 1545 400 1623 401 135 154 1145 191 130 3552 576 2784 768 954 167 787 391 336 192
is_linear=0
shrinkage=0.05


Tree=234
num_leaves=31
num_cat=0
split_feature=9 11 3 11 9 3 0 8 8 3 0 0 0 9 9 9 3 11 9 4 11 7 9 3 7 4 0 0 1 1
split_gain=1.0218 2.0315 2.62379 2.14237 3.28529 2.92305 2.44861 2.44518 2.37656 2.0654 2.64822 2.5293 2.19628 2.26026 2.43262 2.03709 1.99048 2.85833 4.28571 1.95377 2.92969 4.43664 2.81827 2.34636 1.90826 2.0941 3.17571 2.45894 2.39464 2.39017
threshold=28.750260416666666 0.9621683328328906 -0.065535378769913874 1.0959530445469128 29.557031250000005 -0.26037633224328088 42.500000000000007 36.050000000000004 35.150000000000013 -0.95500086777008153 53.500000000000007 70.500000000000014 18.500000000000004 30.207291666666666 30.150260416666672 28.980208333333337 -0.29343379936893921 1.0864563662565241 29.292447916666671 -0.98521978256641018 0.95301643267371083 30.512500000000006 29.230989583333336 0.082691702092476851 28.112500000000004 -0.9497838742125716 29.500000000000004 76.500000000000014 1.0000000180025095e-35 5.5000000000000009
decision_type=2 2 2 2 2 2 2 2 2 2 2 2 2 2 2 2 2 2 2 2 2 2 2 2 2 2 2 2 2 2
left_child=-1 15 3 9 6 7 -5 8 -6 11 12 -3 -11 14 16 -2 -14 18 -18 20 -17 23 -21 -22 -24 26 -26 29 -27 -28
right_child=1 2 -4 4 5 -7 -8 -9 -10 10 -12 -13 13 -15 -16 19 17 -19 -20 22 21 -23 24 -25 25 28 27 -29 -30 -31
leaf_value=-2.3491764442028212e-06 0.0011531555233599848 2.6203252207203719e-05 2.6386176179734658e-05 0.0020059606002801062 -0.00066910065050218473 0.0028860547775404707 -2.6267381006247647e-05 -0.0016940997623735073 0.00093950050188487992 0.00085357025399375062 0.0014974305952658101 -0.0020841245508008074 2.5037939993513024e-05 0.00081743308175098945 -0.0011322179927161316 0.00074532238078330721 -0.00010875828036142196 0.001332187966790485 -0.0019386823703924441 -0.00080569256891346104 -0.00069613074363323777 0.00085765995282978196 -0.00056881564461887712 -0.0025766477938509056 0.0019178369633016967 -0.00087626629174906545 -0.0015118360296048894 0.00061371899217114133 0.00045565401041684756 0.0013041016925917643
leaf_weight=86693 480 284 18248 559 1152 288 689 192 288 1729 3813 100 1890 945 70 1536 105 70 105 576 122 174 1247 88 172 423 415 184 2032 92
leaf_count=86693 480 284 18248 559 1152 288 689 192 288 1729 3813 100 1890 945 70 1536 105 70 105 576 122 174 1247 88 172 423 415 184 2032 92
internal_value=7.53843e-05 0.000291321 0.00047286 0.00103795 -8.20705e-05 -0.00138021 0.00191506 -0.00219975 -0.00149306 0.0014274 0.00158531 -0.00216146 0.000818071 3.92467e-05 -0.000825893 -0.000443575 -0.000529954 -0.00446429 -0.00738095 -0.000657839 0.000703125 -0.00320312 -0.00116612 -0.00809524 -0.000750274 -0.000123568 -0.00224218 -0.00375543 0.000621181 -0.00555227
internal_weight=124761 38068 30527 12279 3168 1920 1248 1632 1440 9111 8727 384 4914 3185 2240 7541 2170 280 210 7061 1920 384 5141 210 4565 3318 863 691 2455 507
internal_count=124761 38068 30527 12279 3168 1920 1248 1632 1440 9111 8727 384 4914 3185 2240 7541 2170 280 210 7061 1920 384 5141 210 4565 3318 863 691 2455 507
is_linear=0
shrinkage=0.05


Tree=235
num_leaves=31
num_cat=0
split_feature=9 0 0 4 3 3 11 3 7 3 11 11 1 9 11 7 11 7 0 10 3 9 9 1 7 7 0 8 0 0
split_gain=0.954889 1.99715 2.08732 1.80358 3.11048 1.65045 2.01327 2.45607 1.9405 3.41423 6.67092 2.3398 3.49941 3.45395 2.77543 1.99709 2.56693 2.51773 2.56666 1.91195 2.38527 1.84939 2.51219 2.16867 3.28779 1.84658 1.80604 2.22453 1.75595 2.65036
threshold=28.750260416666666 90.500000000000014 7.5000000000000009 -0.96904977397942549 -0.18492532721306487 0.06553689391773225 0.9621683328328906 -0.13398594226331254 29.912500000000005 0.099822040462190967 1.0357773587453021 1.0541673969204923 1.5000000000000002 31.670833333333338 1.058208325002284 26.712500000000006 1.145836891908117 23.712500000000006 19.500000000000004 1.0000000180025095e-35 0.97508442350096236 28.992708333333336 29.230989583333336 1.5000000000000002 29.112500000000004 31.512500000000006 27.500000000000004 37.050000000000004 79.500000000000014 65.500000000000014
decision_type=2 2 2 2 2 2 2 2 2 2 2 2 2 2 2 2 2 2 2 2 2 2 2 2 2 2 2 2 2 2
left_child=3 2 -2 4 -1 6 7 21 9 10 -7 13 14 -11 -13 16 17 -16 -19 28 -21 -4 23 -23 -25 -26 27 -14 29 -10
right_child=1 -3 5 -5 -6 8 -8 -9 19 11 -12 12 26 -15 15 -17 -18 18 -20 20 -22 22 -24 24 25 -27 -28 -29 -30 -31
leaf_value=-0.0016691667483897628 0.00046076649281938701 0.0010649668387881926 0.0010269934498559493 1.1516386918965098e-06 -0.00014688407014354878 -0.0027432854211342349 0.00022245679208687978 0.0010170682931108608 -9.8428887514200925e-06 -0.00012888518081220472 0.00074579936574321556 -0.0029250860817061973 0.0011645878824178863 0.0017212544772166856 -0.00028933662014538281 -0.00040915997563684034 4.3228318790023297e-05 -0.002071566171861623 -0.00080247921032077776 0.00037416621115191431 -0.00057302338064594757 0.00067259955802844492 -0.00023319286824357769 -0.0001644473097589685 -0.0021415133224064044 -0.00086906647011888126 -0.00076745078177079874 -0.00030790621362483651 0.00090111657587910198 -0.00042009266037023501
leaf_weight=192 3184 1985 332 85448 1053 105 12856 664 4848 2357 74 51 340 623 74 268 74 50 53 3506 238 83 2208 164 111 57 557 695 907 1604
leaf_count=192 3184 1985 332 85448 1053 105 12856 664 4848 2357 74 51 340 623 74 268 74 50 53 3506 238 83 2208 164 111 57 557 695 907 1604
internal_value=7.33805e-05 0.000282127 0.000197184 -1.82827e-05 -0.00190763 7.8878e-05 0.000432474 -0.000609284 -0.000275816 -0.00106089 -0.00784916 -0.000824582 -0.00207678 8.38928e-05 -0.0054386 -0.00434489 -0.0075498 -0.0108192 -0.0158738 0.000100423 0.0010203 -0.00122673 -0.00167175 -0.00524096 -0.00704819 -0.0119643 -0.000873115 0.000362319 -0.000367577 -0.00065716
internal_weight=124761 38068 36083 86693 1245 32899 16475 3619 16424 5321 179 5142 2162 2980 570 519 251 177 103 11103 3744 2955 2623 415 332 168 1592 1035 7359 6452
internal_count=124761 38068 36083 86693 1245 32899 16475 3619 16424 5321 179 5142 2162 2980 570 519 251 177 103 11103 3744 2955 2623 415 332 168 1592 1035 7359 6452
is_linear=0
shrinkage=0.05


Tree=236
num_leaves=31
num_cat=0
split_feature=9 0 0 4 3 0 3 11 3 9 9 1 7 3 0 0 0 3 3 8 9 11 1 8 3 1 10 11 0 1
split_gain=0.964279 1.8 1.90685 1.58295 2.96352 1.72109 1.56638 1.76609 2.20475 1.74413 2.17642 1.95723 2.72432 1.70976 2.98796 2.09888 3.41252 4.49404 2.99095 2.53206 3.24491 2.80333 2.15717 3.113 6.03505 2.13824 4.12162 4.6875 2.93761 3.65325
threshold=28.750260416666666 90.500000000000014 7.5000000000000009 -0.96904977397942549 -0.18492532721306487 30.500000000000004 0.06553689391773225 0.9621683328328906 -0.13398594226331254 28.992708333333336 29.230989583333336 1.5000000000000002 29.112500000000004 -0.95500086777008153 70.500000000000014 52.500000000000007 32.500000000000007 -0.81923160956083974 -0.93235440815991333 33.650000000000013 29.938281250000003 1.1226820583948653 5.5000000000000009 34.050000000000004 -0.42957681104363482 3.5000000000000004 1.0000000180025095e-35 1.0916629031903622 45.500000000000007 1.0000000180025095e-35
decision_type=2 2 2 2 2 2 2 2 2 2 2 2 2 2 2 2 2 2 2 2 2 2 2 2 2 2 2 2 2 2
left_child=3 2 -2 4 5 -1 7 8 9 -4 11 -11 -13 14 -9 16 22 18 -18 20 21 -20 -15 24 -24 26 27 28 29 -19
right_child=1 -3 6 -5 -6 -7 -8 13 -10 10 -12 12 -14 15 -16 -17 17 25 19 -21 -22 -23 23 -25 -26 -27 -28 -29 -30 -31
leaf_value=-0.00033235100825428228 0.00043772816817841989 0.0010117184968487824 0.00097564377736315117 1.0940567573010243e-06 -0.00013953986663637022 -0.002109922928286205 -5.0932501748434995e-05 -6.1013100880938729e-06 0.00096621487845531681 0.00063896958012702235 -0.00022153322483139861 -0.00015622494427102086 -0.0019423005681077595 0.00052006148637778293 -0.0020244593722512378 0.00057765311066034115 6.8062790456668084e-05 -0.00078988648844994982 -0.00087021896928936955 0.0002381760874626601 -0.0014937341489350748 -0.0020974066877233453 -6.0319743690557057e-05 0.0011205711674098105 -0.0023534612460159952 0.00040209448660240586 0.00044452385962027546 0.00095609403083276451 -0.00019465765195835112 -0.0018626919978817565
leaf_weight=62 3184 1985 332 85448 1053 130 16424 252 664 83 2208 164 168 3250 80 5729 160 91 240 60 80 60 175 275 75 1100 720 200 140 169
leaf_count=62 3184 1985 332 85448 1053 130 16424 252 664 83 2208 164 168 3250 80 5729 160 91 240 60 80 60 175 275 75 1100 720 200 140 169
internal_value=7.49836e-05 0.000284754 0.000204113 -1.71292e-05 -0.00178715 -0.0075 9.10364e-05 0.000435509 -0.000540204 -0.00112521 -0.00155738 -0.00487952 -0.00659639 0.000710174 -0.00283133 0.000804056 0.000209713 -0.00104305 -0.00491667 -0.00704545 -0.00855263 -0.00616667 0.00121192 -0.0017619 -0.0058 -8.26444e-05 -0.00143939 -0.0045 -0.007625 -0.0107692
internal_weight=124761 38068 36083 86693 1245 192 32899 16475 3619 2955 2623 415 332 12856 332 12524 6795 3020 600 440 380 300 3775 525 250 2420 1320 600 400 260
internal_count=124761 38068 36083 86693 1245 192 32899 16475 3619 2955 2623 415 332 12856 332 12524 6795 3020 600 440 380 300 3775 525 250 2420 1320 600 400 260
is_linear=0
shrinkage=0.05


Tree=237
num_leaves=31
num_cat=0
split_feature=8 8 0 8 9 3 0 8 4 1 9 0 0 3 11 0 11 10 7 0 0 11 8 8 4 8 9 8 9 3
split_gain=0.9094 13.2118 4.17614 3.73099 3.55032 5.94754 4.89605 3.12892 1.64254 2.1182 1.67736 1.4318 3.36325 2.7341 2.7992 2.45931 2.77372 2.54308 2.76288 2.29956 2.35653 1.95549 1.89104 2.0663 1.66045 1.65555 4.25074 2.818 2.06286 1.62604
threshold=25.650000000000002 25.550000000000004 29.500000000000004 25.350000000000005 19.173958333333335 -0.39036798905311365 75.500000000000014 26.150000000000002 0.82777578779003613 5.5000000000000009 19.278385416666669 28.500000000000004 51.500000000000007 0.9550229469509578 1.1265970327176902 65.500000000000014 1.00251814764921 1.0000000180025095e-35 14.912500000000003 92.500000000000014 67.500000000000014 0.92180858479239347 24.450000000000003 24.350000000000005 0.34033495509342487 24.050000000000004 17.19947916666667 24.550000000000004 17.954687500000002 -0.14250824554987665
decision_type=2 2 2 2 2 2 2 2 2 2 2 2 2 2 2 2 2 2 2 2 2 2 2 2 2 2 2 2 2 2
left_child=1 3 -3 11 5 6 -5 -2 10 -10 -9 21 13 14 -13 22 25 18 29 20 -19 -1 23 -14 -23 28 -27 -28 -17 -18
right_child=7 2 -4 4 -6 -7 -8 8 9 -11 -12 12 15 -15 -16 16 17 19 -20 -21 -22 24 -24 -25 -26 26 27 -29 -30 -31
leaf_value=0.00011983224924855204 0.000285287865797941 -0.00067030292701212289 -0.00062373229746042207 -0.00077858005086625345 5.0317046662944294e-05 -8.6329807565789854e-05 -0.0011752142646184595 0.00019221394895055697 -0.0001174719987930888 -0.0011165793781574907 1.6130366891257003e-05 0.00039234039801551115 -0.00018509033631753763 -0.0010066497169393745 -0.00094359567476418472 -3.695474381449162e-05 0.00012077116944445178 -0.00079885089442572471 0.00020661893082123502 -0.00046979782220178109 0.00081300420452269531 0.00048752821085250395 0.00023118088763052428 -0.0010547160218366046 -4.035002712598379e-05 -0.00070555512719766328 -0.00029503095490943793 6.1878373458662046e-05 0.00054444781549907765 -0.00017767475877959065
leaf_weight=870 1914 60 132 228 384 384 60 672 768 96 87039 7728 4228 92 92 3780 367 184 864 276 2300 174 518 70 8932 90 360 570 270 1259
leaf_count=870 1914 60 132 228 384 384 60 672 768 96 87039 7728 4228 92 92 3780 367 184 864 276 2300 174 518 70 8932 90 360 570 270 1259
internal_value=6.93728e-05 -0.000149976 -0.0132292 -7.62909e-05 -0.00300189 -0.00519345 -0.010625 0.00015245 0.00010923 -0.00206018 0.0001306 1.72604e-05 0.00023386 0.00106926 0.00117008 -0.000202828 0.000232558 0.0010381 -0.000120482 0.00208333 0.00256441 -0.000483159 -0.0011358 -0.00147976 -0.000699539 -0.000601578 -0.00240196 -0.00139785 -0.000148148 -0.00133456
internal_weight=124761 34272 192 34080 1056 672 288 90489 88575 864 87711 33024 23048 7912 7820 15136 10320 5250 2490 2760 2484 9976 4816 4298 9106 5070 1020 930 4050 1626
internal_count=124761 34272 192 34080 1056 672 288 90489 88575 864 87711 33024 23048 7912 7820 15136 10320 5250 2490 2760 2484 9976 4816 4298 9106 5070 1020 930 4050 1626
is_linear=0
shrinkage=0.05


Tree=238
num_leaves=31
num_cat=0
split_feature=3 3 4 0 0 9 0 10 0 10 8 0 0 0 10 9 6 0 11 11 11 3 4 9 10 4 11 3 8 11
split_gain=0.827995 1.14231 2.90078 3.30704 4.64824 5.99122 3.10257 4.9514 3.00707 4.72976 5.02868 4.28969 4.28659 3.2448 2.89116 3.99219 3.29608 2.6718 2.71953 2.44226 2.43287 2.67046 2.49281 2.42441 2.39244 4.11017 2.67576 2.61909 4.62587 2.84209
threshold=0.81925054981890411 0.20180702842483325 0.45847758937963173 85.500000000000014 68.500000000000014 25.419010416666669 83.500000000000014 1.0000000180025095e-35 25.500000000000004 1.0000000180025095e-35 35.050000000000004 43.500000000000007 68.500000000000014 56.500000000000007 1.0000000180025095e-35 29.07447916666667 1.0000000180025095e-35 58.500000000000007 0.92774199459266771 1.1118361362686917 0.99592950626165633 0.15101559051660998 0.25829915227078726 25.771875000000005 1.0000000180025095e-35 0.90803977035715633 0.94382758910793763 0.76140650896573492 34.050000000000004 0.94116549976027797
decision_type=2 2 2 2 2 2 2 2 2 2 2 2 2 2 2 2 2 2 2 2 2 2 2 2 2 2 2 2 2 2
left_child=1 2 6 4 5 17 8 -8 9 10 -1 -10 13 -13 15 16 -15 -4 -19 -17 -11 22 -22 -14 -3 26 27 29 -29 -26
right_child=-2 24 3 -5 -6 -7 7 -9 11 20 -12 12 23 14 -16 19 -18 18 -20 -21 21 -23 -24 -25 25 -27 -28 28 -30 -31
leaf_value=0.0010771206983373367 -2.1095557707894349e-05 -4.0976865958074938e-06 -2.1297862029610674e-05 -0.00017875519639642346 0.0001664377521568667 -0.00091293608497098027 0.0021234656545796476 3.920342783016789e-05 -0.00021138630846028394 -0.00013011987443844084 -0.00013908952848302645 1.0458040418899499e-05 0.00029558030627972547 -0.00017668354973957002 0.00088272624506515829 0.0017130978732145183 -0.0012582933326538471 -0.0004672238073988636 -0.00020122020581415267 -0.0014195039779632535 0.00030145767783302775 -0.0019324434593723787 -0.00010269030760145992 -0.00031770425151693649 9.0963291084881272e-05 0.00064443398013902921 0.00014412733076522776 -0.00066599817440625984 0.00061569311670611228 -0.00073171241379758206
leaf_weight=3596 20442 16026 15753 2690 4573 138 2292 3558 8784 3919 1378 6344 885 1020 3561 1116 60 220 2450 96 3670 52 78 6410 1920 2688 10274 384 192 192
leaf_count=3596 20442 16026 15753 2690 4573 138 2292 3558 8784 3919 1378 6344 885 1020 3561 1116 60 220 2450 96 3670 52 78 6410 1920 2688 10274 384 192 192
internal_value=7.37813e-05 0.000130801 2.15439e-05 -0.000403888 -0.000210945 -0.000562739 0.0002562 0.00133333 0.000102395 0.000741748 0.00194411 -0.000184609 0.000228812 0.000802247 0.00165129 0.000266143 -0.00194444 -0.000484991 -0.00194757 0.00223597 -3.30352e-05 0.000868421 0.00102455 -0.000729952 0.000381361 0.000821086 0.000452091 -0.000952381 -0.00394097 -0.00013731
internal_weight=124761 104319 72643 25824 23134 18561 46819 5850 40969 12693 4974 28276 19492 12197 5853 2292 1080 18423 2670 1212 7719 3800 3748 7295 31676 15650 12962 2688 576 2112
internal_count=124761 104319 72643 25824 23134 18561 46819 5850 40969 12693 4974 28276 19492 12197 5853 2292 1080 18423 2670 1212 7719 3800 3748 7295 31676 15650 12962 2688 576 2112
is_linear=0
shrinkage=0.05


Tree=239
num_leaves=31
num_cat=0
split_feature=11 11 3 8 3 3 9 4 0 11 10 7 8 8 4 0 3 7 7 7 0 11 4 3 0 9 0 0 8 0
split_gain=0.854493 1.52333 3.55055 1.87086 3.20983 1.55634 2.00899 1.38011 2.03821 1.35856 3.49218 5.05913 2.10288 1.83428 1.82951 2.16632 1.78646 1.38494 1.34052 1.78771 1.6506 1.27925 1.74015 3.05802 2.54893 3.29346 3.71525 4.26559 3.32967 2.69392
threshold=0.82629592353323422 0.88327974961520905 0.63920241694561786 32.550000000000004 -0.38242426011641079 -0.99697703579879204 26.058333333333337 -0.039769286347669845 30.500000000000004 0.78920070979102952 1.0000000180025095e-35 26.012500000000006 31.950000000000003 31.050000000000004 -0.26867065956352881 30.500000000000004 -0.99940763397299126 26.612500000000004 34.01250000000001 25.262500000000006 58.500000000000007 0.93155087118158786 -0.67168186667784702 -0.53493989022977317 9.5000000000000018 28.439583333333335 51.500000000000007 66.500000000000014 30.450000000000003 85.500000000000014
decision_type=2 2 2 2 2 2 2 2 2 2 2 2 2 2 2 2 2 2 2 2 2 2 2 2 2 2 2 2 2 2
left_child=9 2 3 -2 -5 6 -3 8 -8 12 16 14 17 -13 -12 -16 -11 -1 19 -14 -21 -7 23 -23 -25 28 -27 -28 -26 -29
right_child=1 5 -4 4 -6 21 7 -9 -10 10 11 13 18 -15 15 -17 -18 -19 -20 20 -22 22 -24 24 25 26 27 29 -30 -31
leaf_value=4.9095142123050894e-05 0.00036482841579360352 -0.00021908249856311592 -0.00026201322060128047 -0.00073851391991374663 0.00046028265397063086 -5.3730819294738879e-05 -0.00094932693596534951 0.0013665629526588849 0.00083679968946000043 -0.00047721400411279116 -0.0007349470552926098 0.00065160612628548803 0.00038844124124062568 -0.00065315029573188063 -4.937109534766104e-05 -0.00062444369104833457 0.00048409454404158388 0.0022857755264326404 0.0015380159294205102 -0.0013953028985344478 -0.00043048226047362194 0.00058732492890998882 -3.7831004915859905e-06 0.00061220731428968111 0.00047194764848576239 -0.00010837091235344961 0.001183026825292843 -0.0001212194072843385 -0.00056951945648505689 0.0008626487245873409
leaf_weight=965 3176 292 672 384 1422 12370 62 964 130 192 96 274 114 240 134 213 672 283 53 162 151 4031 73048 2578 516 9660 3450 4351 1806 2300
leaf_count=965 3176 292 672 384 1422 12370 62 964 130 192 96 274 114 240 134 213 672 283 53 162 151 4031 73048 2578 516 9660 3450 4351 1806 2300
internal_value=7.29797e-05 9.53703e-05 0.00089671 0.00135688 7.19825e-05 5.61625e-05 0.00168508 0.00262111 -0.00125 -0.000691744 -0.0016447 -0.00372518 0.0003125 -0.000350194 -0.00764108 -0.00595101 0.000659722 0.00139423 -0.0025 -0.00343091 -0.00538339 3.54923e-05 9.38669e-05 0.000423812 0.000215117 4.14348e-05 0.000250747 0.000921196 -0.00173988 0.000181176
internal_weight=124761 121212 5654 4982 1806 115558 1448 1156 192 3549 1821 957 1728 514 443 347 864 1248 480 427 313 114110 101740 28692 24661 22083 19761 10101 2322 6651
internal_count=124761 121212 5654 4982 1806 115558 1448 1156 192 3549 1821 957 1728 514 443 347 864 1248 480 427 313 114110 101740 28692 24661 22083 19761 10101 2322 6651
is_linear=0
shrinkage=0.05


Tree=240
num_leaves=31
num_cat=0
split_feature=8 7 11 8 0 7 3 0 0 3 8 7 1 3 8 0 7 1 9 8 9 8 4 3 10 7 0 4 9 3
split_gain=0.848901 1.22643 1.99312 1.15187 1.03002 1.13997 1.18505 1.72089 1.0528 1.53092 0.888457 0.973384 1.64415 1.00314 0.970591 0.887115 1.01865 0.716951 1.37072 2.50646 2.65989 2.53139 1.9311 2.74182 2.26004 2.63209 1.93396 1.83466 5.34493 1.83894
threshold=41.150000000000013 31.212500000000006 1.0733916311526115 41.050000000000004 85.500000000000014 40.88750000000001 0.59868201182722736 45.500000000000007 28.500000000000004 0.031174179426909168 41.550000000000004 37.01250000000001 1.5000000000000002 0.54940630780725741 42.050000000000004 10.500000000000002 29.012500000000006 1.5000000000000002 27.984895833333336 36.350000000000001 30.150260416666672 38.350000000000001 -0.89787881968372518 -0.35846811432664222 1.0000000180025095e-35 27.387500000000006 62.500000000000007 -0.97696767110351213 30.108333333333338 -0.20180236284700911
decision_type=2 2 2 2 2 2 2 2 2 2 2 2 2 2 2 2 2 2 2 2 2 2 2 2 2 2 2 2 2 2
left_child=3 2 -2 17 5 6 8 -8 9 -3 -10 13 -13 -12 -14 -4 -17 -1 22 20 27 -21 23 24 25 -19 -27 28 29 -20
right_child=1 4 15 -5 -6 -7 7 -9 10 -11 11 12 14 -15 -16 16 -18 18 19 21 -22 -23 -24 -25 -26 26 -28 -29 -30 -31
leaf_value=-1.4489521483199335e-05 0.0047730011726761015 -0.0019875434849191335 0.0010035850373282516 -0.0016267362656043371 0.0026975721204838565 0.000924834525891651 -0.0011226430348418243 1.2232699394766813e-05 0.0004060376498484333 0.0023404178291635278 0.00013781536506253324 0.00021346353889045239 -0.0013030810118670154 -0.0016344832908921768 -0.00034211321796535395 -0.0007310171214928088 0.00046928532428679908 -0.00048756915428164549 -0.0019219992737336284 -0.00024413185885092077 0.00071460069007401369 0.00014211273957627575 3.9756152075894649e-06 -3.5916415860909721e-06 -0.00055100844979047165 -0.0025041479548592017 -0.0018237023702850188 0.00015863821866096217 -0.0034302029654013511 -1.8556123155926395e-05
leaf_weight=34649 406 58 91 96 217 549 100 118 322 199 215 66 88 54 134 74 93 151 88 4896 3936 4602 54144 1056 384 86 51 15844 85 1909
leaf_count=34649 406 58 91 96 217 549 100 118 322 199 215 66 88 54 134 74 93 151 88 4896 3936 4602 54144 1056 384 86 51 15844 85 1909
internal_value=7.77889e-05 0.000941092 0.00281627 5.80849e-05 0.000353774 -1.83918e-05 -0.000797636 -0.00417431 -0.000149648 0.00266537 -0.000972696 -0.00218133 -0.00420139 -1.85872e-05 -0.00626126 -0.000620155 -0.00278443 6.23971e-05 0.000138825 0.00040338 0.000698015 -0.000274795 -9.66476e-06 -0.00165509 -0.00415179 -0.0075 -0.0125182 0.000439585 -0.000955812 -0.00043315
internal_weight=124761 2784 664 121977 2120 1903 1354 218 1136 257 879 557 288 269 222 258 167 121881 87232 31360 21862 9498 55872 1728 672 288 137 17926 2082 1997
internal_count=124761 2784 664 121977 2120 1903 1354 218 1136 257 879 557 288 269 222 258 167 121881 87232 31360 21862 9498 55872 1728 672 288 137 17926 2082 1997
is_linear=0
shrinkage=0.05


Tree=241
num_leaves=31
num_cat=0
split_feature=8 0 11 11 3 0 0 7 3 7 11 11 7 11 10 11 8 9 7 11 7 0 7 3 4 4 3 9 0 8
split_gain=0.966751 1.3492 2.33864 1.11243 1.44909 1.07246 1.36446 2.0688 1.08395 1.53121 1.28035 1.03827 0.900454 0.842982 0.82672 0.804455 1.02079 0.804205 1.34914 1.6268 3.89154 2.10017 1.86357 2.34145 1.20434 2.4426 4.45704 5.34766 2.15312 1.95625
threshold=40.550000000000004 26.500000000000004 1.0733916311526115 1.1538549292311382 0.61237135649459018 49.500000000000007 66.500000000000014 37.01250000000001 0.46800856592688472 35.112500000000004 1.0515743247573357 1.1027172427607128 29.512500000000006 1.027978427818794 1.0000000180025095e-35 1.0662035070726383 41.550000000000004 34.42239583333334 36.862500000000004 1.0492608630788383 33.612500000000004 40.500000000000007 31.012500000000006 0.082691702092476851 -0.9497838742125716 -0.86548532668110156 0.43733377705052551 30.435416666666672 18.500000000000004 35.350000000000001
decision_type=2 2 2 2 2 2 2 2 2 2 2 2 2 2 2 2 2 2 2 2 2 2 2 2 2 2 2 2 2 2
left_child=17 2 -2 4 12 8 -7 14 -3 -10 13 -6 -4 -11 -8 16 -9 24 19 22 -21 -22 -19 -24 -1 26 29 28 -28 -26
right_child=1 5 3 -5 11 6 7 15 9 10 -12 -13 -14 -15 -16 -17 -18 18 -20 20 21 -23 23 -25 25 -27 27 -29 -30 -31
leaf_value=0.00016635534565810362 0.0029335915776883604 0.00040208705104037692 -0.00015304027222310477 -0.0019574737624497274 3.4894748031779471e-05 0.0016750809733755815 0.00065821930862028756 -0.00015974708427486748 -0.00097755866015487359 -2.2584330150817466e-06 0.00020866702610275974 -0.0021997768742954647 0.0023697865623418489 -0.00089935632686297519 -0.00058025870163113595 -0.00019769631724713039 -0.0012203322816687744 -0.0018565973471732396 0.00042752127605621948 0.0019881593237141108 -0.0020356862335543201 -0.0016880477397502207 -0.0015964284032121533 0.0001504134229087578 -2.9473740464982824e-05 9.2257432792624849e-06 0.00070127569715800094 -0.0020629900894450748 -0.00080936591131475178 -0.00070060928616497067
leaf_weight=12834 567 322 62 54 81 629 703 51 170 54 245 54 181 60 99 132 88 70 422 289 53 100 133 181 6322 98789 114 192 462 1248
leaf_count=12834 567 322 62 54 81 629 703 51 170 54 245 54 181 60 99 132 88 70 422 289 53 100 133 181 6322 98789 114 192 462 1248
internal_value=7.65866e-05 0.00088964 0.00244745 -0.000324074 0.000634921 0.000280063 0.0010047 -7.9217e-05 -0.00116921 -0.00256144 -0.000710306 -0.00351852 0.00294239 -0.00508772 0.00119701 -0.00385609 -0.00651079 5.27603e-05 -0.00120994 -0.00238499 -0.000316742 -0.00676471 -0.00476562 -0.00312102 6.58966e-05 1.10618e-05 -0.000810746 -0.0044401 -0.00203125 -0.000442536
internal_weight=124761 3552 999 432 378 2553 1702 1073 851 529 359 135 243 114 802 271 139 121209 1248 826 442 153 384 314 119961 107127 8338 768 576 7570
internal_count=124761 3552 999 432 378 2553 1702 1073 851 529 359 135 243 114 802 271 139 121209 1248 826 442 153 384 314 119961 107127 8338 768 576 7570
is_linear=0
shrinkage=0.05


Tree=242
num_leaves=31
num_cat=0
split_feature=8 7 11 8 0 0 3 7 7 9 11 0 11 3 11 0 7 9 1 0 0 7 4 9 11 3 7 0 8 0
split_gain=0.862352 1.32691 1.85804 1.14894 1.02014 1.5221 1.31339 3.10162 1.28182 1.9771 1.03013 0.991359 2.64503 0.918403 1.26562 0.802656 0.851062 0.683279 1.41782 1.77867 1.0809 1.08727 1.06266 1.85289 1.25163 1.60158 4.67264 1.14815 1.10739 1.2381
threshold=41.150000000000013 31.212500000000006 1.0733916311526115 41.050000000000004 52.500000000000007 65.500000000000014 0.61237135649459018 37.212500000000013 36.687500000000007 35.620312500000004 1.1027172427607128 28.500000000000004 1.1049966690345681 0.46800856592688472 1.0515743247573357 10.500000000000002 29.012500000000006 9.2812500000000018 5.5000000000000009 44.500000000000007 89.500000000000014 13.312500000000002 0.9863035000474919 17.649479166666669 1.0912314765539939 -0.14250824554987665 15.587500000000004 94.500000000000014 15.350000000000003 32.500000000000007
decision_type=2 2 2 2 2 2 2 2 2 2 2 2 2 2 2 2 2 2 2 2 2 2 2 2 2 2 2 2 2 2
left_child=3 2 -2 17 6 -6 11 -8 -7 -10 -11 12 -3 -13 -15 -4 -17 18 19 -1 21 -21 -19 24 25 26 -24 28 -27 -30
right_child=1 4 15 -5 5 8 7 -9 9 10 -12 13 -14 14 -16 16 -18 22 -20 20 -22 -23 23 -25 -26 27 -28 -29 29 -31
leaf_value=-0.0001556499247639135 0.0043876715351578791 0.0029869103695233201 0.00095166103240358277 -0.0016037319665714173 0.0024208867516479146 0.00045961103279771091 -0.0015592629393025384 3.7676841114520966e-05 0.00017946225552142972 -0.0011404819073492834 -0.00039897242888799591 0.00013300865363601865 -0.0019458539106626848 -0.00086084225636780427 -0.00021532861602146611 -0.00069339197649376824 0.00055363781189869329 1.0862775287719335e-05 0.0008153499341925195 0.0021049971370241823 -0.0011616741988845975 -0.0003646463257765527 -3.115254079486679e-05 0.00035268537918730237 0.00052757097688596079 -0.0019214920787957029 -0.0012955401026613421 -0.00041508202448951913 -8.5666672581469634e-05 -5.6579068932301431e-06
leaf_weight=405 406 215 91 96 377 499 53 68 143 76 63 288 50 96 192 74 93 114297 288 351 54 54 137 384 192 95 55 59 1914 3596
leaf_count=405 406 215 91 96 377 499 53 68 143 76 63 288 50 96 192 74 93 114297 288 351 54 54 137 384 192 95 55 59 1914 3596
internal_value=7.09759e-05 0.000941092 0.00289157 5.11164e-05 0.000330189 0.00132988 -0.000873181 -0.0057438 7.04227e-05 -0.00262411 -0.0068705 -0.000172414 0.00235849 -0.00133681 -0.00333333 -0.000426356 -0.00248503 5.54231e-05 0.00126736 0.00025463 0.00238562 0.00327161 4.38587e-05 -0.000581467 -0.000795304 -0.000925546 -0.00541667 -0.000773305 -0.000700267 -0.000607985
internal_weight=124761 2784 664 121977 2120 1158 962 121 781 282 139 841 265 576 288 258 167 121881 1152 864 459 405 120729 6432 6048 5856 192 5664 5605 5510
internal_count=124761 2784 664 121977 2120 1158 962 121 781 282 139 841 265 576 288 258 167 121881 1152 864 459 405 120729 6432 6048 5856 192 5664 5605 5510
is_linear=0
shrinkage=0.05


Tree=243
num_leaves=31
num_cat=0
split_feature=8 11 8 7 0 0 0 3 7 7 8 0 0 3 11 3 3 9 3 1 5 0 8 9 9 0 6 9 11 7
split_gain=1.04866 1.26004 0.939853 0.859173 1.1519 0.743395 1.12352 1.20764 1.46421 3.17166 1.19437 0.782837 1.6411 1.41978 1.0673 0.680766 1.22355 1.68627 1.21879 1.46007 1.26854 2.88076 1.59715 2.27318 2.09615 6.06672 1.69437 1.32932 1.33626 1.73925
threshold=41.150000000000013 1.0115081465964717 41.050000000000004 33.01250000000001 42.500000000000007 85.500000000000014 66.500000000000014 0.61237135649459018 38.01250000000001 30.187500000000004 43.550000000000004 28.500000000000004 53.500000000000007 0.031174179426909168 1.0515743247573357 0.81925054981890411 0.98372640911059162 26.058333333333337 0.98213580174693105 4.5000000000000009 1.0000000180025095e-35 60.500000000000007 35.350000000000001 29.557031250000005 28.439583333333335 17.500000000000004 1.0000000180025095e-35 28.330468750000005 0.91371627058832827 17.012500000000006
decision_type=2 2 2 2 2 2 2 2 2 2 2 2 2 2 2 2 2 2 2 2 2 2 2 2 2 2 2 2 2 2
left_child=2 3 15 -2 -5 6 7 11 9 -9 -8 13 14 -3 -13 -1 18 -18 20 -20 22 -22 24 -24 26 -26 27 28 29 -17
right_child=1 5 -4 4 -6 -7 10 8 -10 -11 -12 12 -14 -15 -16 16 17 -19 19 -21 21 -23 23 -25 25 -27 -28 -29 -30 -31
leaf_value=1.4519499759999791e-05 0.0040289660001265291 -0.0016929999270175558 -0.0015235453682428458 -0.00070469201953918172 0.0010114674128714962 0.0023883579282369285 -0.00018541003909074461 0.00017089365932453795 0.00048876994357194162 -0.0020640245342119778 -0.0012814282299535241 -0.0010916834656211306 0.0024560838404884362 0.0018303760111327066 -6.8444253221174608e-06 8.1617067891309411e-05 0.00010141805992203477 -8.1695888383134847e-05 0.00031439782061194093 -0.00078945613422435007 -8.1432928154726574e-06 -0.00070516981334696417 0.00065700940753903861 1.8030186490946563e-06 -0.00085640474356199914 -8.6046062724823812e-05 0.00040212448686245027 -0.00071428875425243947 -3.4424753723614352e-05 -0.00028457685202218315
leaf_weight=101439 285 58 96 86 301 220 323 97 108 63 95 100 234 464 350 206 3936 2112 96 192 427 245 672 3168 90 390 384 96 7770 658
leaf_count=101439 285 58 96 86 301 220 323 97 108 63 95 100 234 464 350 206 3936 2112 96 192 427 245 672 3168 90 390 384 96 7770 658
internal_value=7.13767e-05 0.00103089 4.94767e-05 0.00291667 0.00138243 0.000430871 0.000110994 0.000759837 -0.00227612 -0.0053125 -0.00217703 0.00143449 0.000321638 0.00289272 -0.00144444 5.33719e-05 -0.000209862 0.000386905 -0.000460608 -0.00368056 -0.000394867 -0.00251488 -0.000288819 0.000572917 -0.000633729 -0.00385417 -0.000464121 -0.000607102 -0.000542043 -0.00240741
internal_weight=124761 2784 121977 672 387 2112 1892 1474 268 160 418 1206 684 522 450 121881 20442 6048 14394 288 14106 672 13434 3840 9594 480 9114 8730 8634 864
internal_count=124761 2784 121977 672 387 2112 1892 1474 268 160 418 1206 684 522 450 121881 20442 6048 14394 288 14106 672 13434 3840 9594 480 9114 8730 8634 864
is_linear=0
shrinkage=0.05


Tree=244
num_leaves=31
num_cat=0
split_feature=8 0 11 3 7 0 11 8 9 7 0 0 8 0 7 11 7 1 9 9 0 0 3 4 7 9 9 7 8 9
split_gain=1.26288 1.25693 2.40927 1.06967 0.967308 0.92508 1.31615 0.838549 0.810811 1.24818 1.41036 1.39879 0.752604 1.00928 0.926282 0.885952 0.725148 0.711348 1.33704 3.38777 3.65376 4.11463 3.95267 1.94444 3.02096 1.70345 4.64295 3.65348 2.85421 2.06102
threshold=40.550000000000004 21.500000000000004 1.1027172427607128 0.49812943072827093 30.512500000000006 53.500000000000007 1.1064219518172318 41.45000000000001 35.620312500000004 35.687500000000007 65.500000000000014 47.500000000000007 41.050000000000004 43.500000000000007 33.912500000000016 1.0515743247573357 32.612500000000004 1.5000000000000002 11.53671875 11.86328125 20.500000000000004 10.500000000000002 0.20180702842483325 0.99138911339924218 14.312500000000002 12.703645833333335 12.998697916666668 11.587500000000004 19.950000000000003 13.946875000000002
decision_type=2 2 2 2 2 2 2 2 2 2 2 2 2 2 2 2 2 2 2 2 2 2 2 2 2 2 2 2 2 2
left_child=17 2 -2 8 -4 6 12 -7 -3 -10 11 -11 14 16 -5 -15 -14 18 23 20 21 -20 -22 -1 -25 -21 27 -27 -29 -28
right_child=1 3 4 5 -6 7 -8 -9 9 10 -12 -13 13 15 -16 -17 -18 -19 19 25 22 -23 -24 24 -26 26 29 28 -30 -31
leaf_value=0.0008031219445116622 0.0020165856142087195 0.0011272000182356889 0.00047948772861880089 -0.00071135999390040279 -0.0020606838224041333 -0.00029737007822654534 0.00056616094205932303 0.00046444311691554711 0.0015711793871278877 -0.00064464946565072128 -0.0010342263064243894 0.0018666205258106455 -0.0012142219323735515 -0.0015001197325846905 0.00082829266841833154 -0.0014193915287881505 -1.1867066410093697e-05 1.5577390002403863e-05 -8.4221543533779121e-05 0.00016748823061117594 -0.00059271708010807196 -0.00035248062038587062 8.7023584467717669e-05 0.00016532827063611263 -0.001123173201826167 -8.3778249230564988e-05 0.00029330831165548825 -0.0014575123101989141 -0.0005626715388280019 -2.9458670295337516e-05
leaf_weight=480 616 740 125 50 73 252 160 630 161 91 84 108 97 50 78 70 167 86848 55 1152 75 50 300 597 75 186 960 101 97 30233
leaf_count=480 616 740 125 50 73 252 160 630 161 91 84 108 97 50 78 70 167 86848 55 1152 75 50 300 597 75 186 960 101 97 30233
internal_value=7.29797e-05 0.00100225 0.00272727 0.000489409 -0.00207071 -0.00037323 -0.00177083 0.00069161 0.00162162 -6.75674e-05 -0.00206714 0.000226131 -0.00300781 -0.00411458 0.0003125 -0.00791667 -0.00238636 4.57476e-05 -0.000146823 -0.000204914 -0.004375 -0.012619 -0.00206667 0.00152778 -0.000208333 -0.000143756 -0.000212655 -0.00567708 -0.010404 -0.000145385
internal_weight=124761 3552 814 2738 198 1554 672 882 1184 444 283 199 512 384 128 120 264 121209 34361 33209 480 105 375 1152 672 32729 31577 384 198 31193
internal_count=124761 3552 814 2738 198 1554 672 882 1184 444 283 199 512 384 128 120 264 121209 34361 33209 480 105 375 1152 672 32729 31577 384 198 31193
is_linear=0
shrinkage=0.05


Tree=245
num_leaves=31
num_cat=0
split_feature=8 0 11 7 5 7 0 0 0 7 3 11 0 11 9 11 9 1 8 7 0 8 0 11 4 9 11 3 7 10
split_gain=0.855322 1.06359 1.88 0.793031 0.777568 0.802061 0.893349 0.96677 1.89649 1.48333 1.21956 0.992078 1.29925 0.903645 0.873146 0.802941 0.686854 1.47789 1.29201 2.50324 1.69416 1.44048 1.04102 1.10409 0.929422 1.57427 1.59255 1.94112 3.91329 2.44726
threshold=40.550000000000004 21.500000000000004 1.1027172427607128 30.512500000000006 1.0000000180025095e-35 28.812500000000004 85.500000000000014 66.500000000000014 52.500000000000007 37.01250000000001 0.46800856592688472 1.0515743247573357 31.500000000000004 1.0662035070726383 35.949479166666677 1.09763366194496 9.9703125000000004 5.5000000000000009 15.350000000000003 14.112500000000002 39.500000000000007 12.650000000000002 90.500000000000014 1.0751037620239305 0.9863035000474919 17.649479166666669 1.0671022136559845 -0.108376950152639 16.412500000000005 1.0000000180025095e-35
decision_type=2 2 2 2 2 2 2 2 2 2 2 2 2 2 2 2 2 2 2 2 2 2 2 2 2 2 2 2 2 2
left_child=16 2 -2 -4 5 -3 7 8 10 14 -7 12 -12 -11 -9 -15 17 18 19 20 21 -1 23 -22 -18 26 27 28 29 -26
right_child=1 4 3 -5 -6 6 -8 9 -10 13 11 -13 -14 15 -16 -17 24 -19 -20 -21 22 -23 -24 -25 25 -27 -28 -29 -30 -31
leaf_value=-0.00053739505734090663 0.0019157563334982843 -0.00070938013035311829 0.00045551334218786035 -0.0019576496312839285 0.00091441051994971257 0.00047984662893739682 0.0022126486331455644 0.00034179421192989602 0.0019095287549755352 -0.0010002310188204548 9.6486746204423458e-05 -3.6405889745009285e-05 -0.0009897282020397179 0.00038546385512299504 -0.0015120898176527982 -0.0015189478405255338 8.5242811455697054e-06 0.00077307759299477313 0.00047669143966594672 -0.0018556910236504347 -0.0012787595598643352 -3.1388404020562569e-05 -0.0012569763947894435 0.001424243319578777 -0.00051739366609446387 0.00033354626573981697 0.00020657256248784282 -7.250198202788493e-05 -0.0011794622921811784 0.00063792076629816353
leaf_weight=120 616 89 125 73 222 401 314 331 476 131 60 367 168 52 64 63 113433 288 480 52 87 280 50 371 148 384 672 4608 69 167
leaf_count=120 616 89 125 73 222 401 314 331 476 131 60 367 168 52 64 63 113433 288 480 52 87 280 50 371 148 384 672 4608 69 167
internal_value=6.85713e-05 0.000833334 0.00242015 -0.00181818 0.000361578 0.000111288 0.000282242 -8.75531e-05 0.000618207 -0.00170827 -0.00062249 -0.00205882 -0.00464912 -0.0047561 0.000189874 -0.00152174 4.61601e-05 0.00103588 0.000381945 -0.000677083 -6.60791e-05 -0.0025 0.00185039 0.00259825 3.18463e-05 -0.00057209 -0.000782133 -0.00108974 -0.00450521 -0.00214286
internal_weight=124761 3552 814 198 2738 2516 2427 2113 1472 641 996 595 228 246 395 115 121209 1728 1440 960 908 400 508 458 119481 6048 5664 4992 384 315
internal_count=124761 3552 814 198 2738 2516 2427 2113 1472 641 996 595 228 246 395 115 121209 1728 1440 960 908 400 508 458 119481 6048 5664 4992 384 315
is_linear=0
shrinkage=0.05


Tree=246
num_leaves=31
num_cat=0
split_feature=8 7 11 3 8 7 0 5 9 1 0 0 7 4 9 9 7 0 9 3 8 8 7 0 3 7 7 0 10 0
split_gain=0.904817 1.34315 1.99602 1.17015 1.14739 0.997089 0.936056 0.886319 0.737414 1.22251 1.5907 1.0809 0.803799 0.8026 1.32819 2.08402 3.05535 1.1098 0.967694 2.71075 1.99468 1.78723 2.89628 1.77261 1.53875 1.2851 1.28295 1.23937 2.93492 1.22754
threshold=41.150000000000013 31.512500000000006 1.0733916311526115 0.61237135649459018 41.050000000000004 31.712500000000006 85.500000000000014 1.0000000180025095e-35 9.2812500000000018 5.5000000000000009 44.500000000000007 89.500000000000014 13.312500000000002 0.9863035000474919 15.508593750000001 14.97265625 15.237500000000002 93.500000000000014 12.569791666666669 -0.12546116083924153 19.750000000000004 18.450000000000003 12.912500000000003 4.5000000000000009 -0.12546116083924153 11.962500000000004 18.962500000000006 81.500000000000014 1.0000000180025095e-35 77.500000000000014
decision_type=2 2 2 2 2 2 2 2 2 2 2 2 2 2 2 2 2 2 2 2 2 2 2 2 2 2 2 2 2 2
left_child=4 2 -2 -4 8 -3 7 -7 9 10 -1 12 -12 -10 15 17 -17 18 24 20 25 22 -21 -23 -15 -20 -22 -25 -29 -26
right_child=1 5 3 -5 -6 6 -8 -9 13 -11 11 -13 -14 14 -16 16 -18 -19 19 21 26 23 -24 27 29 -27 -28 28 -30 -31
leaf_value=-0.00014780285281281038 0.0032674489259157703 -0.0015109075369190508 0.00053194895010126315 -0.0011862129434517844 -0.0013862324868699676 -1.9615603430442829e-05 0.0029235841887891669 0.00085770273037990012 9.6059416221896822e-06 0.00073442371334503462 0.0019270302658008548 -0.0010497340577207016 -0.0002551343027933239 0.0010426622738968724 9.792177435163159e-05 -0.00044336482746680213 8.4869769923213444e-05 -0.00039105255218389932 -0.00027852295857450944 0.00015557678015861714 4.1758668531071653e-07 -0.00018420349494674258 -0.0013579888003054531 7.8556674574126008e-05 -7.762172594198794e-05 -0.00078999103424647272 -0.00049621745402466646 -0.00035591506540708025 0.00080408496447071428 0.00042825362081111104
leaf_weight=405 447 52 193 103 96 1620 198 171 114297 288 351 54 54 282 1056 91 101 108 95 188 217 120 188 1848 1404 93 65 168 120 288
leaf_count=405 447 52 193 103 96 1620 198 171 114297 288 351 54 54 282 1056 91 101 108 95 188 217 120 188 1848 1404 93 65 168 120 288
internal_value=6.77698e-05 0.000959052 0.00277927 -0.000405405 4.74272e-05 0.000296424 0.000475113 0.000114461 5.1731e-05 0.00131076 0.000370371 0.00238562 0.00327161 3.97172e-05 -0.000503731 -0.000822172 -0.0059375 -0.000632716 -0.000526005 -0.00107672 -0.00457447 -0.000452127 -0.00364362 7.97874e-05 0.000339413 -0.00856383 -0.00191489 0.000411985 -0.00263889 -0.000230496
internal_weight=124761 2784 743 296 121977 2041 1989 1791 121881 1152 864 459 405 120729 6432 5376 192 5184 5076 3102 470 2632 376 2256 1974 188 282 2136 288 1692
internal_count=124761 2784 743 296 121977 2041 1989 1791 121881 1152 864 459 405 120729 6432 5376 192 5184 5076 3102 470 2632 376 2256 1974 188 282 2136 288 1692
is_linear=0
shrinkage=0.05


Tree=247
num_leaves=31
num_cat=0
split_feature=8 0 11 7 0 0 0 9 11 11 3 11 7 9 8 7 0 7 8 1 11 8 3 9 9 3 11 8 11 0
split_gain=0.955231 1.00774 1.66265 0.774138 0.782855 0.789552 1.55497 1.08533 1.79094 1.45696 0.960414 0.939931 1.59865 0.773165 1.14844 2.43231 1.25978 0.858847 2.56402 1.15085 4.95177 1.38667 2.35318 3.7254 2.05858 1.88071 2.82578 4.411 2.08597 2.06104
threshold=40.550000000000004 21.500000000000004 1.1027172427607128 28.812500000000004 85.500000000000014 66.500000000000014 53.500000000000007 35.620312500000004 1.0662035070726383 0.96691573625133975 0.46800856592688472 1.0515743247573357 40.01250000000001 9.9703125000000004 15.350000000000003 14.112500000000002 40.500000000000007 8.4625000000000039 19.450000000000003 5.5000000000000009 1.0166260076336997 17.850000000000005 -0.19337636264337835 10.710937500000002 11.341666666666669 0.26866988313759588 1.027978427818794 18.650000000000002 1.0655178138138408 11.500000000000002
decision_type=2 2 2 2 2 2 2 2 2 2 2 2 2 2 2 2 2 2 2 2 2 2 2 2 2 2 2 2 2 2
left_child=13 2 -2 -3 5 6 10 9 -9 -7 -5 12 -12 14 15 16 -1 18 19 21 -21 22 23 -15 -23 28 -27 -28 29 -26
right_child=1 3 -4 4 -6 7 -8 8 -10 -11 11 -13 -14 17 -16 -17 -18 -19 -20 20 -22 24 -24 -25 25 26 27 -29 -30 -31
leaf_value=-5.9589548780773436e-05 0.0018413255173494608 -0.00060836606161668869 -0.00028477977750705172 0.0005658377317932482 0.0019488631569343725 -0.0014958579350214021 0.0019198181982405455 -0.0016180498009461864 -0.00024652279468187179 0.00032760553408414574 -0.00039591638823902302 4.6935506515129309e-05 -0.0012351916616307732 -0.0012030412156243551 0.00061657190379589262 -0.001759025386170813 0.00076921155127259594 6.7384443042494422e-06 9.8931059286192104e-05 -0.00045008724967125812 0.00089931720220106357 9.1683096019679088e-05 0.0001709893119870727 0.00010475635930324579 -0.00014638362895630057 0.00016752064569460146 -0.00037563372843387691 -8.1325674879796129e-05 9.5232253313118541e-06 -0.0004900800423312153
leaf_weight=492 616 94 198 446 342 57 481 57 171 413 181 441 55 111 576 52 608 116429 821 122 95 247 670 109 54 266 78 259 78 142
leaf_count=492 616 94 198 446 342 57 481 57 171 413 181 441 55 111 576 52 608 116429 821 122 95 247 670 109 54 266 78 259 78 142
internal_value=6.7369e-05 0.000875563 0.00242015 0.000416362 0.000574887 0.000243267 0.000854115 -0.00116046 -0.00399123 0.000212766 -0.000164737 -0.00135155 -0.0038983 4.36851e-05 0.00109375 0.000182292 0.000681818 2.84984e-05 -0.000799476 -0.00167862 -0.00513825 -0.00130586 0.00016854 -0.00431818 -0.00247331 -0.00360889 -0.00204809 -0.00508902 -0.0070438 -0.00979592
internal_weight=124761 3552 814 2738 2644 2302 1604 698 228 470 1123 677 236 121209 1728 1152 1100 119481 3052 2231 217 2014 890 220 1124 877 603 337 274 196
internal_count=124761 3552 814 2738 2644 2302 1604 698 228 470 1123 677 236 121209 1728 1152 1100 119481 3052 2231 217 2014 890 220 1124 877 603 337 274 196
is_linear=0
shrinkage=0.05


Tree=248
num_leaves=31
num_cat=0
split_feature=8 11 9 0 1 0 8 3 0 0 7 0 8 4 9 11 3 7 7 8 9 11 3 7 8 7 11 8 4 7
split_gain=1.05392 1.16257 0.848509 1.14121 1.25 1.02586 0.9 1.33704 1.01986 0.885425 0.77786 0.904393 0.747109 0.729352 1.23179 1.16463 1.18003 3.91863 0.967894 2.17729 1.34249 1.35805 2.49829 1.80328 1.20497 0.918913 1.13369 1.38812 0.915157 2.45917
threshold=41.150000000000013 1.0115081465964717 9.2812500000000018 44.500000000000007 5.5000000000000009 90.500000000000014 12.650000000000002 -0.05695216311707673 16.500000000000004 25.500000000000004 33.01250000000001 42.500000000000007 41.050000000000004 0.9863035000474919 17.649479166666669 1.0912314765539939 -0.14250824554987665 15.587500000000004 16.287500000000005 17.850000000000005 11.084895833333334 1.0655178138138408 -0.108376950152639 7.5125000000000011 15.350000000000003 18.212500000000006 1.0515743247573357 20.550000000000004 0.92191100909954782 8.7875000000000032
decision_type=2 2 2 2 2 2 2 2 2 2 2 2 2 2 2 2 2 2 2 2 2 2 2 2 2 2 2 2 2 2
left_child=2 10 3 4 6 -5 9 8 -8 -1 -2 -12 13 28 15 16 17 -15 20 -20 24 22 -22 -24 -18 -21 -27 -28 -4 -30
right_child=1 -3 12 5 -6 -7 7 -9 -10 -11 11 -13 -14 14 -16 -17 18 -19 19 25 21 -23 23 -25 -26 26 27 -29 29 -31
leaf_value=-0.00043287536418422541 0.003669875654967614 0.00010266265463351038 3.8953374239847382e-06 0.0014709476747364848 0.00048054299820062473 -0.00081192092582520387 0.00010416603799787974 0.00061091081547958522 -0.0004502303946279612 4.3593177171022923e-05 -0.00064143422089950753 0.00092214712160059635 -0.0012486446244551743 2.0191899493809386e-05 0.00031163594152003191 0.0004932186186703668 -0.0016570155555629381 -0.0011584946816774664 -0.00047430575812867248 0.00044569394179660147 -0.00048702531224704081 7.06694435385128e-05 -0.00046557604146026154 -0.00010565140184720756 0.0001326920416895289 0.00015175127471321376 -0.0013528342347945846 0.00029009108120776867 -8.6093191207990431e-05 0.00012252964172660278
leaf_weight=78 285 2112 105561 552 135 60 51 135 84 57 86 301 96 137 384 192 96 55 111 503 75 466 112 2454 1016 687 61 83 1495 7241
leaf_count=78 285 2112 105561 552 135 60 51 135 84 57 86 301 96 137 384 192 96 55 111 503 75 466 112 2454 1016 687 61 83 1495 7241
internal_value=6.89721e-05 0.00103089 4.70172e-05 0.00139757 -0.000277778 0.00287582 -0.00166667 1.86265e-10 -0.00351852 -0.005 0.00284226 0.00138243 3.41405e-05 3.76465e-05 -0.00048041 -0.000654762 -0.000780396 -0.00463542 -0.000649717 0.000467128 -0.00103223 -0.00156582 -0.00200492 -0.00174201 0.000458633 0.00102699 6.01703e-06 -0.00402778 6.67998e-05 0.000558608
internal_weight=124761 2784 121977 1152 540 612 405 270 135 135 672 387 120825 120729 6432 6048 5856 192 5664 1445 4219 3107 2641 2566 1112 1334 831 144 114297 8736
internal_count=124761 2784 121977 1152 540 612 405 270 135 135 672 387 120825 120729 6432 6048 5856 192 5664 1445 4219 3107 2641 2566 1112 1334 831 144 114297 8736
is_linear=0
shrinkage=0.05


Tree=249
num_leaves=31
num_cat=0
split_feature=8 3 7 1 9 0 8 0 7 1 8 8 0 8 1 1 8 4 9 7 9 4 8 1 7 4 4 7 11 9
split_gain=0.992655 1.0106 1.29811 1.22508 0.801471 1.08284 1.20333 0.999041 0.846321 0.760556 0.674929 11.1691 4.33674 3.1162 3.31364 3.6125 2.96412 2.1125 1.38207 1.29668 1.26084 5.31258 2.03002 3.2513 3.06371 4.43403 3.36545 3.2052 3.00364 2.98394
threshold=40.550000000000004 0.54219432480460406 31.512500000000006 3.5000000000000004 9.2812500000000018 44.500000000000007 15.350000000000003 90.500000000000014 14.112500000000002 5.5000000000000009 25.650000000000002 25.550000000000004 29.500000000000004 25.350000000000005 2.5000000000000004 1.0000000180025095e-35 26.150000000000002 0.7710868207630478 18.07057291666667 14.312500000000002 21.782552083333339 0.38043945030393422 30.250000000000004 4.5000000000000009 22.362500000000004 0.5969655492110445 0.39629089145655322 18.362500000000004 0.97619041497425918 21.966666666666672
decision_type=2 2 2 2 2 2 2 2 2 2 2 2 2 2 2 2 2 2 2 2 2 2 2 2 2 2 2 2 2 2
left_child=4 2 -2 -4 5 6 9 8 -7 -1 11 13 -13 -6 15 19 -12 -16 -18 -15 -20 -22 23 29 25 26 -24 -28 -29 -23
right_child=1 -3 3 -5 10 7 -8 -9 -10 -11 16 12 -14 14 17 -17 18 -19 20 -21 21 22 24 -25 -26 -27 27 28 -30 -31
leaf_value=-0.00021127622767093824 0.0027338709911976845 1.4165763661119567e-05 0.0008839484180333464 -4.1371110464997834e-05 -3.5483712389282589e-07 0.0015434006939168265 0.001727605817017142 -0.00077132487953394382 -0.00023194809422525067 0.0002469892064978244 0.00026784897553314325 -0.00064053999270879665 -0.0005962978946346787 0.00027625034834997806 0.00012159773560486151 -0.00088016019437947709 -0.00032736607777800262 -0.0009755601035764329 5.3055968235989031e-05 -0.00030596129729761019 1.9267300281256817e-05 -0.00073978128738602569 -0.00066738334409572383 0.00010373924678847055 -0.00016261112500748346 -0.00055365202678853847 0.00056519041479122407 -0.00059459637953653477 -0.00031319755138460413 -0.00012658108853956388
leaf_weight=360 417 1728 496 911 31872 499 90 60 53 90 1914 60 132 61 480 192 96 96 7968 227 71295 192 83 1632 963 54 177 113 338 2112
leaf_count=360 417 1728 496 911 31872 499 90 60 53 90 1914 60 132 61 480 192 96 96 7968 227 71295 192 83 1632 963 54 177 113 338 2112
internal_value=6.57659e-05 0.00088964 0.00171053 0.000984364 4.16225e-05 0.00135417 -0.000277778 0.00279412 0.00346015 -0.00133333 2.90281e-05 -0.000163043 -0.0121875 -9.29298e-05 -0.00276515 -0.00583333 0.000102201 -0.000208333 5.83961e-05 -0.00229167 6.51738e-05 3.1837e-06 -0.00147069 -0.000843496 -0.00289931 -0.00526144 -0.00421238 -0.00296178 -0.00519956 -0.00205295
internal_weight=124761 3552 1824 1407 121209 1152 540 612 552 450 120057 33120 192 32928 1056 480 86937 576 85023 288 84927 76959 5664 3936 1728 765 711 628 451 2304
internal_count=124761 3552 1824 1407 121209 1152 540 612 552 450 120057 33120 192 32928 1056 480 86937 576 85023 288 84927 76959 5664 3936 1728 765 711 628 451 2304
is_linear=0
shrinkage=0.05


Tree=250
num_leaves=31
num_cat=0
split_feature=8 0 11 5 7 9 0 8 0 1 0 0 0 7 0 10 3 0 0 0 3 0 4 9 9 8 3 7 9 8
split_gain=0.804772 0.940437 1.56174 0.777568 0.802061 0.749342 1.02601 1.00833 1.01215 0.986852 1.17248 0.972577 0.961538 0.820991 0.67932 0.823838 0.761751 0.821226 1.36443 0.767583 0.745921 0.792707 0.674456 1.61887 4.22794 1.41068 6.89876 3.47623 2.7975 2.82031
threshold=40.550000000000004 21.500000000000004 1.1027172427607128 1.0000000180025095e-35 28.812500000000004 9.2812500000000018 44.500000000000007 12.650000000000002 25.500000000000004 4.5000000000000009 25.500000000000004 90.500000000000014 12.500000000000002 14.112500000000002 85.500000000000014 1.0000000180025095e-35 0.49812943072827093 65.500000000000014 78.500000000000014 47.500000000000007 0.42179998225932674 71.500000000000014 0.98005052076767474 15.127864583333336 14.97265625 19.150000000000002 0.534952257794027 8.4625000000000039 12.070312500000002 19.250000000000004
decision_type=2 2 2 2 2 2 2 2 2 2 2 2 2 2 2 2 2 2 2 2 2 2 2 2 2 2 2 2 2 2
left_child=5 2 -2 4 -3 6 7 8 12 10 -9 13 -1 -8 15 16 17 19 20 -6 21 -19 25 24 -24 26 27 -7 29 -27
right_child=1 3 -4 -5 14 22 11 9 -10 -11 -12 -13 -14 -15 -16 -17 -18 18 -20 -21 -22 -23 23 -25 -26 28 -28 -29 -30 -31
leaf_value=-1.8981965172813146e-05 0.0017772005324715083 -0.00064487617288999655 -0.00027638220954642989 0.00073695290494292661 8.7117187114782659e-06 -5.9286795700003182e-05 0.0014662306592209857 0.00015779668369351216 0.00079196348591499619 0.00072628278645210295 -0.00044706607146316089 -0.00073275863555724628 -0.00049052525486918393 -0.00022035068951398824 0.001867159359363507 0.0015375575555883246 -0.00028029558517299834 -0.00022804991393521849 0.0011181039798215942 0.0018162668247318941 0.00099575514403264028 -0.0014537689203011172 -5.0987262208281527e-05 0.00010127120293656978 -0.00038754070946227541 -0.0011774684244999917 -0.00027223638550204638 0.00026113793404981822 4.2499272380559148e-06 -0.00016765655516830542
leaf_weight=52 616 89 198 222 388 1212 499 130 76 135 95 60 52 53 314 173 982 66 105 270 52 77 6528 1248 96 96 768 5028 104793 288
leaf_count=52 616 89 198 222 388 1212 499 130 76 135 95 60 52 53 314 173 982 66 105 270 52 77 6528 1248 96 96 768 5028 104793 288
internal_value=6.33613e-05 0.00080518 0.0022973 0.000361578 0.000111288 4.16225e-05 0.00131076 -0.000277778 -0.00333333 0.00125 -0.000777778 0.00271242 -0.00653846 0.00336957 0.000282242 -4.0227e-05 -0.000335051 0.000668059 -0.0015 0.00165654 -0.00397436 -0.00583916 2.94445e-05 -0.000417937 -0.000729166 6.08372e-05 0.000747717 0.00129808 1.507e-05 -0.00424479
internal_weight=124761 3552 814 2738 2516 121209 1152 540 180 360 225 612 104 552 2427 2113 1940 958 300 658 195 143 120057 7872 6624 112185 7008 6240 105177 384
internal_count=124761 3552 814 2738 2516 121209 1152 540 180 360 225 612 104 552 2427 2113 1940 958 300 658 195 143 120057 7872 6624 112185 7008 6240 105177 384
is_linear=0
shrinkage=0.05


Tree=251
num_leaves=31
num_cat=0
split_feature=8 0 0 9 10 0 0 0 0 0 8 0 0 8 4 9 9 0 8 10 9 1 9 0 1 0 8 8 8 11
split_gain=0.916244 0.997035 0.811697 0.801342 0.803571 1.38893 1.27385 1.10981 1.01963 2.08877 1.94805 0.825143 0.864468 0.745428 0.683969 1.32001 4.25249 1.44118 1.80889 3.26579 5.08202 3.06806 3.00863 2.44393 1.95602 1.85152 1.72841 1.69138 3.55882 1.55868
threshold=41.150000000000013 10.500000000000002 85.500000000000014 9.2812500000000018 1.0000000180025095e-35 22.500000000000004 12.500000000000002 60.500000000000007 44.500000000000007 22.500000000000004 14.100000000000001 70.500000000000014 84.500000000000014 41.050000000000004 0.98005052076767474 15.127864583333336 14.97265625 23.500000000000004 17.450000000000003 1.0000000180025095e-35 13.209375 1.0000000180025095e-35 10.96640625 30.500000000000004 4.5000000000000009 73.500000000000014 15.350000000000003 17.450000000000003 17.650000000000002 1.0115081465964717
decision_type=2 2 2 2 2 2 2 2 2 2 2 2 2 2 2 2 2 2 2 2 2 2 2 2 2 2 2 2 2 2
left_child=3 -2 -3 4 5 6 -1 -7 9 -6 -11 -9 -13 14 -5 16 17 27 22 20 21 -20 26 -21 -23 -24 -19 -16 -29 -28
right_child=1 2 -4 13 8 7 -8 11 -10 10 -12 12 -14 -15 15 -17 -18 18 19 23 -22 24 25 -25 -26 -27 29 28 -30 -31
leaf_value=-8.0992547000103077e-06 0.0020506882072031303 4.9703450553518981e-05 0.0025708986104493025 7.6872465854664972e-06 0.00062448917492726147 0.001373403060072055 -0.00037647362506376333 -0.0010506578052001585 0.0023674674206939569 -0.0013173132534398519 0.00080149295338650343 0.00088055990588704197 -0.00054945955999737115 -0.0011729059021568225 0.00023070014561490999 9.6207642789741257e-05 -0.00036816367398916148 -0.0018363665734375282 -0.00056862880934364869 -0.00087506720883904566 2.0429442746873821e-05 -0.00013134452270438255 -0.0012015933455767614 0.00061371452766509349 -0.00050712206812625631 -5.5565366544169651e-05 -0.00024452815904712604 -0.00044852516430474463 1.4261816780027554e-05 0.00039769867477464234
leaf_weight=65 319 2175 290 112857 161 190 50 50 357 88 66 70 55 96 408 1248 96 72 144 161 1296 360 300 1495 216 132 144 72 1152 576
leaf_count=65 319 2175 290 112857 161 190 50 50 357 88 66 70 55 96 408 1248 96 72 144 161 1296 360 300 1495 216 132 144 72 1152 576
internal_value=6.2159e-05 0.000959052 0.000618661 4.16884e-05 0.00135417 -0.000208333 -0.005 0.00130137 0.00247024 0.000396826 -0.00376623 -0.00157143 0.0006 2.91746e-05 3.26767e-05 -0.000417937 -0.000698973 -0.000545343 -0.000974264 -0.00041939 -0.00177083 -0.00513889 -0.00263889 0.00122585 -0.00350694 -0.00599537 -0.000808081 0.000741422 -0.000187908 -6.94443e-05
internal_weight=124761 2784 2465 121977 1152 480 115 365 672 315 154 175 125 120825 120729 7872 6624 6528 4896 3672 2016 720 1224 1656 576 432 792 1632 1224 720
internal_count=124761 2784 2465 121977 1152 480 115 365 672 315 154 175 125 120825 120729 7872 6624 6528 4896 3672 2016 720 1224 1656 576 432 792 1632 1224 720
is_linear=0
shrinkage=0.05


Tree=252
num_leaves=31
num_cat=0
split_feature=3 3 4 0 0 9 0 10 0 10 8 10 0 0 0 0 4 9 11 3 0 4 8 11 8 7 8 3 3 11
split_gain=0.799304 1.10664 2.08723 3.28839 3.75942 4.88717 3.15067 4.32359 2.92918 4.34879 4.19309 3.81796 5.99888 2.85457 2.52546 6.31501 2.4869 2.77368 3.48213 2.51432 2.40081 2.56218 3.09357 2.40079 3.25952 2.80112 2.34358 9.73158 2.32228 2.56236
threshold=0.81925054981890411 0.20180702842483325 0.47369649395226454 85.500000000000014 68.500000000000014 25.419010416666669 83.500000000000014 1.0000000180025095e-35 25.500000000000004 1.0000000180025095e-35 34.050000000000004 1.0000000180025095e-35 37.500000000000007 68.500000000000014 32.500000000000007 43.500000000000007 0.011826144619637555 28.553385416666671 0.96583382572368259 -0.84772008488809492 56.500000000000007 -0.99628250747696534 34.350000000000001 1.0164577190672992 30.750000000000004 27.687500000000004 37.250000000000007 -0.01397611846945947 0.048362692321690152 0.99167509322876013
decision_type=2 2 2 2 2 2 2 2 2 2 2 2 2 2 2 2 2 2 2 2 2 2 2 2 2 2 2 2 2 2
left_child=1 2 6 4 5 -4 8 26 9 10 -1 14 28 20 -10 -16 17 18 -15 -20 21 22 -14 25 -25 -21 -8 -28 -13 -30
right_child=-2 -3 3 -5 -6 -7 7 -9 11 -11 -12 12 13 16 15 -17 -18 -19 19 23 -22 -23 -24 24 -26 -27 27 -29 29 -31
leaf_value=0.0010996399478102453 -2.0535424813305615e-05 5.4025737358302548e-05 -3.5951144905285242e-05 -0.00016163894619755908 0.00015356581627261773 -0.00084859319122238301 0.0021129830871242298 5.2463749760827576e-05 0.00025816109029101606 -9.2471446005448166e-06 -3.8067746071093998e-06 -0.00020204755695084608 -0.0016893610784840891 -4.5689107318336424e-05 -0.00069954404070628174 -0.00010837856750219396 0.00041931530340620117 8.7369948633994718e-05 -0.00058198006870369254 -0.0015938732551031929 0.00079681245671824736 0.00029027047134629248 -0.0001765877275314425 9.9378611174801167e-05 -0.0011736221885180172 -0.0020181116061076462 -0.0045164450274692543 0.0023026920275639249 -0.0012710576827556692 -0.00055122162335761028
leaf_weight=3154 20442 31676 18078 2640 4488 138 2028 3594 1351 7797 1872 3396 114 825 2123 7719 960 1911 360 51 3597 5358 228 135 180 54 60 228 96 108
leaf_count=3154 20442 31676 18078 2640 4488 138 2028 3594 1351 7797 1872 3396 114 825 2123 7719 960 1911 360 51 3597 5358 228 135 180 54 60 228 96 108
internal_value=6.13575e-05 0.000117381 9.84284e-06 -0.000356297 -0.000162086 -0.000481445 0.00020603 0.00128596 5.18255e-05 0.000679638 0.0018265 -0.000229994 0.000233984 0.000708996 -0.000950147 -0.00122841 -0.000328418 -0.000944255 -0.00247664 -0.00487179 0.00120845 0.000570176 -0.00362573 -0.0075 -0.00531746 -0.0140476 0.00297064 -0.00125 -0.00158333 -0.00676471
internal_weight=124761 104319 72643 25344 22704 18216 47299 5910 41389 12823 5026 28566 17373 13773 11193 9842 4476 3516 1605 780 9297 5700 342 420 315 105 2316 288 3600 204
internal_count=124761 104319 72643 25344 22704 18216 47299 5910 41389 12823 5026 28566 17373 13773 11193 9842 4476 3516 1605 780 9297 5700 342 420 315 105 2316 288 3600 204
is_linear=0
shrinkage=0.05


Tree=253
num_leaves=31
num_cat=0
split_feature=9 1 0 0 4 9 9 0 0 0 0 10 3 3 9 7 11 11 8 11 3 10 9 9 11 9 9 9 8 1
split_gain=0.882149 0.97338 1.24626 0.988066 0.874566 2.90968 2.60115 2.24803 3.23128 4.89879 2.94877 2.64495 2.11545 2.39509 2.20399 1.94086 2.72232 2.19767 4.54958 3.52811 1.8815 2.55502 2.08056 2.0479 1.82636 1.94097 5.04137 1.89409 2.65906 2.29206
threshold=9.2812500000000018 5.5000000000000009 44.500000000000007 17.500000000000004 -0.20180761162458913 26.413281250000001 26.751302083333339 20.500000000000004 53.500000000000007 65.500000000000014 84.500000000000014 1.0000000180025095e-35 -0.065535378769913874 -0.01397611846945947 30.392187500000002 28.237500000000004 1.1338093104982068 1.0036114727335816 33.250000000000007 0.99217867693061745 -0.76141707087277943 1.0000000180025095e-35 28.679947916666674 28.709114583333335 0.97407968238158804 32.32473958333334 31.397395833333338 29.247135416666669 32.650000000000013 5.5000000000000009
decision_type=2 2 2 2 2 2 2 2 2 2 2 2 2 2 2 2 2 2 2 2 2 2 2 2 2 2 2 2 2 2
left_child=1 2 3 -1 5 -2 -7 20 -9 -10 -11 12 -12 -14 -15 16 17 18 19 -13 21 -8 -23 -24 25 26 -22 -26 29 -29
right_child=4 -3 -4 -5 -6 6 7 8 9 10 11 15 13 14 -16 -17 -18 -19 -20 -21 24 22 23 -25 27 -27 -28 28 -30 -31
leaf_value=3.0750807561606537e-05 0.00053988407918514154 0.00058620883636408526 0.00082859632337194686 -0.00034485373649715607 -6.5587452312225095e-06 -0.00043181413888913639 0.0025448044450121026 -0.00012002236002341223 0.00053485917486228583 -0.00012040324679580443 0.003252706335359875 0.00036206025620778165 -0.0035675675754776844 -0.00083061259171244661 0.0011435914394001957 0.00070949976900700688 -0.0017999736731935834 0.00041841796277833305 -0.0011363397772006067 -0.0020658323730977299 -4.1705219713291819e-05 0.00067317569046754591 -0.0010196060423952184 -0.000187990002900892 0.00061517314421858922 0.0021429872308651151 -0.0015798141348819445 0.00072843233675014447 0.00019544566519975916 -0.0026819629456011698
leaf_weight=162 2112 288 459 243 67298 766 714 18379 6684 10547 1243 812 55 286 1206 998 182 966 316 55 2750 714 63 441 1743 315 168 63 4628 105
leaf_count=162 2112 288 459 243 67298 766 714 18379 6684 10547 1243 812 55 286 1206 998 182 966 316 55 2750 714 63 441 1743 315 168 63 4628 105
internal_value=6.37621e-05 0.00144097 0.000601852 -0.00141975 5.09269e-05 0.000196321 0.000125372 0.000166845 -4.91246e-06 0.000385439 -7.32027e-05 0.000799967 0.00193548 0.000701358 0.00107909 -0.000151697 -0.000941656 -0.000444393 -0.00188926 -1.73009e-05 0.000779221 0.00220497 0.000812808 -0.00164683 0.00049734 -0.000474791 -0.000877313 0.000977978 0.000464971 -0.00571429
internal_weight=124761 1152 864 405 123609 56311 54199 53433 41729 23350 16666 6119 2790 1547 1492 3329 2331 2149 1183 867 11704 1932 1218 504 9772 3233 2918 6539 4796 168
internal_count=124761 1152 864 405 123609 56311 54199 53433 41729 23350 16666 6119 2790 1547 1492 3329 2331 2149 1183 867 11704 1932 1218 504 9772 3233 2918 6539 4796 168
is_linear=0
shrinkage=0.05


Tree=254
num_leaves=31
num_cat=0
split_feature=3 3 4 0 9 8 3 3 8 0 3 10 3 9 4 11 11 11 3 8 0 11 0 11 11 0 11 11 7 11
split_gain=0.881359 1.16536 1.94926 1.33241 1.55949 1.94777 1.60167 2.23743 2.05 6.08137 1.86468 1.53782 2.69547 2.50043 1.31879 1.31025 1.26874 2.05568 1.86653 1.61063 1.60876 2.47328 1.85741 1.48485 1.35772 1.22288 1.21664 1.32059 1.45596 1.30889
threshold=0.81925054981890411 0.94704596667653973 -0.25206183926700709 81.500000000000014 26.058333333333337 32.750000000000007 0.98372640911059162 0.96465729447553372 30.650000000000002 27.500000000000004 0.99983759474438971 1.0000000180025095e-35 0.98213580174693105 20.683593750000004 0.029024409397335523 0.96691573625133975 1.0809870857286303 1.0353027724959731 0.99274428880883148 39.850000000000001 21.500000000000004 1.0627860117078571 60.500000000000007 1.0400758936931782 1.0610300454257775 72.500000000000014 1.0837192966485236 1.0662035070726383 23.262500000000006 1.0408832752351278
decision_type=2 2 2 2 2 2 2 2 2 2 2 2 2 2 2 2 2 2 2 2 2 2 2 2 2 2 2 2 2 2
left_child=-1 26 -3 4 5 6 7 -4 -9 -10 15 12 -5 -13 -14 -8 17 18 -6 -18 21 23 -22 -19 -24 -26 27 29 -29 -2
right_child=1 2 3 11 16 -7 10 8 9 -11 -12 13 14 -15 -16 -17 19 20 -20 -21 22 -23 24 -25 25 -27 -28 28 -30 -31
leaf_value=1.6553133725398937e-05 -0.00010612612219834677 0.00048810950834761126 8.2343860885771626e-05 0.00041905629969975515 0.00039803238677723897 0.00026118405887636762 -1.4510045958572859e-05 -0.00012754909450156409 -0.00057649547416212049 -7.1814941625566976e-05 -0.00022314956594254496 -0.00017741706883363164 -0.00023386689748624353 0.00045196457168183421 -0.00037775746337197344 0.00026097289453841165 0.00014753878854007358 -0.00039652206378953221 -0.00020318379151277395 -0.00086106150264933469 -8.6691562882802299e-05 -0.00063096562112928704 -0.00069045462681191516 0.0002888601441598801 -0.00056638446473534262 0.00040967164975393313 0.00039173031692505057 0.00024379979693202629 -0.00041700196358540256 0.00017558995043147498
leaf_weight=104319 7296 1056 656 168 410 1230 984 656 56 108 246 84 182 840 126 1312 574 66 902 164 429 110 105 66 72 54 474 107 661 1248
leaf_count=104319 7296 1056 656 168 410 1230 984 656 56 108 246 84 182 840 126 1312 574 66 902 164 429 110 105 66 72 54 474 107 661 1248
internal_value=5.85521e-05 -0.000241659 0.00012012 -0.000104166 -0.000347561 0.000169589 -0.000363365 -0.00167344 -0.00341463 -0.00841463 0.000397325 0.00132143 -0.000987395 0.00251082 -0.00376623 0.000840593 -0.00126694 -0.0018654 -0.000602134 0.000528455 -0.00370288 -0.00719008 -0.00242424 -0.00257576 -0.00603896 -0.00253968 -0.000635602 -0.000761383 -0.0027474 -0.000582865
internal_weight=124761 20442 10656 9600 8200 5248 4018 1476 820 164 2542 1400 476 924 308 2296 2952 2214 1312 738 902 242 660 132 231 126 9786 9312 768 8544
internal_count=124761 20442 10656 9600 8200 5248 4018 1476 820 164 2542 1400 476 924 308 2296 2952 2214 1312 738 902 242 660 132 231 126 9786 9312 768 8544
is_linear=0
shrinkage=0.05


Tree=255
num_leaves=31
num_cat=0
split_feature=9 9 3 0 4 0 11 0 0 3 3 0 3 3 11 3 9 3 0 11 9 11 8 3 9 10 9 0 0 10
split_gain=0.783616 0.857139 2.06456 1.8526 1.48437 1.51193 2.00168 1.41764 5.43357 2.53571 2.77226 2.19383 3.38575 1.82748 4.53805 4.09524 3.9388 2.59235 2.87084 2.48242 2.16 1.82432 1.82323 2.47924 2.96605 2.67593 1.78395 1.70371 1.46519 4.04826
threshold=9.2812500000000018 27.775000000000002 -0.98370366633421236 91.500000000000014 -0.082691941062253513 7.5000000000000009 0.95911488553154101 53.500000000000007 66.500000000000014 0.73865729060996177 0.77244481603295057 26.500000000000004 0.73865729060996177 -0.75015329512557205 0.94116549976027797 -0.66528616069191593 28.401041666666671 -0.79384350655589164 41.500000000000007 1.1102543501962845 30.150260416666672 0.96691573625133975 33.550000000000004 -0.52032787705993211 28.080729166666668 1.0000000180025095e-35 28.849479166666672 57.500000000000007 75.500000000000014 1.0000000180025095e-35
decision_type=2 2 2 2 2 2 2 2 2 2 2 2 2 2 2 2 2 2 2 2 2 2 2 2 2 2 2 2 2 2
left_child=-1 -2 -3 4 5 6 -4 11 9 27 -11 -7 13 14 -13 -15 22 18 -16 20 21 -20 23 24 -17 -26 -19 -9 29 -10
right_child=1 2 3 -5 -6 7 -8 8 28 10 -12 12 -14 15 17 16 -18 26 19 -21 -22 -23 -24 -25 25 -27 -28 -29 -30 -31
leaf_value=0.00016531640783123362 -6.256160715712028e-06 0.00086638848649496644 -0.00030720724244763645 0.00093511027458681884 -0.00027123754105569923 7.7511752126510158e-05 0.00054988740266075423 0.00031821783898387904 -0.00042802566798480425 -0.0016969676020010299 7.9883243610484105e-06 0.00044705321128491409 0.00023828075844271537 0.001136467945617376 -0.00018822552995337619 0.0003500700483338962 -0.00017152458651965049 -0.0017896035479487435 -0.0013527388853142516 -0.0017289498584303531 -0.0014846973274126377 -0.00024068357180426106 -0.0021909573501554557 -0.00046215648467055399 -0.00059288507349546115 -0.0021164674699654072 -0.00036541111573892588 0.001398594373737061 4.6657862514169757e-05 9.9750647171253449e-05
leaf_weight=1152 73540 960 938 2048 736 9567 3104 1676 2223 78 1027 405 2295 648 825 54 7965 81 96 60 60 444 54 432 54 54 81 3771 8032 2301
leaf_count=1152 73540 960 938 2048 736 9567 3104 1676 2223 78 1027 405 2295 648 825 54 7965 81 96 60 60 444 54 432 54 54 81 3771 8032 2301
internal_value=5.61475e-05 4.40504e-05 0.000203619 0.000158729 9.46646e-05 0.00013006 0.00105393 4.17427e-05 0.000360582 0.00152778 -0.000656108 -0.000221143 -0.000629042 -0.000984266 -0.00233431 -0.000685131 -0.000973528 -0.0035003 -0.00284512 -0.00530303 -0.00433333 -0.00333333 -0.00472222 -0.00392256 -0.00919753 -0.0139815 -0.00950617 0.00197081 -0.000248487 -0.00096817
internal_weight=124761 123609 50069 49109 47061 46325 4042 42283 19108 6552 1105 23175 13608 11313 2052 9261 8613 1647 1485 660 600 540 648 594 162 108 162 5447 12556 4524
internal_count=124761 123609 50069 49109 47061 46325 4042 42283 19108 6552 1105 23175 13608 11313 2052 9261 8613 1647 1485 660 600 540 648 594 162 108 162 5447 12556 4524
is_linear=0
shrinkage=0.05


Tree=256
num_leaves=31
num_cat=0
split_feature=3 3 3 10 7 8 0 5 0 1 11 11 0 0 8 1 3 9 9 8 0 11 8 9 0 0 8 9 7 8
split_gain=0.820536 0.96613 1.64448 3.00312 1.80593 1.42044 1.89336 1.28183 2.52147 1.40515 1.37306 1.21742 1.10828 1.75676 1.92214 1.52868 1.53669 1.8315 1.20472 1.82918 3.58405 1.6019 1.18681 1.11154 2.22308 0.99132 0.983626 1.28444 1.08584 0.975238
threshold=0.81925054981890411 0.98372640911059162 0.99053107487289871 1.0000000180025095e-35 25.612500000000004 36.550000000000004 51.500000000000007 1.0000000180025095e-35 60.500000000000007 5.5000000000000009 1.1049966690345681 1.0541673969204923 59.500000000000007 69.500000000000014 31.250000000000004 5.5000000000000009 0.99466373373798567 24.712760416666672 24.712760416666672 32.650000000000013 21.500000000000004 0.91996099769083439 31.650000000000002 26.058333333333337 64.500000000000014 24.500000000000004 35.250000000000007 26.058333333333337 34.212500000000013 36.350000000000001
decision_type=2 2 2 2 2 2 2 2 2 2 2 2 2 2 2 2 2 2 2 2 2 2 2 2 2 2 2 2 2 2
left_child=-1 7 3 4 -3 11 -7 -2 9 -9 29 12 18 14 -14 16 17 -15 21 20 -20 -4 -18 -16 -25 -13 27 -21 -29 -10
right_child=1 2 5 -5 -6 6 -8 8 10 -11 -12 25 13 15 23 -17 22 -19 19 26 -22 -23 -24 24 -26 -27 -28 28 -30 -31
leaf_value=1.5700135361240868e-05 -3.322075286024219e-05 -0.00033916348789748605 -0.00012182016790354977 0.00042170841767821371 0.00015321515782642484 -0.00042630929284293565 0.00010592354353319146 0.00012894705082587942 -0.00032014884659002348 -0.00058249994486195744 -0.00014388799769415858 0.00072625020116627332 -0.00086644793759677128 0.00064534298972369767 0.0002200742867800649 -0.00035542412672098637 -7.6767215695663091e-05 -0.00035341511808168342 -0.00027603290042074968 0.00040419811947536724 2.700020201190916e-06 0.0003899526213796663 0.00061526576786344388 0.00015509146527990865 -0.00094999492335653155 8.7593181373814134e-05 0.00055997057236362256 -0.00021822786827767408 0.00061673837699591932 -0.0013973571571427854
leaf_weight=104319 13722 250 240 960 230 104 88 366 105 61 70 225 110 78 130 156 182 182 88 360 152 600 364 65 65 639 180 547 53 70
leaf_count=104319 13722 250 240 960 230 104 88 366 105 61 70 225 110 78 130 156 182 182 88 360 152 600 364 65 65 639 180 547 53 70
internal_value=5.5346e-05 -0.000234321 0.000295966 0.00177083 -0.00145833 -0.00016493 -0.004375 -0.000457135 -0.00258929 -0.000269321 -0.00663265 1.81161e-05 -0.000391329 -0.00153153 -0.00445946 -0.000405405 0.000471464 -0.00269231 0.000292793 -0.000615942 -0.00458333 0.00178571 0.00197802 -0.00211538 -0.00538462 0.00170139 0.000219298 -0.000416666 -0.00183333 -0.009
internal_weight=124761 20442 6048 1440 480 4608 192 14394 672 427 245 4416 3552 1332 370 962 806 260 2220 1380 240 840 546 260 130 864 1140 960 600 175
internal_count=124761 20442 6048 1440 480 4608 192 14394 672 427 245 4416 3552 1332 370 962 806 260 2220 1380 240 840 546 260 130 864 1140 960 600 175
is_linear=0
shrinkage=0.05


Tree=257
num_leaves=31
num_cat=0
split_feature=8 1 9 9 0 3 0 4 8 4 7 9 11 4 3 7 9 3 11 8 0 11 1 3 8 11 0 11 3 1
split_gain=0.749035 0.826556 1.90484 3.00912 3.024 3.95267 3.32606 1.48872 1.3744 2.67436 2.68408 5.77617 2.61797 2.61405 2.53731 2.48956 2.3214 1.87186 2.00849 3.55735 2.73913 2.71878 3.25702 3.41649 2.38439 2.25027 2.17402 2.25985 3.18563 2.0489
threshold=40.550000000000004 1.5000000000000002 11.53671875 11.86328125 20.500000000000004 0.20180702842483325 10.500000000000002 0.99138911339924218 31.150000000000002 0.25829915227078726 20.187500000000004 24.712760416666672 0.97619041497425918 0.47369649395226454 -0.99372698525316483 30.237500000000004 26.058333333333337 0.97112537654464559 1.0202540345051931 31.850000000000005 26.500000000000004 1.0541673969204923 4.5000000000000009 0.61237135649459018 31.950000000000003 1.0058601642303253 53.500000000000007 1.0090343315455217 -0.62588817255938378 5.5000000000000009
decision_type=2 2 2 2 2 2 2 2 2 2 2 2 2 2 2 2 2 2 2 2 2 2 2 2 2 2 2 2 2 2
left_child=1 2 7 4 6 -6 -4 -1 -3 14 11 13 -12 -11 -10 -14 -16 18 19 25 21 -20 -23 29 26 -18 27 28 -21 -24
right_child=-2 8 3 -5 5 -7 -8 -9 9 10 12 -13 15 -15 16 -17 17 -19 20 24 -22 22 23 -25 -26 -27 -28 -29 -30 -31
leaf_value=0.00069868479624568102 0.0001693567807358751 -6.1864963746704001e-06 -6.7720750215355003e-05 -2.0822312592497207e-05 -0.00054769039667511667 7.9095778557603343e-05 -0.00030760418717734676 1.8560463298820794e-05 0.0012294484829654783 0.00060058606218557978 -0.00039342957695118365 -0.0007976071935126783 0.00044795117031943632 -0.00053270468357813209 0.0002426632621188682 -0.00046097171998268368 0.000789666310400727 -0.00015974248562417031 0.0020671862324938071 -0.0014230150365550345 7.4657145587830041e-05 0.00069927862230119257 0.0015219582808028405 -0.00052025935886115457 -3.2678396033046975e-05 -0.00019476886584854266 8.1574664008186738e-06 0.00027544442451207226 -0.00078263478264319725 -0.00064009106181849712
leaf_weight=480 3552 47710 55 32729 75 300 50 672 772 89 311 53 455 68 2880 176 1920 1920 999 54 11032 1952 486 459 13982 288 378 108 324 432
leaf_count=480 3552 47710 55 32729 75 300 50 672 772 89 311 53 455 68 2880 176 1920 1920 999 54 11032 1952 486 459 13982 288 378 108 324 432
internal_value=6.13575e-05 4.0385e-05 -0.000167195 -0.000236532 -0.00416667 -0.00206667 -0.0116667 0.0018316 0.000122513 0.000342123 -0.00203125 -0.00714286 -0.00089172 -0.00232484 0.0004141 0.000958796 0.000355243 0.000240869 0.000330721 -4.2805e-05 0.000745443 0.00181146 0.00112496 -0.000737109 -0.000321298 0.00182971 -0.00287037 -0.0050823 -0.00690476 0.00102397
internal_weight=124761 121209 34361 33209 480 375 105 1152 86848 39138 1152 210 942 157 37986 631 37214 34334 32414 17054 15360 4328 3329 1377 14846 2208 864 486 378 918
internal_count=124761 121209 34361 33209 480 375 105 1152 86848 39138 1152 210 942 157 37986 631 37214 34334 32414 17054 15360 4328 3329 1377 14846 2208 864 486 378 918
is_linear=0
shrinkage=0.05


Tree=258
num_leaves=31
num_cat=0
split_feature=8 3 0 3 7 7 0 8 7 1 9 9 0 3 0 4 9 9 7 9 8 1 9 8 9 8 7 3 9 3
split_gain=0.724802 0.841341 1.1144 0.920455 0.869814 0.769799 0.826037 0.803514 0.831659 0.764969 1.73238 2.56236 2.19096 3.456 2.30035 1.61272 1.31402 3.37804 2.60708 2.11937 4.52802 5.92693 2.95502 2.40817 2.65699 2.44561 3.14014 3.39506 2.58096 2.451
threshold=40.550000000000004 0.01505151768384008 21.500000000000004 0.54219432480460406 30.512500000000006 28.812500000000004 85.500000000000014 40.95000000000001 40.88750000000001 1.5000000000000002 11.53671875 11.86328125 20.500000000000004 0.20180702842483325 10.500000000000002 0.99138911339924218 12.703645833333335 12.998697916666668 11.587500000000004 13.946875000000002 21.950000000000003 1.0000000180025095e-35 15.296614583333335 30.750000000000004 26.751302083333339 29.250000000000004 21.162500000000005 -0.83847110675477843 21.076822916666668 0.81925054981890411
decision_type=2 2 2 2 2 2 2 2 2 2 2 2 2 2 2 2 2 2 2 2 2 2 2 2 2 2 2 2 2 2
left_child=9 -2 3 -3 -5 -4 7 -7 -9 10 15 12 14 -14 -12 -1 -13 18 -18 -19 21 -21 -23 24 25 28 -27 -28 29 -22
right_child=1 2 5 4 -6 6 -8 8 -10 -11 11 16 13 -15 -16 -17 17 19 -20 20 23 22 -24 -25 -26 26 27 -29 -30 -31
leaf_value=0.00066375055643339671 -0.00074901657045691079 0.0044396108589784076 -0.00054588999782942925 0.00051571014121125521 -0.00034161288998674644 0.00091635420423263414 0.0019951675388520692 -0.00017215446514746405 0.00072496940966468683 1.4391445208707574e-05 -6.4334712704587239e-05 0.00013992630765693727 -0.00052030587684136101 7.5140989629722912e-05 -0.00029222397781847944 1.7632440133879646e-05 -5.5573684456991306e-05 0.00028700657816806071 -0.00093696257129705107 0.00012928673999755162 4.3768502964366951e-05 -0.00035536431938782364 0.00010083313536728459 -8.4752598898052086e-05 0.00073592924430466002 0.00023921023870554349 -0.0004564715510230956 2.9786057945164884e-05 0.00030713867299916523 -0.00013908587327875611
leaf_weight=480 96 396 94 317 79 362 332 1328 548 86848 55 1152 75 300 50 672 186 960 198 576 5088 864 192 17845 1156 258 542 448 2208 1056
leaf_count=480 96 396 94 317 79 362 332 1328 548 86848 55 1152 75 300 50 672 186 960 198 576 5088 864 192 17845 1156 258 542 448 2208 1056
internal_value=5.89529e-05 0.000762951 0.000891204 0.00253788 0.000833334 0.000401652 0.000564203 0.000218946 -0.000197228 3.83224e-05 -0.000161375 -0.000227498 -0.00385417 -0.00206667 -0.0102381 0.00174479 -0.00017431 -0.000234823 -0.00489583 -0.000177443 -0.000250885 -0.0028125 -0.00503788 -0.000104716 0.00048624 0.000213542 -0.00185096 -0.00313131 0.000522031 -4.88263e-06
internal_weight=124761 3552 3456 792 396 2664 2570 2238 1876 121209 34361 33209 480 375 105 1152 32729 31577 384 31193 30233 1632 1056 28601 10756 9600 1248 990 8352 6144
internal_count=124761 3552 3456 792 396 2664 2570 2238 1876 121209 34361 33209 480 375 105 1152 32729 31577 384 31193 30233 1632 1056 28601 10756 9600 1248 990 8352 6144
is_linear=0
shrinkage=0.05


Tree=259
num_leaves=31
num_cat=0
split_feature=11 3 0 8 8 4 0 7 4 9 11 3 11 8 8 7 11 1 3 7 3 7 9 9 8 0 4 8 3 0
split_gain=0.783355 1.30788 1.71429 1.44523 3.12417 2.1416 2.54051 1.88391 1.83681 1.46883 1.27214 2.93149 1.94436 1.31795 2.43992 3.99787 1.21681 1.44618 2.32481 1.65696 1.92311 2.22982 1.89647 1.73535 1.98586 3.10098 1.57097 1.89751 2.87515 2.06258
threshold=0.82629592353323422 -0.9731273977605811 13.500000000000002 31.050000000000004 31.150000000000002 -0.72694848937061807 22.500000000000004 30.012500000000006 -0.75013812021657655 28.118750000000006 0.88327974961520905 0.63920241694561786 0.88067321306757129 33.650000000000013 33.750000000000007 30.312500000000004 0.93155087118158786 3.5000000000000004 0.9893236546938301 33.412500000000016 0.21862473630160603 16.887500000000006 18.662239583333335 26.175000000000008 34.050000000000004 32.500000000000007 -0.8739740505118182 30.550000000000004 -0.41398024697495356 46.500000000000007
decision_type=2 2 2 2 2 2 2 2 2 2 2 2 2 2 2 2 2 2 2 2 2 2 2 2 2 2 2 2 2 2
left_child=1 2 -1 8 -5 6 -6 -8 -3 -9 11 12 13 -2 15 -15 17 18 19 20 -12 -22 -23 -24 25 -25 27 -19 29 -29
right_child=10 3 -4 4 5 -7 7 9 -10 -11 16 -13 -14 14 -16 -17 -18 26 -20 -21 21 22 23 24 -26 -27 -28 28 -30 -31
leaf_value=-0.00043785197159760175 0.0002297712473913956 0.00093765128088791412 -0.00017633882202794119 -0.00059175255462186609 0.00079634847377966752 0.00043731991482580027 -0.0014541648285145009 -0.0018283411951319402 -4.6002024831119512e-05 0.00018071684983785713 -8.2641216142907863e-05 -0.00025037291697624532 0.0010962957389634752 0.00043562673211728909 0.00010856951875586228 -0.0017311900960718116 1.219859420603529e-05 -0.0020321221472286949 0.0014830875601468767 0.00054131558236832674 0.00034745083909802112 -0.0010443891434740733 -5.5100979787051906e-06 -0.00051502333541860845 -0.00060124935652732837 -0.00061421328296597396 5.1132333160369563e-05 -0.0016963046780195071 0.00036624547990309324 -0.00021692631504917801
leaf_weight=98 3272 384 574 96 181 480 275 60 1152 249 4656 672 576 99 950 85 103188 96 192 390 113 53 314 66 615 115 5088 94 480 98
leaf_count=98 3272 384 574 96 181 480 275 60 1152 249 4656 672 576 99 950 85 103188 96 192 390 113 53 314 66 615 115 5088 94 480 98
internal_value=5.45445e-05 -0.000677655 -0.00266369 -0.000213764 -0.00141312 -0.000742972 -0.00238562 -0.00398973 0.000833334 -0.00131068 7.59828e-05 0.000808277 0.00122642 0.000869269 -0.000599647 -0.00586956 4.01532e-05 -0.000428456 -0.00094105 -0.00110566 -0.00131322 -0.00303292 -0.00368444 -0.00324324 -0.00448492 -0.0090884 0.000141735 -0.00196615 -0.00102679 -0.00619792
internal_weight=124761 3549 672 2877 1341 1245 765 584 1536 309 121212 5654 4982 4406 1134 184 115558 12370 6514 6322 5932 1276 1163 1110 796 181 5856 768 672 192
internal_count=124761 3549 672 2877 1341 1245 765 584 1536 309 121212 5654 4982 4406 1134 184 115558 12370 6514 6322 5932 1276 1163 1110 796 181 5856 768 672 192
is_linear=0
shrinkage=0.05


Tree=260
num_leaves=31
num_cat=0
split_feature=9 4 3 0 3 11 7 3 3 3 11 9 3 0 8 8 11 3 0 7 7 0 7 7 7 0 9 8 8 3
split_gain=0.724198 1.49284 2.48581 1.46949 1.376 1.64899 3.18659 3.15927 3.32942 2.04167 1.84395 3.32743 3.31375 2.37902 1.95018 2.62656 1.8473 1.8348 2.12353 1.81939 1.80448 1.69381 1.61356 1.57661 1.55644 1.92524 2.35363 2.10233 1.81142 2.33939
threshold=28.750260416666666 -0.96904977397942549 -0.18492532721306487 30.500000000000004 -0.048361574224334618 0.9247659649312403 34.862500000000004 -0.38242426011641079 -0.46038400545438724 -0.50556189049999822 1.0959530445469128 29.557031250000005 -0.26037633224328088 35.500000000000007 36.050000000000004 35.150000000000013 1.1016663470368233 -0.95500086777008153 44.500000000000007 31.512500000000006 28.737500000000004 87.500000000000014 33.312500000000007 32.312500000000007 28.037500000000005 27.500000000000004 29.661718750000002 36.650000000000013 34.050000000000004 0.39827038710620805
decision_type=2 2 2 2 2 2 2 2 2 2 2 2 2 2 2 2 2 2 2 2 2 2 2 2 2 2 2 2 2 2
left_child=1 2 3 -1 5 6 7 8 9 23 17 13 14 -12 15 16 -13 18 -7 -10 -9 22 -19 -2 25 28 27 -27 -6 -30
right_child=4 -3 -4 -5 24 10 -8 20 19 -11 11 12 -14 -15 -16 -17 -18 21 -20 -21 -22 -23 -24 -25 -26 26 -28 -29 29 -31
leaf_value=-0.00036049373895101098 -0.00029566457054476357 -1.7975129720986882e-07 -0.00012890922152878614 -0.0020196407201251761 0.0019021913555107588 0.00021839641333839312 -0.0020301892851381197 0.0019900948097988477 -0.001850255192068535 0.0012323525159682078 0.0017950222257347747 -0.0010538611546588761 0.0021388509193847722 4.455438900260221e-06 -0.0016666677104739853 0.00079131468835629015 -0.00062209591339047396 0.00025453764019165652 -0.0014257302619035087 9.7929432469786508e-05 7.5086519431567155e-05 0.0027621983899506486 0.0013921558979317409 -0.0010994850909106064 4.8406845500186381e-05 -0.0012020792843750135 -5.8370252771772099e-05 0.00015397427071001959 -0.00068108040351462062 7.8930430596435215e-06
leaf_weight=62 812 85448 1053 130 205 180 54 410 214 288 504 96 384 840 192 288 1056 8372 204 60 776 872 1200 52 16323 413 488 126 721 2938
leaf_count=62 812 85448 1053 130 205 180 54 410 214 288 504 96 384 840 192 288 1056 8372 204 60 776 872 1200 52 16323 413 488 126 721 2938
internal_value=5.17391e-05 -2.80874e-05 -0.00174699 -0.00697917 0.00023353 0.000570785 -0.000570142 -0.000321592 -0.00190743 -0.000729166 0.000785171 -0.000238095 -0.00152282 0.00168899 -0.00250613 -0.001875 -0.00294271 0.0011027 -0.00229167 -0.00686131 0.00158516 0.0012275 0.00103531 -0.00194444 -3.44111e-05 -0.000816806 -0.00274099 -0.00501855 -0.000305383 -0.000561629
internal_weight=124761 86693 1245 192 38068 16854 2666 2612 1426 1152 14188 3360 2016 1344 1632 1440 1152 10828 384 274 1186 10444 9572 864 21214 4891 1027 539 3864 3659
internal_count=124761 86693 1245 192 38068 16854 2666 2612 1426 1152 14188 3360 2016 1344 1632 1440 1152 10828 384 274 1186 10444 9572 864 21214 4891 1027 539 3864 3659
is_linear=0
shrinkage=0.05


Tree=261
num_leaves=31
num_cat=0
split_feature=4 0 0 0 0 11 3 9 10 9 3 10 4 8 3 9 11 11 9 11 10 3 4 8 10 9 11 9 7 1
split_gain=0.69572 2.11912 2.91017 3.37727 3.20712 3.16311 1.89336 1.78903 2.54905 1.83233 1.68851 1.98634 1.72387 1.65824 3.14659 2.28853 2.59615 2.07117 1.84606 1.63854 2.0768 2.88175 1.89586 1.6732 4.44522 2.91701 3.17252 4.64898 3.32875 3.15134
threshold=0.18281312110578132 24.500000000000004 52.500000000000007 65.500000000000014 86.500000000000014 1.1250574444522627 0.73865729060996177 29.732812500000005 1.0000000180025095e-35 25.580989583333338 0.72695311118111527 1.0000000180025095e-35 -0.99864786094873803 29.150000000000002 -0.82897401153126982 22.899479166666669 0.91839291567263814 0.9040579196039068 23.687239583333334 0.87438713147174518 1.0000000180025095e-35 0.51297097409535064 -0.039769286347669845 33.650000000000013 1.0000000180025095e-35 28.401041666666671 1.0809870857286303 28.521875000000005 27.487500000000004 5.5000000000000009
decision_type=2 2 2 2 2 2 2 2 2 2 2 2 2 2 2 2 2 2 2 2 2 2 2 2 2 2 2 2 2 2
left_child=1 19 6 7 -5 10 -3 8 -4 -10 11 12 -6 14 15 -2 -17 -15 -16 20 21 22 -1 24 -21 -26 27 -27 -29 -28
right_child=13 2 3 4 5 -7 -8 -9 9 -11 -12 -13 -14 17 18 16 -18 -19 -20 23 -22 -23 -24 -25 25 26 29 28 -30 -31
leaf_value=0.0020716722556799764 0.00094131399962474804 -0.0001529026448309933 -0.00020374796944321564 -8.8344411572236598e-05 -0.0023313195407867133 -0.00072595792238886315 4.4378965514365725e-05 0.00080809435041750825 -0.00024137708948187141 0.00049144471487783028 -4.5897864192659021e-05 0.00026266664015674347 0.0026564640047582596 -0.00048404034396442328 -2.6095033821344766e-06 0.0015304297144463676 -0.00010435521040919607 -6.4847354486033407e-05 -0.00040732016587361787 0.00076234360374812264 -0.00027571658673830748 -0.001267084528483271 -0.00048491945645249743 3.3607076970527064e-05 0.0001846270150848592 -0.001679282729578774 0.0010549010256311476 -0.00062292036471730942 0.0010937549572288226 -0.0036630538911152826
leaf_weight=450 864 15624 1703 15226 81 522 4732 3510 507 3731 1494 2564 1879 96 44154 480 768 8544 96 2433 989 100 100 8283 3706 75 575 1128 297 50
leaf_count=450 864 15624 1703 15226 81 522 4732 3510 507 3731 1494 2564 1879 96 44154 480 768 8544 96 2433 989 100 100 8283 3706 75 575 1128 297 50
internal_value=5.13383e-05 0.000156181 -7.46496e-06 0.000295833 -4.68619e-05 0.000879205 -0.000472588 0.00108507 0.000556304 0.00121284 0.00120306 0.00168435 0.00288265 -8.16332e-05 3.68838e-05 0.00192235 0.000552885 -0.000717592 -5.31072e-05 0.000620258 -0.000887736 0.00130769 0.00272727 0.000769626 0.00127299 0.000523924 -0.000952941 -0.0022 -0.0015614 0.00204
internal_weight=124761 69759 51573 31217 21766 6540 20356 9451 5941 4238 6018 4524 1960 55002 46362 2112 1248 8640 44250 18186 1639 650 550 16547 8264 5831 2125 1500 1425 625
internal_count=124761 69759 51573 31217 21766 6540 20356 9451 5941 4238 6018 4524 1960 55002 46362 2112 1248 8640 44250 18186 1639 650 550 16547 8264 5831 2125 1500 1425 625
is_linear=0
shrinkage=0.05


Tree=262
num_leaves=31
num_cat=0
split_feature=8 11 8 3 0 1 3 7 3 11 9 3 1 9 3 7 7 11 3 3 4 4 8 9 11 4 0 11 8 8
split_gain=0.724513 1.01601 0.747578 0.687276 1.60248 1.38436 0.848614 0.686357 1.66311 1.11541 1.27123 1.0235 1.13496 1.00162 1.46319 1.3612 1.18221 2.08224 0.958782 1.34557 0.904156 2.68091 5.69407 4.0112 3.56274 1.89195 1.85002 1.73533 2.86196 3.23545
threshold=41.150000000000013 1.0115081465964717 41.050000000000004 0.99983759474438971 80.500000000000014 3.5000000000000004 0.99939377080793557 38.01250000000001 0.62587949062545845 1.1178088744719634 31.538281250000004 0.77788564761185042 3.5000000000000004 34.42239583333334 0.06553689391773225 32.312500000000007 30.837500000000006 1.0357773587453021 0.16799745313369893 0.06553689391773225 -0.94426098523567992 -0.86548532668110156 35.350000000000001 27.564322916666672 1.1649345393363679 -0.67168186667784702 7.5000000000000009 0.97407968238158804 31.050000000000004 31.250000000000004
decision_type=2 2 2 2 2 2 2 2 2 2 2 2 2 2 2 2 2 2 2 2 2 2 2 2 2 2 2 2 2 2
left_child=2 -2 3 6 5 -5 7 13 18 10 -10 -12 -13 20 15 -15 17 -16 19 -9 -1 22 23 -22 26 27 -24 28 -23 -30
right_child=1 -3 -4 4 -6 -7 -8 8 9 -11 11 12 -14 14 16 -17 -18 -19 -20 -21 21 25 24 -25 -26 -27 -28 -29 29 -31
leaf_value=0.00013994355943226753 0.00084424314240253329 6.5497006864858088e-05 -0.0011063014584567058 -0.00023224608944216139 0.0004067235433322723 0.00074014952188291476 0.00021229864445713068 0.0017887664516641425 0.00040824705555936747 0.0011894838437630614 -0.0016271677909392426 -0.00058302128758652174 0.00045427865084342626 0.00058324518200668959 -0.0015117016157914574 -0.0016065749448443516 0.00021873774547658282 0.0015459569608155931 0.0019855674534508235 -0.00068196772578941046 -0.00062587980799336642 0.00059519861592084483 -0.0026717457820934799 0.00010376013016460907 0.00047956281382048816 -1.4066399415124881e-06 -0.0011673318067726896 0.00032993992973947135 -0.00054837010998899649 -0.00013675700141211925
leaf_weight=13401 672 2112 96 405 90 81 576 198 205 156 96 132 94 103 92 192 628 72 431 98 960 1252 96 5170 273 86242 1036 7126 96 2580
leaf_count=13401 672 2112 96 405 90 81 576 198 205 156 96 132 94 103 92 192 628 72 431 98 960 1252 96 5170 273 86242 1036 7126 96 2580
internal_value=5.37429e-05 0.000851293 3.55397e-05 3.90136e-05 -0.00168403 -0.00281893 4.71953e-05 3.80606e-05 0.00113475 -0.000636896 -0.00173624 -0.00369565 -0.00185841 2.5101e-05 -0.00148574 -0.00449153 -0.000366161 -0.00414634 0.00279917 0.000608108 3.89913e-05 -1.04452e-05 -0.000919044 -0.000261011 -0.00379004 5.99204e-05 -0.0050265 0.000675774 -0.000168024 -0.00109118
internal_weight=124761 2784 121977 121881 576 486 121305 120729 1410 683 527 322 226 119319 1087 295 792 164 727 296 118232 104831 7535 6130 1405 97296 1132 11054 3928 2676
internal_count=124761 2784 121977 121881 576 486 121305 120729 1410 683 527 322 226 119319 1087 295 792 164 727 296 118232 104831 7535 6130 1405 97296 1132 11054 3928 2676
is_linear=0
shrinkage=0.05


Tree=263
num_leaves=31
num_cat=0
split_feature=4 0 0 0 0 11 3 10 0 3 7 4 4 9 8 7 4 11 3 1 1 11 11 10 8 7 4 1 11 9
split_gain=0.688985 2.10497 2.55226 3.04981 2.72407 2.81009 1.96505 1.68176 3.03822 2.34667 2.07446 3.32281 2.18476 2.12544 1.96537 1.8785 1.85061 1.65572 1.63237 1.62821 1.61183 2.36296 5.2914 1.6077 6.20354 2.97957 3.09664 5.47338 2.62744 2.37777
threshold=0.18281312110578132 24.500000000000004 52.500000000000007 63.500000000000007 86.500000000000014 1.1250574444522627 0.99995780822346225 1.0000000180025095e-35 78.500000000000014 0.28519915169571858 28.812500000000004 0.089118976521498999 -0.30164489695395946 29.642968750000005 30.850000000000005 31.812500000000007 0.071972700440407641 0.83118285699629402 0.67802080537253961 3.5000000000000004 1.5000000000000002 1.0408832752351278 1.0959530445469128 1.0000000180025095e-35 35.050000000000004 29.212500000000006 -0.98521978256641018 2.5000000000000004 0.87438713147174518 28.401041666666671
decision_type=2 2 2 2 2 2 2 2 2 2 2 2 2 2 2 2 2 2 2 2 2 2 2 2 2 2 2 2 2 2
left_child=1 23 18 -4 6 -6 7 8 -5 17 11 13 -12 -9 -14 -16 -11 -10 -3 -17 21 -19 -23 24 -1 26 27 -26 -25 -30
right_child=-2 2 3 4 5 -7 -8 10 9 16 12 -13 14 -15 15 19 -18 20 -20 -21 -22 22 -24 28 25 -27 -28 -29 29 -31
leaf_value=0.00062957510256043383 -6.5344766955718494e-06 -0.00015420913883083812 0.00026696796604107689 -0.00028849305153126278 0.00033407101975737241 -0.00069124643998280113 -0.0007981951761955663 -0.00018143320692277039 -0.00059883660831307336 -0.00017783310765676769 0.00042924140271712876 0.00047607915756116823 -0.0026289169750126937 -0.0011066441496465835 0.00019009502522615812 -0.00098609588776665878 -0.00058514435829421375 0.0010201656123244272 3.4189555591411908e-05 0.00019625537586798574 0.0016734546216258632 -0.0043129790555699694 0.0010262321399555781 -0.00026186042540431588 0.0018301914376419857 0.00070449377290266238 -0.00017764785636572439 -0.002249165728823018 0.00014315674751678059 -4.9332600642171323e-05
leaf_weight=3683 55002 15176 7997 4545 6018 522 69 4112 56 928 4187 490 58 129 446 150 56 288 5180 79 976 55 56 989 78 1535 2227 89 4481 5104
leaf_count=3683 55002 15176 7997 4545 6018 522 69 4112 56 928 4187 490 58 129 446 150 56 288 5180 79 976 55 56 989 78 1535 2227 89 4481 5104
internal_value=5.61475e-05 0.000160481 -2.61746e-06 0.000281417 -8.61308e-06 0.000856269 -0.000347722 -0.000312744 -0.000905172 0.00052795 0.000114496 -0.000633058 0.000833334 -0.00108347 -0.00168486 -0.000925926 -0.00135163 0.00182041 -0.0004382 -0.00460699 0.00216364 -0.000513784 -0.00671171 0.000623007 0.00117709 -0.000204887 -0.00130744 -0.00787425 0.000224135 0.000477308
internal_weight=124761 69759 51573 31217 23220 6540 16680 16611 6960 2415 9651 4731 4920 4241 733 675 984 1431 20356 229 1375 399 111 18186 7612 3929 2394 167 10574 9585
internal_count=124761 69759 51573 31217 23220 6540 16680 16611 6960 2415 9651 4731 4920 4241 733 675 984 1431 20356 229 1375 399 111 18186 7612 3929 2394 167 10574 9585
is_linear=0
shrinkage=0.05


Tree=264
num_leaves=31
num_cat=0
split_feature=9 3 3 7 0 0 1 11 0 9 11 4 7 7 3 7 9 7 4 1 7 4 0 10 3 0 3 0 3 9
split_gain=0.831101 1.5772 1.82013 2.76322 1.94214 1.69745 1.52994 1.46925 1.78862 1.47007 1.5261 2.12231 1.92879 2.31722 3.13446 2.01046 1.71374 2.39017 2.49234 2.24981 2.50043 3.36748 1.88485 2.50114 1.44173 1.39458 1.37594 2.50811 1.72919 2.31567
threshold=28.750260416666666 0.89404822654372251 0.92273069556937592 27.487500000000004 25.500000000000004 90.500000000000014 1.5000000000000002 0.9621683328328906 8.5000000000000018 28.980208333333337 0.95301643267371083 -0.98521978256641018 30.187500000000004 27.487500000000004 0.082691702092476851 27.912500000000005 29.247135416666669 29.412500000000005 -0.98212955754013376 2.5000000000000004 25.437500000000004 -0.89787881968372518 63.500000000000007 1.0000000180025095e-35 0.91596454896554913 9.5000000000000018 -0.95500086777008153 70.500000000000014 -0.065535378769913874 28.980208333333337
decision_type=2 2 2 2 2 2 2 2 2 2 2 2 2 2 2 2 2 2 2 2 2 2 2 2 2 2 2 2 2 2
left_child=-1 5 3 4 6 7 -3 9 -9 -2 11 -11 13 -12 15 -15 -13 19 -19 20 -18 -22 -20 -24 -5 -23 27 -10 -28 -30
right_child=1 2 -4 24 -6 -7 -8 8 26 10 12 16 -14 14 -16 -17 17 18 22 -21 21 25 23 -25 -26 -27 28 -29 29 -31
leaf_value=-2.7901762286432548e-06 0.00095220647232880729 -0.0007157244712556101 -4.1971744498330378e-05 0.00031445374471956452 -0.0013123735339897391 0.0009782155937360002 -4.972851994625182e-05 0.00052631688889036808 -6.139907809619291e-05 0.00051398086571058312 4.7019981493022278e-05 -0.00060131685331408645 -0.0001905776415245027 -0.0017745678647110522 -0.0027708747888828961 -0.00039993104901684171 0.00033257287292478362 -0.0009413486089961603 0.0006541925142553957 -8.9010758407779709e-05 0.00056829422517816681 -0.0020416977605425299 -0.00077810335855414258 0.0019145804556089632 -0.0009956852869793685 -0.0013852980462671152 0.00023609193316030902 -0.0019431667541266594 -0.0014592475233941363 1.8158476421889263e-06
leaf_weight=86693 455 52 2016 229 79 1850 103 2636 248 1456 112 637 457 59 52 128 137 200 1364 880 123 71 511 187 113 226 10159 80 82 13366
leaf_count=86693 455 52 2016 229 79 1850 103 2636 248 1456 112 637 457 59 52 128 137 200 1364 880 123 71 511 187 113 226 10159 80 82 13366
internal_value=5.45445e-05 0.000249291 -0.000941358 -0.00342014 -0.00760684 0.000336284 -0.00435484 0.00025516 0.000425464 -0.000386251 -0.000575757 -0.000291782 -0.00261139 -0.00539886 -0.00817992 -0.00516043 -0.000846402 -0.000433901 0.000579134 -0.00202853 -0.00451526 -0.00642857 0.00109602 -0.00101719 -0.000555555 -0.00930976 0.000289325 -0.00292683 0.000334011 -3.79237e-05
internal_weight=124761 38068 2592 576 234 35476 155 33626 26571 7055 6600 5792 808 351 239 187 4336 3699 2262 1437 557 420 2062 698 342 297 23935 328 23607 13448
internal_count=124761 38068 2592 576 234 35476 155 33626 26571 7055 6600 5792 808 351 239 187 4336 3699 2262 1437 557 420 2062 698 342 297 23935 328 23607 13448
is_linear=0
shrinkage=0.05


Tree=265
num_leaves=31
num_cat=0
split_feature=3 0 1 3 11 11 3 11 11 0 1 7 11 0 7 10 3 5 8 11 7 8 11 8 0 3 8 7 11 9
split_gain=0.765845 1.36672 1.11276 0.765412 0.740228 1.32787 2.94824 1.80896 1.30319 1.28313 1.65321 2.00298 1.8778 2.6983 2.10433 1.987 1.7457 1.76415 2.28169 1.59715 1.56234 2.44463 1.53932 2.20059 1.59745 1.59348 1.41683 2.35331 1.46372 1.3263
threshold=0.99983759474438971 80.500000000000014 3.5000000000000004 0.99939377080793557 0.82629592353323422 0.88327974961520905 0.63920241694561786 0.88067321306757129 0.93155087118158786 24.500000000000004 1.5000000000000002 13.112500000000002 0.92180858479239347 71.500000000000014 28.237500000000004 1.0000000180025095e-35 0.26866988313759588 1.0000000180025095e-35 29.650000000000002 0.92180858479239347 26.712500000000006 30.850000000000005 0.9247659649312403 30.850000000000005 28.500000000000004 -0.41398024697495356 24.850000000000005 28.037500000000005 0.9131895820237399 23.494791666666671
decision_type=2 2 2 2 2 2 2 2 2 2 2 2 2 2 2 2 2 2 2 2 2 2 2 2 2 2 2 2 2 2
left_child=3 2 -2 4 -1 6 7 -6 9 -7 12 19 16 20 15 -15 17 -11 -19 -12 -14 -22 23 24 25 -13 -18 28 -28 -26
right_child=1 -3 -4 -5 5 8 -8 -9 -10 10 11 22 13 14 -16 -17 26 18 -20 -21 21 -23 -24 -25 29 -27 27 -29 -30 -31
leaf_value=-8.5952637121499743e-05 -0.00023449938004125139 0.0003698233239892222 0.00069405866279250133 0.00021241245859000347 0.00016572421772631388 3.3877461595523212e-05 -0.00024865399876263737 0.0010319384914293515 1.2271961195246487e-05 5.8193408883552935e-05 -6.364106988862952e-05 -0.00059919080894703586 0.00030135518451215491 0.00096474777877165953 -0.0018232778760562081 -0.00075731505694391675 0.0003128677766001706 0.00068464057420262894 -0.00048532939870899453 -0.0016176098335476043 -0.0010034051781187866 -7.2576578957530996e-05 0.00032358882772570724 0.00019146387791194362 -2.1970001141214837e-05 -0.00098772123324930051 -0.0011369441837168659 -0.00042857390434349399 -0.00083528968815184683 -0.00027487658580741355
leaf_weight=3549 405 90 81 576 4406 3200 672 576 102132 1420 210 92 101 59 69 77 71 71 71 91 76 243 1117 2059 1497 51 57 273 96 1273
leaf_count=3549 405 90 81 576 4406 3200 672 576 102132 1420 210 92 101 59 69 77 71 71 71 91 76 243 1117 2059 1497 51 57 273 96 1273
internal_value=4.81322e-05 -0.00177083 -0.00281893 5.6569e-05 4.80954e-05 6.91323e-05 0.000817121 0.00123645 3.21663e-05 -0.000454619 -0.00075821 -0.000320814 -0.00179955 -0.0042 -0.00890244 -0.00529412 -0.00107091 -0.00024968 -0.00556338 -0.00430233 -0.00190476 -0.00362069 -0.000123994 -0.000500804 -0.00138517 -0.00653846 -0.00365191 -0.00474178 -0.00970588 -0.00111913
internal_weight=124761 576 486 124185 123609 120060 5654 4982 114406 12274 9074 6390 2684 625 205 136 2059 1562 142 301 420 319 6089 4972 2913 143 497 426 153 2770
internal_count=124761 576 486 124185 123609 120060 5654 4982 114406 12274 9074 6390 2684 625 205 136 2059 1562 142 301 420 319 6089 4972 2913 143 497 426 153 2770
is_linear=0
shrinkage=0.05


Tree=266
num_leaves=31
num_cat=0
split_feature=8 7 11 3 5 8 7 11 11 10 7 7 7 0 11 3 11 8 8 7 3 9 7 3 7 7 0 4 0 7
split_gain=0.723785 0.860487 2.04101 1.15858 0.850621 0.747717 0.719453 0.665837 1.24163 5.1316 1.9392 1.90802 2.10392 1.80443 1.21332 2.61375 1.76803 1.51396 2.27331 3.42841 1.12503 1.89674 1.46954 1.07279 1.06171 2.13587 1.32741 1.00775 1.75075 1.00436
threshold=41.150000000000013 31.512500000000006 1.0733916311526115 0.61237135649459018 1.0000000180025095e-35 41.050000000000004 29.012500000000006 0.82629592353323422 0.80519389663381347 1.0000000180025095e-35 32.112500000000004 26.012500000000006 25.262500000000006 22.500000000000004 0.88327974961520905 0.63920241694561786 0.88067321306757129 33.650000000000013 33.750000000000007 30.312500000000004 -0.99697703579879204 26.058333333333337 22.812500000000004 -0.99166060804803513 21.912500000000005 26.012500000000006 65.500000000000014 -0.039769286347669845 30.500000000000004 32.01250000000001
decision_type=2 2 2 2 2 2 2 2 2 2 2 2 2 2 2 2 2 2 2 2 2 2 2 2 2 2 2 2 2 2
left_child=5 2 -2 6 -3 7 -4 8 -1 10 -10 12 13 -11 15 16 17 23 19 -19 21 22 -16 -9 -17 26 -26 28 -23 -29
right_child=1 4 3 -5 -6 -7 -8 14 9 11 -12 -13 -14 -15 20 24 -18 18 -20 -21 -22 27 -24 -25 25 -27 -28 29 -30 -31
leaf_value=1.3443658536127149e-05 0.0027206000625796447 -4.3478750660227982e-06 -0.00031991862047851393 -0.0010639305699951833 0.00072762848530971247 -0.0010433897199807636 0.0011325317378498634 -7.485524954572023e-05 0.00044183854258649316 6.7285108760407097e-05 -0.00089674663557421123 -0.00033336904550538285 -0.00070523916221399655 -0.0006709696025624151 -0.00057911212595041243 -2.9655508534908594e-05 0.00098034156685788401 0.0003557427375631214 7.4953417462177008e-05 -0.0016538887042641269 8.9938830044724233e-07 -0.0009156472914510585 -7.8770859030441462e-06 0.0003566421359196797 -0.0010809384276061909 3.9686857718726352e-05 -7.879759513901611e-06 0.0013572595766129904 0.0007905114958999611 -0.00076135627903822214
leaf_weight=2304 447 1846 52 103 195 96 141 384 592 74 80 301 63 135 60 413 576 99 854 85 111326 62 232 2888 84 123 52 893 130 71
leaf_count=2304 447 1846 52 103 195 96 141 384 592 74 80 301 63 135 60 413 576 99 854 85 111326 62 232 2888 84 123 52 893 130 71
internal_value=5.41437e-05 0.000851293 0.00230821 -0.000912162 0.000320921 3.59496e-05 0.00137306 3.94239e-05 -0.00063539 -0.00190763 0.00105655 -0.00538394 -0.00841912 -0.00600478 5.96628e-05 0.000780857 0.00118297 0.000835267 -0.000828516 -0.00586956 2.41192e-05 0.00140884 -0.00219178 0.00136308 -0.00214286 -0.00465251 -0.00897059 0.00231834 -0.000989583 0.00297718
internal_weight=124761 2784 743 296 2041 121977 193 121881 3549 1245 672 573 272 209 118332 5558 4886 4310 1038 184 112774 1448 292 3272 672 259 136 1156 192 964
internal_count=124761 2784 743 296 2041 121977 193 121881 3549 1245 672 573 272 209 118332 5558 4886 4310 1038 184 112774 1448 292 3272 672 259 136 1156 192 964
is_linear=0
shrinkage=0.05


Tree=267
num_leaves=31
num_cat=0
split_feature=4 9 4 7 8 0 0 0 9 0 10 0 11 0 1 11 7 3 8 9 7 11 9 11 4 4 11 4 4 11
split_gain=0.755831 2.55623 2.51835 2.33784 5.45339 1.8381 2.03268 4.57276 2.35459 2.34426 2.60133 3.25792 2.43817 2.3702 2.31821 2.10016 2.88018 1.84046 1.79738 3.50279 1.99446 1.7935 1.75349 2.794 3.38349 1.74255 2.14012 2.05629 1.69026 1.59347
threshold=-0.54219087765047058 26.413281250000001 -0.5129677127369543 25.712500000000006 33.750000000000007 9.5000000000000018 56.500000000000007 63.500000000000007 27.246614583333336 84.500000000000014 1.0000000180025095e-35 69.500000000000014 1.1250574444522627 79.500000000000014 1.0000000180025095e-35 1.0003514375846063 27.212500000000006 0.72695311118111527 29.950000000000003 27.186458333333334 23.837500000000006 0.95301643267371083 28.401041666666671 1.0408832752351278 -0.79382744783423187 -0.91249077947840473 1.09763366194496 -0.99465740988130902 -0.99864786094873803 0.90157409510273256
decision_type=2 2 2 2 2 2 2 2 2 2 2 2 2 2 2 2 2 2 2 2 2 2 2 2 2 2 2 2 2 2
left_child=1 -1 3 4 -2 -3 18 -8 14 10 13 -12 17 -10 -9 -16 -17 -11 -7 20 -20 -19 23 -13 -25 26 29 -28 -15 -24
right_child=2 5 -4 -5 -6 6 7 8 9 12 11 22 -14 28 15 16 -18 21 19 -21 -22 -23 25 24 -26 -27 27 -29 -30 -31
leaf_value=0.00090770866351613799 -0.001244463428348034 0.0003206012041170857 5.8171194806947704e-07 -0.00024477892173700348 0.00013604004877264576 0.00058284934058278428 0.0010625987781080063 0.0021700843151248265 -0.00040803789664043267 0.00091412496104825388 0.0016093300664722521 -0.00013477299341173771 -0.00084431197154701443 -0.0031081869737733408 -0.00018689637950167171 -0.00088796703808265544 -0.0014530389161355375 -0.00097032366860231038 0.00023915007110213811 -6.6269457679254696e-05 -0.00089999072805790306 0.00011527344189030661 -0.0019816029880154015 -0.001198213190046012 4.2319669569871877e-05 0.00048619065001458258 0.0010337935037068777 -0.0014975502377072144 0.00070112432997369769 0.0003103214182273641
leaf_weight=864 89 4504 79490 1153 102 846 3143 96 3311 3842 1315 630 484 50 320 225 63 99 66 19872 308 264 60 105 75 1236 90 255 979 825
leaf_count=864 89 4504 79490 1153 102 846 3143 96 3311 3842 1315 630 484 50 320 225 63 99 66 19872 308 264 60 105 75 1236 90 255 979 825
internal_value=5.69491e-05 0.000223894 -3.37727e-05 -0.00218006 -0.00730366 0.000169868 5.82226e-05 0.000457148 7.81906e-05 0.000223936 -0.000251371 0.000578306 0.00112924 -0.00112903 -0.00274148 -0.00388158 -0.00697917 0.00151605 -0.000272141 -0.000366492 -0.00516043 -0.00188705 -0.000265568 -0.00228395 -0.00777778 0.000397405 -0.000934959 -0.00427536 0.000966958 0.000367232
internal_weight=124761 43927 80834 1344 191 43063 38559 17467 14324 13620 8931 4591 4689 4340 704 608 288 4205 21092 20246 374 363 3276 810 180 2466 1230 345 1029 885
internal_count=124761 43927 80834 1344 191 43063 38559 17467 14324 13620 8931 4591 4689 4340 704 608 288 4205 21092 20246 374 363 3276 810 180 2466 1230 345 1029 885
is_linear=0
shrinkage=0.05


Tree=268
num_leaves=31
num_cat=0
split_feature=4 4 9 7 8 0 0 0 0 11 9 10 9 7 8 9 7 11 11 1 9 4 4 3 10 7 0 4 11 8
split_gain=0.782188 2.34957 2.12577 1.94592 4.75382 1.59317 1.99372 3.96645 2.17466 2.49673 1.9039 2.97089 3.29477 1.80638 1.76357 2.97104 1.79679 1.60636 1.61367 1.5943 1.56075 1.55336 3.29766 3.34091 1.47525 2.64224 2.40764 1.69118 1.57322 1.91493
threshold=-0.54219087765047058 -0.5129677127369543 26.413281250000001 25.712500000000006 33.750000000000007 9.5000000000000018 56.500000000000007 65.500000000000014 84.500000000000014 1.1250574444522627 29.525520833333335 1.0000000180025095e-35 27.717968750000001 26.887500000000006 29.950000000000003 27.186458333333334 23.837500000000006 0.9247659649312403 0.88598948399573263 1.0000000180025095e-35 29.259375000000002 -0.78324956448884031 -0.91939278948206182 -0.44504625642270151 1.0000000180025095e-35 28.812500000000004 78.500000000000014 -0.99864786094873803 1.0321746889846761 32.45000000000001
decision_type=2 2 2 2 2 2 2 2 2 2 2 2 2 2 2 2 2 2 2 2 2 2 2 2 2 2 2 2 2 2
left_child=2 3 -1 4 -2 17 14 10 24 13 11 12 -8 -10 -7 16 -16 18 -4 -20 -11 22 -21 -24 26 -26 28 -28 -9 -30
right_child=1 -3 5 -5 -6 6 7 8 9 20 -12 -13 -14 -15 15 -17 -18 -19 19 21 -22 -23 23 -25 25 -27 27 -29 29 -31
leaf_value=0.00086232323034033114 -0.0011822402569306315 5.526263506659357e-07 0.00037332929560499593 -0.00023253997565015239 0.00012923804633401293 0.00055370687355364527 -0.0016585108825194579 -0.00062015476191128801 -0.00015213027847849839 -0.0021583794514174041 0.0016330413286416087 0.0007827309087760436 -0.00022339942672603216 0.00087457980401989841 0.00022719256754703083 -6.2955984795292632e-05 -0.00085499119165500766 0.00046354735561165706 -0.0021375501309370982 0.0010668430213512257 -0.00024666269721107428 0.0017376477650274493 1.0707599306580607e-05 -0.0019730263446187161 -0.00029198767137394213 0.00035062914267279988 -0.0024656368402618603 0.00060812277769356059 -0.0015921056128026562 9.6778914106714897e-06
leaf_weight=864 89 79490 516 1153 102 846 54 1599 876 110 2259 1323 405 3560 66 19872 308 3558 120 100 385 100 50 60 1635 2915 60 1181 65 1040
leaf_count=864 89 79490 516 1153 102 846 54 1599 876 110 2259 1323 405 3560 66 19872 308 3558 120 100 385 100 50 60 1635 2915 60 1181 65 1040
internal_value=5.97544e-05 -3.25356e-05 0.000229586 -0.00210565 -0.0067801 0.000180317 7.63766e-05 0.000471461 5.80964e-05 0.000893328 0.00184484 0.000622896 -0.00284314 0.00126916 -0.000250806 -0.000344265 -0.00475936 0.00107016 -0.000761099 -0.00302326 -0.00247475 -0.00112903 -0.00357143 -0.00954545 -0.000426721 0.000186813 -0.00113435 0.000688961 -0.00197115 -0.000520362
internal_weight=124761 80834 43927 1344 191 43063 38559 17467 13426 4931 4041 1782 459 4436 21092 20246 374 4504 946 430 495 310 210 110 8495 4550 3945 1241 2704 1105
internal_count=124761 80834 43927 1344 191 43063 38559 17467 13426 4931 4041 1782 459 4436 21092 20246 374 4504 946 430 495 310 210 110 8495 4550 3945 1241 2704 1105
is_linear=0
shrinkage=0.05


Tree=269
num_leaves=31
num_cat=0
split_feature=4 4 9 7 8 9 8 8 7 3 0 0 0 7 10 3 0 10 9 4 9 3 0 11 9 3 3 11 10 3
split_gain=0.802103 2.18665 2.11789 2.00836 4.75382 1.50232 1.67379 6.74084 2.1417 1.72715 1.62537 3.99301 2.53696 1.97393 2.48817 1.86808 1.79556 1.75039 3.00606 2.27863 2.38641 2.20636 2.1226 1.72849 1.69736 3.04831 2.95403 1.67765 1.95348 2.67596
threshold=-0.54219087765047058 -0.5129677127369543 26.413281250000001 25.712500000000006 33.750000000000007 26.751302083333339 30.050000000000004 30.550000000000004 25.812500000000004 -0.42957681104363482 56.500000000000007 64.500000000000014 26.500000000000004 27.987500000000004 1.0000000180025095e-35 0.77244481603295057 84.500000000000014 1.0000000180025095e-35 28.153645833333339 -0.99628250747696534 30.591927083333339 -0.39826117949089107 43.500000000000007 1.1250574444522627 28.980208333333337 -0.56368474752277564 -0.66528616069191593 0.97407968238158804 1.0000000180025095e-35 -0.53493989022977317
decision_type=2 2 2 2 2 2 2 2 2 2 2 2 2 2 2 2 2 2 2 2 2 2 2 2 2 2 2 2 2 2
left_child=2 3 -1 4 -2 -4 -7 8 -8 -10 12 -12 27 14 -14 -16 -13 18 21 20 -19 -15 -20 -18 -24 26 -26 28 -9 -30
right_child=1 -3 5 -5 -6 6 7 10 9 -11 11 16 13 17 15 -17 23 19 22 -21 -22 -23 24 -25 25 -27 -28 -29 29 -31
leaf_value=0.00081920706882331333 -0.0011231282440840992 5.2499503313267187e-07 -0.00031359954628130287 -0.00022091297686764502 0.00012277614401731175 0.00052740989241321435 0.00055059881495489785 0.00030074020882921881 -0.00063487363621252959 -0.0016380777745630415 0.0011387544333658689 -5.228461644157847e-05 0.00044148879869320649 -0.00055265601750219468 -0.00056171376580945538 0.00082261906689013212 0.00060925238616300708 -0.0011776287699627609 -0.00039482403032768193 0.00015407512461347209 0.00020249470909143707 -0.0024507748648790427 0.00094129170950591704 -0.00078976323810911085 -8.3508935858604398e-05 5.3126280724763814e-05 -0.0013680801962107558 0.00032442552789162173 -0.00068040171836840097 -4.4657412219769966e-05
leaf_weight=864 89 79490 670 1153 102 1536 85 1948 175 220 3368 8384 307 79 725 53 4139 244 3090 5279 269 51 234 484 91 2143 65 7298 544 1582
leaf_count=864 89 79490 670 1153 102 1536 85 1948 175 220 3368 8384 307 79 725 53 4139 244 3090 5279 269 51 234 484 91 2143 65 7298 544 1582
internal_value=6.2159e-05 -3.12985e-05 0.000234139 -0.00203125 -0.0067801 0.000184962 0.000222089 0.000161172 -0.00572917 -0.00727848 0.000231196 0.000615267 -3.08306e-05 -0.000518606 -0.0025576 -0.0040617 0.00021796 -0.000326981 -0.000944724 0.000286602 -0.00289474 -0.00846154 -0.000770941 0.00100909 0.000302014 -0.000110918 -0.00685897 0.000510904 -0.000301914 -0.00134995
internal_weight=124761 80834 43927 1344 191 43063 42393 40857 480 395 40377 16375 24002 12630 1085 778 13007 11545 5753 5792 513 130 5623 4623 2533 2299 156 11372 4074 2126
internal_count=124761 80834 43927 1344 191 43063 42393 40857 480 395 40377 16375 24002 12630 1085 778 13007 11545 5753 5792 513 130 5623 4623 2533 2299 156 11372 4074 2126
is_linear=0
shrinkage=0.05


Tree=270
num_leaves=31
num_cat=0
split_feature=8 11 8 0 4 10 0 8 0 4 0 11 3 11 11 11 0 9 9 10 8 10 3 3 7 4 4 3 8 7
split_gain=0.846684 0.931632 0.749525 0.68064 1.27698 1.09721 0.835361 1.3983 1.28628 2.71337 2.47654 1.92324 1.66667 1.2468 1.34193 1.9102 1.19287 3.28244 3.052 3.56762 3.13142 2.82574 2.59579 2.26564 3.04891 2.03539 1.83028 1.46267 3.88587 2.43745
threshold=41.150000000000013 1.0115081465964717 41.050000000000004 94.500000000000014 0.99024581825578073 1.0000000180025095e-35 74.500000000000014 16.300000000000001 61.500000000000007 -0.9497838742125716 71.500000000000014 0.84498567688228199 -0.082689790342551819 1.1980087578716245 1.172278468731752 1.145836891908117 66.500000000000014 26.413281250000001 25.138020833333339 1.0000000180025095e-35 18.650000000000002 1.0000000180025095e-35 0.90162119223771331 0.534952257794027 14.912500000000003 -0.40613878790836594 -0.4755978891912595 -0.05695216311707673 21.650000000000002 28.187500000000004
decision_type=2 2 2 2 2 2 2 2 2 2 2 2 2 2 2 2 2 2 2 2 2 2 2 2 2 2 2 2 2 2
left_child=2 -2 3 6 5 -5 8 -8 13 10 11 -10 -12 14 15 -1 18 23 19 -11 -21 -20 -23 -18 -25 26 -19 28 -22 -30
right_child=1 -3 -4 4 -6 -7 7 -9 9 16 12 -13 -14 -15 -16 -17 17 25 21 20 27 22 -24 24 -26 -27 -28 -29 29 -31
leaf_value=5.2870779963241129e-06 0.00081790890931699345 6.6383561066054149e-05 -0.0010207418077831467 0.00013101559012363619 -0.00094980129747879313 -0.00030441965071947592 0.00083001156962927373 3.376834582976762e-05 -0.0030834476798618717 -4.2787223101595502e-05 -0.0011693678733581694 0.0013686911387910234 0.00018852262008111091 0.0006426264944764821 -0.00042186413387044851 0.0006556055918565917 0.00018592124592204222 -0.00021096653259305957 -0.00050450707065833396 0.00013843498241665242 -0.0012283716288724171 0.0010237855181399599 -0.0004959811367511017 -0.0006659071125930514 -4.8288393008456747e-05 -0.00058548086079730115 0.00065371568422910266 -0.00043044422102664299 -0.00050047352951860017 -0.00069473260982516431
leaf_weight=76511 672 2112 96 505 66 698 460 24902 70 1275 192 1375 240 744 434 1062 3520 2437 1095 280 70 1395 250 67 1661 1144 168 750 449 61
leaf_count=76511 672 2112 96 505 66 698 460 24902 70 1275 192 1375 240 744 434 1062 3520 2437 1095 280 70 1395 250 67 1661 1144 168 750 449 61
internal_value=6.09567e-05 0.000923132 4.12785e-05 4.4757e-05 -0.00110717 -0.000735661 5.68768e-05 0.000311884 -1.10234e-05 -0.000412449 0.0013772 0.00237024 -0.00194444 7.30786e-05 5.36492e-05 6.91608e-05 -0.000642183 -0.000285095 -0.00121333 -0.00234835 -0.00391304 -1.8248e-05 0.00129179 0.000522104 -0.000960648 -0.00141504 -0.000642994 -0.00492481 -0.00681034 -0.00529412
internal_weight=124761 2784 121977 121881 1269 1203 120612 25362 95250 16499 1877 1445 432 78751 78007 77573 14622 8997 5625 2885 1610 2740 1645 5248 1728 3749 2605 1330 580 510
internal_count=124761 2784 121977 121881 1269 1203 120612 25362 95250 16499 1877 1445 432 78751 78007 77573 14622 8997 5625 2885 1610 2740 1645 5248 1728 3749 2605 1330 580 510
is_linear=0
shrinkage=0.05


Tree=271
num_leaves=31
num_cat=0
split_feature=4 3 0 9 9 0 0 11 0 0 0 0 10 1 9 3 9 8 10 8 11 9 4 3 11 4 7 4 8 11
split_gain=0.681407 1.72222 1.60664 1.57907 2.65252 1.84718 1.82518 2.00379 1.49907 4.71359 3.19174 1.90717 2.00946 2.24061 1.74864 3.62003 3.48387 2.87634 2.6129 2.06501 1.48304 4.0262 2.58721 2.36254 1.46968 2.67796 1.42365 2.00621 4.13753 1.53645
threshold=-0.67168186667784702 -0.63921128368950708 88.500000000000014 27.984895833333336 27.969531250000006 30.500000000000004 74.500000000000014 0.93243445665923741 70.500000000000014 57.500000000000007 26.500000000000004 77.500000000000014 1.0000000180025095e-35 4.5000000000000009 28.439583333333335 -0.52032787705993211 28.080729166666668 33.550000000000004 1.0000000180025095e-35 29.950000000000003 1.0743282406005716 28.733593750000001 -0.91939278948206182 0.099822040462190967 0.95911488553154101 -0.98212955754013376 27.512500000000006 -0.91939278948206182 33.95000000000001 0.98846913179637863
decision_type=2 2 2 2 2 2 2 2 2 2 2 2 2 2 2 2 2 2 2 2 2 2 2 2 2 2 2 2 2 2
left_child=1 3 8 4 5 -1 7 -7 9 10 -3 12 13 -10 15 16 -12 19 -18 -17 -14 -22 23 -23 -15 -26 27 28 29 -4
right_child=-2 2 26 -5 -6 6 -8 -9 11 -11 14 -13 20 24 -16 17 18 -19 -20 -21 21 22 -24 -25 25 -27 -28 -29 -30 -31
leaf_value=0.00249866980446981 -1.6220244818512182e-06 0.00017042449841798968 0.00040154556760307858 0.00077942400467233546 -0.00044852138468004879 0.00049614878758279853 0.0016592998877540796 -0.00079009525735964292 -0.00053901271577248984 0.00066213644529382375 0.00041702759614905258 1.5068787859902249e-05 0.00017653650839898874 -0.0013709026598560734 -0.00011478548725327011 0.0006566360617112168 -0.00058805062435593838 -0.0021679613861943859 -0.0021498472285497775 -0.00041561701031482675 -0.0016490745584614858 -0.00010668981259010632 0.0017494654115633994 -0.0029344631665557805 -0.0014370547077358342 -0.00012533936190815676 0.0012914347305110949 0.00044129596345323854 -0.002323156843042011 -0.002089032310229806
leaf_weight=190 88032 9393 163 2691 96 132 126 132 798 4517 62 3800 874 98 8897 372 62 62 62 1271 77 112 161 63 70 175 1670 463 51 89
leaf_count=190 88032 9393 163 2691 96 132 126 132 798 4517 62 3800 874 98 8897 372 62 62 62 1271 77 112 161 63 70 175 1670 463 51 89
internal_value=5.85521e-05 0.000239457 0.000130688 0.0013172 -0.000843195 0.000431035 -0.00153846 -0.00390151 3.33055e-05 0.000208114 -0.000118676 -0.000659923 -0.00175453 -0.00328221 -0.000705413 -0.0020862 -0.00870968 -0.00136364 -0.0135484 -0.000964699 -0.000400155 -0.00286925 -0.000505952 -0.00471429 -0.00666181 -0.00459184 0.001367 -0.000417754 -0.00358086 -0.000952381
internal_weight=124761 36729 33362 3367 676 580 390 264 30926 24698 20181 6228 2428 1141 10788 1891 186 1705 124 1643 1287 413 336 175 343 245 2436 766 303 252
internal_count=124761 36729 33362 3367 676 580 390 264 30926 24698 20181 6228 2428 1141 10788 1891 186 1705 124 1643 1287 413 336 175 343 245 2436 766 303 252
is_linear=0
shrinkage=0.05


Tree=272
num_leaves=31
num_cat=0
split_feature=4 3 7 9 8 11 8 0 0 0 9 8 7 0 0 10 9 0 3 7 7 3 0 0 0 3 9 8 4 8
split_gain=0.665211 1.63284 1.57262 2.4431 2.03109 1.854 3.42628 1.54466 3.0896 1.49795 1.43221 2.06512 1.41571 1.82095 2.12862 1.69445 3.07225 3.16049 2.73252 2.94334 2.04392 1.73654 1.58207 1.52741 2.15779 1.76383 2.96161 2.00893 1.51786 2.9027
threshold=-0.67168186667784702 -0.63921128368950708 28.812500000000004 30.108333333333338 30.550000000000004 0.87438713147174518 31.950000000000003 33.500000000000007 72.500000000000014 88.500000000000014 29.259375000000002 32.850000000000001 38.01250000000001 26.500000000000004 40.500000000000007 1.0000000180025095e-35 28.369010416666672 76.500000000000014 -0.56368474752277564 30.512500000000006 27.387500000000006 -0.47558551945199218 56.500000000000007 71.500000000000014 57.500000000000007 -0.47558551945199218 28.439583333333335 31.150000000000002 -0.99628250747696534 34.350000000000001
decision_type=2 2 2 2 2 2 2 2 2 2 2 2 2 2 2 2 2 2 2 2 2 2 2 2 2 2 2 2 2 2
left_child=1 2 3 5 -4 6 -1 10 -9 12 -7 -12 13 -3 -15 16 17 -16 19 -18 -20 -22 -14 24 28 26 27 -26 29 -17
right_child=-2 9 4 -5 -6 7 -8 8 -10 -11 11 -13 22 14 15 23 18 -19 20 -21 21 -23 -24 -25 25 -27 -28 -29 -30 -31
leaf_value=-0.00081896877254470984 -1.5409232577592231e-06 0.00016190327349709089 -0.00056545506425145222 -0.0031671686680178023 0.0013390149856270634 0.0017901982406647303 0.00082181818490038589 -0.00095415583624273298 0.00040888355378629988 0.00053252777564235718 -0.00075649029090023908 0.00082616072561769553 4.4341138746296569e-06 -0.0002771438023084587 -0.0016374243198215576 -0.001455199839622826 0.00010384590098258867 0.0016384104108186641 -0.0023013016914880924 -0.0015564761230813572 0.0010628962646136103 -7.6963244639559764e-05 0.00098552295791266213 -0.00012061704599554465 -0.00022259031716707466 0.0013529931164352668 0.0018284102646831911 -0.0035010693445820329 0.00010128811455695738 0.00025339276321906045
leaf_weight=62 88032 9393 54 79 1457 568 67 143 510 2436 121 306 1019 4801 324 102 58 108 64 86 465 5120 912 3117 56 2095 252 56 2731 167
leaf_count=62 88032 9393 54 79 1457 568 67 143 510 2436 121 306 1019 4801 324 102 58 108 64 86 465 5120 912 3117 56 2095 252 56 2731 167
internal_value=5.93537e-05 0.000238095 0.0012875 0.0003125 0.00248511 0.000694992 -0.00507752 0.00114684 -0.000742726 0.000132187 0.00238693 0.000199063 3.81558e-05 -4.91462e-05 -0.000323436 -2.66872e-05 -0.000654618 -0.00472222 -0.000351286 -0.00715278 -0.000177907 -7.60965e-05 0.00134904 0.000429105 0.000933321 0.00203131 -0.00118132 -0.00794643 3.33335e-05 -0.00355019
internal_weight=124761 36729 3367 1856 1511 1777 129 1648 653 33362 995 427 30926 28995 19602 14801 6225 432 5793 144 5649 5585 1931 8576 5459 2459 364 112 3000 269
internal_count=124761 36729 3367 1856 1511 1777 129 1648 653 33362 995 427 30926 28995 19602 14801 6225 432 5793 144 5649 5585 1931 8576 5459 2459 364 112 3000 269
is_linear=0
shrinkage=0.05


Tree=273
num_leaves=31
num_cat=0
split_feature=4 3 7 8 9 11 8 0 0 9 8 9 9 8 7 9 11 1 3 8 0 9 3 9 8 7 7 3 0 8
split_gain=0.688036 1.7568 1.31809 2.10958 1.57917 1.70313 3.14953 1.47575 2.55867 1.30516 1.82551 1.29131 2.00475 3.02104 2.92543 6.69982 1.63756 3.0371 1.86932 1.76491 2.29853 1.64835 1.59516 1.37449 1.36628 3.99788 1.59507 2.76464 1.49321 1.4891
threshold=-0.67168186667784702 -0.63921128368950708 28.737500000000004 30.550000000000004 30.108333333333338 0.87438713147174518 31.950000000000003 33.500000000000007 43.500000000000007 29.259375000000002 32.850000000000001 26.413281250000001 28.401041666666671 31.550000000000004 30.912500000000005 28.330468750000005 0.7641759112864478 1.0000000180025095e-35 0.20180702842483325 29.950000000000003 82.500000000000014 27.246614583333336 -0.62588817255938378 26.751302083333339 30.550000000000004 25.812500000000004 29.212500000000006 -0.52032787705993211 54.500000000000007 31.050000000000004
decision_type=2 2 2 2 2 2 2 2 2 2 2 2 2 2 2 2 2 2 2 2 2 2 2 2 2 2 2 2 2 2
left_child=1 2 4 -4 5 6 -1 9 -9 -7 -11 -3 14 -14 16 -16 -13 -18 19 -19 24 -22 -15 -20 25 -21 29 28 -28 -26
right_child=-2 11 3 -5 -6 7 -8 8 -10 10 -12 12 13 22 15 -17 17 18 23 20 21 -23 -24 -25 26 -27 27 -29 -30 -31
leaf_value=-0.00077982625875752643 -1.4638770948707175e-06 0.001027846867012817 -0.0005535855488691745 0.0012848125500116083 -0.0030542592868781854 0.0016959931020684783 0.00077457884133659029 -0.00090923064816396761 1.9798848107938549e-05 -0.00071866577635522951 0.0007730120277259498 -0.00088127459115411885 0.0012249812470490262 -0.00066255446461053959 -0.00064923843881091014 -0.0035239686511472079 0.0013761611482001508 0.00014211880303386225 -0.00051762222090692949 0.0011355865267231749 -0.0012857364601992752 0.0010752158493171949 5.3057741559085056e-05 0.00026378890782478165 -0.00023592053278932278 -0.0015687920804033245 -0.0014393464285643535 0.00059838934392023545 -0.00046325765526889471 -0.00074123799425347876
leaf_weight=61 88032 480 59 1484 78 567 66 52 577 121 302 74 960 192 349 62 519 672 71 78 52 312 26546 899 531 254 50 402 68 791
leaf_count=61 88032 480 59 1484 78 567 66 52 577 121 302 74 960 192 349 62 519 672 71 78 52 312 26546 899 531 254 50 402 68 791
internal_value=6.17583e-05 0.000243541 0.00133205 0.00240765 0.000422149 0.000733104 -0.00484252 0.00117048 -0.00072337 0.00237374 0.000271868 0.000133685 9.61014e-05 0.000265001 -0.000806327 -0.00485401 -0.000457783 -0.000341562 -0.000789473 -0.00137072 -0.001974 0.0017033 0.000166056 0.00113402 -0.0025897 -0.00554217 -0.00205755 0.000288462 -0.00644068 -0.00298033
internal_weight=124761 36729 3367 1543 1824 1746 127 1619 629 990 423 33362 32882 27698 5184 411 4773 4699 4180 3210 2538 364 26738 970 2174 332 1842 520 118 1322
internal_count=124761 36729 3367 1543 1824 1746 127 1619 629 990 423 33362 32882 27698 5184 411 4773 4699 4180 3210 2538 364 26738 970 2174 332 1842 520 118 1322
is_linear=0
shrinkage=0.05


Tree=274
num_leaves=31
num_cat=0
split_feature=4 3 9 9 8 7 9 11 1 3 3 8 0 7 7 3 0 9 8 8 9 8 9 1 9 3 0 9 9 0
split_gain=0.660437 1.72222 1.29432 1.62543 2.7294 2.41217 4.31425 1.7277 2.55317 1.61128 1.58467 1.5384 1.91518 1.67411 1.46931 1.55217 1.44599 2.33728 1.45689 2.06832 2.00049 1.45386 2.75625 1.4232 1.37277 1.29569 1.46378 1.27136 2.11769 1.54171
threshold=-0.67168186667784702 -0.63921128368950708 26.413281250000001 28.401041666666671 31.550000000000004 30.787500000000005 28.330468750000005 0.7641759112864478 1.0000000180025095e-35 0.20180702842483325 -0.62588817255938378 29.950000000000003 83.500000000000014 26.537500000000005 29.212500000000006 -0.38242426011641079 23.500000000000004 28.277343750000004 31.350000000000005 30.750000000000004 27.564322916666672 31.050000000000004 27.969531250000006 3.5000000000000004 26.751302083333339 -0.39826117949089107 34.500000000000007 27.984895833333336 27.969531250000006 30.500000000000004
decision_type=2 2 2 2 2 2 2 2 2 2 2 2 2 2 2 2 2 2 2 2 2 2 2 2 2 2 2 2 2 2
left_child=1 27 -3 5 -5 7 -7 -4 -9 11 -6 -10 14 -14 16 23 17 21 19 20 -18 -13 -23 -16 -11 26 -20 28 29 -1
right_child=-2 2 3 4 10 6 -8 8 9 24 -12 12 13 -15 15 -17 18 -19 25 -21 -22 22 -24 -25 -26 -27 -28 -29 -30 -31
leaf_value=0.002199426747109658 -1.3906832401269148e-06 0.00097645452366217599 -0.00084092242379349912 0.0011637321846965757 -0.00062942674138001184 -0.00062038626475069121 -0.0032933180309036407 0.0012741534185619174 0.00013501286288216793 -0.00049174110986158171 5.0404854481132085e-05 -0.00012178056912168808 -0.00065617576260668315 0.0012494762957489 -0.0016553168658202681 0.0012875172712276024 -0.001036922118052854 0.0027180604022918027 -0.00072445534019909355 -5.0088721121958968e-06 0.00042904508420139355 -0.00096788484619801229 -0.00022057889228368154 3.8660707969104632e-05 0.00026035871846784791 -0.00065854925351736078 -0.0023439771816728947 0.00063894376217470041 -0.00044466257304311613 -0.00022184367217267602
leaf_weight=190 88032 480 73 960 192 397 67 515 672 71 26546 312 96 240 105 184 210 120 55 309 63 96 144 268 884 213 90 2691 96 390
leaf_count=190 88032 480 73 960 192 397 67 515 672 71 26546 312 96 240 105 184 210 120 55 309 63 96 144 268 884 213 90 2691 96 390
internal_value=6.13575e-05 0.000239457 0.000130688 9.30602e-05 0.000245144 -0.000719521 -0.00415948 -0.000381356 -0.000261459 -0.000675218 0.000151096 -0.00121656 -0.00178643 0.00172619 -0.00233057 -0.000116696 -0.00309553 -0.0013244 -0.0043617 -0.00281787 -0.00598901 -0.00269928 -0.005625 -0.00197051 0.00112565 -0.00687151 -0.0105172 0.0013172 -0.000621302 0.000517242
internal_weight=124761 36729 33362 32882 27698 5184 464 4720 4647 4132 26738 3177 2505 336 2169 557 1612 672 940 582 273 552 240 373 955 358 145 3367 676 580
internal_count=124761 36729 33362 32882 27698 5184 464 4720 4647 4132 26738 3177 2505 336 2169 557 1612 672 940 582 273 552 240 373 955 358 145 3367 676 580
is_linear=0
shrinkage=0.05


Tree=275
num_leaves=31
num_cat=0
split_feature=11 11 11 0 0 7 9 8 7 7 1 4 4 11 3 0 11 11 8 7 4 0 7 0 7 0 11 0 8 11
split_gain=0.623766 1.26191 1.5254 1.09008 1.3616 1.25228 1.79348 0.854291 1.48326 1.23145 0.792437 1.25395 2.10804 2.78588 2.57857 2.44577 1.77891 2.11651 1.7947 4.19485 2.20178 1.975 2.18522 4.14216 1.65925 1.62907 1.61008 1.57894 2.60727 1.82896
threshold=1.2099088115144543 1.172278468731752 1.1914487839091927 52.500000000000007 32.500000000000007 27.737500000000004 30.435416666666672 39.350000000000001 35.962500000000013 32.612500000000004 3.5000000000000004 -0.94426098523567992 -0.91939278948206182 1.0003514375846063 0.31799963745711152 41.500000000000007 1.0923437463937298 1.0764862315683601 37.45000000000001 29.312500000000004 -0.99628250747696534 77.500000000000014 32.112500000000004 43.500000000000007 37.01250000000001 33.500000000000007 1.0515743247573357 19.500000000000004 39.650000000000013 0.95301643267371083
decision_type=2 2 2 2 2 2 2 2 2 2 2 2 2 2 2 2 2 2 2 2 2 2 2 2 2 2 2 2 2 2
left_child=1 10 3 4 5 6 -3 -4 9 -9 11 16 13 -13 15 -15 17 18 -1 -20 21 22 -21 -24 -18 -19 -14 28 -22 -29
right_child=-2 2 7 -5 -6 -7 -8 8 -10 -11 -12 12 26 14 -16 -17 24 25 19 20 27 -23 23 -25 -26 -27 -28 29 -30 -31
leaf_value=0.00019871199929657319 0.00048335888551062243 0.00063963466528340945 0.00024728375192721689 -0.0012484312471173255 0.00084855469845938761 -0.0015844428799340182 -0.00085162149272830119 -0.00082134952196339858 0.00078224706078505908 -0.0024253270243672301 2.75243491456626e-05 0.0003647777732685089 -2.114233136252093e-05 -0.00037356409398287276 -0.00020116513455323856 -0.0014391809195116513 0.0019023180179140624 0.00072469361561675147 -0.0029135070410402052 0.003198954561665926 0.0041843440627299449 -0.0035367703116278904 -0.0017288053426706429 7.529363497927867e-05 -0.0014713832386763987 -0.00251769454700103 6.2610606684596995e-05 -0.00036062640061553024 -0.0017454127212143179 0.0016552671045123573
leaf_weight=5661 672 55 384 215 100 50 60 131 105 52 54005 672 47136 336 672 432 781 68 52 112 56 90 102 170 83 124 11719 73 72 521
leaf_count=5661 672 55 384 215 100 50 60 131 105 52 54005 672 47136 336 672 432 781 68 52 112 56 90 102 170 83 124 11719 73 72 521
internal_value=5.81514e-05 4.9924e-05 -0.00159722 -0.00375 -0.00160377 -0.00439394 -0.00152174 -5.95236e-05 -0.00211806 -0.00483607 6.53589e-05 -4.70027e-05 -0.000124083 -0.00167614 -0.00291667 -0.00489583 0.000543001 0.000282355 0.000426256 -0.00129006 -0.000685619 -0.00333333 -0.00177083 -0.00419118 0.00268519 -0.00489583 -6.83882e-05 0.00105263 -0.00398437 0.00213805
internal_weight=124761 124089 1152 480 265 165 115 672 288 183 122937 68932 60967 2112 1440 768 7965 7101 6909 1248 1196 474 384 272 864 192 58855 722 128 594
internal_count=124761 124089 1152 480 265 165 115 672 288 183 122937 68932 60967 2112 1440 768 7965 7101 6909 1248 1196 474 384 272 864 192 58855 722 128 594
is_linear=0
shrinkage=0.05


Tree=276
num_leaves=31
num_cat=0
split_feature=4 5 9 9 8 7 1 9 0 3 8 0 11 3 8 9 11 3 3 7 3 8 7 1 7 9 9 0 3 7
split_gain=0.721171 1.63369 1.34116 1.58606 2.53414 1.83361 2.74695 4.38749 1.69268 1.34116 2.56118 2.89153 2.4322 1.79477 5.31668 2.94511 1.57051 2.60208 2.07213 3.56297 2.01372 5.00011 1.93953 3.20218 2.22847 1.80561 1.60256 1.37251 3.79687 1.82294
threshold=-0.67168186667784702 1.0000000180025095e-35 26.413281250000001 28.401041666666671 31.550000000000004 30.587500000000006 2.5000000000000004 28.245572916666671 52.500000000000007 -0.46038400545438724 31.850000000000005 26.500000000000004 0.87092940175417699 -0.42957681104363482 35.150000000000013 29.150520833333335 1.1118361362686917 -0.048361574224334618 0.70290292807158605 28.412500000000005 -0.24372957273992746 37.250000000000007 28.112500000000004 3.5000000000000004 32.612500000000004 29.292447916666671 29.764843750000001 47.500000000000007 -0.44504625642270151 30.512500000000006
decision_type=2 2 2 2 2 2 2 2 2 2 2 2 2 2 2 2 2 2 2 2 2 2 2 2 2 2 2 2 2 2
left_child=1 2 -1 5 -5 -4 7 8 -7 10 11 -6 -12 14 15 -11 20 22 25 -20 21 26 23 -18 -24 -19 -15 28 -17 -29
right_child=-2 -3 3 4 9 6 -8 -9 -10 13 12 -13 -14 16 -16 27 17 18 19 -21 -22 -23 24 -25 -26 -27 -28 29 -30 -31
leaf_value=0.00092256357575299687 -1.4285346968211549e-06 0.00047194380251184425 -8.3150358693004323e-05 0.0011028338038335159 -0.0020771920520829368 -0.00091321479268857654 -0.0003268802791630979 -0.0030916337590187011 0.00042388575644383925 0.0015507012414300197 -0.0007573055813475286 -0.00020441133124268681 0.00060258997321703512 0.00026597409799945554 0.002678347042982671 -0.00080772084851307062 0.00034496066746484409 -0.0008619607799791204 -0.0022489118680741448 -9.9553867037998839e-05 2.6346688475019831e-05 -0.0012547111804023568 -6.9352351370537344e-05 -0.0023095287596940923 -0.0016493722090519963 0.0001114461858556778 0.001834154728419461 -0.0020333120993622929 -0.0017353417873601661 2.6418325991162521e-05
leaf_weight=576 88032 1536 5082 960 54 60 376 69 81 96 288 138 3843 960 192 96 74 96 63 137 16568 192 496 110 184 2592 1536 76 96 102
leaf_count=576 88032 1536 5082 960 54 60 376 69 81 96 288 138 3843 960 192 96 74 96 63 137 16568 192 496 110 184 2592 1536 76 96 102
internal_value=6.01552e-05 0.000246263 0.000176598 0.000136783 0.000286539 -0.000628087 -0.00327645 -0.00785714 -0.00280142 0.0001999 0.00100972 -0.00463542 0.00127209 5.19735e-05 -0.0025228 -0.00540773 0.000125609 -0.000810234 -9.00275e-05 -0.005 0.000307956 0.00157738 -0.00321759 -0.00777174 -0.00198529 0.000275298 0.00217548 -0.00743243 -0.0103646 -0.00426966
internal_weight=124761 36729 35193 34617 28949 5668 586 210 141 27989 4323 192 4131 23666 658 466 23008 3752 2888 200 19256 2688 864 184 680 2688 2496 370 192 178
internal_count=124761 36729 35193 34617 28949 5668 586 210 141 27989 4323 192 4131 23666 658 466 23008 3752 2888 200 19256 2688 864 184 680 2688 2496 370 192 178
is_linear=0
shrinkage=0.05


Tree=277
num_leaves=31
num_cat=0
split_feature=8 8 0 8 6 8 0 11 7 9 7 0 0 11 9 8 11 11 4 7 1 3 0 3 4 11 11 7 10 0
split_gain=0.641581 8.93737 3.90517 2.95346 3.03419 2.73477 2.38768 1.62247 1.51722 1.39454 1.22406 1.20359 3.01484 2.64953 1.76017 1.71652 2.23702 1.60573 1.61924 1.57021 2.96651 2.66905 2.54702 1.35193 1.30281 1.17341 2.7153 2.21082 2.41395 3.07314
threshold=25.650000000000002 25.550000000000004 28.500000000000004 25.350000000000005 1.0000000180025095e-35 26.150000000000002 88.500000000000014 0.99634139915423614 22.662500000000005 18.07057291666667 19.712500000000006 28.500000000000004 43.500000000000007 1.1265970327176902 9.2812500000000018 16.050000000000004 1.0561939355068173 0.92180858479239347 0.34033495509342487 15.412500000000003 3.5000000000000004 0.7090011537757156 13.500000000000002 0.9550229469509578 0.58307701883076835 1.0252745761999382 1.00251814764921 18.212500000000006 1.0000000180025095e-35 92.500000000000014
decision_type=2 2 2 2 2 2 2 2 2 2 2 2 2 2 2 2 2 2 2 2 2 2 2 2 2 2 2 2 2 2
left_child=1 3 -3 11 6 -2 7 -5 -9 -7 -4 17 13 15 -14 16 -13 24 -19 -20 -21 -22 -23 -17 -1 26 -16 28 -27 -30
right_child=5 2 10 4 -6 9 -8 8 -10 -11 -12 12 14 -15 25 23 -18 18 19 20 21 22 -24 -25 -26 27 -28 -29 29 -31
leaf_value=-0.00027791740536869811 0.00026422132992745859 -0.00061579593427762817 -5.4934052656019471e-05 -4.7905232492644565e-06 -0.00081140582639512558 -0.00030582928592830455 -0.00079637333848795822 -0.00011856051005042483 -0.0015006024726681463 1.2692648716727986e-05 -0.00066249448346060924 -0.0020068920938683958 0.00084333179485832272 -0.00092500527158229432 -3.423130459400245e-05 0.00060388460931280774 0.00030933649161010273 0.00045897498565948357 -2.8989255703489961e-05 4.161243386178643e-05 -0.00032198529888212727 0.00024556493478439603 -0.00079080762900437954 -0.0010809318432087943 0.00013195353444716583 -0.0001110600916395974 0.00016877877635031605 -0.00033099952226552641 0.00050762444908693661 -0.0010693736694441381
leaf_weight=87 1914 58 50 712 96 96 70 119 59 88479 84 90 624 60 8788 4755 195 174 8569 192 61 57 53 60 783 1693 3432 1349 1850 152
leaf_count=87 1914 58 50 712 96 96 70 119 59 88479 84 90 624 60 8788 4755 195 174 8569 192 61 57 53 60 783 1693 3432 1349 1850 152
internal_value=5.61475e-05 -0.000128093 -0.0108854 -6.74881e-05 -0.00267045 0.000125927 -0.00182292 -0.0011236 -0.00539326 8.55209e-05 -0.00619403 1.57463e-05 0.000214335 0.00127907 -9.27995e-05 0.00140196 -0.00236842 -0.000443063 -0.000639139 -0.000732199 -0.00395317 -0.00874269 -0.00409091 0.00162513 0.0016092 -0.000187094 7.77416e-05 -0.000828707 -0.000196211 0.000979021
internal_weight=124761 34272 192 34080 1056 90489 960 890 178 88575 134 33024 23048 5160 17888 5100 285 9976 9106 8932 363 171 110 4815 870 17264 12220 5044 3695 2002
internal_count=124761 34272 192 34080 1056 90489 960 890 178 88575 134 33024 23048 5160 17888 5100 285 9976 9106 8932 363 171 110 4815 870 17264 12220 5044 3695 2002
is_linear=0
shrinkage=0.05


Tree=278
num_leaves=31
num_cat=0
split_feature=11 11 11 0 0 1 7 4 4 11 11 0 11 11 0 7 0 0 0 4 3 8 0 4 7 9 11 9 3 11
split_gain=0.623766 0.734349 1.21133 1.22583 0.953585 1.10095 1.04762 0.730976 1.62615 1.6558 1.53173 1.89923 1.28964 1.18448 1.17408 2.11919 2.02802 3.15039 1.65795 1.49501 2.21254 2.21658 1.55964 1.39411 2.13571 1.41948 1.34635 2.35337 1.89949 2.06429
threshold=1.2099088115144543 1.172278468731752 1.1914487839091927 52.500000000000007 34.500000000000007 4.5000000000000009 27.287500000000005 -0.67168186667784702 -0.77243990499604276 1.1589671265514687 1.1589671265514687 57.500000000000007 1.0923437463937298 0.7641759112864478 84.500000000000014 27.112500000000004 71.500000000000014 57.500000000000007 24.500000000000004 -0.88220415136009767 0.3504237462291826 40.850000000000001 81.500000000000014 -0.95998493203694346 25.912500000000005 28.750260416666666 0.88327974961520905 29.327864583333341 -0.048361574224334618 0.90157409510273256
decision_type=2 2 2 2 2 2 2 2 2 2 2 2 2 2 2 2 2 2 2 2 2 2 2 2 2 2 2 2 2 2
left_child=1 7 3 4 5 6 -3 8 9 13 12 -12 -10 -1 16 23 17 18 -15 20 22 -22 -18 24 -16 -25 -20 -28 29 -29
right_child=-2 2 -4 -5 -6 -7 -8 -9 10 -11 11 -13 -14 14 15 -17 19 -19 26 -21 21 -23 -24 25 -26 -27 27 28 -30 -31
leaf_value=-0.00059990574317202042 0.00045298399950647217 0.00067293789033433715 1.3366860226630805e-05 -0.0011858866282675063 0.00084206285989617572 -0.00088478325474030154 -0.00070456028713256297 -1.3294998841641988e-06 0.00018890944082220563 0.0015006367547421803 0.00010483762856988708 -0.0024222602764997067 0.00085495242953060463 0.00011259716310145299 -0.0024776823862235038 0.00078565593852870431 -0.00041126153184146134 0.00057705774096749967 0.00011528014043712377 9.4523171331738134e-05 -0.0014442145928766522 6.003280723254176e-05 0.0002158107708317072 0.00027762484913727414 -0.00025287175244923015 -0.0026347181175598298 -0.00034701766299678841 -0.0018942846798763798 -0.00026043272010906071 0.0004114179534237157
leaf_weight=192 672 55 672 215 90 70 50 87840 4423 480 124 76 864 7539 57 2720 1985 4220 1254 1034 195 91 594 349 120 68 2673 66 3597 2376
leaf_count=192 672 55 672 215 90 70 50 87840 4423 480 124 76 864 7539 57 2720 1985 4220 1254 1034 195 91 594 349 120 68 2673 66 3597 2376
internal_value=5.81514e-05 4.9924e-05 -0.0012066 -0.003125 -0.000849056 -0.003 0.000238095 6.16985e-05 0.00025458 0.000108072 0.0010452 -0.00325 0.00120768 6.00757e-05 8.60462e-05 0.000971636 -2.84887e-05 0.000159954 -0.000135675 -0.00107848 -0.00166667 -0.00583916 -0.00120395 -0.00173401 -0.00545198 -0.000155875 -0.0005589 -0.000779385 -0.000232654 0.000843571
internal_weight=124761 124089 1152 480 265 175 105 122937 35097 29610 5487 200 5287 29130 28938 3314 25624 21725 17505 3899 2865 286 2579 594 177 417 9966 8712 6039 2442
internal_count=124761 124089 1152 480 265 175 105 122937 35097 29610 5487 200 5287 29130 28938 3314 25624 21725 17505 3899 2865 286 2579 594 177 417 9966 8712 6039 2442
is_linear=0
shrinkage=0.05


Tree=279
num_leaves=31
num_cat=0
split_feature=4 0 11 0 11 9 9 11 7 3 8 8 3 7 10 8 3 3 3 4 0 0 0 3 7 9 9 4 8 3
split_gain=0.715293 1.33768 1.64236 1.30798 1.61105 1.36464 1.52982 2.36793 3.89043 3.44392 2.02241 2.36253 1.88219 1.56264 2.73999 2.0045 2.66393 2.77844 2.25356 1.99565 1.73002 2.52201 3.29401 4.05614 2.50881 1.72096 1.89511 1.6522 1.67282 6.21217
threshold=-0.68432604233786842 88.500000000000014 1.1250574444522627 9.5000000000000018 0.9247659649312403 26.386197916666671 28.401041666666671 1.0003514375846063 30.837500000000006 -0.29343379936893921 32.45000000000001 32.550000000000004 -0.24372957273992746 29.912500000000005 1.0000000180025095e-35 33.250000000000007 -0.66528616069191593 -0.56368474752277564 -0.38242426011641079 -0.99864786094873803 79.500000000000014 66.500000000000014 48.500000000000007 -0.32614396506100213 35.362500000000004 34.42239583333334 34.857812500000001 -0.97874870457683594 34.650000000000013 -0.16799356919963607
decision_type=2 2 2 2 2 2 2 2 2 2 2 2 2 2 2 2 2 2 2 2 2 2 2 2 2 2 2 2 2 2
left_child=1 3 -3 4 -1 -5 7 -7 -9 -10 -8 12 -12 19 15 16 -15 -18 -17 -13 21 22 -20 24 -24 -22 -27 28 29 -16
right_child=-2 2 -4 5 -6 6 10 8 9 -11 11 13 -14 14 27 18 17 -19 20 -21 25 -23 23 -25 -26 26 -28 -29 -30 -31
leaf_value=-0.00030922968922625111 -1.2058669046491969e-06 0.00082037703944847287 -0.00088604132608220828 0.00087830599785044627 0.00048425878786852443 -1.8037707778234132e-06 0.00042483376782830062 -0.00033497247037594545 -0.0030122580899056297 -0.0014322364140385152 0.00068456219603272792 0.0016245889628338055 -0.0020778649980372913 0.0031267108690701804 -0.0035229641843265397 0.00081749348435944001 -0.0016015214229102724 -0.00028037566530645801 -0.0002390398362576324 -0.00018914905313835711 0.0020091906928888354 -0.00048634511613100608 -0.0006335853833291231 0.00060418290340152935 -0.0015248590333358173 -0.0033329687059859541 0.00035826781250255987 0.00067690696648554222 0.00059865197192438121 -4.112635157393791e-05
leaf_weight=798 88527 2345 301 395 2980 3397 3067 1495 57 107 79 265 150 96 85 588 78 203 3197 6375 566 1549 76 2194 50 90 252 3564 1053 782
leaf_count=798 88527 2345 301 395 2980 3397 3067 1495 57 107 79 265 150 96 85 588 78 203 3197 6375 566 1549 76 2194 50 90 252 3564 1053 782
internal_value=6.45636e-05 0.000251697 0.00133409 0.000166429 0.00104288 5.53507e-05 1.61484e-05 -0.000775316 -0.00232369 -0.00963415 0.000180426 7.51475e-06 -0.00504367 6.24319e-05 0.000354642 -0.000185144 -0.00375332 -0.00620996 -2.80306e-05 -0.000572289 -0.000248307 -0.000512312 -1.17816e-05 0.00142241 -0.00730159 0.00180617 -0.000994152 0.0012345 5.20835e-05 -0.00157439
internal_weight=124761 36234 2646 33588 3778 29810 29415 5056 1659 164 24359 21292 229 21063 14423 8939 377 281 8562 6640 7974 7066 5517 2320 126 908 342 5484 1920 867
internal_count=124761 36234 2646 33588 3778 29810 29415 5056 1659 164 24359 21292 229 21063 14423 8939 377 281 8562 6640 7974 7066 5517 2320 126 908 342 5484 1920 867
is_linear=0
shrinkage=0.05


Tree=280
num_leaves=31
num_cat=0
split_feature=4 9 5 9 8 7 1 9 11 3 4 6 0 3 8 8 3 8 0 3 8 0 3 0 7 3 11 0 0 7
split_gain=0.63244 1.18116 1.23037 1.40387 1.95873 1.66916 2.66666 4.59205 1.49929 2.55433 1.94781 1.73254 1.65866 1.48654 3.90037 1.78101 3.3131 1.65901 1.80625 2.32232 3.90625 4.06187 1.70858 2.5026 1.61873 1.58947 4.57748 1.44765 1.44643 2.63689
threshold=-0.68432604233786842 26.413281250000001 1.0000000180025095e-35 28.401041666666671 31.650000000000002 30.587500000000006 2.5000000000000004 28.245572916666671 0.96799695592670831 -0.49064630004295678 -0.83849291496497236 1.0000000180025095e-35 82.500000000000014 -0.32614396506100213 36.050000000000004 32.550000000000004 -0.24372957273992746 35.150000000000013 47.500000000000007 -0.41398024697495356 33.350000000000001 34.500000000000007 -0.36647417525074694 15.500000000000002 29.312500000000004 -0.065535378769913874 1.1178088744719634 52.500000000000007 53.500000000000007 30.237500000000004
decision_type=2 2 2 2 2 2 2 2 2 2 2 2 2 2 2 2 2 2 2 2 2 2 2 2 2 2 2 2 2 2
left_child=1 -1 3 5 -5 -3 7 27 10 11 -6 -10 -13 14 17 16 -15 18 19 20 21 -11 -21 -24 -22 26 -17 -7 29 -16
right_child=-2 2 -4 4 8 6 -8 -9 9 13 -12 12 -14 15 28 25 -18 -19 -20 22 24 -23 23 -25 -26 -27 -28 -29 -30 -31
leaf_value=0.00082479964528955375 -1.1455735594168654e-06 -7.6810185860247282e-05 0.00038658332399471059 0.0010043366502013255 -1.1376178471898909e-05 -0.00084948317451203541 -0.00022220819378901497 -0.0028017651395231022 0.0012696268863108401 0.001629204622633548 -0.00043790552326092541 1.4247242988927008e-05 -0.002473206852687974 0.00097385819279435185 -0.0017752585939812674 0.0011028156725624058 -0.0021127824113447548 0.0024278885464426199 0.00040656916067988977 0.0034030809431406686 -0.0017342244232345467 -0.00099623743282614176 -0.0033156015761974193 0.00056941299064766431 -0.00045388401704657394 3.4311298693240386e-05 -0.00073276839368127211 0.00037329414620236741 -0.0014890197179776672 0.00068678943350132505
leaf_weight=576 88527 5078 1440 1056 6386 60 376 69 2016 175 1152 332 52 96 82 2976 184 192 720 144 92 65 64 128 52 12000 384 81 126 80
leaf_count=576 88527 5078 1440 1056 6386 60 376 69 2016 175 1152 332 52 96 82 2976 184 192 720 144 92 65 64 128 52 12000 384 81 126 80
internal_value=6.0556e-05 0.000236518 0.000200236 0.000139985 0.000282623 -0.000579096 -0.0031058 -0.00761905 0.000201469 0.000428357 -0.00039931 0.00195833 -0.00111979 0.000219248 -0.00109375 0.000380435 -0.00357143 -0.000147059 -0.000729166 -0.0025 -0.00515625 -0.00125 0.000535714 -0.00255208 -0.0116667 0.000452474 0.00141369 -0.00244681 -0.00645833 -0.00333333
internal_weight=124761 36234 35658 34218 28554 5664 586 210 27498 19960 7538 2400 384 17560 1920 15640 280 1632 1440 720 384 240 336 192 144 15360 3360 141 288 162
internal_count=124761 36234 35658 34218 28554 5664 586 210 27498 19960 7538 2400 384 17560 1920 15640 280 1632 1440 720 384 240 336 192 144 15360 3360 141 288 162
is_linear=0
shrinkage=0.05


Tree=281
num_leaves=31
num_cat=0
split_feature=4 0 11 0 0 0 0 10 10 9 0 3 3 9 11 9 4 3 8 11 3 8 4 3 7 8 3 0 9 9
split_gain=0.665164 1.15549 2.34083 1.28758 3.03792 2.30245 2.29677 1.64723 1.3573 1.88854 1.74483 2.10283 2.45503 1.56435 1.64026 3.04427 2.91031 1.52205 2.1286 1.43509 1.39824 1.39792 1.3268 1.46066 1.35482 1.85982 1.62005 2.07885 2.42086 1.2393
threshold=-0.68432604233786842 87.500000000000014 1.1250574444522627 71.500000000000014 56.500000000000007 75.500000000000014 27.500000000000004 1.0000000180025095e-35 1.0000000180025095e-35 29.475000000000001 63.500000000000007 -0.32614396506100213 -0.38242426011641079 29.292447916666671 1.0003514375846063 28.439583333333335 -0.85674049181790024 0.43733377705052551 38.150000000000013 0.95911488553154101 0.16799745313369893 31.350000000000005 -0.79904327102181261 -0.065535378769913874 31.412500000000005 36.650000000000013 0.048362692321690152 83.500000000000014 34.42239583333334 31.397395833333338
decision_type=2 2 2 2 2 2 2 2 2 2 2 2 2 2 2 2 2 2 2 2 2 2 2 2 2 2 2 2 2 2
left_child=1 3 -3 4 6 7 -1 -5 10 13 11 12 21 14 -10 16 -16 19 -19 20 -12 -6 23 -7 25 -25 27 28 -26 -4
right_child=-2 2 29 5 8 22 -8 -9 9 -11 17 -13 -14 -15 15 -17 -18 18 -20 -21 -22 -23 -24 24 26 -27 -28 -29 -30 -31
leaf_value=0.00013779895709824523 -1.0882948814448041e-06 0.00076094528172463934 -0.0013901411674810051 -0.00068536503113477104 -0.00073555270908024981 0.00014822310207160402 -0.0001351776630028681 -9.7851805192852371e-05 0.0012199732789505318 0.0028548107014191339 -0.00012910344288331402 0.0011046400792567314 -0.0013856220588508959 -0.00092246255683648716 -0.00030527043906692557 0.0016568067864443431 -0.0020464466060481712 -0.0017379256427693974 -8.2771184383033863e-05 0.00056487999558493959 -0.0013381098993162474 0.0011640177218928038 0.0004210834234764439 -0.00051016600080481113 -0.001358417452983646 -0.0014913647246495351 0.00021754874712641165 0.0010095291823579411 -0.0023081073855947243 0.0012241620318020434
leaf_weight=10573 88527 2679 200 696 63 1827 10962 812 900 1387 296 889 56 120 195 375 75 88 240 704 64 210 912 748 74 93 743 53 56 144
leaf_count=10573 88527 2679 200 696 63 1827 10962 812 900 1387 296 889 56 120 195 375 75 88 240 704 64 210 912 748 74 93 743 53 56 144
internal_value=6.29606e-05 0.000243418 0.00117929 0.000158231 0.000304629 -0.000503824 3.36663e-05 -0.00219496 0.00133522 0.00205111 0.000498084 0.00188013 -0.00153495 0.000915916 0.00134304 -0.000581395 -0.00462963 -0.000711207 -0.00368902 0.000206767 -0.00236111 0.000421246 6.21396e-05 -0.000370061 -0.00139502 -0.0028478 -7.55938e-05 -0.00428962 -0.00769231 -0.00270349
internal_weight=124761 36234 3023 33211 27197 6014 21535 1508 5662 3052 2610 1218 329 1665 1545 645 270 1392 328 1064 360 273 4506 3594 1767 841 926 183 130 344
internal_count=124761 36234 3023 33211 27197 6014 21535 1508 5662 3052 2610 1218 329 1665 1545 645 270 1392 328 1064 360 273 4506 3594 1767 841 926 183 130 344
is_linear=0
shrinkage=0.05


Tree=282
num_leaves=31
num_cat=0
split_feature=4 9 9 8 11 11 8 7 11 0 8 0 9 1 0 11 3 8 7 3 0 3 8 0 11 0 7 11 7 11
split_gain=0.691335 0.993606 1.19326 1.5784 2.97266 2.72467 2.09333 3.50916 2.2618 2.26024 1.86522 1.61402 1.4734 1.40081 1.38335 2.33535 1.30958 1.24593 1.44946 2.50668 1.16491 2.19203 1.15647 1.14464 1.08351 1.0991 1.16186 2.72273 1.51837 2.40116
threshold=-0.68432604233786842 26.413281250000001 28.197656250000005 31.050000000000004 1.0864563662565241 0.87092940175417699 31.150000000000002 26.537500000000005 0.81964528947748405 16.500000000000004 30.750000000000004 58.500000000000007 27.246614583333336 4.5000000000000009 29.500000000000004 1.0171117260221278 -0.67803021058859214 29.550000000000004 25.712500000000006 -0.44504625642270151 72.500000000000014 -0.41398024697495356 31.750000000000004 63.500000000000007 0.83118285699629402 82.500000000000014 28.737500000000004 0.95475292542297063 26.287500000000005 0.85059732269882649
decision_type=2 2 2 2 2 2 2 2 2 2 2 2 2 2 2 2 2 2 2 2 2 2 2 2 2 2 2 2 2 2
left_child=1 -1 3 5 6 -3 7 -5 9 -8 14 -11 -12 23 17 20 -4 -7 -19 -20 -16 -22 -10 -9 -24 26 27 28 29 -26
right_child=-2 2 16 4 -6 10 8 13 22 11 12 -13 -14 -15 15 -17 -18 18 19 -21 21 -23 24 -25 25 -27 -28 -29 -30 -31
leaf_value=0.00078723360804449716 -1.0338801373730528e-06 0.00070910750805527011 0.00065414562938208504 -0.0015542495555603783 -0.001743264925774397 0.0017894908180024378 0.0010587339494335958 -0.0013022959337494417 0.0010205927047074841 -0.0013986970129390617 -0.00044725920681444316 -0.00040669700660149141 0.00063276152551306917 0.0014021532279233717 -0.00083582873681687948 0.00020251217054139358 5.0595449096508814e-05 0.00021855982686011454 0.00035845337677596959 -0.0013477965090032658 0.00054125303774642144 -0.0012192711982063609 0.00066249005835952181 0.00057673996593672844 -0.00099387664811087582 0.00096736998397969399 4.9108693172254728e-05 2.7041847855930254e-05 -0.0012028168674525447 4.4660333046585532e-05
leaf_weight=576 88527 672 1440 71 96 180 51 92 384 126 96 111 672 65 430 330 29130 138 64 68 138 92 192 60 67 130 352 248 81 82
leaf_count=576 88527 672 1440 71 96 180 51 92 384 126 96 111 672 65 430 330 29130 138 64 68 138 92 192 60 67 130 352 248 81 82
internal_value=6.49644e-05 0.000248938 0.00021566 -0.000493317 -0.00149909 0.000277778 -0.00110795 -0.00506944 -0.000482456 -0.00454861 -0.000570652 -0.00660338 0.00141927 -0.00191244 -0.00163194 -0.00267677 0.000333661 0.000666667 -0.00148148 -0.00522727 -0.00439394 -0.00152174 0.000279948 -0.00453947 -0.000512153 -0.00119792 -0.00186747 -0.0034728 -0.0073913 -0.00439597
internal_weight=124761 36234 35658 5088 2208 2880 2112 288 1824 288 2208 237 768 217 1440 990 30570 450 270 132 660 230 1536 152 1152 960 830 478 230 149
internal_count=124761 36234 35658 5088 2208 2880 2112 288 1824 288 2208 237 768 217 1440 990 30570 450 270 132 660 230 1536 152 1152 960 830 478 230 149
is_linear=0
shrinkage=0.05


Tree=283
num_leaves=31
num_cat=0
split_feature=4 7 3 11 5 10 0 0 0 0 10 9 11 8 8 0 1 4 7 9 7 4 11 11 8 0 8 0 7 4
split_gain=0.662213 0.976731 1.60041 4.35314 1.18512 1.68242 0.967688 1.17116 3.04345 2.21322 2.14979 1.78537 4.18374 1.5548 1.90139 1.49309 1.33188 1.8187 1.66007 1.88987 2.67896 1.86931 1.60204 2.3553 1.59295 1.58912 1.53336 4.94083 2.61526 1.28043
threshold=-0.68432604233786842 35.362500000000004 0.77244481603295057 0.9987604681581238 1.0000000180025095e-35 1.0000000180025095e-35 1.5000000000000002 56.500000000000007 68.500000000000014 78.500000000000014 1.0000000180025095e-35 28.553385416666671 1.0408832752351278 30.550000000000004 29.950000000000003 27.500000000000004 2.5000000000000004 -0.72102888505294738 29.812500000000004 32.692447916666673 36.51250000000001 -0.99761278905001471 1.1032809260710428 1.0743282406005716 31.650000000000002 36.500000000000007 34.750000000000007 48.500000000000007 37.01250000000001 -0.99864786094873803
decision_type=2 2 2 2 2 2 2 2 2 2 2 2 2 2 2 2 2 2 2 2 2 2 2 2 2 2 2 2 2 2
left_child=6 -2 3 -3 -4 -6 -1 15 13 10 -10 12 -12 14 -9 -8 17 22 -18 -20 21 -21 23 -17 -25 -26 27 -27 -28 -11
right_child=1 2 4 -5 5 -7 7 8 9 29 11 -13 -14 -15 -16 16 18 -19 19 20 -22 -23 -24 24 25 26 28 -29 -30 -31
leaf_value=0.00073370182776177385 9.4941509703476455e-07 0.0010285132801257286 -2.2955993930437228e-05 -0.0013022088935140978 0.0002463879345616764 -0.0016230316411957519 9.9748902684095476e-05 0.00011413659070910467 -0.00050556516492896331 -0.00081518984208661974 6.1265961706480829e-06 0.0004485572837128414 -0.0011713249970924566 0.00090100737224851977 -0.0015319955106985999 -0.00021795631570050499 -0.0003023361108905262 0.0011637286528532991 0.00025966359591714531 0.00076852180051281021 0.00012561580801855594 -0.0012410639733925859 0.00015252677062633965 0.00098462186490775715 -0.00027487564024097195 -0.0018809338488643768 6.9428377185448714e-05 -0.00022746960387777558 -0.0023399867868332887 0.00022860465138208961
leaf_weight=754 86976 63 1279 96 56 57 9819 180 1740 340 490 1416 120 4293 60 2871 1645 203 3519 125 741 466 783 58 171 120 124 80 56 6060
leaf_count=754 86976 63 1279 96 56 57 9819 180 1740 340 490 1416 120 4293 60 2871 1645 203 3519 125 741 466 783 58 171 120 124 80 56 6060
internal_value=6.33613e-05 -1.03356e-05 -0.00125403 -0.00600629 -0.000711207 -0.00561947 0.000243418 0.00020575 0.000547316 6.68898e-05 -0.000894848 0.000212241 -0.00204918 0.00162475 -0.00229167 -3.58499e-05 -0.000436964 -0.00110166 2.00125e-05 0.000485467 -0.00111862 -0.00362944 -0.00132184 -0.00178161 -0.00460591 -0.00543557 -0.00723684 -0.01025 -0.00388889 0.000632813
internal_weight=124761 88527 1551 159 1392 113 36234 35480 14699 10166 3766 2026 610 4533 240 20781 10962 4466 6496 4851 1332 591 4263 3480 609 551 380 200 180 6400
internal_count=124761 88527 1551 159 1392 113 36234 35480 14699 10166 3766 2026 610 4533 240 20781 10962 4466 6496 4851 1332 591 4263 3480 609 551 380 200 180 6400
is_linear=0
shrinkage=0.05


Tree=284
num_leaves=31
num_cat=0
split_feature=1 4 9 9 0 8 0 0 4 8 9 0 0 0 1 8 11 9 4 9 11 7 11 7 11 8 0 8 8 0
split_gain=0.658331 1.52777 2.1158 3.78678 4.31985 2.67781 1.87704 2.25402 2.24688 2.07169 1.79032 1.69866 2.17361 2.28009 2.23715 1.8871 1.94805 1.76026 1.63437 2.02832 1.4494 2.38709 2.28979 2.83988 2.26841 3.91878 2.89796 2.21945 1.72434 2.41722
threshold=1.5000000000000002 -0.20180761162458913 26.459114583333335 27.246614583333336 21.500000000000004 29.950000000000003 31.500000000000004 92.500000000000014 -0.19337245081799007 18.750000000000004 28.080729166666668 42.500000000000007 71.500000000000014 60.500000000000007 5.5000000000000009 16.050000000000004 1.0561939355068173 12.998697916666668 0.04621408538533487 25.580989583333338 1.0202540345051931 25.437500000000004 1.0541673969204923 38.462500000000013 0.99167509322876013 35.250000000000007 15.500000000000002 31.150000000000002 34.550000000000004 22.500000000000004
decision_type=2 2 2 2 2 2 2 2 2 2 2 2 2 2 2 2 2 2 2 2 2 2 2 2 2 2 2 2 2 2
left_child=-1 2 -2 4 -4 -5 8 11 -3 -9 -10 15 13 14 -13 16 -8 -17 19 -11 21 24 23 -22 27 26 -26 -7 -29 -30
right_child=1 6 3 5 -6 20 7 9 10 18 -12 12 -14 -15 -16 17 -18 -19 -20 -21 22 -23 -24 -25 25 -27 -28 28 29 -31
leaf_value=-1.320840005211622e-05 0.00058853606226001427 -0.00059834965298147334 0.00039270245634431616 0.0013684800791152736 -0.00057844574275816153 -0.00067795134628652299 -0.0019867126809965706 -0.00075392110724816072 -3.3469104610964003e-05 -0.00078850946877964993 0.00047242037216691982 -3.6717537291494303e-05 6.7863422986582037e-05 -0.00014479380973498961 0.00037888004726864061 0.0016615566352778924 7.5155921899311076e-05 0.00021182129071624307 -1.7058632812322998e-05 -0.00029733775573738305 0.000821104524487464 3.7423889473079586e-05 6.8772141832479638e-05 -0.00066184474673140206 -0.0002965443787036549 -1.4437384048024384e-05 -0.00089700529898584713 0.00029868585890794382 -7.4894693631044805e-05 -0.00094219434997994383
leaf_weight=35321 1920 64 394 768 1332 105 66 201 15880 54 384 7272 10707 5610 1908 814 88 4642 1143 129 3617 17749 13344 223 65 124 55 478 246 58
leaf_count=35321 1920 64 394 768 1332 105 66 201 15880 54 384 7272 10707 5610 1908 814 88 4642 1143 129 3617 17749 13344 223 65 124 55 478 246 58
internal_value=5.97544e-05 0.000131932 0.000359208 0.000278542 -0.00201043 0.000385806 -5.59616e-05 0.00016302 -0.00049363 -0.00171251 -0.000456837 0.000255087 8.17745e-05 -0.000311021 0.000174292 0.00104278 -0.00441558 0.00119685 -0.000995475 -0.00538251 0.000323592 2.11866e-05 0.000655843 0.00173177 -0.00220601 -0.00647541 -0.0129167 -0.00103157 -0.000115089 -0.00305921
internal_weight=124761 89440 40478 38558 1726 36832 48962 32634 16328 1527 16264 31107 25497 14790 9180 5610 154 5456 1326 183 36064 18880 17184 3840 1131 244 120 887 782 304
internal_count=124761 89440 40478 38558 1726 36832 48962 32634 16328 1527 16264 31107 25497 14790 9180 5610 154 5456 1326 183 36064 18880 17184 3840 1131 244 120 887 782 304
is_linear=0
shrinkage=0.05


Tree=285
num_leaves=31
num_cat=0
split_feature=1 4 9 9 0 8 4 9 0 8 9 10 3 5 3 3 9 11 11 9 8 9 9 11 9 0 9 3 9 4
split_gain=0.607032 1.36026 1.95988 3.27863 3.82446 2.48263 1.85374 2.40755 3.21796 2.56 1.84883 3.06741 1.76775 1.62991 1.49898 1.90017 1.90494 2.29167 1.89907 5.36441 1.50362 1.49268 1.76106 1.62558 1.46505 4.86612 1.96314 2.16667 1.44666 2.24485
threshold=1.5000000000000002 -0.20180761162458913 26.459114583333335 27.246614583333336 21.500000000000004 29.950000000000003 -0.16799793862756093 27.749479166666671 24.500000000000004 36.550000000000004 27.070312500000004 1.0000000180025095e-35 -0.9954993026558282 1.0000000180025095e-35 0.082691702092476851 0.7090011537757156 13.209375 0.9984557137694885 1.0377350583906739 11.341666666666669 17.850000000000005 18.07057291666667 19.351302083333337 0.98586352461366833 17.509895833333335 25.500000000000004 18.923437500000002 0.56369777965491019 26.541666666666668 -0.074115882986646633
decision_type=2 2 2 2 2 2 2 2 2 2 2 2 2 2 2 2 2 2 2 2 2 2 2 2 2 2 2 2 2 2
left_child=-1 2 -2 4 -4 -5 7 -3 9 -9 12 -12 28 14 -14 16 17 -16 20 -20 -19 -17 23 -23 -18 26 27 -26 29 -8
right_child=1 6 3 5 -6 -7 10 8 -10 -11 11 -13 13 -15 15 21 24 18 19 -21 -22 22 -24 -25 25 -27 -28 -29 -30 -31
leaf_value=-1.2547980049510364e-05 0.00055910925914701409 2.8887615860426095e-05 0.00037306733352710024 0.0013000560751595099 -0.0005495234556202529 6.1624004920372789e-05 -0.00073110235387746853 -0.00063292024802069711 -0.00056633314851815603 -0.00067150873383040044 -0.00015776715552901164 0.00068008124065902138 -3.6694628504225326e-05 0.00016398227189540218 -0.00014681550338097819 -0.00015123516207953656 0.00016560486069607043 -0.00025076376707548439 0.0013685644753509791 -0.00023877742398114503 0.00019346867953388665 0.00037564203777401876 -3.2276389357343649e-05 -4.6186067255456034e-06 -4.349658599910166e-06 0.00022596579440309637 1.5034174538437513e-05 -0.0002782644165336128 0.0015470706830486274 -0.00014994251998246886
leaf_weight=35321 1920 384 394 768 1332 36064 192 50 284 50 768 1728 20736 1824 1056 2016 4896 384 384 1056 2400 864 7002 864 52 560 52 104 100 1156
leaf_count=35321 1920 384 394 768 1332 36064 192 50 284 50 768 1728 20736 1824 1056 2016 4896 384 384 1056 2400 864 7002 864 52 560 52 104 100 1156
internal_value=5.81514e-05 0.00012746 0.000341914 0.000264277 -0.00186558 0.000364086 -4.98344e-05 -0.00248698 -0.00528646 -0.013 -1.0997e-05 0.0013141 -8.33733e-05 -2.71185e-05 -9.00389e-05 0.000200553 0.000664291 -1.89392e-05 0.000501894 -0.000972222 0.00126437 -0.000271729 1.14549e-05 0.00144097 0.0013012 -0.000729166 -0.00725962 -0.0100641 -0.00180249 -0.00223294
internal_weight=124761 89440 40478 38558 1726 36832 48962 768 384 100 48194 2496 45698 44250 42426 21690 10944 5280 4224 1440 2784 10746 8730 1728 5664 768 208 156 1448 1348
internal_count=124761 89440 40478 38558 1726 36832 48962 768 384 100 48194 2496 45698 44250 42426 21690 10944 5280 4224 1440 2784 10746 8730 1728 5664 768 208 156 1448 1348
is_linear=0
shrinkage=0.05


Tree=286
num_leaves=31
num_cat=0
split_feature=11 11 11 0 0 7 9 1 4 7 4 3 1 7 0 0 3 7 1 4 11 8 0 11 3 3 11 9 3 11
split_gain=0.56479 0.733878 1.34645 0.949211 0.892081 0.872833 1.1305 0.716518 1.14359 1.54273 1.52307 2.69213 2.46508 2.3048 1.59654 3.85469 1.5945 1.50363 1.37455 1.36564 2.17814 1.87567 1.81104 1.26726 2.23882 2.58556 1.87328 1.89399 1.58047 1.55724
threshold=1.2099088115144543 1.172278468731752 1.1914487839091927 52.500000000000007 32.500000000000007 27.737500000000004 30.435416666666672 3.5000000000000004 -0.94426098523567992 25.812500000000004 -0.98521978256641018 0.15101559051660998 2.5000000000000004 28.412500000000005 30.500000000000004 56.500000000000007 0.082691702092476851 32.01250000000001 1.0000000180025095e-35 -0.91939278948206182 1.0003514375846063 40.050000000000004 91.500000000000014 0.92262612894382223 -0.92274349529687905 0.9893236546938301 0.86172850934224976 30.435416666666672 -0.98046803196378884 0.89585628751987034
decision_type=2 2 2 2 2 2 2 2 2 2 2 2 2 2 2 2 2 2 2 2 2 2 2 2 2 2 2 2 2 2
left_child=1 7 3 4 5 6 -3 8 9 -1 11 12 14 16 17 18 -14 -11 -16 20 -10 22 -22 24 28 26 -26 29 -21 -28
right_child=-2 2 -4 -5 -6 -7 -8 -9 19 10 -12 -13 13 -15 15 -17 -18 -19 -20 23 21 -23 -24 -25 25 -27 27 -29 -30 -31
leaf_value=-0.00028428764419528954 0.00037887376558724123 0.00058923795336510425 1.1110997268399185e-05 -0.0011900088395864839 0.00072299262422568632 -0.0014496711133027197 -0.00070301553333530678 2.6769591985462035e-05 0.00033792688896950977 0.0012317073285964555 0.0004631687607658735 -0.0017052688838421022 -0.00053674389854103499 -0.0003121798685925502 2.7758232091337442e-05 0.00088286006381945413 -0.0019006916735228121 -0.00098828661475025776 -0.00091032496100223754 -4.2692313764806106e-05 -0.00072271070140408856 0.00049522999308728875 -0.0020243317104390326 1.6466734841614934e-06 -2.6411968890385066e-05 0.0013908959700738837 -0.00044062518971725492 -0.0014810872991508892 0.00088999212169696418 -0.00017050619695108387
leaf_weight=391 672 55 672 215 100 50 60 54005 672 777 3824 93 146 751 286 1117 59 53 468 1344 1196 192 52 51085 1920 192 776 96 960 2482
leaf_count=391 672 55 672 215 100 50 60 54005 672 777 3824 93 146 751 286 1117 59 53 468 1344 1196 192 52 51085 1920 192 776 96 960 2482
internal_value=5.73498e-05 4.95211e-05 -0.0012066 -0.00322917 -0.00122641 -0.00348485 -0.00108696 6.12917e-05 -4.5552e-05 0.000517891 0.000675997 -3.99998e-05 0.00017364 -0.00200837 0.000945946 0.000136291 -0.00670732 0.00277108 -0.00262599 -0.000119163 -0.00136837 -0.00246528 -0.00317308 -7.4335e-05 -0.00066924 -0.00122027 -0.00142776 -0.00214073 0.000638021 -0.00193677
internal_weight=124761 124089 1152 480 265 165 115 122937 68932 7965 7574 3750 3657 956 2701 1871 205 830 754 60967 2112 1440 1248 58855 7770 5466 5274 3354 2304 3258
internal_count=124761 124089 1152 480 265 165 115 122937 68932 7965 7574 3750 3657 956 2701 1871 205 830 754 60967 2112 1440 1248 58855 7770 5466 5274 3354 2304 3258
is_linear=0
shrinkage=0.05


Tree=287
num_leaves=31
num_cat=0
split_feature=3 3 4 8 8 9 7 8 10 0 0 10 11 4 11 9 9 11 8 7 8 3 8 7 0 0 1 9 11 11
split_gain=0.568683 0.909461 1.57963 1.36566 1.13544 0.945736 1.77042 1.94642 2.89284 2.31585 1.0441 3.37773 2.74557 1.64984 1.98367 1.24102 1.33639 1.23545 1.39126 1.50017 1.06631 2.1489 2.18168 5.15989 1.12846 1.50609 1.10839 1.05366 0.927808 1.22561
threshold=0.81925054981890411 0.94704596667653973 -0.25206183926700709 37.350000000000001 39.250000000000007 20.683593750000004 14.112500000000002 22.650000000000002 1.0000000180025095e-35 47.500000000000007 81.500000000000014 1.0000000180025095e-35 1.0707669999226173 0.029024409397335523 1.0369108369693101 26.058333333333337 27.258593750000003 1.1423394090148442 28.450000000000003 17.187500000000004 32.650000000000013 0.99983759474438971 32.550000000000004 20.187500000000004 23.500000000000004 27.500000000000004 1.5000000000000002 26.965885416666669 1.0837192966485236 1.0764862315683601
decision_type=2 2 2 2 2 2 2 2 2 2 2 2 2 2 2 2 2 2 2 2 2 2 2 2 2 2 2 2 2 2
left_child=-1 28 3 -3 5 6 -4 -8 9 -9 15 12 13 14 -12 17 27 20 -19 -20 21 22 26 -24 -22 -26 -7 -17 29 -2
right_child=1 2 4 -5 -6 10 7 8 -10 -11 11 -13 -14 -15 -16 16 -18 18 19 -21 24 -23 23 -25 25 -27 -28 -29 -30 -31
leaf_value=1.36689907160258e-05 -6.7046601313487076e-05 0.0008750252690038334 0.00031993449493309545 2.4814252474077394e-05 -0.00061908100345166729 0.00033537034530760118 0.00082623199334604504 -0.00034824624097695988 -0.00041047073400592014 0.00043355933907141762 0.0001950796314048909 0.00043355493618846145 0.00037658139363914479 -0.00044138453465936991 -0.0017104215709176967 -0.00011088463501903175 -1.9592861026781745e-05 0.00058603100773369063 -0.00031139199183132058 -0.00018479333409627223 0.0003966938975491969 -0.0002170716602305162 -0.00065779599805609315 7.5953384957223768e-05 -0.00054592886039143539 0.00029424519483761138 3.0089138325220614e-05 -0.00039409018602080633 0.00035798645765056981 -0.00043035335562043893
leaf_weight=104319 9024 576 109 480 288 574 96 150 413 192 98 826 126 98 70 492 1886 82 58 188 360 164 52 112 60 810 1968 328 474 288
leaf_count=104319 9024 576 109 480 288 574 96 150 413 192 98 826 126 98 70 492 1886 82 58 188 360 164 52 112 60 810 1968 328 474 288
internal_value=5.57468e-05 -0.000185402 0.000134197 0.0019697 -6.77081e-05 2.79211e-05 -0.00145833 -0.00222679 -0.00307947 0.000321638 0.000198755 0.00155172 -0.00227041 -0.00515038 -0.00214286 -3.22398e-05 -0.000875831 0.000483288 -0.00246951 -0.00434959 0.000719512 0.000191638 0.000528455 -0.00506098 0.00195122 0.000977012 0.000889064 -0.00256098 -0.000533415 -0.000643256
internal_weight=124761 20442 10656 1056 9600 9312 960 851 755 342 8352 1218 392 266 168 7134 2706 4428 328 246 4100 2870 2706 164 1230 870 2542 820 9786 9312
internal_count=124761 20442 10656 1056 9600 9312 960 851 755 342 8352 1218 392 266 168 7134 2706 4428 328 246 4100 2870 2706 164 1230 870 2542 820 9786 9312
is_linear=0
shrinkage=0.05


Tree=288
num_leaves=31
num_cat=0
split_feature=1 9 9 0 3 11 4 9 9 8 7 9 8 1 9 8 9 9 9 7 3 0 9 7 11 3 8 7 5 7
split_gain=0.572959 1.2914 2.21196 2.35287 3.21111 2.57143 1.47659 1.35068 2.98098 1.77778 2.39076 1.59946 3.96691 5.56183 2.66335 2.0265 1.74782 1.69138 2.77132 2.42733 1.98278 2.53601 1.57408 1.45458 1.35139 1.49535 2.09251 4.38857 1.5826 2.05459
threshold=1.5000000000000002 11.53671875 12.070312500000002 20.500000000000004 0.20180702842483325 1.0055162867907674 0.99138911339924218 12.703645833333335 12.786979166666667 19.950000000000003 11.587500000000004 13.946875000000002 21.950000000000003 1.0000000180025095e-35 15.296614583333335 30.750000000000004 26.751302083333339 24.258333333333336 21.076822916666668 28.237500000000004 0.81925054981890411 79.500000000000014 20.422916666666669 14.112500000000002 0.98706785893326654 0.73865729060996177 24.250000000000004 10.937500000000002 1.0000000180025095e-35 22.362500000000004
decision_type=2 2 2 2 2 2 2 2 2 2 2 2 2 2 2 2 2 2 2 2 2 2 2 2 2 2 2 2 2 2
left_child=1 6 3 5 -5 -3 -1 -4 9 10 -9 -10 13 -13 -15 16 17 18 20 -20 21 24 -23 -22 -14 26 -26 -28 -29 -30
right_child=-2 2 7 4 -6 -7 -8 8 11 -11 -12 12 15 14 -16 -17 -18 -19 19 -21 23 22 -24 -25 25 -27 27 28 29 -31
leaf_value=0.00063367719178864369 1.6224434179287161e-05 -3.9274261053017965e-05 0.00018683713225655328 -0.00049579179086096654 8.5121938748629477e-05 -0.00029701394495103007 1.2818220847375242e-05 -7.608521351642763e-05 0.00021320886343614934 7.0278240208890045e-05 -0.0013394720582084428 0.00012438136813657395 0.00019135885631532329 -0.00033791615338626642 0.00012197128539860503 -6.0927479198291604e-05 0.00058564289024660987 -0.00010334287533585065 0.00040503049748813122 -0.00037055398041331529 0.00016391398236688954 -0.00011921333853146463 -0.0004074184274291048 -0.00016538274302913323 0.00015028829170829987 0.00047678661123348926 -0.00029221722020720262 -9.2580975145951487e-06 -0.00017900360796337252 -0.0012038421675029409
leaf_weight=480 89440 63 1056 75 375 63 672 91 1056 96 101 576 1920 864 192 18805 1156 1440 1874 142 177 768 80 879 1040 320 83 728 99 50
leaf_count=480 89440 63 1056 75 375 63 672 91 1056 96 101 576 1920 864 192 18805 1156 1440 1874 142 177 768 80 879 1040 320 83 728 99 50
internal_value=5.17391e-05 -0.000118768 -0.000174281 -0.00324653 -0.00155556 -0.00928571 0.00152778 -0.000121603 -0.000178719 -0.00524306 -0.00802083 -0.000133492 -0.000198281 -0.00259804 -0.00475379 -6.5796e-05 0.000481592 0.000260417 0.000539216 0.00214782 1.13934e-05 0.000420598 -0.00207547 -0.00196023 0.000919811 0.000107759 -0.0004 -0.00208333 -0.00104333 -0.00573825
internal_weight=124761 35321 34169 576 450 126 1152 33593 32537 288 192 32249 31193 1632 1056 29561 10756 9600 8160 2016 6144 5088 848 1056 4240 2320 2000 960 877 149
internal_count=124761 35321 34169 576 450 126 1152 33593 32537 288 192 32249 31193 1632 1056 29561 10756 9600 8160 2016 6144 5088 848 1056 4240 2320 2000 960 877 149
is_linear=0
shrinkage=0.05


Tree=289
num_leaves=31
num_cat=0
split_feature=11 8 3 3 7 9 9 7 11 7 7 3 9 0 3 3 8 7 1 7 11 11 3 3 9 0 0 8 10 3
split_gain=0.5717 0.569086 1.02525 1.15817 1.34511 1.20429 0.915121 1.35469 1.64201 4.00738 1.73018 2.3727 1.07739 0.7513 1.15327 1.10498 0.94709 0.705333 0.631161 1.08159 1.86928 1.67118 1.39287 1.02747 9.3105 3.49125 3.06126 2.3542 2.19077 3.39251
threshold=1.2099088115144543 40.550000000000004 0.54219432480460406 0.01505151768384008 33.01250000000001 35.424479166666679 34.42239583333334 36.13750000000001 1.0492608630788383 33.612500000000004 31.012500000000006 0.082691702092476851 34.236197916666676 53.500000000000007 0.42179998225932674 0.46800856592688472 41.650000000000013 33.412500000000016 3.5000000000000004 37.01250000000001 1.1265970327176902 1.0916629031903622 0.88621069759564464 -0.34235669412071207 15.296614583333335 19.500000000000004 84.500000000000014 36.050000000000004 1.0000000180025095e-35 0.99374995976406788
decision_type=2 2 2 2 2 2 2 2 2 2 2 2 2 2 2 2 2 2 2 2 2 2 2 2 2 2 2 2 2 2
left_child=1 6 3 -3 -5 -6 12 8 10 -10 -8 17 18 15 16 -7 -15 -12 19 23 21 -21 -23 24 25 -1 -27 -26 -25 -30
right_child=-2 2 -4 4 5 13 7 -9 9 -11 11 -13 -14 14 -16 -17 -18 -19 -20 20 -22 22 -24 28 27 26 -28 -29 29 -31
leaf_value=-0.00033454741173899759 0.00035843540606311092 -0.00070256823697643781 -2.8650495393967701e-05 0.0022543246213489261 0.00081280569449137792 -2.724503737819262e-05 -0.0017282131715397977 0.00013853013071542759 0.0019831522229797134 -0.0017304677072594457 -0.0021133781470592744 0.00018206650796550393 0.0012873618553023809 0.0018151786847057498 0.0013865612895623313 -0.00067548090795997251 -0.00059419615553833467 -0.00077831974491474488 2.0818818996146349e-05 -0.00017918418163870233 0.001276175108226703 -0.0020687080493296322 -0.00075329264762474932 -2.6393249021644115e-05 -1.4829166411579618e-05 -0.00039115601231119799 -0.0010449928569487624 -0.0012913669547623334 8.9823303908299199e-05 -0.00018721901559114716
leaf_weight=100 672 96 1728 643 402 189 70 432 249 109 75 167 288 84 176 97 137 50 52661 614 126 63 69 16185 26497 325 55 277 20790 1335
leaf_count=100 672 96 1728 643 402 189 70 432 249 109 75 167 288 84 176 97 137 50 52661 614 126 63 69 16185 26497 325 55 277 20790 1335
internal_value=4.8533e-05 4.06565e-05 0.000664415 0.00149123 0.00178819 0.000714286 2.22755e-05 -0.00138021 -0.00270833 -0.000307262 -0.00508287 -0.00339041 3.58087e-05 -0.000563689 0.000843829 -0.00251748 -0.00156109 -0.0086 2.84224e-05 -7.4056e-05 -0.00182339 -0.0027748 -0.00787879 -5.07899e-05 -0.000285462 -0.0071875 -0.005 -0.000161724 0.000116158 0.000439548
internal_weight=124761 124089 3552 1824 1728 1085 120537 1152 720 358 362 292 119385 683 397 286 221 125 119097 66436 872 746 132 65564 27254 480 380 26774 38310 22125
internal_count=124761 124089 3552 1824 1728 1085 120537 1152 720 358 362 292 119385 683 397 286 221 125 119097 66436 872 746 132 65564 27254 480 380 26774 38310 22125
is_linear=0
shrinkage=0.05


Tree=290
num_leaves=31
num_cat=0
split_feature=0 10 8 11 11 7 11 3 0 4 8 11 0 4 0 9 3 9 8 11 7 11 9 8 3 9 0 3 8 3
split_gain=0.500751 0.811682 1.14885 0.804899 0.890141 0.801099 0.69763 0.617018 0.584352 1.24688 2.66667 2.55208 1.23161 1.72089 1.25776 4.74218 1.22466 3.30575 1.79896 1.24879 3.4888 1.22391 1.51473 1.78697 2.84058 2.34836 1.38312 1.56628 5.14455 2.79029
threshold=94.500000000000014 1.0000000180025095e-35 21.450000000000003 0.9247659649312403 0.88598948399573263 27.512500000000006 0.96359846643765257 -0.8821812062722818 74.500000000000014 -0.99864786094873803 38.350000000000001 1.0648799177802244 61.500000000000007 -0.99052477729077237 57.500000000000007 26.459114583333335 0.534952257794027 12.998697916666668 19.250000000000004 1.1649345393363679 32.712500000000013 1.1338093104982068 31.817708333333336 33.850000000000001 0.94704596667653973 29.525520833333335 91.500000000000014 -0.72696319516528884 34.050000000000004 -0.065535378769913874
decision_type=2 2 2 2 2 2 2 2 2 2 2 2 2 2 2 2 2 2 2 2 2 2 2 2 2 2 2 2 2 2
left_child=8 7 -3 4 -4 6 -5 -2 12 10 -10 -12 14 -14 -1 -16 19 18 -18 -15 -21 22 23 25 26 -11 27 28 -25 -29
right_child=1 2 3 5 -6 -7 -8 -9 9 21 11 -13 13 16 15 -17 17 -19 -20 20 -22 -23 -24 24 -26 -27 -28 29 -30 -31
leaf_value=4.2962756837738898e-06 0.0027598481618808933 -0.0009137667809631469 -0.00036622936541784191 0.00042087398428665391 -0.00091625421762988918 0.0014565678470897158 -0.0002864683165151496 -7.0109468397977164e-06 0.0015273454042885315 3.9102694553171554e-05 -0.0032593722064138473 -0.00074451162022067365 0.00085498732449938155 -2.0818513838488139e-05 -8.3372209926674853e-05 0.00092114603595575743 -0.00014313659185262575 -0.00010490387400409168 -0.00097436436622469014 -0.0028005438088510447 0.00027499875293327572 -0.00030713300765390075 0.00080487983378088731 -0.0075972496770678431 0.00028914877668210191 0.0013087385925132187 0.00035335983260227616 0.00065205733980781746 -0.00036280573358803608 -0.0005398862861195553
leaf_weight=75411 67 111 59 64 50 104 345 499 160 17855 80 160 754 10961 2648 2552 91 4836 78 69 100 1100 1840 50 860 1009 438 618 221 1571
leaf_count=75411 67 111 59 64 50 104 345 499 160 17855 80 160 754 10961 2648 2552 91 4836 78 69 100 1100 1840 50 860 1009 438 618 221 1571
internal_value=4.89337e-05 -0.000927636 -0.00202592 -0.00118971 -0.00509174 -0.000360624 -0.00135697 0.0004947 5.92087e-05 0.00027001 -0.0025 -0.00583333 3.07711e-06 -0.000385162 8.44179e-05 0.000836539 -0.000494267 -0.00114386 -0.00801775 -0.000202156 -0.00446746 0.000313356 0.000386722 0.000274512 -0.000721128 0.000472859 -0.00146998 -0.00193089 -0.0055166 -0.00148698
internal_weight=124761 1299 733 622 109 513 409 566 123462 25962 400 240 97500 16889 80611 5200 16135 5005 169 11130 169 25562 24462 22622 3758 18864 2898 2460 271 2189
internal_count=124761 1299 733 622 109 513 409 566 123462 25962 400 240 97500 16889 80611 5200 16135 5005 169 11130 169 25562 24462 22622 3758 18864 2898 2460 271 2189
is_linear=0
shrinkage=0.05


Tree=291
num_leaves=31
num_cat=0
split_feature=0 10 8 11 11 7 3 1 9 9 0 3 11 4 9 9 8 7 9 8 1 9 8 9 8 7 0 3 9 8
split_gain=0.579268 0.901923 0.879092 0.708483 0.890141 0.725926 0.617018 0.549966 1.21031 1.72785 1.49303 3.33153 1.55556 1.21303 1.20849 3.08406 1.47544 2.09372 1.36485 3.43175 4.94489 2.32222 1.74675 1.57853 1.83063 2.69498 2.7362 2.69124 1.84285 1.64084
threshold=94.500000000000014 1.0000000180025095e-35 21.450000000000003 0.9247659649312403 0.88598948399573263 27.512500000000006 -0.8821812062722818 1.5000000000000002 11.53671875 12.070312500000002 20.500000000000004 0.20180702842483325 1.0055162867907674 0.99138911339924218 12.703645833333335 12.786979166666667 19.950000000000003 11.587500000000004 13.946875000000002 21.950000000000003 1.0000000180025095e-35 15.296614583333335 30.750000000000004 26.751302083333339 29.250000000000004 21.162500000000005 19.500000000000004 -0.85671820900978868 21.076822916666668 23.550000000000004
decision_type=2 2 2 2 2 2 2 2 2 2 2 2 2 2 2 2 2 2 2 2 2 2 2 2 2 2 2 2 2 2
left_child=7 6 -3 4 -4 -5 -2 8 13 10 12 -12 -10 -1 -11 16 17 -16 -17 20 -20 -22 23 24 28 -26 -27 -28 29 -21
right_child=1 2 3 5 -6 -7 -8 -9 9 14 11 -13 -14 -15 15 18 -18 -19 19 22 21 -23 -24 -25 25 26 27 -29 -30 -31
leaf_value=0.00061226085276643071 0.0026218557537868482 -0.00086807844191498929 -0.00034791789714694901 -0.00014897050746654069 -0.00087044150674839597 0.0013837394547352312 -6.660399497807579e-06 1.6105257716982225e-05 -3.6205699333473106e-05 0.00017883304466512835 -0.00047082596624962303 8.9097117367881003e-05 -0.00028686922668308206 2.7883572404217494e-05 -8.0032202654735707e-05 0.00019886798658212413 4.8253406620117324e-05 -0.0012728210106502825 0.00012161518314239918 0.00015935294788943272 -0.00031486205018418776 0.00011078081662007308 -5.6016393200564245e-05 0.00055177034296349564 0.00019675497374716281 -0.0006461873494815612 -0.00040850990088848522 5.6742104050537385e-05 0.0002944940948127402 -3.7162094793563604e-05
leaf_weight=475 67 111 59 409 50 104 499 88509 63 1045 74 370 63 665 89 1045 95 101 570 1520 855 190 18609 1144 254 122 400 459 2185 4560
leaf_count=475 67 111 59 409 50 104 499 88509 63 1045 74 370 63 665 89 1045 95 101 570 1520 855 190 18609 1144 254 122 400 459 2185 4560
internal_value=4.57276e-05 -0.00100462 -0.00216235 -0.00143087 -0.00509174 -0.000653021 0.0004947 5.67788e-05 -0.000111149 -0.000165173 -0.00289474 -0.00153153 -0.00769841 0.00149123 -0.000118371 -0.000172681 -0.00535088 -0.00789474 -0.000126437 -0.000186601 -0.00243034 -0.00447368 -6.27284e-05 0.00044814 0.000236842 -0.0015587 -0.0027472 -0.00175204 0.000505142 5.7566e-05
internal_weight=124761 1299 733 622 109 513 566 123462 34953 33813 570 444 126 1140 33243 32198 285 190 31913 30868 1615 1045 29253 10644 9500 1235 981 859 8265 6080
internal_count=124761 1299 733 622 109 513 566 123462 34953 33813 570 444 126 1140 33243 32198 285 190 31913 30868 1615 1045 29253 10644 9500 1235 981 859 8265 6080
is_linear=0
shrinkage=0.05


Tree=292
num_leaves=31
num_cat=0
split_feature=0 9 9 7 10 4 7 0 0 8 7 10 4 8 8 11 3 9 9 0 9 11 11 0 9 10 3 7 11 0
split_gain=0.531646 0.976249 0.649258 1.18202 1.11702 1.02645 0.528593 1.28627 2.16997 1.27556 1.49638 1.60197 3.70298 2.21659 2.55775 2.81029 4.60367 1.54646 1.30379 1.08722 1.02052 0.872865 1.90829 0.797082 0.684632 2.86252 3.01886 3.41191 2.04599 7.41813
threshold=1.0000000180025095e-35 25.809114583333336 18.502083333333335 17.612500000000004 1.0000000180025095e-35 0.91852788691372023 7.8625000000000016 91.500000000000014 36.500000000000007 12.650000000000002 6.0125000000000011 1.0000000180025095e-35 0.99349222267034787 18.950000000000003 18.350000000000005 1.0287920195914502 -0.19337636264337835 11.86328125 12.200520833333334 18.500000000000004 7.2007812500000012 1.0337793342305288 1.0467188401820728 21.500000000000004 12.483854166666669 1.0000000180025095e-35 0.56369777965491019 16.412500000000005 0.98658784621230999 24.500000000000004
decision_type=2 2 2 2 2 2 2 2 2 2 2 2 2 2 2 2 2 2 2 2 2 2 2 2 2 2 2 2 2 2
left_child=1 2 4 -4 5 -1 7 8 9 -2 18 21 13 14 15 19 -17 -16 -11 -13 -8 -12 23 -23 25 -22 28 -28 29 -27
right_child=6 -3 3 -5 -6 -7 20 -9 -10 10 11 12 -14 -15 17 16 -18 -19 -20 -21 24 22 -24 -25 -26 26 27 -29 -30 -31
leaf_value=0.00021439278156687699 -0.00030949052227012037 0.00065651777028267262 -0.00020131025086003184 7.7138514379217462e-06 0.00030457730445855325 -0.0001386541308875336 0.0016211659273840631 -0.00081283697956808273 0.0015819654492834007 0.00025489877994569775 9.030803537408157e-05 -0.00039623059513518215 -0.00048878565553948353 0.00043829032648278453 -0.00048426411522670967 -0.00031566617065129364 0.00097965573617049876 -8.4703379274958667e-05 -0.00038312217787136044 -0.00014670995834728881 -5.4067641955062001e-05 -5.3946003018147257e-05 9.1923581594751722e-05 -0.001197930110216876 2.930409598860897e-06 -0.00023819278562338972 1.5170748979656389e-05 -0.0012950395875530522 0.00063454496656073273 0.00044422043210601172
leaf_weight=75 144 682 82 206 176 84 192 116 268 660 487 63 132 269 69 76 223 63 54 52 2701 61 250 51 113839 75 221 87 3029 274
leaf_count=75 144 682 82 206 176 84 192 116 268 660 487 63 132 269 69 76 223 63 54 52 2701 61 250 51 113839 75 221 87 3029 274
internal_value=4.97353e-05 0.00105364 -0.000377207 -0.00211806 0.0011194 -0.00191824 3.91234e-05 -0.000612245 -0.000407255 -0.000840241 -0.000577689 -0.00134744 -0.00276135 -0.00150307 -0.00333333 -0.00140097 0.00115385 -0.00939394 0.00135854 -0.00804348 5.55567e-05 0.000229682 -0.00162983 -0.00705357 4.97398e-05 0.000553468 0.00145958 -0.00327922 0.00189165 -0.00173352
internal_weight=124761 1305 623 288 335 159 123456 3038 2922 2654 2510 1796 947 815 546 414 299 132 714 115 120418 849 362 112 120226 6387 3686 308 3378 349
internal_count=124761 1305 623 288 335 159 123456 3038 2922 2654 2510 1796 947 815 546 414 299 132 714 115 120418 849 362 112 120226 6387 3686 308 3378 349
is_linear=0
shrinkage=0.05


Tree=293
num_leaves=31
num_cat=0
split_feature=9 0 1 10 0 0 0 0 4 9 0 9 9 3 3 8 0 7 0 8 7 9 8 8 10 0 11 0 8 3
split_gain=0.547939 0.924023 1.08889 0.981559 0.760905 0.621877 1.15714 0.687013 0.613362 1.07824 1.0964 0.843337 1.82381 1.79401 1.37574 1.28145 2.14533 1.0914 0.890684 0.844813 1.34112 2.75019 1.0855 1.50437 1.00329 1.58211 1.16476 1.23821 1.4569 0.923225
threshold=9.2812500000000018 44.500000000000007 5.5000000000000009 1.0000000180025095e-35 17.500000000000004 60.500000000000007 70.500000000000014 84.500000000000014 0.9863035000474919 17.649479166666669 82.500000000000014 12.569791666666669 13.370572916666669 -0.12546116083924153 -0.12546116083924153 18.450000000000003 26.500000000000004 11.962500000000004 77.500000000000014 15.350000000000003 8.4625000000000039 11.695833333333335 17.650000000000002 17.450000000000003 1.0000000180025095e-35 71.500000000000014 1.0115081465964717 42.500000000000007 17.650000000000002 -0.091260668982868151
decision_type=2 2 2 2 2 2 2 2 2 2 2 2 2 2 2 2 2 2 2 2 2 2 2 2 2 2 2 2 2 2
left_child=1 2 4 5 -1 -3 -7 -8 -2 11 -11 14 13 17 -10 16 -14 -13 19 -16 21 22 23 29 25 26 27 -22 -29 -21
right_child=8 3 -4 -5 -6 6 7 -9 9 10 -12 12 15 -15 18 -17 -18 -19 -20 20 24 -23 -24 -25 -26 -27 -28 28 -30 -31
leaf_value=3.0803182229625829e-05 8.7485782407614896e-06 0.00081949190599382108 0.00044675334092616559 0.0020997197666371864 -0.00033642904009961874 -0.001085040373810282 0.0007228055519604309 -0.00061654368210520023 0.00080554398014143983 0.00046684645537777947 -0.00018450890417544177 -0.00018448014515162932 0.00066785686772930734 -0.00020237135223228567 -0.0017576566839261683 -5.2231824576874117e-06 -0.0012141167240483867 -0.00063831095700642919 0.00033905254535509312 -0.00016162876784957269 0.00020793857932147172 -0.00040021826301825391 0.00031705669445417203 -0.00047745420054549361 0.00086664666146492222 -0.000273675568129666 0.00038444535461707233 -0.00072705807276467107 -2.3324965533318389e-06 0.00021065435880155298
leaf_weight=162 117177 80 135 357 243 50 70 55 288 332 52 99 54 768 78 2880 138 93 324 65 77 110 172 67 365 54 196 58 58 104
leaf_count=162 117177 80 135 357 243 50 70 55 288 332 52 99 54 768 78 2880 138 93 324 65 77 110 172 67 365 54 196 58 58 104
internal_value=5.17391e-05 0.00113715 -0.00037037 0.00246732 -0.00166667 9.80394e-05 -0.00157143 0.001 4.16234e-05 -0.000433768 0.00213542 -0.000596891 -0.00101438 -0.00291667 0.000238095 -0.000419922 -0.004375 -0.00723958 -0.000295139 -0.000840456 -0.000542986 -0.00252896 -0.000637255 -0.00283898 0.000730198 -0.000869074 0.000244216 -0.00251295 -0.00577586 -0.000325444
internal_weight=124761 1152 540 612 405 255 175 125 123609 6432 384 6048 4032 960 2016 3072 192 192 1728 1404 1326 518 408 236 808 443 389 193 116 169
internal_count=124761 1152 540 612 405 255 175 125 123609 6432 384 6048 4032 960 2016 3072 192 192 1728 1404 1326 518 408 236 808 443 389 193 116 169
is_linear=0
shrinkage=0.05


Tree=294
num_leaves=31
num_cat=0
split_feature=9 3 1 7 8 0 0 7 0 7 7 0 7 3 8 8 4 8 4 9 9 1 0 3 8 3 11 9 7 3
split_gain=0.600322 0.958449 1.25074 1.01646 1.54147 0.875 0.751118 0.63089 1.96648 0.694461 0.600109 0.608044 0.590577 2.00921 5.04582 1.45302 4.58829 1.8878 1.56362 1.54607 1.97849 2.68506 3.44089 4.24947 2.10059 1.68792 1.49717 1.44931 2.89571 4.88679
threshold=9.9703125000000004 -0.05695216311707673 5.5000000000000009 6.6625000000000014 12.650000000000002 71.500000000000014 60.500000000000007 10.462500000000004 32.500000000000007 14.312500000000002 5.0375000000000005 17.500000000000004 10.937500000000002 0.64579916509010216 24.050000000000004 17.150000000000002 0.98174098242282837 17.850000000000005 0.99981043035926087 11.084895833333334 12.247135416666669 4.5000000000000009 19.500000000000004 0.46800856592688472 18.650000000000002 0.31799963745711152 1.0348769204500241 12.483854166666669 13.512500000000001 0.534952257794027
decision_type=2 2 2 2 2 2 2 2 2 2 2 2 2 2 2 2 2 2 2 2 2 2 2 2 2 2 2 2 2 2
left_child=1 2 5 4 10 6 7 8 -1 -9 11 -3 13 14 15 16 -2 18 -17 -19 21 22 23 -21 -24 -23 -25 28 -14 -30
right_child=12 3 -4 -5 -6 -7 -8 9 -10 -11 -12 -13 27 -15 -16 17 -18 19 -20 20 -22 25 24 26 -26 -27 -28 -29 29 -31
leaf_value=-1.9770395521510938e-05 -0.00040892367940828159 -1.4998004425873804e-05 0.0034994733639678813 0.0015170955213760727 0.0005580567059312937 0.00039962529302970122 -0.0011684038428443043 0.00077815922432716053 -0.0020649245395392827 -0.00044352583332776644 0.00091062427373275832 -0.0009811931720334992 0.00060086641355530245 0.00024758445967679995 -0.00027709873196178354 0.00030150214320861558 0.00014490728988760012 0.00043490626886134951 -0.00011372430161731479 -9.7189787627326458e-05 -2.9001738914215722e-06 -0.00019605851097217496 0.00021334852933496833 -0.00023074177983558455 -0.00038435568967291526 0.00024796048256360423 -0.00043716457383540858 4.3891626168366959e-06 0.00011767271677844718 -0.00087053254053236933
leaf_weight=231 435 68 96 482 266 168 77 82 56 58 58 86 1221 393 72 632 363 216 218 260 3642 233 311 60 230 421 57 111868 2169 232
leaf_count=231 435 68 96 482 266 168 77 82 56 58 58 86 1221 393 72 632 363 216 218 260 3642 233 311 60 230 421 57 111868 2169 232
internal_value=5.25406e-05 0.000978009 -0.000338541 0.00203125 0.00039749 -0.00110119 -0.00214286 -0.00132318 -0.0026655 0.00142857 -0.00278302 -0.00441558 3.95424e-05 -0.000389102 -0.000580419 -0.000446454 -0.00245614 -0.000191083 0.002 -0.00053407 -0.000705792 -0.00218829 -0.00393246 -0.00759947 -0.00137708 0.000259939 -0.0155128 6.75385e-05 0.00105191 4.3732e-05
internal_weight=124761 1728 768 960 478 672 504 427 287 140 212 154 123033 7543 7150 7078 798 6280 850 5430 5214 1572 918 377 541 654 117 115490 3622 2401
internal_count=124761 1728 768 960 478 672 504 427 287 140 212 154 123033 7543 7150 7078 798 6280 850 5430 5214 1572 918 377 541 654 117 115490 3622 2401
is_linear=0
shrinkage=0.05


Tree=295
num_leaves=31
num_cat=0
split_feature=9 3 1 7 8 7 0 9 7 9 8 11 3 1 11 4 11 8 11 4 11 11 11 8 8 9 3 1 4 7
split_gain=0.672234 0.927112 1.06667 1.01669 0.62717 0.952778 0.545496 2.18436 1.37626 1.20967 1.49952 1.11694 1.01847 0.879041 1.81638 2.75223 1.82765 1.19473 5.04901 1.54516 1.0876 1.30985 2.28636 4.36485 2.0915 1.34391 2.64801 1.55571 2.22891 3.10937
threshold=9.9703125000000004 -0.03977009085991149 5.5000000000000009 14.312500000000002 12.650000000000002 5.0375000000000005 9.5000000000000018 10.334114583333335 27.212500000000006 29.247135416666669 32.650000000000013 0.73745831416842689 -0.99940763397299126 4.5000000000000009 0.89132369463318661 -0.88220415136009767 0.96524820720628701 33.750000000000007 1.0751037620239305 0.17435360825960186 0.88327974961520905 0.96981127944480272 0.96583382572368259 32.250000000000007 24.850000000000005 27.508854166666669 0.83849049182116964 2.5000000000000004 0.089118976521498999 19.112500000000004
decision_type=2 2 2 2 2 2 2 2 2 2 2 2 2 2 2 2 2 2 2 2 2 2 2 2 2 2 2 2 2 2
left_child=1 2 3 -1 5 -3 7 -2 11 -10 -11 -9 -13 20 15 -15 -16 19 -19 -18 -14 22 25 24 -24 27 -27 -22 -29 -30
right_child=6 4 -4 -5 -6 -7 -8 8 9 10 -12 12 13 14 16 -17 17 18 -20 -21 21 -23 23 -25 -26 26 -28 28 29 -31
leaf_value=3.9631443085778633e-06 -0.00021475021702530573 -0.00024315951290614698 0.003324499695769487 -0.00086773011463284156 0.0014084134645244994 0.00097434063491759308 9.2707177775925534e-07 -0.0012104359311675521 0.0020762677306027026 -0.0018264358105536669 0.00046724980574557962 -0.00014039130843360124 0.00031492406730233906 -0.0015681851263876726 0.00041141353132901075 4.4758154366502402e-06 0.000831216783695404 0.00016646708828910381 -0.00070448301842791219 7.7320676310873046e-06 0.00015202069865289785 1.1015289892903919e-05 -7.3442815096371806e-05 0.0014788253021771928 -0.00077587623720185212 -0.00026858242038861477 -0.0012375569912283892 0.0016409522527048633 -1.2800691247946613e-05 -0.00032350847797084359
leaf_weight=787 60 120 96 77 480 168 110191 60 451 114 2011 116 471 70 589 234 512 297 90 1260 630 4718 60 93 102 433 51 110 205 105
leaf_count=787 60 120 96 77 480 168 110191 60 451 114 2011 116 471 70 589 234 512 297 90 1260 630 4718 60 93 102 433 51 110 205 105
internal_value=5.65483e-05 0.00103588 1.86265e-10 -0.000555555 0.00233073 0.000486111 4.27936e-05 0.000351192 0.000395869 0.00142857 0.000929412 0.000135215 0.000175439 0.000229312 0.000937091 -0.00273026 0.00134279 0.000669292 -0.00184754 0.00121896 -8.0252e-05 -0.000248194 -0.00140022 -0.00578431 -0.0107407 -0.000671447 -0.00285124 0.000333334 -0.00202381 -0.00419355
internal_weight=124761 1728 960 864 768 288 123033 12842 12782 2576 2125 10206 10146 10030 3052 304 2748 2159 387 1772 6978 6507 1789 255 162 1534 484 1050 420 310
internal_count=124761 1728 960 864 768 288 123033 12842 12782 2576 2125 10206 10146 10030 3052 304 2748 2159 387 1772 6978 6507 1789 255 162 1534 484 1050 420 310
is_linear=0
shrinkage=0.05


Tree=296
num_leaves=31
num_cat=0
split_feature=9 8 7 5 0 11 11 7 7 3 11 0 7 0 7 7 7 0 9 10 0 8 3 3 7 0 11 3 8 9
split_gain=0.599283 0.875289 1.62755 0.868056 0.577356 0.520861 0.714485 1.0463 2.46952 1.42105 0.926957 0.734537 0.772112 0.585366 0.701354 1.22978 0.523855 0.784526 0.517188 0.521605 0.613653 0.515047 1.02013 1.06892 1.28167 1.20305 1.13379 1.81519 1.05848 0.975057
threshold=9.9703125000000004 15.350000000000003 14.112500000000002 1.0000000180025095e-35 41.500000000000007 1.2099088115144543 1.172278468731752 35.687500000000007 33.712500000000013 0.58481550752069722 1.1855674041436206 10.500000000000002 30.712500000000006 13.500000000000002 29.012500000000006 26.712500000000006 28.237500000000004 69.500000000000014 7.2007812500000012 1.0000000180025095e-35 61.500000000000007 40.050000000000004 0.54219432480460406 1.0000000180025095e-35 33.01250000000001 46.500000000000007 0.99895143829215638 0.38243310158943505 40.150000000000013 35.620312500000004
decision_type=2 2 2 2 2 2 2 2 2 2 2 2 2 2 2 2 2 2 2 2 2 2 2 2 2 2 2 2 2 2
left_child=1 2 4 -3 -1 6 21 8 10 -10 16 -12 -13 -7 15 -15 -8 -18 19 20 -6 -2 23 -23 26 -26 27 -25 -24 -27
right_child=5 3 -4 -5 18 13 7 -9 9 -11 11 12 -14 14 -16 -17 17 -19 -20 -21 -22 22 28 24 25 29 -28 -29 -30 -31
leaf_value=-1.9779013735917319e-05 2.3278329537775241e-06 0.00073476998451383474 -0.0014192072610888686 -0.0001018837225394298 0.0014781048407971611 0.0020710680775843969 -0.00069653272101105135 0.00026874409978842569 -0.0015990749049894009 -0.0002439234135678545 0.0010912673656572507 -0.00038824776689081147 0.00073207147705600661 0.00091902220413761287 0.00066281969301517306 -0.0011097620131244924 0.00039882923801060971 -0.0020600447098771254 1.3584352681216255e-05 0.0026892942965170974 -0.00017362888575542463 -0.00066145006810777013 0.0038891798891895952 -0.00097134127818073422 -0.00022520229000559354 0.00086345322439806331 0.0023670301518062056 0.0022520087323664672 -0.00010403049268905651 -0.00012936695738157794
leaf_weight=504 116409 480 52 96 60 98 79 243 64 57 99 322 157 89 377 108 66 65 272 162 102 96 96 67 403 670 647 120 2400 301
leaf_count=504 116409 480 52 96 60 98 79 243 64 57 99 322 157 89 377 108 66 65 272 162 102 96 96 67 403 670 647 120 2400 301
internal_value=5.33422e-05 0.000978009 0.000182292 0.00256944 0.000590909 4.03552e-05 3.27312e-05 -0.0012066 -0.0019857 -0.00863636 -0.000964467 6.92043e-05 -0.000741127 0.00142857 0.000818815 -0.00159898 -0.00380952 -0.00187023 0.0016443 0.00299383 0.000987654 4.45101e-05 0.000552084 0.00131076 0.00153533 0.000596798 0.00308153 -0.000347593 -0.000148237 0.00154995
internal_weight=124761 1728 1152 576 1100 123033 122361 1152 909 121 788 578 479 672 574 197 210 131 596 324 162 121209 4800 2304 2208 1374 834 187 2496 971
internal_count=124761 1728 1152 576 1100 123033 122361 1152 909 121 788 578 479 672 574 197 210 131 596 324 162 121209 4800 2304 2208 1374 834 187 2496 971
is_linear=0
shrinkage=0.05


Tree=297
num_leaves=31
num_cat=0
split_feature=9 0 0 8 7 5 0 7 4 3 7 11 8 9 7 0 10 0 7 4 7 0 8 8 0 8 0 0 11 9
split_gain=0.637912 0.986413 1.27746 0.939358 1.41907 0.90892 0.769433 0.906873 0.517417 1.89605 1.79619 1.67654 1.28933 0.92405 2.31173 1.21516 1.09361 1.33472 1.56524 0.798399 1.24892 1.22477 1.63679 2.45999 1.42564 1.2987 0.990947 0.755343 1.21395 1.13376
threshold=9.9703125000000004 91.500000000000014 70.500000000000014 15.350000000000003 14.112500000000002 1.0000000180025095e-35 62.500000000000007 9.6125000000000025 0.99249573635719013 0.1169228398841501 16.287500000000005 1.0515743247573357 18.450000000000003 12.070312500000002 7.1125000000000007 11.500000000000002 1.0000000180025095e-35 71.500000000000014 9.6125000000000025 0.9989598388634241 8.7875000000000032 25.500000000000004 22.350000000000005 19.250000000000004 7.5000000000000009 21.750000000000004 73.500000000000014 9.5000000000000018 0.73745831416842689 32.804166666666674
decision_type=2 2 2 2 2 2 2 2 2 2 2 2 2 2 2 2 2 2 2 2 2 2 2 2 2 2 2 2 2 2
left_child=1 2 3 4 6 -5 7 -1 27 10 13 12 -12 15 -15 -10 17 -17 -19 21 -21 24 23 26 25 -16 -23 28 -2 -30
right_child=8 -3 -4 5 -6 -7 -8 -9 9 -11 11 -13 -14 14 19 16 -18 18 -20 20 -22 22 -24 -25 -26 -27 -28 -29 29 -31
leaf_value=-1.8790063015105054e-05 -0.0011500305262568643 -0.00074675990999490825 0.0010481900685887515 0.00062085152894616471 -0.0013482468980344248 -0.00014929224540106696 -0.00082940604660078267 0.00081230956109315836 -0.00013038974295921532 -0.00023097188353498433 -0.00025810018191680539 -0.001006537083471992 0.00037077808354209874 -0.00066820790759167768 -0.00020795050417833592 0.00015450135223245244 0.00059609922222486709 0.00041235063356543592 -0.00035710787080364171 -0.00029872262722703118 0.00016061737185285618 -0.0014587511165334525 -0.00040572824230468527 3.8600202601641547e-06 5.411420542214726e-05 7.1406443018433638e-05 -0.00028323268952078776 2.037710344415738e-06 2.545326774685108e-05 0.0010113824813151142
leaf_weight=524 60 72 378 355 52 71 92 184 108 384 75 96 1023 54 112 240 253 51 69 63 458 102 133 454 397 64 88 106407 11562 780
leaf_count=524 60 72 378 355 52 71 92 184 108 384 75 96 1023 54 112 240 253 51 69 63 458 102 133 454 397 64 88 106407 11562 780
internal_value=5.29414e-05 0.00100694 0.00125604 0.000500783 -0.000457746 0.00241784 6.25002e-05 0.000621469 3.95424e-05 -0.000504261 -0.000169271 0.00144054 0.00199454 -0.000895691 -0.00146753 0.000631068 0.00149266 -0.000277778 -0.00458333 -0.00117317 0.000489444 -0.00181481 -0.00310811 -0.00206522 -6.10818e-05 -0.00380682 -0.0068421 5.88762e-05 0.000428157 0.000462648
internal_weight=124761 1728 1656 1278 852 426 800 708 123033 4224 3840 1194 1098 2646 1925 721 613 360 120 1871 521 1350 777 644 573 176 190 118809 12402 12342
internal_count=124761 1728 1656 1278 852 426 800 708 123033 4224 3840 1194 1098 2646 1925 721 613 360 120 1871 521 1350 777 644 573 176 190 118809 12402 12342
is_linear=0
shrinkage=0.05


Tree=298
num_leaves=31
num_cat=0
split_feature=9 3 1 7 8 7 7 0 7 8 9 3 8 4 11 1 10 8 8 0 11 3 11 4 0 9 0 7 9 8
split_gain=0.719358 0.797338 1.02269 0.828446 0.583681 0.73373 0.588379 0.494573 0.48271 1.1003 0.880181 3.10976 1.28233 1.19347 1.49611 1.69318 1.64022 1.2987 2.52468 1.52596 0.972692 1.13508 1.06485 0.686616 1.6191 0.672 0.66025 1.81661 1.96038 3.15985
threshold=9.9703125000000004 -0.03977009085991149 5.5000000000000009 14.312500000000002 12.650000000000002 5.0375000000000005 10.212500000000004 44.500000000000007 7.8625000000000016 16.300000000000001 11.084895833333334 -0.19337636264337835 19.450000000000003 0.97832380634958016 1.0017592847767565 2.5000000000000004 1.0000000180025095e-35 18.350000000000005 18.650000000000002 23.500000000000004 1.0393064066417959 -0.108376950152639 0.9987604681581238 0.99981043035926087 14.500000000000002 11.53671875 17.500000000000004 27.087500000000006 29.247135416666669 32.650000000000013
decision_type=2 2 2 2 2 2 2 2 2 2 2 2 2 2 2 2 2 2 2 2 2 2 2 2 2 2 2 2 2 2
left_child=1 2 3 7 5 -3 -7 -1 9 -2 11 -11 13 14 -12 16 -16 -17 -19 25 22 -22 -14 -13 -25 -20 27 -10 -29 -30
right_child=8 4 -4 -5 -6 6 -8 -9 26 10 12 23 20 -15 15 17 -18 18 19 -21 21 -23 -24 24 -26 -27 -28 28 29 -31
leaf_value=-6.2535447250425331e-05 -0.00060384124322897118 -0.00022907308342328843 0.0030904936353080129 -0.00068597090094503466 0.0012701831011101546 0.0014227771186486726 -5.9764637207035989e-05 0.00030429369805209315 5.0214306678967566e-06 -0.00024694414366447352 0.00042922611919981305 0.00034576274297070297 -0.00023566066897993387 -0.0002113208393168752 -5.1958166390547261e-05 0.00042823816843278047 -0.00029836007890503649 -0.00030653287732474723 -0.00013898102712589313 -0.00054311340837983431 0.00016053219997448656 -0.00069498909824469149 0.00025736379247854148 -0.00013889988548691247 0.00042025429510067746 0.00027890134603285831 -7.7276603981620262e-07 0.0020532428006543083 -0.0015504987694757476 0.00037902661196245377
leaf_weight=405 96 120 96 77 480 117 51 382 17923 68 83 332 62 196 129 126 54 66 55 78 69 57 321 82 136 137 98687 700 197 3379
leaf_count=405 96 120 96 77 480 117 51 382 17923 68 83 332 62 196 129 126 54 66 55 78 69 57 321 82 136 137 98687 700 197 3379
internal_value=5.17391e-05 0.00106481 0.000104167 -0.000439815 0.00226563 0.000486111 0.00261905 4.44729e-05 3.75104e-05 -0.000705636 -0.000460751 0.00111651 -0.00114096 -0.00225108 -0.00131868 -0.00213178 -0.00620219 -0.00051948 -0.00214286 1.86265e-10 0.000874263 -0.00293651 0.00212794 0.00236364 0.000183486 0.00239583 5.07091e-05 0.000297086 0.00122311 0.000749441
internal_weight=124761 1728 960 864 768 288 168 787 123033 2147 2051 618 1433 924 728 645 183 462 336 270 509 126 383 550 218 192 120886 22199 4276 3576
internal_count=124761 1728 960 864 768 288 168 787 123033 2147 2051 618 1433 924 728 645 183 462 336 270 509 126 383 550 218 192 120886 22199 4276 3576
is_linear=0
shrinkage=0.05


Tree=299
num_leaves=31
num_cat=0
split_feature=9 3 1 0 0 7 0 1 4 8 7 7 7 0 8 0 4 8 11 9 11 1 8 3 7 9 8 10 3 11
split_gain=0.762208 0.846094 0.816667 0.648534 0.721238 0.627164 1.05373 0.64 0.51534 0.51467 0.619147 0.588379 0.466765 0.453308 1.20714 0.452888 1.98365 8.32579 3.13179 2.17409 1.92622 1.83349 2.54074 1.74921 1.41299 2.98594 1.33673 2.92008 2.53788 2.06609
threshold=9.9703125000000004 -0.03977009085991149 5.5000000000000009 71.500000000000014 60.500000000000007 10.212500000000004 30.500000000000004 3.5000000000000004 0.99995376255531909 12.650000000000002 5.0375000000000005 10.212500000000004 14.512500000000001 25.500000000000004 17.450000000000003 17.500000000000004 0.5403928698825039 30.850000000000005 0.96524820720628701 10.334114583333335 0.97072873014583261 3.5000000000000004 19.750000000000004 -0.81923160956083974 17.912500000000005 21.593229166666671 34.050000000000004 1.0000000180025095e-35 -0.11692013674435776 0.96799695592670831
decision_type=2 2 2 2 2 2 2 2 2 2 2 2 2 2 2 2 2 2 2 2 2 2 2 2 2 2 2 2 2 2
left_child=1 2 3 4 5 6 -1 -8 15 10 -3 -12 -7 -10 -15 16 26 18 -18 -20 21 -21 -23 -22 25 -25 27 29 -29 -2
right_child=8 9 -4 -5 -6 12 7 -9 13 -11 11 -13 -14 14 -16 -17 17 -19 19 20 23 22 -24 24 -26 -27 -28 28 -30 -31
leaf_value=7.3853915039605496e-07 8.631619393167289e-05 -0.00021761942925212411 0.0029359689535426131 0.00033413520945726848 -0.00095519940819693372 0.00061608397067144287 -0.0019896738810221879 -0.00059675299274907748 -0.00022875446845167262 0.0012066739460546469 0.0013516382627162397 -5.677640534668463e-05 -0.00030191956606938813 -0.00022223442793046835 0.0013053479933588727 -8.1894216528897425e-07 8.7665791258640974e-05 -0.00058780116507096936 -0.00032076055770498117 6.3126653320432948e-07 -0.00027059577780027541 8.9606998360830837e-05 -0.00024686129143784241 -1.6597342818286092e-05 0.00024069384967647137 -0.00038985166741947914 -7.7178621111332338e-06 -3.7718615648806085e-05 0.00014149838499329795 0.00046603324207509177
leaf_weight=279 1444 120 96 216 99 120 50 50 52 480 117 51 50 70 70 99784 1188 54 54 144 72 54 126 5236 299 99 5588 4682 2321 1696
leaf_count=279 1444 120 96 216 99 120 50 50 52 480 117 51 50 70 70 99784 1188 54 54 144 72 54 126 5236 299 99 5588 4682 2321 1696
internal_value=5.09376e-05 0.00109375 0.000104167 -0.000381944 -0.00117284 -0.000464481 -0.00159631 -0.006 3.62913e-05 0.00233073 0.000659722 0.00261905 0.00205882 -0.00255208 -0.00107143 4.03369e-05 0.000240057 -0.00043953 -0.000294279 -0.000752794 -0.00066335 -0.00441358 -0.00777778 -0.000450403 -0.000351438 -0.000538894 0.000556545 0.000898649 0.000330573 0.00216561
internal_weight=124761 1728 960 864 648 549 379 100 123033 768 288 168 170 192 140 122841 23057 7326 7272 6084 6030 324 180 5706 5634 5335 15731 10143 7003 3140
internal_count=124761 1728 960 864 648 549 379 100 123033 768 288 168 170 192 140 122841 23057 7326 7272 6084 6030 324 180 5706 5634 5335 15731 10143 7003 3140
is_linear=0
shrinkage=0.05


end of trees

feature_importances:
slot=2064
sin_doy=1425
temp_daymean=1247
up_ratio=1000
temp_daymax=957
temp=809
cos_doy=622
district_id=473
dow=340
is_holiday=40
is_holiday_prev=23

parameters:
[boosting: gbdt]
[objective: quantile]
[metric: quantile]
[tree_learner: serial]
[device_type: cpu]
[data_sample_strategy: bagging]
[data: ]
[valid: ]
[num_iterations: 300]
[learning_rate: 0.05]
[num_leaves: 31]
[num_threads: 8]
[seed: 42]
[deterministic: 1]
[force_col_wise: 1]
[force_row_wise: 0]
[histogram_pool_size: -1]
[max_depth: -1]
[min_data_in_leaf: 50]
[min_sum_hessian_in_leaf: 0.001]
[bagging_fraction: 1]
[pos_bagging_fraction: 1]
[neg_bagging_fraction: 1]
[bagging_freq: 0]
[bagging_seed: 400]
[bagging_by_query: 0]
[feature_fraction: 1]
[feature_fraction_bynode: 1]
[feature_fraction_seed: 30056]
[extra_trees: 0]
[extra_seed: 12879]
[early_stopping_round: 0]
[early_stopping_min_delta: 0]
[first_metric_only: 0]
[max_delta_step: 0]
[lambda_l1: 0]
[lambda_l2: 0]
[linear_lambda: 0]
[min_gain_to_split: 0]
[drop_rate: 0.1]
[max_drop: 50]
[skip_drop: 0.5]
[xgboost_dart_mode: 0]
[uniform_drop: 0]
[drop_seed: 17869]
[top_rate: 0.2]
[other_rate: 0.1]
[min_data_per_group: 100]
[max_cat_threshold: 32]
[cat_l2: 10]
[cat_smooth: 10]
[max_cat_to_onehot: 4]
[top_k: 20]
[monotone_constraints: ]
[monotone_constraints_method: basic]
[monotone_penalty: 0]
[feature_contri: ]
[forcedsplits_filename: ]
[refit_decay_rate: 0.9]
[cegb_tradeoff: 1]
[cegb_penalty_split: 0]
[cegb_penalty_feature_lazy: ]
[cegb_penalty_feature_coupled: ]
[path_smooth: 0]
[interaction_constraints: ]
[verbosity: -1]
[saved_feature_importance_type: 0]
[use_quantized_grad: 0]
[num_grad_quant_bins: 4]
[quant_train_renew_leaf: 0]
[stochastic_rounding: 1]
[linear_tree: 0]
[max_bin: 255]
[max_bin_by_feature: ]
[min_data_in_bin: 3]
[bin_construct_sample_cnt: 200000]
[data_random_seed: 175]
[is_enable_sparse: 1]
[enable_bundle: 1]
[use_missing: 1]
[zero_as_missing: 0]
[feature_pre_filter: 1]
[pre_partition: 0]
[two_round: 0]
[header: 0]
[label_column: ]
[weight_column: ]
[group_column: ]
[ignore_column: ]
[categorical_feature: ]
[forcedbins_filename: ]
[precise_float_parser: 0]
[parser_config_file: ]
[objective_seed: 16083]
[num_class: 1]
[is_unbalance: 0]
[scale_pos_weight: 1]
[sigmoid: 1]
[boost_from_average: 1]
[reg_sqrt: 0]
[alpha: 0.1]
[fair_c: 1]
[poisson_max_delta_step: 0.7]
[tweedie_variance_power: 1.5]
[lambdarank_truncation_level: 30]
[lambdarank_norm: 1]
[label_gain: ]
[lambdarank_position_bias_regularization: 0]
[eval_at: ]
[multi_error_top_k: 1]
[auc_mu_weights: ]
[num_machines: 1]
[local_listen_port: 12400]
[time_out: 120]
[machine_list_filename: ]
[machines: ]
[gpu_platform_id: -1]
[gpu_device_id: -1]
[gpu_device_id_list: ]
[gpu_use_dp: 0]
[num_gpu: 1]

end of parameters

pandas_categorical:[]
