tree
version=v4
num_class=1
num_tree_per_iteration=1
label_index=0
max_feature_idx=11
objective=quantile
feature_names=slot dow is_weekend sin_doy cos_doy is_holiday is_holiday_prev temp temp_daymax temp_daymean district_id up_ratio
feature_infos=[0:95] [0:6] [0:1] [-0.9999994220246925:0.99998555065071859] [-0.99997919295908233:0.9999907524084426] [0:1] [0:1] [1.6000000000000001:45.100000000000001] [11.800000000000001:45.100000000000001] [5.9953124999999998:37.56614583333333] [0:1] [0.63404163983687489:1.3073070566434617]
tree_sizes=2838 2971 2971 2973 2968 2969 2972 2975 2977 2975 2965 2966 2969 2980 2970 2974 2986 2999 2957 2986 2979 3011 3013 3004 3014 2995 3004 2992 3010 3018 3026 3019 3014 3005 3039 3031 3034 3020 3059 3027 3024 3028 3036 3041 3063 3027 3032 3000 3052 3049 3055 3056 3035 3043 3042 3029 3057 3015 3061 3044 3030 3053 3013 3038 3021 3007 3018 3040 3021 3004 3029 3046 3020 3026 3026 3069 3043 2996 3065 3054 3047 2995 3006 3045 3053 3039 2988 3019 3025 2976 2989 3014 3009 3001 3001 3004 3067 3039 3029 3042 3009 2970 3000 3017 2974 2984 2977 2988 3000 2971 2998 2985 3001 2994 3008 3000 3023 3029 3014 3035 3012 3008 3013 3002 2995 2968 2995 3016 2969 3033 2987 2957 3023 3008 2935 3034 2965 2991 3032 3005 2990 3031 2987 2989 3016 2984 3018 2993 3007 3021 2977 3030 2956 2958 2989 3006 2977 2984 2947 2984 2932 2978 2974 2974 2926 2985 2986 2976 2953 2969 2981 2979 2964 3019 2963 2941 2956 2987 3007 2974 2968 2970 2984 2989 2999 2972 2971 2987 3004 3034 3027 2973 2974 2953 2996 2972 2956 2981 2976 2979 2930 2985 2975 2953 2957 2928 3042 2950 3018 2962 2984 2988 2987 2979 3009 3037 2951 2970 2983 2973 2936 2998 2961 2946 2975 2979 2947 3033 2999 3018 2996 2957 2975 3013 2999 2955 2945 2988 2976 3000 2990 2983 3021 2944 2970 2980 2966 2944 2954 2937 2973 2985 2972 2958 2933 2936 2968 3008 2964 2965 2940 2938 2939 3052 2922 2977 2968 2950 2934 2954 2941 2977 3005 2954 2958 2952 2984 2943 3027 2971 3011 2972 2940 2978 2989 3005 2951 2982 2988 2996 2926 2990 3014 3035 3000 2958 2963 2936 2942 2919

Tree=0
num_leaves=31
num_cat=0
split_feature=9 0 0 7 3 4 9 0 3 0 0 7 10 9 9 8 3 9 0 0 0 3 0 7 0 10 10 9 10 3
split_gain=1695.47 882.072 1110.12 471.905 264.712 125.999 93.7248 92.2484 78.8569 75.3614 80.9386 89.3306 75.1954 71.7648 66.4639 50.1172 47.9644 47.2814 46.5518 46.3107 38.2224 34.8321 42.2444 32.0099 30.5204 29.7022 29.5065 28.8684 27.9482 25.9294
threshold=28.626041666666669 83.500000000000014 17.500000000000004 27.312500000000004 0.66527693225344786 -0.9497838742125716 27.370572916666671 49.500000000000007 0.048362692321690152 86.500000000000014 12.500000000000002 26.337500000000006 1.0000000180025095e-35 30.591927083333339 29.525520833333335 32.750000000000007 0.25206111083856975 30.392187500000002 22.500000000000004 68.500000000000014 80.500000000000014 0.63920241694561786 55.500000000000007 28.112500000000004 22.500000000000004 1.0000000180025095e-35 1.0000000180025095e-35 31.538281250000004 1.0000000180025095e-35 0.89404822654372251
decision_type=2 2 2 2 2 2 2 2 2 2 2 2 2 2 2 2 2 2 2 2 2 2 2 2 2 2 2 2 2 2
left_child=6 2 3 8 14 7 -1 18 12 10 11 -8 -2 -9 16 26 -3 -10 27 -15 28 22 24 -5 25 -7 -11 -4 -21 -19
right_child=1 4 5 23 -6 21 9 13 17 15 -12 -13 -14 19 -16 -17 -18 29 -20 20 -22 -23 -24 -25 -26 -27 -28 -29 -30 -31
leaf_value=0.62886327654398555 0.64901915812740651 0.65198062623193276 0.64188273292061027 0.65041730380416563 0.64777350259893818 0.64635265906624007 0.6408873493739129 0.64223874643548129 0.63738294156661368 0.65157812623926925 0.63694155050026635 0.64917880463825206 0.64455245777924053 0.65019098777903328 0.65663250485479518 0.63852371247048434 0.63921634437835806 0.64904711001352955 0.63950085081416075 0.63927581458055194 0.64969045152784877 0.63367953878122607 0.64281536786929361 0.65604906572512933 0.63693763373198276 0.63798120531785329 0.64516966786966568 0.6496716589927729 0.64984312368586183 0.6301604990013161
leaf_weight=69888 738 1092 330 1287 984 500 1347 1649 1057 234 11469 670 1144 1539 2773 477 144 819 3510 672 243 5808 5556 2283 6567 495 684 315 300 187
leaf_count=69888 738 1092 330 1287 984 500 1347 1649 1057 234 11469 670 1144 1539 2773 477 144 819 3510 672 243 5808 5556 2283 6567 495 684 315 300 187
internal_value=0.640741 0.649227 0.646422 0.663452 0.668887 0.641766 0.636738 0.646801 0.651533 0.640341 0.639196 0.648433 0.658934 0.651843 0.674591 0.651404 0.664948 0.644781 0.641457 0.656783 0.649486 0.63949 0.640917 0.676623 0.638485 0.646645 0.658235 0.653803 0.645051 0.65254
internal_weight=124761 39992 34999 7515 4993 27484 84769 8558 3945 14881 13486 2017 1882 4403 4009 1395 1236 2063 4155 2754 1215 18926 13118 3570 7562 995 918 645 972 1006
internal_count=124761 39992 34999 7515 4993 27484 84769 8558 3945 14881 13486 2017 1882 4403 4009 1395 1236 2063 4155 2754 1215 18926 13118 3570 7562 995 918 645 972 1006
is_linear=0
shrinkage=1


Tree=1
num_leaves=31
num_cat=0
split_feature=9 0 0 7 3 4 3 9 10 10 0 9 9 0 7 9 3 0 0 0 7 0 0 3 3 0 0 10 9 0
split_gain=1567.8 829.319 1063.9 462.498 241.459 112.218 96.3634 93.1451 87.2472 81.9389 76.2962 55.4211 53.2122 48.577 45.1561 44.1628 41.4535 41.4462 39.083 37.3018 36.2869 34.0918 50.7037 33.0105 27.3191 28.3685 30.5673 28.9298 25.7937 25.6953
threshold=28.330468750000005 84.500000000000014 17.500000000000004 27.187500000000004 0.66527693225344786 -0.9497838742125716 0.048362692321690152 30.591927083333339 1.0000000180025095e-35 1.0000000180025095e-35 50.500000000000007 30.108333333333338 27.070312500000004 21.500000000000004 28.112500000000004 31.483072916666668 0.25206111083856975 88.500000000000014 11.500000000000002 81.500000000000014 27.312500000000004 68.500000000000014 80.500000000000014 -0.50556189049999822 0.62587949062545845 55.500000000000007 22.500000000000004 1.0000000180025095e-35 30.392187500000002 66.500000000000014
decision_type=2 2 2 2 2 2 2 2 2 2 2 2 2 2 2 2 2 2 2 2 2 2 2 2 2 2 2 2 2 2
left_child=12 2 3 6 9 7 8 -4 -2 -3 13 16 -1 -9 -5 -8 -11 18 20 24 -14 -12 -23 -19 25 26 27 -7 -6 -27
right_child=1 4 5 14 28 19 15 10 -10 11 21 -13 17 -15 -16 -17 -18 23 -20 -21 -22 22 -24 -25 -26 29 -28 -29 -30 -31
leaf_value=-0.011787475843711655 0.0078066537140462858 0.015430629861605889 -0.00062717065008002489 0.0087986315673761369 -0.0040791421494280281 0.0053062688772732795 -0.0014071768404020041 0.0083212592325104147 0.004162774419037907 0.0078825229035775057 0.0091473420041041087 0.014602645071597354 0.0016381659828745066 0.00066444126370147081 0.014527707582384081 0.0095383551877004872 -0.0012943016259395642 0.0064815069277779488 -0.0037154555562039339 0.0045839624461995526 0.013742963922361984 0.0028902546299662104 0.0092131402968933414 -0.001091679084453967 -0.0069255974060272235 0.0030227318469930988 -0.0037197986278901477 -0.0023930436389201018 0.011993824775327478 -0.00035138869912699767
leaf_weight=67968 779 2009 3662 1610 484 535 1759 324 1263 1174 1458 626 1607 2349 2288 443 176 532 10780 941 77 972 324 448 6336 2387 7161 550 495 3244
leaf_count=67968 779 2009 3662 1610 484 535 1759 324 1263 1174 1458 626 1607 2349 2288 443 176 532 10780 941 77 972 324 448 6336 2387 7161 550 495 3244
internal_value=-0.000113458 0.00756776 0.00508076 0.0211238 0.026799 0.000761663 0.00970311 0.00540818 0.0175269 0.0322647 0.00956606 0.0250354 -0.00420344 0.00354845 0.0335582 0.00244777 0.0193333 -0.00132922 -0.00210767 -0.00123476 0.00497625 0.0154067 0.00950617 0.00857143 -0.00168778 -0.000445703 -0.00231385 0.00550691 0.00455056 0.00229
internal_weight=124761 43349 38385 8142 4964 30243 4244 9089 2042 3985 5427 1976 81412 2673 3898 2202 1350 13444 12464 21154 1684 2754 1296 980 20213 13877 8246 1085 979 5631
internal_count=124761 43349 38385 8142 4964 30243 4244 9089 2042 3985 5427 1976 81412 2673 3898 2202 1350 13444 12464 21154 1684 2754 1296 980 20213 13877 8246 1085 979 5631
is_linear=0
shrinkage=0.05


Tree=2
num_leaves=31
num_cat=0
split_feature=9 0 0 7 3 4 7 10 9 0 9 0 9 10 0 0 3 0 0 3 0 3 7 10 7 0 0 10 10 0
split_gain=1458.34 764.077 987.57 416.363 225.459 101.381 99.9797 88.9325 86.2066 59.8519 53.701 51.8384 51.4923 48.9397 41.2037 40.5986 40.4428 36.8741 38.3713 36.3724 43.3215 35.9501 35.148 29.7433 26.7189 26.4489 35.1953 27.8539 26.3619 25.4044
threshold=28.330468750000005 84.500000000000014 16.500000000000004 27.387500000000006 0.66527693225344786 -0.9497838742125716 26.012500000000006 1.0000000180025095e-35 30.591927083333339 54.500000000000007 30.108333333333338 21.500000000000004 27.013020833333336 1.0000000180025095e-35 67.500000000000014 80.500000000000014 0.36648264796514479 86.500000000000014 9.5000000000000018 0.66527693225344786 81.500000000000014 0.25206111083856975 28.187500000000004 1.0000000180025095e-35 27.412500000000005 20.500000000000004 53.500000000000007 1.0000000180025095e-35 1.0000000180025095e-35 89.500000000000014
decision_type=2 2 2 2 2 2 2 2 2 2 2 2 2 2 2 2 2 2 2 2 2 2 2 2 2 2 2 2 2 2
left_child=12 2 3 6 7 8 23 -3 -4 11 21 -10 -1 16 -11 28 -8 18 24 20 25 29 -5 -2 -14 27 -27 -7 -16 -9
right_child=1 4 5 22 -6 19 13 10 9 14 -12 -13 17 -15 15 -17 -18 -19 -20 -21 -22 -23 -24 -25 -26 26 -28 -29 -30 -31
leaf_value=-0.0115103948391031 0.0058849331706433243 0.014659098368525593 -0.00056801225837175282 0.008858359664333338 0.0061908179887689152 0.0063062383098111026 0.0081063437021087117 0.005434672429534256 0.0084328876731954508 0.0098942178703667182 0.013872512818017485 0.0011562925281979664 0.0018729719611940102 0.0044447910383982828 -0.00091052342676897768 0.0087524832820486727 0.0080684704339676512 0.0033565078759661194 -0.0037827741052633757 -0.0069797530811808233 0.0050051312414926274 -0.0012295865446425853 0.013943187805967629 -0.0036878513715599692 0.014404627786091291 -0.0035790742416502877 0.0010784741237642725 -0.00076730274738607835 0.0090424944984371265 0.0080575073712191546
leaf_weight=67008 693 2009 3716 1249 979 452 704 532 405 1053 626 2673 1445 1391 728 324 392 1350 11550 6052 674 176 2158 1104 59 7491 6345 456 325 642
leaf_count=67008 693 2009 3716 1249 979 452 704 532 405 1053 626 2673 1445 1391 728 324 392 1350 11550 6052 674 176 2158 1104 59 7491 6345 456 325 642
internal_value=-0.000226875 0.00718136 0.00479419 0.0208159 0.0256406 0.00077963 0.0104412 0.0309222 0.0051637 0.00913399 0.0233907 0.00450292 -0.0041715 0.0169341 0.015 0.00930646 0.0248358 -0.00145932 -0.00227287 -0.00110387 0.000185496 0.0177778 0.0338612 0.0014552 0.00523936 -0.000381173 -0.000923679 0.00788546 0.00454416 0.020937
internal_weight=124761 43349 38385 7691 4964 30694 4284 3985 9224 5508 1976 3078 81412 2487 2430 1377 1096 14404 13054 21470 15418 1350 3407 1797 1504 14744 13836 908 1053 1174
internal_count=124761 43349 38385 7691 4964 30694 4284 3985 9224 5508 1976 3078 81412 2487 2430 1377 1096 14404 13054 21470 15418 1350 3407 1797 1504 14744 13836 908 1053 1174
is_linear=0
shrinkage=0.05


Tree=3
num_leaves=31
num_cat=0
split_feature=9 0 0 7 3 4 9 7 9 9 3 10 0 0 0 0 7 3 10 7 3 0 0 0 3 11 0 0 10 0
split_gain=1356.64 704.145 886.12 380.336 200.279 90.7614 75.0467 73.6888 73.3642 68.0932 59.9151 54.7473 50.2484 50.912 42.8701 49.5607 48.6078 40.9211 39.9354 37.6198 34.5378 39.9196 31.1173 40.0064 30.192 24.841 22.975 33.0734 30.5783 21.9024
threshold=28.471614583333338 84.500000000000014 16.500000000000004 27.387500000000006 0.66527693225344786 -0.9497838742125716 30.048697916666672 25.512500000000006 30.591927083333339 27.037239583333335 0.25206111083856975 1.0000000180025095e-35 52.500000000000007 21.500000000000004 87.500000000000014 12.500000000000002 26.487500000000004 0.36648264796514479 1.0000000180025095e-35 28.312500000000004 0.62587949062545845 81.500000000000014 68.500000000000014 81.500000000000014 -0.41398024697495356 0.95986675969645263 21.500000000000004 54.500000000000007 1.0000000180025095e-35 90.500000000000014
decision_type=2 2 2 2 2 2 2 2 2 2 2 2 2 2 2 2 2 2 2 2 2 2 2 2 2 2 2 2 2 2
left_child=9 2 3 7 6 8 10 -2 -4 -1 18 17 13 -10 15 16 -11 -9 -3 -5 21 26 25 -24 -16 -14 28 -28 -7 -20
right_child=1 4 5 19 -6 20 -8 11 12 14 -12 -13 22 -15 24 -17 -18 -19 29 -21 -22 -23 23 -25 -26 -27 27 -29 -30 -31
leaf_value=-0.010805925246233201 -0.0015353041548732908 0.012122353576687542 -0.00047810151694146488 0.0086575980166538231 0.006614665774537367 0.005923149099142714 0.014293886065645467 0.0081446868192438394 0.0080112432895356762 0.00044721265077591368 -0.00052093529799539066 0.0030942382156362858 0.00059132735357126937 0.00083663105775554688 0.0058978102507134854 -0.0034778241441950075 0.0075881893694587452 0.0081485491771140749 0.005755398718054916 0.013336226479846364 -0.0058239136466335236 0.0049990283513067224 0.0030725342321569382 0.0090145364858494458 -0.0013309354983056872 0.009628287784608414 -0.0032964227194700602 0.0012493042932551436 -0.0017344025786532179 0.007950238319035751
leaf_weight=67488 1159 605 3580 1378 924 515 1931 713 405 1621 220 1536 192 2511 792 12374 526 545 579 2023 6392 605 1053 243 528 1104 6732 5497 505 485
leaf_count=67488 1159 605 3580 1378 924 515 1931 713 405 1621 220 1536 192 2511 792 12374 526 545 579 2023 6392 605 1053 243 528 1104 6732 5497 505 485
internal_value=-0.000325063 0.00706917 0.00472525 0.0202448 0.025196 0.000834525 0.0302487 0.0096977 0.00498569 -0.00400155 0.023163 0.0140945 0.00860748 0.00410494 -0.00105139 -0.00183562 0.00517699 0.0218283 0.026396 0.0325037 -0.00102885 0.000373898 0.0136728 0.00819444 0.00757576 0.0191512 -0.000199639 -0.000800966 0.0070098 0.0205639
internal_weight=124761 41432 36688 7354 4744 29334 3820 3953 9088 83329 1889 2794 5508 2916 15841 14521 2147 1258 1669 3401 20246 13854 2592 1296 1320 1296 13249 12229 1020 1064
internal_count=124761 41432 36688 7354 4744 29334 3820 3953 9088 83329 1889 2794 5508 2916 15841 14521 2147 1258 1669 3401 20246 13854 2592 1296 1320 1296 13249 12229 1020 1064
is_linear=0
shrinkage=0.05


Tree=4
num_leaves=31
num_cat=0
split_feature=9 0 0 7 3 0 10 7 4 9 9 9 10 3 7 7 0 0 7 0 0 0 10 3 3 3 3 9 3 0
split_gain=1254.47 640.636 807.994 363.703 182.17 86.5736 84.1055 81.5073 72.4218 58.8609 51.5348 44.2481 42.554 35.7533 33.3481 31.3292 30.7146 35.5983 34.456 29.7607 51.6699 33.4547 29.4727 28.7176 27.8851 26.6376 26.1664 21.5596 20.725 20.6788
threshold=28.330468750000005 85.500000000000014 16.500000000000004 27.412500000000005 0.66527693225344786 81.500000000000014 1.0000000180025095e-35 26.112500000000004 -0.9497838742125716 30.860677083333339 26.541666666666668 30.108333333333338 1.0000000180025095e-35 0.66527693225344786 28.612500000000004 28.487500000000004 86.500000000000014 12.500000000000002 27.412500000000005 47.500000000000007 22.500000000000004 69.500000000000014 1.0000000180025095e-35 -0.72696319516528884 -0.50556189049999822 0.25206111083856975 0.65233619298682533 31.758333333333336 0.878110924644389 20.500000000000004
decision_type=2 2 2 2 2 2 2 2 2 2 2 2 2 2 2 2 2 2 2 2 2 2 2 2 2 2 2 2 2 2
left_child=10 2 3 7 6 8 -3 22 9 -4 -1 25 23 15 -5 -7 17 18 -12 20 -11 -21 28 -9 -18 -8 29 -6 -2 -10
right_child=1 4 5 14 27 13 11 12 26 19 16 -13 -14 -15 -16 -17 24 -19 -20 21 -22 -23 -24 -25 -26 -27 -28 -29 -30 -31
leaf_value=-0.01121623583164187 0.0069705901346344551 0.013416065896195706 -0.00039006227172588587 0.0083456056747361063 0.00010760582898248217 0.0037328006717425311 0.0068536361778153273 0.0077556017295813866 0.0037912271789194347 0.0075640292922944819 0.0012468082925626671 0.012782992957754558 0.0043261772475122256 -0.0030262174410012228 0.012920757055940335 0.0068545449649254136 0.0048423908358722016 -0.0038338165929149084 0.012521652251322757 0.0074449157324578408 -0.00015095261859431332 0.0029137815121561628 -0.0031772836738323562 0.0072043594060346109 -0.0017153412292626067 -0.0010827897928125719 -0.0064233476381054203 0.013350015470322329 -0.010726059728792203 -0.00064935260064302356
leaf_weight=64030 565 1827 4074 1564 710 432 1068 319 896 438 2291 570 1360 356 1755 1007 882 13392 70 1606 1825 876 1173 768 747 160 5980 180 187 13653
leaf_count=64030 565 1827 4074 1564 710 432 1068 319 896 438 2291 570 1360 356 1755 1007 882 13392 70 1606 1825 876 1173 768 747 160 5980 180 187 13653
internal_value=-0.000439281 0.00643164 0.00435907 0.0188721 0.024258 0.000774972 0.0292345 0.00939844 0.000123005 0.00391257 -0.0040978 0.0215573 0.0154536 0.0114345 0.0313513 0.0149444 -0.00168335 -0.00235923 0.00330157 0.00769758 0.0035506 0.0114786 0.0017013 0.0228289 0.00485267 0.0162134 -0.00150495 0.00398876 0.00942819 -0.000360507
internal_weight=124761 43349 38834 7691 4515 31143 3625 4372 29348 8819 81412 1798 2447 1795 3319 1439 17382 15753 2361 4745 2263 2482 1925 1087 1629 1228 20529 890 752 14549
internal_count=124761 43349 38834 7691 4515 31143 3625 4372 29348 8819 81412 1798 2447 1795 3319 1439 17382 15753 2361 4745 2263 2482 1925 1087 1629 1228 20529 890 752 14549
is_linear=0
shrinkage=0.05


Tree=5
num_leaves=31
num_cat=0
split_feature=9 0 0 7 3 4 9 10 3 10 9 0 7 0 9 9 0 0 10 3 0 0 10 10 8 11 11 9 3 0
split_gain=1151.48 575.067 700.346 304.368 166.467 77.7728 76.7763 67.8428 61.3536 57.1288 53.3417 46.2602 60.3174 55.0834 40.7205 35.1842 34.6012 50.8021 34.3107 33.3908 32.2923 35.1524 32.2717 31.2027 30.1737 26.2442 24.4491 21.5259 21.4936 21.4881
threshold=28.626041666666669 84.500000000000014 15.500000000000002 27.687500000000004 0.66527693225344786 -0.9497838742125716 26.541666666666668 1.0000000180025095e-35 0.048362692321690152 1.0000000180025095e-35 30.591927083333339 12.500000000000002 26.337500000000006 85.500000000000014 30.591927083333339 30.108333333333338 54.500000000000007 21.500000000000004 1.0000000180025095e-35 0.66527693225344786 55.500000000000007 22.500000000000004 1.0000000180025095e-35 1.0000000180025095e-35 33.050000000000004 1.0574549747388564 1.0141385704167489 28.245572916666671 0.01505151768384008 81.500000000000014
decision_type=2 2 2 2 2 2 2 2 2 2 2 2 2 2 2 2 2 2 2 2 2 2 2 2 2 2 2 2 2 2
left_child=6 2 3 8 7 10 -1 -3 9 -2 -4 12 -8 -13 -10 -9 17 -12 24 20 21 23 29 -7 -15 -16 -11 -14 -24 -18
right_child=1 4 5 -5 -6 19 11 15 14 26 16 13 27 18 25 -17 22 -19 -20 -21 -22 -23 28 -25 -26 -27 -28 -29 -30 -31
leaf_value=-0.010655424040059775 0.0073404084951295429 0.012683076910682501 -0.00020486419288879036 0.011268520152049205 0.0062830984854288612 0.0052091014574981113 0.00018771675120772709 0.0064602099980556231 -0.0018311287453437769 0.00091954109906697799 0.0073667511731161615 -0.0035953515072293775 0.003548016932355329 0.0081042970172266644 0.0092780106676785944 0.011881251626434388 0.0034156946358590286 0.00095670383873921463 0.0010916308499600515 -0.00575006194975285 0.0019984708247936939 -0.003150741611342045 0.013664569735596361 -0.0019035499889879183 0.0011298688947801205 0.0038570237362562654 0.0055514516626906712 0.0099523449594416322 0.0054937906134883609 0.009226886493789211
leaf_weight=64030 800 1910 3356 2693 902 728 2084 1141 1117 655 486 15765 500 310 378 626 1512 2673 1640 5658 5927 6765 450 707 210 443 597 230 300 168
leaf_count=64030 800 1910 3356 2693 902 728 2084 1141 1117 655 486 15765 500 310 378 626 1512 2673 1640 5658 5927 6765 450 707 210 443 597 230 300 168
internal_value=-0.000549893 0.00644354 0.00428755 0.0188665 0.0231175 0.000896274 -0.00384923 0.0278393 0.0101002 0.0161257 0.00476523 -0.00120522 0.0047548 -0.00214087 0.00372033 0.0207782 0.0077572 0.00430674 0.00534722 -0.00085292 0.000447015 -0.00158537 0.0122428 0.00552265 0.0165385 0.0121742 0.00945687 0.0171233 0.0208667 0.00839286
internal_weight=124761 39992 35413 6683 4579 28730 84769 3677 3990 2052 8945 20739 2814 17925 1938 1767 5589 3159 2160 19785 14127 8200 2430 1435 520 821 1252 730 750 1680
internal_count=124761 39992 35413 6683 4579 28730 84769 3677 3990 2052 8945 20739 2814 17925 1938 1767 5589 3159 2160 19785 14127 8200 2430 1435 520 821 1252 730 750 1680
is_linear=0
shrinkage=0.05


Tree=6
num_leaves=31
num_cat=0
split_feature=9 0 0 7 3 10 0 3 7 9 9 10 10 0 9 0 7 7 0 0 3 3 0 0 10 3 4 3 9 8
split_gain=1058.04 543.99 638.388 306.72 152.364 84.8725 78.071 72.1298 66.5606 50.6763 48.8804 48.7863 39.9244 53.2954 39.7287 38.2349 38.0177 37.6096 34.9314 33.1739 30.4699 28.1771 38.7026 32.1878 25.1504 21.2089 19.7458 18.8866 18.4954 17.1015
threshold=28.330468750000005 85.500000000000014 17.500000000000004 27.387500000000006 0.66527693225344786 1.0000000180025095e-35 55.500000000000007 0.66527693225344786 25.512500000000006 30.108333333333338 26.541666666666668 1.0000000180025095e-35 1.0000000180025095e-35 81.500000000000014 30.108333333333338 22.500000000000004 27.412500000000005 28.312500000000004 70.500000000000014 66.500000000000014 -0.73866753694953124 -0.50556189049999822 88.500000000000014 10.500000000000002 1.0000000180025095e-35 0.25206111083856975 -0.84774213365954088 0.86548282553247169 30.392187500000002 40.350000000000001
decision_type=2 2 2 2 2 2 2 2 2 2 2 2 2 2 2 2 2 2 2 2 2 2 2 2 2 2 2 2 2 2
left_child=10 2 3 8 5 -3 15 9 -2 -8 -1 20 13 19 25 16 -4 24 -14 -11 -10 22 23 -12 -5 -7 29 -22 -6 -19
right_child=1 4 6 17 28 14 7 -9 11 12 21 -13 18 -15 -16 -17 -18 26 -20 -21 27 -23 -24 -25 -26 -27 -28 -29 -30 -31
leaf_value=-0.010122652838056785 -0.0022627130104019995 0.012111108755851797 2.3514916230137786e-05 0.0093236858441490041 -0.0047342902911046703 0.0062419752567034106 0.0010281232539790844 -0.0046062929570538369 0.0064977864956904654 0.0041607032753130015 0.0028441456520409973 0.0030080354337217322 0.01090207839220958 0.007813780757569555 0.011549780728545112 -0.0028427895540999895 0.0059658007640212519 0.0093612794886447689 0.0038636520550622113 -0.0011513550578175593 0.0071369539976359302 -0.0053212572376030165 0.0048911324949463767 -0.0016532816204051001 0.0044060419938891527 -0.0013516608030747224 0.0096966713195034814 -0.0097321594976483398 0.010432741131345217 0.013638315792054557
leaf_weight=64030 1381 1827 1585 634 440 1068 5680 2670 389 1276 1086 1808 855 459 570 14916 670 1408 844 1737 907 7966 686 7644 792 160 344 129 450 350
leaf_count=64030 1381 1827 1585 634 440 1068 5680 2670 389 1276 1086 1808 855 459 570 14916 670 1408 844 1737 907 7966 686 7644 792 160 344 129 450 350
internal_value=-0.000660504 0.00564961 0.00373976 0.0161864 0.0220764 0.0266276 0.000437898 0.00327971 0.00770048 0.00509123 -0.00402042 0.0116254 0.0086724 0.00559908 0.0189155 -0.00179984 0.00426829 0.0272846 0.0149529 0.00318121 0.0185439 -0.00166897 0.000182667 -0.000715923 0.0210168 0.0138518 0.0315366 0.0140637 0.00353932 0.0336803
internal_weight=124761 43349 38834 8142 4515 3625 30692 13521 4614 10851 81412 3233 5171 3472 1798 17171 2255 3528 1699 3013 1425 17382 9416 8730 1426 1228 2102 1036 890 1758
internal_count=124761 43349 38834 8142 4515 3625 30692 13521 4614 10851 81412 3233 5171 3472 1798 17171 2255 3528 1699 3013 1425 17382 9416 8730 1426 1228 2102 1036 890 1758
is_linear=0
shrinkage=0.05


Tree=7
num_leaves=31
num_cat=0
split_feature=9 0 0 7 3 0 9 4 3 10 9 0 0 7 10 9 0 0 3 3 9 0 10 9 0 3 11 9 0 10
split_gain=971.856 492.296 546.822 227.168 130.522 82.7625 81.0562 60.878 51.2346 50.3935 47.1504 45.447 52.9992 55.6126 37.5542 34.3972 33.7821 41.1429 33.3912 31.5819 30.6901 26.9227 26.4603 24.1435 22.4713 26.6553 22.4628 21.5962 21.5853 20.5966
threshold=28.733593750000001 86.500000000000014 14.500000000000002 27.687500000000004 0.66527693225344786 82.500000000000014 26.541666666666668 -0.9497838742125716 0.048362692321690152 1.0000000180025095e-35 30.860677083333339 88.500000000000014 13.500000000000002 26.337500000000006 1.0000000180025095e-35 30.591927083333339 21.500000000000004 45.500000000000007 0.66527693225344786 0.39827038710620805 29.938281250000003 20.500000000000004 1.0000000180025095e-35 34.857812500000001 52.500000000000007 0.67802080537253961 1.0574549747388564 30.108333333333338 69.500000000000014 1.0000000180025095e-35
decision_type=2 2 2 2 2 2 2 2 2 2 2 2 2 2 2 2 2 2 2 2 2 2 2 2 2 2 2 2 2 2
left_child=6 2 3 8 9 7 -1 10 14 -3 -4 12 13 -8 -2 -10 -12 -18 29 22 -5 23 -13 -9 -23 -26 -17 -11 -19 -7
right_child=1 4 5 20 -6 18 11 21 15 27 16 19 -14 -15 -16 26 17 28 -20 -21 -22 24 -24 -25 25 -27 -28 -29 -30 -31
leaf_value=-0.0096165201961539437 0.0067454492149845559 0.011813796953266571 -0.00015981389798782724 0.0051466640024320524 0.0067500102967179721 0.0082937492754060135 5.3851120113402633e-05 0.0020575390870831954 -0.0018408590617085359 0.0063304212193295434 0.0071122657920578208 0.0075462189989772459 -0.0029507793958162215 0.0056348615587804339 0.0037751004696358666 0.0085341973028257006 -8.5702842439200349e-05 0.0065024666310898099 -0.0022024168332613818 -0.0049967234231405094 0.010803423403095733 -0.0038886255629443645 0.0025092321944522097 0.0089771887946563083 0.0011671022725085881 -0.0047510924409636893 0.003791792020113999 0.011260217350485387 0.0027689225072452064 0.0043422178141298692
leaf_weight=64030 716 1555 3852 425 729 687 2339 1536 1027 818 511 287 17323 904 984 344 1752 1752 324 434 2137 8704 896 96 5807 2340 405 513 949 585
leaf_count=64030 716 1555 3852 425 729 687 2339 1536 1027 818 511 287 17323 904 984 344 1752 1752 324 434 2137 8704 896 96 5807 2340 405 513 949 585
internal_value=-0.000727432 0.00587216 0.00405447 0.0177393 0.0234371 0.00119484 -0.00367827 0.000547821 0.00941312 0.0282121 0.00396665 -0.00107357 -0.00170816 0.00415819 0.0156176 0.0034741 0.00718775 0.00579048 0.0122619 0.00699753 0.0290359 -0.00108289 0.0112299 0.00504902 -0.00167676 0.000210506 0.0116222 0.0210706 0.00966124 0.0159119
internal_weight=124761 38548 34933 6038 3615 28895 86213 27299 3476 2886 8816 22183 20566 3243 1700 1776 4964 4453 1596 1617 2562 18483 1183 1632 16851 8147 749 1331 2701 1272
internal_count=124761 38548 34933 6038 3615 28895 86213 27299 3476 2886 8816 22183 20566 3243 1700 1776 4964 4453 1596 1617 2562 18483 1183 1632 16851 8147 749 1331 2701 1272
is_linear=0
shrinkage=0.05


Tree=8
num_leaves=31
num_cat=0
split_feature=9 0 0 7 3 10 3 0 7 9 0 9 0 7 10 0 0 0 10 3 9 10 7 3 4 10 4 11 3 3
split_gain=896.165 460.097 523.138 228.745 119.089 78.2205 70.5591 79.9991 59.1694 57.9396 52.6003 50.0244 47.4927 39.4417 38.5274 38.4863 29.6794 34.0674 28.184 27.1962 25.5584 23.6039 23.452 21.7394 21.309 20.9937 23.4268 20.6956 19.6412 18.6565
threshold=28.330468750000005 86.500000000000014 14.500000000000002 27.012500000000006 0.66527693225344786 1.0000000180025095e-35 0.62587949062545845 81.500000000000014 28.312500000000004 29.979947916666667 20.500000000000004 25.676822916666669 49.500000000000007 25.512500000000006 1.0000000180025095e-35 69.500000000000014 84.500000000000014 9.5000000000000018 1.0000000180025095e-35 0.39827038710620805 30.108333333333338 1.0000000180025095e-35 27.412500000000005 0.86548282553247169 -0.9497838742125716 1.0000000180025095e-35 -0.12545862287572049 0.96799695592670831 -0.73866753694953124 0.25206111083856975
decision_type=2 2 2 2 2 2 2 2 2 2 2 2 2 2 2 2 2 2 2 2 2 2 2 2 2 2 2 2 2 2
left_child=11 2 3 13 5 -3 7 9 14 -4 -11 -1 -12 -2 28 24 17 22 23 25 29 -9 -13 -15 27 26 -18 -14 -5 -7
right_child=1 4 6 8 -6 20 -8 21 -10 10 12 16 15 18 -16 -17 19 -19 -20 -21 -22 -23 -24 -25 -26 -27 -28 -29 -30 -31
leaf_value=-0.010284767208952363 -0.0029425204196661353 0.011033927601124991 -0.001076801727903462 0.0078908805552117909 0.0058848854478727357 0.005792973008140234 -0.0046325453034523926 0.0071426481390788124 0.010503090990558926 0.006271091619279784 -0.00063561039583135347 0.0012255830633811249 0.00090379582902462552 0.0066395413007284453 0.004004226273797617 0.00029978544444517929 0.0081206901160153552 -0.0036275705861370574 0.0026569316761527895 -0.0058514074574594699 0.010697206482961115 0.0036351211898275494 0.011394240208076563 -0.0093306400332395564 0.0028078584860333437 0.0010795807915435901 0.0020920369673019671 0.0071318171227330862 0.008107450282483282 -0.0014485814418859001
leaf_weight=58746 1053 1645 11969 165 801 962 7128 879 1858 1044 5046 2307 400 805 1057 2078 275 17698 1102 737 513 871 65 117 1580 1276 308 1500 632 144
leaf_count=58746 1053 1645 11969 165 801 962 7128 879 1858 1044 5046 2307 400 805 1057 2078 275 17698 1102 737 513 871 65 117 1580 1276 308 1500 632 144
internal_value=-0.000805982 0.00500138 0.00334436 0.0159677 0.0210148 0.0252543 0.000707031 0.00194209 0.0243238 0.00117775 0.00368819 -0.0038982 0.00263391 0.00588723 0.0180043 0.00582224 -0.00190285 -0.00255356 0.00997035 0.00312789 0.0174521 0.0122571 0.00307335 0.0164208 0.00903736 0.00635019 0.014211 0.0126053 0.0263049 0.0131736
internal_weight=124761 43349 39284 6789 4065 3264 32495 25367 3712 23617 11648 81412 10604 3077 1854 5558 22666 20070 2024 2596 1619 1750 2372 922 3480 1859 583 1900 797 1106
internal_count=124761 43349 39284 6789 4065 3264 32495 25367 3712 23617 11648 81412 10604 3077 1854 5558 22666 20070 2024 2596 1619 1750 2372 922 3480 1859 583 1900 797 1106
is_linear=0
shrinkage=0.05


Tree=9
num_leaves=31
num_cat=0
split_feature=9 0 0 7 3 10 0 3 10 10 9 9 9 3 9 3 0 0 0 0 4 9 11 9 8 0 7 3 10 4
split_gain=818.953 418.818 467.473 253.863 109.728 74.4879 74.1281 63.579 57.2192 49.0348 48.1266 45.8093 34.8471 32.7986 31.4806 28.7894 35.5493 40.3032 28.2462 33.2043 25.3668 22.4207 21.1257 30.2645 23.391 20.4592 23.7202 20.1251 16.7497 18.8695
threshold=28.330468750000005 86.500000000000014 18.500000000000004 27.012500000000006 0.58481550752069722 1.0000000180025095e-35 53.500000000000007 0.45273815774107123 1.0000000180025095e-35 1.0000000180025095e-35 25.676822916666669 30.108333333333338 30.591927083333339 0.878110924644389 31.670833333333338 0.39827038710620805 84.500000000000014 12.500000000000002 82.500000000000014 68.500000000000014 -0.93845867424155849 30.108333333333338 1.1118361362686917 32.804166666666674 38.850000000000001 22.500000000000004 27.412500000000005 -0.83847110675477843 1.0000000180025095e-35 -0.12545862287572049
decision_type=2 2 2 2 2 2 2 2 2 2 2 2 2 2 2 2 2 2 2 2 2 2 2 2 2 2 2 2 2 2
left_child=10 2 3 9 5 -3 25 11 22 13 -1 -8 -10 -2 -6 16 17 -12 19 -13 -14 -7 23 27 -24 26 -4 -5 29 -18
right_child=1 4 6 8 14 21 7 -9 12 -11 15 18 20 -15 -16 -17 28 -19 -20 -21 -22 -23 24 -25 -26 -27 -28 -29 -30 -31
leaf_value=-0.0097705288485047462 0.0050789843612846931 0.010745236517063661 -0.00079691319340479305 0.0074964517602429601 -0.0010534408041319677 0.0052189314329756263 0.0011510806007897843 -0.0019269189684956039 0.003176651385518035 1.6034824740509027e-05 0.0020790956057175165 0.0057269161838160304 0.0069945557259640453 -0.0098776077296080789 0.0094700666297929254 -0.0070541283833568105 0.0077146556102145871 -0.0026399743878698146 0.0074599559866136006 0.0019934041880226923 0.0027311893763961544 0.010292314726743008 0.0067951064709929126 0.010777259909321659 0.00074347110526924807 -0.0029212965802477317 0.0048312237153351817 0.0071924015350611275 0.0010256017519664111 0.0019874351189368678
leaf_weight=58746 1491 1537 1255 143 693 1061 5820 4546 1049 2446 2209 2055 466 272 297 6430 275 12168 544 1910 159 477 172 1017 167 14012 549 1211 1276 308
leaf_count=58746 1491 1537 1255 143 693 1061 5820 4546 1049 2446 2209 2055 466 272 297 6430 275 12168 544 1910 159 477 172 1017 167 14012 549 1211 1276 308
internal_value=-0.000897357 0.0046542 0.00307326 0.0133812 0.0199323 0.0245935 0.000187187 0.00272101 0.021802 0.00461036 -0.00385336 0.00488963 0.014534 0.0109671 0.00545454 -0.00189623 -0.000774823 -0.00161612 0.00867265 0.00720681 0.02388 0.016814 0.0262915 0.0279608 0.0146165 -0.00219588 0.00281596 0.023065 0.00573157 0.012753
internal_weight=124761 43349 39284 8593 4065 3075 30691 14875 4384 4209 81412 10329 1674 1763 990 22666 16236 14377 4509 3965 625 1538 2710 2371 339 15816 1804 1354 1859 583
internal_count=124761 43349 39284 8593 4065 3075 30691 14875 4384 4209 81412 10329 1674 1763 990 22666 16236 14377 4509 3965 625 1538 2710 2371 339 15816 1804 1354 1859 583
is_linear=0
shrinkage=0.05


Tree=10
num_leaves=31
num_cat=0
split_feature=9 0 0 7 3 9 0 9 3 10 8 0 0 10 9 3 3 7 3 9 0 0 8 3 10 10 8 0 7 9
split_gain=759.389 376.04 402.587 212.419 103.023 76.3255 57.0596 54.8971 54.6441 45.8567 42.9297 52.8752 55.9027 44.2574 34.2631 33.6175 33.223 31.236 31.0367 25.796 22.689 32.631 21.8344 21.1231 20.4926 20.347 20.3342 19.6121 20.1978 19.6098
threshold=28.815885416666671 85.500000000000014 18.500000000000004 27.512500000000006 0.58481550752069722 26.175000000000008 53.500000000000007 31.758333333333336 0.3504237462291826 1.0000000180025095e-35 32.850000000000001 14.500000000000002 84.500000000000014 1.0000000180025095e-35 32.804166666666674 0.21862473630160603 0.878110924644389 26.612500000000004 0.54219432480460406 31.670833333333338 82.500000000000014 69.500000000000014 34.350000000000001 -0.72696319516528884 1.0000000180025095e-35 1.0000000180025095e-35 40.350000000000001 23.500000000000004 27.912500000000005 30.207291666666666
decision_type=2 2 2 2 2 2 2 2 2 2 2 2 2 2 2 2 2 2 2 2 2 2 2 2 2 2 2 2 2 2
left_child=5 2 3 9 7 -1 27 15 20 16 11 17 -13 -14 -5 24 23 -7 26 -6 21 22 -8 -2 -3 -24 -16 28 -4 -25
right_child=1 4 6 14 19 10 8 -9 -10 -11 -12 12 13 -15 18 -17 -18 -19 -20 -21 -22 -23 25 29 -26 -27 -28 -29 -30 -31
leaf_value=-0.0087676433991334801 0.00579017410290158 0.0096587030421664173 -0.00024731831063655864 0.0059972770170109609 -0.00060509756160915249 0.0014316321161046163 0.0022385152762269436 0.010942594782503201 -0.0013313086927769086 0.00089560821533835413 -0.0059611596873973514 -0.0020835212661470997 0.006822189771486336 0.0013885478125614283 0.0083027066635559098 0.0019989283416069759 -0.0098263709185099565 0.0059945566840492242 0.008076466637086499 0.0088126049514693217 0.0058589851432356678 0.00045155586804985614 0.0035383493925668606 0.0019308756030040454 0.0064562292822844536 0.0098409990538353039 0.010927807244354649 -0.0026675583797722939 0.0045793673406920813 0.0067066149845183519
leaf_weight=61630 368 750 1439 1949 660 2120 2203 910 4473 2264 7678 13020 440 1606 636 267 257 679 258 330 749 3256 1200 597 998 624 393 11760 517 730
leaf_count=61630 368 750 1439 1949 660 2120 2203 910 4473 2264 7678 13020 440 1606 636 267 257 679 258 330 749 3256 1200 597 998 624 393 11760 517 730
internal_value=-0.000958674 0.00498191 0.00327666 0.0135319 0.0196488 -0.00352019 0.000362113 0.0243675 0.00280488 0.00613615 -0.00122206 0.000121745 -0.00105071 0.00663245 0.0231675 0.0197643 0.011752 0.00643265 0.0294988 0.00570707 0.00527141 0.00441919 0.00742861 0.014292 0.0222883 0.0114748 0.0333868 -0.00186498 0.00277096 0.0113527
internal_weight=124761 37588 33673 7452 3915 87173 26221 2925 12505 4216 25543 17865 15066 2046 3236 2015 1952 2799 1287 990 8032 7283 4027 1695 1748 1824 1029 13716 1956 1327
internal_count=124761 37588 33673 7452 3915 87173 26221 2925 12505 4216 25543 17865 15066 2046 3236 2015 1952 2799 1287 990 8032 7283 4027 1695 1748 1824 1029 13716 1956 1327
is_linear=0
shrinkage=0.05


Tree=11
num_leaves=31
num_cat=0
split_feature=9 0 0 7 3 10 0 3 10 9 9 3 0 0 11 3 0 0 9 10 3 9 7 9 10 9 0 3 9 3
split_gain=707.428 353.463 387.578 216.393 91.0163 67.4877 59.5365 56.452 54.614 44.4181 36.4908 35.3537 33.7479 34.0597 30.7562 28.8627 32.693 33.4421 26.0556 26.0115 23.2373 21.8993 18.7824 18.0046 17.7924 17.6688 21.2778 17.64 16.3411 23.717
threshold=28.330468750000005 86.500000000000014 18.500000000000004 27.512500000000006 0.58481550752069722 1.0000000180025095e-35 52.500000000000007 0.66527693225344786 1.0000000180025095e-35 25.308854166666666 32.804166666666674 0.878110924644389 82.500000000000014 68.500000000000014 1.1118361362686917 0.39827038710620805 86.500000000000014 15.500000000000002 31.670833333333338 1.0000000180025095e-35 0.3342611484689354 30.108333333333338 27.412500000000005 29.979947916666667 1.0000000180025095e-35 31.988020833333334 22.500000000000004 0.30164402523644185 31.817708333333336 0.21862473630160603
decision_type=2 2 2 2 2 2 2 2 2 2 2 2 2 2 2 2 2 2 2 2 2 2 2 2 2 2 2 2 2 2
left_child=9 2 3 8 5 28 25 12 11 -1 -5 -2 13 21 -12 16 17 22 -6 -14 -10 -8 -11 -7 -18 -4 -27 -16 29 -3
right_child=1 4 6 10 18 23 7 -9 20 15 14 -13 19 -15 27 -17 24 -19 -20 -21 -22 -23 -24 -25 -26 26 -28 -29 -30 -31
leaf_value=-0.0091323006566798211 0.0049497757935301782 0.0090404032904030911 -0.0032883194427898543 0.0056806435969392853 -0.00075482684442559824 0.0045716879316489581 0.0012332461095881089 -0.0038171079066673928 0.0023656722421272584 0.0012937491074881391 0.0097749613648776545 -0.0088600181787913054 0.0069041094423409749 -0.00014915675273846076 0.0055401685799673197 -0.0065222927053618825 0.006186263676242189 -0.0025924834678923863 0.0085559330507298161 0.0030008912435225926 -0.0047660713973934456 0.0045839485533867895 0.011021080100841268 0.0093628424466111315 0.0010351844894746721 0.0049939717196711662 -0.00029946741973501442 0.00083453084827536108 0.01025467837248425 0.00013838368927498792
leaf_weight=56346 1937 774 11692 2048 693 1043 3037 3026 1979 2944 1047 276 727 5056 90 7102 531 13277 297 713 1066 2768 60 495 1152 432 3240 150 675 88
leaf_count=56346 1937 774 11692 2048 693 1043 3037 3026 1979 2944 1047 276 727 5056 90 7102 531 13277 297 713 1066 2768 60 495 1152 432 3240 150 675 88
internal_value=-0.00100957 0.00415015 0.00269779 0.0120837 0.0181857 0.0224309 6.9889e-05 0.00227474 0.00576455 -0.00375694 0.0220465 0.011742 0.00377977 0.00282617 0.0286441 -0.00200591 -0.000939102 -0.0016249 0.005 0.0109722 0.00142036 0.00543928 0.00313915 0.015026 0.00569519 -0.00212965 0.000895968 0.0125 0.0298406 0.0252784
internal_weight=124761 43349 39284 8593 4065 3075 30691 15327 5258 81412 3335 2213 12301 10861 1287 25066 17964 16281 990 1440 3045 5805 3004 1538 1683 15364 3672 240 1537 862
internal_count=124761 43349 39284 8593 4065 3075 30691 15327 5258 81412 3335 2213 12301 10861 1287 25066 17964 16281 990 1440 3045 5805 3004 1538 1683 15364 3672 240 1537 862
is_linear=0
shrinkage=0.05


Tree=12
num_leaves=31
num_cat=0
split_feature=9 0 0 7 3 10 3 7 0 9 9 0 3 0 0 10 0 0 9 9 11 4 4 9 9 7 10 9 3 3
split_gain=650.244 322.744 359.862 166.67 84.4895 68.0754 56.2499 53.1144 50.063 42.9799 39.0649 37.5459 28.8777 29.6637 31.6532 28.79 26.7175 28.0727 22.8467 22.2415 21.235 18.3501 18.1821 17.927 16.8773 16.69 16.5394 16.1812 21.8535 15.6918
threshold=28.330468750000005 86.500000000000014 14.500000000000002 27.987500000000004 0.58481550752069722 1.0000000180025095e-35 0.66527693225344786 26.112500000000004 80.500000000000014 25.308854166666666 29.979947916666667 20.500000000000004 0.39827038710620805 84.500000000000014 16.500000000000004 1.0000000180025095e-35 48.500000000000007 70.500000000000014 31.538281250000004 31.670833333333338 1.1016663470368233 -0.99761278905001471 -0.9497838742125716 33.061197916666671 27.717968750000001 27.812500000000004 1.0000000180025095e-35 31.817708333333336 0.21862473630160603 0.61237135649459018
decision_type=2 2 2 2 2 2 2 2 2 2 2 2 2 2 2 2 2 2 2 2 2 2 2 2 2 2 2 2 2 2
left_child=9 2 3 7 5 27 8 -2 10 -1 -4 23 13 14 -11 29 -13 21 -5 -6 -20 -18 -22 -12 -15 -7 -10 28 -3 -9
right_child=1 4 6 18 19 25 -8 15 26 12 11 16 -14 24 -16 -17 17 -19 20 -21 22 -23 -24 -25 -26 -27 -28 -29 -30 -31
leaf_value=-0.0086756856238458298 0.00010878118094721388 0.0085883831258829341 -0.0010873006781731752 0.0053836624780188198 -0.00071708550220431688 0.0031367265591360771 -0.0045551832189279209 0.0055157473644122101 0.0056308403753968575 0.0013999524212466945 0.0026281135319760236 -0.00057764668314552649 -0.0061961780700937885 0.00085182137182265622 -0.0027021038555472333 0.0032158694668985191 0.0067073063038444007 -0.00076645630534064577 0.009147071661648366 0.0081281363981933284 0.0072449030242993182 0.0031370495482779489 0.006702699747289988 0.0062818851342322903 0.0039729624028602695 0.0075952314552782205 0.0028168342108818769 0.0097419444538600353 0.00013146450481123841 0.0053294261662416055
leaf_weight=56346 1600 774 11989 662 693 602 6408 965 1091 3191 702 5068 7102 1430 12716 1703 528 1802 1101 297 161 3454 258 384 627 936 1069 675 88 339
leaf_count=56346 1600 774 11989 662 693 602 6408 965 1091 3191 702 5068 7102 1430 12716 1703 528 1802 1101 297 161 3454 258 384 627 936 1069 675 88 339
internal_value=-0.00105846 0.00388832 0.00250051 0.0129702 0.0173001 0.0213902 0.000313124 0.00757868 0.00134415 -0.00369245 0.000686044 0.00271067 -0.00197 -0.000902918 -0.00163356 0.0114948 0.00182363 0.00414592 0.0243538 0.00459596 0.0277303 0.0064892 0.0181504 0.0115746 0.0047472 0.0139532 0.00863426 0.0288321 0.0242923 0.0170859
internal_weight=124761 43349 39284 6789 4065 3075 32495 4607 26087 81412 23927 11938 25066 17964 15907 3007 10852 5784 2182 990 1520 3982 419 1086 2057 1538 2160 1537 862 1304
internal_count=124761 43349 39284 6789 4065 3075 32495 4607 26087 81412 23927 11938 25066 17964 15907 3007 10852 5784 2182 990 1520 3982 419 1086 2057 1538 2160 1537 862 1304
is_linear=0
shrinkage=0.05


Tree=13
num_leaves=31
num_cat=0
split_feature=9 0 0 7 7 3 0 10 9 3 9 11 7 3 3 3 0 10 0 7 3 10 0 10 3 8 9 4 8 0
split_gain=591.144 293.435 308.003 176.382 77.7155 59.0534 56.9993 45.8438 40.7089 36.8348 34.7147 32.4174 31.2891 30.3003 26.4741 23.5025 22.8384 21.8851 20.4865 18.7888 18.583 20.8676 25.7774 18.5033 17.1848 27.5694 18.4448 17.1235 15.3402 15.0205
threshold=28.330468750000005 87.500000000000014 18.500000000000004 27.512500000000006 29.312500000000004 0.23537774960157334 80.500000000000014 1.0000000180025095e-35 26.175000000000008 0.45273815774107123 32.804166666666674 1.1118361362686917 33.812500000000007 0.878110924644389 -0.50556189049999822 0.52766072109828632 89.500000000000014 1.0000000180025095e-35 6.5000000000000009 26.112500000000004 0.06553689391773225 1.0000000180025095e-35 57.500000000000007 1.0000000180025095e-35 0.54219432480460406 40.350000000000001 34.620833333333344 -0.83849291496497236 38.45000000000001 57.500000000000007
decision_type=2 2 2 2 2 2 2 2 2 2 2 2 2 2 2 2 2 2 2 2 2 2 2 2 2 2 2 2 2 2
left_child=8 2 3 7 5 17 9 13 -1 12 -5 24 28 -2 16 23 18 -3 -10 -9 21 -14 -23 -8 25 -12 -26 -6 29 -4
right_child=1 4 6 10 27 -7 15 19 14 -11 11 -13 20 -15 -16 -17 -18 -19 -20 -21 -22 22 -24 -25 26 -27 -28 -29 -30 -31
leaf_value=-0.0075622032838143123 0.0045556979801599914 0.0074272586440197186 -0.0017631596962157448 0.0051101847317541037 0.010111166162584413 0.0026154078797099322 0.0059499516199814292 -0.0032593343196895409 0.0025900561095270956 -0.0037002129954095465 0.0078405589293457922 0.0032377108478277685 0.002474993745895041 -0.0085416030931053048 -0.0043884985341958119 -0.00037672921337328726 0.0037115442718905034 0.0047848317943075978 -0.0009820240153890381 0.0026965709983447854 0.000742413745190614 0.0017772527571948715 0.011389037676898523 0.0028495062065896481 0.0099645636052418801 0.0096472458223507713 -0.00027688376198393706 0.0068495076455681722 0.0033070640463103043 0.00075604997396413933
leaf_weight=61630 1937 601 9379 2048 862 876 1140 1356 813 8554 490 240 1469 276 8734 875 690 1014 9545 1689 2214 358 328 1129 100 374 83 262 538 5157
leaf_count=61630 1937 601 9379 2048 862 876 1140 1356 813 8554 490 240 1469 276 8734 875 690 1014 9545 1689 2214 358 328 1129 100 374 83 262 538 5157
internal_value=-0.0011282 0.00358843 0.00234761 0.0107279 0.0172268 0.0123023 3.51615e-05 0.00502282 -0.00363964 -0.000681681 0.0197226 0.0261577 0.000521266 0.0104993 -0.00166616 0.00641857 -3.98274e-05 0.0179721 -0.00062657 0.00104269 0.00424697 0.0075522 0.0147522 0.00910313 0.029957 0.0329051 0.0160383 0.0281406 -0.000558579 -0.000865439
internal_weight=124761 43349 39734 8593 3615 2491 31141 5258 81412 27997 3335 1287 19443 2213 19782 3144 11048 1615 10358 3045 4369 2155 686 2269 1047 864 183 1124 15074 14536
internal_count=124761 43349 39734 8593 3615 2491 31141 5258 81412 27997 3335 1287 19443 2213 19782 3144 11048 1615 10358 3045 4369 2155 686 2269 1047 864 183 1124 15074 14536
is_linear=0
shrinkage=0.05


Tree=14
num_leaves=31
num_cat=0
split_feature=9 0 0 9 0 7 3 3 3 0 3 3 10 0 10 4 9 3 8 0 0 9 3 9 3 0 9 11 0 9
split_gain=553.806 215.66 276.787 141.385 91.1921 62.2038 60.9369 54.5249 53.592 61.897 51.8128 28.974 27.598 26.35 26.0348 23.9751 22.1402 22.8369 20.9019 20.8566 19.125 18.9347 39.5429 18.1715 17.5489 16.2508 15.7847 14.0402 15.7124 17.5149
threshold=29.979947916666667 14.500000000000002 85.500000000000014 27.717968750000001 87.500000000000014 27.512500000000006 0.23537774960157334 0.58481550752069722 0.38243310158943505 8.5000000000000018 0.06553689391773225 -0.93235440815991333 1.0000000180025095e-35 20.500000000000004 1.0000000180025095e-35 -0.99983123799342477 32.32473958333334 0.06553689391773225 39.750000000000007 81.500000000000014 80.500000000000014 34.857812500000001 0.54940630780725741 33.061197916666671 0.86548282553247169 8.5000000000000018 32.957552083333347 1.0779742005359896 22.500000000000004 29.557031250000005
decision_type=2 2 2 2 2 2 2 2 2 2 2 2 2 2 2 2 2 2 2 2 2 2 2 2 2 2 2 2 2 2
left_child=3 5 10 11 8 24 14 16 9 12 15 25 -5 23 -6 18 17 -4 -3 27 -17 -7 -23 -12 -2 -1 -15 -11 29 -29
right_child=1 2 7 4 6 21 -8 -9 -10 19 13 -13 -14 26 -16 20 -18 -19 -20 -21 -22 22 -24 -25 -26 -27 -28 28 -30 -31
leaf_value=0.0020705764721425128 0.0051650434078783641 0.013559127528407267 0.0093183814024180578 0.0051336491905381015 0.0063931195382818514 0.0064113215793095259 -0.0026899089329769023 0.0066373405001929316 -0.0055985463199491881 -0.0011155891372083065 0.001425078785762748 -0.0068634635617943092 0.0021956340892175102 -0.0025949006550522106 0.0038356702280293539 0.0021178690681476703 0.0089566183197794975 0.0026949354885149701 0.0025480380049235311 0.0030786477392049437 0.0058241557775087034 0.0094354888393532611 -4.8081687576553848e-05 0.0054048439881375669 -0.0062900146104623916 -0.0021231000257815077 0.00064451868367346166 0.003977322277401777 0.00038439697188907574 -0.0014398425885363097
leaf_weight=989 1057 142 620 643 568 1815 632 700 6428 12896 558 63256 1379 5778 1176 5406 730 297 213 1338 404 345 75 330 237 9483 3835 448 2773 210
leaf_count=989 1057 142 620 643 568 1815 632 700 6428 12896 558 63256 1379 5778 1176 5406 730 297 213 1338 404 345 75 330 237 9483 3835 448 2773 210
internal_value=-0.00115866 0.00593514 0.00382817 -0.00272303 0.000268329 0.0172868 0.00964646 0.0199041 -0.000584914 0.00070935 0.00156426 -0.00387899 0.00899604 -0.000571851 0.0144667 0.00520276 0.0248725 0.0197001 0.0178169 -0.000239175 0.00443201 0.0223378 0.0319048 0.00766892 0.0085626 -0.0014429 -0.00133309 -0.000730999 0.00211163 0.00905775
internal_weight=124761 22542 19013 102219 28491 3529 2376 2347 26115 19687 16666 73728 2022 10501 1744 6165 1647 917 355 17665 5810 2235 420 888 1294 10472 9613 16327 3431 658
internal_count=124761 22542 19013 102219 28491 3529 2376 2347 26115 19687 16666 73728 2022 10501 1744 6165 1647 917 355 17665 5810 2235 420 888 1294 10472 9613 16327 3431 658
is_linear=0
shrinkage=0.05


Tree=15
num_leaves=31
num_cat=0
split_feature=9 0 0 9 3 0 7 0 3 3 3 9 3 9 10 3 0 0 0 10 3 9 10 9 10 4 11 9 10 0
split_gain=515.249 197.962 267.405 130.876 78.3599 95.1708 70.3691 64.1339 50.8368 46.3613 24.4371 23.2197 46.1273 22.4337 21.4207 21.0364 20.7707 29.5286 20.6002 28.4516 19.4932 18.2721 17.8627 17.28 16.8661 16.233 15.7535 14.6792 13.5549 13.2647
threshold=29.979947916666667 18.500000000000004 85.500000000000014 27.070312500000004 0.38243310158943505 88.500000000000014 27.512500000000006 6.5000000000000009 0.58481550752069722 0.06553689391773225 -0.93235440815991333 34.857812500000001 0.54940630780725741 32.32473958333334 1.0000000180025095e-35 -0.93235440815991333 57.500000000000007 19.500000000000004 54.500000000000007 1.0000000180025095e-35 0.06553689391773225 27.717968750000001 1.0000000180025095e-35 32.957552083333347 1.0000000180025095e-35 -0.44505783185115427 1.145836891908117 10.96640625 1.0000000180025095e-35 81.500000000000014
decision_type=2 2 2 2 2 2 2 2 2 2 2 2 2 2 2 2 2 2 2 2 2 2 2 2 2 2 2 2 2 2
left_child=3 6 9 15 5 7 10 14 13 18 -2 -8 -13 20 -5 -1 17 24 -3 29 -4 -7 -23 -11 -9 28 -15 -17 -12 -20
right_child=1 2 8 4 -6 21 11 16 -10 23 25 12 -14 26 -16 27 -18 -19 19 -21 -22 22 -24 -25 -26 -27 -28 -29 -30 -31
leaf_value=-0.001657217451013161 0.0077213928078256229 0.00098594956466802009 0.008852462332297157 0.0051146748484398388 -0.0051766678265962249 0.00044352894443637101 0.0059410299203602208 0.0025828045606485325 0.0063054734751832849 -0.0023508340751915878 0.0053164545144051643 0.0083509576175899557 -0.00025658861184109388 0.0086426756492479825 0.0023424325377713168 -0.00094585167750324832 0.00089295643414029769 -0.0026813195835420985 0.0014966239179113991 0.0078147875905590202 0.0025601887140892219 0.0061487809140599071 0.0038237004038225533 0.0009204894215139774 9.5075853404105094e-06 -0.0051740127695444832 0.0020097832611880085 -0.0075195693066379193 0.0016710049327562195 0.0064758912057282575
leaf_weight=8744 50 3132 620 585 8452 315 2119 1079 700 5956 839 431 95 660 1304 3456 8317 10219 1485 981 297 497 1071 3953 2412 274 70 55768 661 219
leaf_count=8744 50 3132 620 585 8452 315 2119 1079 700 5956 839 431 95 660 1304 3456 8317 10219 1485 981 297 497 1071 3953 2412 274 70 55768 661 219
internal_value=-0.0011823 0.0056601 0.0033301 -0.00269123 -0.000170945 0.00119791 0.0150828 0.000345792 0.0190733 0.000980541 0.00752741 0.020293 0.0296958 0.0238707 0.0091874 -0.00396128 -0.00041245 -0.00160832 0.00452381 0.00773743 0.0186641 0.0120207 0.0142283 -0.00109951 0.00236179 0.0065558 0.030411 -0.00429927 0.0086 0.00383216
internal_weight=124761 22542 18073 102219 34251 25799 4469 23916 2347 15726 1824 2645 526 1647 1889 67968 22027 13710 5817 2685 917 1883 1568 9909 3491 1774 730 59224 1500 1704
internal_count=124761 22542 18073 102219 34251 25799 4469 23916 2347 15726 1824 2645 526 1647 1889 67968 22027 13710 5817 2685 917 1883 1568 9909 3491 1774 730 59224 1500 1704
is_linear=0
shrinkage=0.05


Tree=16
num_leaves=31
num_cat=0
split_feature=9 0 0 9 3 0 7 0 3 3 9 3 0 10 10 3 9 0 4 8 4 11 9 8 0 10 9 9 10 0
split_gain=476.08 180.709 242.123 121.636 73.0526 82.3884 67.8215 61.6764 45.584 39.263 31.2038 46.1747 30.8825 28.0675 25.0595 21.1349 20.8782 18.0022 17.0442 21.5054 16.4498 18.8967 15.6812 15.5774 15.4764 16.7389 15.4216 15.1031 15.058 18.7582
threshold=29.979947916666667 87.500000000000014 19.500000000000004 27.070312500000004 0.38243310158943505 83.500000000000014 27.012500000000006 13.500000000000002 0.23537774960157334 0.58481550752069722 34.857812500000001 0.54940630780725741 81.500000000000014 1.0000000180025095e-35 1.0000000180025095e-35 -0.93235440815991333 31.758333333333336 55.500000000000007 -0.99983123799342477 39.750000000000007 -0.99983123799342477 1.1049966690345681 12.483854166666669 34.050000000000004 67.500000000000014 1.0000000180025095e-35 32.957552083333347 27.717968750000001 1.0000000180025095e-35 30.500000000000004
decision_type=2 2 2 2 2 2 2 2 2 2 2 2 2 2 2 2 2 2 2 2 2 2 2 2 2 2 2 2 2 2
left_child=3 2 6 15 5 7 -2 14 12 16 20 -12 18 27 23 -1 -3 -9 19 -4 -8 -22 28 -5 25 -19 -10 -7 -17 -30
right_child=1 9 8 4 -6 13 10 17 26 -11 11 -13 -14 -15 -16 22 -18 24 -20 -21 21 -23 -24 -25 -26 -27 -28 -29 29 -31
leaf_value=-0.0015743565784625002 0.0030568821110475469 0.0075345455423758622 0.013240478568202469 0.0041089649093159269 -0.0049178344352664143 0.00025476081530552896 0.011632975108430308 -0.0020019408653788096 -0.0028518865137319078 0.006541093145687943 0.0079090951091482335 -0.00024919032999372613 0.0059394202605793306 0.0024866888884532224 0.0015673783237660508 -0.010086033031909941 0.0082461150697261901 -0.0016674092100799364 0.0014922470830318014 0.0010354970385468064 0.0056802612932084912 0.0024741345937508829 -0.0075383194791669205 -0.00055972995704031648 -0.00098675474713308333 0.002703343015157325 0.00072228686087482123 0.005618916364796024 -0.010964774791214776 0.00095617491316306509
leaf_weight=8744 1473 591 124 970 8452 144 60 11290 5091 560 458 100 661 2228 2605 3936 728 996 6565 186 2079 534 50008 196 4287 2231 3332 852 1705 3575
leaf_count=8744 1473 591 124 970 8452 144 60 11290 5091 560 458 100 661 2228 2605 3936 728 996 6565 186 2079 534 50008 196 4287 2231 3332 852 1705 3575
internal_value=-0.00122318 0.005354 0.00400402 -0.00267362 -0.000243936 0.00107775 0.0139732 9.96559e-06 0.00106554 0.0201996 0.0180269 0.0287814 0.00389066 0.00855459 0.00584593 -0.00389801 0.024909 -0.00116039 0.00289818 0.0143548 0.0157819 0.0151875 -0.0042368 0.0119382 0.000735958 0.00335141 -0.00146207 0.0155321 -0.00234158 -0.000596592
internal_weight=124761 22542 20663 102219 34251 25799 4704 22575 15959 1879 3231 558 7536 3224 3771 67968 1319 18804 6875 310 2673 2613 59224 1166 7514 3227 8423 996 9216 5280
internal_count=124761 22542 20663 102219 34251 25799 4704 22575 15959 1879 3231 558 7536 3224 3771 67968 1319 18804 6875 310 2673 2613 59224 1166 7514 3227 8423 996 9216 5280
is_linear=0
shrinkage=0.05


Tree=17
num_leaves=31
num_cat=0
split_feature=9 0 0 9 3 0 7 0 3 3 3 10 9 10 11 11 8 3 0 10 4 3 0 0 9 9 10 11 4 10
split_gain=434.565 161.327 215.998 115.099 73.5239 74.9729 61.4756 58.6955 40.0971 38.7591 22.8287 22.4674 21.6581 21.0826 20.9564 19.4587 26.2642 31.2083 18.6442 23.2793 17.1162 16.867 16.5841 27.776 16.1322 15.704 14.9012 14.7091 14.6841 14.4925
threshold=29.979947916666667 18.500000000000004 86.500000000000014 26.541666666666668 0.38243310158943505 88.500000000000014 28.037500000000005 6.5000000000000009 0.06553689391773225 0.58481550752069722 -0.93235440815991333 1.0000000180025095e-35 31.758333333333336 1.0000000180025095e-35 1.145836891908117 1.1098813432497676 40.050000000000004 0.52766072109828632 54.500000000000007 1.0000000180025095e-35 -0.44505783185115427 -0.93235440815991333 57.500000000000007 19.500000000000004 32.957552083333347 12.483854166666669 1.0000000180025095e-35 0.78920070979102952 -0.99983123799342477 1.0000000180025095e-35
decision_type=2 2 2 2 2 2 2 2 2 2 2 2 2 2 2 2 2 2 2 2 2 2 2 2 2 2 2 2 2 2
left_child=3 6 8 21 5 7 10 11 18 12 -2 -5 -4 -7 -14 16 28 -18 -3 -20 26 27 23 29 -10 -23 -12 -1 -8 -9
right_child=1 2 9 4 -6 13 15 22 24 -11 20 -13 14 -15 -16 -17 17 -19 19 -21 -22 25 -24 -25 -26 -27 -28 -29 -30 -31
leaf_value=0.0037882907249862461 0.0071055321525602018 0.00082179452506203328 0.006894872257081225 0.0045318398704699064 -0.0046129172817770845 0.005375126831022853 0.011371017790549488 0.0022326142685371426 -0.002145156626697016 0.0058943855881284368 0.0049001182906458661 0.0020808811686964354 0.0078675738296881577 0.0027197427606208274 0.0014411282709350605 0.0025001251348178849 0.0079290483283033092 0.0068632783470662859 0.0025998022473258942 0.0071675575714270287 -0.0051548288851907985 -0.0028806294077336073 0.00058990259195351984 -0.0025798291705251709 0.00096309282713799072 -0.0076462038912231307 0.001599974942923366 -0.0021943955033847718 0.0053914647135720932 6.7659333384394309e-06
leaf_weight=288 55 3132 664 631 9698 623 57 1157 6044 630 1072 1458 738 1456 81 398 393 175 1759 1013 279 9216 9185 11283 4012 47706 857 6820 1183 2698
leaf_count=288 55 3132 664 631 9698 623 57 1157 6044 630 1072 1458 738 1456 81 398 393 175 1759 1013 279 9216 9185 11283 4012 47706 857 6820 1183 2698
internal_value=-0.00127368 0.0050102 0.00290682 -0.00265944 -0.000486922 0.000793056 0.0135164 7.34503e-05 0.000917919 0.0179295 0.00772647 0.00811632 0.0223432 0.00993506 0.0277839 0.019456 0.0216593 0.0305634 0.00418868 0.00717532 0.00693388 -0.00395518 -0.000617318 -0.0016343 -0.00100239 -0.00424195 0.00860809 -0.0016587 0.0175806 0.00202983
internal_weight=124761 22542 18073 102219 38189 28491 4469 26412 15960 2113 2263 2089 1483 2079 819 2206 1808 568 5904 2772 2208 64030 24323 15138 10056 56922 1929 7108 1240 3855
internal_count=124761 22542 18073 102219 38189 28491 4469 26412 15960 2113 2263 2089 1483 2079 819 2206 1808 568 5904 2772 2208 64030 24323 15138 10056 56922 1929 7108 1240 3855
is_linear=0
shrinkage=0.05


Tree=18
num_leaves=31
num_cat=0
split_feature=9 0 0 9 3 0 0 7 3 3 10 4 8 9 8 3 0 0 9 3 8 8 11 10 4 0 0 9 11 9
split_gain=399.49 146.479 185.331 109.589 72.5045 75.3686 62.5602 45.4209 38.1346 36.5899 25.8302 25.2711 21.3051 21.1835 18.9676 17.4294 17.2897 28.0987 21.9477 16.8675 15.9571 27.2211 15.4813 15.439 16.2023 15.0448 21.6466 14.895 13.5839 16.0987
threshold=29.979947916666667 14.500000000000002 85.500000000000014 25.676822916666669 0.38243310158943505 87.500000000000014 8.5000000000000018 28.912500000000005 0.58481550752069722 0.61237135649459018 1.0000000180025095e-35 -0.99983123799342477 33.550000000000004 32.32473958333334 39.750000000000007 0.06553689391773225 22.500000000000004 45.500000000000007 34.620833333333344 0.89404822654372251 43.20000000000001 40.050000000000004 1.145836891908117 1.0000000180025095e-35 -0.10837475778693638 56.500000000000007 19.500000000000004 10.96640625 1.1016663470368233 31.538281250000004
decision_type=2 2 2 2 2 2 2 2 2 2 2 2 2 2 2 2 2 2 2 2 2 2 2 2 2 2 2 2 2 2
left_child=3 7 9 27 5 6 23 12 13 11 -7 14 -2 15 -3 -4 18 -18 -13 28 21 -9 -15 24 -5 26 -8 -1 29 -14
right_child=1 2 8 4 -6 10 25 20 -10 -11 -12 16 19 22 -16 -17 17 -19 -20 -21 -22 -23 -24 -25 -26 -27 -28 -29 -30 -31
leaf_value=-0.00075351224072365305 0.0068412895954191068 0.011714433269962781 0.0077278867473725742 0.0049597325986222122 -0.0042654596613285354 0.0052387006009903276 0.00063764419189983926 0.0052476945514241769 0.0053726569777076466 -0.0025338689097672926 0.0021306463907175043 0.0018217644554444055 0.003937040984469657 0.0074384988538778122 0.001901578524867401 0.0018542490443167999 -0.0015313824687315464 0.0021443131240890668 0.0049333721024318392 -0.0077839962248446616 0.00012856733582971409 0.0080053873571031883 0.0014249319310955467 0.0018839364907509164 0.00038533960151958474 0.00023763182913994542 -0.0027066848661786696 -0.006927610688192672 0.00096852437172263706 0.0057154296332411654
leaf_weight=3456 75 142 620 733 11234 880 3690 913 700 4544 1808 1096 951 660 213 297 3818 6621 232 207 86 394 70 2040 265 10394 12429 55290 416 487
leaf_count=3456 75 142 620 733 11234 880 3690 913 700 4544 1808 1096 951 660 213 297 3818 6621 232 207 86 394 70 2040 265 10394 12429 55290 416 487
internal_value=-0.00130975 0.0047152 0.00297875 -0.00263841 -0.000735285 0.000470082 -0.000259045 0.0140706 0.0161334 0.00112624 0.00848586 0.00256063 0.0094897 0.0202884 0.0157042 0.015229 0.0021641 0.0014805 0.00753765 0.00853712 0.0210948 0.0224675 0.0266438 0.00653719 0.0116333 -0.00103779 -0.00199423 -0.00404674 0.0100485 0.0123505
internal_weight=124761 22542 19013 102219 43473 32239 29551 3529 2347 16666 2688 12122 2136 1647 355 917 11767 10439 1328 2061 1393 1307 730 3038 998 26513 16119 58746 1854 1438
internal_count=124761 22542 19013 102219 43473 32239 29551 3529 2347 16666 2688 12122 2136 1647 355 917 11767 10439 1328 2061 1393 1307 730 3038 998 26513 16119 58746 1854 1438
is_linear=0
shrinkage=0.05


Tree=19
num_leaves=31
num_cat=0
split_feature=9 0 0 9 7 0 7 3 3 11 3 8 3 11 4 11 4 9 10 0 10 9 0 0 0 4 10 3 9 11
split_gain=374.046 169.085 162.026 132.12 61.3175 43.7681 43.2772 36.7156 34.3321 33.3465 32.2293 24.359 22.3107 20.0184 19.9395 18.6225 17.4094 18.3183 17.5725 21.6773 15.6527 15.2312 14.5188 14.1686 14.0408 13.9692 12.6359 12.6285 12.3475 12.942
threshold=28.080729166666668 87.500000000000014 19.500000000000004 31.538281250000004 29.612500000000004 52.500000000000007 26.112500000000004 0.72695311118111527 -0.93235440815991333 1.1016663470368233 0.23537774960157334 40.350000000000001 0.52766072109828632 0.965987090558455 -0.99938741687870725 1.1064219518172318 -0.61915584096709908 12.483854166666669 1.0000000180025095e-35 29.500000000000004 1.0000000180025095e-35 34.620833333333344 8.5000000000000018 87.500000000000014 47.500000000000007 -0.83849291496497236 1.0000000180025095e-35 -0.83847110675477843 29.327864583333341 0.99290724717615986
decision_type=2 2 2 2 2 2 2 2 2 2 2 2 2 2 2 2 2 2 2 2 2 2 2 2 2 2 2 2 2 2
left_child=8 2 3 6 10 -4 -2 13 22 11 -3 -5 -13 -7 -11 25 -10 18 -18 -20 27 -14 -1 -24 -21 -6 -25 -8 -15 -30
right_child=1 4 5 9 15 7 20 -9 16 14 -12 12 21 28 -16 -17 17 -19 19 24 -22 -23 23 26 -26 -27 -28 -29 29 -31
leaf_value=0.0016955178653080814 -0.0012715269961636412 0.0045068096477072356 -0.002040082047282846 0.0050527676889777443 0.007793381478338985 -0.00053188223061705401 0.0045034129350871605 -0.0034803824372715759 -0.00098313630955264623 0.0062705514472468984 0.0014912542553424169 0.0074195971984003239 0.0062699460011578978 0.00064529561364332923 0.0027680993754294206 0.0050572141278999892 -0.0091771346660475522 -0.0068204945508841906 -0.010415174278252408 0.004025674056638103 0.002014791565875832 0.00056739008047179684 -0.0020660046064111932 0.0048630429670225069 2.3851749904105215e-05 0.0052940081246583498 0.00013882286043575111 0.0030543849011236968 0.0043197337669055964 0.0023377184168720711
leaf_weight=1097 2597 1893 16068 1300 630 3746 368 2835 6244 80 1002 340 160 3185 684 196 3936 50968 1650 990 2683 100 9559 328 2640 174 640 1432 1120 6116
leaf_count=1097 2597 1893 16068 1300 630 3746 368 2835 6244 80 1002 340 160 3185 684 196 3936 50968 1650 990 2683 100 9559 328 2640 174 640 1432 1120 6116
internal_value=-0.001337 0.00220204 0.00129467 0.00696121 0.0121759 -0.000374963 0.00338983 0.00139336 -0.00345488 0.0164527 0.00848877 0.02 0.0283333 0.00243277 0.00763089 0.02285 -0.00389354 -0.00415426 -0.00210287 -0.000217804 0.00636516 0.0173077 -0.00094804 -0.00151848 0.00194215 0.0262189 0.00424587 0.00997222 0.00355964 0.00470149
internal_weight=124761 46709 42814 9744 3895 33070 7080 17002 78052 2664 2895 1900 600 14167 764 1000 66428 60184 9216 5280 4483 260 11624 10527 3630 804 968 1800 10421 7236
internal_count=124761 46709 42814 9744 3895 33070 7080 17002 78052 2664 2895 1900 600 14167 764 1000 66428 60184 9216 5280 4483 260 11624 10527 3630 804 968 1800 10421 7236
is_linear=0
shrinkage=0.05


Tree=20
num_leaves=31
num_cat=0
split_feature=9 0 0 9 7 3 3 3 0 3 11 9 0 9 0 0 4 8 10 0 0 8 11 3 9 8 9 9 8 0
split_gain=346.474 148.945 144.04 99.2537 53.5233 41.3604 33.6488 33.191 29.4257 29.1855 26.1806 22.6757 24.1518 21.7319 19.0402 19.7032 18.8838 18.601 19.8812 24.1368 18.0287 17.5419 16.5281 14.7227 14.6341 14.675 14.3309 13.9213 13.6809 13.1942
threshold=28.080729166666668 87.500000000000014 13.500000000000002 31.538281250000004 29.412500000000005 0.66527693225344786 -0.93235440815991333 0.36648264796514479 80.500000000000014 0.23537774960157334 1.1016663470368233 29.979947916666667 22.500000000000004 34.857812500000001 47.500000000000007 69.500000000000014 -0.42958798411962301 20.200000000000006 1.0000000180025095e-35 31.500000000000004 46.500000000000007 40.350000000000001 1.1064219518172318 0.52766072109828632 29.979947916666667 33.550000000000004 34.620833333333344 31.538281250000004 30.650000000000002 10.500000000000002
decision_type=2 2 2 2 2 2 2 2 2 2 2 2 2 2 2 2 2 2 2 2 2 2 2 2 2 2 2 2 2 2
left_child=6 2 3 7 9 8 29 24 11 -3 21 28 13 -13 -14 -16 -8 18 -18 -20 -21 -5 27 -23 -2 -26 -25 -6 -4 -1
right_child=1 4 5 10 22 -7 16 -9 -10 -11 -12 12 14 -15 15 -17 17 -19 19 20 -22 23 -24 26 25 -27 -28 -29 -30 -31
leaf_value=0.0014416075721233016 0.0022492707147561872 0.004259767129529966 0.0038402533251401375 0.0050867435102927563 0.005596513897225916 -0.0034873426920610873 -0.0011187839238288569 -0.002342077915608459 0.0031079726512761806 0.0011093822130364972 0.0039067592389940798 0.0019604572196783767 -0.0011726053517477743 0.0044864813776677318 0.002962013674891786 -0.0011231115221213468 -0.0093869325910055507 -0.0074775293411502713 -0.0096142877285812969 0.0036312724042494929 -0.0006021404567946643 0.0077158457060519702 0.0045964755735232957 0.0061464471802982305 0.0064754585922632939 0.0034698279755144682 0.00045013359225735684 0.0072555561294822997 -0.00094069402775930977 -0.0013995835724978081
leaf_weight=1339 2703 1848 134 910 147 7104 8930 1460 2717 976 536 1377 4525 252 3982 1983 7296 40986 3072 1440 4704 238 210 112 84 714 70 714 13913 10285
leaf_count=1339 2703 1848 134 910 147 7104 8930 1460 2717 976 536 1377 4525 252 3982 1983 7296 40986 3072 1440 4704 238 210 112 84 714 70 714 13913 10285
internal_value=-0.00137427 0.00203183 0.00118022 0.00783873 0.0113928 -8.29478e-05 -0.0034126 0.0041413 0.000757711 0.00778328 0.0176688 0.000243445 0.00182812 0.00749233 0.000948521 0.00280385 -0.00384687 -0.0041791 -0.00276223 -0.00121853 0.000590819 0.0214286 0.0209104 0.029881 0.00678235 0.0127318 0.0191758 0.0239779 -0.00112373 -0.000930834
internal_weight=124761 46709 42814 6827 3895 35987 78052 4961 28883 2824 1866 26166 12119 1629 10490 5965 66428 57498 16512 9216 6144 1330 1071 420 3501 798 182 861 14047 11624
internal_count=124761 46709 42814 6827 3895 35987 78052 4961 28883 2824 1866 26166 12119 1629 10490 5965 66428 57498 16512 9216 6144 1330 1071 420 3501 798 182 861 14047 11624
is_linear=0
shrinkage=0.05


Tree=21
num_leaves=31
num_cat=0
split_feature=9 0 0 9 7 3 3 3 0 3 11 4 4 8 10 0 9 0 0 0 10 11 0 10 9 0 1 9 10 10
split_gain=323.738 134.313 130.096 85.7471 51.4052 37.4498 33.458 29.3588 25.484 25.2408 24.6008 20.5529 19.4961 17.9772 19.0962 23.5378 16.976 16.5562 28.2476 24.4637 23.8441 15.9637 14.7854 29.8232 15.8337 14.1048 14.0418 13.7224 13.3682 12.578
threshold=28.080729166666668 87.500000000000014 13.500000000000002 31.538281250000004 29.612500000000004 0.66527693225344786 -0.93235440815991333 0.36648264796514479 80.500000000000014 -0.18492532721306487 1.1016663470368233 -0.99983123799342477 -0.42958798411962301 20.200000000000006 1.0000000180025095e-35 30.500000000000004 35.273437500000007 22.500000000000004 47.500000000000007 69.500000000000014 1.0000000180025095e-35 1.1064219518172318 57.500000000000007 1.0000000180025095e-35 29.764843750000001 48.500000000000007 3.5000000000000004 35.949479166666677 1.0000000180025095e-35 1.0000000180025095e-35
decision_type=2 2 2 2 2 2 2 2 2 2 2 2 2 2 2 2 2 2 2 2 2 2 2 2 2 2 2 2 2 2
left_child=6 2 3 7 9 8 -1 28 11 29 16 26 -8 14 -14 -16 -5 20 -19 22 -13 -6 -20 -24 -25 -17 -4 -18 -2 -3
right_child=1 4 5 10 21 -7 12 -9 -10 -11 -12 17 13 -15 15 25 27 18 19 -21 -22 -23 23 24 -26 -27 -28 -29 -30 -31
leaf_value=-0.00076714789675314725 0.0037715885536337827 0.0051918771878530891 0.0037228114220703283 0.0054421230921283181 0.0068400239729047426 -0.0033129755574580334 -0.0010628447276374142 -0.0022249740198280353 0.0029525740187123727 0.0017698665538840954 0.0037114212770443752 0.0028691694512649889 -0.0089175859614552735 -0.0071036528740927585 -0.0095448900198822698 0.002952568893246204 0.0072513912498897437 -0.0022876121508799991 0.00021111115490389829 -0.0017828888446181476 -0.00050460875662975086 0.0045745296428288283 0.00030052393827162622 0.0024512163428629958 0.0069911320769873346 -0.00067682383748150375 0.013163929492054456 0.0048957950748134867 0.002069545032428731 0.0034463609146989831
leaf_weight=11624 1250 614 335 1134 804 7104 8930 1460 2717 1346 536 1701 7296 40986 2976 1728 140 9625 3850 4217 1756 196 2268 1483 864 4512 67 56 2251 935
leaf_count=11624 1250 614 335 1134 804 7104 8930 1460 2717 1346 536 1701 7296 40986 2976 1728 140 9625 3850 4217 1756 196 2268 1483 864 4512 67 56 2251 935
internal_value=-0.00140513 0.00188732 0.00107862 0.00740662 0.0107766 -0.000121851 -0.00337544 0.00396996 0.000678079 0.00740069 0.0165434 0.000199494 -0.00380849 -0.00414606 -0.00275315 -0.00124024 0.020188 2.44515e-05 -0.000474516 0.00107554 0.00324414 0.02055 0.00262552 0.00453413 0.0084853 0.000504807 0.0114179 0.0337755 0.00645387 0.0117527
internal_weight=124761 46709 42814 6827 3895 35987 78052 4961 28883 2895 1866 26166 66428 57498 16512 9216 1330 25764 22307 12682 3457 1000 8465 4615 2347 6240 402 196 3501 1549
internal_count=124761 46709 42814 6827 3895 35987 78052 4961 28883 2895 1866 26166 66428 57498 16512 9216 1330 25764 22307 12682 3457 1000 8465 4615 2347 6240 402 196 3501 1549
is_linear=0
shrinkage=0.05


Tree=22
num_leaves=31
num_cat=0
split_feature=9 0 0 9 7 3 7 3 0 11 3 9 4 10 10 8 4 9 10 0 0 0 0 10 9 0 0 0 0 10
split_gain=296.197 118.602 112.21 79.9244 46.1483 38.5675 36.4381 32.4431 30.4487 27.7428 21.0644 19.635 18.9819 18.1227 17.4192 17.1417 16.1633 17.4465 18.1985 22.8492 16.1932 13.5822 16.8936 14.6791 14.3885 13.4728 18.1044 12.7544 12.8893 13.0554
threshold=27.918750000000003 88.500000000000014 13.500000000000002 32.804166666666674 29.612500000000004 0.67802080537253961 26.787500000000005 -0.92274349529687905 81.500000000000014 1.1098813432497676 0.86548282553247169 29.979947916666667 -0.99983123799342477 1.0000000180025095e-35 1.0000000180025095e-35 39.750000000000007 -0.4755978891912595 13.074218750000002 1.0000000180025095e-35 32.500000000000007 46.500000000000007 23.500000000000004 45.500000000000007 1.0000000180025095e-35 34.857812500000001 56.500000000000007 71.500000000000014 10.500000000000002 85.500000000000014 1.0000000180025095e-35
decision_type=2 2 2 2 2 2 2 2 2 2 2 2 2 2 2 2 2 2 2 2 2 2 2 2 2 2 2 2 2 2
left_child=7 2 3 6 10 8 -2 27 11 -5 14 -4 15 -10 -3 -13 -9 18 -18 -20 -21 24 -23 -24 -14 -25 -27 -1 -29 -30
right_child=1 4 5 9 -6 -7 -8 16 13 -11 -12 12 21 -15 -16 -17 17 -19 19 20 -22 22 23 25 -26 26 -28 28 29 -31
leaf_value=0.0015098246727360003 0.00032395347809663507 0.0054466154535286696 -0.00079249522248371639 0.00586852678371097 0.0064518118557087669 -0.0033168892858811494 0.0031683840771560821 -0.0010445460910056216 0.0042396138647272852 0.0012506011951665108 -0.0064360020380048767 0.010627213723417159 0.0013867855633409375 0.001285353560138446 0.0023057604292117096 0.0010532350552540433 -0.0083192497717419264 -0.0065818211634720326 -0.0081959553317012181 0.0036849245427744344 -0.00014059714231642872 -0.0017126893685514392 0.00036254482778517273 -0.00057554544683872391 0.0040798121209392841 0.007139325207956914 0.00096469642857952118 -0.0021898065332437672 0.0046663813953750936 -0.00030927951315735014
leaf_weight=1295 2944 939 15344 854 856 7275 3071 7394 1364 238 320 136 1530 1488 1434 204 5280 45402 2343 994 3479 3938 4353 638 260 870 573 8775 410 760
leaf_count=1295 2944 939 15344 854 856 7275 3071 7394 1364 238 320 136 1530 1488 1434 204 5280 45402 2343 994 3479 3938 4353 638 260 870 573 8775 410 760
internal_value=-0.00143599 0.00161231 0.000919475 0.00668566 0.0104128 -0.00015972 0.00442643 -0.00338307 0.000616 0.01913 0.00719829 0.000112044 0.00158295 0.00553646 0.00882216 0.0132353 -0.00381264 -0.00409562 -0.00240824 -0.000701292 0.00139392 0.00125719 0.000563053 0.00214175 0.00527933 0.00559587 0.00827096 -0.000903026 -0.00151081 0.0034188
internal_weight=124761 48629 45080 7107 3549 37973 6015 76132 30698 1092 2693 27846 12502 2852 2373 340 64892 57498 12096 6816 4473 12162 10372 6434 1790 2081 1443 11240 9945 1170
internal_count=124761 48629 45080 7107 3549 37973 6015 76132 30698 1092 2693 27846 12502 2852 2373 340 64892 57498 12096 6816 4473 12162 10372 6434 1790 2081 1443 11240 9945 1170
is_linear=0
shrinkage=0.05


Tree=23
num_leaves=31
num_cat=0
split_feature=4 9 0 0 3 3 0 0 10 10 9 3 4 4 11 11 9 10 0 0 8 4 3 0 3 11 0 11 4 0
split_gain=276.993 106.877 88.0829 109.192 51.1535 51.1374 41.2125 49.3543 27.6645 25.9537 25.3872 33.4175 23.3817 18.4163 18.1006 17.5019 17.4789 19.9985 24.8241 19.4803 16.9758 16.7476 15.9608 15.4098 15.0202 13.5002 13.0299 12.7047 12.6714 12.0847
threshold=-0.31800055644052067 30.738020833333337 19.500000000000004 83.500000000000014 -0.92274349529687905 0.38243310158943505 83.500000000000014 15.500000000000002 1.0000000180025095e-35 1.0000000180025095e-35 34.857812500000001 0.54940630780725741 -0.9497838742125716 -0.64580103137750788 1.1118361362686917 1.0167864286959365 15.296614583333335 1.0000000180025095e-35 32.500000000000007 46.500000000000007 29.550000000000004 -0.9497838742125716 -0.80924678377697201 89.500000000000014 0.28519915169571858 0.9685910458849244 88.500000000000014 1.0492608630788383 -0.99864786094873803 8.5000000000000018
decision_type=2 2 2 2 2 2 2 2 2 2 2 2 2 2 2 2 2 2 2 2 2 2 2 2 2 2 2 2 2 2
left_child=1 5 10 12 26 6 7 8 -1 22 13 24 25 21 23 -10 17 -6 -19 -20 -17 -3 -8 -5 27 -4 29 -12 -22 -2
right_child=4 2 3 14 16 -7 9 -9 15 -11 11 -13 -14 -15 -16 20 -18 18 19 -21 28 -23 -24 -25 -26 -27 -28 -29 -30 -31
leaf_value=0.003743265071151667 0.0014825970010539768 0.0039085872675333339 -0.001684285245152785 0.0050951871082551498 -0.0081685173222767731 -0.0025136568544664954 0.005456799770958214 -0.00066244238299486722 -0.00045702095481293725 0.0015744559428907082 -0.00087731994648323455 -0.0011441854307554032 -0.00085747352440873658 0.0079930128058980972 0.0016038309939239792 0.0042254019861259831 -0.0067306366123947529 -0.0081941686151184075 0.0033974268211753632 -0.00075010497493289453 0.005526064778324187 0.0018635899563556391 0.0038869038588046621 0.0065074782810263859 0.0062642025297324627 0.0025975346705576128 0.0025718909595056536 0.0055669092040906811 0.0022838550731062186 -0.0014713755396586594
leaf_weight=1364 1241 1260 832 817 9984 9890 216 18937 1744 2322 60 100 5755 360 336 64 38490 3663 1554 5439 64 1124 804 822 240 3968 959 160 1232 10960
leaf_count=1364 1241 1260 832 817 9984 9890 216 18937 1744 2322 60 100 5755 360 336 64 38490 3663 1554 5439 64 1124 804 822 240 3968 959 160 1232 10960
internal_value=-0.00146564 0.00129967 0.00473222 0.00281724 -0.00347282 -0.000183832 0.000952068 0.000210424 0.00493733 0.00614602 0.0119946 0.0216964 0.000798199 0.0100146 0.0136076 0.00232925 -0.00410029 -0.00292636 -0.00141986 0.000326754 0.00658088 0.00842282 0.0127941 0.0157749 0.0273913 0.003375 -0.000653497 0.0179545 0.0053395 -0.00109458
internal_weight=124761 52471 15834 12530 72290 36637 26747 23405 4468 3342 3304 560 10555 2744 1975 3104 59130 20640 10656 6993 1360 2384 1020 1639 460 4800 13160 220 1296 12201
internal_count=124761 52471 15834 12530 72290 36637 26747 23405 4468 3342 3304 560 10555 2744 1975 3104 59130 20640 10656 6993 1360 2384 1020 1639 460 4800 13160 220 1296 12201
is_linear=0
shrinkage=0.05


Tree=24
num_leaves=31
num_cat=0
split_feature=9 0 0 7 0 7 7 3 3 8 11 10 3 8 8 4 4 10 0 10 8 11 0 11 3 0 0 10 10 0
split_gain=261.803 90.1675 89.8296 91.3603 41.3252 38.2521 35.2377 34.1462 25.4928 23.9282 24.576 22.4526 19.2905 16.8611 20.4509 14.1217 16.4762 20.5263 24.063 13.343 13.27 13.2686 11.7433 14.4945 11.1426 10.9844 20.8889 14.3216 13.5652 19.2762
threshold=27.717968750000001 88.500000000000014 20.500000000000004 27.987500000000004 51.500000000000007 29.512500000000006 25.712500000000006 0.72695311118111527 -0.91597725483594616 38.150000000000013 1.1098813432497676 1.0000000180025095e-35 0.86548282553247169 43.20000000000001 41.150000000000013 -0.4755978891912595 0.92843842216862604 1.0000000180025095e-35 29.500000000000004 1.0000000180025095e-35 30.850000000000005 0.93155087118158786 10.500000000000002 0.78920070979102952 -0.19337636264337835 83.500000000000014 69.500000000000014 1.0000000180025095e-35 1.0000000180025095e-35 57.500000000000007
decision_type=2 2 2 2 2 2 2 2 2 2 2 2 2 2 2 2 2 2 2 2 2 2 2 2 2 2 2 2 2 2
left_child=8 2 3 6 -4 12 -2 21 22 -5 13 20 19 14 -11 -10 -17 -18 -19 -3 -8 -6 -1 -24 -20 26 28 -27 -23 -30
right_child=1 5 4 9 7 -7 11 -9 15 10 -12 -13 -14 -15 -16 16 17 18 24 -21 -22 25 23 -25 -26 27 -28 -29 29 -31
leaf_value=0.0013947036184751159 -0.0020925910141262136 0.0050177409572175081 -0.0020989664181550712 0.0032526718979562948 -0.00088666203904348576 0.00580059058927067 0.0058222435773184833 -0.0028341768566190317 -0.00096773167735001667 0.0048750269973992233 0.0016044578242426892 0.00083040403624503028 -0.0054167552649529932 -7.2269084800863362e-05 0.006047100624271419 -0.0061441318092457326 -0.0075452694982109788 -0.0089186793122988696 -0.0044788367206775983 0.0019878199212939604 0.0029089504459159825 0.00080637307226188938 0.0034610608569632384 -0.0019795376553735367 0.0012722725824563475 0.0044994591143652238 -0.00024149625688799377 0.0014955809917956086 0.00035458438279412828 0.0041080551055879847
leaf_weight=1251 2885 947 16490 1470 2714 885 63 3441 6238 622 245 3230 362 82 313 41082 7776 2430 792 1530 2269 3024 340 9265 4554 840 5095 983 1182 2361
leaf_count=1251 2885 947 16490 1470 2714 885 63 3441 6238 622 245 3230 362 82 313 41082 7776 2430 792 1530 2269 3024 340 9265 4554 840 5095 983 1182 2361
internal_value=-0.0014953 0.00125771 0.000668054 0.00458493 -0.000543871 0.00874866 0.00201432 0.0010056 -0.00340088 0.0125329 0.0175832 0.00434016 0.00591934 0.0210079 0.0229144 -0.00378722 -0.00403592 -0.00264982 -0.000833335 0.00749495 0.0080789 0.00196648 -0.00116341 -0.0017569 0.0010419 0.00260845 0.00204425 0.00621777 0.00390818 0.00600762
internal_weight=124761 51033 47309 11179 36130 3724 8447 19640 73728 2732 1262 5562 2839 1017 935 62872 56634 15552 7776 2477 2332 16199 10856 9605 5346 13485 11662 1823 6567 3543
internal_count=124761 51033 47309 11179 36130 3724 8447 19640 73728 2732 1262 5562 2839 1017 935 62872 56634 15552 7776 2477 2332 16199 10856 9605 5346 13485 11662 1823 6567 3543
is_linear=0
shrinkage=0.05


Tree=25
num_leaves=31
num_cat=0
split_feature=4 9 0 0 3 3 0 0 10 10 0 3 8 10 0 11 10 11 9 11 0 3 0 8 9 4 4 8 9 3
split_gain=243.364 89.4682 75.2883 67.4834 49.5987 41.5617 38.916 45.6055 21.2649 19.3016 18.7655 18.6896 17.3381 16.8568 23.1023 16.7289 16.3143 16.0857 16.7045 14.1459 13.8135 12.3019 11.9165 11.8487 16.9452 11.7911 11.7666 11.6815 11.1452 11.0133
threshold=-0.31800055644052067 31.538281250000004 12.500000000000002 86.500000000000014 -0.91597725483594616 0.36648264796514479 82.500000000000014 15.500000000000002 1.0000000180025095e-35 1.0000000180025095e-35 22.500000000000004 0.031174179426909168 20.200000000000006 1.0000000180025095e-35 29.500000000000004 1.1064219518172318 1.0000000180025095e-35 1.1098813432497676 32.804166666666674 0.98214465480287083 58.500000000000007 -0.15101209918632377 84.500000000000014 43.20000000000001 35.273437500000007 -0.99864786094873803 0.99855310097228334 29.550000000000004 34.857812500000001 0.77788564761185042
decision_type=2 2 2 2 2 2 2 2 2 2 2 2 2 2 2 2 2 2 2 2 2 2 2 2 2 2 2 2 2 2
left_child=1 5 17 10 22 6 7 9 21 -1 28 16 13 -6 -15 -5 -12 18 -3 -11 -18 -8 -2 24 29 -21 -16 -27 -4 -20
right_child=4 2 3 15 12 -7 8 -9 -10 19 11 -13 -14 14 26 -17 20 -19 23 25 -22 -23 -24 -25 -26 27 -28 -29 -30 -31
leaf_value=0.0032078854271956961 -0.0010219148581745484 0.0039509489390712445 0.0023500533686086119 0.0055138178109501784 -0.0072955380439387804 -0.0020202595451371225 0.0047682129807977494 -0.00059424079224503173 0.0016144808026520064 -0.00076468650330402366 0.0014875811227749733 -0.00032550180682354391 -0.0061092945838303984 -0.0082363510726690264 -0.00032512639901932633 0.0018419332524745907 0.0017628038171404092 0.0015979785843190854 0.0048132132874644839 0.0052689928109039708 0.0094883913007059381 -0.00013988550876067513 0.0018690293910844761 0.00011526209913784706 0.0059605730400832911 0.0035232172082201377 0.0031302902506583404 0.0019307979083119211 0.0034632879600339896 0.011626472001657485
leaf_weight=1492 11908 585 1030 936 7296 11416 1026 19867 2644 1312 1856 5952 42330 2880 5478 243 324 329 507 64 252 182 1540 65 169 80 858 1808 280 52
leaf_count=1492 11908 585 1030 936 7296 11416 1026 19867 2644 1312 1856 5952 42330 2880 5478 243 324 329 507 64 252 182 1540 65 169 80 858 1808 280 52
internal_value=-0.00152295 0.00106907 0.00474563 0.003213 -0.00340434 -9.03725e-05 0.000931518 0.000200421 0.00560488 0.0045984 0.00183928 0.000969703 -0.00403046 -0.00265625 -0.00123481 0.0145081 0.00466283 0.0145079 0.0168795 0.00244485 0.0120139 0.011101 -0.000664784 0.0216078 0.0234341 0.00514344 0.000452966 0.00442796 0.00740458 0.0192397
internal_weight=124761 52471 12580 10873 72290 39891 28475 24623 3852 4756 9694 8384 58842 16512 9216 1179 2432 1707 1378 3264 576 1208 13448 793 728 1952 6336 1888 1310 559
internal_count=124761 52471 12580 10873 72290 39891 28475 24623 3852 4756 9694 8384 58842 16512 9216 1179 2432 1707 1378 3264 576 1208 13448 793 728 1952 6336 1888 1310 559
is_linear=0
shrinkage=0.05


Tree=26
num_leaves=31
num_cat=0
split_feature=4 9 0 0 3 3 0 0 10 4 3 9 10 0 9 11 11 10 0 11 11 8 0 8 11 3 4 0 10 9
split_gain=228.903 82.9595 65.8241 71.5171 48.5928 40.2242 26.9517 36.707 23.886 19.519 18.0647 17.2561 17.4896 24.5346 16.7023 17.2568 16.5238 15.1461 14.661 13.9628 13.9378 13.6377 13.3884 13.2745 13.2004 13.0327 12.9505 12.59 12.7779 12.1945
threshold=-0.31800055644052067 30.738020833333337 12.500000000000002 87.500000000000014 -0.91597725483594616 0.38243310158943505 82.500000000000014 19.500000000000004 1.0000000180025095e-35 -0.9497838742125716 -0.27694604220087021 15.296614583333335 1.0000000180025095e-35 29.500000000000004 33.33671875000001 1.1064219518172318 1.0167864286959365 1.0000000180025095e-35 21.500000000000004 0.93243445665923741 1.1338093104982068 43.20000000000001 46.500000000000007 29.550000000000004 1.1338093104982068 0.31799963745711152 -0.99864786094873803 41.500000000000007 1.0000000180025095e-35 28.626041666666669
decision_type=2 2 2 2 2 2 2 2 2 2 2 2 2 2 2 2 2 2 2 2 2 2 2 2 2 2 2 2 2 2
left_child=1 5 14 9 -2 6 7 8 19 10 20 12 -6 -14 -3 21 -10 -8 -11 -1 -4 25 -15 -18 -5 -16 -25 -9 -29 -30
right_child=4 2 3 24 11 -7 17 27 16 18 -12 -13 13 22 15 -17 23 -19 -20 -21 -22 -23 -24 26 -26 -27 -28 28 29 -31
leaf_value=0.0009472515775972158 -0.00053518417720799921 0.003363184691739453 0.0087102412559164951 0.0056221959033852086 -0.0070399450014401637 -0.0022354032612131795 0.003723253626058159 -0.0026472908080626212 -0.00075787584343235681 0.002275718704493418 0.0017813453656660247 -0.0058697283370621554 -0.0080420131440621916 0.0027551256884696478 0.0041500190708036178 0.0012343604010690149 0.0040687506346509918 0.0012928585714622677 -0.00069952829275683802 0.0039669885480077098 -0.0010177062551360104 0.00010949899418095635 -0.0007047727414758216 0.0043826172248057115 -0.00017974987550888923 0.0063702516733307128 0.0017699253039726165 -0.0019832444077216181 -0.00087078148487539401 0.0014396932471071021
leaf_weight=564 13448 1395 225 1175 9984 9890 1104 6135 2176 810 5325 38202 3330 1887 286 156 80 2514 5931 1140 75 65 5439 80 144 247 1540 3485 3321 4608
leaf_count=564 13448 1395 225 1175 9984 9890 1104 6135 2176 810 5325 38202 3330 1887 286 156 80 2514 5931 1140 75 65 5439 80 144 247 1540 3485 3321 4608
internal_value=-0.00152576 0.000988068 0.00401225 0.00273474 -0.0033504 -0.000318941 0.000688487 6.07451e-05 0.00359319 0.00155426 0.00372889 -0.00397012 -0.00280523 -0.0013964 0.0121475 0.0181432 0.00142415 0.00470149 -0.000260348 0.00852699 0.0156667 0.0220067 0.000221129 0.00511765 0.0138021 0.0246435 0.0041358 -0.00106245 -8.0604e-05 0.0010285
internal_weight=124761 52471 15834 13685 72290 36637 26747 23129 5580 12366 5625 58842 20640 10656 2149 754 3876 3618 6741 1704 300 598 7326 1700 1319 533 1620 17549 11414 7929
internal_count=124761 52471 15834 13685 72290 36637 26747 23129 5580 12366 5625 58842 20640 10656 2149 754 3876 3618 6741 1704 300 598 7326 1700 1319 533 1620 17549 11414 7929
is_linear=0
shrinkage=0.05


Tree=27
num_leaves=31
num_cat=0
split_feature=4 9 0 0 3 3 8 3 9 0 10 3 11 0 11 11 9 3 4 0 0 10 0 0 0 0 11 9 8 8
split_gain=211.91 77.6642 71.4264 72.5179 48.5341 29.1446 18.5415 27.565 17.2667 17.6327 23.6567 15.9598 15.3347 15.2306 14.4444 13.3578 13.6655 13.5351 13.2912 12.2471 11.6516 17.5367 11.587 11.437 11.0866 11.0939 11.0626 10.8781 15.625 10.6367
threshold=-0.31800055644052067 29.979947916666667 12.500000000000002 84.500000000000014 -0.91597725483594616 -0.49064630004295678 40.850000000000001 0.52766072109828632 15.296614583333335 29.500000000000004 1.0000000180025095e-35 0.06553689391773225 1.0891277928364806 21.500000000000004 1.058208325002284 1.1118361362686917 33.599218750000006 0.06553689391773225 -0.99983123799342477 79.500000000000014 22.500000000000004 1.0000000180025095e-35 23.500000000000004 48.500000000000007 84.500000000000014 10.500000000000002 0.78920070979102952 29.557031250000005 32.650000000000013 33.550000000000004
decision_type=2 2 2 2 2 2 2 2 2 2 2 2 2 2 2 2 2 2 2 2 2 2 2 2 2 2 2 2 2 2
left_child=1 5 6 11 24 12 18 -8 9 -6 -11 -4 19 -13 -9 16 17 -5 -3 20 21 -1 27 -12 25 -2 -27 28 -14 -20
right_child=4 2 3 15 8 -7 7 14 -10 10 23 13 22 -15 -16 -17 -18 -19 29 -21 -22 -23 -24 -25 -26 26 -28 -29 -30 -31
leaf_value=0.0027369237574224317 0.0012664305931128549 0.0069433041784590383 0.0017106962549872321 0.0054667587846860361 -0.0084436251080159432 -0.0013624683735432713 0.0057669508845771648 0.0053429324455973584 -0.005576241920209047 -0.0057573766344073416 0.0025596127451334282 0.0017967946586670569 0.0035382275255021406 -0.00079386366415015036 -0.0011536467487191389 0.00076150303900442877 0.0052214663911823809 0.0031463305421833934 0.0052157329815421295 0.0019667408777040408 -0.001210240966565212 -0.00021107724046350398 0.0016557026502882948 -0.00071805104016484068 0.0018023371303906525 0.0030598734303830164 -0.001843134194406472 -0.0014089315617186653 0.0045098246909364243 0.0027916968392833132
leaf_weight=878 1548 65 6253 747 6450 17537 221 78 38202 6864 2109 1233 360 8625 117 385 473 854 78 1856 6612 1798 1728 5217 1540 296 10064 96 120 2357
leaf_count=878 1548 65 6253 747 6450 17537 221 78 38202 6864 2109 1233 360 8625 117 385 473 854 78 1856 6612 1798 1728 5217 1540 296 10064 96 120 2357
internal_value=-0.00153738 0.000881343 0.00319138 0.002049 -0.00329299 -0.000720511 0.0104664 0.0202404 -0.00391234 -0.00274709 -0.00176181 0.000828315 0.00103064 -0.000425037 0.00653846 0.0100468 0.0116345 0.00942848 0.00884 0.000262921 -0.000478037 0.00230568 0.00474392 0.000214304 -0.000582988 -0.00109926 -0.00168919 0.0108854 0.0139583 0.00824435
internal_weight=124761 52471 21486 18570 72290 30985 2916 416 58842 20640 14190 16111 13448 9858 195 2459 2074 1601 2500 11144 9288 2676 2304 7326 13448 11908 10360 576 480 2435
internal_count=124761 52471 21486 18570 72290 30985 2916 416 58842 20640 14190 16111 13448 9858 195 2459 2074 1601 2500 11144 9288 2676 2304 7326 13448 11908 10360 576 480 2435
is_linear=0
shrinkage=0.05


Tree=28
num_leaves=31
num_cat=0
split_feature=4 9 0 0 3 3 0 0 11 9 3 4 4 0 10 10 10 3 11 11 7 0 10 3 0 0 9 0 3 3
split_gain=203.15 73.8615 48.804 52.9796 40.2289 39.7158 32.1997 38.7966 23.494 20.3342 24.0003 17.468 17.354 17.2795 24.1231 17.1024 13.1407 16.5377 12.9956 12.7871 11.7899 12.8882 17.1835 11.6851 13.7882 11.1098 10.8748 10.7367 12.1065 12.5347
threshold=-0.26867065956352881 31.988020833333334 21.500000000000004 79.500000000000014 -0.90163369914317015 0.36648264796514479 82.500000000000014 13.500000000000002 1.1098813432497676 35.273437500000007 0.54940630780725741 0.92843842216862604 -0.99983123799342477 30.500000000000004 1.0000000180025095e-35 1.0000000180025095e-35 1.0000000180025095e-35 1.0000000180025095e-35 0.98214465480287083 1.145836891908117 31.712500000000006 55.500000000000007 1.0000000180025095e-35 -0.03977009085991149 45.500000000000007 88.500000000000014 30.591927083333339 19.500000000000004 0.76140650896573492 0.89404822654372251
decision_type=2 2 2 2 2 2 2 2 2 2 2 2 2 2 2 2 2 2 2 2 2 2 2 2 2 2 2 2 2 2
left_child=1 5 8 16 -2 6 7 18 9 12 -11 -6 -3 -13 -15 -8 -4 -18 -1 25 -9 -22 -23 -16 -25 -5 -7 28 -28 -30
right_child=4 2 3 19 11 26 15 20 -10 10 -12 13 -14 14 23 -17 17 -19 -20 -21 21 22 -24 24 -26 -27 27 -29 29 -31
leaf_value=0.00046977366550970517 -0.00065192633222919982 0.008596059506769331 -0.00020245401683681433 0.0040802373591233843 -0.0054327634772548461 -0.0022457902131478263 0.0037292817858965589 -0.0008745085685530579 0.00042433871327165746 0.0042061132743663899 -0.0010793516844743668 -0.0077037700120312913 0.0034507586394737335 -0.0052474347323898489 -0.0014186085045148206 0.0014707782089474787 0.0082211275212369216 0.0012168210646540259 0.0025596380157144457 -0.00057552911256279489 -0.00067859103332530083 -0.00067454759695912228 0.0037090939874484009 0.0050910510137063764 0.00063757503325520158 0.0047671000325433983 0.00041254993568665648 -0.0011669297163746416 0.0077738143742891634 -0.0076949687780405694
leaf_weight=1909 13160 66 5394 846 41850 10178 1351 16869 466 308 66 5022 1430 5265 1950 2800 232 522 2576 192 2675 963 1540 765 2550 658 420 2498 180 60
leaf_count=1909 13160 66 5394 846 41850 10178 1351 16869 466 308 66 5022 1430 5265 1950 2800 232 522 2576 192 2675 963 1540 765 2550 658 420 2498 180 60
internal_value=-0.00153818 0.000763943 0.00460216 0.0027129 -0.00330646 -0.000123698 0.00086644 0.000225764 0.0109461 0.0134492 0.023877 -0.00387809 0.0108422 -0.00244727 -0.0012963 0.00496145 0.000554651 0.0067374 0.00446488 0.0105366 -0.000636596 0.00145037 0.00402916 0.00109686 0.00290347 0.0120878 -0.00240177 0.000161493 0.00583333 0.0147917
internal_weight=124761 54199 10180 7844 70562 44019 30683 26532 2336 1870 374 57402 1496 15552 10530 4151 6148 754 4485 1696 22047 5178 2503 5265 3315 1504 13336 3158 660 240
internal_count=124761 54199 10180 7844 70562 44019 30683 26532 2336 1870 374 57402 1496 15552 10530 4151 6148 754 4485 1696 22047 5178 2503 5265 3315 1504 13336 3158 660 240
is_linear=0
shrinkage=0.05


Tree=29
num_leaves=31
num_cat=0
split_feature=4 9 0 0 3 3 0 0 11 9 3 8 0 10 4 10 10 11 10 3 0 0 7 0 10 4 4 9 1 0
split_gain=187.758 66.0412 44.7606 46.0681 39.8717 36.3976 28.7135 34.6495 21.3441 19.4066 21.1215 16.8573 17.8707 22.3611 16.1567 14.4886 12.3024 12.2971 11.2238 14.7541 11.3327 10.4088 10.3957 10.8635 15.4741 10.1438 9.83873 9.71944 9.56853 9.1519
threshold=-0.26867065956352881 31.988020833333334 21.500000000000004 82.500000000000014 -0.90163369914317015 0.36648264796514479 81.500000000000014 13.500000000000002 1.1098813432497676 35.273437500000007 0.54940630780725741 21.250000000000004 28.500000000000004 1.0000000180025095e-35 -0.99983123799342477 1.0000000180025095e-35 1.0000000180025095e-35 1.145836891908117 1.0000000180025095e-35 1.0000000180025095e-35 58.500000000000007 85.500000000000014 31.712500000000006 56.500000000000007 1.0000000180025095e-35 0.99855310097228334 -0.98212955754013376 30.591927083333339 5.5000000000000009 19.500000000000004
decision_type=2 2 2 2 2 2 2 2 2 2 2 2 2 2 2 2 2 2 2 2 2 2 2 2 2 2 2 2 2 2
left_child=1 5 8 18 21 6 7 16 9 14 -11 12 -6 -14 -3 26 -1 -5 -4 20 -20 -2 -9 -24 -25 -15 -8 -7 -21 -29
right_child=4 2 3 17 11 27 15 22 -10 10 -12 -13 13 25 -16 -17 -18 -19 19 28 -22 -23 23 24 -26 -27 -28 29 -30 -31
leaf_value=0.0027724505584684634 -0.0010649462293046464 0.0081662565314308648 -5.8737187683402433e-05 0.0046372468601924904 -0.007929669260274292 -0.002133500702490436 -0.0010626485502971289 -0.00088127109350067355 0.0004031217776080758 0.0039958076106480708 -0.0010253841002506481 -0.0053122617256133242 -0.0051699741564775609 -0.00023919992391731017 0.0032782207075000461 0.0013597942130127894 0.0011500272241599669 -0.0010907372433766065 0.0019006728119503166 -0.00021917769889157469 0.012084414815124449 0.001783171951776761 -0.00050316147888271095 -0.00068372702709740057 0.0036038773382232694 0.0028067877339819618 0.0036977597047407364 0.0024643842076582587 0.005328342125524424 -0.0011085832305559084
leaf_weight=1460 11790 66 5673 1222 5916 10178 154 16554 466 308 66 37818 6432 6365 1430 3014 3025 156 148 488 96 1370 2854 892 1429 871 1301 660 61 2498
leaf_count=1460 11790 66 5673 1222 5916 10178 154 16554 466 308 66 37818 6432 6365 1430 3014 3025 156 148 488 96 1370 2854 892 1429 871 1301 660 61 2498
internal_value=-0.0015498 0.000663387 0.00429273 0.00248343 -0.00324977 -0.000175948 0.000771925 0.000140382 0.0103681 0.012754 0.0229412 -0.00381886 -0.00262817 -0.00163448 0.0102072 0.00447639 0.00414158 0.0107837 0.000714505 0.00628625 0.0165164 -0.000767478 -0.000685491 0.00127053 0.00381086 0.000272249 0.00857388 -0.00235678 0.00173953 6.64966e-05
internal_weight=124761 54199 10180 7844 70562 44019 30683 26214 2336 1870 374 57402 19584 13668 1496 4469 4485 1378 6466 793 244 13160 21729 5175 2321 7236 1455 13336 549 3158
internal_count=124761 54199 10180 7844 70562 44019 30683 26214 2336 1870 374 57402 19584 13668 1496 4469 4485 1378 6466 793 244 13160 21729 5175 2321 7236 1455 13336 549 3158
is_linear=0
shrinkage=0.05


Tree=30
num_leaves=31
num_cat=0
split_feature=4 9 3 0 0 3 0 0 11 9 3 10 4 0 10 3 4 0 10 7 9 11 4 0 0 0 3 11 10 3
split_gain=175.643 58.4353 40.3956 39.5832 39.7955 33.3435 25.5049 31.357 18.5771 20.4386 20.2506 17.4767 16.5351 17.7032 23.7471 15.7602 15.305 13.8229 13.2583 12.9544 12.2738 10.9836 11.229 10.679 10.6642 10.4 10.3 9.92749 9.66316 12.6941
threshold=-0.26867065956352881 31.988020833333334 -0.89406062840022227 21.500000000000004 79.500000000000014 0.36648264796514479 81.500000000000014 19.500000000000004 1.1098813432497676 35.273437500000007 0.54940630780725741 1.0000000180025095e-35 0.90803977035715633 28.500000000000004 1.0000000180025095e-35 -0.19337636264337835 -0.99983123799342477 41.500000000000007 1.0000000180025095e-35 27.912500000000005 28.709114583333335 0.98214465480287083 -0.99864786094873803 40.500000000000007 83.500000000000014 88.500000000000014 -0.8821812062722818 1.145836891908117 1.0000000180025095e-35 1.0000000180025095e-35
decision_type=2 2 2 2 2 2 2 2 2 2 2 2 2 2 2 2 2 2 2 2 2 2 2 2 2 2 2 2 2 2
left_child=1 5 24 8 28 6 7 11 9 16 -11 -1 -4 -14 23 -16 -3 -9 -19 -8 -20 -13 -23 -15 -2 -17 -21 -6 -5 -30
right_child=2 3 12 4 27 -7 19 17 -10 10 -12 21 13 14 15 25 -18 18 20 26 -22 22 -24 -25 -26 -27 -28 -29 29 -31
leaf_value=0.0023395074037864025 -0.0010818960784328214 0.00775794370485932 -0.0050326136704476228 -0.00018939445661080018 0.0040258147586563322 -0.0016132782017378125 0.00071092381492917538 -0.0022246459325992664 0.00038296568872767388 0.0037960172301156657 -0.00097411489523811518 -0.00086251700111902418 -0.0076594954984442716 0.00041571673164392524 -0.0043719270664295401 0.0015539648987656775 0.0031143096721250436 -0.0016370487383640985 -0.00066828702463167565 0.0062070529099468794 0.0017551386797221354 0.0041862883846518224 0.0013523244728826395 -0.0070196859641028482 0.0013717024743047802 -0.0039473411073439567 0.0030531514395451863 -0.00049737603002012007 0.0074268275514620206 0.00098134077626862537
leaf_weight=2084 11768 66 39258 5394 1504 13336 2352 7037 466 308 66 1756 5394 1116 1206 4500 1430 4160 3720 193 4897 80 2480 5115 1680 525 1924 192 232 522
leaf_count=2084 11768 66 39258 5394 1504 13336 2352 7037 466 308 66 1756 5394 1116 1206 4500 1430 4160 3720 193 4897 80 2480 5115 1680 525 1924 192 232 522
internal_value=-0.00154179 0.000598811 -0.00318599 0.00401277 0.00231132 -0.000190714 0.000716519 0.000121308 0.00972603 0.0119519 0.0224064 0.00316406 -0.0037665 -0.00250504 -0.00146927 0.000713367 0.00933823 -0.000861513 0.000118571 0.00420788 0.00123767 0.00134847 0.0034375 -0.0036519 -0.000720554 0.00194527 0.00704535 0.00909198 0.000440793 0.0057427
internal_weight=124761 54199 70562 10180 7844 44019 30683 26214 2336 1870 374 6400 57114 17856 12462 6231 1496 19814 12777 4469 8617 4316 2560 6231 13448 5025 2117 1696 6148 754
internal_count=124761 54199 70562 10180 7844 44019 30683 26214 2336 1870 374 6400 57114 17856 12462 6231 1496 19814 12777 4469 8617 4316 2560 6231 13448 5025 2117 1696 6148 754
is_linear=0
shrinkage=0.05


Tree=31
num_leaves=31
num_cat=0
split_feature=4 9 0 3 0 3 0 0 9 0 0 10 4 3 11 11 0 10 0 9 8 9 3 7 3 0 10 0 0 9
split_gain=164.357 53.6849 42.2574 39.8916 34.7651 28.6756 20.0114 23.8861 15.5773 17.7922 20.9915 15.1245 12.2077 17.0571 13.8193 12.1876 12.1805 19.3632 12.2491 11.8776 16.6934 11.1253 11.0973 10.0755 10.0618 9.72567 9.65547 9.47441 9.42581 9.28131
threshold=-0.26867065956352881 31.538281250000004 12.500000000000002 -0.89406062840022227 89.500000000000014 0.36648264796514479 85.500000000000014 7.5000000000000009 15.296614583333335 28.500000000000004 46.500000000000007 1.0000000180025095e-35 -0.9497838742125716 -0.24372957273992746 1.1338093104982068 0.97937736963053801 23.500000000000004 1.0000000180025095e-35 55.500000000000007 34.991406250000004 43.20000000000001 28.330468750000005 0.76140650896573492 27.812500000000004 0.36648264796514479 84.500000000000014 1.0000000180025095e-35 21.500000000000004 68.500000000000014 10.334114583333335
decision_type=2 2 2 2 2 2 2 2 2 2 2 2 2 2 2 2 2 2 2 2 2 2 2 2 2 2 2 2 2 2
left_child=1 5 19 25 12 6 7 -1 9 -5 -11 -12 13 14 -4 -9 17 21 -18 22 24 -17 -3 -8 -21 -2 -27 -14 -20 -13
right_child=3 2 4 8 -6 -7 23 15 -10 10 11 29 27 -15 -16 16 18 -19 28 20 -22 -23 -24 -25 -26 26 -28 -29 -30 -31
leaf_value=0.0019515692628262052 -0.00097827113725345574 0.0024217766269848087 0.0077720989008302757 -0.0073111610744242966 0.0040244357389639888 -0.001606411206291381 0.00072118537718966855 -0.0012100433226194384 -0.0048745411130904697 0.001101583083119001 -0.0081178737284060346 0.0018409450274226404 0.0019670489774000015 0.0013470420877324098 -0.0011330952646016218 0.0091627057801908166 -0.0013698888252508278 0.00045883376473788458 0.0020952727835402969 0.0036168571985579533 -0.00013512228285173116 0.0027543745798697559 0.0067421364562419489 0.0036178190167475313 0.0056099304933623813 0.0034531363452760932 3.4018042600550981e-05 -0.00058585310281853754 -0.00017684763962830786 -0.0013763324052259312
leaf_weight=2454 11908 1252 231 6235 786 12280 1735 10342 36474 3870 5096 735 612 4543 77 64 5536 1984 2247 130 78 720 143 1323 104 550 990 4624 2934 4704
leaf_count=2454 11908 1252 231 6235 786 12280 1735 10342 36474 3870 5096 735 612 4543 77 64 5536 1984 2247 130 78 720 143 1323 104 550 990 4624 2934 4704
internal_value=-0.0015466 0.000524086 0.00338633 -0.0031371 0.00223811 -0.000341071 0.000508026 6.25916e-05 -0.00371398 -0.00261628 -0.00165047 -0.00280731 0.00144889 0.00325603 0.0146429 -0.000421162 0.00056915 0.00352601 -0.000194552 0.0107001 0.0195192 0.0101786 0.0087276 0.00433617 0.0261966 -0.000687092 0.00305195 -0.000225364 0.00155279 -0.000973526
internal_weight=124761 54199 12580 70562 10873 41619 29339 26281 57114 20640 14405 10535 10087 4851 308 23827 13485 2768 10717 1707 312 784 1395 3058 234 13448 1540 5236 5181 5439
internal_count=124761 54199 12580 70562 10873 41619 29339 26281 57114 20640 14405 10535 10087 4851 308 23827 13485 2768 10717 1707 312 784 1395 3058 234 13448 1540 5236 5181 5439
is_linear=0
shrinkage=0.05


Tree=32
num_leaves=31
num_cat=0
split_feature=4 9 0 0 3 3 8 3 0 0 3 3 0 9 0 0 0 11 4 0 9 8 11 9 0 11 11 3 0 0
split_gain=154.203 48.3347 43.9152 41.6688 38.6267 24.593 16.8263 20.7085 15.4034 25.7762 17.6111 17.3819 16.6559 16.1129 13.2855 12.612 13.2921 12.0677 11.1297 10.9168 11.3199 14.4959 10.76 10.1827 9.42908 9.26563 9.16825 8.75735 8.60704 11.9672
threshold=-0.26867065956352881 29.979947916666667 11.500000000000002 80.500000000000014 -0.89406062840022227 -0.50556189049999822 40.850000000000001 0.52766072109828632 27.500000000000004 44.500000000000007 -0.159513159777915 0.78857998149907527 35.500000000000007 10.710937500000002 23.500000000000004 46.500000000000007 69.500000000000014 1.0891277928364806 -0.9497838742125716 23.500000000000004 29.557031250000005 32.650000000000013 1.1338093104982068 34.857812500000001 90.500000000000014 0.78920070979102952 1.0733916311526115 0.82899317702918729 8.5000000000000018 53.500000000000007
decision_type=2 2 2 2 2 2 2 2 2 2 2 2 2 2 2 2 2 2 2 2 2 2 2 2 2 2 2 2 2 2
left_child=1 5 6 14 25 17 -3 -8 -6 10 -10 12 -12 -11 23 -16 18 -1 -17 20 21 -19 24 -4 -5 -2 -9 -7 -27 -30
right_child=4 2 3 22 8 27 7 26 9 13 11 -13 -14 -15 15 16 -18 19 -20 -21 -22 -23 -24 -25 -26 28 -28 -29 29 -31
leaf_value=0.00010665958592121303 0.0028081124397807966 0.0026094762793797549 0.0010432044291790678 0.0027666106927064582 -0.0073472350314150309 -0.00083895871924621716 0.0047287936979018416 0.0041947959101044669 -0.0034009313372613962 0.00067342164253804491 -0.00060816308029026976 -0.0021185281159315206 0.0029181086248855227 -0.0044091415399936575 -0.0017804776713787702 0.0028497587278795756 -0.0016223646670928016 0.0034505161415457983 0.00030007900291047814 0.0013888143725416468 -0.0018196432456725111 0.0039601107907025479 -0.00076324907183105946 0.0025857538625942093 0.0044337205695472092 0.0013922449756440295 -0.0023629265466570074 -0.0026445186183725266 -0.0025961942132928712 0.00017236941951265461
leaf_weight=11816 384 2344 2388 2036 16660 14753 204 84 3162 1530 1976 2754 2223 28809 5221 2185 2489 312 3036 1584 96 120 330 336 1025 1232 96 3744 6120 5712
leaf_count=11816 384 2344 2388 2036 16660 14753 204 84 3162 1530 1976 2754 2223 28809 5221 2185 2489 312 3036 1584 96 120 330 336 1025 1232 96 3744 6120 5712
internal_value=-0.0015462 0.000459509 0.00228162 0.0014318 -0.00308679 -0.000764072 0.00821481 0.0179167 -0.00365445 -0.0031275 -0.000941672 0.000465266 0.00248988 -0.00385626 0.00034334 -0.000325189 0.000959791 0.000822802 0.00239322 0.00430398 0.0105303 0.0139815 0.0064568 0.00351689 0.00738157 -0.000675938 0.00555555 -0.00195897 -0.00090095 -0.00131508
internal_weight=124761 54199 21774 19046 70562 32425 2728 384 57114 40454 10115 6953 4199 30339 15655 12931 7710 13928 5221 2112 528 432 3391 2724 3061 13448 180 18497 13064 11832
internal_count=124761 54199 21774 19046 70562 32425 2728 384 57114 40454 10115 6953 4199 30339 15655 12931 7710 13928 5221 2112 528 432 3391 2724 3061 13448 180 18497 13064 11832
is_linear=0
shrinkage=0.05


Tree=33
num_leaves=31
num_cat=0
split_feature=4 9 0 0 3 3 0 0 3 3 9 0 8 3 3 11 0 9 8 11 11 0 1 3 0 0 11 10 4 7
split_gain=145.378 43.0897 38.8898 39.1374 37.3488 22.8903 16.3417 24.1697 16.8983 15.4877 14.9095 14.8789 14.6597 21.7798 12.1368 10.7859 10.4244 10.7744 13.7779 9.63415 9.54103 8.81992 8.73932 8.63279 8.3186 9.10805 10.8349 8.77307 12.9532 10.3199
threshold=-0.26867065956352881 29.979947916666667 12.500000000000002 80.500000000000014 -0.89406062840022227 -0.50556189049999822 27.500000000000004 44.500000000000007 -0.159513159777915 0.77788564761185042 10.710937500000002 35.500000000000007 40.850000000000001 0.52766072109828632 0.45273815774107123 1.0891277928364806 23.500000000000004 29.557031250000005 32.650000000000013 1.1338093104982068 1.0515743247573357 90.500000000000014 2.5000000000000004 0.82899317702918729 83.500000000000014 11.500000000000002 0.78920070979102952 1.0000000180025095e-35 -0.10837475778693638 25.262500000000006
decision_type=2 2 2 2 2 2 2 2 2 2 2 2 2 2 2 2 2 2 2 2 2 2 2 2 2 2 2 2 2 2
left_child=1 5 12 14 24 15 -6 8 -8 11 -9 -10 22 -14 -4 -1 17 18 -17 21 -15 -5 -3 -7 25 27 -27 28 29 -2
right_child=4 2 3 19 6 23 7 10 9 -11 -12 -13 13 20 -16 16 -18 -19 -20 -21 -22 -23 -24 -25 -26 26 -28 -29 -30 -31
leaf_value=0.0001013266066251498 0.0092653740168398575 0.001110244006600547 0.00078081335156517779 0.0026282801580711358 -0.0069798732798442807 -0.00079701078328390628 -0.003230884770398327 0.0006397505604111434 -0.00057139051052794193 -0.0018780753002370311 -0.0041886844629939737 0.0028343223850137707 0.0044742929217085302 0.0051166898078985439 -0.0012152140425750911 0.0032779903344685086 0.0013193736539145627 -0.0017286610833888852 0.0037621052511674193 -0.00072508661823950918 -0.00098852813281740336 0.0042120345410698512 0.0031024221368476392 -0.0025122926874539004 0.0012647565350646535 0.003021478421281973 -0.0016880363171089593 -0.00021265507545540165 0.0016053678096473484 0.0031868602399294289
leaf_weight=11816 51 1157 9786 2036 16660 14753 3162 1530 1952 2805 28809 2196 221 65 5642 312 1584 96 120 330 130 1025 1382 3744 1680 288 9792 1084 496 57
leaf_count=11816 51 1157 9786 2036 16660 14753 3162 1530 1952 2805 28809 2196 221 65 5642 312 1584 96 120 330 130 1025 1382 3744 1680 288 9792 1084 496 57
internal_value=-0.001547 0.000400467 0.00212088 0.00128354 -0.00304286 -0.00075482 -0.00360104 -0.00305829 -0.000941672 0.000436501 -0.00376397 0.00237705 0.00745347 0.0161538 0.000214544 0.000776133 0.00406723 0.0101515 0.0135185 0.00614715 0.00397436 0.00702221 0.00602796 -0.00190761 -0.00067222 -0.00114208 -0.00171131 0.00225711 0.00708609 0.0227778
internal_weight=124761 54199 21774 18819 70562 32425 57114 40454 10115 6953 30339 4148 2955 416 15428 13928 2112 528 432 3391 195 3061 2539 18497 13448 11768 10080 1688 604 108
internal_count=124761 54199 21774 18819 70562 32425 57114 40454 10115 6953 30339 4148 2955 416 15428 13928 2112 528 432 3391 195 3061 2539 18497 13448 11768 10080 1688 604 108
is_linear=0
shrinkage=0.05


Tree=34
num_leaves=31
num_cat=0
split_feature=4 0 0 3 9 9 3 0 0 3 7 0 9 3 0 7 0 11 11 3 9 3 4 10 4 0 0 11 10 4
split_gain=139.031 39.6087 42.5026 35.8405 23.4792 19.6188 17.7876 17.6058 23.2194 15.8503 15.7084 14.9638 14.342 13.1961 13.9541 11.5854 10.5577 10.4331 10.3541 10.2987 9.31211 10.8559 9.8223 9.13643 11.9258 7.33651 8.25448 9.36253 8.20316 11.1387
threshold=-0.26867065956352881 5.5000000000000009 89.500000000000014 -0.89406062840022227 31.988020833333334 33.33671875000001 0.15101559051660998 27.500000000000004 44.500000000000007 -0.2102246306142678 28.237500000000004 22.500000000000004 10.96640625 0.78857998149907527 32.500000000000007 25.612500000000004 47.500000000000007 1.1098813432497676 0.93309361111522005 -0.93235440815991333 35.273437500000007 0.54940630780725741 -0.99983123799342477 1.0000000180025095e-35 0.90803977035715633 85.500000000000014 11.500000000000002 0.78920070979102952 1.0000000180025095e-35 -0.10837475778693638
decision_type=2 2 2 2 2 2 2 2 2 2 2 2 2 2 2 2 2 2 2 2 2 2 2 2 2 2 2 2 2 2
left_child=1 5 4 25 6 15 18 -5 9 -9 -4 17 -10 14 -11 -1 -13 20 -3 -20 22 -22 -6 -14 -25 26 28 -28 29 -2
right_child=3 2 10 7 11 -7 -8 8 12 13 -12 16 23 -15 -16 -17 -18 -19 19 -21 21 -23 -24 24 -26 -27 27 -29 -30 -31
leaf_value=-0.0012210895145018481 0.0080585797180736177 -0.0013315372239641179 0.0012085182375886289 -0.0066308796158520665 0.0072125813122462844 0.0035163076150145933 -0.0016276328828742142 -0.0031848328271684733 0.0003126324645100047 -0.0017183049645088347 0.0036262268999556232 -0.0010240350860263635 -0.0072498414346862106 -0.0019186979451230942 0.0021069878711898241 0.0025138655172385828 0.001530783678664801 -0.00072750407343956218 0.0024190950593735625 0.00012058786335084659 0.0030562447194709456 -0.0025878566492165871 0.0022497417735767907 -0.0031896983159034778 -0.0003996932699178324 0.0013546414157949223 0.0028042522046717359 -0.0015237590905477984 -0.00020202232168263037 0.0015250994191649797
leaf_weight=593 108 6277 2087 16660 51 348 13932 2958 1836 1295 1303 2650 13101 2754 3108 2463 4452 357 1176 17116 238 51 1105 11883 3519 1400 296 10064 1084 496
leaf_count=593 108 6277 2087 16660 51 348 13932 2958 1836 1295 1303 2650 13101 2754 3108 2463 4452 357 1176 17116 238 51 1105 11883 3519 1400 296 10064 1084 496
internal_value=-0.00153538 0.000369102 1.91936e-05 -0.00299822 -0.000367578 0.00559048 -0.000902705 -0.00354502 -0.00298166 -0.00090707 0.00542773 0.00194632 -0.00367333 0.000365375 0.00206336 0.00430955 0.000913826 0.00601554 -9.34116e-05 0.000507871 0.00790657 0.0159343 0.00589965 -0.00394923 -0.00312362 -0.000675938 -0.00107404 -0.00160232 0.00216825 0.00683775
internal_weight=124761 54199 50795 70562 47405 3404 38501 57114 40454 10115 3390 8904 30339 7157 4403 3056 7102 1802 24569 18292 1445 289 1156 28503 15402 13448 12048 10360 1688 604
internal_count=124761 54199 50795 70562 47405 3404 38501 57114 40454 10115 3390 8904 30339 7157 4403 3056 7102 1802 24569 18292 1445 289 1156 28503 15402 13448 12048 10360 1688 604
is_linear=0
shrinkage=0.05


Tree=35
num_leaves=31
num_cat=0
split_feature=4 3 0 0 3 10 10 0 10 0 0 0 0 3 8 9 0 10 8 9 9 11 11 8 8 3 0 10 4 9
split_gain=131.581 38.9525 40.2745 42.9413 25.8589 24.5517 19.1214 18.3604 33.46 25.5767 17.9967 23.6339 16.9097 16.5107 16.299 15.396 15.3208 18.7928 18.1324 14.319 13.8527 11.771 11.3458 10.5258 14.0953 10.0858 11.9987 9.67027 11.4952 9.65988
threshold=-0.16799793862756093 0.86548282553247169 7.5000000000000009 80.500000000000014 -0.89406062840022227 1.0000000180025095e-35 1.0000000180025095e-35 22.500000000000004 1.0000000180025095e-35 44.500000000000007 27.500000000000004 44.500000000000007 69.500000000000014 -0.2102246306142678 28.950000000000003 27.408593750000005 57.500000000000007 1.0000000180025095e-35 38.550000000000004 27.246614583333336 10.96640625 0.9621683328328906 0.78920070979102952 40.850000000000001 43.20000000000001 0.77788564761185042 35.500000000000007 1.0000000180025095e-35 0.90803977035715633 27.070312500000004
decision_type=2 2 2 2 2 2 2 2 2 2 2 2 2 2 2 2 2 2 2 2 2 2 2 2 2 2 2 2 2 2
left_child=1 2 6 7 22 19 23 8 15 -9 -6 13 16 -12 -8 -4 -11 -18 -19 -5 -13 -17 -2 -1 -25 26 -15 -22 -29 -24
right_child=4 -3 3 5 10 -7 14 9 -10 12 11 20 -14 25 -16 21 17 18 -20 -21 27 -23 29 24 -26 -27 -28 28 -30 -31
leaf_value=0.0030052186679828904 0.0043901163473961582 -0.0025936549553300069 0.0056912734203784267 0.0097409563254287693 -0.0063091010425593928 0.00061765149743234129 0.004570399752872518 -0.0023076191580453939 -0.00074122351651378612 -0.00032820984322956548 -0.0030255911858100499 0.00029700084128450366 -0.0017940571005956236 -0.0006445688218291775 0.00068509720808287403 5.0892263782297247e-05 -0.00012159340420500398 0.0023207806596463524 0.0080724749006748607 0.0027345135541408574 -0.0069772657599908323 0.002315945382115046 -0.0014561568363417599 0.0042687148586461471 -0.00051639284254880932 -0.0013534111166535719 0.0023840552904821305 -0.003066568728229066 -0.0003797086064219402 0.0010181057765503278
leaf_weight=1688 192 5376 75 60 16212 4533 88 11946 4534 7059 2958 1836 5955 2048 2342 1020 2880 3499 132 3531 12795 2505 8936 184 56 2533 2304 11373 3519 2592
leaf_count=1688 192 5376 75 60 16212 4533 88 11946 4534 7059 2958 1836 5955 2048 2342 1020 2880 3499 132 3531 12795 2505 8936 184 56 2533 2304 11373 3519 2592
internal_value=-0.00154259 0.000214659 0.000632882 0.000212763 -0.00304303 0.00352412 0.00523405 -0.000466483 0.00165109 -0.00101379 -0.00349311 -0.00291572 0.000101151 -0.000793966 0.00228395 0.00525 0.0010759 0.00282522 0.00521757 0.00661236 -0.00362311 0.00477305 -0.000908704 0.00895228 0.01875 0.000548292 0.00200827 -0.00390201 -0.00303586 -0.00110947
internal_weight=124761 57463 52087 47729 67298 8124 4358 39605 8134 31471 55578 39366 19525 9843 2430 3600 13570 6511 3631 3591 29523 3525 11720 1928 240 6885 4352 27687 14892 11528
internal_count=124761 57463 52087 47729 67298 8124 4358 39605 8134 31471 55578 39366 19525 9843 2430 3600 13570 6511 3631 3591 29523 3525 11720 1928 240 6885 4352 27687 14892 11528
is_linear=0
shrinkage=0.05


Tree=36
num_leaves=31
num_cat=0
split_feature=9 3 0 0 9 0 0 3 9 10 4 3 8 0 0 11 0 0 3 10 0 10 4 10 0 0 7 0 3 7
split_gain=125.443 46.2503 38.1454 41.3044 20.9953 16.7735 20.4598 19.1283 14.9583 13.9071 19.5247 13.0936 12.5701 12.1962 15.6096 11.7506 11.7412 11.0184 10.0656 10.0631 9.89459 15.4079 13.8099 9.81738 13.2992 14.1662 10.8334 11.1989 9.71788 12.7948
threshold=25.580989583333338 0.86548282553247169 6.5000000000000009 89.500000000000014 29.979947916666667 28.500000000000004 42.500000000000007 -0.159513159777915 33.33671875000001 1.0000000180025095e-35 0.90803977035715633 -0.93843426604005675 29.050000000000004 21.500000000000004 52.500000000000007 0.78920070979102952 54.500000000000007 22.500000000000004 -0.19337636264337835 1.0000000180025095e-35 66.500000000000014 1.0000000180025095e-35 -0.056951011027366626 1.0000000180025095e-35 79.500000000000014 64.500000000000014 32.312500000000007 57.500000000000007 -0.95500086777008153 27.612500000000004
decision_type=2 2 2 2 2 2 2 2 2 2 2 2 2 2 2 2 2 2 2 2 2 2 2 2 2 2 2 2 2 2
left_child=5 2 8 4 16 -1 7 -7 12 11 15 28 -2 -6 -15 -11 17 -4 -12 -5 21 -18 -23 24 25 -16 -25 -28 -8 -30
right_child=1 -3 3 19 13 6 9 -9 -10 10 18 -13 -14 14 23 -17 20 -19 -20 -21 -22 22 -24 26 -26 -27 27 -29 29 -31
leaf_value=-0.0053713100630172648 0.0047261753616184721 -0.0026292580836458578 -8.6421142511930077e-05 0.00323215451421523 0.0014924536423495322 -0.002621757513429834 -0.0020630378239390513 0.00072270924536873497 0.0031114888660067298 0.00268487605752161 -0.0037476354257828534 -0.0061993263106605613 0.0016708572041778573 -0.00087724382134624654 0.0014483097273958641 -0.0027123084949947336 -0.0021235844600530677 -0.0022703392528140433 0.00084418032376601382 0.0014224476795745306 -0.00062249774373421436 0.0013408288197265649 0.0054793206132208346 0.00035509120057006921 0.0024055728121479616 -0.0029851302598428091 -0.00022226283477491191 0.0051130489941627992 0.015041693209065477 -0.00041229626880652796
leaf_weight=17603 70 7872 6277 1632 3270 3318 212 5180 406 265 954 13774 3823 6758 1812 12826 1452 12576 3975 2034 9017 2892 372 972 1500 2264 335 1161 82 77
leaf_count=17603 70 7872 6277 1632 3270 3318 212 5180 406 265 954 13774 3823 6758 1812 12826 1452 12576 3975 2034 9017 2892 372 972 1500 2264 335 1161 82 77
internal_value=-0.0015454 -6.1284e-05 0.000421932 6.31385e-05 -0.000307751 -0.00323911 -0.00268094 -0.000498942 0.0049558 -0.00325742 -0.00233629 -0.0044309 0.00400334 0.0010591 0.000448587 -0.00334619 -0.0010658 -0.00187583 0.000345911 0.00518821 4.62378e-05 0.00190203 0.00380821 0.00193685 0.000774748 -0.000706576 0.0045624 0.00723262 0.00483827 0.0141824
internal_weight=124761 66495 58623 54324 50658 58266 40663 8498 4299 32165 18020 14145 3893 18072 14802 13091 32586 18853 4929 3666 13733 4716 3264 8044 5576 4076 2468 1496 371 159
internal_count=124761 66495 58623 54324 50658 58266 40663 8498 4299 32165 18020 14145 3893 18072 14802 13091 32586 18853 4929 3666 13733 4716 3264 8044 5576 4076 2468 1496 371 159
is_linear=0
shrinkage=0.05


Tree=37
num_leaves=31
num_cat=0
split_feature=9 3 0 0 10 11 0 0 3 9 8 10 4 3 11 0 0 10 10 4 3 4 9 3 7 3 8 3 7 11
split_gain=119.078 42.6963 34.9979 39.9532 20.8221 18.7202 16.8052 19.5881 17.4904 16.5637 14.6752 14.0306 17.9569 12.5488 10.6757 10.4296 23.8273 22.5081 16.0884 12.5624 10.352 10.3229 12.187 9.6638 9.25192 9.16507 9.64586 8.71721 11.7189 8.23624
threshold=25.580989583333338 0.85673801594079257 7.5000000000000009 82.500000000000014 1.0000000180025095e-35 0.94542443323476821 28.500000000000004 42.500000000000007 -0.159513159777915 33.33671875000001 28.950000000000003 1.0000000180025095e-35 0.90803977035715633 -0.93843426604005675 0.78920070979102952 21.500000000000004 43.500000000000007 1.0000000180025095e-35 1.0000000180025095e-35 -0.9497838742125716 -0.99166060804803513 0.22491561436810906 28.733593750000001 -0.19337636264337835 30.112500000000004 -0.95995996396290595 31.050000000000004 -0.95500086777008153 27.612500000000004 1.1649345393363679
decision_type=2 2 2 2 2 2 2 2 2 2 2 2 2 2 2 2 2 2 2 2 2 2 2 2 2 2 2 2 2 2
left_child=6 2 9 5 -5 -4 -1 8 -8 10 -2 13 14 27 -13 18 -17 19 25 -18 24 22 -22 -14 -19 -7 -27 -9 -29 -24
right_child=1 -3 3 4 -6 15 7 11 -10 -11 -12 12 23 -15 -16 16 17 20 -20 -21 21 -23 29 -25 -26 26 -28 28 -30 -31
leaf_value=-0.0051027445598664008 0.0045025101306988375 -0.0024761900251281319 -0.0017423396182217916 0.0027457953438008408 0.00057828908716291226 -0.002253218579827459 -0.002490669637758341 -0.0019598859327421003 0.00068657378310029674 0.002921156836787999 0.0014880381282454094 0.0025506322546455292 -0.0035602536544937094 -0.0058893599951275327 -0.0025766930702449983 -0.0017779406184022445 0.0011054058960178466 0.001880164149227404 -0.0002177340332947679 -0.0019201481494863773 -0.00026196892376480576 0.0076491758593158782 0.0020922676139031055 0.00080197130757771445 0.0053109733059791856 0.0067354096326574693 0.0018806707750395732 0.014289608548612205 -0.00039168145536620238 -0.0012558822731580401
leaf_weight=17603 56 8256 11453 3503 4373 336 3318 212 5180 464 4358 265 954 13774 12826 9988 2067 367 3540 5772 3705 78 4937 3975 257 56 2422 82 77 507
leaf_count=17603 56 8256 11453 3503 4373 336 3318 212 5180 464 4358 265 954 13774 12826 9988 2067 367 3540 5772 3705 78 4937 3975 257 56 2422 82 77 507
internal_value=-0.00153658 -9.06095e-05 0.000386424 1.58343e-05 0.00330371 -0.00055348 -0.00318677 -0.00262807 -0.000493058 0.00444034 0.00349569 -0.00319214 -0.00226693 -0.0043708 -0.00323543 3.49659e-05 -0.000384422 0.000717919 0.00186182 -0.00128141 0.0023089 0.00188739 0.00173298 0.000305335 0.00854167 0.00468372 0.00573446 0.0047035 0.0135535 0.00323843
internal_weight=124761 66495 58239 53361 7876 45485 58266 40663 8498 4878 4414 32165 18020 14145 13091 34032 27678 17690 6354 7839 9851 9227 9149 4929 624 2814 2478 371 159 5444
internal_count=124761 66495 58239 53361 7876 45485 58266 40663 8498 4878 4414 32165 18020 14145 13091 34032 27678 17690 6354 7839 9851 9227 9149 4929 624 2814 2478 371 159 5444
is_linear=0
shrinkage=0.05


Tree=38
num_leaves=31
num_cat=0
split_feature=4 3 0 0 3 0 10 0 10 3 0 0 0 0 3 10 8 9 10 9 11 10 8 3 0 11 7 3 7 9
split_gain=114.372 31.0906 29.7365 30.9758 24.9816 21.1057 33.0583 21.8084 18.4164 18.0646 17.7856 22.3171 16.1254 14.6886 14.2604 13.9743 14.1109 12.0741 11.9543 16.3763 11.8511 11.7733 11.4257 11.1177 9.58688 9.40298 9.07743 9.59666 9.02793 7.62713
threshold=-0.16799793862756093 0.86548282553247169 4.5000000000000009 79.500000000000014 -0.8821812062722818 23.500000000000004 1.0000000180025095e-35 41.500000000000007 1.0000000180025095e-35 -0.97694226132849327 26.500000000000004 48.500000000000007 69.500000000000014 58.500000000000007 -0.2102246306142678 1.0000000180025095e-35 37.050000000000004 27.246614583333336 1.0000000180025095e-35 13.946875000000002 0.78920070979102952 1.0000000180025095e-35 28.950000000000003 0.78857998149907527 32.500000000000007 0.9621683328328906 28.112500000000004 0.06553689391773225 25.712500000000006 26.965885416666669
decision_type=2 2 2 2 2 2 2 2 2 2 2 2 2 2 2 2 2 2 2 2 2 2 2 2 2 2 2 2 2 2
left_child=1 2 21 5 20 6 9 -7 17 -4 -6 14 13 -9 -12 -15 -17 -5 -13 -20 -2 -1 -23 24 -16 -11 -10 -28 -8 -22
right_child=4 -3 3 8 10 7 28 12 26 25 11 18 -14 15 23 16 -18 -19 19 -21 29 22 -24 -25 -26 -27 27 -29 -30 -31
leaf_value=0.0029066063626854138 0.0039088351144179875 -0.0022080055038984424 0.0083960819360106211 0.0090539967365633797 -0.0058667556766413866 -0.0024358670121168713 -0.0029119226915350575 -0.00027361592273096201 -0.00038572387730228679 0.00027521032544641116 -0.002795169106055945 -0.0063410125917009704 -0.0020600167764423245 -3.9583855278985239e-05 -0.0013880760197805776 0.0020341366821400738 0.0062961221623261581 0.002303826192456416 1.7664647215448471e-06 -0.0030478138184116461 -0.0012969390648148744 0.004467188963726043 0.00079164241439962058 -0.0018226939745984744 0.0015761831921650483 0.002144113145029177 0.0031813200718260313 -0.00059815736203282905 0.00025348407579410792 0.00063955837192602723
leaf_weight=1208 192 5376 57 64 15417 9774 2024 9231 3003 1330 3652 12214 5415 2640 1554 3075 253 3766 4089 10528 9032 55 1466 3212 4144 3173 1140 691 3722 3264
leaf_count=1208 192 5376 57 64 15417 9774 2024 9231 3003 1330 3652 12214 5415 2640 1554 3075 253 3766 4089 10528 9032 55 1466 3212 4144 3173 1140 691 3722 3264
internal_value=-0.00153938 9.8932e-05 0.000472574 0.00019166 -0.00293828 -0.000386299 0.00156899 -0.00104943 0.00290628 0.00474781 -0.0033981 -0.00283464 -0.000127099 0.000707611 -0.00109537 0.00264075 0.00479567 0.00549608 -0.00364895 -0.0026842 -0.000920084 0.00555332 0.00262656 -1.68362e-05 0.00130923 0.00439374 0.000854364 0.00362916 -0.000953708 -0.00111256
internal_weight=124761 57463 52087 49358 67298 40694 10306 30388 8664 4560 54810 39393 20614 15199 12562 5968 3328 3830 26831 14617 12488 2729 1521 8910 5698 4503 4834 1831 5746 12296
internal_count=124761 57463 52087 49358 67298 40694 10306 30388 8664 4560 54810 39393 20614 15199 12562 5968 3328 3830 26831 14617 12488 2729 1521 8910 5698 4503 4834 1831 5746 12296
is_linear=0
shrinkage=0.05


Tree=39
num_leaves=31
num_cat=0
split_feature=4 3 9 3 0 0 11 0 0 10 4 3 0 0 10 0 3 11 0 11 9 3 3 10 3 1 0 0 9 0
split_gain=108.776 32.3238 29.858 20.1903 17.9913 20.9077 15.0602 14.9595 15.2144 12.8646 16.7518 12.4478 11.7481 12.7601 15.1227 13.9911 11.5632 10.2769 9.45207 8.80597 8.63604 11.0744 7.84028 7.72134 9.69231 9.72321 8.00476 7.2624 6.96043 6.93338
threshold=-0.25206183926700709 -0.8821812062722818 31.988020833333334 0.36648264796514479 26.500000000000004 46.500000000000007 0.94542443323476821 23.500000000000004 79.500000000000014 1.0000000180025095e-35 0.90803977035715633 -0.2102246306142678 90.500000000000014 23.500000000000004 1.0000000180025095e-35 41.500000000000007 0.78857998149907527 1.1098813432497676 32.500000000000007 1.138526936352606 34.991406250000004 0.54940630780725741 -0.19337636264337835 1.0000000180025095e-35 1.0000000180025095e-35 5.5000000000000009 58.500000000000007 80.500000000000014 28.330468750000005 88.500000000000014
decision_type=2 2 2 2 2 2 2 2 2 2 2 2 2 2 2 2 2 2 2 2 2 2 2 2 2 2 2 2 2 2
left_child=2 27 3 6 -3 11 -1 17 23 -7 -11 -6 13 14 19 -15 18 20 -13 28 -4 -22 -12 -9 26 -26 -25 -2 -8 -24
right_child=1 4 7 -5 5 9 12 8 -10 10 22 16 -14 15 -16 -17 -18 -19 -20 -21 21 -23 29 24 25 -27 -28 -29 -30 -31
leaf_value=-0.00082028422311942756 -0.00083370701091065697 -0.0055948410490180706 0.0022853224304921664 -0.0012503144743107161 -0.0026321449568839955 -0.005881219932517872 0.0070030509379543446 -0.00023972968809869296 0.002401866896465574 -0.0028246157819655062 -0.0033644612658040316 -0.0013186722187915484 0.0023650611547954398 -0.0018798856456884666 0.00050713681670129789 0.00057477900428418507 -0.0018126357412771511 -0.0002546305289490709 0.001650941179524814 0.0027656934358426051 0.0027789197548392349 -0.001636726243213367 0.00099610998816495092 0.0013775568675531576 -0.00043777364652488693 0.0058018187182640995 0.011261837145532172 0.00086153922217291161 0.0020261009503484586 -0.0035757860986300044
leaf_weight=9391 11753 15795 1536 13528 3320 12979 120 5208 1696 11123 882 1554 1125 4050 3792 11005 3200 508 3626 96 432 72 3150 140 448 56 84 2175 1392 525
leaf_count=9391 11753 15795 1536 13528 3320 12979 120 5208 1696 11123 882 1554 1125 4050 3792 11005 3200 508 3626 96 432 72 3150 140 448 56 84 2175 1392 525
internal_value=-0.00154059 -0.00284467 0.000130853 -0.000427988 -0.00337946 -0.00281957 0.000275902 0.00257367 0.00146619 -0.00354671 -0.00258291 -0.00103846 0.00100324 0.000729649 0.00281481 -1.82675e-05 -1.19344e-05 0.00589089 0.00144788 0.00687811 0.00747549 0.0131548 -2.96259e-05 0.00027291 0.00509615 0.00125 0.01375 -0.000688542 0.00594577 0.000986393
internal_weight=124761 70082 54679 44499 56154 40359 30971 10180 7632 28659 15680 11700 21580 20455 5400 15055 8380 2548 5180 1608 2040 504 4557 5936 728 504 224 13928 1512 3675
internal_count=124761 70082 54679 44499 56154 40359 30971 10180 7632 28659 15680 11700 21580 20455 5400 15055 8380 2548 5180 1608 2040 504 4557 5936 728 504 224 13928 1512 3675
is_linear=0
shrinkage=0.05


Tree=40
num_leaves=31
num_cat=0
split_feature=9 3 0 0 0 10 9 9 3 9 8 0 11 11 0 0 10 4 8 0 3 3 0 11 3 10 3 9 0 3
split_gain=106.626 33.8114 27.9583 31.1809 16.9371 17.415 19.4137 16.788 11.4159 11.0656 10.9057 9.79976 9.45668 9.45583 9.29778 9.0116 13.9341 11.7351 10.094 8.89375 11.3586 8.89103 8.29551 7.91047 7.7988 22.0851 17.7963 7.7959 7.35306 9.36002
threshold=25.580989583333338 0.85673801594079257 6.5000000000000009 89.500000000000014 26.500000000000004 1.0000000180025095e-35 13.074218750000002 29.979947916666667 0.06553689391773225 33.187239583333344 29.050000000000004 54.500000000000007 0.93624883425564398 1.1098813432497676 22.500000000000004 66.500000000000014 1.0000000180025095e-35 -0.056951011027366626 32.95000000000001 40.500000000000007 -0.93843426604005675 0.534952257794027 58.500000000000007 1.1064219518172318 -0.93235440815991333 1.0000000180025095e-35 -0.95500086777008153 32.957552083333347 66.500000000000014 -0.95500086777008153
decision_type=2 2 2 2 2 2 2 2 2 2 2 2 2 2 2 2 2 2 2 2 2 2 2 2 2 2 2 2 2 2
left_child=4 2 9 7 24 19 21 11 12 10 -2 14 -9 23 -4 16 -13 -18 -19 -6 28 -7 -8 -14 25 26 -1 -10 -21 -30
right_child=1 -3 3 -5 5 6 22 8 27 -11 -12 15 13 -15 -16 -17 17 18 -20 20 -22 -23 -24 -25 -26 -27 -28 -29 29 -31
leaf_value=-3.3820509317597501e-05 0.0041272158767386453 -0.0021537988179089885 -0.00011197689189584907 0.0020231530652166946 -0.0012153389736569251 0.001081540496582954 -0.00080523914288361793 -0.0021511655452541825 -0.0010177035259842434 0.0026467035406296403 0.0013719319318899179 -0.0019897712655282929 0.0019345613062522323 -0.00075308757873839048 -0.0020032027514497851 -0.00061897422972423063 0.0011888135821086891 0.0058024220421980174 -5.5615017024100671e-05 -0.0038359204677711383 -0.0049936971833618535 -0.004023011520836426 -0.0026657447736536974 0.0065960676567378782 -0.0048498528577900438 -0.0061415999344508389 0.0087623308494629033 0.00063340264396061208 0.0002257830806925476 0.013155923648641314
leaf_weight=108 70 8256 6245 3642 3738 4278 8608 581 5883 441 3760 1452 5466 1079 12512 8971 2868 252 120 182 14294 621 9953 83 15363 810 108 4814 116 87
leaf_count=108 70 8256 6245 3642 3738 4278 8608 581 5883 441 3760 1452 5466 1079 12512 8971 2868 252 120 182 14294 621 9953 83 15363 810 108 4814 116 87
internal_value=-0.00152055 -0.000152268 0.000272239 -3.59484e-05 -0.00308207 -0.00254877 -0.00164535 -0.000359259 0.00086954 0.00416647 0.00330287 -0.00103794 0.00240741 0.00294357 -0.00177987 -1.93966e-05 0.00175618 0.00358025 0.0119355 -0.00369957 -0.00425404 0.00115432 -0.0023843 0.00377635 -0.00444475 -0.000224173 0.0139815 -0.00016687 0.00422078 0.0107635
internal_weight=124761 66495 58239 53968 58266 41877 23460 50326 17906 4271 3830 32420 7209 6628 18757 13663 4692 3240 372 18417 14679 4899 18561 5549 16389 1026 216 10697 385 203
internal_count=124761 66495 58239 53968 58266 41877 23460 50326 17906 4271 3830 32420 7209 6628 18757 13663 4692 3240 372 18417 14679 4899 18561 5549 16389 1026 216 10697 385 203
is_linear=0
shrinkage=0.05


Tree=41
num_leaves=31
num_cat=0
split_feature=4 3 3 9 0 0 0 0 3 10 9 3 11 3 3 9 11 4 3 8 8 9 8 3 8 7 0 11 0 11
split_gain=101.738 25.4019 23.5911 21.949 19.2864 20.6889 18.1946 21.7793 13.1148 12.7209 14.0406 12.494 10.6625 9.95752 9.74651 12.0499 9.38046 8.13141 8.02814 14.3016 7.81475 7.78881 25.1012 11.5977 13.9607 9.02608 10.5087 7.68246 7.63907 7.4864
threshold=-0.18493013702746822 -0.8821812062722818 0.878110924644389 29.979947916666667 11.500000000000002 79.500000000000014 26.500000000000004 48.500000000000007 -0.50556189049999822 1.0000000180025095e-35 14.300520833333335 -0.2102246306142678 0.78920070979102952 0.78857998149907527 0.76140650896573492 30.591927083333339 1.0891277928364806 -0.99761278905001471 0.54940630780725741 41.150000000000013 26.450000000000003 26.965885416666669 32.45000000000001 -0.9731273977605811 32.650000000000013 30.412500000000005 57.500000000000007 0.98031510418725609 79.500000000000014 1.1338093104982068
decision_type=2 2 2 2 2 2 2 2 2 2 2 2 2 2 2 2 2 2 2 2 2 2 2 2 2 2 2 2 2 2
left_child=2 12 3 8 14 17 -3 11 16 -9 -11 -8 -2 -13 18 -16 28 27 19 -5 -10 23 25 -14 -25 -23 -27 -6 -1 -7
right_child=1 6 -4 4 5 29 7 9 20 10 -12 13 21 -15 15 -17 -18 -19 -20 -21 -22 22 -24 24 -26 26 -28 -29 -30 -31
leaf_value=-0.00030432200930245658 0.0038714187755100288 -0.0050727955900076891 -0.0019640730934884685 0.001611496151114782 0.0080949978236377045 0.0024844740316931121 -0.0024577184842886879 -0.0054839515040253951 0.0030684251023179576 -9.2560541540563513e-05 -0.0027009055792600874 0.0007557386662432337 -0.0029081205588910365 -0.0015881345182714897 -0.0059430112091750972 0.0082154631463558087 0.0017476270820760862 -0.00011562203945893778 -0.00052527757843002761 0.0032456321475372871 -0.00093944032338049821 0.0015138285432616618 -0.0033600292001435203 -0.00016284872918789851 0.0072816924661998688 0.0028730545119593871 0.0064893215915765917 0.00152848849531659 0.0012769771981306817 -0.0011869109550683525
leaf_weight=10968 192 15498 4704 1692 68 3168 3652 12261 96 4371 10340 5698 4712 3278 60 204 2208 13390 484 216 15521 1513 1728 4224 96 230 81 1564 2192 352
leaf_count=10968 192 15498 4704 1692 68 3168 3652 12261 96 4371 10340 5698 4712 3278 60 204 2208 13390 484 216 15521 1513 1728 4224 96 230 81 1564 2192 352
internal_value=-0.00151013 -0.00281728 4.94829e-05 0.000355191 0.00159496 0.00102416 -0.00328306 -0.00271465 -0.000492982 -0.00351698 -0.00252566 -0.00100095 -0.000808548 2.22697e-06 0.00557982 0.014697 0.000543986 0.000215682 0.00457358 0.00603249 -0.00151342 -0.000986969 0.00099662 -0.00176705 0.000104165 0.00508772 0.0128457 0.00354779 3.79927e-05 0.00447443
internal_weight=124761 67874 56887 52183 21198 18542 55098 39600 30985 26972 14711 12628 12776 8976 2656 264 15368 15022 2392 1908 15617 12584 3552 9032 4320 1824 311 1632 13160 3520
internal_count=124761 67874 56887 52183 21198 18542 55098 39600 30985 26972 14711 12628 12776 8976 2656 264 15368 15022 2392 1908 15617 12584 3552 9032 4320 1824 311 1632 13160 3520
is_linear=0
shrinkage=0.05


Tree=42
num_leaves=31
num_cat=0
split_feature=9 3 0 0 0 0 10 9 10 0 0 10 0 8 9 10 0 3 8 3 3 10 3 1 9 8 4 9 11 7
split_gain=97.0408 29.0732 23.339 28.0047 22.0066 15.9657 16.7592 17.3616 14.2272 12.5651 14.1439 11.8126 11.9241 11.2219 11.1853 10.4823 8.68617 10.1216 8.28515 8.26564 8.19207 23.3692 16.7356 8.17092 9.71138 8.58195 8.5485 8.03828 7.96103 7.5233
threshold=25.580989583333338 0.85673801594079257 89.500000000000014 16.500000000000004 52.500000000000007 25.500000000000004 1.0000000180025095e-35 13.946875000000002 1.0000000180025095e-35 67.500000000000014 79.500000000000014 1.0000000180025095e-35 58.500000000000007 28.950000000000003 31.988020833333334 1.0000000180025095e-35 40.500000000000007 -0.93843426604005675 38.550000000000004 -0.99697703579879204 -0.93235440815991333 1.0000000180025095e-35 -0.95500086777008153 3.5000000000000004 29.661718750000002 29.250000000000004 -0.55656394595157355 25.870572916666671 0.78920070979102952 25.712500000000006
decision_type=2 2 2 2 2 2 2 2 2 2 2 2 2 2 2 2 2 2 2 2 2 2 2 2 2 2 2 2 2 2
left_child=5 2 3 8 -5 20 16 -8 23 11 15 14 -13 -10 -6 -11 -7 -18 19 -14 21 22 -1 25 -25 -2 -26 -3 -9 -15
right_child=1 27 -4 4 9 6 7 28 13 10 -12 12 18 29 -16 -17 17 -19 -20 -21 -22 -23 -24 24 26 -27 -28 -29 -30 -31
leaf_value=0.00011959106166583856 0.0090269814055408959 0.0009077434857517353 0.0018683949353198396 -0.001209259786256326 -0.0013851125431829407 -0.0012500992881495751 0.00040075512023467772 0.002007625610084763 0.0037022090714242655 -0.0042314230408594935 0.00070522983699310745 0.00022810879249384104 0.00567260791755773 -0.0012949181635932676 0.0019525684979838365 -0.00022016349094567658 0.0028041110615056983 -0.0045473576713035624 0.0072138819132103495 0.0021503547517633358 -0.0045199704573484724 -0.0057949101305277105 0.0076923620431094443 0.001150895737723971 0.0024703061384093845 0.00072874257662353494 0.0069515955149987169 -0.0023760917038992556 -0.0017174004999885415 0.00077380435838285053
leaf_weight=104 68 576 3642 21844 2700 4005 6090 420 102 3239 6046 2022 99 2068 1350 4026 385 14294 99 2834 14794 780 104 833 1105 2494 102 7680 17290 3566
leaf_count=104 68 576 3642 21844 2700 4005 6090 420 102 3239 6046 2022 99 2068 1350 4026 385 14294 99 2834 14794 780 104 833 1105 2494 102 7680 17290 3566
internal_value=-0.00149971 -0.000194377 0.000199264 -5.92535e-05 -0.000606544 -0.00298939 -0.00248494 -0.00160504 0.00228381 0.000494088 -0.000484938 0.00192553 0.00353779 0.000622384 -8.64209e-05 -0.00197178 -0.00360576 -0.00416888 0.00552111 0.00504091 -0.00434736 6.07276e-05 0.0149519 0.00435463 0.00671569 0.00247463 0.00958161 -0.00297117 -0.00239695 0.000324812
internal_weight=124761 66495 58239 54597 44259 58266 42484 23800 10338 22415 13311 9104 5054 5736 4050 7265 18684 14679 3032 2933 15782 988 208 4602 2040 2562 1207 8256 17710 5634
internal_count=124761 66495 58239 54597 44259 58266 42484 23800 10338 22415 13311 9104 5054 5736 4050 7265 18684 14679 3032 2933 15782 988 208 4602 2040 2562 1207 8256 17710 5634
is_linear=0
shrinkage=0.05


Tree=43
num_leaves=31
num_cat=0
split_feature=4 3 3 9 0 0 0 0 10 7 0 3 3 4 9 3 8 3 11 0 3 11 4 8 0 9 8 3 8 4
split_gain=93.7468 23.913 20.7294 19.5567 17.5059 20.6278 14.1943 19.9529 13.2498 12.8405 13.7493 11.4997 11.2135 11.0407 12.9963 10.4334 17.2154 9.27871 9.24553 9.00411 8.92004 7.97155 7.51388 6.80456 8.68454 6.76986 22.6719 11.3618 9.63073 8.07059
threshold=-0.18493013702746822 -0.8821812062722818 0.878110924644389 29.979947916666667 25.500000000000004 48.500000000000007 23.500000000000004 79.500000000000014 1.0000000180025095e-35 12.712500000000004 87.500000000000014 -0.2102246306142678 -0.50556189049999822 -0.64580103137750788 30.522135416666668 0.57077594689671507 41.150000000000013 0.78857998149907527 0.78920070979102952 32.500000000000007 0.45273815774107123 1.0891277928364806 -0.99983123799342477 29.050000000000004 18.500000000000004 26.965885416666669 32.45000000000001 -0.9731273977605811 32.650000000000013 -0.022575793296316496
decision_type=2 2 2 2 2 2 2 2 2 2 2 2 2 2 2 2 2 2 2 2 2 2 2 2 2 2 2 2 2 2
left_child=2 18 3 12 -3 11 13 20 -7 10 -10 -6 21 15 -15 16 22 19 -2 -13 -8 -1 -5 24 -14 27 29 -20 -29 -27
right_child=1 4 -4 6 5 8 7 -9 9 -11 -12 17 23 14 -16 -17 -18 -19 25 -21 -22 -23 -24 -25 -26 26 -28 28 -30 -31
leaf_value=-3.9303285621523587e-06 0.0035774665562302924 -0.0047505884167471273 -0.0017783841485613399 0.0044591829272748167 -0.0023705456036008767 -0.0049838533714615134 0.00044354816863943043 0.0020168614059760575 0.0018126613132020714 -0.0022125730240246141 -0.0028861468153998093 -0.0013287026611870519 0.0039110881632101894 -0.00022495002559476892 0.0051161513390150957 -0.0010871287285402331 0.002520672296978695 -0.0014961669072890338 -0.0027989547598465808 0.001400318923309031 -0.0015577220837570856 0.0016701644716170404 0.00089111606664082725 -0.0010165820186874997 0.00023991168274515386 0.00032981773373030822 -0.0031521731250003155 -8.8932824414297796e-05 0.0068693527929110272 0.0030600748908680545
leaf_weight=13160 192 14924 4704 120 3818 12261 8059 3520 1195 12687 829 1813 133 216 480 892 456 3427 4712 4144 4311 2208 3144 14945 539 672 1728 4224 96 1152
leaf_count=13160 192 14924 4704 120 3818 12261 8059 3520 1195 12687 829 1813 133 216 480 892 456 3427 4712 4144 4311 2208 3144 14945 539 672 1728 4224 96 1152
internal_value=-0.00147927 -0.00273404 1.78412e-05 0.000304408 -0.00318596 -0.00264276 0.00147467 0.000726871 -0.00343542 -0.0024237 0.0012747 -0.00102333 -0.000496209 0.00371326 0.00958333 0.00282741 0.00399193 -8.20558e-05 -0.000785067 0.00111046 -0.000218271 0.000462648 0.00272059 -0.00143978 0.00348214 -0.000951209 0.000898084 -0.00167848 0.00017361 0.00478618
internal_weight=124761 67874 56887 52183 55098 40174 21198 15890 26972 14711 2024 13202 30985 5308 696 4612 3720 9384 12776 5957 12370 15368 3264 15617 672 12584 3552 9032 4320 1824
internal_count=124761 67874 56887 52183 55098 40174 21198 15890 26972 14711 2024 13202 30985 5308 696 4612 3720 9384 12776 5957 12370 15368 3264 15617 672 12584 3552 9032 4320 1824
is_linear=0
shrinkage=0.05


Tree=44
num_leaves=31
num_cat=0
split_feature=4 3 3 0 0 0 0 10 10 4 11 3 0 11 3 0 0 10 8 10 9 4 10 8 4 11 9 3 0 0
split_gain=88.816 22.5752 19.0423 18.0113 21.5404 17.1465 18.4815 13.1809 13.004 12.7742 10.7877 10.0294 9.29882 8.89435 8.82213 7.99161 18.8685 15.7526 11.9189 9.64209 11.5755 8.24045 7.71963 9.15533 7.43741 11.011 6.67196 6.66862 6.57782 13.916
threshold=-0.18493013702746822 -0.87395131947920313 0.85673801594079257 5.5000000000000009 83.500000000000014 23.500000000000004 48.500000000000007 1.0000000180025095e-35 1.0000000180025095e-35 0.90803977035715633 0.93309361111522005 -0.2102246306142678 30.500000000000004 0.78920070979102952 0.78857998149907527 23.500000000000004 41.500000000000007 1.0000000180025095e-35 28.350000000000005 1.0000000180025095e-35 28.733593750000001 -0.9497838742125716 1.0000000180025095e-35 28.950000000000003 -0.60555643346685839 0.91604481249886316 28.330468750000005 -0.19337636264337835 88.500000000000014 75.500000000000014
decision_type=2 2 2 2 2 2 2 2 2 2 2 2 2 2 2 2 2 2 2 2 2 2 2 2 2 2 2 2 2 2
left_child=2 13 3 22 10 -3 11 -8 24 -9 -5 -7 -13 -2 -14 17 -17 26 -19 21 -21 -18 -1 -24 -6 -26 -12 -11 29 -29
right_child=1 5 -4 4 8 6 7 9 -10 27 15 12 14 -15 -16 16 19 18 -20 20 -22 -23 23 -25 25 -27 -28 28 -30 -31
leaf_value=0.0023754392407375462 0.0033985932284187797 -0.0048717963508521306 -0.0015483898301479665 -0.0013421983698018974 0.0018609559300527398 -0.0023333485584787097 -0.0047829546520644743 -0.0023895799338238023 0.00042911224131039261 -0.0030802301229483292 0.0065170940215086423 -0.0020783084938721611 0.0011545987555082612 -0.00059701749706617916 -0.0010613292873511376 -0.0018262367337593861 0.00076805448502050835 0.0045332613276477078 -0.00050853157534203638 -0.00030339491105374489 0.0016010405045620024 -0.0012637267932780057 0.0038506492024542351 0.00047095650266395437 0.0078313398300744793 0.0033090562411774802 0.0013213669139436014 -0.00041729617212851191 -0.003287867638013336 0.0022346511442977906
leaf_weight=1430 192 13656 5472 9570 2323 4025 12167 10199 3582 846 108 2856 4662 13064 2682 7434 2394 54 4066 3570 6031 5333 66 1734 60 456 3204 2025 525 975
leaf_count=1430 192 13656 5472 9570 2323 4025 12167 10199 3582 846 108 2856 4662 13064 2682 7434 2394 54 4066 3570 6031 5333 66 1734 60 456 3204 2025 525 975
internal_value=-0.00146925 -0.00269057 -1.20426e-05 0.000286394 4.40997e-05 -0.00313981 -0.00262829 -0.00340296 0.00274023 -0.00238847 -0.000370416 -0.00117223 -0.000338236 -0.000839621 0.000603212 6.77133e-05 -0.000363865 0.00150565 -0.000558254 0.000540165 0.00159827 -0.000774558 0.00390093 0.00172222 0.0052677 0.0106977 0.00407307 -0.000126974 0.000829786 0.00173333
internal_weight=124761 67874 56887 51415 48185 54618 40962 26737 6421 14570 41764 14225 10200 13256 7344 32194 24762 7432 4120 17328 9601 7727 3230 1800 2839 516 3312 4371 3525 3000
internal_count=124761 67874 56887 51415 48185 54618 40962 26737 6421 14570 41764 14225 10200 13256 7344 32194 24762 7432 4120 17328 9601 7727 3230 1800 2839 516 3312 4371 3525 3000
is_linear=0
shrinkage=0.05


Tree=45
num_leaves=31
num_cat=0
split_feature=9 3 0 0 0 10 9 11 10 10 0 0 0 0 10 10 0 3 9 0 3 8 8 3 4 7 3 11 1 8
split_gain=84.3746 22.629 20.7622 25.7177 17.6399 19.6676 14.6906 13.0442 12.8133 10.5323 9.99366 9.83724 15.8081 13.9054 14.4753 9.71524 9.5642 10.93 8.79465 8.66089 8.28713 14.6173 8.09232 7.84044 7.07606 7.00728 7.68956 6.946 8.63343 6.82973
threshold=24.955468750000001 0.85673801594079257 8.5000000000000018 85.500000000000014 25.500000000000004 1.0000000180025095e-35 13.074218750000002 0.93309361111522005 1.0000000180025095e-35 1.0000000180025095e-35 41.500000000000007 52.500000000000007 68.500000000000014 23.500000000000004 1.0000000180025095e-35 1.0000000180025095e-35 58.500000000000007 -0.87395131947920313 29.830989583333338 58.500000000000007 -0.95995996396290595 31.050000000000004 37.050000000000004 0.534952257794027 0.14037931941357643 27.737500000000004 0.06553689391773225 1.1250574444522627 1.5000000000000002 29.150000000000002
decision_type=2 2 2 2 2 2 2 2 2 2 2 2 2 2 2 2 2 2 2 2 2 2 2 2 2 2 2 2 2 2
left_child=4 2 9 7 -1 10 23 -4 -5 -2 -6 13 15 14 20 18 -8 29 -13 -17 -9 -22 -21 -7 -3 -10 -27 28 -24 -18
right_child=1 24 3 8 5 6 16 11 25 -11 -12 12 -14 -15 -16 19 17 -19 -20 22 21 -23 27 -25 -26 26 -28 -29 -30 -31
leaf_value=-0.0041180391451553179 0.0020714352358029826 -0.0018610500741744842 -0.0016241533740339595 0.002297117330639148 -0.0010644393884407272 0.0009640835397316125 -0.00051833254897556784 -0.0018709898348880543 -0.00038628334298536652 0.0005212945221472787 -0.0041945373084618228 -0.0021793647479399388 -0.00047868601697292857 -0.0012689749103218864 -0.00062366106533925448 0.00035709748564824868 0.001155982439949051 -0.0029664649491699005 0.0011501987014941946 0.0023653809295081174 0.0062764820913048776 0.0013308846314548483 0.0028632665259531111 -0.0036730620599067887 0.00083216427372710211 0.0033728909307029656 -0.000821804906125416 0.00028616527625279327 0.0076568776058585008 -0.003108972879622278
leaf_weight=14742 2523 8832 10829 2787 4048 4340 8019 390 2314 3205 13656 1328 8363 14297 4168 1668 777 7881 2112 2548 105 2730 70 630 672 812 422 70 90 333
leaf_count=14742 2523 8832 10829 2787 4048 4340 8019 390 2314 3205 13656 1328 8363 14297 4168 1668 777 7881 2112 2548 105 2730 70 630 672 812 422 70 90 333
internal_value=-0.00145482 -0.000311013 4.34799e-05 -0.000254343 -0.00293297 -0.00238434 -0.00138535 -0.000643661 0.0027427 0.00290852 -0.00362461 -0.00020678 0.000723428 -0.000903643 0.00085689 0.00232944 -0.00208407 -0.00320376 0.000334301 0.00387314 0.00337209 0.00431217 0.00558315 0.00100604 -0.00257997 0.000749717 0.00379254 0.0145652 0.0203125 0.00144144
internal_weight=124761 70335 60831 55103 54426 39684 21980 48768 6335 5728 17704 37939 16249 21690 7393 7886 17010 8991 3440 4446 3225 2835 2778 4970 9504 3548 1234 230 160 1110
internal_count=124761 70335 60831 55103 54426 39684 21980 48768 6335 5728 17704 37939 16249 21690 7393 7886 17010 8991 3440 4446 3225 2835 2778 4970 9504 3548 1234 230 160 1110
is_linear=0
shrinkage=0.05


Tree=46
num_leaves=31
num_cat=0
split_feature=9 9 8 0 0 3 3 0 0 9 9 10 11 11 11 4 8 3 3 8 4 7 3 9 3 10 7 11 9 11
split_gain=80.4144 23.8515 20.7639 16.7463 18.7786 15.6779 13.5618 12.9922 12.6493 11.5225 11.1232 9.63675 9.17305 10.8265 11.7378 10.3141 9.75347 9.1626 10.6551 7.94547 7.3793 7.26578 6.5473 6.49204 7.85256 6.07565 5.99824 7.93443 5.52518 7.01143
threshold=23.425520833333341 29.979947916666667 34.050000000000004 25.500000000000004 51.500000000000007 -0.85671820900978868 0.06553689391773225 79.500000000000014 8.5000000000000018 32.957552083333347 13.074218750000002 1.0000000180025095e-35 0.93624883425564398 1.0959530445469128 1.0864563662565241 -0.99983123799342477 37.750000000000007 -0.03977009085991149 0.78857998149907527 28.450000000000003 0.011826144619637555 27.812500000000004 -0.9442364261229238 9.9703125000000004 0.01505151768384008 1.0000000180025095e-35 32.51250000000001 1.1064219518172318 27.683333333333334 1.0891277928364806
decision_type=2 2 2 2 2 2 2 2 2 2 2 2 2 2 2 2 2 2 2 2 2 2 2 2 2 2 2 2 2 2
left_child=3 2 7 20 17 19 12 8 -2 -8 11 -7 -3 14 22 -15 -16 -5 23 -6 -1 -9 -14 24 -19 -25 27 -11 -10 -30
right_child=1 6 -4 4 5 10 9 21 28 26 -12 -13 13 15 16 -17 -18 18 -20 -21 -22 -23 -24 25 -26 -27 -28 -29 29 -31
leaf_value=0.0036656969551889123 0.00076690974585090542 -0.0016978920661730769 -0.0021121687075588008 -0.0016401220810229615 0.0020443160574245343 -0.0038845109864381251 -0.00088061535802048485 0.00026523249991533711 -0.0011604437419959206 0.0017870148555314909 -0.0039287372687343784 5.3681911492046198e-05 0.0085536849157923974 0.0045667978200976903 0.0053603744825945453 -0.00046098062955036837 0.0011593481776607099 0.0020156404476256314 -0.0021885503158801181 -0.0015233836142131097 -0.0046906622616124521 0.0020763577569619181 0.0017303262584421487 -0.00059141323107291758 0.0082636838800151258 0.0014002360456570428 0.0001907491598572982 -0.00099791223147815923 -0.0007087630466246635 0.00078574170138310119
leaf_weight=52 4226 672 9124 5356 440 2420 8538 5951 17251 1711 15790 3124 96 192 384 2016 192 156 1976 308 13000 1529 4788 2756 52 2756 3440 513 13254 2698
leaf_count=52 4226 672 9124 5356 440 2420 8538 5951 17251 1711 15790 3124 96 192 384 2016 192 156 1976 308 13000 1529 4788 2756 52 2756 3440 513 13254 2698
internal_value=-0.00143759 -0.000430625 -0.00100059 -0.00303781 -0.00246969 -0.00335839 0.000935586 -0.000558798 -0.000938979 -4.22595e-06 -0.00360786 -0.0016811 0.00253597 0.00302686 0.00422161 7.24626e-05 0.0109722 -0.000966137 0.000139032 0.00375668 -0.00456712 0.00134358 0.00342547 0.00123252 0.00990384 0.000905296 0.00174435 0.00376798 -0.0012669 -0.000596165
internal_weight=124761 76575 54033 48186 35134 22082 22542 44909 37429 14202 21334 5544 8340 7668 5460 2208 576 13052 7696 748 13052 7480 4884 5720 208 5512 5664 2224 33203 15952
internal_count=124761 76575 54033 48186 35134 22082 22542 44909 37429 14202 21334 5544 8340 7668 5460 2208 576 13052 7696 748 13052 7480 4884 5720 208 5512 5664 2224 33203 15952
is_linear=0
shrinkage=0.05


Tree=47
num_leaves=31
num_cat=0
split_feature=9 9 8 0 0 3 0 0 3 7 0 10 4 0 10 11 11 4 11 11 4 4 11 8 1 11 11 10 0 7
split_gain=77.9863 21.2349 19.6883 16.9341 17.763 11.9416 11.4294 11.8419 10.8721 11.2484 9.73046 10.8331 9.12906 8.424 9.91526 7.67385 9.93922 9.43501 9.336 9.28849 10.0217 10.2989 9 7.67014 7.52912 10.9339 8.29697 7.47196 7.36108 7.19419
threshold=23.425520833333341 29.979947916666667 34.050000000000004 24.500000000000004 56.500000000000007 0.23537774960157334 79.500000000000014 8.5000000000000018 -0.8821812062722818 12.712500000000004 87.500000000000014 1.0000000180025095e-35 0.99855310097228334 21.500000000000004 1.0000000180025095e-35 0.9685910458849244 1.0959530445469128 -0.99983123799342477 1.0864563662565241 1.0561939355068173 -0.97696767110351213 -0.99983123799342477 1.0284415722008378 37.750000000000007 5.5000000000000009 1.1049966690345681 1.0058601642303253 1.0000000180025095e-35 52.500000000000007 38.01250000000001
decision_type=2 2 2 2 2 2 2 2 2 2 2 2 2 2 2 2 2 2 2 2 2 2 2 2 2 2 2 2 2 2
left_child=3 2 6 -1 12 15 7 -2 -6 10 11 -10 27 14 24 -3 18 -18 19 20 21 -17 29 -20 -7 26 -26 -5 -15 -22
right_child=1 5 -4 4 8 13 -8 -9 9 -11 -12 -13 -14 28 -16 16 17 -19 23 -21 22 -23 -24 -25 25 -27 -28 -29 -30 -31
leaf_value=-0.0045753973086806498 0.00072856425855835952 -0.00021138361895341065 -0.00200656027218086 -0.0021458901665272266 0.0012201476083071785 0.0011686329355172793 0.00054954180899032424 -0.00074390450778201054 -0.0020170482364048866 -0.0037578490848651919 -0.003733823532563442 0.0015590836267975999 0.0024387209993641103 -0.0019376712554071297 -0.001549826802465566 0.008068327754076246 0.004338457929092804 -0.0004408526150164993 0.0050923557584648194 -0.0001143492867698735 0.0017982082170866311 0.0013623176268654307 0.0055587915137616881 0.0011013807687776736 0.0011154512618159267 -0.0039059377928594868 0.0056132489604756759 -0.00030333150808846692 0.00013709585700919416 0.0048699897888307073
leaf_weight=12550 4226 2389 9124 7072 507 1720 7480 33203 916 15423 1557 1169 832 3844 770 96 192 2112 384 1439 717 2688 384 192 66 66 110 8160 5322 51
leaf_count=12550 4226 2389 9124 7072 507 1720 7480 33203 916 15423 1557 1169 832 3844 770 96 192 2112 384 1439 717 2688 384 192 66 66 110 8160 5322 51
internal_value=-0.00141835 -0.000426707 -0.000964504 -0.00299423 -0.00243799 0.000862389 -0.000534304 -0.000890888 -0.00344932 -0.00364149 -0.00114223 0.00109113 -0.0012058 -0.00022609 0.00221083 0.0020791 0.00280133 1.30196e-05 0.00388086 0.00323256 0.00448933 0.00286638 0.00841146 0.00993055 0.00409786 0.0123554 0.0188636 -0.00148438 -0.000952434 0.00528646
internal_weight=124761 76575 54033 48186 35636 22542 44909 37429 19572 19065 3642 2085 16064 11898 2732 10644 8255 2304 5951 5375 3936 2784 1152 576 1962 242 176 15232 9166 768
internal_count=124761 76575 54033 48186 35636 22542 44909 37429 19572 19065 3642 2085 16064 11898 2732 10644 8255 2304 5951 5375 3936 2784 1152 576 1962 242 176 15232 9166 768
is_linear=0
shrinkage=0.05


Tree=48
num_leaves=31
num_cat=0
split_feature=9 3 0 0 0 0 10 0 7 10 0 9 3 7 3 9 3 10 0 4 4 0 10 10 0 8 9 8 10 11
split_gain=76.0858 20.3074 16.6681 20.5294 16.6259 17.2846 15.538 14.4452 12.097 11.92 11.0768 10.8045 10.1995 11.0448 10.0739 9.91224 13.6364 8.55482 10.5625 8.03268 7.65259 7.58314 7.00372 6.79114 10.4522 8.37917 8.28446 6.6987 6.35185 9.09095
threshold=23.425520833333341 0.85673801594079257 85.500000000000014 16.500000000000004 24.500000000000004 56.500000000000007 1.0000000180025095e-35 51.500000000000007 25.512500000000006 1.0000000180025095e-35 68.500000000000014 26.541666666666668 -0.85671820900978868 13.712500000000004 -0.9954993026558282 25.419010416666669 -0.92274349529687905 1.0000000180025095e-35 89.500000000000014 0.99855310097228334 0.011826144619637555 79.500000000000014 1.0000000180025095e-35 1.0000000180025095e-35 58.500000000000007 37.050000000000004 31.988020833333334 29.350000000000005 1.0000000180025095e-35 0.93624883425564398
decision_type=2 2 2 2 2 2 2 2 2 2 2 2 2 2 2 2 2 2 2 2 2 2 2 2 2 2 2 2 2 2
left_child=4 2 3 6 20 19 15 -5 -8 -4 11 -9 -7 17 -13 16 -2 -14 -19 22 -1 -12 -6 26 -25 -26 -16 -10 -3 -30
right_child=1 28 9 7 5 12 8 10 27 -11 21 14 13 -15 23 -17 -18 18 -20 -21 -22 -23 -24 24 25 -27 -28 -29 29 -31
leaf_value=0.0037887359293321586 0.0071551474100939637 -0.0033632200949902653 0.0019993329118021576 -0.0011767619447252365 -0.0020385956582008656 0.00091080417973865959 -0.0018327223031528142 -0.0017866072231804077 0.0024841073988803915 0.00022825746990839141 -0.0014608410114486377 0.004548435374290203 -0.0033313348891421211 -0.0038178494559202771 -0.0009205917266810605 0.0012469710966824183 0.00056589551945184088 0.0010494325282964217 -0.0038512607252269362 0.0023167849493959053 -0.0044085594587420082 0.00034605931667836052 -0.000288164932684043 4.0907707101392562e-05 0.0020033940902880599 0.0051332756997959092 0.001504954873341134 0.00061113267631915814 0.0011628562813155196 -0.00085549008474612373
leaf_weight=50 102 4032 2907 23512 7072 663 2558 1887 158 3808 7375 221 2140 14197 2686 4670 187 1815 757 832 12500 4013 8160 2100 2767 230 1530 3768 672 7392
leaf_count=50 102 4032 2907 23512 7072 663 2558 1887 158 3808 7375 221 2140 14197 2686 4670 187 1815 757 832 12500 4013 8160 2100 2767 230 1530 3768 672 7392
internal_value=-0.00140032 -0.00042083 -6.81629e-05 -0.000342256 -0.00295688 -0.00240571 0.00155422 -0.000810757 -5.70647e-05 0.00228965 8.57106e-05 0.00118597 -0.00340333 -0.00361706 0.00187015 0.00366102 0.0126471 -0.00151953 0.000423794 -0.00119024 -0.00452191 -0.00101774 -0.00145155 0.00161978 0.00284775 0.00474308 0.000135198 0.00168619 -0.00230076 -0.00149058
internal_weight=124761 76575 64479 57764 48186 35636 11443 46321 6484 6715 22809 11421 19572 18909 9534 4959 289 4712 2572 16064 12550 11388 15232 9313 5097 2997 4216 3926 12096 8064
internal_count=124761 76575 64479 57764 48186 35636 11443 46321 6484 6715 22809 11421 19572 18909 9534 4959 289 4712 2572 16064 12550 11388 15232 9313 5097 2997 4216 3926 12096 8064
is_linear=0
shrinkage=0.05


Tree=49
num_leaves=31
num_cat=0
split_feature=9 0 0 0 10 4 3 0 3 11 3 10 9 11 0 0 10 3 0 9 0 8 0 10 8 4 10 3 0 0
split_gain=72.7263 18.6794 18.2763 17.1985 18.1974 13.9769 14.8547 11.0087 10.2067 11.4451 9.38453 9.45546 16.5955 8.66762 8.40375 18.2281 10.2165 8.15447 9.34915 8.12283 7.92684 7.9122 7.89837 11.0909 7.71509 7.63555 7.44953 9.17597 7.16547 8.71739
threshold=24.955468750000001 79.500000000000014 12.500000000000002 24.500000000000004 1.0000000180025095e-35 0.90803977035715633 -0.03977009085991149 41.500000000000007 0.83849049182116964 0.93309361111522005 0.878110924644389 1.0000000180025095e-35 25.419010416666669 0.91084542559196946 51.500000000000007 69.500000000000014 1.0000000180025095e-35 -0.87395131947920313 57.500000000000007 24.116406250000004 59.500000000000007 29.150000000000002 23.500000000000004 1.0000000180025095e-35 35.150000000000013 -0.89787881968372518 1.0000000180025095e-35 0.878110924644389 87.500000000000014 75.500000000000014
decision_type=2 2 2 2 2 2 2 2 2 2 2 2 2 2 2 2 2 2 2 2 2 2 2 2 2 2 2 2 2 2
left_child=3 2 10 -1 7 17 -7 -5 9 -4 11 12 -2 -12 22 16 25 19 -19 21 -18 -6 23 -11 -22 -16 27 -3 29 -8
right_child=1 26 8 4 5 6 28 -9 -10 14 13 -13 -14 -15 15 -17 20 18 -20 -21 24 -23 -24 -25 -26 -27 -28 -29 -30 -31
leaf_value=-0.0035052783850846379 0.010216767649082699 0.0016103732786443379 -0.0017305987046701222 -0.00084724399881474794 0.0013234502404432754 -0.0014788459603297826 0.0014283600514537252 -0.0036190986299458462 -0.0016677245575457619 0.0013101900272973058 0.001502261108380898 0.00021663344347276162 0.0013115665108410536 -0.0023409979503191121 0.0014493318113881189 -0.0013807935220997028 0.00045049429266190357 -0.00060393626374272223 -0.0025754173269682268 -0.0048086921087347094 0.0021021186782594872 -0.0022109083982880203 -0.0011426438331147365 -0.00077347706567061137 0.0048815724990758898 -0.0011026824313876942 0.00022593237905574158 -0.0017358359457756716 -0.0020771236627112693 0.0026343910121255578
leaf_weight=14175 65 4518 9364 4301 1207 2556 2907 13656 7169 2332 52 4677 3626 1131 1422 4850 2192 6303 7258 497 2237 426 13608 3012 500 2394 6690 496 456 684
leaf_count=14175 65 4518 9364 4301 1207 2556 2907 13656 7169 2332 52 4677 3626 1131 1422 4850 2192 6303 7258 497 2237 426 13608 3012 500 2394 6690 496 456 684
internal_value=-0.00137507 -0.000313145 -0.000677203 -0.0027474 -0.00221995 -0.00126581 0.000664091 -0.00340452 -0.00106663 -0.000768415 0.00132394 0.00191324 0.0038052 -0.00284446 -0.000325223 0.00062339 0.00198685 -0.00207794 -0.00252968 0.000798121 0.00349056 0.00250153 -0.0010057 0.000623128 0.00528498 4.45481e-05 0.00151059 0.00296769 0.0025488 0.00329852
internal_weight=124761 70335 58631 54426 40251 22294 6603 17957 49080 41911 9551 8368 3691 1183 32547 13595 8745 15691 13561 2130 4929 1633 18952 5344 2737 3816 11704 5014 4047 3591
internal_count=124761 70335 58631 54426 40251 22294 6603 17957 49080 41911 9551 8368 3691 1183 32547 13595 8745 15691 13561 2130 4929 1633 18952 5344 2737 3816 11704 5014 4047 3591
is_linear=0
shrinkage=0.05


Tree=50
num_leaves=31
num_cat=0
split_feature=9 9 8 0 0 3 3 9 10 0 0 3 3 7 8 4 11 11 4 11 11 4 4 11 10 0 0 7 0 1
split_gain=71.5366 17.4211 18.0905 16.132 17.6744 13.4442 11.3646 10.6226 11.5147 9.44979 10.6008 8.63505 9.04176 7.35426 7.27126 7.2267 6.98116 8.91282 8.56834 7.94858 8.00546 9.18519 9.88921 7.33507 6.67568 12.1469 10.5306 8.99169 6.67374 8.98022
threshold=23.425520833333341 29.979947916666667 34.050000000000004 25.500000000000004 50.500000000000007 -0.85671820900978868 0.23537774960157334 14.300520833333335 1.0000000180025095e-35 78.500000000000014 16.500000000000004 -0.2102246306142678 0.78857998149907527 23.712500000000006 28.450000000000003 0.011826144619637555 0.9685910458849244 1.0959530445469128 -0.99983123799342477 1.0864563662565241 1.0561939355068173 -0.97696767110351213 -0.99983123799342477 1.0284415722008378 1.0000000180025095e-35 30.500000000000004 26.500000000000004 24.212500000000006 21.500000000000004 2.5000000000000004
decision_type=2 2 2 2 2 2 2 2 2 2 2 2 2 2 2 2 2 2 2 2 2 2 2 2 2 2 2 2 2 2
left_child=3 2 9 15 11 14 16 8 -7 10 13 -5 -13 -2 -6 -1 -3 19 -19 20 21 22 -18 -23 26 -26 -12 -27 29 -8
right_child=1 6 -4 4 5 7 28 -9 -10 -11 24 12 -14 -15 -16 -17 17 18 -20 -21 -22 23 -24 -25 25 27 -28 -29 -30 -31
leaf_value=0.0036970090956511235 -0.00049380762720114006 -0.00019350179495300555 -0.0018674915696048596 -0.001592579361192753 0.0017693801499688206 -0.0034461768641714375 -0.00043579615375099703 -0.0034404139915662508 -4.3844214365236359e-05 0.00048337150653904093 0.00078637258121193202 0.00062374764975660173 -0.0020033855321675629 0.00092442648748105368 -0.001536216029990332 -0.0038720090825276141 0.0075270908038842345 0.0040618331862385124 -0.00040509662386399928 0.0034377705048078628 -0.00011837222914165096 0.001902327689978134 0.0011974923147021446 0.0052371716131481005 -0.0022948674337057175 0.0024643454789041678 -0.002913403211597517 -0.00016088715940091602 -0.00064255492259836808 0.0016256478830338932
leaf_weight=52 2764 2389 9124 4150 450 3645 1276 13989 4185 7947 1370 6500 1900 5203 315 13000 96 192 2112 576 1439 768 2688 384 4626 381 7124 15494 9166 1456
leaf_count=52 2764 2389 9124 4150 450 3645 1276 13989 4185 7947 1370 6500 1900 5203 315 13000 96 192 2112 576 1439 768 2688 384 4626 381 7124 15494 9166 1456
internal_value=-0.00136144 -0.000411689 -0.000898804 -0.00287075 -0.00231315 -0.00314913 0.000755921 -0.00337756 -0.00190294 -0.000486429 -0.000822738 -0.000808766 0.000113094 0.000792643 0.00336601 -0.00437174 0.00194288 0.00263174 -8.68175e-06 0.00365401 0.00305581 0.00422256 0.00266882 0.00797743 -0.0012666 -0.000778256 -0.00244526 -0.000121261 -0.000305935 0.0018631
internal_weight=124761 76575 54033 48186 35134 22584 22542 21819 7830 44909 36962 12550 8400 7967 765 13052 10644 8255 2304 5951 5375 3936 2784 1152 28995 20501 8494 15875 11898 2732
internal_count=124761 76575 54033 48186 35134 22584 22542 21819 7830 44909 36962 12550 8400 7967 765 13052 10644 8255 2304 5951 5375 3936 2784 1152 28995 20501 8494 15875 11898 2732
is_linear=0
shrinkage=0.05


Tree=51
num_leaves=31
num_cat=0
split_feature=9 3 0 0 0 0 10 7 0 10 11 8 9 0 3 10 0 0 10 0 10 3 0 4 9 7 8 11 8 0
split_gain=68.4645 19.3102 17.8311 16.5004 15.0051 16.9251 10.2262 9.20993 9.16759 8.70082 8.64433 10.4074 12.3902 9.69618 7.94779 7.61949 7.129 16.0256 13.4399 8.80101 9.60248 8.03506 7.42066 6.98045 6.79292 6.29782 6.18908 6.17947 8.71111 7.40139
threshold=22.698177083333338 0.878110924644389 23.500000000000004 56.500000000000007 5.5000000000000009 79.500000000000014 1.0000000180025095e-35 11.787500000000003 87.500000000000014 1.0000000180025095e-35 0.93309361111522005 28.250000000000004 27.370572916666671 21.500000000000004 -0.85671820900978868 1.0000000180025095e-35 70.500000000000014 55.500000000000007 1.0000000180025095e-35 24.500000000000004 1.0000000180025095e-35 -0.99697703579879204 41.500000000000007 0.99855310097228334 28.733593750000001 27.812500000000004 41.550000000000004 0.93670648275729362 31.050000000000004 79.500000000000014
decision_type=2 2 2 2 2 2 2 2 2 2 2 2 2 2 2 2 2 2 2 2 2 2 2 2 2 2 2 2 2 2
left_child=2 4 -1 23 15 10 -7 8 -5 -3 26 13 -13 -12 -9 -2 17 19 -19 20 -14 -20 -21 -4 -23 -8 -6 28 -11 -30
right_child=1 9 3 7 5 6 25 14 -10 27 11 12 16 -15 -16 -17 -18 18 21 22 -22 24 -24 -25 -26 -27 -28 -29 29 -31
leaf_value=-0.0041867562929299822 0.0018691318251604543 -0.0033957762356140852 -0.00089764544832921704 0.00095641347621663257 -0.0014238357105123139 0.0014354379876657572 -0.00050221561163653469 0.00098437475084147742 -0.0032329300170232142 -0.001793953830724909 0.0039559699878379184 -0.0015557474256382639 0.0011481470107772827 0.0015002382813571601 -0.00321723818355896 0.00040810158802370808 -0.0014961973476303961 3.2605003365827342e-05 0.004375321040630026 -0.0016274972964976744 -0.00038581498722030946 0.00057576302426991374 9.9065596005776322e-05 0.0020780444183010577 0.0026511813874529012 0.0013773010372536013 0.0027372877286122067 -0.00078193444088872762 0.00091425119465678596 0.0029085285965744197
leaf_weight=11568 1812 3744 15048 1413 12046 4790 4033 351 1274 384 64 7620 3705 232 15754 2362 3780 2925 150 7157 4294 1050 5894 858 2186 2225 74 7392 480 96
leaf_count=11568 1812 3744 15048 1413 12046 4790 4033 351 1274 384 64 7620 3705 232 15754 2362 3780 2925 150 7157 4294 1050 5894 858 2186 2225 74 7392 480 96
internal_value=-0.0013378 -0.000438564 -0.00286344 -0.00229668 -0.000103843 -0.000298515 0.00147628 -0.00329981 -0.000589878 -0.00227596 -0.000681655 -0.000319662 -0.000390987 0.00902027 -0.00375194 0.00279827 5.12175e-05 0.000332406 0.00254239 -0.000330167 0.000975746 0.00468695 -0.00113057 -0.00111153 0.00416255 0.000145413 -0.00184819 -0.00137811 0.00239583 0.00628472
internal_weight=124761 78495 46266 34698 66399 62225 11048 18792 2687 12096 51177 39057 38761 296 16105 4174 31141 27361 6311 21050 7999 3386 13051 15906 3236 6258 12120 8352 960 576
internal_count=124761 78495 46266 34698 66399 62225 11048 18792 2687 12096 51177 39057 38761 296 16105 4174 31141 27361 6311 21050 7999 3386 13051 15906 3236 6258 12120 8352 960 576
is_linear=0
shrinkage=0.05


Tree=52
num_leaves=31
num_cat=0
split_feature=9 0 10 4 3 0 0 0 3 9 3 0 0 10 0 0 0 8 0 8 3 7 8 3 11 11 8 0 4 9
split_gain=65.02 16.6044 17.014 16.5826 20.0872 15.5318 15.3655 12.3285 10.4605 10.9787 10.112 7.94665 14.4699 8.64995 7.22284 10.5941 10.3711 9.34553 7.3725 7.16667 7.75378 7.02174 6.76056 6.60056 6.58298 6.45695 6.13378 6.06679 6.02553 5.90703
threshold=23.425520833333341 24.500000000000004 1.0000000180025095e-35 0.84199059757024453 -0.03977009085991149 79.500000000000014 6.5000000000000009 49.500000000000007 0.45273815774107123 27.717968750000001 -0.85671820900978868 70.500000000000014 58.500000000000007 1.0000000180025095e-35 89.500000000000014 75.500000000000014 59.500000000000007 19.750000000000004 35.500000000000007 35.150000000000013 -0.99866806308218525 27.912500000000005 28.450000000000003 1.0000000180025095e-35 0.9685910458849244 0.7641759112864478 15.350000000000003 57.500000000000007 0.011826144619637555 31.988020833333334
decision_type=2 2 2 2 2 2 2 2 2 2 2 2 2 2 2 2 2 2 2 2 2 2 2 2 2 2 2 2 2 2
left_child=1 28 7 10 -5 6 -2 -3 9 25 22 12 24 -14 15 16 18 -17 -6 20 -15 -7 -4 -21 -11 -8 -9 -12 -1 -26
right_child=5 2 3 4 14 21 8 26 -10 11 27 -13 13 19 -16 17 -18 -19 -20 23 -22 -23 -24 -25 29 -27 -28 -29 -30 -31
leaf_value=0.003409653232704354 0.00074071870769946903 -0.0010478512925637346 0.0014252272823403068 -0.0015147991499200818 -0.00021742789122890043 8.5089700160826911e-05 0.0018208396348953439 0.0015774866188846778 -0.0010831432839072618 -0.0008653308608184522 -0.00095951588986198941 -0.0017680350215898526 0.00022919790247281598 0.0042703330215863814 -0.0025398007766515591 0.0014636612292772029 -0.0011772492979153061 0.0034137804892160912 0.0028391672645216733 0.0072557962086390289 0.0018635846387695045 0.0012873533159468507 -0.0024339773860383353 0.003853781259434608 -8.7740910101146189e-05 -0.0013538413906794969 -0.003911203189733709 -0.0031035785183305725 -0.0036362977767495624 0.0010978211953475924
leaf_weight=50 5608 5850 710 3692 803 7518 292 230 18320 6283 4224 3345 2016 84 438 770 1168 252 1752 120 2069 5226 355 180 10192 12410 10528 4864 12500 2912
leaf_count=50 5608 5850 710 3692 803 7518 292 230 18320 6283 4224 3345 2016 84 438 770 1168 252 1752 120 2069 5226 355 180 10192 12410 10528 4864 12500 2912
internal_value=-0.00131976 -0.00275869 -0.00220788 -0.0011872 0.000391548 -0.000414301 -0.000732482 -0.00337729 -0.000973242 -0.000519135 -0.00256722 4.76074e-05 0.000367621 0.00293242 0.00239919 0.00296628 0.00172844 0.00747554 0.00351272 0.00492662 0.00391779 0.00117938 0.00204225 0.0121667 -0.000223605 -0.0017328 -0.00438186 -0.0031074 -0.00432271 0.000414376
internal_weight=124761 48186 35636 19028 8875 76575 63831 16608 58223 39903 10153 27201 23856 4469 5183 4745 3723 1022 2555 2453 2153 12744 1065 300 19387 12702 10758 9088 12550 13104
internal_count=124761 48186 35636 19028 8875 76575 63831 16608 58223 39903 10153 27201 23856 4469 5183 4745 3723 1022 2555 2453 2153 12744 1065 300 19387 12702 10758 9088 12550 13104
is_linear=0
shrinkage=0.05


Tree=53
num_leaves=31
num_cat=0
split_feature=9 3 0 0 0 0 0 10 10 4 9 9 7 10 0 0 10 3 11 7 9 8 8 0 10 0 0 0 7 8
split_gain=65.1516 17.613 17.4481 16.3313 13.2067 15.4686 14.338 12.4593 10.1737 10.2595 9.2164 12.9785 8.74827 8.17068 7.50413 7.82957 10.522 7.45199 7.35237 7.2102 6.91058 6.74558 6.50232 6.42222 6.39111 8.11003 6.01759 7.01436 5.90987 5.89812
threshold=22.698177083333338 0.88621069759564464 23.500000000000004 54.500000000000007 90.500000000000014 16.500000000000004 52.500000000000007 1.0000000180025095e-35 1.0000000180025095e-35 0.93769647993491489 25.419010416666669 25.138020833333339 25.512500000000006 1.0000000180025095e-35 66.500000000000014 78.500000000000014 1.0000000180025095e-35 -0.85671820900978868 0.93670648275729362 32.312500000000007 18.744531250000005 31.050000000000004 31.050000000000004 79.500000000000014 1.0000000180025095e-35 58.500000000000007 31.500000000000004 42.500000000000007 13.712500000000004 15.350000000000003
decision_type=2 2 2 2 2 2 2 2 2 2 2 2 2 2 2 2 2 2 2 2 2 2 2 2 2 2 2 2 2 2
left_child=2 4 -1 20 5 7 -7 10 29 17 11 -2 -9 -3 21 16 -16 -10 22 -18 26 -8 -15 -24 -23 -26 -4 -28 -19 -5
right_child=1 13 3 8 -6 6 14 12 9 -11 -12 -13 -14 18 15 -17 19 28 -20 -21 -22 24 23 -25 25 -27 27 -29 -30 -31
leaf_value=-0.0037956035894460057 0.0014723808465677696 -0.0031584460529392269 -0.0017226665709961283 0.0017119952832822566 0.0011826682608037696 -0.00098560413777842165 -0.00068577039113815576 -0.0014919923462547789 0.0012366605832733379 0.00010170314588632187 0.0010550484188614261 0.010131279383419295 0.00070059239265729241 -0.001986835974650554 -0.0032229630066826311 0.00027574299919412993 -0.00054084168063850543 6.4067876191290958e-05 -0.0007499330040560213 0.0022867840803299658 -0.0015347030517077838 0.00020956937949565075 0.00092269579911930964 0.0027588476817376585 0.00028307922162702445 0.0025515296226850935 0.001053301569246745 -0.00080502995200483441 -0.0027723782763868551 -0.0038335223144979301
leaf_weight=11568 323 3648 2808 205 3475 25012 2366 2763 369 3116 4755 51 3942 288 3612 8313 4079 993 7296 632 4061 3528 480 96 1644 2192 3861 4212 5936 9137
leaf_count=11568 323 3648 2808 205 3475 25012 2366 2763 369 3116 4755 51 3942 288 3612 8313 4079 993 7296 632 4061 3528 480 96 1644 2192 3861 4212 5936 9137
internal_value=-0.00129412 -0.000416907 -0.00278239 -0.00222174 -0.000101745 -0.000266723 -0.000642105 0.00136302 -0.00316512 -0.00209046 0.00321798 0.0107754 -5.59296e-05 -0.00219682 0.000171432 -0.000473673 -0.00155773 -0.00311592 -0.0013174 -1.06254e-06 -0.000974436 0.00127441 0.00304398 0.00611111 0.00202064 0.00343326 -0.000317527 0.000375943 -0.00348463 -0.00436309
internal_weight=124761 78495 46266 34698 66687 63212 51378 11834 19756 10414 5129 374 6705 11808 26366 16636 8323 7298 8160 4711 14942 9730 864 576 7364 3836 10881 8073 6929 9342
internal_count=124761 78495 46266 34698 66687 63212 51378 11834 19756 10414 5129 374 6705 11808 26366 16636 8323 7298 8160 4711 14942 9730 864 576 7364 3836 10881 8073 6929 9342
is_linear=0
shrinkage=0.05


Tree=54
num_leaves=31
num_cat=0
split_feature=9 0 3 0 0 0 0 10 10 4 3 10 7 0 0 0 10 3 9 3 7 5 8 3 3 9 3 9 3 3
split_gain=62.3867 16.826 16.1076 15.9657 12.3081 13.7793 13.2536 11.0969 10.3549 10.0661 11.4408 8.62089 8.16797 8.12865 15.7991 7.87061 14.9095 7.69537 7.66078 10.7143 7.59397 7.64328 7.41058 8.47339 22.1877 8.78431 6.71981 8.24409 8.38844 6.74861
threshold=22.698177083333338 23.500000000000004 0.878110924644389 54.500000000000007 90.500000000000014 16.500000000000004 42.500000000000007 1.0000000180025095e-35 1.0000000180025095e-35 0.84199059757024453 -0.19337636264337835 1.0000000180025095e-35 25.512500000000006 74.500000000000014 87.500000000000014 24.500000000000004 1.0000000180025095e-35 -0.85671820900978868 27.683333333333334 -0.98664820696349753 24.862500000000004 1.0000000180025095e-35 30.850000000000005 -0.98370366633421236 -0.92274349529687905 26.541666666666668 -0.03977009085991149 9.9703125000000004 0.01505151768384008 0.81925054981890411
decision_type=2 2 2 2 2 2 2 2 2 2 2 2 2 2 2 2 2 2 2 2 2 2 2 2 2 2 2 2 2 2
left_child=1 -1 4 26 5 7 15 22 -5 17 -11 -4 -9 -12 -15 16 -7 -10 20 -20 21 -8 23 -2 25 -25 -3 28 -28 -29
right_child=2 3 11 8 -6 6 18 12 9 10 13 -13 -14 14 -16 -17 -18 -19 19 -21 -22 -23 -24 24 -26 -27 27 29 -30 -31
leaf_value=-0.003605823409973704 -0.00011410950890282193 -0.0012598067025299442 -0.0030237561590613781 -0.0035344328648716974 0.001144510547404515 0.0011739038953137858 0.00035840241313447483 -0.0014381219456661165 0.001174827554109672 -0.0028988361116575739 -0.00070332545396312608 -0.00044952070626716619 0.00066556277302442764 0.0020816580498478651 -0.0014540967636954491 -0.0018583907154456091 -0.0016158707012475999 -0.002887409360813914 0.0031269395540742071 0.00015224271644372438 -0.0012066962032091875 0.0015676700605223807 0.00093434898746103221 0.010077594925948195 0.0010533646596214087 0.0021278651575923758 0.0024276497898941141 0.00026354608491070322 0.0068091393149021925 -0.002081879639174204
leaf_weight=11568 238 6045 3744 9342 3460 2400 1475 2729 369 1394 1820 8352 3942 1183 728 12456 3128 4920 528 22756 8223 190 4398 68 357 51 186 6820 62 1829
leaf_count=11568 238 6045 3744 9342 3460 2400 1475 2729 369 1394 1820 8352 3942 1183 728 12456 3128 4920 528 22756 8223 190 4398 68 357 51 186 6820 62 1829
internal_value=-0.00127849 -0.00273484 -0.000420092 -0.00218428 -0.000114385 -0.000273997 -0.000629057 0.0012675 -0.00311703 -0.00203284 -0.00045366 -0.00209822 -7.5702e-05 0.00099035 0.00326792 -0.00172209 -0.000151955 -0.00356306 -3.64777e-05 0.000458683 -0.00120247 0.00187688 0.00302034 0.0077451 0.0115966 0.0302941 -0.000951012 -7.69934e-05 0.00891129 -0.000334722
internal_weight=124761 46266 78495 34698 66399 62939 51156 11783 19756 10414 5125 12096 6671 3731 1911 17984 5528 5289 33172 23284 9888 1665 5112 714 476 119 14942 8897 248 8649
internal_count=124761 46266 78495 34698 66399 62939 51156 11783 19756 10414 5125 12096 6671 3731 1911 17984 5528 5289 33172 23284 9888 1665 5112 714 476 119 14942 8897 248 8649
is_linear=0
shrinkage=0.05


Tree=55
num_leaves=31
num_cat=0
split_feature=9 0 0 3 9 10 4 3 10 8 0 0 4 8 0 0 3 3 10 7 11 8 0 8 3 3 9 3 7 4
split_gain=59.0042 16.1074 15.9835 14.6718 11.5383 9.49345 9.21619 10.8887 7.88078 7.84878 7.98432 12.2168 7.66855 9.22535 7.32508 13.9655 7.23585 7.11469 7.08181 7.92262 6.89707 7.60556 6.69026 6.67065 8.01751 21.9391 8.32003 6.65406 14.0348 6.90789
threshold=22.698177083333338 23.500000000000004 54.500000000000007 0.88621069759564464 29.979947916666667 1.0000000180025095e-35 0.84199059757024453 -0.19337636264337835 1.0000000180025095e-35 34.050000000000004 16.500000000000004 41.500000000000007 -0.99983123799342477 39.750000000000007 74.500000000000014 87.500000000000014 -0.85671820900978868 -0.9442364261229238 1.0000000180025095e-35 23.712500000000006 0.93624883425564398 31.050000000000004 88.500000000000014 30.850000000000005 -0.98370366633421236 -0.92274349529687905 26.541666666666668 0.3504237462291826 26.987500000000004 1.0000000180025095e-35
decision_type=2 2 2 2 2 2 2 2 2 2 2 2 2 2 2 2 2 2 2 2 2 2 2 2 2 2 2 2 2 2
left_child=1 -1 -3 4 9 -4 16 -8 -5 10 18 -12 13 -6 -9 -16 -7 -14 23 -20 21 -10 -19 24 -2 26 -26 29 -29 -21
right_child=3 2 5 8 12 6 7 14 20 -11 11 -13 17 -15 15 -17 -18 22 19 27 -22 -23 -24 -25 25 -27 -28 28 -30 -31
leaf_value=-0.0034255322394750177 -0.00010840403345768282 -0.00056521667619163069 -0.0033577112216281119 -0.0028493359423391968 0.0063881645816580568 0.0011160861764041873 -0.0027538943060746945 -0.00066815918126496992 -0.0018650181406046672 -0.0014203596247122233 -0.0014632714539260842 -1.0870653333245898e-05 0.0075891553639938414 0.00031721772051963133 0.0019775751473554704 -0.0013813919255106762 -0.0027430388927732197 0.00019583863662818243 -0.002189398422905461 0.00013125916312014551 -0.00067657489458976706 0.001489849885708179 0.0016350211295624974 0.0008170803322118678 0.0095737151796507856 0.0010006964266403406 0.0020214718997127591 0.0018905955279912689 0.0069582435745460126 0.0023915363168794303
leaf_weight=11568 238 14942 9342 3648 192 369 1394 1820 288 5188 10492 22658 96 288 1183 728 4920 19117 1305 3281 7392 480 1505 1402 68 357 51 180 50 219
leaf_count=11568 238 14942 9342 3648 192 369 1394 1820 288 5188 10492 22658 96 288 1183 728 4920 19117 1305 3281 7392 480 1505 1402 68 357 51 180 50 219
internal_value=-0.00125043 -0.00266675 -0.00212808 -0.000415633 -0.000127987 -0.00306135 -0.00202324 -0.000512196 -0.00204014 -0.000576954 -0.000341308 -0.000668176 0.000835455 0.00708333 0.000896541 0.00305861 -0.00348743 0.000690703 0.00117396 0.000153921 -0.00117647 0.00333333 0.000627484 0.00360113 0.00753501 0.0112815 0.0298739 0.00132708 0.00956522 0.000785713
internal_weight=124761 46266 34698 78495 66687 19756 10414 5125 11808 45489 40301 33150 21198 480 3731 1911 5289 20718 7151 5035 8160 768 20622 2116 714 476 119 3730 230 3500
internal_count=124761 46266 34698 78495 66687 19756 10414 5125 11808 45489 40301 33150 21198 480 3731 1911 5289 20718 7151 5035 8160 768 20622 2116 714 476 119 3730 230 3500
is_linear=0
shrinkage=0.05


Tree=56
num_leaves=31
num_cat=0
split_feature=9 9 3 0 0 0 0 10 11 8 9 0 10 10 3 4 3 11 11 4 8 10 0 9 8 3 9 11 4 8
split_gain=56.5477 16.5281 14.0139 12.5221 15.5383 11.0098 12.6349 10.2991 8.13271 9.86527 10.1145 8.31271 7.53296 7.52487 6.99477 6.23903 6.13984 10.0137 14.1797 6.09601 6.08332 5.25138 6.45908 5.00099 4.97152 4.87336 4.91369 4.8644 5.13386 4.77016
threshold=22.698177083333338 12.070312500000002 0.88621069759564464 24.500000000000004 57.500000000000007 5.5000000000000009 83.500000000000014 1.0000000180025095e-35 0.93309361111522005 28.250000000000004 27.370572916666671 21.500000000000004 1.0000000180025095e-35 1.0000000180025095e-35 -0.98664820696349753 0.16587474750015932 -0.03977009085991149 1.0574549747388564 1.0619294486449482 0.04621408538533487 40.850000000000001 1.0000000180025095e-35 30.500000000000004 23.598958333333339 32.350000000000001 0.36648264796514479 27.564322916666672 1.1396426947228491 -0.98212955754013376 12.650000000000002
decision_type=2 2 2 2 2 2 2 2 2 2 2 2 2 2 2 2 2 2 2 2 2 2 2 2 2 2 2 2 2 2
left_child=1 12 5 -3 21 -2 8 27 20 11 -11 -10 29 -4 24 25 -14 -18 -19 -15 -7 -5 -23 -21 -12 -16 -27 28 -8 -1
right_child=2 3 13 4 -6 6 7 -9 9 10 14 -13 16 19 15 -17 17 18 -20 23 -22 22 -24 -25 -26 26 -28 -29 -30 -31
leaf_value=0.0013594831205750401 0.00093014032655652995 -0.0035717402936815304 -0.0027068691452222359 -0.0016310023751891962 -0.0024703761654220977 -0.001153089329389456 -0.00020310568106037997 -1.4436885184867493e-05 0.0036749079353188344 -0.0012730093608924924 0.0023057931873320336 0.0014997137427288491 -0.00070307120950552154 -0.00099024333266795484 0.00024255598072789165 -0.0068434693145165981 0.00049966839530648545 0.0043845624740252364 0.0017019598384875455 -0.0017416729846870011 0.0024594468601847413 -0.0024384372246945545 0.00017767061624730535 0.00060078263911577507 -0.00062143258889403574 0.0024300762718751823 -0.00064748022478078478 -0.0025276037365044909 0.0018951196770019365 -0.0023119655577469619
leaf_weight=288 4192 10250 3648 6501 15574 12768 480 4722 64 8032 780 248 1440 5568 22680 624 2016 96 384 576 156 1278 5751 2016 312 156 8346 192 2935 2688
leaf_count=288 4192 10250 3648 6501 15574 12768 480 4722 64 8032 780 248 1440 5568 22680 624 2016 96 384 576 156 1278 5751 2016 312 156 8346 192 2935 2688
internal_value=-0.0012316 -0.00261812 -0.000414359 -0.00301418 -0.00248488 -0.000133236 -0.000299625 0.00151339 -0.000578408 -0.000235441 -0.000302957 0.00862179 -0.000363138 -0.00200203 8.54143e-05 -4.96774e-05 0.00107215 0.00257211 0.0090625 -0.00115809 -0.00167286 -0.00124538 -0.000298052 0.000844906 0.00402015 4.93863e-05 -0.000971537 0.00352509 0.00396047 -0.00226143
internal_weight=124761 46266 78495 39354 29104 66687 62495 8329 54166 41242 40930 312 6912 11808 32898 31806 3936 2496 480 8160 12924 13530 7029 2592 1092 31182 8502 3607 3415 2976
internal_count=124761 46266 78495 39354 29104 66687 62495 8329 54166 41242 40930 312 6912 11808 32898 31806 3936 2496 480 8160 12924 13530 7029 2592 1092 31182 8502 3607 3415 2976
is_linear=0
shrinkage=0.05


Tree=57
num_leaves=31
num_cat=0
split_feature=9 10 4 3 8 0 3 0 10 0 10 3 7 0 0 7 8 7 4 3 9 10 0 3 4 8 0 8 8 9
split_gain=53.26 15.5107 15.5248 17.9259 14.8469 12.2115 12.2309 13.8234 15.767 12.0882 20.7975 11.85 10.5754 9.1695 8.79754 8.59778 8.36227 7.64424 7.50909 6.80427 10 6.6371 6.43773 6.48335 6.42662 6.70312 9.91701 6.31749 6.29586 6.29365
threshold=23.136718750000004 1.0000000180025095e-35 0.92843842216862604 0.1849296026015865 16.050000000000004 78.500000000000014 0.878110924644389 20.500000000000004 1.0000000180025095e-35 41.500000000000007 1.0000000180025095e-35 -0.85671820900978868 25.512500000000006 27.500000000000004 57.500000000000007 35.812500000000007 28.450000000000003 29.812500000000004 -0.88220415136009767 0.82899317702918729 30.591927083333339 1.0000000180025095e-35 57.500000000000007 -0.99697703579879204 0.99855310097228334 19.750000000000004 35.500000000000007 29.350000000000005 12.650000000000002 25.419010416666669
decision_type=2 2 2 2 2 2 2 2 2 2 2 2 2 2 2 2 2 2 2 2 2 2 2 2 2 2 2 2 2 2
left_child=1 28 11 24 -5 6 7 8 19 -9 15 16 -10 -13 -15 -11 -3 -12 -17 29 -21 -8 -19 -24 -4 -26 -27 -14 -1 -2
right_child=5 2 3 4 -6 -7 21 9 12 10 17 13 27 14 -16 18 -18 22 -20 20 -22 -23 23 -25 25 26 -28 -29 -30 -31
leaf_value=0.0012915089645462877 0.0020893181785975714 0.0012915990089010794 -0.0014423702937809495 0.004165334350323977 0.0012277550992832375 0.0004590100092123661 -0.003156286395823462 -0.0014097146236805736 -0.00167487744895274 -0.0023326919037662832 -0.00026618397052291992 -0.003177347760827991 0.0019730246657056051 -0.00028782458274378189 -0.0021159463614244338 0.0011874109323638574 -0.0030301893281933136 0.00030712058262542997 -0.0015632201516594718 -0.011336312949689528 0.0062731412961134067 -0.00054759766622165839 0.004244991216507967 0.0014535679310036277 8.8105138982179224e-05 -0.0019540828599464571 0.0071909429848419975 0.00030718084677508885 -0.0029014048412032249 0.00082546678226030033
leaf_weight=288 378 864 4224 96 2208 13709 3002 14383 3439 7712 5207 4648 191 4980 6308 1711 288 4747 1529 63 147 6715 84 4338 1056 72 120 4540 22074 5640
leaf_count=288 378 864 4224 96 2208 13709 3002 14383 3439 7712 5207 4648 191 4980 6308 1711 288 4747 1529 63 147 6715 84 4338 1056 72 120 4540 22074 5640
internal_value=-0.00121156 -0.00253526 -0.00167592 0.000176182 0.00387587 -0.000405302 -0.000696112 -0.000402799 0.000924433 -0.000884013 -0.000226628 -0.00251873 -0.000520197 -0.00287274 -0.00210312 -0.00186815 0.00237847 0.00102393 0.000293209 0.00281952 0.0116667 -0.00232942 0.00189279 0.00326549 -0.00138158 0.00177083 0.0103646 0.00101353 -0.00349074 0.0025108
internal_weight=124761 47226 24864 7776 2304 77535 63826 54109 14398 39711 25328 17088 8170 15936 11288 10952 1152 14376 3240 6228 210 9717 9169 4422 5472 1248 192 4731 22362 6018
internal_count=124761 47226 24864 7776 2304 77535 63826 54109 14398 39711 25328 17088 8170 15936 11288 10952 1152 14376 3240 6228 210 9717 9169 4422 5472 1248 192 4731 22362 6018
is_linear=0
shrinkage=0.05


Tree=58
num_leaves=31
num_cat=0
split_feature=9 0 0 3 7 0 0 0 9 3 0 7 3 8 0 11 0 3 9 8 9 10 10 10 4 3 3 7 10 3
split_gain=51.0283 16.3673 15.853 12.2393 9.74645 9.44243 10.6579 9.05857 7.45268 6.88061 6.39474 10.7567 6.32528 8.49377 6.6005 10.7215 9.03547 7.82171 8.04536 6.18683 6.05056 5.88686 5.8016 5.72982 5.50756 5.1956 5.50069 5.07105 4.80778 4.84276
threshold=22.698177083333338 23.500000000000004 54.500000000000007 0.85673801594079257 14.512500000000001 90.500000000000014 7.5000000000000009 88.500000000000014 27.717968750000001 -0.85671820900978868 31.500000000000004 20.312500000000004 0.23537774960157334 32.150000000000013 41.500000000000007 0.80519389663381347 24.500000000000004 -0.98664820696349753 28.626041666666669 25.650000000000002 30.591927083333339 1.0000000180025095e-35 1.0000000180025095e-35 1.0000000180025095e-35 0.071972700440407641 0.9550229469509578 0.96465729447553372 8.4625000000000039 1.0000000180025095e-35 0.77788564761185042
decision_type=2 2 2 2 2 2 2 2 2 2 2 2 2 2 2 2 2 2 2 2 2 2 2 2 2 2 2 2 2 2
left_child=1 -1 10 5 7 6 28 23 19 -6 -3 -12 14 -14 16 -16 21 -17 -19 -8 -15 -10 -5 27 -24 -26 -27 -4 29 -2
right_child=3 2 4 22 9 -7 8 -9 12 -11 11 -13 13 20 15 17 -18 18 -20 -21 -22 -23 24 -25 25 26 -28 -29 -30 -31
leaf_value=-0.003007884050197075 0.0010399180514015802 -0.0016263522793067869 0.0043454462922084937 -0.0022975961019557007 0.00111922072541003 0.0010171151422433567 0.0035149648313007329 -0.0032944981187431662 0.0010649637772687053 -0.0025932035890277 0.0007743626437485818 -0.0011115230327226567 0.0053125340800877462 -0.0016090894179322385 0.0071285980208931413 0.0028049456175224092 -0.0014355309036967472 -0.00095843703864375782 0.00071931520696193879 -0.00087334655342026697 -0.00018834710901964008 -0.00032737811997530467 -0.00085999231902271944 0.00074314559318252747 -0.00078676800403804689 0.0025372777818785837 0.00073962875000360305 -0.0014804308466344145 0.00024587963737723759 0.0066021430459779658
leaf_weight=11568 2252 3856 88 4128 369 3420 166 1898 2431 13706 6514 4572 83 4399 98 539 5593 3283 12167 17179 7626 3153 6336 2099 864 96 1440 1596 3114 128
leaf_count=11568 2252 3856 88 4128 369 3420 166 1898 2431 13706 6514 4572 83 4399 98 539 5593 3283 12167 17179 7626 3153 6336 2099 864 96 1440 1596 3114 128
internal_value=-0.00119833 -0.00251546 -0.00197245 -0.000422003 -0.0029019 -0.000145588 -0.000286205 -0.00115385 -0.00048989 -0.00360746 -0.000743543 -0.000133503 -0.00010947 -0.00106046 0.000312866 0.000961334 -0.000620472 0.000860278 0.00065372 -0.00135342 -0.00117048 0.000802291 -0.00183225 0.000260374 -0.00110234 0.000937499 0.00268229 -0.00191212 0.00181653 0.0035084
internal_weight=124761 46266 34698 78495 19756 65631 62211 5681 56717 14075 14942 11086 39372 12108 27264 16087 11177 15989 15450 17345 12025 5584 12864 3783 8736 2400 1536 1684 5494 2380
internal_count=124761 46266 34698 78495 19756 65631 62211 5681 56717 14075 14942 11086 39372 12108 27264 16087 11177 15989 15450 17345 12025 5584 12864 3783 8736 2400 1536 1684 5494 2380
is_linear=0
shrinkage=0.05


Tree=59
num_leaves=31
num_cat=0
split_feature=9 10 8 0 3 0 10 7 0 10 3 4 0 0 4 0 8 7 10 3 3 11 9 8 0 3 3 0 3 3
split_gain=47.7138 15.3988 15.5389 10.8686 9.68805 10.9395 12.9069 10.9692 10.2272 18.8565 8.99492 8.8843 7.70255 7.92841 7.67473 10.8935 7.30035 7.18408 7.11732 7.11022 8.45956 10.9031 6.36497 6.33249 5.785 6.64418 5.74957 9.15994 8.39584 17.7509
threshold=23.425520833333341 1.0000000180025095e-35 21.250000000000004 78.500000000000014 0.878110924644389 20.500000000000004 1.0000000180025095e-35 25.512500000000006 41.500000000000007 1.0000000180025095e-35 -0.85671820900978868 -0.048362832084465616 29.500000000000004 57.500000000000007 -0.89787881968372518 67.500000000000014 28.450000000000003 29.812500000000004 1.0000000180025095e-35 -0.03977009085991149 0.534952257794027 0.97686240301264193 13.811458333333336 29.350000000000005 57.500000000000007 -0.99697703579879204 0.3504237462291826 34.500000000000007 0.28519915169571858 0.30164402523644185
decision_type=2 2 2 2 2 2 2 2 2 2 2 2 2 2 2 2 2 2 2 2 2 2 2 2 2 2 2 2 2 2
left_child=1 -1 19 4 5 6 -2 -8 -7 14 16 -12 -13 -14 15 -10 -4 -11 -6 -3 21 22 -21 -9 -19 -26 28 -28 -23 -30
right_child=3 2 10 -5 18 8 7 23 9 17 11 12 13 -15 -16 -17 -18 24 -20 20 -22 26 -24 -25 25 -27 27 -29 29 -31
leaf_value=-0.0025916187452417108 0.0010209317471152354 -0.0012638681075829499 0.00091998620779957456 0.00043043179828191849 -0.0028835922709345065 -0.0012875237112744947 -0.0017124009012340546 0.0018620797040535672 0.00086004978283115503 -0.00022608716010948137 0.0028599017605621473 -0.0033724167567623915 -0.00030384132971640897 -0.0020682664046664094 -0.002267713758969463 -0.0035457408654936706 -0.0019958974099214067 0.00029327135563083419 -0.0004313731076453536 -0.0027191469849479279 -0.0017135416497179356 0.0014239239476439946 0.00087428282376632478 0.00030710954344870251 0.0040764089833535818 0.0013852105331141778 -0.001351019766126612 0.0012685729762068458 0.0051685808450963149 0.0025395443655621278
leaf_weight=22458 6207 2880 960 13539 3002 14278 3355 191 2652 5059 96 4320 4032 5472 7141 1122 480 4747 6320 1056 1440 2016 576 4540 84 4338 735 1281 96 288
leaf_count=22458 6207 2880 960 13539 3002 14278 3355 191 2652 5059 96 4320 4032 5472 7141 1122 480 4747 6320 1056 1440 2016 576 4540 84 4338 735 1281 96 288
internal_value=-0.00117429 -0.00240692 -0.00157183 -0.00039863 -0.000674695 -0.000416466 0.000768557 -0.000547862 -0.000846124 -0.000239233 -0.00258138 -0.00297055 -0.00307581 -0.00228009 -0.00180257 2.11965e-05 0.00118055 0.000960078 -0.00216263 -7.61972e-05 0.000735843 0.00155589 -0.00193628 0.00100296 0.00179463 0.00309588 0.00284647 0.000877975 0.0045 0.011276
internal_weight=124761 48186 25728 76575 63036 53714 14293 8086 39421 25143 15360 13920 13824 9504 10915 3774 1440 14228 9322 10368 7488 6048 1632 4731 9169 4422 4416 2016 2400 384
internal_count=124761 48186 25728 76575 63036 53714 14293 8086 39421 25143 15360 13920 13824 9504 10915 3774 1440 14228 9322 10368 7488 6048 1632 4731 9169 4422 4416 2016 2400 384
is_linear=0
shrinkage=0.05


Tree=60
num_leaves=31
num_cat=0
split_feature=9 0 0 0 10 3 11 0 0 3 3 11 0 0 8 3 8 9 7 4 0 0 10 4 11 0 3 8 5 3
split_gain=45.1476 14.4893 14.8536 10.3037 9.07553 9.01347 10.1214 9.29821 9.09775 9.00239 10.8891 7.90777 6.86705 13.0519 9.90832 6.33858 6.24763 5.97798 5.60662 5.37407 5.35455 10.453 6.84717 5.08645 4.55371 4.6843 4.52679 4.37981 4.31867 4.18243
threshold=23.425520833333341 23.500000000000004 54.500000000000007 78.500000000000014 1.0000000180025095e-35 0.96687895796550427 0.9131895820237399 7.5000000000000009 33.500000000000007 0.57782244426053786 -0.19337636264337835 0.94542443323476821 74.500000000000014 88.500000000000014 20.900000000000002 -0.85671820900978868 15.350000000000003 18.314583333333335 21.012500000000006 0.04621408538533487 35.500000000000007 41.500000000000007 1.0000000180025095e-35 -0.98801846520836312 0.73745831416842689 31.500000000000004 0.31799963745711152 41.550000000000004 1.0000000180025095e-35 -0.99985146406598202
decision_type=2 2 2 2 2 2 2 2 2 2 2 2 2 2 2 2 2 2 2 2 2 2 2 2 2 2 2 2 2 2
left_child=1 18 17 5 16 7 8 -2 -7 10 15 24 -12 14 -14 -6 -4 20 -1 -8 -3 -22 -23 -13 25 -9 -16 -26 -17 -25
right_child=3 2 4 -5 9 6 19 11 -10 -11 12 23 13 -15 26 28 -18 -19 -20 -21 21 22 -24 29 27 -27 -28 -29 -30 -31
leaf_value=-0.0026441605031963249 0.00057930765675391009 -0.00074807457259475389 0.0019964119969491786 0.00040891020836782165 0.00065572785981118378 0.0025368195887136009 -0.002385300217358337 -0.0032556143677196152 -0.0001203801176995297 -0.0022618853109249298 -0.00062968492260453513 0.00076210885244366226 0.001441611993396719 -0.0015032628075581703 0.0031290185482478862 -0.0023534045108596032 -0.002720681006999179 -0.0011550816868116033 0.0024104974562141994 -0.00018111066923821081 0.0020570920759812837 -0.0016810723174055459 0.00085124354561552727 0.002909758421929066 -0.0012631568149837624 0.004398242334673526 0.0043213746232705448 0.0024641580314445455 0.0010337175950996898 -0.0002902661487925504
leaf_weight=11980 5838 3960 205 13539 615 68 3871 96 90 3362 1880 3621 1148 658 112 2911 9383 5332 68 1580 1980 2041 2249 142 13121 188 56 71 246 34350
leaf_count=11980 5838 3960 205 13539 615 68 3871 96 90 3362 1880 3621 1148 658 112 2911 9383 5332 68 1580 1980 2041 2249 142 13121 188 56 71 246 34350
internal_value=-0.00117469 -0.00237372 -0.0018731 -0.000420177 -0.00275467 -0.000688973 -0.00260207 -0.000502117 0.00987342 -0.00177375 -0.0008235 -0.000716142 0.00104567 0.00310537 0.00598024 -0.0027333 -0.00387881 -0.000707494 -0.00387533 -0.00296368 -1.19209e-09 0.00090909 -0.000477857 -0.000348045 -0.0017572 0.00450704 0.0173214 -0.00189206 -0.00363795 -0.000535198
internal_weight=124761 48186 36138 76575 20576 63036 5609 57427 158 10988 7626 51589 3854 1974 1316 3772 9588 15562 12048 5451 10230 6270 4290 38113 13476 284 168 13192 3157 34492
internal_count=124761 48186 36138 76575 20576 63036 5609 57427 158 10988 7626 51589 3854 1974 1316 3772 9588 15562 12048 5451 10230 6270 4290 38113 13476 284 168 13192 3157 34492
is_linear=0
shrinkage=0.05


Tree=61
num_leaves=31
num_cat=0
split_feature=9 9 0 0 0 3 9 0 11 3 7 10 0 3 10 3 8 11 11 10 0 7 3 10 10 8 11 11 3 3
split_gain=43.1786 15.6314 11.3817 14.1806 10.1311 9.48086 8.83448 7.2851 6.84652 8.64286 7.12019 10.9333 6.79078 6.6583 6.65456 4.89411 13.6831 10.1572 4.96289 4.83298 7.79421 6.22495 4.68514 4.68018 4.66515 8.13245 7.89587 10.0416 7.85384 6.13112
threshold=23.303385416666668 12.070312500000002 23.500000000000004 59.500000000000007 78.500000000000014 0.43733377705052551 29.979947916666667 18.500000000000004 0.80519389663381347 -0.9731273977605811 29.812500000000004 1.0000000180025095e-35 71.500000000000014 -0.39826117949089107 1.0000000180025095e-35 0.1849296026015865 16.050000000000004 1.0036114727335816 1.0326169115782082 1.0000000180025095e-35 30.500000000000004 19.712500000000006 -0.81923160956083974 1.0000000180025095e-35 1.0000000180025095e-35 31.850000000000005 1.0408832752351278 1.0561939355068173 -0.99372698525316483 -0.88622299073327826
decision_type=2 2 2 2 2 2 2 2 2 2 2 2 2 2 2 2 2 2 2 2 2 2 2 2 2 2 2 2 2 2
left_child=1 14 22 19 5 6 7 24 9 -9 -10 -12 -8 -13 -1 -16 -17 -18 -19 21 -21 -4 -3 -6 25 28 -26 -28 -2 -30
right_child=4 2 3 -5 23 -7 12 8 10 -11 11 13 -14 -15 15 16 17 18 -20 20 -22 -23 -24 -25 26 -27 27 -29 29 -31
leaf_value=-0.0013300207047383062 -0.0018337692526769922 0.00012991319132196427 -0.00045494309751447043 -0.0019595728700921989 0.0008703704367852953 -0.00078756169678459204 0.00063588411955835733 -0.004515488988271003 -0.0012977911785678592 0.0033362807983057935 -0.0021225180916283975 0.0010284953335420279 -0.0027107038442035249 -0.00087437896125504072 -0.00018362681281660341 0.0038423949351757305 0.0035373771296990696 -0.0006606044984589143 0.001310289255082517 -0.0020785611215168739 0.00020038575768259117 -0.0025665058183460725 -0.0032193989562508693 2.160364596109783e-05 -0.00064070161207244658 -0.00014501117863905622 0.0044823531335190731 0.0010270268966855785 0.00311951485240645 0.0010821680789442531
leaf_weight=2976 213 456 3979 15294 5667 20309 10296 180 14164 420 3213 4290 997 1896 2208 96 96 864 672 1561 6467 3293 9744 7957 3858 1239 114 1159 551 532
leaf_count=2976 213 456 3979 15294 5667 20309 10296 180 14164 420 3213 4290 997 1896 2208 96 96 864 672 1561 6467 3293 9744 7957 3858 1239 114 1159 551 532
internal_value=-0.00114102 -0.00232319 -0.00269574 -0.00221351 -0.000409125 -0.000674829 -0.000255323 -0.000681612 -0.00110769 0.00416667 -0.00124199 -0.00017502 0.00094616 0.00105399 -0.000124422 0.00122459 0.00321759 0.00213848 0.00115234 -0.00113726 -0.000291481 -0.00207096 -0.00414216 0.000827949 0.000661361 0.00241617 -0.000205614 0.00320895 0.00518518 0.00691136
internal_weight=124761 47706 40794 30594 77055 63431 43122 31829 24163 600 23563 9399 11293 6186 6912 3936 1728 1632 1536 15300 8028 7272 10200 13624 7666 2535 5131 1273 1296 1083
internal_count=124761 47706 40794 30594 77055 63431 43122 31829 24163 600 23563 9399 11293 6186 6912 3936 1728 1632 1536 15300 8028 7272 10200 13624 7666 2535 5131 1273 1296 1083
is_linear=0
shrinkage=0.05


Tree=62
num_leaves=31
num_cat=0
split_feature=4 10 0 0 3 7 4 9 9 11 11 9 8 0 0 3 3 9 3 0 0 5 8 8 8 1 8 3 11 3
split_gain=41.0993 16.141 19.636 11.5137 9.84211 22.7082 30.8656 11.4829 18.0669 10.2787 9.55296 7.79128 7.64564 7.05547 11.8919 6.82478 6.50338 10.9421 10.8176 8.73294 11.4929 8.35826 7.64868 6.35472 5.93889 5.73236 5.57635 5.49673 5.26235 8.03589
threshold=-0.25206183926700709 1.0000000180025095e-35 30.500000000000004 60.500000000000007 -0.81923160956083974 25.612500000000004 -0.15950993297387572 25.419010416666669 25.138020833333339 0.99415218657029769 0.93309361111522005 12.483854166666669 40.850000000000001 22.500000000000004 48.500000000000007 0.36648264796514479 0.57782244426053786 27.070312500000004 -0.19337636264337835 72.500000000000014 89.500000000000014 1.0000000180025095e-35 20.900000000000002 28.350000000000005 31.450000000000003 3.5000000000000004 15.350000000000003 0.3342611484689354 0.88973885209876746 -0.79384350655589164
decision_type=2 2 2 2 2 2 2 2 2 2 2 2 2 2 2 2 2 2 2 2 2 2 2 2 2 2 2 2 2 2
left_child=10 4 11 -4 5 6 -2 8 24 -10 12 -3 28 -6 -15 -12 17 18 21 -20 22 -5 -21 -17 -8 -23 -16 -24 29 -1
right_child=1 2 3 16 13 -7 7 -9 9 -11 15 -13 -14 14 26 23 -18 -19 19 20 -22 25 27 -25 -26 -27 -28 -29 -30 -31
leaf_value=0.0045882770082204668 0.0070344820769659491 7.8308779756906515e-05 0.000315260165126087 -0.0016605572825973578 -0.0043290524217340712 -0.0035765400206003457 0.00026199309703246358 -0.00090274120340478367 0.0019663996347423144 0.011878118781864889 0.00037077168169052574 -0.0017356307362878653 0.0021565061887204324 -0.0006388325324113948 0.0017555198300848625 0.0028463102555694696 -0.0016543695415061198 0.0021883586830960876 -0.001525661650396489 0.0012787963326691514 -0.0019665494682039597 -0.00064271989208825335 0.0025653733735516611 -0.00033313045660515712 0.0025045347363356696 0.0033173228019830929 -0.0024575965164821789 0.0042863947734582807 -0.001502269276673799 -0.0004813147997018052
leaf_weight=192 113 1705 12390 4970 5888 2879 934 1645 113 55 28492 11102 192 6656 235 96 4900 840 1128 1394 564 280 153 14310 121 175 11791 51 5650 5747
leaf_count=192 113 1705 12390 4970 5888 2879 934 1645 113 55 28492 11102 192 6656 235 96 4900 840 1128 1394 564 280 153 14310 121 175 11791 51 5650 5747
internal_value=-0.00112058 -0.00192218 -0.00125744 -0.000488919 -0.00278837 -0.0009471 0.00211171 0.00110181 0.00477105 0.02 -9.31814e-05 -0.00286835 -0.0013543 -0.00322751 -0.00275185 0.000253157 -0.0014476 -0.000688123 -0.00121343 0.00104863 0.00290934 -0.00258525 0.00507509 -0.000633765 0.00234597 0.0039011 -0.00369034 0.0141176 -0.00151825 -0.000479038
internal_weight=124761 70082 39652 26845 30430 5860 2981 2868 1223 168 54679 12807 11781 24570 18682 42898 14455 9555 8715 3290 2162 5425 1598 14406 1055 455 12026 204 11589 5939
internal_count=124761 70082 39652 26845 30430 5860 2981 2868 1223 168 54679 12807 11781 24570 18682 42898 14455 9555 8715 3290 2162 5425 1598 14406 1055 455 12026 204 11589 5939
is_linear=0
shrinkage=0.05


Tree=63
num_leaves=31
num_cat=0
split_feature=9 4 3 3 10 9 8 8 0 0 7 8 0 0 11 11 4 0 0 10 10 9 7 9 8 4 8 0 8 11
split_gain=40.5857 14.8644 12.5027 10.1857 16.1271 8.60512 8.11688 8.06723 7.94647 8.41538 9.26357 9.85022 7.60806 11.3099 7.18122 8.2189 6.81794 5.64237 8.86292 8.05331 6.28684 6.57308 5.25094 4.87005 4.85258 4.79385 8.55868 4.75524 7.59306 5.84646
threshold=23.425520833333341 0.93158198870884079 -0.85671820900978868 0.1849296026015865 1.0000000180025095e-35 31.988020833333334 16.050000000000004 28.450000000000003 54.500000000000007 17.500000000000004 24.437500000000004 29.350000000000005 22.500000000000004 52.500000000000007 1.0039018574430203 0.99944332314325746 0.99855310097228334 64.500000000000014 77.500000000000014 1.0000000180025095e-35 1.0000000180025095e-35 28.815885416666671 20.312500000000004 27.717968750000001 34.350000000000001 -0.99983123799342477 39.750000000000007 33.500000000000007 19.750000000000004 1.0779742005359896
decision_type=2 2 2 2 2 2 2 2 2 2 2 2 2 2 2 2 2 2 2 2 2 2 2 2 2 2 2 2 2 2
left_child=1 2 7 16 -5 8 -6 -1 9 10 14 -12 22 -14 15 -2 -3 19 20 23 -19 -22 -4 -10 -11 26 -7 -18 29 -29
right_child=5 3 12 4 6 25 -8 -9 17 24 11 -13 13 -15 -16 -17 27 18 -20 -21 21 -23 -24 -25 -26 -27 -28 28 -30 -31
leaf_value=0.0010157150730098579 -0.00018647462682460999 -0.0015129112635743252 -0.0030678338896398104 -0.0013100691442736064 0.0036805354340309392 0.0058762824771363817 0.0011276758763067846 -0.0012763304660129645 -0.0030985896344146572 -0.00070689239221290959 0.002797438944218556 0.00032298006139725799 -0.00075309282306275653 -0.002054925704629334 -0.0016415999563928786 0.0020321321008600077 -0.0015673721046365304 -0.0027695186984960968 0.00022731222423514322 0.0011819231329877843 -0.0010483191857524087 0.00079922424454571123 0.0022526278353052582 0.00020287215716912029 -0.0017646340558358658 0.00035376628687082163 0.00016735665660295659 -0.00035389427121053401 0.005144447290665868 0.0034499135386944005
leaf_weight=960 2325 8448 7428 2112 96 192 2016 672 800 18716 327 7593 9810 14055 2080 108 884 3094 12391 4520 3822 2039 93 1580 6808 9892 288 1178 186 248
leaf_count=960 2325 8448 7428 2112 96 192 2016 672 800 18716 327 7593 9810 14055 2080 108 884 3094 12391 4520 3822 2039 93 1580 6808 9892 288 1178 186 248
internal_value=-0.00110095 -0.00223779 -0.002833 -0.000942116 0.00114346 -0.000385571 0.00423295 0.00143382 -0.000595367 -0.00106792 -1.20766e-06 0.00102904 -0.00305487 -0.00261785 -0.00180922 3.49351e-05 -0.00174708 3.96504e-05 -0.00036213 0.00128261 -0.00156058 -0.000598022 -0.00444156 -0.00107143 -0.00158753 0.000953528 0.00583333 0.000548877 0.00216501 0.000925665
internal_weight=124761 48186 33018 15168 4224 76575 2112 1632 66203 37957 12433 7920 31386 23865 4513 2433 10944 28246 21346 6900 8955 5861 7521 2380 25524 10372 480 2496 1612 1426
internal_count=124761 48186 33018 15168 4224 76575 2112 1632 66203 37957 12433 7920 31386 23865 4513 2433 10944 28246 21346 6900 8955 5861 7521 2380 25524 10372 480 2496 1612 1426
is_linear=0
shrinkage=0.05


Tree=64
num_leaves=31
num_cat=0
split_feature=9 0 8 0 0 10 3 11 0 0 11 4 0 0 3 9 3 3 4 9 3 3 11 0 7 10 9 3 10 9
split_gain=39.0813 14.7328 13.6467 8.66651 8.2589 8.07235 7.22785 9.9603 8.84808 8.16621 6.85233 5.82043 5.5911 5.55551 5.70604 5.89754 5.88235 5.15136 8.23685 13.0899 4.81502 5.90931 4.82373 4.81235 7.5439 5.50238 4.70052 4.66844 4.66074 4.52192
threshold=23.303385416666668 22.500000000000004 21.250000000000004 79.500000000000014 58.500000000000007 1.0000000180025095e-35 0.96687895796550427 0.9131895820237399 33.500000000000007 7.5000000000000009 0.94542443323476821 0.04621408538533487 49.500000000000007 90.500000000000014 -0.19337636264337835 14.97265625 0.57782244426053786 0.534952257794027 0.98486764554468398 9.9703125000000004 -0.98370366633421236 -0.92274349529687905 0.89132369463318661 30.500000000000004 19.587500000000006 1.0000000180025095e-35 28.992708333333336 -0.81923160956083974 1.0000000180025095e-35 11.53671875
decision_type=2 2 2 2 2 2 2 2 2 2 2 2 2 2 2 2 2 2 2 2 2 2 2 2 2 2 2 2 2 2
left_child=1 27 5 6 23 12 9 8 -8 -2 20 -9 -3 14 -7 17 -17 18 19 -16 -11 22 -22 -4 -25 -26 -24 -1 -5 -29
right_child=3 2 4 28 -6 13 7 11 -10 10 -12 -13 -14 -15 15 16 -18 -19 -20 -21 21 -23 26 24 25 -27 -28 29 -30 -31
leaf_value=0.00025847182994914497 0.00052918110224917136 6.9193398296252628e-05 -0.0021014479069848303 0.00092130361077110584 -0.0019064104687528062 -0.00175790383920795 0.0025636766256272449 -0.0020486411630153164 -6.0126162213292034e-05 -0.0035633307100671318 -0.00016162898718953241 -4.1836806879640228e-05 -0.0017901613217395911 -0.0028270206037149699 0.0048124786671391055 0.0061841462474059748 0.0014231136110931862 -0.0015018729597424515 -0.00032173797101040891 0.0010047384991766735 0.0020887182327776516 -0.001004587467215109 -0.001074803451505109 0.00085885487380534312 -0.0021712886477934243 -0.00016353284956846113 0.0033531549505926 -0.00023887322481133113 -4.2179508926348067e-07 -0.0028891987112939894
leaf_weight=437 5862 2592 2344 5334 10835 816 68 4080 92 1584 38865 1600 4416 540 136 136 136 884 2312 2924 720 10208 1080 1786 2925 3493 72 1242 7490 9752
leaf_count=437 5862 2592 2344 5334 10835 816 68 4080 92 1584 38865 1600 4416 540 136 136 136 884 2312 2924 720 10208 1080 1786 2925 3493 72 1242 7490 9752
internal_value=-0.00108532 -0.00221 -0.00171675 -0.000389009 -0.00252607 -0.000554661 -0.000625945 -0.00230308 0.01 -0.000458205 -0.000655734 -0.00264965 -0.00178938 0.00054287 0.000902777 0.00139553 0.00860294 0.00108216 0.00166418 0.00336601 -0.00161885 -0.00127897 0.00130342 -0.00153015 -0.000959289 -0.00175912 -0.000703126 -0.00377526 0.000797722 -0.00397672
internal_weight=124761 47706 36275 77055 21383 14892 64231 5840 160 58391 52529 5680 7008 7884 7344 6528 272 6256 5372 3060 13664 12080 1872 10548 8204 6418 1152 11431 12824 10994
internal_count=124761 47706 36275 77055 21383 14892 64231 5840 160 58391 52529 5680 7008 7884 7344 6528 272 6256 5372 3060 13664 12080 1872 10548 8204 6418 1152 11431 12824 10994
is_linear=0
shrinkage=0.05


Tree=65
num_leaves=31
num_cat=0
split_feature=9 0 0 10 9 8 0 7 3 3 3 3 11 11 9 11 8 8 11 11 8 3 7 8 4 0 0 8 3 8
split_gain=36.8424 15.7312 13.3141 12.5518 8.28498 13.4615 8.16509 8.11778 7.57448 8.15666 7.58806 7.50268 6.69516 8.10697 6.38149 6.23129 8.26875 6.1455 5.56752 9.70829 8.05787 6.39502 5.87191 5.35833 5.29892 5.20069 11.2687 9.40234 7.53116 5.09545
threshold=22.698177083333338 22.500000000000004 49.500000000000007 1.0000000180025095e-35 29.979947916666667 34.050000000000004 31.500000000000004 19.587500000000006 0.57782244426053786 -0.19337636264337835 -0.85671820900978868 0.048362692321690152 1.0959530445469128 0.93624883425564398 32.957552083333347 1.0864563662565241 37.750000000000007 25.650000000000002 1.0561939355068173 1.0226926418345352 37.150000000000013 1.0000000180025095e-35 37.212500000000013 41.550000000000004 -0.99983123799342477 74.500000000000014 90.500000000000014 19.950000000000003 0.31799963745711152 15.350000000000003
decision_type=2 2 2 2 2 2 2 2 2 2 2 2 2 2 2 2 2 2 2 2 2 2 2 2 2 2 2 2 2 2
left_child=1 -1 6 29 5 17 -3 -8 9 10 -5 12 13 -6 23 18 -17 -2 19 21 -21 -15 -22 -13 -14 -11 27 -27 -29 -4
right_child=4 2 3 8 11 -7 7 -9 -10 25 -12 14 24 15 -16 16 -18 -19 -20 20 22 -23 -24 -25 -26 26 -28 28 -30 -31
leaf_value=-0.0022929781513437316 0.0033636026417755691 -0.0011896078990731832 0.001613739377828653 0.0014078990205876043 -0.001463157496811518 -0.0013992865499205134 0.0010317619266155111 -0.00073615339627905105 -0.0018430098617550816 -0.00025517463650292209 -0.0014091637176264949 -0.00078835707186063132 0.0030155975008401299 0.0008818299050565141 0.00047028436378541993 0.0044876371875677062 -0.005053613111133691 -0.00019078590513235902 -0.00022336394040475181 0.0040551053976510629 -0.001547514874378266 0.0063597615651067863 0.0033410267110485651 0.007207470146195773 -0.00065506792084356466 0.00099405624882999513 -0.0023912189656898159 0.0021319206982815522 0.003248254768550177 -0.002301688730045087
leaf_weight=11086 192 4338 230 414 672 9124 5140 3536 3404 2350 3542 8634 192 2485 5856 384 96 46637 1151 576 238 96 50 96 2016 1168 470 208 128 10252
leaf_count=11086 192 4338 230 414 672 9124 5140 3536 3404 2350 3542 8634 192 2485 5856 384 96 46637 1151 576 238 96 50 96 2016 1168 470 208 128 10252
internal_value=-0.00106127 -0.00218044 -0.00166288 -0.00240819 -0.000401619 -0.000727665 -0.000393424 0.000492161 -0.00128124 -0.000464977 -0.00210566 0.000407682 0.00164278 0.00254175 -0.00026601 0.00322498 0.00864583 -0.000385339 0.00265883 0.00366473 0.00825231 0.00212902 0.00142361 -0.00112257 -0.000697465 0.00103608 0.00292806 0.00503989 0.0124107 -0.00366438
internal_weight=124761 46266 35180 22166 78495 55953 13014 8676 11684 8280 3956 22542 7956 5748 14586 5076 480 46829 4596 3445 864 2581 288 8730 2208 4324 1974 1504 336 10482
internal_count=124761 46266 35180 22166 78495 55953 13014 8676 11684 8280 3956 22542 7956 5748 14586 5076 480 46829 4596 3445 864 2581 288 8730 2208 4324 1974 1504 336 10482
is_linear=0
shrinkage=0.05


Tree=66
num_leaves=31
num_cat=0
split_feature=9 4 3 10 3 8 0 0 0 7 9 3 11 0 0 0 4 11 8 4 1 11 10 7 3 8 11 9 11 11
split_gain=35.7309 14.5286 9.96589 15.7585 9.95641 10.1531 8.21724 8.097 10.523 7.52088 13.0411 6.9752 8.42351 7.36277 7.28301 6.39053 6.09876 6.06672 5.87062 5.46519 5.30262 5.2312 5.09298 4.80893 4.65523 5.14174 4.9856 5.05115 4.55572 4.65614
threshold=23.303385416666668 0.93158198870884079 0.1849296026015865 1.0000000180025095e-35 -0.85671820900978868 28.450000000000003 79.500000000000014 22.500000000000004 52.500000000000007 8.4625000000000039 12.339322916666669 0.96687895796550427 0.9131895820237399 9.5000000000000018 33.500000000000007 31.500000000000004 0.99855310097228334 0.94542443323476821 19.750000000000004 0.04621408538533487 4.5000000000000009 1.0779742005359896 1.0000000180025095e-35 20.312500000000004 -0.98370366633421236 29.450000000000003 0.82629592353323422 26.925260416666671 1.1338093104982068 1.1135526900622577
decision_type=2 2 2 2 2 2 2 2 2 2 2 2 2 2 2 2 2 2 2 2 2 2 2 2 2 2 2 2 2 2
left_child=1 4 15 -4 5 -1 11 23 -9 10 20 13 14 -2 -13 -3 -17 24 21 -14 -5 -18 -10 -6 -15 26 -26 -28 29 -8
right_child=6 2 3 9 7 -7 28 8 22 -11 -12 12 19 17 -16 16 18 -19 -20 -21 -22 -23 -24 -25 25 -27 27 -29 -30 -31
leaf_value=0.00098889976603099071 0.00044790908710238745 -0.0022631729350256996 -0.0011713120566625205 0.0020978184971481759 -0.002743722474181109 -0.002262945833101038 0.00041443636148865673 -0.0006630531178134177 -0.0024251754233035158 0.0011771059406822774 0.0020062281983492048 0.0024450320896025023 -0.00191704517686641 -0.0034584111555245318 -4.7580558846008208e-05 -0.00091349234605209119 -0.00035374001285870825 -0.00015560568282251336 0.0046494207377668255 -3.0205671279039197e-05 -0.00080331692958476083 0.0032850999852835024 -0.0012407271298754408 0.0021369341398681492 0.0020995334059121197 -0.00096636813635430545 -0.0012465150808117736 0.0022282465726513987 -0.0015769020011000001 0.0040008166863975099
leaf_weight=960 7322 3648 2112 206 7361 480 11704 9720 6573 1736 53 68 4080 1540 92 5632 1216 37785 192 1600 117 256 7353 91 350 10484 770 140 848 272
leaf_count=960 7322 3648 2112 206 7361 480 11704 9720 6573 1736 53 68 4080 1540 92 5632 1216 37785 192 1600 117 256 7353 91 350 10484 770 140 848 272
internal_value=-0.00103923 -0.00211462 -0.000836631 0.00122632 -0.00271037 0.00135417 -0.000373436 -0.00289858 -0.00244566 0.0042803 0.0106915 -0.000604149 -0.00225171 -0.000439367 0.0090625 -0.00163286 -0.00077851 -0.000651962 0.00188101 -0.00257042 0.0069195 0.000808423 -0.00332687 -0.00433575 -0.00157106 -0.00123212 0.00178571 -0.000164836 0.000782126 0.0010329
internal_weight=124761 47706 15168 4224 32538 1440 77055 31098 23646 2112 376 64231 5840 58391 160 10944 7296 51069 1664 5680 323 1472 13926 7452 13284 11744 1260 910 12824 11976
internal_count=124761 47706 15168 4224 32538 1440 77055 31098 23646 2112 376 64231 5840 58391 160 10944 7296 51069 1664 5680 323 1472 13926 7452 13284 11744 1260 910 12824 11976
is_linear=0
shrinkage=0.05


Tree=67
num_leaves=31
num_cat=0
split_feature=9 10 8 0 0 0 4 0 0 3 3 8 1 8 3 11 0 0 10 10 0 0 9 4 7 7 0 3 3 8
split_gain=34.4321 14.1967 13.3299 8.54926 7.53631 7.1587 7.12742 6.56686 13.056 5.95313 14.0276 8.00101 15.125 6.70038 5.61766 7.62595 6.19747 5.64715 7.05379 6.51109 21.0589 16.2555 7.35892 4.95253 4.81888 5.87559 6.84375 6.64918 5.38699 7.60973
threshold=23.303385416666668 1.0000000180025095e-35 21.250000000000004 30.500000000000004 59.500000000000007 78.500000000000014 -0.98801846520836312 21.500000000000004 46.500000000000007 0.1849296026015865 0.31799963745711152 18.950000000000003 5.5000000000000009 16.050000000000004 0.96687895796550427 0.9131895820237399 33.500000000000007 16.500000000000004 1.0000000180025095e-35 1.0000000180025095e-35 30.500000000000004 27.500000000000004 33.96510416666667 0.04621408538533487 23.837500000000006 30.112500000000004 57.500000000000007 -0.99697703579879204 -0.50556189049999822 33.95000000000001
decision_type=2 2 2 2 2 2 2 2 2 2 2 2 2 2 2 2 2 2 2 2 2 2 2 2 2 2 2 2 2 2
left_child=1 7 9 -4 -5 6 -2 -1 -9 -3 11 13 -13 -11 17 16 -16 18 -8 21 -21 -19 -23 -17 -22 -26 28 -28 29 -27
right_child=5 2 3 4 -6 -7 14 8 -10 10 -12 12 -14 -15 15 23 -18 19 -20 20 24 22 -24 -25 25 26 27 -29 -30 -31
leaf_value=-0.003966494961646804 0.00059091799399883381 -0.00060610387210088248 -0.0018375458160052359 3.9089672367608643e-05 -0.0012476575381723727 0.00034319381673281809 0.00071759492297220084 -0.00033572911579189744 -0.0019756394516947926 0.0032875252471332031 -0.0001447566977417021 0.00082921162172759622 0.0047261130894292423 0.00074987539844530594 0.0023227804851223771 -0.0018467917310924825 -2.8921747005008634e-05 0.00084158747307650254 -0.00031674193797897671 -0.0021917539650007584 0.0024046912122093912 -0.0022172903621264311 0.0003725634745252004 -3.4353979654045346e-05 -0.00026605338154503735 0.00083117974460471483 0.0038159624926074973 0.001129386194784673 -0.00037743052792019139 0.0059082962179607575
leaf_weight=5126 5214 4896 4836 4524 5616 13624 4704 5825 11411 96 4032 288 96 960 68 4029 90 3036 6603 5424 212 12240 1836 1580 8768 2194 72 3813 3496 52
leaf_count=5126 5214 4896 4836 4524 5616 13624 4704 5825 11411 96 4032 288 96 960 68 4029 90 3036 6603 5424 212 12240 1836 1580 8768 2194 72 3813 3496 52
internal_value=-0.00101598 -0.00207165 -0.00126144 -0.00221555 -0.00139053 -0.000362405 -0.000585756 -0.00298989 -0.00252263 0.000116704 0.00125 0.00548611 0.0116667 0.00323864 -0.000744371 -0.0022256 0.00860759 -0.000581507 0.000408153 -0.000853488 -0.000322709 -0.00159888 -0.00231458 -0.00253076 0.000476432 0.00039005 0.00124286 0.00286358 0.000146289 0.00205699
internal_weight=124761 47706 25344 14976 10140 77055 63431 22362 17236 10368 5472 1440 384 1056 58217 5767 158 52450 11307 41143 24031 17112 14076 5609 18607 18395 9627 3885 5742 2246
internal_count=124761 47706 25344 14976 10140 77055 63431 22362 17236 10368 5472 1440 384 1056 58217 5767 158 52450 11307 41143 24031 17112 14076 5609 18607 18395 9627 3885 5742 2246
is_linear=0
shrinkage=0.05


Tree=68
num_leaves=31
num_cat=0
split_feature=4 10 0 0 8 8 3 7 4 9 9 11 0 0 11 0 0 3 7 4 3 8 3 9 8 8 5 11 4 0
split_gain=32.5546 15.9241 16.1957 10.724 8.74333 16.4432 8.49901 20.8601 25.8781 11.0137 14.7962 9.89946 8.29995 11.1629 6.82417 6.39807 9.7382 7.01853 6.55755 6.31345 8.28003 8.21471 6.25787 8.59524 6.21122 5.87451 6.69225 6.04176 5.7619 5.58016
threshold=-0.25206183926700709 1.0000000180025095e-35 29.500000000000004 60.500000000000007 19.150000000000002 18.950000000000003 -0.81923160956083974 25.612500000000004 -0.15950993297387572 25.419010416666669 25.138020833333339 0.99415218657029769 22.500000000000004 46.500000000000007 0.93309361111522005 73.500000000000014 87.500000000000014 -0.97694226132849327 30.237500000000004 0.82293497932636273 -0.2102246306142678 20.900000000000002 -0.93235440815991333 28.992708333333336 40.850000000000001 31.250000000000004 1.0000000180025095e-35 1.0055162867907674 0.42763731121559989 49.500000000000007
decision_type=2 2 2 2 2 2 2 2 2 2 2 2 2 2 2 2 2 2 2 2 2 2 2 2 2 2 2 2 2 2
left_child=14 6 4 -4 5 -3 7 8 -2 10 -10 -12 -8 -14 24 17 19 18 -5 25 -21 -22 23 -16 -1 26 -17 -27 -28 -25
right_child=1 2 3 15 -6 -7 12 -9 9 -11 11 -13 13 -15 22 16 -18 -19 -20 20 21 -23 -24 29 -26 27 28 -29 -30 -31
leaf_value=-0.00075555167445032418 0.0064311689142317946 -0.00025786953271895552 0.00033002006655694506 -0.00019492343178088462 -0.0014207559429663516 0.0022550657538394007 -0.0035261964883426099 -0.0031305582238394629 0.00085112815643082786 -0.00087733999254226494 0.0018950412970557724 0.011198439837366875 -0.00042550726192650576 -0.0018315635341370801 -0.00042904651104592453 -0.00098436810545695762 -0.0016353501001450694 -0.0019624739410091527 0.0039479234714042142 -0.00067067028983762878 0.0012044562963295046 0.0034750276962120376 4.1703764469268233e-05 0.0008010218589856908 0.0019374849913398101 0.0023444532004922997 -0.0042296179097462338 -5.3262537811100551e-05 0.001962259055662008 0.0043965800405694443
leaf_weight=11589 113 1950 12803 541 10294 150 5888 2879 1055 1645 113 55 6144 12538 672 2688 3304 4667 161 504 1176 168 41362 450 192 406 56 672 112 414
leaf_count=11589 113 1950 12803 541 10294 150 5888 2879 1055 1645 113 55 6144 12538 672 2688 3304 4667 161 504 1176 168 41362 450 192 406 56 672 112 414
internal_value=-0.00100757 -0.00172099 -0.00106073 -0.000379339 -0.0025593 0.000380951 -0.00258134 -0.000870308 0.00206139 0.00113668 0.00473017 0.0185119 -0.00298942 -0.00247351 -9.31814e-05 -0.0013127 -0.000504073 -0.00268113 0.00198006 0.000733309 0.00314394 0.00519345 0.000199542 0.00333333 -0.00115907 -0.000399086 -0.00158614 0.00274582 0.00809524 0.00663194
internal_weight=124761 70082 39652 27258 12394 2100 30430 5860 2981 2868 1223 168 24570 18682 54679 14455 9086 5369 702 5782 1848 1344 42898 1536 11781 3934 2856 1078 168 864
internal_count=124761 70082 39652 27258 12394 2100 30430 5860 2981 2868 1223 168 24570 18682 54679 14455 9086 5369 702 5782 1848 1344 42898 1536 11781 3934 2856 1078 168 864
is_linear=0
shrinkage=0.05


Tree=69
num_leaves=31
num_cat=0
split_feature=9 0 0 10 3 3 9 11 0 7 3 0 11 7 1 11 11 0 8 8 1 9 10 8 8 3 11 4 0 3
split_gain=31.6783 13.229 11.9779 9.75704 7.72204 6.79187 8.52747 6.69093 6.49365 7.74121 6.14271 5.98919 8.10255 5.90769 5.63834 5.61887 5.55571 6.76174 5.3946 8.08747 5.29 5.27813 6.16638 4.89139 4.85725 14.45 4.74295 4.81895 4.60597 4.38343
threshold=23.303385416666668 22.500000000000004 52.500000000000007 1.0000000180025095e-35 0.68432406471780916 0.45273815774107123 27.717968750000001 0.94542443323476821 30.500000000000004 20.312500000000004 -0.81923160956083974 17.500000000000004 0.7641759112864478 23.112500000000004 5.5000000000000009 0.9500541783650579 0.80519389663381347 45.500000000000007 28.250000000000004 27.250000000000004 5.5000000000000009 11.53671875 1.0000000180025095e-35 41.550000000000004 30.650000000000002 -0.76141707087277943 1.0480714376785738 0.99958851518450398 85.500000000000014 -0.03977009085991149
decision_type=2 2 2 2 2 2 2 2 2 2 2 2 2 2 2 2 2 2 2 2 2 2 2 2 2 2 2 2 2 2
left_child=1 10 8 26 14 6 11 16 -3 29 18 -2 13 -13 -5 -9 17 -8 19 -1 -19 22 -12 -18 25 -17 -4 -28 -26 -10
right_child=5 2 3 4 -6 -7 7 15 9 -11 21 12 -14 -15 -16 24 23 20 -20 -21 -22 -23 -24 -25 28 -27 27 -29 -30 -31
leaf_value=-2.989590189247767e-05 0.00043832481740191989 -0.0010719095955107419 -0.0020224401787385556 -0.00044132310994994013 -0.0017223799232783336 -0.00047814749812754437 -0.0023531309443167885 0.0023004129379515419 -0.00024204360949538437 -0.00074814665404793548 -0.0056814410985864365 0.0031096594885298011 -0.00094943402891578511 0.0015188291306955078 0.0012112311530253579 -0.0037049383982555857 -0.00068967015499997052 0.0091460878942375805 -0.0012542553709080418 0.0010575229446017937 0.0029711762423393442 -0.002373815711246393 0.00055370329997345581 0.0021750454546803316 0.00017245643517376983 0.0040332000171209434 -0.00084819178164633044 0.0039990143794078588 0.0010953704841137075 0.0011965913986228471
leaf_weight=92 3176 3976 8729 7439 2666 24380 92 672 2105 4330 506 52 13416 260 1247 192 7567 50 276 69 50 9752 736 96 23974 288 1155 129 2790 4499
leaf_count=92 3176 3976 8729 7439 2666 24380 92 672 2105 4330 506 52 13416 260 1247 192 7567 50 276 69 50 9752 736 96 23974 288 1155 129 2790 4499
internal_value=-0.000995144 -0.00200772 -0.00154032 -0.00229932 -0.00129581 -0.000368245 -4.88859e-05 0.000388442 -0.000452717 0.000176512 -0.00349095 -0.000974327 -0.00142701 0.00653846 -0.000573338 0.000751181 -0.000900701 0.0075 0.00232265 0.00959627 0.0165 -0.00372203 -0.000652175 -0.00111118 0.000639773 0.005625 -0.00343703 -0.00059969 0.000550365 0.00125378
internal_weight=124761 47706 36275 21365 11352 77055 52675 35771 14910 10934 11431 16904 13728 312 8686 27916 7855 192 437 161 100 10994 1242 7663 27244 480 10013 1284 26764 6604
internal_count=124761 47706 36275 21365 11352 77055 52675 35771 14910 10934 11431 16904 13728 312 8686 27916 7855 192 437 161 100 10994 1242 7663 27244 480 10013 1284 26764 6604
is_linear=0
shrinkage=0.05


Tree=70
num_leaves=31
num_cat=0
split_feature=9 0 0 10 3 0 7 0 0 3 0 0 3 8 0 4 3 4 8 8 9 10 7 0 8 0 3 3 3 11
split_gain=31.0451 13.3683 11.0503 9.11029 7.62647 6.28649 6.78471 5.91752 6.47549 5.39809 5.26142 6.29997 10.0499 6.04843 5.96162 7.38559 5.56495 5.15001 5.07246 7.0854 4.96576 6.05008 4.67717 4.06714 6.12446 4.3544 4.7529 4.62465 3.98103 5.83102
threshold=23.425520833333341 22.500000000000004 52.500000000000007 1.0000000180025095e-35 0.68432406471780916 30.500000000000004 20.312500000000004 79.500000000000014 1.5000000000000002 -0.81923160956083974 90.500000000000014 74.500000000000014 -0.2102246306142678 19.950000000000003 59.500000000000007 0.45847758937963173 -0.87395131947920313 -0.98801846520836312 28.250000000000004 27.250000000000004 11.53671875 1.0000000180025095e-35 21.162500000000005 71.500000000000014 15.350000000000003 86.500000000000014 0.46800856592688472 0.20180702842483325 0.96687895796550427 0.9131895820237399
decision_type=2 2 2 2 2 2 2 2 2 2 2 2 2 2 2 2 2 2 2 2 2 2 2 2 2 2 2 2 2 2
left_child=1 9 5 23 10 -3 -7 8 -2 18 11 14 16 -14 15 -5 -13 -10 19 -1 21 -11 -22 -4 -25 26 27 -26 -19 -30
right_child=7 2 3 4 -6 6 -8 -9 17 20 -12 12 13 -15 -16 -17 -18 28 -20 -21 22 -23 -24 24 25 -27 -28 -29 29 -31
leaf_value=-2.840110679785509e-05 0.00099898954158373254 -0.0010389618765132287 -0.0028742745392136611 0.0038755565305722121 -0.0016233260551858448 0.00067385554943787335 -0.00070565391610274335 0.00029971350720753233 0.00044000694015137553 -0.0053973690436571152 -0.0024325724693465452 0.0012048121353335651 0.00076403410299647227 0.0022342279700123696 -0.0012821680965130404 6.5459495815776251e-05 -0.0010901304937404239 -0.00032022328214806827 -0.0008085183577521192 0.0010046467973717028 -0.0023073961754390532 0.00052601813497478325 0.0024075827778519011 0.003744316851732387 -0.00052937585083326886 -0.0026170239241283238 -0.0017698276229667883 0.0012946139020064956 0.00099487568421476546 -0.0010897027696194386
leaf_weight=92 1606 4016 4446 77 2795 6605 4439 12744 5148 506 1015 224 1296 512 3045 1344 1216 51539 322 69 9760 736 61 120 1800 2055 1125 510 156 5382
leaf_count=92 1606 4016 4446 77 2795 6605 4439 12744 5148 506 1015 224 1296 512 3045 1344 1216 51539 322 69 9760 736 61 120 1800 2055 1125 510 156 5382
internal_value=-0.000967491 -0.00196177 -0.00149427 -0.00221965 -0.00125998 -0.000454848 0.000161172 -0.000341823 -0.000538219 -0.00344535 -0.000532135 -8.68563e-05 0.00158867 0.0040708 -0.00130542 0.00136875 -0.00152778 -0.000619125 0.00172878 0.00897515 -0.00367125 -0.000692433 -0.00404796 -0.00331941 -0.00242424 -0.00266849 -0.00157933 -0.000281386 -0.000755735 -0.00202961
internal_weight=124761 48186 36640 21580 11524 15060 11044 76575 63831 11546 8729 7714 3248 1808 4466 1421 1440 62225 483 161 11063 1242 9821 10056 5610 5490 3435 2310 57077 5538
internal_count=124761 48186 36640 21580 11524 15060 11044 76575 63831 11546 8729 7714 3248 1808 4466 1421 1440 62225 483 161 11063 1242 9821 10056 5610 5490 3435 2310 57077 5538
is_linear=0
shrinkage=0.05


Tree=71
num_leaves=31
num_cat=0
split_feature=9 8 3 10 8 0 0 0 0 0 3 4 11 1 1 11 11 8 11 3 3 4 10 3 8 0 0 10 9 0
split_gain=30.0171 12.8486 10.5561 10.3407 9.91701 7.94372 7.44639 13.9933 6.04571 5.95037 5.37737 5.82789 5.58517 5.30309 6.39432 9.2194 19.8901 8.8404 5.70045 5.16515 8.28967 5.12574 5.06617 4.97725 9.39448 4.92368 10.636 7.15395 7.31213 6.18661
threshold=23.303385416666668 20.750000000000004 -0.85671820900978868 1.0000000180025095e-35 28.450000000000003 22.500000000000004 29.500000000000004 44.500000000000007 78.500000000000014 1.5000000000000002 0.96687895796550427 0.04621408538533487 0.94542443323476821 1.0000000180025095e-35 5.5000000000000009 1.0166260076336997 1.0186930070003879 19.250000000000004 1.0912314765539939 -0.19337636264337835 0.81925054981890411 0.99855310097228334 1.0000000180025095e-35 0.20180702842483325 16.900000000000002 69.500000000000014 55.500000000000007 1.0000000180025095e-35 26.175000000000008 24.500000000000004
decision_type=2 2 2 2 2 2 2 2 2 2 2 2 2 2 2 2 2 2 2 2 2 2 2 2 2 2 2 2 2 2
left_child=1 3 4 5 -3 -1 -4 19 9 -2 12 -12 -11 18 23 21 -17 -18 -5 -8 -21 -16 -13 -15 -25 26 29 -28 -29 -14
right_child=8 2 6 13 -6 -7 7 -9 -10 10 11 22 25 14 15 16 17 -19 -20 20 -22 -23 -24 24 -26 -27 27 28 -30 -31
leaf_value=-0.0049721328821555099 0.00092824561748616806 0.00092564612390390408 -0.0023047732520981193 0.00064575296051237263 -0.0020615680100399729 -0.00070285153920539452 -0.00071289492802981906 -0.0014664292015732069 0.0002925727982056466 -0.00079906048562899826 -0.0015020257751744163 -0.0021941054877086829 0.00016996872225525435 -0.0012637288070621562 -0.0017630168468782783 0.0044945977131709862 0.0024148739949176011 -0.00025885789397299446 0.0019168900023555709 0.0018173122474941959 -0.0013816987575416052 0.0059919770256630705 0.00074014874322002626 0.0030503767530257941 -2.742719065383408e-05 -0.0010869020554329174 -8.7965584866640499e-05 -0.001691717021300563 0.0017690337440292581 -0.00062581874583437353
leaf_weight=2047 1616 960 8730 1344 480 6497 1980 14835 13624 14620 4004 539 12426 3360 672 96 288 384 96 1440 945 96 1078 96 3360 4851 3164 630 3763 16740
leaf_count=2047 1616 960 8730 1344 480 6497 1980 14835 13624 14620 4004 539 12426 3360 672 96 288 384 96 1440 945 96 1078 96 3360 4851 3164 630 3763 16740
internal_value=-0.000943445 -0.00192911 -0.00257746 -0.000890599 0.00159722 -0.00216175 -0.0027927 -0.00224219 -0.000333205 -0.00053846 -0.000616761 -0.00209127 -0.000469268 0.000218545 -0.000264608 0.00264974 0.00652344 0.00348214 0.00302083 0.000246276 0.00181342 -0.00122396 0.000442176 -0.000921363 0.000410878 -0.000173667 2.40981e-05 0.00169578 0.00300136 -0.000409039
internal_weight=124761 47706 29370 18336 1440 8544 27930 19200 77055 63431 61815 5621 56194 9792 8352 1536 768 672 1440 4365 2385 768 1617 6816 3456 41574 36723 7557 4393 29166
internal_count=124761 47706 29370 18336 1440 8544 27930 19200 77055 63431 61815 5621 56194 9792 8352 1536 768 672 1440 4365 2385 768 1617 6816 3456 41574 36723 7557 4393 29166
is_linear=0
shrinkage=0.05


Tree=72
num_leaves=31
num_cat=0
split_feature=9 0 0 10 0 9 8 4 7 3 4 3 5 8 11 11 0 3 11 11 0 0 0 0 8 3 3 8 10 8
split_gain=29.0481 15.0545 10.8976 7.59191 6.15547 6.08177 11.7332 6.78001 6.0264 5.78952 5.72559 6.46858 5.40969 10.497 11.3863 10.7762 5.33188 5.15114 4.88169 4.67673 4.48578 4.34164 4.34162 8.4345 6.58237 5.5254 4.33794 4.27233 7.13423 16.8612
threshold=22.537239583333335 21.500000000000004 52.500000000000007 1.0000000180025095e-35 31.500000000000004 30.522135416666668 34.150000000000013 -0.99864786094873803 19.587500000000006 -0.9442364261229238 0.82293497932636273 -0.19337636264337835 1.0000000180025095e-35 31.750000000000004 1.0044072743756243 0.99060004174370953 24.500000000000004 -0.85671820900978868 1.0959530445469128 1.0480714376785738 50.500000000000007 8.5000000000000018 90.500000000000014 75.500000000000014 19.950000000000003 0.3342611484689354 -0.87395131947920313 19.150000000000002 1.0000000180025095e-35 18.950000000000003
decision_type=2 2 2 2 2 2 2 2 2 2 2 2 2 2 2 2 2 2 2 2 2 2 2 2 2 2 2 2 2 2
left_child=1 26 4 19 -3 6 12 -8 -6 -7 17 -12 -2 18 15 21 -17 -5 -14 -4 -9 -15 23 -13 -25 -26 -1 28 -28 -30
right_child=5 2 3 10 8 9 7 20 -10 -11 11 22 13 14 -16 16 -18 -19 -20 -21 -22 -23 -24 24 25 -27 27 -29 29 -31
leaf_value=0.00032186643279895843 -0.000186408689235362 -0.00089710064106356287 -0.0018742905110629264 0.0010217463888043412 0.00077373345547821035 0.0064766088988571866 0.0036999008112182175 -0.0020341649428127491 -0.00061047679768192625 0.00021496090453951842 -0.0012301705320932714 -0.00021487377829324525 -0.00074381281312047227 0.0017504939519478104 4.005511579238042e-05 0.0079483204353386714 0.0066633334788663489 -0.0013774489388042384 0.0037485154689560134 -0.00015506437490045801 -0.00055431801439718032 0.0021799188214419291 -0.002042253989105593 0.0009016131281788909 0.0019560721980282389 0.0035804385317561305 -0.0047530865491945363 -0.0023270060636198914 -0.00036724980910389857 0.0021651676851344266
leaf_weight=154 46638 4770 8471 344 5646 96 96 5665 4371 17946 1634 2162 1824 63 768 50 142 4773 96 1241 4984 607 470 1095 210 105 1166 7634 1430 110
leaf_count=154 46638 4770 8471 344 5646 96 96 5665 4371 17946 1634 2162 1824 63 768 50 142 4773 96 1241 4984 607 470 1095 210 105 1166 7634 1430 110
internal_value=-0.00092501 -0.00192701 -0.00143262 -0.00217874 -0.000397986 -0.000344097 -0.000582854 -0.00208237 0.000305979 0.000462254 -0.0012661 -0.000172658 -0.000261817 0.00161972 0.00457055 0.00851508 0.0189583 -0.00247899 -0.000885418 -0.00319296 -0.00220162 0.00552239 0.000900543 0.00149496 0.00450354 0.010873 -0.00358967 -0.00371373 -0.00200665 0.000227272
internal_weight=124761 45786 35292 20505 14787 78975 60933 10745 10017 18042 10793 5676 50188 3550 1630 862 192 5117 1920 9712 10649 670 4042 3572 1410 315 10494 10340 2706 1540
internal_count=124761 45786 35292 20505 14787 78975 60933 10745 10017 18042 10793 5676 50188 3550 1630 862 192 5117 1920 9712 10649 670 4042 3572 1410 315 10494 10340 2706 1540
is_linear=0
shrinkage=0.05


Tree=73
num_leaves=31
num_cat=0
split_feature=4 10 0 0 3 7 4 9 11 0 0 3 3 8 8 4 0 11 8 0 0 3 9 11 8 7 0 0 3 9
split_gain=28.1559 14.7084 14.2477 10.7927 7.46706 20.485 23.7723 9.72274 12.6425 9.59439 8.62829 7.8377 9.69697 6.85449 13.4075 6.67336 6.16333 5.76148 5.6886 5.60102 9.04566 6.73122 6.08876 5.10307 5.04161 5.14526 5.75403 10.5453 5.66809 6.35185
threshold=-0.25206183926700709 1.0000000180025095e-35 29.500000000000004 60.500000000000007 -0.81923160956083974 25.612500000000004 -0.17646730165275518 25.809114583333336 0.96524820720628701 21.500000000000004 40.500000000000007 -0.90893996196865023 -0.95995996396290595 19.150000000000002 18.950000000000003 -0.10837475778693638 9.5000000000000018 0.93309361111522005 40.850000000000001 73.500000000000014 87.500000000000014 -0.97694226132849327 26.834375000000005 1.2099088115144543 28.350000000000005 25.512500000000006 24.500000000000004 41.500000000000007 -0.93235440815991333 28.992708333333336
decision_type=2 2 2 2 2 2 2 2 2 2 2 2 2 2 2 2 2 2 2 2 2 2 2 2 2 2 2 2 2 2
left_child=17 4 13 -4 5 6 -2 8 -8 -6 -11 12 -10 14 -3 -9 -16 18 -1 21 -21 22 -5 -15 -19 -26 -27 -28 29 -29
right_child=1 2 3 19 9 -7 7 15 11 10 -12 -13 -14 23 16 -17 -18 24 -20 20 -22 -23 -24 -25 25 26 27 28 -30 -31
leaf_value=-0.00065110735836410288 0.0063992837333278312 -0.00017251603645401101 0.0003664668069967784 -0.0025611691549068589 -0.0029711908219671995 -0.0028599201459314849 -8.0000678057072519e-05 0.0015341884783180058 -0.00065304497939701236 -0.00021995716847889458 -0.0014341615182083425 0.0013069620126487903 0.0087085712525472453 -0.0011970295365280679 0.0039255481372037241 -0.0017373723382787484 0.00084341584468399498 0.0021183547977082491 0.0018964676909722111 0.00029770808922444754 -0.0014521079144880712 -0.0017102351828080663 0.0020990943134779278 0.0017604005022286062 -0.00069807585444379787 0.00060725532935232223 -0.0010581573337030881 -0.00021384049096452199 0.0001817879566654597 0.0032966278483965456
leaf_weight=11589 84 1950 12803 338 5632 2879 829 109 55 4864 14074 488 165 10234 50 1251 100 288 192 5782 3304 4667 364 60 3079 8757 7316 378 22594 486
leaf_count=11589 84 1950 12803 338 5632 2879 829 109 55 4864 14074 488 165 10234 50 1251 100 288 192 5782 3304 4667 364 60 3079 8757 7316 378 22594 486
internal_value=-0.000906975 -0.00157045 -0.000935893 -0.000296795 -0.00239731 -0.000793517 0.00211171 0.0013514 0.00407612 -0.00277981 -0.002241 0.00898305 0.0168182 -0.00234146 0.000261904 -0.00172794 0.0146667 -5.66043e-05 -0.00103599 -0.00123314 -0.000476559 -0.0025135 0.00205128 -0.00287255 0.000212363 0.0001678 0.000321139 -6.51091e-07 0.000516241 0.00449074
internal_weight=124761 70082 39652 27258 30430 5860 2981 2897 1537 24570 18938 708 220 12394 2100 1360 150 54679 11781 14455 9086 5369 702 10294 42898 42610 39531 30774 23458 864
internal_count=124761 70082 39652 27258 30430 5860 2981 2897 1537 24570 18938 708 220 12394 2100 1360 150 54679 11781 14455 9086 5369 702 10294 42898 42610 39531 30774 23458 864
is_linear=0
shrinkage=0.05


Tree=74
num_leaves=31
num_cat=0
split_feature=9 0 0 10 0 7 3 3 4 8 9 3 11 8 4 9 7 11 8 11 7 0 3 9 1 11 3 9 0 8
split_gain=27.3982 15.0798 10.1381 7.17577 5.52485 5.59393 5.51517 5.45319 5.24419 8.94592 6.86685 12.877 11.9988 10.2073 14.7911 9.52606 19.7381 6.56818 5.97231 5.92456 5.56761 5.36402 4.9847 6.81366 5.35938 4.97624 8.67252 7.39113 7.11139 6.12053
threshold=22.537239583333335 21.500000000000004 52.500000000000007 1.0000000180025095e-35 31.500000000000004 18.962500000000006 0.68432406471780916 -0.19337636264337835 -0.25206183926700709 33.850000000000001 26.541666666666668 -0.98046803196378884 0.9040579196039068 32.350000000000001 -0.022575793296316496 25.580989583333338 25.437500000000004 0.83998462250459582 29.050000000000004 0.93309361111522005 21.162500000000005 7.5000000000000009 -0.93235440815991333 28.992708333333336 4.5000000000000009 0.88973885209876746 -0.79384350655589164 26.751302083333339 73.500000000000014 38.150000000000013
decision_type=2 2 2 2 2 2 2 2 2 2 2 2 2 2 2 2 2 2 2 2 2 2 2 2 2 2 2 2 2 2
left_child=1 -1 4 -4 -3 -6 7 -5 18 10 11 -10 15 14 -12 17 20 -13 21 25 -17 -2 23 24 -21 26 -20 28 -27 -28
right_child=8 2 3 6 5 -7 -8 -9 9 -11 13 12 -14 -15 -16 16 -18 -19 19 22 -22 -23 -24 -25 -26 27 29 -29 -30 -31
leaf_value=-0.0016467944861574631 0.0029565483835563462 -0.00083577941206162 -0.0015212101834676962 -0.00082545052868185961 0.00078546156670556647 -0.00051835118039538928 -0.0014581447584496104 0.00018295678838556523 -0.0026471947755066115 -0.0019411712748032507 -5.3328610108736537e-05 0.0025836275235774264 -0.0002533607775292208 -0.0016316823315853245 0.0026684044821371263 0.0016260754876403598 -0.00017653833887507149 -7.1725267988577817e-05 0.0064375248237676696 -0.0013155360158913316 0.0059402958965498014 0.0009216397942473642 1.9926543949026486e-05 0.001978077733317114 0.0025846706400931519 0.00025211684048845486 -0.00042364756247591099 -0.0015421681281266005 0.0050670202739400705 0.0025841916842918207
leaf_weight=10494 80 4770 9712 3612 5209 4808 2451 4730 3748 4416 1536 288 10944 1152 1156 55 146 768 96 576 87 880 40882 864 96 222 5373 5266 66 278
leaf_count=10494 80 4770 9712 3612 5209 4808 2451 4730 3748 4416 1536 288 10944 1152 1156 55 146 768 96 576 87 880 40882 864 96 222 5373 5266 66 278
internal_value=-0.000890544 -0.00186367 -0.00136887 -0.00208852 -0.000370935 0.000295996 -0.00120124 -0.000588589 -0.00032637 -0.000937604 -0.000485414 -0.000940385 -0.000157879 0.00141259 0.00309807 0.00430059 0.0123611 0.00210227 -5.47754e-05 -0.000124631 0.0256338 0.00385417 0.000146399 0.00294271 -0.000833335 -0.00114194 -0.000110494 -0.00220922 0.00559028 -0.000363654
internal_weight=124761 45786 35292 20505 14787 10017 10793 8342 78975 24296 19880 16036 12288 3844 2692 1344 288 1056 54679 53719 142 960 42418 1536 672 11301 5747 5554 288 5651
internal_count=124761 45786 35292 20505 14787 10017 10793 8342 78975 24296 19880 16036 12288 3844 2692 1344 288 1056 54679 53719 142 960 42418 1536 672 11301 5747 5554 288 5651
is_linear=0
shrinkage=0.05


Tree=75
num_leaves=31
num_cat=0
split_feature=9 0 0 7 0 0 0 3 10 8 3 0 4 0 0 8 10 3 0 9 3 8 4 11 7 11 10 0 7 8
split_gain=25.7319 13.9191 10.4532 7.51407 10.5664 5.51615 6.3763 5.27056 5.10313 7.952 5.76719 5.59117 5.05001 7.85459 13.2409 7.70402 6.92484 5.52703 5.22884 4.47933 9.7365 6.73818 8.40778 6.68053 5.77885 4.41143 4.34827 4.32608 5.85184 4.30502
threshold=22.537239583333335 22.500000000000004 52.500000000000007 14.912500000000003 87.500000000000014 78.500000000000014 6.5000000000000009 -0.85671820900978868 1.0000000180025095e-35 20.450000000000003 -0.85671820900978868 4.5000000000000009 -0.25206183926700709 70.500000000000014 55.500000000000007 33.750000000000007 1.0000000180025095e-35 0.39827038710620805 64.500000000000014 26.541666666666668 -0.98046803196378884 32.350000000000001 -0.022575793296316496 0.83998462250459582 27.487500000000004 1.044457029130015 1.0000000180025095e-35 33.500000000000007 19.587500000000006 35.150000000000013
decision_type=2 2 2 2 2 2 2 2 2 2 2 2 2 2 2 2 2 2 2 2 2 2 2 2 2 2 2 2 2 2
left_child=1 8 27 4 -4 6 -2 -5 -1 11 -11 25 13 14 17 19 18 -8 -16 20 -14 22 -21 -22 -24 -10 -15 -3 -29 -18
right_child=5 2 3 7 -6 -7 12 -9 9 10 -12 -13 15 26 16 -17 29 -19 -20 21 23 -23 24 -25 -26 -27 -28 28 -30 -31
leaf_value=-0.0030462152690775971 0.00040433205831301943 -0.00066220000915479145 0.00036765872289927758 0.00099360825544837902 -0.0020858755648534852 0.00025863666245451574 -8.1702646849666087e-05 -0.0013422474513464224 0.00048170835037875196 0.00033684766228270495 -0.0019267685444198019 -0.00033298263616467086 -0.0032659427662208398 -0.0035424695266326727 0.00071426070834142499 -0.0022491574355442737 0.00081987148331654478 -0.00089854350414757559 -0.0012280567283072955 -8.3723789650463329e-05 0.00263989692247606 -0.0022575737032286638 0.00049315071855280746 -0.00026905413836379797 0.0030866777627015576 0.0021693083485643831 -0.00061642916362414975 0.00089692545652200718 -0.00055162049895253343 0.002866497981936961
leaf_weight=5198 5783 5247 3916 344 2276 13964 19248 13969 375 184 3335 1764 2808 2000 2250 3528 3818 8671 1500 1152 216 720 362 8928 502 115 2550 4788 4275 975
leaf_count=5198 5783 5247 3916 344 2276 13964 19248 13969 375 184 3335 1764 2808 2000 2250 3528 3818 8671 1500 1152 216 720 362 8928 502 115 2550 4788 4275 975
internal_value=-0.000876918 -0.00181999 -0.00133061 -0.00205438 -0.000599161 -0.000330169 -0.000523836 -0.00268392 -0.00337298 -0.00234973 -0.0038349 -3.10571e-05 -0.000678565 -0.000370868 -0.000126434 -0.00137132 0.00159604 -0.000653499 -1.33345e-05 -0.000867376 -0.00128514 0.000957601 0.00244047 -0.000494314 0.00616898 0.00469388 -0.00232967 -0.000293502 0.000367979 0.0028552
internal_weight=124761 45786 34815 20505 6192 78975 65011 14313 10971 5773 3519 2254 59228 41012 36462 18216 8543 27919 3750 14688 11952 2736 2016 9144 864 490 4550 14310 9063 4793
internal_count=124761 45786 34815 20505 6192 78975 65011 14313 10971 5773 3519 2254 59228 41012 36462 18216 8543 27919 3750 14688 11952 2736 2016 9144 864 490 4550 14310 9063 4793
is_linear=0
shrinkage=0.05


Tree=76
num_leaves=31
num_cat=0
split_feature=9 0 0 7 0 10 9 0 0 3 0 0 0 10 10 9 7 10 9 9 4 9 3 9 7 11 0 10 4 0
split_gain=24.5859 13.7574 9.57768 6.99456 10.1192 5.36828 7.50148 5.26373 5.98339 5.2607 4.85523 10.7689 7.53116 12.265 7.0082 6.43584 6.05715 5.91162 8.31093 5.3038 4.96779 4.93364 15.7245 12.5181 5.59421 7.40584 4.93072 5.54897 10.0894 4.74852
threshold=22.537239583333335 21.500000000000004 52.500000000000007 14.912500000000003 88.500000000000014 1.0000000180025095e-35 11.53671875 78.500000000000014 1.5000000000000002 0.96687895796550427 68.500000000000014 56.500000000000007 23.500000000000004 1.0000000180025095e-35 1.0000000180025095e-35 25.676822916666669 25.512500000000006 1.0000000180025095e-35 25.419010416666669 27.717968750000001 -0.21022037796396451 28.401041666666671 -0.30983472475487867 28.330468750000005 26.812500000000004 1.0171117260221278 41.500000000000007 1.0000000180025095e-35 -0.91939278948206182 5.5000000000000009
decision_type=2 2 2 2 2 2 2 2 2 2 2 2 2 2 2 2 2 2 2 2 2 2 2 2 2 2 2 2 2 2
left_child=1 5 -3 4 -4 -1 -7 8 -2 10 11 12 13 -10 19 20 -15 18 -12 -13 -16 22 23 -18 25 -24 -14 28 -28 -8
right_child=7 2 3 -5 -6 6 29 -9 9 -11 17 14 26 16 15 -17 21 -19 -20 -21 -22 -23 24 -25 -26 -27 27 -29 -30 -31
leaf_value=-0.0029418303521361322 0.00086909595606552608 -0.00018320840073954194 0.00031989883213815124 -0.0011835725722615096 -0.0022225956235106116 0.00058188487340283916 -0.00011680457425448819 0.00024570482933179005 0.00077148365672623427 -0.00076886476495262898 0.0018190445470018229 -0.0030884752289457341 -0.0011723355562417335 -0.0010708346554367386 0.0022272016786041363 0.0014434901263971542 -0.000367100565556332 -0.00027745925888465967 -0.0032832530828881914 0.00032311563393063386 -0.0017591742970246135 -0.00033350839899951197 -0.00013293503228971996 0.0067231363209280057 0.0067571011939565207 0.0049846330215783359 0.00096890587835624532 0.00026159486254105256 -0.0025249667568373051 -0.0014128236271612193
leaf_weight=4972 1656 14787 4178 14313 2014 704 1314 13964 6914 6006 230 816 13410 4606 72 4353 1089 4296 2910 2952 744 3489 80 82 52 79 1350 6465 3360 3504
leaf_count=4972 1656 14787 4178 14313 2014 704 1314 13964 6914 6006 230 816 13410 4606 72 4353 1089 4296 2910 2952 744 3489 80 82 52 79 1350 6465 3360 3504
internal_value=-0.000854475 -0.00177631 -0.0013037 -0.00200317 -0.000599161 -0.00336573 -0.00229265 -0.000320039 -0.000509223 -0.000586774 -0.000439329 -0.000261757 -0.000604745 0.000225427 0.00131084 0.00250629 -0.00094281 -0.00163125 -0.00328026 -0.000329088 -0.00156863 0.000286388 0.00281476 0.00055081 0.0153791 0.0107233 -0.00115823 -0.000382552 -0.0016879 -0.0029971
internal_weight=124761 45786 35292 20505 6192 10494 5522 78975 65011 63355 57349 49913 40976 16391 8937 5169 9477 7436 3140 3768 816 4871 1382 1171 211 159 24585 11175 4710 4818
internal_count=124761 45786 35292 20505 6192 10494 5522 78975 65011 63355 57349 49913 40976 16391 8937 5169 9477 7436 3140 3768 816 4871 1382 1171 211 159 24585 11175 4710 4818
is_linear=0
shrinkage=0.05


Tree=77
num_leaves=31
num_cat=0
split_feature=9 10 8 3 8 0 0 0 7 3 3 0 0 4 8 1 8 0 9 8 4 11 4 5 8 7 11 1 1 5
split_gain=23.1241 12.5738 10.4523 10.8172 9.40775 8.50388 9.91458 7.46095 6.93769 6.44279 12.1805 5.32069 5.26103 5.24589 5.12784 8.33681 6.30341 5.12821 4.90526 9.8843 5.53137 4.55544 5.91922 5.37304 4.48722 7.0624 4.46479 7.08358 8.55868 4.28998
threshold=23.425520833333341 1.0000000180025095e-35 21.250000000000004 -0.85671820900978868 28.250000000000004 21.500000000000004 44.500000000000007 29.500000000000004 21.162500000000005 0.1849296026015865 0.31799963745711152 13.500000000000002 59.500000000000007 0.99855310097228334 18.950000000000003 5.5000000000000009 16.050000000000004 17.500000000000004 30.591927083333339 34.150000000000013 -0.99864786094873803 1.0480714376785738 0.99958851518450398 1.0000000180025095e-35 19.750000000000004 14.312500000000002 1.0912314765539939 5.5000000000000009 2.5000000000000004 1.0000000180025095e-35
decision_type=2 2 2 2 2 2 2 2 2 2 2 2 2 2 2 2 2 2 2 2 2 2 2 2 2 2 2 2 2 2
left_child=1 5 9 4 11 -1 -7 8 -5 13 14 -4 -9 26 16 17 -11 -16 19 29 -21 -8 23 -23 -15 -26 -3 28 -28 -2
right_child=18 2 3 7 -6 6 21 12 -10 10 -12 -13 -14 24 15 -17 -18 -19 -20 20 -22 22 -24 -25 25 -27 27 -29 -30 -31
leaf_value=-0.0026026147356700969 -0.00016391891645369287 -0.0015395875499598494 0.00083087740280869237 -0.0017921663170362208 -0.00070094593338068949 -0.0001702217821694832 -0.0014490794540322968 -6.2625585697336352e-05 0.0024589784327422853 0.0029402965698070941 1.5225575041142637e-05 0.0011698677807252061 -0.0010310123546983343 0.00017673816719906803 0.00093504295282598323 0.0043510143193901882 0.00076119657533325934 0.0008660264371761052 0.00021013284903626564 0.0034139446281844367 -0.0011255673840702527 -0.00076904835815505383 0.0049229819284157122 0.0038003096876368229 -0.00035128399586422841 0.0068751922044868879 0.0017033150765929435 0.0042815484023673153 -0.0012557013481796404 0.00070783052121956285
leaf_weight=5148 44334 2976 98 4293 768 5382 10404 4350 57 96 4032 574 5220 1056 54 96 960 234 17562 96 11129 1320 153 51 92 100 96 96 480 3454
leaf_count=5148 44334 2976 98 4293 768 5382 10404 4350 57 96 4032 574 5220 1056 54 96 960 234 17562 96 11129 1320 153 51 92 100 96 96 480 3454
internal_value=-0.000832834 -0.00169095 -0.000936335 -0.00176432 0.00236111 -0.00255544 -0.00202484 -0.00219109 -0.00390805 0.000290315 0.0014693 0.00668155 -0.00141066 -0.00102737 0.00541667 0.0103646 0.00361742 0.00611111 -0.000292851 -0.00051116 -0.00184633 -0.00282864 -0.000275592 -0.00131656 0.00177083 0.00880208 -0.00198465 0.00169643 -0.000399307 -0.00019754
internal_weight=124761 48186 25728 15360 1440 22458 17310 13920 4350 10368 5472 672 9570 4896 1440 384 1056 288 76575 59013 11225 11928 1524 1371 1248 192 3648 672 576 47788
internal_count=124761 48186 25728 15360 1440 22458 17310 13920 4350 10368 5472 672 9570 4896 1440 384 1056 288 76575 59013 11225 11928 1524 1371 1248 192 3648 672 576 47788
is_linear=0
shrinkage=0.05


Tree=78
num_leaves=31
num_cat=0
split_feature=9 0 0 7 0 0 3 10 0 0 0 0 4 0 7 8 9 11 9 11 0 10 10 4 0 10 8 0 11 9
split_gain=23.1664 14.1452 9.30098 8.51163 8.72181 7.62 5.22852 5.12792 5.80325 4.95774 6.55339 7.3029 8.22355 6.64768 7.93339 10.0464 5.07867 4.76077 7.76876 4.8785 4.62348 4.54043 4.44374 5.71579 4.37501 4.01925 7.42326 5.40495 4.21909 3.92586
threshold=22.537239583333335 21.500000000000004 88.500000000000014 15.237500000000002 59.500000000000007 35.500000000000007 -0.85671820900978868 1.0000000180025095e-35 44.500000000000007 77.500000000000014 68.500000000000014 56.500000000000007 -0.17646730165275518 18.500000000000004 24.337500000000006 29.350000000000005 34.236197916666676 1.0049601838706821 22.899479166666669 0.99944332314325746 39.500000000000007 1.0000000180025095e-35 1.0000000180025095e-35 0.29958852271690523 71.500000000000014 1.0000000180025095e-35 20.450000000000003 2.5000000000000004 0.83998462250459582 28.815885416666671
decision_type=2 2 2 2 2 2 2 2 2 2 2 2 2 2 2 2 2 2 2 2 2 2 2 2 2 2 2 2 2 2
left_child=1 6 3 5 7 -3 -1 8 -5 10 11 13 21 14 17 -16 -15 19 -19 -2 -7 -13 23 -12 -6 28 27 -27 -8 -24
right_child=9 2 -4 4 24 20 25 -9 -10 -11 22 12 -14 16 15 -17 -18 18 -20 -21 -22 -23 29 -25 -26 26 -28 -29 -30 -31
leaf_value=0.00033491360981214934 -0.0002328694999963035 -0.00056053731103192076 -0.002024002255510117 4.1821328084483678e-05 -0.0020619390628327603 0.0025982404980979448 0.0038927634347915327 0.00013191852624192953 -0.0017546526779068196 0.00022508878341543655 -0.003273645141645519 0.00021062416902841035 -0.00075789471692595204 -0.00064594699000947772 0.0026998579987570492 0.00032978866736211394 0.00090621738828183395 0.0021696450160169876 -0.0013083386904388665 0.0013608833381366491 0.00032283939038184458 0.001281550639867079 -0.0011076364114072945 0.0014595926678195959 -0.00044820668059174316 0.0010728607270228485 -0.0017251496369927453 -0.00033770939712618849 -0.0027578776899845367 0.00066601832368199277
leaf_weight=176 2709 4784 3334 2390 5021 725 88 6212 3278 14785 2844 3108 2724 29636 361 10134 1634 57 2198 193 5126 4041 2799 225 4422 294 3190 1862 4884 1527
leaf_count=176 2709 4784 3334 2390 5021 725 88 6212 3278 14785 2844 3108 2724 29636 361 10134 1634 57 2198 193 5126 4041 2799 225 4422 294 3190 1862 4884 1527
internal_value=-0.000811593 -0.00170642 -0.00122719 -0.000965018 -0.00154129 0.000190408 -0.00331809 -0.000639732 -0.00172724 -0.000292815 -0.000482942 -0.000300644 0.000935378 -0.000560719 0.000280474 0.00106956 -0.000981773 -0.00132538 -0.00304878 1.37824e-05 0.00140061 0.00182613 -0.00188303 -0.00333822 -0.00267553 -0.00346385 -0.00251216 -0.000245827 -0.00448713 -0.000850672
internal_weight=124761 45786 35292 31958 21323 10635 10494 11880 5668 78975 64190 56795 9873 46922 15652 10495 31270 5157 2255 2902 5851 7149 7395 3069 9443 10318 5346 2156 4972 4326
internal_count=124761 45786 35292 31958 21323 10635 10494 11880 5668 78975 64190 56795 9873 46922 15652 10495 31270 5157 2255 2902 5851 7149 7395 3069 9443 10318 5346 2156 4972 4326
is_linear=0
shrinkage=0.05


Tree=79
num_leaves=31
num_cat=0
split_feature=9 0 0 7 0 0 10 4 3 8 11 11 10 0 0 0 0 0 0 7 8 4 10 10 9 9 10 0 7 3
split_gain=21.8882 13.6565 9.04746 8.05663 7.93315 6.8956 5.44987 6.23362 9.83603 6.70038 5.05326 8.16328 4.92392 5.69448 4.84878 4.784 6.34334 6.79004 7.11373 12.3785 7.97217 6.15909 5.6676 5.56837 7.82917 5.42874 5.35418 11.5788 7.48307 12.2264
threshold=22.537239583333335 21.500000000000004 88.500000000000014 15.237500000000002 59.500000000000007 35.500000000000007 1.0000000180025095e-35 0.94353349168649059 0.16799745313369893 17.650000000000002 1.0515743247573357 1.0655178138138408 1.0000000180025095e-35 44.500000000000007 8.5000000000000018 77.500000000000014 68.500000000000014 52.500000000000007 23.500000000000004 24.437500000000004 29.350000000000005 -0.17646730165275518 1.0000000180025095e-35 1.0000000180025095e-35 25.580989583333338 25.870572916666671 1.0000000180025095e-35 29.500000000000004 24.962500000000006 0.81925054981890411
decision_type=2 2 2 2 2 2 2 2 2 2 2 2 2 2 2 2 2 2 2 2 2 2 2 2 2 2 2 2 2 2
left_child=1 6 3 5 12 -3 -1 -8 10 -10 -9 -12 13 -5 -11 16 17 18 19 -2 -21 25 -22 -23 -25 -19 -20 -28 29 -29
right_child=15 2 -4 4 -6 -7 7 8 9 14 11 -13 -14 -15 -16 -17 -18 21 26 20 22 23 -24 24 -26 -27 27 28 -30 -31
leaf_value=-0.0025267142132465946 -0.0006068841172050931 -0.00053251044548032497 -0.0019228021427346101 3.9730261680258606e-05 -0.0010281189808881773 0.0005373968942535745 -0.0010096973583687376 -0.0026187899290845084 -0.00013454583530915992 0.0019134053495947793 0.0029279133506614334 -0.00022138554078095517 0.00012532259992983213 -0.001666920044011479 0.00059380717822769065 0.00021383434424466515 -0.0011079451845792468 0.0021247264243041256 -0.0015373255924847166 0.0024698558128780392 0.00086144055528796599 -0.0022735052729335576 -0.00011269255440870266 -0.00097910816306776981 0.0018478638072840913 0.00061119008217857228 -0.0023339498068211096 -0.00035259616828346165 -7.5133548377831643e-05 0.0038392956478352199
leaf_weight=4972 6800 4784 3334 2390 9443 5851 3916 726 176 108 66 374 6212 3278 156 14785 7395 176 9889 429 5890 1312 6644 1328 992 9357 2892 345 10462 279
leaf_count=4972 6800 4784 3334 2390 9443 5851 3916 726 176 108 66 374 6212 3278 156 14785 7395 176 9889 429 5890 1312 6644 1328 992 9357 2892 345 10462 279
internal_value=-0.000802776 -0.00167256 -0.00120169 -0.000943114 -0.00150378 0.000181005 -0.00325615 -0.00217494 0.000448318 0.00681818 -0.0019554 0.00227273 -0.000643941 -0.0017096 0.0118561 -0.000298513 -0.000485279 -0.000305926 -0.000606235 9.53791e-05 0.0010017 0.000689327 0.000772298 -0.00106278 0.000409482 0.00135686 -0.00118721 -0.000557306 0.0001777 0.00549679
internal_weight=124761 45786 35292 31958 21323 10635 10494 5522 1606 440 1166 440 11880 5668 264 78975 64190 56795 43630 19763 12963 13165 12534 3632 2320 9533 23867 13978 11086 624
internal_count=124761 45786 35292 31958 21323 10635 10494 5522 1606 440 1166 440 11880 5668 264 78975 64190 56795 43630 19763 12963 13165 12534 3632 2320 9533 23867 13978 11086 624
is_linear=0
shrinkage=0.05


Tree=80
num_leaves=31
num_cat=0
split_feature=9 0 0 4 3 3 11 3 11 10 4 9 9 0 8 7 0 10 0 0 3 7 8 4 7 0 3 8 3 3
split_gain=20.9106 14.1245 8.89972 7.82714 6.95643 6.23401 5.65512 4.94027 4.93688 4.82144 6.16069 4.69134 4.37846 4.06116 4.81651 4.62212 4.18782 4.68125 19.9711 14.8041 9.07885 5.53872 10.0935 4.73016 4.67359 4.04291 4.69128 5.24058 4.41179 4.41056
threshold=22.537239583333335 21.500000000000004 88.500000000000014 0.93769647993491489 0.28519915169571858 -0.85671820900978868 1.0166260076336997 -0.87395131947920313 0.9984557137694885 1.0000000180025095e-35 0.82777578779003613 31.988020833333334 13.511197916666669 77.500000000000014 25.650000000000002 23.837500000000006 5.5000000000000009 1.0000000180025095e-35 30.500000000000004 30.500000000000004 0.86548282553247169 24.212500000000006 30.750000000000004 -0.99628250747696534 30.112500000000004 56.500000000000007 -0.50556189049999822 33.95000000000001 -0.99697703579879204 -0.66528616069191593
decision_type=2 2 2 2 2 2 2 2 2 2 2 2 2 2 2 2 2 2 2 2 2 2 2 2 2 2 2 2 2 2
left_child=1 5 3 7 -5 -1 12 -3 -9 -10 -11 13 -6 14 15 -2 -16 18 20 -19 23 22 -21 -18 -23 26 27 29 -27 -26
right_child=11 2 -4 4 6 -7 -8 8 9 10 -12 -13 -14 -15 16 -17 17 19 -20 21 -22 24 -24 -25 25 28 -28 -29 -30 -31
leaf_value=0.00036865279723998022 0.00083325942384264873 0.00087965890386365988 -0.0018266620355978801 -0.00010206837834954358 -0.00032750542014430673 -0.0014385943937587577 0.0032313301511867711 -0.0010905579740544619 -0.00084478730493469485 -0.00051725887262440138 0.00069416425285317312 0.00035214574758938341 0.0017510590640367318 0.0001351206962561615 0.00031499579199881504 0.0088767448834577347 0.0027589700607687857 -0.0009926291797116829 -0.001787578769836007 0.00048507728085272589 -0.0018807369573381368 -0.00032174732380669537 0.0039947127563201932 0.00066604644486026993 0.00029806321342108966 0.0030910389554365376 -0.00034696808063290342 0.0057256006502532479 0.00072061017561907484 0.002814551137159439
leaf_weight=176 105 469 3334 9112 402 10318 134 10720 4957 3149 2479 10372 536 12841 4296 51 50 11664 11562 326 975 9765 153 5125 1674 81 4471 50 5018 396
leaf_count=176 105 469 3334 9112 402 10318 134 10720 4957 3149 2479 10372 536 12841 4296 51 50 11664 11562 326 975 9765 153 5125 1674 81 4471 50 5018 396
internal_value=-0.000790753 -0.0016409 -0.00116202 -0.000905565 0.000238608 -0.00325138 0.00404851 -0.00144071 -0.00155245 -0.000786492 0.000214995 -0.00029788 0.0026759 -0.000447722 -0.000632331 0.00814102 -0.000656945 -0.0007825 -0.00144027 -0.000435741 0.000861787 0.000329624 0.00564718 0.00169565 0.000210905 0.000885371 6.75151e-05 0.00200472 0.00194254 0.00161836
internal_weight=124761 45786 35292 31958 10184 10494 1072 21774 21305 10585 5628 78975 938 68603 55762 156 55606 51310 17712 33598 6150 21934 479 5175 21455 11690 6591 2120 5099 2070
internal_count=124761 45786 35292 31958 10184 10494 1072 21774 21305 10585 5628 78975 938 68603 55762 156 55606 51310 17712 33598 6150 21934 479 5175 21455 11690 6591 2120 5099 2070
is_linear=0
shrinkage=0.05


Tree=81
num_leaves=31
num_cat=0
split_feature=9 0 0 8 10 4 3 8 3 11 7 9 8 4 3 5 8 8 4 11 11 4 3 11 10 3 11 11 8 9
split_gain=19.3082 12.9054 8.58902 7.47186 5.94618 5.86548 11.7372 7.42424 5.76286 5.5 4.91339 4.57592 8.72692 4.989 4.44062 4.4309 9.7663 10.0254 5.86763 4.59721 4.47412 4.31454 11.1171 10.125 4.44004 6.28403 4.30428 5.15152 4.30184 12.9993
threshold=22.537239583333335 21.500000000000004 90.500000000000014 20.750000000000004 1.0000000180025095e-35 0.94353349168649059 0.16799745313369893 17.650000000000002 -0.85671820900978868 0.9984557137694885 9.0625000000000018 30.591927083333339 34.150000000000013 -0.99864786094873803 -0.85671820900978868 1.0000000180025095e-35 31.750000000000004 32.250000000000007 0.22491561436810906 0.95673055004893692 1.0959530445469128 -0.9497838742125716 -0.27694604220087021 1.1338093104982068 1.0000000180025095e-35 -0.048361574224334618 1.0515743247573357 1.0655178138138408 38.150000000000013 30.860677083333339
decision_type=2 2 2 2 2 2 2 2 2 2 2 2 2 2 2 2 2 2 2 2 2 2 2 2 2 2 2 2 2 2
left_child=1 4 3 -3 -1 8 26 -8 -6 -9 -11 12 15 -14 -5 -2 20 -18 19 -19 -17 22 23 -13 -24 -26 -7 -28 -23 -30
right_child=11 2 -4 14 5 6 7 9 -10 10 -12 21 13 -15 -16 16 17 18 -20 -21 -22 28 24 -25 25 -27 27 -29 29 -31
leaf_value=-0.0023284487828963262 -0.00016022109921024218 -5.5822891264816048e-06 -0.0021380779863524059 0.000723748872356005 0.00035022015737798195 -0.0024159207129423443 -5.5888823855764002e-05 0.0012187334635630129 -0.0012204374065166092 0.0015509084524679296 -0.00023241526147449177 0.0049466413721977569 0.0031635627051938425 -0.0010633616188277402 -0.00075441396975296272 -0.00059310887647795398 0.007185415635619326 0.0025167648153584864 0.0064798790358487693 0.00051563755676273151 0.0034467480591840239 -0.0012167538145638965 -1.6243522422407315e-07 -0.0021724814619992791 0.0029139418015382838 7.2763857425775435e-05 0.0028534474028163006 -0.00013838654405396871 0.0052975234760533774 3.4898936371561543e-05
leaf_weight=4972 46638 13179 2382 552 176 726 176 66 3740 116 82 288 96 11129 19179 1824 96 288 96 1150 96 2976 4992 96 1056 1344 66 374 192 6618
leaf_count=4972 46638 13179 2382 552 176 726 176 66 3740 116 82 288 96 11129 19179 1824 96 288 96 1150 96 2976 4992 96 1056 1344 66 374 192 6618
internal_value=-0.000775925 -0.00159285 -0.0011351 -0.000925252 -0.00313227 -0.0020029 0.000541717 0.0075 -0.00304648 0.012803 0.00863636 -0.000302312 -0.000505839 -0.00176615 -0.00154098 -0.000223959 0.00147887 0.00432515 0.0033442 0.0025452 -0.000937501 0.000409405 0.00128858 0.00958333 0.000857683 0.002625 -0.00208405 0.00181818 -0.00028919 0.000403817
internal_weight=124761 45786 35292 32910 10494 5522 1606 440 3916 264 198 78975 61413 11225 19731 50188 3550 1630 1534 1438 1920 17562 7776 384 7392 2400 1166 440 9786 6810
internal_count=124761 45786 35292 32910 10494 5522 1606 440 3916 264 198 78975 61413 11225 19731 50188 3550 1630 1534 1438 1920 17562 7776 384 7392 2400 1166 440 9786 6810
is_linear=0
shrinkage=0.05


Tree=82
num_leaves=31
num_cat=0
split_feature=9 0 0 10 10 9 3 0 0 3 11 0 9 4 4 11 0 0 4 0 0 0 0 4 10 9 9 8 8 0
split_gain=19.0821 13.5951 8.21577 6.74123 5.2219 5.32718 5.1896 5.15611 6.39663 7.8003 4.81099 4.7856 4.62613 8.88402 10.1455 5.18523 6.02455 4.62543 5.80175 4.48428 5.01512 4.82259 7.20247 5.67182 4.99095 6.98053 4.84121 4.47323 4.473 4.43619
threshold=22.537239583333335 21.500000000000004 53.500000000000007 1.0000000180025095e-35 1.0000000180025095e-35 11.53671875 0.75580964594513067 91.500000000000014 74.500000000000014 -0.2102246306142678 1.0480714376785738 59.500000000000007 20.683593750000004 0.51113019672828186 0.42763731121559989 0.95301643267371083 11.500000000000002 72.500000000000014 0.99958851518450398 1.5000000000000002 77.500000000000014 68.500000000000014 52.500000000000007 -0.17646730165275518 1.0000000180025095e-35 25.580989583333338 25.870572916666671 33.050000000000004 31.050000000000004 23.500000000000004
decision_type=2 2 2 2 2 2 2 2 2 2 2 2 2 2 2 2 2 2 2 2 2 2 2 2 2 2 2 2 2 2
left_child=1 4 -3 10 -1 -6 7 8 11 -10 -4 -5 -7 14 -14 -16 -17 -12 -19 -2 21 22 29 26 -25 -26 -24 28 -27 -21
right_child=19 2 3 6 5 12 -8 -9 9 -11 17 -13 13 -15 15 16 -18 18 -20 20 -22 -23 23 24 25 27 -28 -29 -30 -31
leaf_value=-0.0022120263437515105 0.00076559298974507447 -9.7370606848380342e-05 -0.0013146836991639677 0.00059582243413134294 0.00054623441361239893 -0.0011211179579516668 -0.0012772337778221177 -0.0023347259252205067 -0.00038335695167465798 0.0010349478199679768 -0.0016028753359803973 -0.0009869338456854422 -0.00044032737124247428 -0.001403956704492608 0.00030785074587871554 0.00088640595666400349 0.00028458067814831066 0.00044304728202988232 0.0069701869001166294 -3.9306806649381256e-05 0.00020060245126151595 -0.0010155675253774993 0.0019676921687959577 -0.0020624400158345676 -0.00091266109874806967 0.0013747494923846545 0.00058692158678911091 -0.00037888760720340518 0.00324116093896321 -0.00067553051862728319
leaf_weight=4972 1656 15264 8274 1236 704 4180 1890 824 1394 2108 551 3090 154 308 66 60 50 592 69 18107 14785 7395 176 1312 1328 256 9357 416 320 23867
leaf_count=4972 1656 15264 8274 1236 704 4180 1890 824 1394 2108 551 3090 154 308 66 60 50 592 69 18107 14785 7395 176 1312 1328 256 9357 416 320 23867
internal_value=-0.000768711 -0.00158083 -0.00111102 -0.00177701 -0.00316086 -0.0021025 -0.00090685 -0.000388351 7.6636e-06 0.00159623 -0.00274405 -0.00127832 -0.00269614 0.00126959 0.0069697 0.0151705 0.0218182 0.000198019 0.00301815 -0.00029788 -0.000353019 -0.000548823 -0.000388021 0.000632357 -0.00104901 0.000344826 0.00127295 0.00351814 0.00637153 -0.000708059
internal_weight=124761 45786 35292 20028 10494 5522 10542 8652 7828 3502 9486 4326 4818 638 330 176 110 1212 661 78975 77319 62534 55139 13165 3632 2320 9533 992 576 41974
internal_count=124761 45786 35292 20028 10494 5522 10542 8652 7828 3502 9486 4326 4818 638 330 176 110 1212 661 78975 77319 62534 55139 13165 3632 2320 9533 992 576 41974
is_linear=0
shrinkage=0.05


Tree=83
num_leaves=31
num_cat=0
split_feature=9 0 0 4 3 10 0 0 0 0 0 0 0 4 10 4 9 8 4 10 0 11 8 9 9 4 4 11 3 3
split_gain=18.1604 13.0039 8.47486 7.01593 6.24219 5.3641 5.64668 5.15204 6.35457 4.24198 4.47967 4.65148 8.03014 6.25118 5.20808 5.37288 5.11054 4.96561 4.25925 4.0769 5.24795 4.05646 3.92013 3.83492 3.82197 6.21046 3.5051 4.07031 4.27641 3.85794
threshold=22.537239583333335 21.500000000000004 87.500000000000014 0.93158198870884079 -0.03977009085991149 1.0000000180025095e-35 4.5000000000000009 72.500000000000014 59.500000000000007 1.5000000000000002 77.500000000000014 66.500000000000014 56.500000000000007 -0.17646730165275518 1.0000000180025095e-35 0.29958852271690523 28.709114583333335 25.650000000000002 -0.99761278905001471 1.0000000180025095e-35 45.500000000000007 0.83998462250459582 20.750000000000004 23.771875000000005 20.992708333333336 0.51113019672828186 0.81304046271159414 0.9984557137694885 0.56369777965491019 -0.87395131947920313
decision_type=2 2 2 2 2 2 2 2 2 2 2 2 2 2 2 2 2 2 2 2 2 2 2 2 2 2 2 2 2 2
left_child=1 5 3 19 -5 21 22 8 -6 -2 11 12 17 -14 15 -13 -16 -11 -19 20 -3 -1 -7 -17 -24 -26 29 28 -28 -21
right_child=9 2 -4 4 7 6 -8 -9 -10 10 -12 14 13 -15 16 23 -18 18 -20 26 -22 -23 24 -25 25 -27 27 -29 -30 -31
leaf_value=0.0041234144497346156 0.00072731334025781947 -0.00028454311248827786 -0.0014816276533158616 -0.00055654314616976168 0.00079680200730120098 0.00088327844251423298 -0.0008386999743246323 0.001447327441102827 -0.0011818065004946757 0.0042114149448005886 0.00019057232869843982 -0.0027422178275837194 0.00086953161239426409 -0.00059691260057961101 -0.00097927187459254084 -0.00064006985647533602 0.00082891059168541375 0.0008769763246481981 -0.00033997169429927389 0.00078139648251026109 -0.0012110544604180241 -0.0021946946188026507 -0.00086395569585651132 0.003990725889459746 0.00084130416716586423 -0.0006372629241056763 -0.0014147193746740934 0.00060366955392579264 0.00200393021517565 -0.00063027030186473931
leaf_weight=88 1656 3528 3810 3960 3724 510 4267 1470 1274 110 14785 3476 5960 2270 3278 121 2009 1540 43616 462 6174 4884 620 154 65 60 1122 2508 132 7128
leaf_count=88 1656 3528 3810 3960 3724 510 4267 1470 1274 110 14785 3476 5960 2270 3278 121 2009 1540 43616 462 6174 4884 620 154 65 60 1122 2508 132 7128
internal_value=-0.00074707 -0.00153934 -0.00107985 -0.000810305 0.000250286 -0.00308462 -0.00201195 0.00120748 0.000442176 -0.00028775 -0.000341379 -0.000526435 -0.000349186 0.00108748 -0.00157557 -0.00300053 -0.000564594 -0.000610393 -0.00063624 -0.00133561 -0.00208823 -0.00427595 0.000936254 0.00372727 -0.00137584 0.0066 -0.00069239 0.000555554 -0.00177034 -0.00131094
internal_weight=124761 45786 35292 31482 10428 10494 5522 6468 4998 78975 77319 62534 53496 8230 9038 3751 5287 45266 45156 21054 9702 4972 1255 275 745 125 11352 3762 1254 7590
internal_count=124761 45786 35292 31482 10428 10494 5522 6468 4998 78975 77319 62534 53496 8230 9038 3751 5287 45266 45156 21054 9702 4972 1255 275 745 125 11352 3762 1254 7590
is_linear=0
shrinkage=0.05


Tree=84
num_leaves=31
num_cat=0
split_feature=9 0 0 3 10 0 3 8 0 4 9 10 8 0 0 0 0 0 10 4 8 9 8 0 8 3 8 11 0 9
split_gain=17.7381 15.7481 7.54032 7.42334 6.95093 8.84808 7.7434 5.86078 7.34722 6.16689 7.43291 5.07167 7.89859 5.00835 4.26829 4.85486 4.27084 7.81008 5.15568 4.94434 4.72948 4.62905 4.10074 4.00154 3.85175 3.67344 5.92151 6.62292 5.9382 6.23804
threshold=20.992708333333336 22.500000000000004 91.500000000000014 0.78857998149907527 1.0000000180025095e-35 40.500000000000007 -0.03977009085991149 25.650000000000002 47.500000000000007 0.52583933546504591 21.076822916666668 1.0000000180025095e-35 20.450000000000003 2.5000000000000004 6.5000000000000009 77.500000000000014 66.500000000000014 52.500000000000007 1.0000000180025095e-35 0.29958852271690523 31.050000000000004 28.709114583333335 14.100000000000001 35.500000000000007 28.250000000000004 0.54940630780725741 19.750000000000004 1.0036114727335816 32.500000000000007 15.296614583333335
decision_type=2 2 2 2 2 2 2 2 2 2 2 2 2 2 2 2 2 2 2 2 2 2 2 2 2 2 2 2 2 2
left_child=1 11 3 4 5 23 -6 8 -2 10 -9 -1 13 -13 24 16 17 -16 19 -18 -19 -20 -7 -3 -12 26 27 -8 -28 -30
right_child=7 2 -4 -5 6 22 25 9 -10 -11 14 12 -14 -15 15 -17 18 20 21 -21 -22 -23 -24 -25 -26 -27 28 -29 29 -31
leaf_value=-0.0027165525851665512 0.0056950774590900782 -9.1302189541967368e-05 -0.0025643009984566197 -0.0016581147911537413 -0.00039367024021232268 0.0025062328100940007 -0.00056903361564190175 0.0011249822865137119 -0.00060440310087858749 -0.00075696588035148763 0.00074233305778946546 0.001076855798104741 -0.001587638418012959 -0.00018514058634066263 -0.00033274621807066843 0.00019338379233820889 -0.0026033169773988993 -0.00052947303194833691 -0.00090363786534236623 0.0013965306888453247 0.00061670151173297424 0.00078746506210114183 -0.0010147771507691341 0.0019944391659389143 0.00029042577034098103 -9.7340319645337136e-05 -0.0013785228806699528 0.00090837931815533472 0.0031173993616396092 0.00087726517712508945
leaf_weight=4623 144 2340 1705 3447 6003 204 1587 192 144 4032 161 294 2944 1960 37985 14839 3509 2716 3322 231 8848 2009 8976 900 5643 2553 180 2208 590 472
leaf_count=4623 144 2340 1705 3447 6003 204 1587 192 144 4032 161 294 2944 1960 37985 14839 3509 2716 3322 231 8848 2009 8976 900 5643 2553 180 2208 590 472
internal_value=-0.00073184 -0.0015842 -0.00103401 -0.000846912 -0.000557991 -0.00141304 0.000223275 -0.000314833 0.00680555 -0.000339395 -0.000242591 -0.00333011 -0.00225856 -3.10571e-05 -0.000266393 -0.000369527 -0.000574037 -0.000391432 -0.00157149 -0.00299465 0.00074628 -0.000573064 -0.00220588 0.000833332 0.00103894 0.00128458 0.0020677 0.00108696 0.00506441 0.00648776
internal_weight=124761 40986 31165 29460 26013 12420 13593 83775 288 83487 79455 9821 5198 2254 79263 73459 58620 49549 9071 3740 11564 5331 9180 3240 5804 7590 5037 3795 1242 1062
internal_count=124761 40986 31165 29460 26013 12420 13593 83775 288 83487 79455 9821 5198 2254 79263 73459 58620 49549 9071 3740 11564 5331 9180 3240 5804 7590 5037 3795 1242 1062
is_linear=0
shrinkage=0.05


Tree=85
num_leaves=31
num_cat=0
split_feature=9 0 0 4 3 8 0 4 11 11 4 3 7 11 9 10 0 3 8 0 0 10 11 3 10 8 10 0 4 0
split_gain=16.7517 15.2677 6.97997 6.66943 6.05863 5.30287 6.72222 5.59232 4.99744 4.88041 4.82155 11.0472 8.15231 7.60729 7.25396 6.78951 8.33681 11.8001 10.4593 5.7787 8.32543 5.54171 17.876 8.50694 5.1871 5.01389 4.96576 14.5717 8.84042 7.09599
threshold=20.683593750000004 20.500000000000004 91.500000000000014 0.93769647993491489 0.28519915169571858 25.650000000000002 47.500000000000007 0.52583933546504591 0.9984557137694885 1.0166260076336997 0.29137697329261131 0.9550229469509578 23.112500000000004 0.83998462250459582 22.899479166666669 1.0000000180025095e-35 15.500000000000002 0.86548282553247169 28.250000000000004 23.500000000000004 42.500000000000007 1.0000000180025095e-35 0.99415218657029769 -0.90893996196865023 1.0000000180025095e-35 28.750000000000004 1.0000000180025095e-35 82.500000000000014 -0.65883892954715351 66.500000000000014
decision_type=2 2 2 2 2 2 2 2 2 2 2 2 2 2 2 2 2 2 2 2 2 2 2 2 2 2 2 2 2 2
left_child=1 -1 3 8 -5 6 -2 10 -3 -6 12 13 -7 -12 15 -15 17 18 -17 24 -21 22 -16 -24 -14 -18 27 28 29 -22
right_child=5 2 -4 4 9 7 -8 -9 -10 -11 11 -13 19 14 21 16 25 -19 -20 20 26 -23 23 -25 -26 -27 -28 -29 -30 -31
leaf_value=-0.0013834755618199941 0.005410323586135574 -0.0010533235987473769 -0.0024706552964267043 -0.00010990765311319287 0.00097813371459042195 -0.00085317869960137543 -0.00057418294583465724 -0.00066252705853876281 -0.00020574355343629943 0.0028949138295096943 0.0024236949615004657 0.0025166975180085519 0.00077723540336040826 -0.00066257224418410886 -0.00023285207855739884 0.00096295730366547944 0.0014038760568865628 0.00078612180704459161 -0.0014806449612912555 -0.00088001456343334114 0.0003994400082167801 -0.00076703961759324733 0.0096156568063223112 0.0013299766710545536 -6.4574751445867521e-05 -0.00024190443842652209 0.00018984173740955817 0.00085519878098479793 -0.0018540686661989868 -0.0016169243285614398
leaf_weight=8757 144 9585 1665 9656 994 5599 144 4704 9227 142 96 96 6516 384 1440 80 720 64 96 13658 4296 2592 96 192 8022 480 22970 3935 5551 2860
leaf_count=8757 144 9585 1665 9656 994 5599 144 4704 9227 142 96 96 6516 384 1440 80 720 64 96 13658 4296 2592 96 192 8022 480 22970 3935 5551 2860
internal_value=-0.000713004 -0.00155599 -0.00103921 -0.000862047 0.000128798 -0.000314806 0.00645833 -0.000337905 -0.00143047 0.00358275 -0.000239082 0.00108428 -0.000353305 0.000825319 0.000607095 0.0032511 0.00482639 0.0133333 0.00664773 -0.000201895 -0.000443027 -0.00050926 0.00168403 0.0130556 0.000681661 0.003125 -7.59883e-05 -0.000733687 -0.00155702 -0.000395474
internal_weight=124761 40026 31269 29604 10792 84735 288 84447 18812 1136 79743 6336 73407 6240 6144 1824 1440 240 176 67808 53270 4320 1728 288 14538 1200 39612 16642 12707 7156
internal_count=124761 40026 31269 29604 10792 84735 288 84447 18812 1136 79743 6336 73407 6240 6144 1824 1440 240 176 67808 53270 4320 1728 288 14538 1200 39612 16642 12707 7156
is_linear=0
shrinkage=0.05


Tree=86
num_leaves=31
num_cat=0
split_feature=9 0 0 8 10 4 3 8 11 8 0 4 7 7 4 3 11 7 9 10 0 3 8 0 0 11 10 3 8 9
split_gain=15.3573 14.2747 6.84906 6.16868 5.53214 8.32398 15.3479 7.88929 5.58862 5.04261 6.47878 5.42011 4.87015 7.05986 4.41612 9.16679 7.651 7.2159 6.59065 6.4167 7.49408 8.55364 10.5941 5.38098 7.56964 4.88413 9.52778 12.8929 4.79684 4.76542
threshold=20.683593750000004 20.500000000000004 91.500000000000014 20.750000000000004 1.0000000180025095e-35 0.94353349168649059 0.16799745313369893 17.650000000000002 0.9984557137694885 25.650000000000002 16.500000000000004 0.52583933546504591 9.0625000000000018 7.5125000000000011 0.29137697329261131 0.9550229469509578 0.83998462250459582 23.112500000000004 22.899479166666669 1.0000000180025095e-35 14.500000000000002 0.86548282553247169 28.250000000000004 23.500000000000004 42.500000000000007 0.96524820720628701 1.0000000180025095e-35 -0.94705910369513524 28.750000000000004 27.683333333333334
decision_type=2 2 2 2 2 2 2 2 2 2 2 2 2 2 2 2 2 2 2 2 2 2 2 2 2 2 2 2 2 2
left_child=1 4 3 -3 -1 -6 -7 -8 -9 10 -2 14 13 -10 17 16 -16 -11 19 -18 21 22 -21 -19 -25 -20 27 -27 -22 -26
right_child=9 2 -4 -5 5 6 7 8 12 11 -12 -13 -14 -15 15 -17 18 23 25 20 28 -23 -24 24 29 26 -28 -29 -30 -31
leaf_value=-0.0028844691315802924 0.003901903712177906 -1.7554576759146005e-05 -0.0023471225316053692 -0.0006804377074992598 -0.0011711366138515008 -0.00093018371383479488 3.6565511444000554e-05 0.0012972376305655704 0.00045370244595524111 -0.00081051976462130832 0.001914062073783138 -0.00062940070561182506 5.2075972235087344e-05 0.0019311734403284334 0.0023025102134254451 0.002390862642108125 -0.000629443631974903 0.00027056961814190812 -0.0010594905334286454 0.00091526918437747479 0.0013277821706457584 0.00075110059910539994 -0.0013863872898701368 -0.0008360138352616741 -0.00042714771474841693 0.0091348739660061969 -0.00043746343167882411 0.00073704987452499803 -0.00021884399440760631 0.00012818001374506445
leaf_weight=4095 51 13561 1665 16043 3129 1113 168 63 61 5599 237 4704 78 50 96 96 384 14538 2304 75 729 60 90 13658 11253 96 1344 576 486 28359
leaf_count=4095 51 13561 1665 16043 3129 1113 168 63 61 5599 237 4704 78 50 96 96 384 14538 2304 75 729 60 90 13658 11253 96 1344 576 486 28359
internal_value=-0.000701382 -0.00150852 -0.00100883 -0.000833335 -0.0032928 -0.00211497 0.000903456 0.00904762 0.0146429 -0.000320117 0.00628472 -0.000342642 0.0103439 0.0170721 -0.000245352 0.00102115 0.000785255 -0.000354668 0.000566405 0.00308662 0.00461805 0.013 0.00712121 -0.000212218 -0.000444905 -0.000497686 0.0012996 0.00616071 0.00306584 -9.49219e-05
internal_weight=124761 40026 31269 29604 8757 4662 1533 420 252 84735 288 84447 189 111 79743 6336 6240 73407 6144 1824 1440 225 165 67808 53270 4320 2016 672 1215 39612
internal_count=124761 40026 31269 29604 8757 4662 1533 420 252 84735 288 84447 189 111 79743 6336 6240 73407 6144 1824 1440 225 165 67808 53270 4320 2016 672 1215 39612
is_linear=0
shrinkage=0.05


Tree=87
num_leaves=31
num_cat=0
split_feature=9 0 0 3 10 3 0 10 4 3 8 11 8 0 4 9 11 11 0 9 0 7 11 0 7 0 0 0 0 4
split_gain=14.6211 14.0635 6.93576 6.81285 6.94252 7.0223 6.99202 5.22528 7.95823 13.1864 6.80992 6.48148 5.00655 6.47878 5.14238 6.28129 4.77569 4.69136 4.31721 4.40197 4.12231 3.81546 3.71208 3.64497 4.00593 3.47483 3.65449 3.7947 6.00914 5.8458
threshold=20.992708333333336 20.500000000000004 91.500000000000014 0.78857998149907527 1.0000000180025095e-35 -0.03977009085991149 40.500000000000007 1.0000000180025095e-35 0.94353349168649059 0.16799745313369893 17.650000000000002 0.9984557137694885 25.650000000000002 16.500000000000004 0.52583933546504591 21.076822916666668 1.0515743247573357 1.0655178138138408 71.500000000000014 11.695833333333335 35.500000000000007 26.337500000000006 1.0361628023555072 5.5000000000000009 8.7875000000000032 1.5000000000000002 78.500000000000014 66.500000000000014 56.500000000000007 -0.17646730165275518
decision_type=2 2 2 2 2 2 2 2 2 2 2 2 2 2 2 2 2 2 2 2 2 2 2 2 2 2 2 2 2 2
left_child=1 7 3 4 6 21 20 -1 -9 16 -11 -12 13 -2 15 -14 -10 -18 -8 -20 -3 22 -6 -13 -25 -17 27 28 -27 -30
right_child=12 2 -4 -5 5 -7 18 8 9 10 11 23 14 -15 -16 25 17 -19 19 -21 -22 -23 -24 24 -26 26 -28 -29 29 -31
leaf_value=-0.0025450057958737106 0.0037068085265690104 -0.0001959906207389057 -0.0021969225702287978 -0.0014966904386470791 -0.00087327783282781051 0.00046147167911364149 -0.0014822134029214278 -0.0010822062707441773 -0.0021310050438509286 3.473723587180122e-05 0.0012323757490372914 0.0021192470598565497 0.00093215026081140944 0.0018183589700939825 -0.00065452119812638219 0.00069036730281254262 0.0028574220246681799 -7.1565666234145526e-05 0.0013454199908057001 -0.00043665818474207611 0.0018473037551210714 0.0015748828587960546 0.00028238797870093994 0.0008791620420932557 -0.0013941192834178236 -0.00022127176461880823 0.00017881645469844517 -0.00077262694547253793 0.0007945356028627586 -0.00060205307743049915
leaf_weight=4221 51 2700 1705 3547 4138 7810 5580 3213 693 168 63 54 192 237 4032 1662 63 357 540 3060 900 241 1798 75 60 45431 14015 9895 5950 2310
leaf_count=4221 51 2700 1705 3547 4138 7810 5580 3213 693 168 63 54 192 237 4032 1662 63 357 540 3060 900 241 1798 75 60 45431 14015 9895 5950 2310
internal_value=-0.000674932 -0.00144879 -0.000958651 -0.000784127 -0.000511265 0.000258453 -0.00135368 -0.00319895 -0.00206068 0.000903456 0.00845238 0.0136508 -0.000296331 0.00628472 -0.000319033 -0.000230635 -0.00194519 0.0022619 -0.00208606 -0.000736112 0.000513888 -0.0010013 -0.00125169 0.00902116 0.00462963 -0.000252515 -0.000300964 -0.000462053 -0.000296233 0.000944309
internal_weight=124761 40986 32019 30314 26767 13987 12780 8967 4746 1533 420 252 83775 288 83487 79455 1113 420 9180 3600 3600 6177 5936 189 135 79263 77601 63586 53691 8260
internal_count=124761 40986 32019 30314 26767 13987 12780 8967 4746 1533 420 252 83775 288 83487 79455 1113 420 9180 3600 3600 6177 5936 189 135 79263 77601 63586 53691 8260
is_linear=0
shrinkage=0.05


Tree=88
num_leaves=31
num_cat=0
split_feature=9 0 0 4 3 10 11 10 9 8 0 11 0 7 0 0 3 0 0 8 0 10 0 0 3 4 11 7 9 0
split_gain=14.9548 13.3947 6.5544 6.45857 7.23605 6.67967 5.56311 4.81568 7.00338 4.76798 5.91989 5.02685 4.68863 4.56238 4.38629 6.1262 5.02372 5.09929 4.08662 12.5285 3.63408 4.54677 19.56 15.3018 10.3947 7.07974 4.57855 4.45299 4.36426 3.46307
threshold=20.255468750000006 20.500000000000004 91.500000000000014 0.81304046271159414 -0.03977009085991149 1.0000000180025095e-35 1.0779742005359896 1.0000000180025095e-35 11.53671875 19.750000000000004 75.500000000000014 1.0036114727335816 2.5000000000000004 10.212500000000004 59.500000000000007 32.500000000000007 0.06553689391773225 45.500000000000007 6.5000000000000009 26.350000000000005 77.500000000000014 1.0000000180025095e-35 30.500000000000004 30.500000000000004 0.87397152483179585 -0.8901731938066898 0.73745831416842689 35.812500000000007 35.620312500000004 17.500000000000004
decision_type=2 2 2 2 2 2 2 2 2 2 2 2 2 2 2 2 2 2 2 2 2 2 2 2 2 2 2 2 2 2
left_child=1 7 3 -3 -5 6 -6 -1 -9 11 14 -7 13 -10 15 -11 -17 -18 19 -2 21 22 24 29 -20 27 -25 -24 -29 -23
right_child=18 2 -4 4 5 9 -8 8 12 10 -12 -13 -14 -15 -16 16 17 -19 20 -21 -22 23 25 26 -26 -27 -28 28 -30 -31
leaf_value=-0.0027643274122427556 0.0030533434632686375 -0.000882791993125338 -0.0022066953447794214 -0.00058393443508755803 -0.00034421555318916048 -0.0004435720037461401 0.0039106872873272344 0.00053333112240826002 0.0015975827904219917 -0.00066493530220750627 0.0022616753124578954 0.00079515777239945744 -0.0012136640135848684 -0.00022609665140599624 -0.0011883094123860726 0.0083124768877517307 0.0040786623532613571 0.00061785294490932852 0.00066610297200988969 0.00020705159419419513 0.00010305200277485393 -0.00020814653237517531 -0.001138793230229749 0.0031578232636209529 -0.0016922635830999651 -0.0015246009200613724 0.00021910839293756316 0.0011590601530726313 -0.0039110825163255264 -0.0012636893431362485
leaf_weight=3969 77 9369 1605 8094 5396 1704 142 672 105 252 336 2343 3258 438 336 54 247 266 7896 6231 16135 5715 3145 188 1176 12784 24237 1574 263 6754
leaf_count=3969 77 9369 1605 8094 5396 1704 142 672 105 252 336 2343 3258 438 336 54 247 266 7896 6231 16135 5715 3145 188 1176 12784 24237 1574 263 6754
internal_value=-0.000662508 -0.00148059 -0.000987594 -0.000812749 -0.000286908 0.000543516 -0.000684364 -0.00324094 -0.00211603 0.0017714 0.00418846 0.000880898 -0.00294791 0.00135359 0.00248918 0.00446276 0.00734568 0.00581871 -0.000296201 0.000928978 -0.000392967 -0.00056267 -0.00105783 -0.000202473 0.000831128 -0.0020224 0.000525076 -0.000423526 0.00153239 -0.00162764
internal_weight=124761 38586 30144 28539 19170 11076 5538 8442 4473 5538 1491 4047 3801 543 1155 819 567 513 86175 6308 79867 63732 26838 36894 9072 17766 24425 4982 1837 12469
internal_count=124761 38586 30144 28539 19170 11076 5538 8442 4473 5538 1491 4047 3801 543 1155 819 567 513 86175 6308 79867 63732 26838 36894 9072 17766 24425 4982 1837 12469
is_linear=0
shrinkage=0.05


Tree=89
num_leaves=31
num_cat=0
split_feature=9 0 0 3 3 0 0 0 0 10 4 3 8 11 3 1 11 8 0 9 7 7 3 3 3 0 3 11 10 0
split_gain=14.0275 12.763 6.84216 5.93563 5.23718 6.32663 9.63217 6.99136 6.71605 5.11812 7.19583 13.2263 6.10159 6.85714 4.2425 4.14312 4.03202 4.0083 5.83681 3.74572 3.71627 4.923 3.58338 11.6281 4.3971 4.34462 4.33795 5.42368 7.80558 3.5897
threshold=20.255468750000006 20.500000000000004 87.500000000000014 0.78857998149907527 -0.03977009085991149 46.500000000000007 74.500000000000014 36.500000000000007 38.500000000000007 1.0000000180025095e-35 0.94353349168649059 0.16799745313369893 17.650000000000002 0.9984557137694885 0.48314048284850658 5.5000000000000009 1.0515743247573357 25.650000000000002 47.500000000000007 31.988020833333334 9.0625000000000018 7.5125000000000011 -0.21861968191509915 -0.32614396506100213 -0.11692013674435776 43.500000000000007 0.01505151768384008 0.98214465480287083 1.0000000180025095e-35 60.500000000000007
decision_type=2 2 2 2 2 2 2 2 2 2 2 2 2 2 2 2 2 2 2 2 2 2 2 2 2 2 2 2 2 2
left_child=1 9 3 4 -3 7 15 -6 -9 -1 -11 16 -13 -14 -8 -7 -12 18 -2 -19 21 -15 23 -21 -24 -25 27 -26 -29 -30
right_child=17 2 -4 -5 5 6 14 8 -10 10 11 12 13 20 -16 -17 -18 19 -20 22 -22 -23 24 25 26 -27 -28 28 29 -31
leaf_value=-0.0026261110416306178 0.0046067046217280168 -0.00056206442566415825 -0.001404525000615291 -0.0014075047398649846 4.2714122565884557e-06 -0.0011301325536059051 0.00122680220219578 0.0040529963423589083 0.0010911793633352875 -0.0010814437957253394 -0.0019741640172435729 5.3130253470994541e-05 0.0011472689819029117 0.00044774242223205867 -0.00021708997156607711 0.00069168110967702005 0.00051027053922984519 -0.00018254376039006736 -0.00068967750113532245 -0.0053886221458952707 -3.0371927016458684e-05 0.0016540944719724993 -0.0023470036377973972 0.0010935622999140914 0.0056880103397170968 0.0059188207801563605 9.4414807341071947e-05 -0.00052875828796161131 0.0013804657283343225 0.0052981437075595829
leaf_weight=3969 144 9581 3210 2747 3488 5236 1690 436 1744 2940 693 168 63 61 1144 868 420 75515 144 192 78 50 576 132 96 156 8068 672 305 175
leaf_count=3969 144 9581 3210 2747 3488 5236 1690 436 1744 2940 693 168 63 61 1144 868 420 75515 144 192 78 50 576 132 96 156 8068 672 305 175
internal_value=-0.00065329 -0.0014456 -0.000964372 -0.000704315 -0.000454171 0.000141721 -0.000686956 0.00144848 0.00366972 -0.00316394 -0.00200425 0.000772993 0.00833333 0.013254 0.00172195 -0.00180537 -0.00207997 -0.000298522 0.00559028 -0.000318268 0.00849206 0.0143694 0.000572695 0.00479167 0.000367973 0.0111458 0.000630098 0.0033734 0.00242187 0.00729167
internal_weight=124761 38586 30144 26934 24187 14606 8938 5668 2180 8442 4473 1533 420 252 2834 6104 1113 86175 288 85887 189 111 10372 480 9892 288 9316 1248 1152 480
internal_count=124761 38586 30144 26934 24187 14606 8938 5668 2180 8442 4473 1533 420 252 2834 6104 1113 86175 288 85887 189 111 10372 480 9892 288 9316 1248 1152 480
is_linear=0
shrinkage=0.05


Tree=90
num_leaves=31
num_cat=0
split_feature=9 0 0 4 3 10 0 10 8 0 5 3 8 11 4 3 4 7 7 7 0 8 11 8 3 0 0 3 9 11
split_gain=13.3173 13.5871 6.37296 6.31667 5.89347 5.87784 4.67502 4.54879 6.18739 6.03571 3.69492 6.4754 7.8707 10.07 8.42628 5.89847 5.31495 4.6675 4.17488 4.16487 3.9957 4.6388 3.97727 3.63646 4.48019 3.5797 4.13291 4.85955 3.48456 4.49104
threshold=20.255468750000006 20.500000000000004 91.500000000000014 0.81304046271159414 -0.2102246306142678 1.0000000180025095e-35 79.500000000000014 1.0000000180025095e-35 20.450000000000003 2.5000000000000004 1.0000000180025095e-35 0.58481550752069722 31.750000000000004 1.0044072743756243 0.689015599449598 0.99983759474438971 0.55478649335567887 30.412500000000005 24.637500000000006 18.362500000000004 6.5000000000000009 28.550000000000004 1.0959530445469128 19.950000000000003 0.31799963745711152 59.500000000000007 36.500000000000007 0.16799745313369893 25.308854166666666 0.93155087118158786
decision_type=2 2 2 2 2 2 2 2 2 2 2 2 2 2 2 2 2 2 2 2 2 2 2 2 2 2 2 2 2 2
left_child=1 7 3 -3 -5 -6 25 -1 9 -9 16 12 14 17 22 -13 20 -14 19 -16 21 28 -12 -8 -25 26 27 -7 29 -2
right_child=10 2 -4 4 5 6 23 8 -10 -11 11 15 13 -15 18 -17 -18 -19 -20 -21 -22 -23 -24 24 -26 -27 -28 -29 -30 -31
leaf_value=-0.0024948054895490863 -0.0013171917610793414 -0.00081256700785871784 -0.0020261343275096858 -0.00073910984856765164 -0.00028906571372495872 -0.0016760352362832189 0.00083874942887015723 0.001087737861011015 -0.001424380914105231 -0.00017865043660974581 -0.00049502316748219297 -0.0011379700667833988 0.0048092375070997494 0.00072956449736567895 0.00052564046447330255 0.0017924831100215488 -0.00064010184554945935 0.0035001594399063523 -0.00063443958885410739 0.0033044027334340597 -0.000167818359065804 0.00022599589243487827 0.0033717257139702183 0.0018528591920929087 0.0031859643943913892 -0.000354055264077967 0.0014852402571832286 0.00068433273495057008 0.0020413382923171481 0.00059261163194617415
leaf_weight=3969 98 9369 1605 5254 6958 720 912 294 2415 1764 2016 1822 406 768 136 96 4224 170 125 219 70524 5258 96 156 108 1960 2254 848 56 161
leaf_count=3969 98 9369 1605 5254 6958 720 912 294 2415 1764 2016 1822 406 768 136 96 4224 170 125 219 70524 5258 96 156 108 1960 2254 848 56 161
internal_value=-0.000630847 -0.00140284 -0.000906318 -0.000733909 -0.000213877 0.000324805 0.0013524 -0.00317579 -0.0020825 -6.80284e-05 -0.000285177 0.00092757 0.00208841 0.00519345 0.000478394 -0.00145464 -0.000373565 0.010191 0.00645833 0.00922535 -0.000277739 0.00101112 -0.000880683 0.00422619 0.00939394 0.000767899 0.00165882 -0.000312501 0.00690476 0.00445946
internal_weight=124761 38586 30144 28539 19170 13916 6958 8442 4473 2058 86175 5854 3936 1344 2592 1918 80321 576 480 355 76097 5573 2112 1176 264 5782 3822 1568 315 259
internal_count=124761 38586 30144 28539 19170 13916 6958 8442 4473 2058 86175 5854 3936 1344 2592 1918 80321 576 480 355 76097 5573 2112 1176 264 5782 3822 1568 315 259
is_linear=0
shrinkage=0.05


Tree=91
num_leaves=31
num_cat=0
split_feature=9 0 3 0 10 0 10 4 3 7 1 3 3 0 0 9 11 8 8 11 9 4 8 3 10 9 7 8 11 0
split_gain=12.8903 13.2141 5.96133 6.44203 7.45823 6.06834 4.48278 6.32284 9.97883 5.09422 3.9239 3.76966 3.74291 4.43576 6.16713 4.02667 3.64367 3.41501 4.4734 3.33926 3.22057 4.24264 4.5 3.241 6.73476 8.17036 8.43233 7.21273 10.8404 10.8398
threshold=20.255468750000006 19.500000000000004 0.78857998149907527 48.500000000000007 1.0000000180025095e-35 31.500000000000004 1.0000000180025095e-35 0.93158198870884079 0.16799745313369893 13.112500000000002 5.5000000000000009 -0.03977009085991149 0.46800856592688472 71.500000000000014 86.500000000000014 12.247135416666669 1.0515743247573357 18.450000000000003 16.300000000000001 1.0655178138138408 33.96510416666667 -0.99983123799342477 36.850000000000001 0.15101559051660998 1.0000000180025095e-35 26.651562500000001 25.912500000000005 31.750000000000004 0.99944332314325746 77.500000000000014
decision_type=2 2 2 2 2 2 2 2 2 2 2 2 2 2 2 2 2 2 2 2 2 2 2 2 2 2 2 2 2 2
left_child=1 6 3 5 12 -3 -1 -8 16 -10 -6 -7 13 -5 15 -15 -9 18 -12 -18 21 22 -2 -23 -25 27 -27 -26 29 -29
right_child=20 2 -4 4 10 11 7 8 9 -11 17 -13 -14 14 -16 -17 19 -19 -20 -21 -22 23 -24 24 25 26 -28 28 -30 -31
leaf_value=-0.0024283401585544579 -0.0031600256293690941 -0.00048911848612598363 -0.001390839100689359 -0.0014349396657235415 -0.00022922520993187654 -8.568876901984212e-05 -0.0010144937649163202 -0.0018646322048772139 0.0005633144759427316 0.0012590927881901623 0.00013625604852927008 0.0011655776854926551 -0.0017285694224730649 0.0017323414663116135 -0.0015469678577805868 1.0235980874193493e-05 0.0027073180882117714 0.0006137645948228837 0.0028694505293853883 -2.1730610453428354e-05 0.00049012605689852324 -5.3293202854488496e-05 0.003351356997906227 -0.00097494500890624907 9.8603680838131618e-06 -0.0015571499154330537 -0.00011581004940559793 0.0010590297673149665 0.00022093202183415969 0.0030707299401748398
leaf_weight=3780 96 4332 3110 2921 7661 2431 2680 700 426 54 94 3706 2115 480 1143 1425 60 1034 94 340 4608 50755 288 11226 4992 3195 8711 546 1632 126
leaf_count=3780 96 4332 3110 2921 7661 2431 2680 700 426 54 94 3706 2115 480 1143 1425 60 1034 94 340 4608 50755 288 11226 4992 3195 8711 546 1632 126
internal_value=-0.000614817 -0.00137433 -0.000899628 -0.000664457 -0.00126628 0.000310917 -0.00317786 -0.00206573 0.000443037 0.00645833 -0.00026624 0.00132231 -0.00236517 -0.00172475 -0.000390421 0.0013517 -0.00218182 0.00236497 0.00856383 0.001625 -0.000274733 -0.000347384 0.00489583 -0.000372185 -0.000780204 -0.000211438 -0.00101882 0.00110608 0.00342014 0.00876488
internal_weight=124761 38586 30546 27436 16967 10469 8040 4260 1580 480 8883 6137 8084 5969 3048 1905 1100 1222 188 400 86175 81567 384 81183 30428 19202 11906 7296 2304 672
internal_count=124761 38586 30546 27436 16967 10469 8040 4260 1580 480 8883 6137 8084 5969 3048 1905 1100 1222 188 400 86175 81567 384 81183 30428 19202 11906 7296 2304 672
is_linear=0
shrinkage=0.05


Tree=92
num_leaves=31
num_cat=0
split_feature=9 0 0 3 10 0 3 11 5 10 0 9 0 4 3 0 8 7 8 0 1 1 8 9 8 5 8 4 8 4
split_gain=12.4168 12.9948 6.28672 5.51083 4.68608 6.29733 5.97634 4.93811 4.9509 4.23012 5.49507 4.31515 4.00482 4.0631 4.29461 7.36848 4.4 3.8915 3.81431 3.78426 3.51215 3.35408 3.24598 3.19735 7.94141 5.78489 5.05034 8.13728 7.00436 4.97391
threshold=20.255468750000006 19.500000000000004 90.500000000000014 0.78857998149907527 1.0000000180025095e-35 40.500000000000007 -0.03977009085991149 1.0361628023555072 1.0000000180025095e-35 1.0000000180025095e-35 1.5000000000000002 11.53671875 71.500000000000014 0.93158198870884079 0.28519915169571858 82.500000000000014 19.250000000000004 10.212500000000004 18.650000000000002 31.500000000000004 1.0000000180025095e-35 1.0000000180025095e-35 16.050000000000004 30.591927083333339 34.150000000000013 1.0000000180025095e-35 31.750000000000004 0.689015599449598 32.250000000000007 0.52583933546504591
decision_type=2 2 2 2 2 2 2 2 2 2 2 2 2 2 2 2 2 2 2 2 2 2 2 2 2 2 2 2 2 2
left_child=1 9 3 4 5 19 7 -6 21 -1 17 20 -7 18 22 16 -16 -11 -14 -3 -12 -9 -15 24 25 29 27 -27 -28 -2
right_child=23 2 -4 -5 6 12 -8 8 -10 10 11 -13 13 14 15 -17 -18 -19 -20 -21 -22 -23 -24 -25 -26 26 28 -29 -30 -31
leaf_value=-0.0023069231506267353 -7.0512492448782305e-05 -0.00053402636797244478 -0.0016736533741751665 -0.0012312418254727484 -0.0010337136143579353 -0.0012951837895006555 0.00038927402147398416 0.0019017063567088877 0.0022442559766495647 0.0019703871804054632 0.00091770132903622962 -0.00096548828747063391 0.0031143490437566166 0.0030014647724613836 0.0014274545069498281 -0.0004384468238029898 0.0026962949807132902 2.7525576912486307e-05 -0.0009183546777473987 0.001194980513709561 -9.2726444828935818e-06 2.1373512948615095e-05 -0.00010785377153160262 0.00018516303140924005 -0.00091160185580484274 -0.00040989446456808545 0.0065584442511519032 0.0022977977092605139 0.0014335171423586635 -0.00058995137372833139
leaf_weight=3780 48174 2064 2007 2908 3763 5332 7810 71 71 128 72 3258 76 133 55 80 55 298 1691 1548 504 1704 1178 17562 11225 2208 96 480 1534 4896
leaf_count=3780 48174 2064 2007 2908 3763 5332 7810 71 71 128 72 3258 76 133 55 80 55 298 1691 1548 504 1704 1178 17562 11225 2208 96 480 1534 4896
internal_value=-0.000600389 -0.00134583 -0.000875075 -0.000684853 -0.000450822 -0.00115952 0.000194127 -0.00105099 0.00106717 -0.00313433 -0.00205399 -0.00265258 -0.00189535 -0.000517137 0.00139573 0.00842105 0.0168182 0.00333333 -0.00214205 0.000592468 0.0013368 0.000549295 0.000377573 -0.00026661 -0.000420694 -0.000182792 0.00157712 0.000245535 0.003773 -0.000325986
internal_weight=124761 38586 30546 28539 25631 12212 13419 5609 1846 8040 4260 3834 8600 3268 1501 190 110 426 1767 3612 576 1775 1311 86175 68613 57388 4318 2688 1630 53070
internal_count=124761 38586 30546 28539 25631 12212 13419 5609 1846 8040 4260 3834 8600 3268 1501 190 110 426 1767 3612 576 1775 1311 86175 68613 57388 4318 2688 1630 53070
is_linear=0
shrinkage=0.05


Tree=93
num_leaves=31
num_cat=0
split_feature=9 0 0 4 3 10 10 8 0 8 0 3 11 11 1 7 3 9 9 11 0 0 0 3 9 0 8 0 10 0
split_gain=11.6933 12.2162 5.83515 5.15659 4.83909 4.42744 4.23493 5.43467 5.08997 4.07206 4.36584 4.69397 4.3022 3.90505 3.60163 3.51869 5.03926 3.35016 3.34209 5.70375 3.28656 3.26319 3.93329 3.94134 4.31282 3.20841 7.59068 3.33985 4.0848 18.2416
threshold=20.255468750000006 19.500000000000004 91.500000000000014 0.81304046271159414 -0.03977009085991149 1.0000000180025095e-35 1.0000000180025095e-35 20.450000000000003 4.5000000000000009 19.750000000000004 75.500000000000014 0.06553689391773225 0.99479232557030872 1.0574549747388564 5.5000000000000009 13.512500000000001 0.77788564761185042 14.060937500000003 19.530989583333334 0.98909232329172436 59.500000000000007 32.500000000000007 45.500000000000007 0.31799963745711152 13.511197916666669 6.5000000000000009 26.350000000000005 76.500000000000014 1.0000000180025095e-35 30.500000000000004
decision_type=2 2 2 2 2 2 2 2 2 2 2 2 2 2 2 2 2 2 2 2 2 2 2 2 2 2 2 2 2 2
left_child=1 6 3 -3 -5 13 18 8 -8 12 11 -11 17 -6 -9 -16 -17 -7 -1 -20 21 -13 23 -23 -25 26 -2 28 29 -27
right_child=25 2 -4 4 5 9 7 14 -10 10 -12 20 -14 -15 15 16 -18 -19 19 -21 -22 22 -24 24 -26 27 -28 -29 -30 -31
leaf_value=-0.0024146118430002595 0.0026087992117170989 -0.00072767869085390733 -0.0017986712266777321 -0.00048968953809479514 -0.00039616845734417449 -0.0017799541120250943 0.00075966962932546786 -0.0015696540533339147 -0.00029785005429398186 0.0055767726905053237 0.0020969517593520011 -0.00046505213292046416 0.00060339726619705863 0.0015378788328862171 -0.00087994259157816307 0.00067635036828015446 -0.00085706770373574761 0.00091287386212222064 0.0033107380447676194 -0.00048628401094959477 -0.0014758352964673593 0.0010216994111614743 0.00056120247190788789 0.0013124835266147166 0.005119236177650548 0.00035343811468960929 0.00019101407377479588 0.00010394611278543378 -7.6421460841715827e-05 -0.0011644507981789509
leaf_weight=3620 77 9501 1605 8208 5184 1008 490 2000 1470 112 336 247 2880 432 170 72 58 216 60 100 304 117 266 52 78 9072 6231 17031 36376 17388
leaf_count=3620 77 9501 1605 8208 5184 1008 490 2000 1470 112 336 247 2880 432 170 72 58 216 60 100 304 117 266 52 78 9072 6231 17031 36376 17388
internal_value=-0.000583557 -0.00130695 -0.000850522 -0.00068778 -0.000221195 0.000453168 -0.00304105 -0.0019601 -2.55114e-05 0.00144587 0.00366402 0.00222789 0.000628654 -0.000539531 -0.0036087 0.0015 0.00769231 -0.00185458 -0.00425926 0.0028125 0.00120301 0.00296053 0.00523392 0.00977733 0.0157692 -0.000259647 0.000825934 -0.000345388 -0.000513719 -0.000986396
internal_weight=124761 38586 30546 28941 19440 11232 8040 4260 1960 5616 1512 1176 4104 5616 2300 300 130 1224 3780 160 1064 760 513 247 130 86175 6308 79867 62836 26460
internal_count=124761 38586 30546 28941 19440 11232 8040 4260 1960 5616 1512 1176 4104 5616 2300 300 130 1224 3780 160 1064 760 513 247 130 86175 6308 79867 62836 26460
is_linear=0
shrinkage=0.05


Tree=94
num_leaves=31
num_cat=0
split_feature=9 0 0 10 4 3 8 11 0 3 7 10 0 0 0 0 0 3 11 8 11 7 3 8 0 9 8 8 3 3
split_gain=11.8041 12.5893 5.83419 4.55527 5.74952 9.76994 4.805 7.2075 5.16806 4.49052 4.47774 3.89785 5.94277 7.07584 3.95307 4.21875 5.949 8.06724 5.15191 3.73556 3.70922 3.33426 3.26457 3.2577 4.5 3.36582 7.55945 5.26024 4.21954 3.95103
threshold=20.683593750000004 19.500000000000004 88.500000000000014 1.0000000180025095e-35 0.93158198870884079 0.16799745313369893 17.650000000000002 0.9984557137694885 4.5000000000000009 0.79904096188274243 8.7875000000000032 1.0000000180025095e-35 49.500000000000007 71.500000000000014 79.500000000000014 59.500000000000007 35.500000000000007 0.16799745313369893 1.0393064066417959 18.650000000000002 1.0515743247573357 7.5125000000000011 0.31799963745711152 25.650000000000002 47.500000000000007 29.979947916666667 34.150000000000013 33.45000000000001 -0.9442364261229238 0.89404822654372251
decision_type=2 2 2 2 2 2 2 2 2 2 2 2 2 2 2 2 2 2 2 2 2 2 2 2 2 2 2 2 2 2
left_child=1 3 9 -1 -5 20 -7 -8 -9 11 -10 12 -3 -14 15 16 17 -13 -19 22 -6 -20 -15 24 -2 26 -25 -27 -29 -30
right_child=23 2 -4 4 5 6 7 8 10 -11 -12 14 13 19 -16 -17 -18 18 21 -21 -22 -23 -24 25 -26 27 -28 28 29 -31
leaf_value=-0.0019879817067317554 0.0039684840680637573 9.122253602602805e-05 -0.0012812847777041575 -0.00083802000293869679 -0.0016726506012486532 -1.4903531607601829e-06 0.0011056953555078489 0.002564778044041528 0.00058965501730953371 -0.0011095010975229914 -0.0010738969978389503 -0.001592393961349494 -0.0015252305858289804 0.00076946136540964713 0.00068243658617168663 -0.00048127747556038183 0.00068336015126982874 0.00018205934472832771 0.0022387925813074786 -0.00030139534557228762 0.00044426587559139724 0.00073474564014543945 0.0025805821762433065 -9.3407581356437337e-05 -0.00069884568407957415 0.0024204168614426584 -0.00094417224747891633 0.0059126456212298317 0.00016523181481161353 -0.0012725527318199524
leaf_weight=3900 144 5280 2914 2860 700 180 60 60 76 3104 104 1744 3872 425 1764 3920 4704 1280 57 2465 400 55 102 53549 144 384 8356 96 20718 1344
leaf_count=3900 144 5280 2914 2860 700 180 60 60 76 3104 104 1744 3872 425 1764 3920 4704 1280 57 2465 400 55 102 53549 144 384 8356 96 20718 1344
internal_value=-0.000573538 -0.00128117 -0.000826234 -0.00300959 -0.00191442 0.000506328 0.00645833 0.0103333 0.00645833 -0.000610317 0.00222222 -0.000393098 -0.00104331 -0.0020134 0.000190771 -0.000140307 0.000529336 -0.00115753 0.00168103 -0.000187167 -0.00209091 0.0119643 0.00363377 -0.000239277 0.00506944 -0.000257382 -0.000447865 0.000265725 0.000165176 0.000119662
internal_weight=124761 40026 31686 8340 4440 1580 480 300 240 28772 180 25668 12144 6864 13524 11760 7840 3136 1392 2992 1100 112 527 84735 288 84447 61905 22542 22158 22062
internal_count=124761 40026 31686 8340 4440 1580 480 300 240 28772 180 25668 12144 6864 13524 11760 7840 3136 1392 2992 1100 112 527 84735 288 84447 61905 22542 22158 22062
is_linear=0
shrinkage=0.05


Tree=95
num_leaves=31
num_cat=0
split_feature=9 0 0 4 10 8 0 3 8 11 7 11 10 8 1 11 0 9 11 7 3 8 0 9 8 8 7 10 3 8
split_gain=11.8389 11.7391 5.42109 4.63853 4.21299 5.03519 4.65319 4.04345 3.73013 3.70775 5.91782 4.72324 3.68114 4.49698 3.22383 3.20881 3.51071 3.00563 4.50667 2.86721 4.35721 2.8434 4.01389 2.94879 6.5467 5.07803 4.71005 7.09163 4.76788 3.98672
threshold=20.255468750000006 19.500000000000004 90.500000000000014 0.81304046271159414 1.0000000180025095e-35 20.450000000000003 3.5000000000000004 -0.03977009085991149 18.950000000000003 1.0574549747388564 13.112500000000002 1.0619294486449482 1.0000000180025095e-35 18.250000000000004 5.5000000000000009 1.0912314765539939 80.500000000000014 19.530989583333334 0.98909232329172436 13.512500000000001 0.77788564761185042 25.650000000000002 47.500000000000007 29.979947916666667 34.050000000000004 33.45000000000001 32.01250000000001 1.0000000180025095e-35 -0.99166060804803513 31.250000000000004
decision_type=2 2 2 2 2 2 2 2 2 2 2 2 2 2 2 2 2 2 2 2 2 2 2 2 2 2 2 2 2 2
left_child=1 4 3 -3 17 6 8 15 -6 12 11 -11 -9 -14 -7 -5 -17 -1 -19 -16 -21 22 -2 24 29 -25 28 -28 -26 -23
right_child=21 2 -4 7 5 14 -8 9 -10 10 -12 -13 13 -15 19 16 -18 18 -20 20 -22 23 -24 25 26 -27 27 -29 -30 -31
leaf_value=-0.0021944821655136585 0.0037700598646605689 -0.00065936926846058876 -0.0014453470984886565 -0.00062428547604110197 0.00016639398720669847 -0.0014438148196096138 -0.00022211338295435041 -0.0003615712036044949 0.0021705231152577722 0.0032040213497390099 -0.00054518245516489824 0.0020166507087816107 -0.00043699067546116129 0.00083845556360289937 -0.00079404446185231967 0.00012276053970143377 0.001648751134311366 0.0032446002278658267 -0.00036257072506552665 0.00068443385001308197 -0.00077231331840202496 -0.00025244040556703871 -0.00066390339987559539 0.0022993960183705243 0.0012536892228678198 7.2635633211656203e-05 -0.0022086000054118457 0.00061778964283767674 -0.0013555164477607033 8.2896016825136472e-05
leaf_weight=3620 144 9369 2007 7100 260 2000 1568 5112 132 90 317 445 1633 3479 170 854 140 60 100 72 58 27852 144 384 202 22158 973 1759 6190 26369
leaf_count=3620 144 9369 2007 7100 260 2000 1568 5112 132 90 317 445 1633 3479 170 854 140 60 100 72 58 27852 144 384 202 22158 973 1759 6190 26369
internal_value=-0.000563519 -0.0012914 -0.000843974 -0.000667334 -0.00299129 -0.00191315 -5.10216e-05 -0.000221702 0.00482143 0.00039906 0.00356807 0.0067757 0.000134975 0.00108372 -0.0035 -0.00107117 0.00158954 -0.00420635 0.0025 0.00133333 0.00692308 -0.000237599 0.00472222 -0.000254231 -0.000429001 0.00023689 -0.00166813 6.95449e-05 -0.00241083 -0.000220488
internal_weight=124761 38586 30546 28539 8040 4260 1960 19170 392 11076 852 535 10224 5112 2300 8094 994 3780 160 300 130 86175 288 85887 63345 22542 9124 2732 6392 54221
internal_count=124761 38586 30546 28539 8040 4260 1960 19170 392 11076 852 535 10224 5112 2300 8094 994 3780 160 300 130 86175 288 85887 63345 22542 9124 2732 6392 54221
is_linear=0
shrinkage=0.05


Tree=96
num_leaves=31
num_cat=0
split_feature=9 0 0 3 0 0 0 10 0 10 8 0 0 4 3 7 3 11 0 8 0 10 0 0 3 3 3 0 3 7
split_gain=11.3943 11.8216 5.21408 4.42493 4.19994 7.57592 5.28464 4.14319 4.56971 3.89016 4.80621 4.81544 3.63573 3.09902 4.93566 6.35023 2.88606 4.7947 2.78454 6.42213 3.21485 4.12678 16.1173 14.3068 9.32986 6.23017 5.09548 6.0705 4.24462 4.28959
threshold=20.255468750000006 19.500000000000004 92.500000000000014 0.78857998149907527 49.500000000000007 71.500000000000014 31.500000000000004 1.0000000180025095e-35 59.500000000000007 1.0000000180025095e-35 22.650000000000002 2.5000000000000004 86.500000000000014 0.93158198870884079 0.28519915169571858 14.512500000000001 0.16799745313369893 1.0424368712485985 6.5000000000000009 26.350000000000005 77.500000000000014 1.0000000180025095e-35 30.500000000000004 30.500000000000004 0.87397152483179585 -0.95500086777008153 0.46800856592688472 45.500000000000007 -0.93843426604005675 38.712500000000013
decision_type=2 2 2 2 2 2 2 2 2 2 2 2 2 2 2 2 2 2 2 2 2 2 2 2 2 2 2 2 2 2
left_child=1 9 3 4 6 7 16 -6 -9 -1 11 -11 13 -7 -15 -16 -3 -18 19 -2 21 22 24 -23 -20 -24 27 -27 -29 -30
right_child=18 2 -4 -5 5 12 -8 8 -10 10 -12 -13 -14 14 15 -17 17 -19 20 -21 -22 23 25 -25 -26 26 -28 28 29 -31
leaf_value=-0.0018792465662856039 0.0021996951494518665 -0.0011673242299921843 -0.0018955753715116817 -0.001067058237683308 -0.0014403455916181804 -8.7026525954913387e-05 0.00052423517753062156 0.00039029461724197152 -0.0010278057393366528 0.000845144716271681 -0.0013186788949302098 -0.00030439616699620009 -0.0005812149855196194 0.00051532023313330248 0.0010396797285126753 0.0029283784837979558 -9.052408270466468e-05 0.0019874395721494304 0.00059681217331535887 0.00019377770218312538 0.00012401607640358334 -0.0006384718085037242 -0.0035205435734432435 0.00026482423022694882 -0.0015517710703754867 -0.0017409274465691356 -0.0015127809782357162 0.0035315343261461286 -0.00031340012650773368 0.0018912066690949974
leaf_weight=3780 77 2316 1203 2990 3784 3045 6498 1890 2268 387 1680 2193 2166 2070 238 62 1896 120 7896 6231 16135 12469 1974 24425 1176 3300 5452 288 6139 613
leaf_count=3780 77 2316 1203 2990 3784 3045 6498 1890 2268 387 1680 2193 2166 2070 238 62 1896 120 7896 6231 16135 12469 1974 24425 1176 3300 5452 288 6139 613
internal_value=-0.000552698 -0.00126678 -0.000817784 -0.000685514 -0.000478694 -0.00100593 0.000277007 -0.00208512 -0.000995672 -0.00297264 -0.00193662 -0.000581397 0.000124653 0.000817173 0.00217299 0.00816667 -0.00107572 0.000307538 -0.000232957 0.000778375 -0.000312834 -0.000472448 -0.000944185 -0.000129291 0.000770501 -0.00181977 -0.00148873 -0.000836558 -7.10346e-06 -0.000260665
internal_weight=124761 38586 30546 29343 26353 15523 10830 7942 4158 8040 4260 2580 7581 5415 2370 300 4332 2016 86175 6308 79867 63732 26838 36894 9072 17766 15792 10340 7040 6752
internal_count=124761 38586 30546 29343 26353 15523 10830 7942 4158 8040 4260 2580 7581 5415 2370 300 4332 2016 86175 6308 79867 63732 26838 36894 9072 17766 15792 10340 7040 6752
is_linear=0
shrinkage=0.05


Tree=97
num_leaves=31
num_cat=0
split_feature=9 0 0 10 10 8 0 3 0 0 3 11 0 1 7 3 8 4 0 0 8 0 4 10 3 9 8 11 8 10
split_gain=11.1365 10.8403 4.93388 4.4042 3.94421 5.181 3.9131 3.5517 3.56393 5.34326 3.67379 5.33824 3.32592 3.24773 3.37784 4.2908 3.23172 2.83975 3.32964 4.01742 5.32507 4.86208 6.27673 4.12909 4.00223 3.53126 6.45218 3.28064 3.22417 5.06786
threshold=20.255468750000006 20.500000000000004 52.500000000000007 1.0000000180025095e-35 1.0000000180025095e-35 20.450000000000003 31.500000000000004 0.46800856592688472 69.500000000000014 86.500000000000014 0.28519915169571858 1.0167864286959365 1.5000000000000002 5.5000000000000009 13.512500000000001 0.77788564761185042 20.050000000000004 -0.98801846520836312 76.500000000000014 65.500000000000014 25.650000000000002 56.500000000000007 -0.16799793862756093 1.0000000180025095e-35 0.70290292807158605 26.651562500000001 32.45000000000001 1.1338093104982068 34.650000000000013 1.0000000180025095e-35
decision_type=2 2 2 2 2 2 2 2 2 2 2 2 2 2 2 2 2 2 2 2 2 2 2 2 2 2 2 2 2 2
left_child=1 4 6 7 -1 12 16 8 -4 10 -10 -12 -6 -7 -15 -16 -3 28 19 20 -19 -22 -23 -24 -21 -25 -27 -20 -2 -30
right_child=17 2 3 -5 5 13 -8 -9 9 -11 11 -13 -14 14 15 -17 -18 18 27 24 21 22 23 25 -26 26 -28 -29 29 -31
leaf_value=-0.001764311248278333 -0.0003279029644542538 8.9000201780591457e-05 -0.0013942355616770243 -0.00017815207660669207 0.0012243690165785368 -0.001315720642085852 0.00028383873835697535 -0.0013838201024737162 2.229922247888244e-06 -0.0012567153307831746 0.0018876777222145329 -0.00052998973204711251 -0.00010568523896238623 -0.00069104340424746842 0.00071575371556506333 -0.00066934166902281008 -0.001108130257584774 0.0025328280973119788 0.00020010841066661606 -0.00042856900331437857 -0.00022525469024253835 0.00078549427829637756 -0.0019101538642978201 -0.00032161760555400349 -0.001360140495825908 0.0040690936871376846 -0.00056272998475072518 -0.0015002988705270788 0.00015488006742092489 0.0022635362236962503
leaf_weight=3969 2592 1837 2159 9159 196 2100 8442 2660 1751 1143 272 136 1862 182 73 60 2585 198 14770 6719 47264 4788 1053 1260 2420 153 207 1007 2400 1344
leaf_count=3969 2592 1837 2159 9159 196 2100 8442 2660 1751 1143 272 136 1862 182 73 60 2585 198 14770 6719 47264 4788 1053 1260 2420 153 207 1007 2400 1344
internal_value=-0.000542679 -0.00124864 -0.000805137 -0.00135706 -0.00283227 -0.00181422 -6.3745e-05 -0.00220478 -0.00147501 -0.000442157 0.0010213 0.00529412 2.91533e-05 -0.00338509 0.00134921 0.00740601 -0.00126866 -0.000226575 -0.000307432 -0.000467673 -0.000306157 -0.000335771 0.000850421 -0.00109054 -0.00143834 0.000493826 0.00486111 0.00034322 0.000792297 0.00173077
internal_weight=124761 38586 30144 17280 8442 4473 12864 8121 5461 3302 2159 408 2058 2415 315 133 4422 86175 79839 64062 54923 54725 7461 2673 9139 1620 360 15777 6336 3744
internal_count=124761 38586 30144 17280 8442 4473 12864 8121 5461 3302 2159 408 2058 2415 315 133 4422 86175 79839 64062 54923 54725 7461 2673 9139 1620 360 15777 6336 3744
is_linear=0
shrinkage=0.05


Tree=98
num_leaves=31
num_cat=0
split_feature=9 0 0 3 3 10 0 3 0 0 0 10 4 3 8 11 3 5 1 11 3 11 11 0 8 4 3 3 9 10
split_gain=10.7368 10.184 4.85962 4.30475 3.74022 4.80064 4.93654 5.03908 4.56365 4.32326 4.00641 3.51988 4.69493 9.73259 3.68167 4.20139 3.61305 3.22127 4.24772 3.19899 3.0646 2.91843 2.64231 2.53284 4.33114 3.08305 3.06812 7.69894 6.82024 6.21207
threshold=20.255468750000006 19.500000000000004 92.500000000000014 0.78857998149907527 -0.2102246306142678 1.0000000180025095e-35 46.500000000000007 0.46800856592688472 69.500000000000014 79.500000000000014 59.500000000000007 1.0000000180025095e-35 0.94353349168649059 0.16799745313369893 17.650000000000002 0.9984557137694885 -0.57078386445773377 1.0000000180025095e-35 4.5000000000000009 1.0515743247573357 0.75580964594513067 1.0655178138138408 0.89585628751987034 6.5000000000000009 26.350000000000005 0.56901594657981336 -0.96463499255812291 -0.89406062840022227 25.676822916666669 1.0000000180025095e-35
decision_type=2 2 2 2 2 2 2 2 2 2 2 2 2 2 2 2 2 2 2 2 2 2 2 2 2 2 2 2 2 2
left_child=1 11 3 4 17 6 20 8 -8 10 22 16 -13 19 -15 -16 -1 -3 -19 -14 -6 -21 -7 24 -2 -26 28 -28 -25 -30
right_child=23 2 -4 -5 5 9 7 -9 -10 -11 -12 12 13 14 15 -17 -18 18 -20 21 -22 -23 -24 26 25 -27 27 -29 29 -31
leaf_value=0.00027751980849625182 0.001963630093536247 -0.00071641262195046068 -0.0017792197230647332 -0.0010064286853005734 0.00019519375421805826 0.0025224978857975328 -0.0010670585294201625 -0.0013403531991775853 0.00036441106664573958 0.00092538695638901469 -0.00042652891702496282 -0.00075573894458527322 -0.001497637246370964 4.9127776219193494e-05 0.0010733805177759145 0.00069774110182164355 -0.0019461527500971164 3.2015769837449143e-05 0.0026840494617151648 0.0025365040427337954 0.0042195944709929592 -0.00012506044366247956 0.0003473056788762161 -0.0029552364751050538 0.00026653606331320824 -0.00058562011616350277 0.00067618822180604606 -0.00014544380145066073 -0.0014298052448665809 0.00036403423008924427
leaf_weight=160 77 7227 1203 2990 3348 120 1909 2070 1909 1690 2600 2800 660 160 60 180 3620 219 73 60 108 340 5080 1869 5930 301 6586 64114 2937 4361
leaf_count=160 77 7227 1203 2990 3348 120 1909 2070 1909 1690 2600 2800 660 160 60 180 3620 219 73 60 108 340 5080 1869 5930 301 6586 64114 2937 4361
internal_value=-0.000528251 -0.00122143 -0.000804689 -0.000676994 -0.000473002 -9.66349e-05 -0.000901114 -0.00178159 -0.000704559 0.000695468 0.000198717 -0.00280473 -0.00181925 0.000479451 0.007125 0.0110417 -0.00391535 -0.00141575 0.00373288 -0.0020283 0.000598957 0.0015 0.000999999 -0.000217872 0.00074667 0.000601026 -0.000294053 -0.000182462 -0.00115469 -0.000464512
internal_weight=124761 38586 30546 29343 26353 18834 9344 5888 3818 9490 7800 8040 4260 1460 400 240 3780 7519 292 1060 3456 400 5200 86175 6308 6231 79867 70700 9167 7298
internal_count=124761 38586 30546 29343 26353 18834 9344 5888 3818 9490 7800 8040 4260 1460 400 240 3780 7519 292 1060 3456 400 5200 86175 6308 6231 79867 70700 9167 7298
is_linear=0
shrinkage=0.05


Tree=99
num_leaves=31
num_cat=0
split_feature=9 0 0 3 0 0 0 11 10 0 0 10 3 3 8 1 9 1 4 0 0 8 0 4 10 3 9 10 3 3
split_gain=10.432 10.1302 4.83562 4.11254 3.53492 7.389 4.29563 4.0062 3.60602 4.03479 3.28643 3.02114 3.09099 3.20679 2.82555 2.7286 2.70762 3.6319 2.6278 3.27374 3.68783 4.67263 4.46625 5.39726 4.50914 3.80669 3.52502 3.1035 3.29375 3.18789
threshold=20.255468750000006 20.500000000000004 91.500000000000014 0.78857998149907527 49.500000000000007 72.500000000000014 31.500000000000004 0.9984557137694885 1.0000000180025095e-35 59.500000000000007 2.5000000000000004 1.0000000180025095e-35 -0.159513159777915 0.71503381463111937 18.950000000000003 5.5000000000000009 11.53671875 1.0000000180025095e-35 -0.98801846520836312 76.500000000000014 65.500000000000014 25.650000000000002 55.500000000000007 -0.16799793862756093 1.0000000180025095e-35 0.70290292807158605 25.870572916666671 1.0000000180025095e-35 0.99983759474438971 -0.89406062840022227
decision_type=2 2 2 2 2 2 2 2 2 2 2 2 2 2 2 2 2 2 2 2 2 2 2 2 2 2 2 2 2 2
left_child=1 10 3 4 6 8 -3 -7 -6 15 11 -1 -13 14 -14 -10 17 -12 -2 20 21 -20 -23 26 -25 -22 -24 29 -29 -21
right_child=18 2 -4 -5 5 7 -8 -9 9 -11 16 12 13 -15 -16 -17 -18 -19 19 27 25 22 23 24 -26 -27 -28 28 -30 -31
leaf_value=-0.0010286262611913274 0.00037739571432939586 -0.00039119994694750566 -0.0013659084849946316 -0.00093131365595341118 -0.0012274164427170566 -0.0003882962918102834 0.00048066032806697148 0.00043507918308440186 2.6277156565712265e-05 -0.00091405902858408242 0.00069344616191721197 -0.0010172631793575991 0.00034915846514565259 -0.00066153071501447592 0.0020713687525502262 0.0021483975867435381 -0.0010430345597060645 -0.00046726619619044397 0.0023828223324081719 0.0012751108126004985 -0.00043246931302675208 -0.00021680850661625692 0.0018913375987299709 -0.0017315986424971373 0.00029996350443224 -0.0012848612809620808 0.00066023683048190278 -0.00011670000418615133 0.0017094717554032531 0.00023615878957002436
leaf_weight=567 6336 3971 1605 2908 3956 2793 6498 4066 1630 2457 90 195 159 108 177 260 6264 882 198 1197 6719 46435 100 1170 1800 2420 5220 9157 76 5347
leaf_count=567 6336 3971 1605 2908 3956 2793 6498 4066 1630 2457 90 195 159 108 177 260 6264 882 198 1197 6719 46435 100 1170 1800 2420 5220 9157 76 5347
internal_value=-0.000517431 -0.0012007 -0.000771962 -0.000621782 -0.00041961 -0.000907533 0.000287037 0.000306895 -0.00191076 -0.000916725 -0.00273158 -0.000315092 0.00204225 0.00434685 0.00675595 0.000820105 -0.00313433 -0.000679014 -0.000211489 -0.000289271 -0.000448161 -0.000293412 -0.000321152 0.000747888 -0.000959597 -0.00137816 0.00170113 0.000355897 -0.000234486 0.00118887
internal_weight=124761 38586 30144 28539 25631 15162 10469 6859 8303 4347 8442 1206 639 444 336 1890 7236 972 86175 79839 64062 54923 54725 8290 2970 9139 5320 15777 9233 6544
internal_count=124761 38586 30144 28539 25631 15162 10469 6859 8303 4347 8442 1206 639 444 336 1890 7236 972 86175 79839 64062 54923 54725 8290 2970 9139 5320 15777 9233 6544
is_linear=0
shrinkage=0.05


Tree=100
num_leaves=31
num_cat=0
split_feature=9 0 0 3 0 0 0 0 10 0 10 8 9 11 0 0 7 1 7 3 3 8 8 9 8 4 9 8 5 8
split_gain=9.8798 9.29755 4.67356 3.85456 3.54573 6.24445 4.2687 5.49523 3.52021 3.8389 3.47497 5.3402 4.12739 5.32042 3.35069 3.10408 3.17232 2.81253 2.70189 2.61531 3.91852 3.86042 2.53048 2.62877 3.75401 2.52935 2.42442 6.84991 5.08328 4.48674
threshold=20.255468750000006 19.500000000000004 92.500000000000014 0.78857998149907527 49.500000000000007 71.500000000000014 35.500000000000007 39.500000000000007 1.0000000180025095e-35 59.500000000000007 1.0000000180025095e-35 20.450000000000003 19.530989583333334 0.98909232329172436 86.500000000000014 9.5000000000000018 5.0375000000000005 5.5000000000000009 14.912500000000003 0.1849296026015865 0.42179998225932674 17.550000000000004 17.250000000000004 12.070312500000002 18.850000000000005 0.99855310097228334 30.591927083333339 34.150000000000013 1.0000000180025095e-35 31.750000000000004
decision_type=2 2 2 2 2 2 2 2 2 2 2 2 2 2 2 2 2 2 2 2 2 2 2 2 2 2 2 2 2 2
left_child=1 10 3 4 6 8 -3 22 -6 -10 12 15 -1 -14 -7 16 -12 -13 -19 -18 21 -21 -8 -24 -25 -9 27 28 -2 -30
right_child=26 2 -4 -5 5 14 7 25 9 -11 11 17 13 -15 -16 -17 19 18 -20 20 -22 -23 23 24 -26 -27 -28 -29 29 -31
leaf_value=-0.0017601978289649252 -9.841982374772889e-05 -0.00030052624061309853 -0.0016219633126617645 -0.000909541568237874 -0.0012338581607137262 0.00027831442134462981 -0.0013033269565060819 -6.6438371364129108e-05 0.0003566296105933598 -0.00090257939963974364 0.0024337216568035402 -0.0011896896062760785 0.0034140074726908918 -0.00012463693565715361 -0.00052143976466333261 -0.00042388473031984846 -0.00051817955069038339 -0.00012682233827713334 0.00070240775063495637 -0.00023187404591300817 -0.00010253645625280242 0.0011271212902121536 0.005001315338442793 -0.0033803994982370997 0.0022416188226494155 0.003079169511302065 0.00018281574651147865 -0.00075176308117201347 9.2578385000717403e-05 0.0017132130699540459
leaf_weight=3620 53070 5776 1203 2990 3784 5415 156 3350 1890 2268 60 2000 60 100 2166 980 380 244 56 70 270 200 160 120 1008 260 17562 11225 2688 1630
leaf_count=3620 53070 5776 1203 2990 3784 5415 156 3350 1890 2268 60 2000 60 100 2166 980 380 244 56 70 270 200 160 120 1008 260 17562 11225 2688 1630
internal_value=-0.000515026 -0.00117996 -0.000781773 -0.000656546 -0.000463516 -0.000947949 0.000230839 0.00129204 -0.00192773 -0.000923522 -0.00269279 -0.00171362 -0.0037963 0.0040625 7.84845e-05 0.00020408 0.00219388 -0.00334783 0.00116667 0.00146739 0.0037037 0.00796296 0.00389889 0.00462733 0.00377659 0.000249306 -0.000217292 -0.000351465 -0.000130516 0.00151922
internal_weight=124761 38586 30546 29343 26353 15523 10830 5054 7942 4158 8040 4260 3780 160 7581 1960 980 2300 300 920 540 270 1444 1288 1128 3610 86175 68613 57388 4318
internal_count=124761 38586 30546 29343 26353 15523 10830 5054 7942 4158 8040 4260 3780 160 7581 1960 980 2300 300 920 540 270 1444 1288 1128 3610 86175 68613 57388 4318
is_linear=0
shrinkage=0.05


Tree=101
num_leaves=31
num_cat=0
split_feature=9 0 0 4 3 11 11 10 4 8 10 9 3 0 0 4 8 11 4 11 7 3 1 1 8 0 8 8 9 9
split_gain=10.113 9.26572 4.53736 3.7676 4.00367 3.94308 3.83182 3.75441 3.61001 3.25308 2.9931 4.7518 3.4487 3.28204 2.87377 2.67674 5.72344 3.38408 2.71849 2.60285 2.67329 3.14045 4.64573 2.535 4.66714 2.53336 2.4726 2.4687 7.04648 2.41387
threshold=20.255468750000006 19.500000000000004 92.500000000000014 0.93769647993491489 0.28519915169571858 0.9984557137694885 1.0166260076336997 1.0000000180025095e-35 0.66367808336324663 18.250000000000004 1.0000000180025095e-35 11.53671875 -0.52766804058324157 3.5000000000000004 79.500000000000014 0.99855310097228334 19.250000000000004 1.0802921153976739 0.99932962452255414 1.044457029130015 14.512500000000001 0.21862473630160603 2.5000000000000004 2.5000000000000004 16.900000000000002 49.500000000000007 20.200000000000006 16.300000000000001 10.334114583333335 19.681770833333339
decision_type=2 2 2 2 2 2 2 2 2 2 2 2 2 2 2 2 2 2 2 2 2 2 2 2 2 2 2 2 2 2
left_child=1 10 3 5 15 -3 -6 25 -9 -10 12 23 -1 -13 -11 19 17 -17 -18 -5 21 27 -23 24 -12 -7 -8 -21 -29 -14
right_child=-2 2 -4 4 6 7 26 8 9 14 11 13 29 -15 -16 16 18 -19 -20 20 -22 22 -24 -25 -26 -27 -28 28 -30 -31
leaf_value=0.0001593456035347522 -8.3948190171445502e-05 -0.00073079759103767609 -0.0015408651470286763 -0.00055837994036079652 0.00073664634701496806 -3.9461967250778054e-06 0.0044656990555913007 -0.0006574024834536447 -0.0016972184984393578 0.00030587623858847576 4.9417301625685818e-05 0.00012233927624579347 -0.001813654376608507 -0.00076935885458916564 0.0011300218638977458 -0.00027279699998619856 0.0029513919744962955 0.0029728432026900008 -0.00091506010884445969 -0.0010563094950719399 -0.00067147865487578434 0.0028870373212278736 0.00065865593437908459 -0.00011007230489242363 0.00088933256815338128 -0.0008434776729185473 0.0012443720350720092 0.0044593483897879009 0.00023731812613208593 0.0032433070990563473
leaf_weight=240 86175 9125 1203 5110 1022 1710 73 803 365 3120 140 724 3480 2896 676 1387 292 146 73 454 1013 104 274 400 100 2448 73 59 1016 60
leaf_count=240 86175 9125 1203 5110 1022 1710 73 803 365 3120 140 724 3480 2896 676 1387 292 146 73 454 1013 104 274 400 100 2448 73 59 1016 60
internal_value=-0.000509816 -0.00118255 -0.000785047 -0.000661658 6.48871e-05 -0.00110347 0.0028339 -0.000368341 0.000560031 0.00115237 -0.00269279 -0.00178404 -0.00371693 -0.00248619 0.00158588 -0.00026088 0.00142782 8.80614e-05 0.00705479 -0.000660026 0.000530821 0.00163345 0.00571428 0.0021875 0.00625 -0.00147667 0.010411 0.00062459 0.00193023 -0.00411017
internal_weight=124761 38586 30546 29343 11096 18247 1168 9122 4964 4161 8040 4260 3780 3620 3796 9928 1898 1533 365 8030 2920 1907 378 640 240 4158 146 1529 1075 3540
internal_count=124761 38586 30546 29343 11096 18247 1168 9122 4964 4161 8040 4260 3780 3620 3796 9928 1898 1533 365 8030 2920 1907 378 640 240 4158 146 1529 1075 3540
is_linear=0
shrinkage=0.05


Tree=102
num_leaves=31
num_cat=0
split_feature=9 0 0 4 11 10 4 10 8 11 1 7 3 3 3 8 8 0 7 0 11 7 0 0 8 4 3 3 9 3
split_gain=9.39833 8.76401 4.43424 3.38962 3.37905 3.67109 3.27614 2.94531 5.11007 3.44754 3.05193 3.37784 4.2908 3.02036 2.89138 3.00025 4.80114 3.09553 5.46968 3.26902 2.83758 2.64783 2.47469 2.35625 5.35475 3.99338 2.86299 6.47112 6.05332 11.0847
threshold=20.255468750000006 20.500000000000004 92.500000000000014 0.93158198870884079 0.9984557137694885 1.0000000180025095e-35 0.66367808336324663 1.0000000180025095e-35 20.450000000000003 0.89585628751987034 5.5000000000000009 13.512500000000001 0.77788564761185042 -0.52766804058324157 0.28519915169571858 18.950000000000003 19.050000000000004 71.500000000000014 14.512500000000001 46.500000000000007 0.99060004174370953 11.362500000000002 49.500000000000007 8.5000000000000018 26.350000000000005 0.56901594657981336 -0.96463499255812291 -0.89406062840022227 26.965885416666669 -0.98664820696349753
decision_type=2 2 2 2 2 2 2 2 2 2 2 2 2 2 2 2 2 2 2 2 2 2 2 2 2 2 2 2 2 2
left_child=1 7 3 4 -3 22 -7 13 9 -9 -10 -12 -13 -1 -5 -16 -17 19 -19 21 -11 -18 -6 24 -2 -26 28 -28 -25 -30
right_child=23 2 -4 14 5 6 -8 8 10 20 11 12 -14 -15 15 16 17 18 -20 -21 -22 -23 -24 26 25 -27 27 -29 29 -31
leaf_value=0.00015145090136409393 0.0018020624979431668 -0.000677634935454938 -0.001463821889677243 -0.0001210519497383018 2.9933506550943812e-05 -0.00062394864833012291 0.0003953044507943802 0.0013152429021488022 -0.0011075885281707535 -0.00079308557206801862 -0.00052174349917721299 0.00075043132611353805 -0.00054384518041363753 -0.0016590238612489063 -8.6741177743790188e-05 0.004254512200182246 -0.0013265919017366708 0.00083701924881257887 0.0027373299434167923 -0.0010857701312683994 0.00012926486979722502 0.0024518531532923514 -0.00082530477833705075 -0.0016121793335800846 0.00024737612130484431 -0.00056432546654561417 0.00065336395787763475 -0.00013135252235244572 0.0012086884663320865 -0.0014765883909343489
leaf_weight=252 99 8856 1203 9936 1595 792 3960 63 2100 441 182 73 60 3717 648 72 95 153 57 250 1554 165 2362 5220 7618 387 6438 62672 1914 1827
leaf_count=252 99 8856 1203 9936 1595 792 3960 63 2100 441 182 73 60 3717 648 72 95 153 57 250 1554 165 2362 5220 7618 387 6438 62672 1914 1827
internal_value=-0.000487373 -0.00113591 -0.00073713 -0.000613491 -0.00104896 -0.000349639 0.00058712 -0.00255982 -0.00168008 0.00015063 -0.00324017 0.00134921 0.00740601 -0.00355127 5.88947e-05 0.00215278 0.00421717 0.00298611 0.00809524 0.000882352 -0.000213034 0.00480769 -0.0014746 -0.000196984 0.00061451 0.000471579 -0.00028122 -0.00017219 -0.00112209 0.00041299
internal_weight=124761 38586 30144 28941 17565 8709 4752 8442 4473 2058 2415 315 133 3969 11376 1440 792 720 210 510 1995 260 3957 86175 8104 8005 78071 69110 8961 3741
internal_count=124761 38586 30144 28941 17565 8709 4752 8442 4473 2058 2415 315 133 3969 11376 1440 792 720 210 510 1995 260 3957 86175 8104 8005 78071 69110 8961 3741
is_linear=0
shrinkage=0.05


Tree=103
num_leaves=31
num_cat=0
split_feature=9 0 0 0 0 1 1 9 9 1 9 9 3 10 9 11 3 0 4 1 8 4 1 8 3 3 9 3 1 4
split_gain=9.114 8.71855 4.08734 3.75941 8.06305 3.05252 3.53687 3.025 2.9688 3.71542 2.86016 2.55725 2.44341 2.42379 2.41005 2.33813 5.77843 2.92641 2.32763 3.05167 6.56854 4.10619 7.72934 5.42535 3.82505 3.6793 9.07641 3.72766 13.5 3.59422
threshold=20.255468750000006 20.500000000000004 87.500000000000014 74.500000000000014 59.500000000000007 3.5000000000000004 4.5000000000000009 13.946875000000002 11.53671875 1.0000000180025095e-35 18.923437500000002 11.695833333333335 -0.75015329512557205 1.0000000180025095e-35 12.200520833333334 1.0252745761999382 -0.03977009085991149 9.5000000000000018 -0.98801846520836312 1.5000000000000002 32.650000000000013 -0.89787881968372518 1.0000000180025095e-35 32.45000000000001 -0.99985146406598202 -0.9954993026558282 26.541666666666668 -0.99372698525316483 2.5000000000000004 -0.97874870457683594
decision_type=2 2 2 2 2 2 2 2 2 2 2 2 2 2 2 2 2 2 2 2 2 2 2 2 2 2 2 2 2 2
left_child=1 8 3 4 5 10 7 14 9 -1 -3 -5 -10 -11 -7 -15 -17 -18 -2 20 21 22 23 -20 -21 26 -26 28 -27 -29
right_child=18 2 -4 11 -6 6 -8 -9 12 13 -12 -13 -14 15 -16 16 17 -19 19 24 -22 -23 -24 -25 25 27 -28 29 -30 -31
leaf_value=0.0006208460863088381 0.00035490571227046242 -0.0002080986100559719 -0.00088944638502589973 0.001108781446360069 -0.00091468352690860096 0.0010172918780785663 -9.9913281116773418e-05 0.0016208291590673438 0.00033403485395309528 -0.0016518151354553475 -0.0015903541139238389 5.7525644781866729e-05 -0.00077576769418304125 -0.0026148007979176504 -0.0013039538575987334 -0.00092833285178057004 0.001546578397245685 0.00032380670832572148 0.0036333446221784925 0.0023484763106114098 -0.00088640704689502527 -0.00013420746941488349 -0.00068117449510982856 -0.0044562131036494394 -0.00291433487605277 -0.0025170090924059177 0.0011088396491285831 -0.0013460871126894922 0.0037195231927995053 1.2022589761299239e-05
leaf_weight=105 6336 7566 3210 780 6030 585 4602 1248 63 441 1248 4446 7245 126 429 252 100 110 480 192 11135 10170 384 96 1348 192 676 2090 192 52884
leaf_count=105 6336 7566 3210 780 6030 585 4602 1248 63 441 1248 4446 7245 126 429 252 100 110 480 192 11135 10170 384 96 1348 192 676 2090 192 52884
internal_value=-0.000471342 -0.00110999 -0.000712249 -0.000511251 -0.000801088 -0.000203471 0.00058712 0.00220601 -0.00253021 -0.000149913 -0.000819153 0.000692689 -0.00289956 -0.00106414 0.000177514 0.00103741 0.00268398 0.00880952 -0.00018538 -0.000258584 -0.000755672 0.000103323 0.00322917 0.00689236 -6.63506e-05 -8.99249e-05 -0.0021838 -1.33687e-05 0.00489583 -4.76601e-05
internal_weight=124761 38586 30144 26934 21708 15678 6864 2262 8442 1134 8814 5226 7308 1029 1014 588 462 210 86175 79839 22265 11130 960 576 57574 57382 2024 55358 384 54974
internal_count=124761 38586 30144 26934 21708 15678 6864 2262 8442 1134 8814 5226 7308 1029 1014 588 462 210 86175 79839 22265 11130 960 576 57574 57382 2024 55358 384 54974
is_linear=0
shrinkage=0.05


Tree=104
num_leaves=31
num_cat=0
split_feature=9 0 4 0 0 10 0 1 3 3 9 9 0 7 7 9 8 8 3 9 1 4 8 11 4 8 8 0 11 8
split_gain=8.58358 7.98483 3.59859 3.13598 2.7508 3.83347 2.93912 3.25743 2.70279 2.86017 3.10083 3.20889 3.61 3.14014 4.56175 3.00444 2.69291 2.47297 2.535 2.36081 3.9623 2.26485 5.09129 2.96142 2.48067 2.24267 2.21784 3.78125 2.34791 5.10422
threshold=20.255468750000006 20.500000000000004 0.93158198870884079 1.5000000000000002 55.500000000000007 1.0000000180025095e-35 30.500000000000004 3.5000000000000004 0.28519915169571858 0.30164402523644185 13.511197916666669 12.247135416666669 65.500000000000014 18.362500000000004 13.712500000000004 12.703645833333335 18.550000000000004 25.850000000000005 -0.62588817255938378 11.53671875 1.0000000180025095e-35 0.99855310097228334 19.250000000000004 1.0802921153976739 0.99932962452255414 27.950000000000003 25.650000000000002 47.500000000000007 0.9247659649312403 38.150000000000013
decision_type=2 2 2 2 2 2 2 2 2 2 2 2 2 2 2 2 2 2 2 2 2 2 2 2 2 2 2 2 2 2
left_child=1 3 4 -1 6 16 -3 -8 21 15 11 12 -11 14 -12 -10 -6 18 -9 20 -5 -4 23 -23 -24 -19 27 -2 29 -28
right_child=26 2 8 19 5 -7 7 17 9 10 13 -13 -14 -15 -16 -17 -18 25 -20 -21 -22 22 24 -25 -26 -27 28 -29 -30 -31
leaf_value=0.00011191636943216681 0.0030437838266242495 -0.0006519134824462925 -0.00028155975571455589 0.00061447511910057431 0.0018511579727114953 -0.00022540924950390621 -0.00049502043351575041 0.0023919982871977601 0.0040104879621174379 -0.00031763879430483905 0.00021352558609971517 -0.0015221616687528085 0.0010509151030865527 -0.00097966095865519866 0.0022197682648123986 0.0012017984964616106 -0.00094037932239492714 0.0020883558465970803 0.00037282041367822942 -0.00080670018520630844 -0.00045543956969840534 -0.00026670240355789848 0.0027415109645850403 0.0028177475489454913 -0.00082974383042371262 -0.0013110860316912422 -0.00044710544839025071 -0.00064498419377856386 -2.6780223624381936e-05 0.0023502858170673501
leaf_weight=804 144 2440 8400 95 120 5360 3350 50 75 90 209 450 60 177 214 225 4274 250 2400 6612 931 1425 300 150 75 50 15535 144 70074 278
leaf_count=804 144 2440 8400 95 120 5360 3350 50 75 90 209 450 60 177 214 225 4274 250 2400 6612 931 1425 300 150 75 50 15535 144 70074 278
internal_value=-0.000456514 -0.0010763 -0.000695662 -0.00243544 -0.00113535 -0.00170904 -0.000480095 0.000106556 -1.68788e-05 0.00196667 0.000874999 -0.00166667 0.00466667 0.00341667 0.0057565 0.00633333 -0.00280382 0.00138182 0.000857142 -0.0027481 -0.00051657 -0.000304349 0.00123077 -1.58742e-05 0.00646667 0.00566667 -0.000178997 0.00420139 -0.000193686 -0.000744009
internal_weight=124761 38586 30144 8442 18294 9754 8540 6100 11850 1500 1200 600 150 600 423 300 4394 2750 2450 7638 1026 10350 1950 1575 375 300 86175 288 85887 15813
internal_count=124761 38586 30144 8442 18294 9754 8540 6100 11850 1500 1200 600 150 600 423 300 4394 2750 2450 7638 1026 10350 1950 1575 375 300 86175 288 85887 15813
is_linear=0
shrinkage=0.05


Tree=105
num_leaves=31
num_cat=0
split_feature=9 0 0 0 10 3 3 11 7 9 3 3 3 10 0 3 0 0 0 5 1 3 0 3 11 7 11 11 3 3
split_gain=7.99461 7.00704 3.73028 3.57128 3.8311 5.10628 5.80585 4.48242 4.29013 4.08006 3.38092 3.03815 3.51681 4.54376 3.92952 4.06139 4.05186 3.77622 3.21641 2.899 3.84018 2.7928 2.49118 3.61408 4.74644 3.90443 3.85648 2.99402 2.35041 2.30641
threshold=20.255468750000006 19.500000000000004 92.500000000000014 8.5000000000000018 1.0000000180025095e-35 -0.159513159777915 0.71503381463111937 1.0515743247573357 12.712500000000004 16.217187500000005 -0.52766804058324157 0.78857998149907527 -0.2102246306142678 1.0000000180025095e-35 46.500000000000007 0.48314048284850658 71.500000000000014 79.500000000000014 59.500000000000007 1.0000000180025095e-35 4.5000000000000009 0.75580964594513067 83.500000000000014 0.28519915169571858 1.0167864286959365 10.212500000000004 1.0058601642303253 1.0574549747388564 0.1849296026015865 0.42179998225932674
decision_type=2 2 2 2 2 2 2 2 2 2 2 2 2 2 2 2 2 2 2 2 2 2 2 2 2 2 2 2 2 2
left_child=1 3 11 4 10 -6 7 8 28 -10 -1 12 19 14 21 16 -16 18 -15 -3 -21 -14 23 25 26 27 -25 -18 -7 -30
right_child=-2 2 -4 -5 5 6 -8 -9 9 -11 -12 -13 13 17 15 -17 22 -19 -20 20 -22 -23 -24 24 -26 -27 -28 -29 29 -31
leaf_value=0.00021094904461916829 -7.0431729919825391e-05 -0.00062297408506505102 -0.0013296088991728648 -0.00095778867253002147 -0.0014336288099670393 -0.00077339082008305636 -0.00058024431879672475 0.001498259393917948 0.00224923064585766 0.00045819806699155157 -0.0012354561211188628 -0.00076752969153983232 0.00020628377135209738 0.00035417921086580923 -0.0007317459444373815 -0.0011886404713202612 0.00047409040861432308 0.0008727327186384842 -0.00037515998169110874 1.7451693053782552e-05 0.0024717118932372781 0.0040651768993149196 -0.00030938772630028922 0.00083802225944402476 -0.00034283250639854858 -0.00018514835170920914 0.0024758599188195278 0.0042277837186449748 0.00073859610927172069 -4.399388785983025e-06
leaf_weight=108 86175 7227 1203 4422 585 205 324 135 53 102 1593 2990 3348 5200 2125 1978 53 1690 2600 219 73 108 765 108 108 596 96 59 218 295
leaf_count=108 86175 7227 1203 4422 585 205 324 135 53 102 1593 2990 3348 5200 2125 1978 53 1690 2600 219 73 108 765 108 108 596 96 59 218 295
internal_value=-0.000439281 -0.00103742 -0.000691745 -0.00235075 -0.00118574 0.000346895 0.00205706 0.00392857 0.00261741 0.0101613 -0.00291299 -0.000579867 -0.000408494 -4.35395e-05 -0.0008262 -0.00161175 -0.000677751 0.00072708 0.000262819 -0.00132265 0.00356164 0.000512152 0.00107843 0.00269608 0.00717949 0.000720338 0.0116667 0.00928571 0.000988857 0.00279727
internal_weight=124761 38586 30546 8040 3618 1917 1332 1008 873 155 1701 29343 26353 18834 9344 5888 3910 9490 7800 7519 292 3456 1785 1020 312 708 204 112 718 513
internal_count=124761 38586 30546 8040 3618 1917 1332 1008 873 155 1701 29343 26353 18834 9344 5888 3910 9490 7800 7519 292 3456 1785 1020 312 708 204 112 718 513
is_linear=0
shrinkage=0.05


Tree=106
num_leaves=31
num_cat=0
split_feature=8 9 9 7 9 4 3 3 0 9 8 8 7 4 7 3 7 8 10 8 1 4 9 11 11 3 3 9 0 3
split_gain=7.28257 9.95564 5.75677 8.24121 6.94444 5.2404 6.68951 6.52306 6.95464 5.10621 8.99593 5.25174 8.07025 5.20428 4.41144 8.03934 5.00091 4.30309 6.67723 3.87146 3.86628 5.21002 6.12082 3.84115 4.56685 3.82138 3.51818 12.3402 8.14083 7.20353
threshold=31.250000000000004 28.733593750000001 25.870572916666671 24.537500000000005 24.116406250000004 0.19969739736768838 -0.89406062840022227 -0.90163369914317015 29.500000000000004 24.584895833333338 32.650000000000013 31.950000000000003 27.012500000000006 0.51113019672828186 27.087500000000006 0.9916835347852474 23.262500000000006 31.650000000000002 1.0000000180025095e-35 33.350000000000001 2.5000000000000004 -0.99628250747696534 34.236197916666676 1.0267603807040537 0.99142420047150093 0.97696484778429815 -0.81923160956083974 21.223437500000006 13.500000000000002 -0.95500086777008153
decision_type=2 2 2 2 2 2 2 2 2 2 2 2 2 2 2 2 2 2 2 2 2 2 2 2 2 2 2 2 2 2
left_child=1 26 4 -4 -2 6 7 17 -9 11 13 12 -6 -11 15 16 19 18 -5 25 21 -8 -23 24 -19 -12 27 28 -1 -29
right_child=2 -3 3 5 9 -7 20 8 -10 10 14 -13 -14 -15 -16 -17 -18 23 -20 -21 -22 22 -24 -25 -26 -27 -28 29 -30 -31
leaf_value=0.00066103074244045434 -0.0012159624796886112 0.0047190446793486792 -0.0013516173661502597 -0.0025279126043279646 0.0030939462870962515 -0.0046863306865434834 0.0011312156778376795 0.0059786534463543879 0.0019499513794908809 -0.00054313272225444461 0.0019107436289734665 0.00073998219870056179 -0.00012688235146963574 0.0015378171140035977 0.00031301331502364238 0.00041814513473173833 0.0040696634343409541 0.00061691289145670734 0.0031977241790195755 0.00018392701690200591 0.0001440723815206544 -0.00063826022754570697 0.0012444550976171535 0.0015261516437918817 -0.001293103951177941 0.0023813544259042984 -0.0003490759122367465 -0.000874361308478735 0.00091525990608966193 0.00036734542650898767
leaf_weight=70 768 96 3781 149 193 767 1152 60 132 1632 81 288 95 96 585 470 160 1737 556 161 25463 16151 1344 861 1274 79 53950 6824 410 5376
leaf_count=70 768 96 3781 149 193 767 1152 60 132 1632 81 288 95 96 585 470 160 1737 556 161 25463 16151 1344 861 1274 79 53950 6824 410 5376
internal_value=-0.000421247 -0.000777509 -1.16321e-05 -0.00015788 0.00168403 1.34944e-05 7.78441e-05 0.00185678 0.0108854 0.00255208 0.00178615 0.00689236 0.0116667 -0.000688659 0.00457031 0.00667192 0.0112162 0.00147804 0.00507092 0.00761682 -0.000114488 -0.000661502 -0.000875966 0.000823862 -1.82675e-05 0.013125 -0.000800692 -5.1263e-05 0.0078125 -0.000360657
internal_weight=124761 66726 58035 53427 4608 49646 48879 4769 192 3840 3264 576 288 1728 1536 951 481 4577 705 321 44110 18647 17495 3872 3011 160 66630 12680 480 12200
internal_count=124761 66726 58035 53427 4608 49646 48879 4769 192 3840 3264 576 288 1728 1536 951 481 4577 705 321 44110 18647 17495 3872 3011 160 66630 12680 480 12200
is_linear=0
shrinkage=0.05


Tree=107
num_leaves=31
num_cat=0
split_feature=4 10 9 9 10 7 3 0 4 0 7 11 0 11 9 3 3 0 3 0 3 3 8 0 1 4 8 9 11 11
split_gain=6.78002 7.74054 7.07841 14.8485 8.29222 6.19988 11.8086 8.35935 6.84004 5.98362 5.74584 5.65419 5.34405 5.1328 5.06743 8.28632 15.3081 7.40504 5.46366 4.72107 9.61721 17.3517 8.08692 6.63769 6.4543 5.87967 12.3202 8.09032 10.5387 8.25918
threshold=-0.20180761162458913 1.0000000180025095e-35 26.413281250000001 26.386197916666671 1.0000000180025095e-35 26.612500000000004 -0.52766804058324157 20.500000000000004 -0.10837475778693638 69.500000000000014 24.962500000000006 0.94542443323476821 27.500000000000004 0.88973885209876746 25.809114583333336 -0.92274349529687905 -0.95995996396290595 19.500000000000004 -0.94705910369513524 30.500000000000004 0.16799745313369893 0.31799963745711152 18.950000000000003 60.500000000000007 5.5000000000000009 0.071972700440407641 27.950000000000003 21.593229166666671 1.0202540345051931 1.0689154666101566
decision_type=2 2 2 2 2 2 2 2 2 2 2 2 2 2 2 2 2 2 2 2 2 2 2 2 2 2 2 2 2 2
left_child=2 5 3 4 -1 6 8 -8 10 12 -2 13 -5 -4 15 16 -10 -18 -19 20 -3 22 -22 -21 -24 -23 -27 28 -28 -29
right_child=1 19 11 9 -6 -7 7 -9 14 -11 -12 -13 -14 -15 -16 -17 17 18 -20 23 21 25 24 -25 -26 26 27 29 -30 -31
leaf_value=0.0055906999654672081 0.0022476575033953503 -0.00094700208265625072 2.586282270121945e-05 0.0024714907171755696 0.00020292561371117439 -0.0016042807597775625 -0.0014278359018741844 -0.00044789927635492747 -0.0006921121242699635 0.0066208043160297927 0.00064731179510780818 8.564875525949396e-05 0.00068766612114517199 -0.0010710754225570268 -0.0012722521472110155 9.1794200160669827e-05 0.0048718857867314502 0.0093090716050029318 0.0018733851994197131 0.00042251425159090618 0.00054794131873272351 -0.0014038141024324937 0.00052069871766452188 -0.00020670455359366553 0.0014170865536467425 -0.00025841339183079164 0.0012723187702179592 0.00021042749434520213 0.00014434697346359118 0.00085082284886348546
leaf_weight=96 113 6700 5651 56 1824 3851 4452 14693 281 52 152 41362 84 7186 1465 4533 100 77 137 12060 372 992 124 14070 62 3038 62 899 93 124
leaf_count=96 113 6700 5651 56 1824 3851 4452 14693 281 52 152 41362 84 7186 1465 4533 100 77 137 12060 372 992 124 14070 62 3038 62 899 93 124
internal_value=-0.000410025 -0.00074434 -3.64169e-06 0.00283617 0.00151042 -0.0013489 -0.00107161 -0.00170932 0.00070866 0.0160937 0.0085849 -0.000114302 0.0107143 -0.00103101 0.000392081 0.00113299 0.00668067 0.0142675 0.00901869 -0.000276714 -0.00107733 0.000419701 0.00879928 0.000105242 0.0173118 -0.000478112 0.000336811 0.00467742 0.0153226 0.00306451
internal_weight=124761 68450 56311 2112 1920 29854 26003 19145 6858 192 265 54199 140 12837 6593 5128 595 314 214 38596 12466 5766 558 26130 186 5208 4216 1178 155 1023
internal_count=124761 68450 56311 2112 1920 29854 26003 19145 6858 192 265 54199 140 12837 6593 5128 595 314 214 38596 12466 5766 558 26130 186 5208 4216 1178 155 1023
is_linear=0
shrinkage=0.05


Tree=108
num_leaves=31
num_cat=0
split_feature=4 10 0 0 0 3 3 8 4 8 9 11 0 1 11 0 0 0 0 3 8 3 3 11 11 11 3 0 9 0
split_gain=6.41078 6.08817 6.52565 5.73378 5.30978 7.8028 15.0553 6.62724 6.2537 10.6814 7.12847 6.52571 5.84439 5.68817 5.07055 4.90929 4.81371 5.35317 4.68852 13.0965 5.74486 11.3116 4.38658 4.47187 4.17654 5.34813 5.51566 9.59708 4.30234 5.08449
threshold=-0.25206183926700709 1.0000000180025095e-35 71.500000000000014 51.500000000000007 30.500000000000004 0.16799745313369893 0.31799963745711152 18.950000000000003 0.071972700440407641 27.950000000000003 21.539583333333336 1.0689154666101566 60.500000000000007 5.5000000000000009 1.2099088115144543 6.5000000000000009 73.500000000000014 87.500000000000014 86.500000000000014 -0.94705910369513524 30.750000000000004 -0.99166060804803513 0.71503381463111937 0.93243445665923741 0.93309361111522005 0.88973885209876746 -0.79384350655589164 48.500000000000007 26.413281250000001 73.500000000000014
decision_type=2 2 2 2 2 2 2 2 2 2 2 2 2 2 2 2 2 2 2 2 2 2 2 2 2 2 2 2 2 2
left_child=24 2 3 -2 5 14 7 -7 -8 22 -11 -12 -6 -9 15 -3 -14 -18 -4 20 21 -20 23 -10 25 26 27 -1 29 -27
right_child=1 4 18 -5 12 6 8 13 9 10 11 -13 16 -15 -16 -17 17 -19 19 -21 -22 -23 -24 -25 -26 28 -28 -29 -30 -31
leaf_value=0.005832786571322259 -0.000444696249186742 8.8166809850922738e-06 0.00025718202068321491 -0.0012366524368081669 0.00039653628620497732 0.00052054425279608697 -0.0014499345329490728 0.00049466378178129563 0.0016802946632987125 0.0010185773913176804 0.0002259015878409993 0.00080828170642031005 -0.00080655652513920333 0.0013462322259644049 0.0018966670353190787 -0.0012779920462351125 0.00035445722913704861 -0.00055495372237541649 0.00023257529197049238 -0.00092592177084800838 0.00061529425159016998 0.0089616327270733084 -0.00063382920848958956 -2.0295302322454039e-05 0.0001109363870364723 0.00011851953519185662 -9.2401332895113763e-05 -0.0010254235245583635 -0.0011784601556880188 0.0044536699371774844
leaf_weight=98 16488 1544 4755 6340 12390 372 1147 124 62 93 961 124 5369 62 62 5280 5782 3304 81 2478 216 72 1333 1643 42898 222 5843 94 5458 66
leaf_count=98 16488 1544 4755 6340 12390 372 1147 124 62 93 961 124 5369 62 62 5280 5782 3304 81 2478 216 72 1333 1643 42898 222 5843 94 5458 66
internal_value=-0.000408422 -0.000725009 -0.00125698 -0.00167952 -0.000316757 -0.00115445 0.000176489 0.00799283 -0.000636772 0.000253794 0.00429541 0.00315668 8.2882e-05 0.0156989 -0.00229887 -0.0024282 -0.00060014 0.000101253 1.18378e-05 -0.00159291 0.00719512 0.0146078 -0.00131337 0.000366568 -2.65303e-06 -0.000836518 0.000202981 0.00854167 -0.0019283 0.00402778
internal_weight=124761 70082 30430 22828 39652 12807 5921 558 5363 4216 1178 1085 26845 186 6886 6824 14455 9086 7602 2847 369 153 3038 1705 54679 11781 6035 192 5746 288
internal_count=124761 70082 30430 22828 39652 12807 5921 558 5363 4216 1178 1085 26845 186 6886 6824 14455 9086 7602 2847 369 153 3038 1705 54679 11781 6035 192 5746 288
is_linear=0
shrinkage=0.05


Tree=109
num_leaves=31
num_cat=0
split_feature=4 8 8 10 9 9 9 8 3 5 4 11 11 3 0 9 0 1 0 8 7 8 7 3 1 0 7 7 11 3
split_gain=6.11777 5.85425 7.50151 6.12042 7.87779 5.31684 5.03578 4.76074 6.99074 5.61565 5.13611 3.88107 5.00649 4.85845 8.74122 4.21479 5.08449 4.21051 9.50705 11.2085 7.30942 4.8487 5.15183 3.83507 3.75556 3.40675 3.34247 5.30772 4.08062 3.20288
threshold=-0.25206183926700709 33.850000000000001 31.150000000000002 1.0000000180025095e-35 25.201562500000005 24.258333333333336 24.116406250000004 32.250000000000007 0.96687895796550427 1.0000000180025095e-35 -0.022575793296316496 0.93309361111522005 0.88973885209876746 -0.79384350655589164 48.500000000000007 26.413281250000001 73.500000000000014 1.0000000180025095e-35 42.500000000000007 31.950000000000003 27.737500000000004 38.150000000000013 30.187500000000004 -0.9731273977605811 5.5000000000000009 90.500000000000014 26.537500000000005 20.187500000000004 0.93309361111522005 -0.9954993026558282
decision_type=2 2 2 2 2 2 2 2 2 2 2 2 2 2 2 2 2 2 2 2 2 2 2 2 2 2 2 2 2 2
left_child=11 2 29 4 5 -4 -5 10 9 -9 -8 12 13 14 -1 16 -14 18 -15 20 -20 -19 -23 -11 -7 -13 27 -10 -29 -2
right_child=1 -3 3 6 -6 24 7 8 26 23 -12 25 15 17 -16 -17 -18 21 19 -21 -22 22 -24 -25 -26 -27 -28 28 -30 -31
leaf_value=0.0055411472427561465 -0.0019475097755932971 -0.0012726091602612833 -0.00081416427889196294 -0.0014521065807818914 -0.0016225143926108033 0.0016426445159179856 -0.00013159246114287344 -0.0016019589561959112 4.020131842153422e-05 0.00051705396050254237 0.0018172897419384681 5.8126773351071067e-05 0.0001125935584322629 -0.0014401619296924943 -0.00097415234833044505 -0.0011195371479036183 0.0042309864403186131 -0.00052233661932576806 0.00075365830237478974 0.00043210283075746078 0.006589008968557253 0.0037737293793057799 0.00036104078471678263 0.0058283017667693626 -0.0014081486356750748 0.00072810606786898708 0.00025629902630747967 0.0022492785054137039 0.0018779675624026521 -0.00023764288877898109
leaf_weight=98 2020 4416 384 480 1732 480 480 1248 282 192 1440 40663 222 395 94 5458 66 4693 74 265 138 101 177 96 96 2235 527 76 363 55770
leaf_count=98 2020 4416 384 480 1732 480 480 1248 282 192 1440 40663 222 395 94 5458 66 4693 74 265 138 101 177 96 96 2235 527 76 363 55770
internal_value=-0.000403613 -0.00071288 -0.000594373 0.000853224 -0.00108098 0.00255208 0.00185764 0.00235544 0.00103448 -0.00122396 0.00427083 -7.22517e-06 -0.000811053 0.000194696 0.00802083 -0.00186739 0.00402778 -6.24691e-05 0.0031422 0.00789308 0.0164623 -0.000624624 0.00579137 0.00506944 0.00559028 0.000213529 0.0038141 0.00602635 0.00946469 -0.000791661
internal_weight=124761 70082 65666 7876 2692 960 5184 4704 2784 1536 1920 54679 11781 6035 192 5746 288 5843 872 477 212 4971 278 288 576 42898 1248 721 439 57790
internal_count=124761 70082 65666 7876 2692 960 5184 4704 2784 1536 1920 54679 11781 6035 192 5746 288 5843 872 477 212 4971 278 288 576 42898 1248 721 439 57790
is_linear=0
shrinkage=0.05


Tree=110
num_leaves=31
num_cat=0
split_feature=4 10 7 3 0 8 10 4 7 0 3 3 8 0 7 0 9 4 4 9 9 1 9 9 11 8 0 3 0 3
split_gain=5.7064 6.00094 6.09471 11.4918 8.67656 5.73393 5.83456 5.45544 5.5719 5.03096 7.67895 13.2574 6.02509 5.44715 5.33401 6.87775 9.14379 6.4857 5.10057 8.6825 7.14955 4.97043 4.77108 10.0013 7.34317 4.76726 4.60981 4.58993 4.51424 4.46502
threshold=-0.20180761162458913 1.0000000180025095e-35 26.612500000000004 -0.52766804058324157 19.500000000000004 29.350000000000005 1.0000000180025095e-35 -0.10837475778693638 24.962500000000006 30.500000000000004 0.16799745313369893 0.31799963745711152 18.950000000000003 60.500000000000007 24.337500000000006 17.500000000000004 27.749479166666671 0.04621408538533487 0.071972700440407641 21.076822916666668 21.539583333333336 5.5000000000000009 25.419010416666669 25.138020833333339 0.99415218657029769 31.450000000000003 72.500000000000014 0.71503381463111937 87.500000000000014 0.88220160189607266
decision_type=2 2 2 2 2 2 2 2 2 2 2 2 2 2 2 2 2 2 2 2 2 2 2 2 2 2 2 2 2 2
left_child=5 2 3 7 -5 6 -1 8 -2 10 14 12 -12 -11 -3 16 17 -16 -13 27 -21 -14 23 25 -25 -9 -15 -20 -28 -22
right_child=1 9 -4 4 -6 -7 -8 22 -10 13 11 18 21 26 15 -17 -18 -19 19 20 29 -23 -24 24 -26 -27 28 -29 -30 -31
leaf_value=0.0052842972542119409 0.0021693915851238696 -0.00096294629973648043 -0.0014697984245203416 -0.0013298944501747879 -0.00039749229748422963 -5.1200327589988662e-05 0.00060870966515133324 0.00010670705548832649 0.00048772899926678541 0.00038497499364638691 0.00050639918459523215 -0.0012383985989775064 0.00048181273713117975 -0.00082204499486837721 0.0020615658740923359 -0.0024038271897054517 -0.00061977887001939515 0.0056869214183096527 5.6645075256736156e-05 0.00097953066619074465 -0.0017050983543117591 0.0012908027591051329 -0.00092729199310739993 0.001035742640604911 0.008643882410852231 0.002904061330512069 0.00031694968011170243 -0.00069512388633453676 -0.00052177924914526572 0.00038295514803861661
leaf_weight=96 113 5934 3851 4240 14905 54583 1632 4507 152 12060 372 992 124 4824 147 330 216 73 1705 93 186 62 1764 132 59 131 6030 1271 3216 961
leaf_count=96 113 5934 3851 4240 14905 54583 1632 4507 152 12060 372 992 124 4824 147 330 216 73 1705 93 186 62 1764 132 59 131 6030 1271 3216 961
internal_value=-0.000395998 -0.000702704 -0.00123501 -0.000960083 -0.00158919 -2.31761e-05 0.0028125 0.000796149 0.00783019 -0.000290964 -0.00111744 0.000220255 0.0075448 0.000103328 -0.00226866 0.00165796 0.00577982 0.0129545 -0.000564517 0.000194496 0.00370968 0.0148925 0.000513422 0.00132636 0.0125393 0.000864596 -0.000565033 -0.00127016 8.86858e-05 0.0026286
internal_weight=124761 68450 29854 26003 19145 56311 1728 6858 265 38596 12466 5766 558 26130 6700 766 436 220 5208 4216 1240 186 6593 4829 191 4638 14070 2976 9246 1147
internal_count=124761 68450 29854 26003 19145 56311 1728 6858 265 38596 12466 5766 558 26130 6700 766 436 220 5208 4216 1240 186 6593 4829 191 4638 14070 2976 9246 1147
is_linear=0
shrinkage=0.05


Tree=111
num_leaves=31
num_cat=0
split_feature=4 8 8 10 9 9 9 8 3 5 3 7 11 11 3 0 1 0 8 7 8 7 9 0 3 9 3 8 0 10
split_gain=5.88003 5.25499 6.57906 5.57087 7.00021 4.84184 4.55406 4.23613 6.48018 5.37778 4.09827 4.94034 3.75598 4.60063 3.68695 7.14938 3.91456 9.13078 11.14 7.04 4.2916 4.4562 3.43521 3.72749 3.25409 9.73328 5.02652 14.3008 9.27003 6.5787
threshold=-0.25206183926700709 33.850000000000001 31.150000000000002 1.0000000180025095e-35 25.201562500000005 24.258333333333336 24.116406250000004 32.350000000000001 0.96687895796550427 1.0000000180025095e-35 0.98802474685579866 19.587500000000006 0.93309361111522005 0.88973885209876746 -0.79384350655589164 48.500000000000007 1.0000000180025095e-35 42.500000000000007 31.950000000000003 27.737500000000004 38.150000000000013 30.187500000000004 26.413281250000001 73.500000000000014 -0.9954993026558282 26.541666666666668 -0.86546281643016554 28.250000000000004 12.500000000000002 1.0000000180025095e-35
decision_type=2 2 2 2 2 2 2 2 2 2 2 2 2 2 2 2 2 2 2 2 2 2 2 2 2 2 2 2 2 2
left_child=12 2 24 4 5 -4 -5 10 9 -9 11 -8 13 14 15 -1 17 -16 19 -19 -18 -22 23 -15 25 -2 27 28 -26 -29
right_child=1 -3 3 6 -6 -7 7 8 -10 -11 -12 -13 -14 22 16 -17 20 18 -20 -21 21 -23 -24 -25 26 -27 -28 29 -30 -31
leaf_value=0.0052666498969978397 -0.002478272509304161 -0.001197887489339659 -0.00073478089371378232 -0.001328326514739564 -0.0014953679060920383 0.0012847356861519972 0.0019224328188496315 -0.0019602156931342223 0.00078700626427414546 0.0022370493296601751 -8.246231971436296e-05 0.0016255009605141088 0.0001005901158227693 0.00010952389689015015 -0.001365593816828368 -0.00095588021417148989 -0.0004936597719799804 0.00070863669631722383 0.00041305770559908734 0.0062621185365088873 0.0035876029267199968 0.00034554876186044327 -0.0010610002741289399 0.0040219971346821815 0.00089884177751607057 0.0020048026563284707 -0.00028322014584499915 0.00074164708777162949 0.00089027624022546394 -0.00083458173940352944
leaf_weight=98 1732 4416 384 480 1732 576 51 1152 1248 288 480 1485 42898 222 395 94 4693 74 265 138 101 177 5458 66 143 288 48186 2208 913 4320
leaf_count=98 1732 4416 384 480 1732 576 51 1152 1248 288 480 1485 42898 222 395 94 4693 74 265 138 101 177 5458 66 143 288 48186 2208 913 4320
internal_value=-0.000400407 -0.000703606 -0.000591327 0.000764346 -0.00108098 0.00234375 0.00172261 0.002196 0.000896576 -0.00138889 0.00392857 0.0051888 -1.17973e-05 -0.000802565 0.000161556 0.00697917 -6.24691e-05 0.00302752 0.00768344 0.0162264 -0.000604507 0.00543165 -0.00181518 0.00350694 -0.000776087 -0.00274753 -0.000704681 0.000491824 0.00589015 -0.000381435
internal_weight=124761 70082 65666 7876 2692 960 5184 4704 2688 1440 2016 1536 54679 11781 6035 192 5843 872 477 212 4971 278 5746 288 57790 2020 55770 7584 1056 6528
internal_count=124761 70082 65666 7876 2692 960 5184 4704 2688 1440 2016 1536 54679 11781 6035 192 5843 872 477 212 4971 278 5746 288 57790 2020 55770 7584 1056 6528
is_linear=0
shrinkage=0.05


Tree=112
num_leaves=31
num_cat=0
split_feature=4 8 10 0 0 3 8 3 10 0 4 10 9 7 0 3 9 9 9 3 3 8 1 9 9 11 11 0 3 0
split_gain=5.29252 5.42661 5.41942 5.24052 6.02698 6.47763 5.8762 11.5112 5.3471 8.45873 5.26939 6.31641 6.94053 5.19334 4.77578 9.70135 5.31892 4.94792 4.59474 4.48109 4.40732 8.74738 4.40704 4.3735 14.1364 4.25986 4.06914 4.01476 4.42557 3.94424
threshold=-0.20180761162458913 29.350000000000005 1.0000000180025095e-35 29.500000000000004 39.500000000000007 -0.074117382312902977 27.650000000000002 0.89017062131308955 1.0000000180025095e-35 69.500000000000014 0.071972700440407641 1.0000000180025095e-35 23.598958333333339 25.712500000000006 86.500000000000014 -0.94705910369513524 25.580989583333338 25.771875000000005 27.918750000000003 -0.57078386445773377 -0.93235440815991333 30.650000000000002 5.5000000000000009 26.459114583333335 26.386197916666671 0.96442534268406488 1.2099088115144543 36.500000000000007 0.78857998149907527 69.500000000000014
decision_type=2 2 2 2 2 2 2 2 2 2 2 2 2 2 2 2 2 2 2 2 2 2 2 2 2 2 2 2 2 2
left_child=1 2 -1 26 5 -5 27 -8 9 -6 -9 -12 -13 -14 16 17 19 -16 23 25 -20 -22 -10 24 -3 -11 -2 -7 -29 -26
right_child=3 18 -4 4 8 6 7 10 22 14 11 12 13 -15 15 -17 -18 -19 20 -21 21 -23 -24 -25 29 -27 -28 28 -30 -31
leaf_value=0.004983000037112763 -0.00034398214281952921 -0.00026974647289479821 0.00059932101862276153 -0.00029991276123227925 -0.00098339295162321798 -4.758854481807918e-05 0.0036432258810224385 0.00015616399314890287 -0.00016451638897186657 -0.00039222119203265887 -0.0015013872401677332 0.00051207666005558179 0.0049119705919804081 0.0022606034442656207 0.011602100330951201 -0.00086165596265836439 -0.0016021525625819237 0.00077846743258739106 0.0012037238617626817 0.00013595124603691666 0.0037422350679472069 -3.1776850634711956e-05 0.00057827313340763381 -0.00092452950093120938 0.0014970797991529369 0.0011708682852069833 0.0018148889944176482 0.0027826782880508109 -0.00079731411243700678 0.0057191771983077727
leaf_weight=96 21338 1056 1632 3340 9330 1953 110 480 19152 323 100 110 126 74 54 2451 748 288 1824 3536 192 44213 3360 7106 140 680 60 678 159 52
leaf_count=96 21338 1056 1632 3340 9330 1953 110 480 19152 323 100 110 126 74 54 2451 748 288 1824 3536 192 44213 3360 7106 140 680 60 678 159 52
internal_value=-0.000391991 -3.29432e-05 0.00272569 -0.000687364 -0.000392333 0.000946703 0.00236148 0.00565 -0.000631483 -0.00128949 0.00376404 0.00792683 0.0114516 0.017 -0.000105199 -0.00177766 0.000778323 0.00611111 -0.000120277 0.00142212 7.47354e-05 -2.42102e-05 -0.000122602 -0.00119943 0.00153045 0.00437188 -0.00133611 0.00118279 0.00408005 0.0140104
internal_weight=124761 56311 1728 68450 47052 7130 3790 1000 39922 17410 890 410 310 200 8080 2793 5287 342 54583 4539 46229 44405 22512 8354 1248 1003 21398 2790 837 192
internal_count=124761 56311 1728 68450 47052 7130 3790 1000 39922 17410 890 410 310 200 8080 2793 5287 342 54583 4539 46229 44405 22512 8354 1248 1003 21398 2790 837 192
is_linear=0
shrinkage=0.05


Tree=113
num_leaves=31
num_cat=0
split_feature=4 8 8 10 9 9 9 8 3 5 11 3 3 11 9 8 8 0 3 3 3 11 8 7 8 9 9 3 8 1
split_gain=5.02723 4.91503 5.12675 4.32261 6.2179 4.61267 4.09297 4.08163 5.53956 4.9 3.92912 5.21105 7.56401 7.47738 4.82075 8.70455 8.44894 5.5121 5.32013 4.91115 6.83205 4.7438 4.28143 4.80794 7.38276 4.15716 11.0087 4.76554 4.41537 5.06527
threshold=-0.25206183926700709 33.850000000000001 31.150000000000002 1.0000000180025095e-35 25.201562500000005 24.258333333333336 24.116406250000004 32.350000000000001 0.96687895796550427 1.0000000180025095e-35 1.0221204649632492 -0.56368474752277564 -0.58482361983252518 1.0267603807040537 29.525520833333335 33.95000000000001 33.650000000000013 25.500000000000004 -0.67803021058859214 -0.75015329512557205 -0.71504373327588355 1.0230935316253413 39.95000000000001 30.312500000000004 41.550000000000004 26.413281250000001 26.386197916666671 0.16799745313369893 32.150000000000013 1.0000000180025095e-35
decision_type=2 2 2 2 2 2 2 2 2 2 2 2 2 2 2 2 2 2 2 2 2 2 2 2 2 2 2 2 2 2
left_child=10 2 -2 4 5 -4 -5 -8 9 -9 22 12 14 -13 16 -16 17 18 19 21 -21 -12 25 24 -24 26 -1 28 29 -27
right_child=1 -3 3 6 -6 -7 7 8 -10 -11 11 13 -14 -15 15 -17 -18 -19 -20 20 -22 -23 23 -25 -26 27 -28 -29 -30 -31
leaf_value=7.9491241871797034e-05 -0.00022622434059200536 -0.0011252585431428617 -0.00067506425063572839 -0.0013187087910681069 -0.0014008737755932359 0.0012365534930254632 0.0011556851108759786 -0.0018554679201695072 0.00074674885336769019 0.0021334226826257587 0.0062905116107707425 0.0018518551753133128 0.0025857120588839962 -3.134389600756153e-05 -0.0011577386919234419 0.0049285092227332817 0.0044946965934325204 0.00052434468552914305 -0.0010277375197760901 0.0058186443468372468 0.0016590832972068108 0.0011608445395589143 0.00065556971079458459 0.00055244335233832378 0.0065015558893898821 0.0015949049462064538 0.0022109046918036643 -0.00093657650815008652 0.00025976258481291221 -0.00073145066330509447
leaf_weight=1248 57790 4416 384 480 1732 576 2016 1152 1248 288 52 480 96 18912 1343 192 96 2170 156 52 78 468 174 1163 103 868 192 8916 9856 8064
leaf_count=1248 57790 4416 384 480 1732 576 2016 1152 1248 288 52 480 96 18912 1343 192 96 2170 156 52 78 468 174 1163 103 868 192 8916 9856 8064
internal_value=-0.000387582 -0.000667933 -0.000559347 0.000637378 -0.000988114 0.00223958 0.00148148 0.00193027 0.000654761 -0.00145833 -2.8257e-05 0.000449262 0.00194238 8.71481e-05 0.00165292 -0.00063518 0.00279622 0.00232527 0.00585608 0.00784615 0.0165385 0.00567308 -0.000404461 0.00225694 0.00817689 -0.000535961 0.00208333 -0.000672106 -0.000220355 -0.00102553
internal_weight=124761 70082 65666 7876 2692 960 5184 4704 2688 1440 54679 24095 4703 19392 4607 1535 3072 2976 806 650 130 520 30584 1440 277 29144 1440 27704 18788 8932
internal_count=124761 70082 65666 7876 2692 960 5184 4704 2688 1440 54679 24095 4703 19392 4607 1535 3072 2976 806 650 130 520 30584 1440 277 29144 1440 27704 18788 8932
is_linear=0
shrinkage=0.05


Tree=114
num_leaves=31
num_cat=0
split_feature=4 0 0 0 0 10 9 3 0 10 11 3 3 11 9 8 8 0 3 3 3 11 8 1 1 8 3 9 1 10
split_gain=4.41027 5.02551 9.21228 6.44228 6.17565 7.96243 7.29533 5.21417 4.58128 4.25187 3.67409 4.79965 6.55808 6.28987 4.68459 8.54339 6.62662 5.01154 5.00648 4.82462 6.28205 4.30855 4.25656 4.24038 3.72608 5.2271 3.76525 7.00729 8.55868 3.66428
threshold=-0.25206183926700709 72.500000000000014 86.500000000000014 61.500000000000007 29.500000000000004 1.0000000180025095e-35 25.676822916666669 -0.88622299073327826 39.500000000000007 1.0000000180025095e-35 1.0221204649632492 -0.56368474752277564 -0.58482361983252518 1.0267603807040537 29.525520833333335 33.650000000000013 33.95000000000001 25.500000000000004 -0.67803021058859214 -0.75015329512557205 -0.71504373327588355 1.0230935316253413 29.650000000000002 4.5000000000000009 2.5000000000000004 34.850000000000001 -0.21861968191509915 31.988020833333334 4.5000000000000009 1.0000000180025095e-35
decision_type=2 2 2 2 2 2 2 2 2 2 2 2 2 2 2 2 2 2 2 2 2 2 2 2 2 2 2 2 2 2
left_child=10 3 -3 4 -2 6 8 9 -6 -4 -1 12 14 -13 15 17 -16 18 19 21 -21 -12 23 -23 -15 -26 27 28 -27 -28
right_child=1 2 7 -5 5 -7 -8 -9 -10 -11 11 13 -14 24 16 -17 -18 -19 -20 20 -22 22 -24 -25 25 26 29 -29 -30 -31
leaf_value=-0.00019081974215151101 -0.00031350611966923461 0.0003076574890619226 0.001804516557057782 -0.00091425247918001473 0.00053264351904840817 0.00031967487609769628 -0.0024330093046431999 -0.00067129211987454192 -0.00047140950877164981 -0.00035700841153599839 0.0059759860302322047 0.001759262416547649 0.0024564264559397949 -0.00047304892178841041 -0.0010998517573272677 0.0042699617637608957 0.004682083761596614 0.00049812745125268865 -0.00097635064378728321 0.0055277121294953864 0.0015761291323464724 0.00042006375796265475 0.00064956782088899457 0.0023333383907982209 -0.00042425442867978486 0.0024746582897438476 3.5795107358921593e-06 0.0055687938900654101 -0.002431721213379711 0.00098399477026003368
leaf_weight=30584 21908 10220 450 8030 2680 13216 1568 5304 5896 810 52 480 96 7488 1343 96 192 2170 156 52 78 52 364 52 4312 192 3940 192 288 2500
leaf_count=30584 21908 10220 450 8030 2680 13216 1568 5304 5896 810 52 480 96 7488 1343 96 192 2170 156 52 78 52 364 52 4312 192 3940 192 288 2500
internal_value=-0.000373956 -0.000636541 0.000117968 -0.000874143 -0.000642618 -7.7056e-05 -0.00113072 -0.00134369 -0.000557371 0.00154762 -3.74013e-05 0.000424361 0.00185732 7.68346e-05 0.0015878 0.00271484 -0.000667754 0.00224126 0.00560794 0.00753846 0.0161538 0.00538461 0.00386752 0.0127885 -6.66256e-05 0.000501574 0.00133436 0.00489583 0.00166667 0.000962732
internal_weight=124761 70082 16784 53298 45268 23360 10144 6564 8576 1260 54679 24095 4703 19392 4607 3072 1535 2976 806 650 130 520 468 104 18912 11424 7112 672 480 6440
internal_count=124761 70082 16784 53298 45268 23360 10144 6564 8576 1260 54679 24095 4703 19392 4607 3072 1535 2976 806 650 130 520 468 104 18912 11424 7112 672 480 6440
is_linear=0
shrinkage=0.05


Tree=115
num_leaves=31
num_cat=0
split_feature=4 8 3 7 9 3 3 4 0 0 4 8 0 0 0 0 1 0 9 8 1 8 10 3 3 8 0 5 8 11
split_gain=4.09067 4.62499 4.30183 4.43962 4.2871 8.50694 7.49437 6 5.00099 4.29206 3.87102 3.8967 3.7593 9.60431 7.2104 5.57213 4.8786 6.44246 4.69264 6.32112 9.02333 6.09383 4.7241 6.25621 7.66373 5.8724 4.56367 4.45824 13.8889 6.32812
threshold=-0.25206183926700709 34.050000000000004 -0.99166060804803513 26.337500000000006 27.070312500000004 -0.98370366633421236 -0.9954993026558282 0.04621408538533487 11.500000000000002 41.500000000000007 -0.19337245081799007 29.050000000000004 88.500000000000014 72.500000000000014 60.500000000000007 30.500000000000004 3.5000000000000004 40.500000000000007 19.681770833333339 26.350000000000005 5.5000000000000009 20.750000000000004 1.0000000180025095e-35 0.1849296026015865 0.31799963745711152 17.550000000000004 11.500000000000002 1.0000000180025095e-35 26.950000000000003 1.0598548649382187
decision_type=2 2 2 2 2 2 2 2 2 2 2 2 2 2 2 2 2 2 2 2 2 2 2 2 2 2 2 2 2 2
left_child=-1 4 3 -3 6 7 -2 -6 -9 -10 11 -8 13 14 15 18 17 -17 21 20 26 22 -12 -24 25 -25 -20 -15 -29 -30
right_child=1 2 -4 -5 5 -7 10 8 9 -11 12 -13 -14 27 -16 16 -18 -19 19 -21 -22 -23 23 24 -26 -27 -28 28 29 -31
leaf_value=-2.1591849939053874e-05 -0.0021805816708504486 0.0025917100977066562 -0.0011999605291212144 -0.0012208494975878223 0.0006846709983874353 -0.0017400262453259184 0.00053223481752665426 0.0053556538493996957 -0.00022666925167441046 0.0034855060074357267 -0.00079130135563364179 0.0047185219193397274 -0.00068011993968727111 0.00020555456168704097 -0.0008836072210360006 0.00046704344875961616 0.00044946181422052484 -0.00057459108541738264 0.00089350457102144144 -9.3711570992219961e-05 0.0034107913242001024 -0.00080761099541477681 -0.00053475816788611178 0.00018992534265570402 0.00011570959638392955 0.00096357503132825828 -9.393514077009808e-05 -0.00088978312740367019 0.0025931913468279534 -0.0013144463276895918
leaf_weight=54679 1832 139 3936 149 1152 864 288 72 180 324 2759 96 4447 9599 7632 3580 8340 7160 168 7223 62 6076 1457 186 1240 279 266 256 256 64
leaf_count=54679 1832 139 3936 149 1152 864 288 72 180 324 2759 96 4447 9599 7632 3580 8340 7160 168 7223 62 6076 1457 186 1240 279 266 256 256 64
internal_value=-0.000361532 -0.000614424 -0.00221828 0.00368055 -0.000511556 0.00148148 -0.000593211 0.00350694 0.00767361 0.0059127 -0.000499236 0.00450521 -0.000530714 -0.000420739 -0.000725641 -0.000449274 0.000159852 -0.000544694 -0.00103875 -7.70837e-05 0.00538306 -0.0016575 -0.000515961 0.000803288 0.00285924 0.00833333 0.0028341 0.000970515 0.00524305 0.0121875
internal_weight=124761 70082 4224 288 65858 2592 63266 1728 576 504 61434 384 61050 56603 46428 38796 19080 10740 19716 7719 496 11997 5921 3162 1705 465 434 10175 576 320
internal_count=124761 70082 4224 288 65858 2592 63266 1728 576 504 61434 384 61050 56603 46428 38796 19080 10740 19716 7719 496 11997 5921 3162 1705 465 434 10175 576 320
is_linear=0
shrinkage=0.05


Tree=116
num_leaves=31
num_cat=0
split_feature=4 8 10 10 7 3 0 4 3 9 9 3 8 0 11 8 11 0 5 4 11 0 9 0 0 11 3 0 11 11
split_gain=4.21495 4.80321 4.63511 4.4671 5.60843 14.1449 8.90797 5.94133 4.90858 9.03924 10.2094 12.4156 10.0149 8.89228 8.2451 7.23176 6.48148 6.39444 6.06135 4.74485 4.45215 4.33845 4.34562 8.33343 12.5434 7.70868 5.65754 4.32036 4.09261 9.1875
threshold=-0.18493013702746822 29.350000000000005 1.0000000180025095e-35 1.0000000180025095e-35 24.962500000000006 -0.52766804058324157 19.500000000000004 -0.10837475778693638 -0.19337636264337835 25.676822916666669 23.888541666666672 -0.85671820900978868 28.250000000000004 13.500000000000002 0.86172850934224976 32.95000000000001 0.92774199459266771 33.500000000000007 1.0000000180025095e-35 0.04621408538533487 1.0480714376785738 5.5000000000000009 23.598958333333339 37.500000000000007 29.500000000000004 1.0610300454257775 0.9053161325100999 88.500000000000014 1.0076457126242271 0.97366293224832023
decision_type=2 2 2 2 2 2 2 2 2 2 2 2 2 2 2 2 2 2 2 2 2 2 2 2 2 2 2 2 2 2
left_child=1 2 -1 4 5 7 -7 -2 9 10 11 12 13 -5 -14 16 -11 -13 -19 -10 -20 -21 26 24 25 28 -23 -8 29 -24
right_child=3 -3 -4 8 -6 6 27 -9 19 15 -12 17 14 -15 -16 -17 -18 18 20 21 -22 22 23 -25 -26 -27 -28 -29 -30 -31
leaf_value=0.0044825958233727396 0.0020163372065735608 -5.6704630911479098e-05 0.00055754281580503568 0.00075217275601430862 -0.0011245194286539284 -0.0011822602419697234 -0.00021207624294938477 0.00027045654579525657 -0.00059499797420139609 -0.0037930696856729759 -0.0035190010621565892 -0.0015708520949280855 0.0022889409389426608 0.001013326955719685 -0.00026351568127241899 -0.0013949328513294694 0.0011911052171863568 -0.0004996592450949045 0.001360478838368452 0.00045201525561703091 0.0023705347876085063 0.00010481445944168205 -0.00024545997834233456 8.2930176997089627e-05 0.004169238150121826 0.0012038537543693228 -0.00068870657706372707 -0.001130833257892129 -0.0013186145967216405 0.0010811105892632792
leaf_weight=96 88 55159 1632 112 5532 4218 12797 5575 2688 288 2592 2618 96 656 1536 960 2788 4402 310 1194 62 13590 144 1392 192 96 2160 1452 264 72
leaf_count=96 88 55159 1632 112 5532 4218 12797 5575 2688 288 2592 2618 96 656 1536 960 2788 4402 310 1194 62 13590 144 1392 192 96 2160 1452 264 72
internal_value=-0.000361132 -4.36843e-05 0.00255208 -0.000627193 -0.00108759 -0.000758393 -0.00142877 0.00142769 -0.000269812 -0.000922656 -0.00159238 -0.000853759 0.00227083 0.00697917 5.51459e-05 0.00113231 0.00231469 -0.00186824 -0.000779222 0.000222099 0.00534946 0.000498847 0.000304298 0.00240741 0.00658854 0.0028993 1.58718e-05 -0.000831288 0.000312499 0.00541667
internal_weight=124761 56887 1728 67874 29662 24130 18467 5663 38212 16420 12384 9792 2400 768 1632 4036 3076 7392 4774 21792 372 19104 17910 2160 768 576 15750 14249 480 216
internal_count=124761 56887 1728 67874 29662 24130 18467 5663 38212 16420 12384 9792 2400 768 1632 4036 3076 7392 4774 21792 372 19104 17910 2160 768 576 15750 14249 480 216
is_linear=0
shrinkage=0.05


Tree=117
num_leaves=31
num_cat=0
split_feature=4 8 9 3 8 8 4 9 1 7 5 8 10 11 0 0 0 0 9 3 8 9 0 3 3 9 0 10 3 3
split_gain=4.07131 4.26031 5.25554 9.26368 6.91018 6.22033 4.39965 8.13802 9.57031 4.77254 4.39377 4.17613 4.33854 4.11351 3.69595 8.55588 7.46946 6.07158 4.21419 6.53045 5.05637 3.80909 4.63468 3.73352 3.65214 5.9871 3.28987 3.14323 4.9786 3.60388
threshold=-0.18493013702746822 33.850000000000001 26.965885416666669 -0.97694226132849327 32.45000000000001 32.650000000000013 -0.091258822863740666 26.386197916666671 4.5000000000000009 25.362500000000004 1.0000000180025095e-35 29.350000000000005 1.0000000180025095e-35 0.93309361111522005 88.500000000000014 71.500000000000014 59.500000000000007 30.500000000000004 20.992708333333336 -0.79384350655589164 20.200000000000006 21.076822916666668 12.500000000000002 0.48314048284850658 0.1849296026015865 14.867447916666668 90.500000000000014 1.0000000180025095e-35 0.31799963745711152 0.25206111083856975
decision_type=2 2 2 2 2 2 2 2 2 2 2 2 2 2 2 2 2 2 2 2 2 2 2 2 2 2 2 2 2 2
left_child=11 2 3 6 -4 14 7 8 9 -2 -7 12 -1 -13 15 16 17 18 19 -5 24 22 -20 -17 -21 27 -15 -26 29 -29
right_child=1 -3 4 5 -6 10 -8 -9 -10 -11 -12 13 -14 26 -16 23 -18 -19 21 20 -22 -23 -24 -25 25 -27 -28 28 -30 -31
leaf_value=0.0042584660322041029 0.0012728196075581842 -0.0011181428280057192 0.00121929844082481 0.00046376821737853237 -0.001837502532068782 0.00044721584612456152 -0.0020659218151762807 -0.0020737298393348905 0.0039186878845445276 -0.0022866963498637226 0.002373056561210625 -0.00043609310426359838 0.00052966567501478313 1.1335474731798494e-06 -0.00067035889630006219 0.00046918252473317494 -0.00088431277440382107 7.436650813316792e-05 0.0016030347511602041 -0.00061599171120448189 -0.00068355864415779971 -8.405092520294699e-06 4.5857355650989139e-05 -0.0001221210921799133 -0.00047455499175041538 0.0016668675975968225 0.00066963535814542068 0.00038616920338953612 2.6418251931374693e-06 0.00092754022121830358
leaf_weight=96 125 3360 1824 93 576 1632 3560 480 96 163 192 11397 1632 41482 4069 6545 6984 16878 65 2542 7812 4650 90 3348 1178 93 2280 248 1085 186
leaf_count=96 125 3360 1824 93 576 1632 3560 480 96 163 192 11397 1632 41482 4069 6545 6984 16878 65 2542 7812 4650 90 3348 1178 93 2280 248 1085 186
internal_value=-0.000353918 -0.000615406 -0.000525004 -0.000613711 0.00177083 -0.000444619 -0.00281872 0.000381943 0.00580729 0.00125 0.00242873 -4.19264e-05 0.00237847 -0.000117752 -0.000538432 -0.000424447 -0.000736685 -0.000438146 -0.00107582 -0.00153623 -0.00162964 0.000192507 0.00790322 0.000898109 -0.000442612 0.00080645 0.000102599 0.000376343 0.00187952 0.00640553
internal_weight=124761 67874 64514 62114 2400 57690 4424 864 384 288 1824 56887 1728 55159 55866 51797 41904 34920 18042 13237 13144 4805 155 9893 5332 2790 43762 2697 1519 434
internal_count=124761 67874 64514 62114 2400 57690 4424 864 384 288 1824 56887 1728 55159 55866 51797 41904 34920 18042 13237 13144 4805 155 9893 5332 2790 43762 2697 1519 434
is_linear=0
shrinkage=0.05


Tree=118
num_leaves=31
num_cat=0
split_feature=9 3 4 3 8 0 7 4 3 10 11 4 7 11 1 0 7 4 11 9 10 3 0 3 9 4 8 11 0 3
split_gain=3.9923 4.96218 3.91194 3.8959 7.35297 3.19442 4.1752 6.32868 3.87177 10.0523 8.66924 4.49014 8.20187 5.24505 4.68387 4.42467 4.32807 6.67196 6.79314 4.01788 4.12176 7.83056 4.94133 3.92521 3.91424 3.62087 4.93714 3.90399 3.63816 6.69218
threshold=27.918750000000003 0.89404822654372251 0.21652257995689161 -0.93235440815991333 30.650000000000002 30.500000000000004 27.112500000000004 -0.71502926860092908 -0.62588817255938378 1.0000000180025095e-35 0.99479232557030872 -0.10837475778693638 25.437500000000004 0.98846913179637863 2.5000000000000004 16.500000000000004 24.337500000000006 0.097680735332368748 1.0267603807040537 26.751302083333339 1.0000000180025095e-35 -0.30983472475487867 6.5000000000000009 -0.27694604220087021 22.537239583333335 0.99855310097228334 19.250000000000004 1.0802921153976739 39.500000000000007 -0.074117382312902977
decision_type=2 2 2 2 2 2 2 2 2 2 2 2 2 2 2 2 2 2 2 2 2 2 2 2 2 2 2 2 2 2
left_child=5 2 3 -2 -5 6 8 -8 9 10 11 12 -1 24 -15 16 -11 18 -18 20 -10 -22 -23 -24 -13 28 27 -27 29 -7
right_child=1 -3 -4 4 -6 25 7 -9 19 15 -12 13 -14 14 -16 -17 17 -19 -20 -21 21 22 23 -25 -26 26 -28 -29 -30 -31
leaf_value=0.0031560975293969322 0.0010150125449080053 -0.00076117720207607954 -0.0049536069189110021 0.0034840821366058255 1.3768777692133532e-05 -0.00044189659373810951 0.0051258267446196246 -0.00061324438736455903 -0.00078023319229867261 -0.0002950905077029253 -0.00041109475120081908 0.001099777178739743 0.000774648547153768 0.00057982187228685321 0.0049661833609567566 -0.0013369985746841703 -0.00021242682145739108 0.004848824471717781 0.0022640119512945503 -0.0020367613280177338 -0.0022865192669281487 0.00037086145268010174 0.0030391215765008302 -0.00013135373159841514 4.3121164079316495e-05 -8.5540789216154246e-05 0.0021778960900821504 0.0027158064570248926 -0.00021586639966521064 0.00098287973390392535
leaf_weight=169 2592 4032 384 192 41429 3429 68 77 6727 1786 1168 310 195 93 62 2050 523 54 139 1695 1178 1685 72 5705 837 1235 325 130 42946 3474
leaf_count=169 2592 4032 384 192 41429 3429 68 77 6727 1786 1168 310 195 93 62 2050 523 54 139 1695 1178 1685 72 5705 837 1235 325 130 42946 3474
internal_value=-0.000350712 3.18621e-06 0.000155054 0.000198696 8.15682e-05 -0.000576763 -0.00104562 0.00741379 -0.0010958 -0.000139454 0.00219831 0.0045138 0.00942308 0.00314132 0.0117742 -0.0015949 -0.000183854 0.00310056 0.00172205 -0.00150979 -0.00125496 -0.000532409 6.56648e-05 -0.000629221 0.00197472 -0.000353035 0.00192308 0.000604394 -0.0004302 0.00063523
internal_weight=124761 48629 44597 44213 41621 76132 24593 145 24448 7386 2834 1666 364 1302 155 4552 2502 716 662 17062 15367 8640 7462 5777 1147 51539 1690 1365 49849 6903
internal_count=124761 48629 44597 44213 41621 76132 24593 145 24448 7386 2834 1666 364 1302 155 4552 2502 716 662 17062 15367 8640 7462 5777 1147 51539 1690 1365 49849 6903
is_linear=0
shrinkage=0.05


Tree=119
num_leaves=31
num_cat=0
split_feature=9 3 4 3 8 0 0 11 11 4 10 7 3 0 0 0 0 3 11 7 5 6 1 3 3 8 9 0 11 8
split_gain=3.93941 4.26782 3.89799 3.54221 6.22817 3.33181 3.94389 3.81888 6.44746 4.87619 3.45664 5.21601 8.04603 5.12654 4.74961 6.44851 4.21534 3.79204 3.09076 3.01104 3.86645 3.4788 3.31261 2.93835 5.88854 13.4258 4.54736 6.43895 17.3077 11.9263
threshold=27.918750000000003 0.89404822654372251 0.21652257995689161 -0.93235440815991333 30.650000000000002 30.500000000000004 5.5000000000000009 0.87438713147174518 0.82629592353323422 -0.21022037796396451 1.0000000180025095e-35 24.862500000000004 -0.89406062840022227 84.500000000000014 70.500000000000014 51.500000000000007 62.500000000000007 -0.90893996196865023 0.73745831416842689 15.587500000000004 1.0000000180025095e-35 1.0000000180025095e-35 3.5000000000000004 -0.73866753694953124 -0.67803021058859214 31.750000000000004 29.570052083333341 25.500000000000004 0.99060004174370953 32.750000000000007
decision_type=2 2 2 2 2 2 2 2 2 2 2 2 2 2 2 2 2 2 2 2 2 2 2 2 2 2 2 2 2 2
left_child=5 2 3 -2 -5 6 7 8 -1 -10 11 12 17 14 15 -14 18 -7 -12 -18 -21 22 -22 -6 25 -25 27 28 -27 -30
right_child=1 -3 -4 4 23 10 -8 -9 9 -11 16 -13 13 -15 -16 -17 19 -19 -20 20 21 -23 -24 24 -26 26 -28 -29 29 -31
leaf_value=-0.00075052329473947416 0.00096426191766260574 -0.00072311834197227561 -0.004705926572965452 0.0033098780297755367 -0.00050142554251695877 0.0015326780052523402 -0.00036918357442639976 -2.5093548270972359e-05 0.0007874063835446839 0.0030997858299513948 0.0031596145162526034 -0.00095435853914574279 0.00022171283702040654 -0.00071640532547896597 0.00034710387785618952 -0.00089010230274028123 0.00020712879375129494 0.0020101904385872809 0.0002143269930203788 -0.00041195563804993101 -0.00098082627891569281 0.0023800909541344347 0.0015301296095491974 -0.0028050052019332459 2.1324371430714678e-05 -0.0029532794125254527 0.00069750101851094343 0.0025029943216719626 0.0066075623927452426 0.0037308909627104211
leaf_weight=150 2592 4032 384 192 5187 505 19823 4452 60 108 160 6120 4428 2863 3422 3337 3709 54 15008 11108 387 132 306 480 34514 78 384 630 52 104
leaf_count=150 2592 4032 384 192 5187 505 19823 4452 60 108 160 6120 4428 2863 3422 3337 3709 54 15008 11108 387 132 306 480 34514 78 384 630 52 104
internal_value=-0.000346303 5.24259e-06 0.000146085 0.000189649 7.79643e-05 -0.000570852 -0.00104969 0.000241089 0.00553459 0.0122619 -0.000342363 -0.000841576 -0.000328224 -0.000562279 -7.91109e-05 -0.00076304 -6.49259e-06 0.00555456 0.00058742 -0.000582408 -0.000969162 0.00233333 0.000916305 3.6326e-05 0.000195628 0.00304398 0.00577724 0.00778935 0.0148718 0.0244872
internal_weight=124761 48629 44597 44213 41621 76132 24593 4770 318 168 51539 20729 14609 14050 11187 7765 30810 559 15168 15642 11933 825 693 41429 36242 1728 1248 864 234 156
internal_count=124761 48629 44597 44213 41621 76132 24593 4770 318 168 51539 20729 14609 14050 11187 7765 30810 559 15168 15642 11933 825 693 41429 36242 1728 1248 864 234 156
is_linear=0
shrinkage=0.05


Tree=120
num_leaves=31
num_cat=0
split_feature=9 7 11 11 9 11 3 1 7 11 9 9 11 3 9 0 3 1 3 7 1 11 3 10 0 10 9 8 0 0
split_gain=3.7706 4.19845 3.13332 3.40296 4.58398 5.74002 6.3396 6.57744 3.95656 3.85641 4.21707 7.74861 5.32464 4.89177 4.1684 4.05443 3.49722 3.49464 8.9123 5.21647 4.80531 4.54717 5.23769 5.42597 4.87893 7.61571 3.76908 4.01492 11.6748 3.75086
threshold=27.918750000000003 25.262500000000006 1.1102543501962845 1.0480714376785738 11.341666666666669 1.103694758981794 -0.022576249993022688 1.0000000180025095e-35 14.512500000000001 1.0293602173369309 27.408593750000005 27.370572916666671 1.0236468970418959 -0.99697703579879204 27.845312500000002 16.500000000000004 -0.98664820696349753 3.5000000000000004 -0.99372698525316483 27.687500000000004 5.5000000000000009 0.88327974961520905 0.13398903995667991 1.0000000180025095e-35 7.5000000000000009 1.0000000180025095e-35 19.530989583333334 26.150000000000002 16.500000000000004 76.500000000000014
decision_type=2 2 2 2 2 2 2 2 2 2 2 2 2 2 2 2 2 2 2 2 2 2 2 2 2 2 2 2 2 2
left_child=2 -2 3 9 5 6 7 -5 -8 10 11 13 16 -1 -14 -13 -12 21 19 20 -19 24 -23 -24 25 -15 -20 28 -28 -25
right_child=1 -3 -4 4 -6 -7 8 -9 -10 -11 12 15 14 17 -16 -17 -18 18 26 -21 -22 22 23 29 -26 -27 27 -29 -30 -31
leaf_value=-0.0019379024818851568 -0.00082308772526898215 5.9534582734517205e-05 -0.001035905349423502 0.0014284615936827338 -0.00010804642969665054 0.0037260057066554756 0.0018298485035731374 -0.00043001008864157746 -0.0013026861343634164 -0.00057322571745065272 0.0009601877354329547 0.0039839690610418222 0.0029273977987392375 0.0039056988042977404 0.00019094767244736473 0.0014802094315918772 -0.0013430165980255768 0.0033660989830985506 -0.00016413695172993797 0.0037030435059066703 -0.0026165370619445952 -0.0005150564495059578 -0.00050617708094697646 3.2149636165649625e-05 0.00033665643217174849 0.00075562622607024382 0.0036538104465930034 0.00019854133945524421 0.00074448068910311783 0.00076336803406006309
leaf_weight=1160 2531 46098 2304 96 6042 96 805 1248 155 7200 384 68 96 56 192 316 4324 64 11520 66 62 14208 5760 6697 2288 152 51 8832 237 1653
leaf_count=1160 2531 46098 2304 96 6042 96 805 1248 155 7200 384 68 96 56 192 316 4324 64 11520 66 62 14208 5760 6697 2288 152 51 8832 237 1653
internal_value=-0.000338689 5.24259e-06 -0.000558373 -0.000501708 0.000443022 0.00229167 0.00179253 -0.000424108 0.00489583 -0.000623682 -0.000488607 -0.000358151 -0.0018775 -0.000409614 0.00472222 0.00671875 -0.00228122 -0.000337491 0.000162729 0.0108854 0.00492063 -0.000675668 -0.000855994 -0.000173637 0.00137019 0.00870192 6.29833e-05 0.000822367 0.00663194 0.000640717
internal_weight=124761 48629 76132 73828 8442 2400 2304 1344 960 65386 58186 53190 4996 52806 288 384 4708 51646 20832 192 126 30814 28318 14110 2496 208 20640 9120 288 8350
internal_count=124761 48629 76132 73828 8442 2400 2304 1344 960 65386 58186 53190 4996 52806 288 384 4708 51646 20832 192 126 30814 28318 14110 2496 208 20640 9120 288 8350
is_linear=0
shrinkage=0.05


Tree=121
num_leaves=31
num_cat=0
split_feature=0 8 9 0 0 0 10 9 9 8 3 3 3 8 11 4 9 9 8 0 0 0 4 7 8 11 11 1 1 11
split_gain=3.70304 3.50455 5.41043 4.23425 3.73128 6.37643 5.55809 5.87226 3.59262 3.39343 4.72026 3.27223 8.14513 6.5661 6.41677 5.75192 9.34407 6.54178 10.3512 6.2452 4.81554 4.6981 4.34444 3.93587 6.48045 4.74852 4.91555 6.83743 5.08523 3.8244
threshold=1.0000000180025095e-35 31.250000000000004 28.733593750000001 49.500000000000007 66.500000000000014 77.500000000000014 1.0000000180025095e-35 25.201562500000005 28.709114583333335 31.350000000000005 0.3504237462291826 -0.96463499255812291 -0.82897401153126982 28.250000000000004 0.86172850934224976 -0.091258822863740666 26.541666666666668 26.386197916666671 29.050000000000004 27.500000000000004 13.500000000000002 19.500000000000004 0.61067742788105683 17.312500000000004 26.350000000000005 1.00251814764921 1.0287920195914502 3.5000000000000004 1.5000000000000002 1.0480714376785738
decision_type=2 2 2 2 2 2 2 2 2 2 2 2 2 2 2 2 2 2 2 2 2 2 2 2 2 2 2 2 2 2
left_child=-1 2 11 9 -5 6 7 -6 -8 10 -3 15 13 20 -15 17 -17 18 -2 -20 -13 23 -23 -14 -25 -26 27 28 -27 -24
right_child=1 3 -4 4 5 -7 8 -9 -10 -11 -12 12 21 14 -16 16 -18 -19 19 -21 -22 22 29 24 25 26 -28 -29 -30 -31
leaf_value=0.00063256155280565001 0.00023995460109833833 0.00049089003581755033 0.003636731542687812 0.00051032094935089735 0.0058089936430834061 0.00028175365927133201 -0.00077381964180277024 -0.0021834764925283841 0.00081739874993545499 -0.00026257438818450853 0.005292656066862661 0.00063578323470952515 -0.00046790881756743775 0.0022348110684911669 7.9243404085662013e-05 -0.0024037241769658867 0.0011732824625608294 -0.0011861730311316116 0.0045808170563519475 0.003045241012318583 0.00076969729731370497 -0.00046151910412603535 -0.00013105599263278219 0.00074570839426782518 -0.00061295105397833431 0.0026830215664134407 -0.0001525391247056908 0.0016712479745059784 -0.0015630448230415988 0.00044806282588869065
leaf_weight=1305 665 441 95 10285 99 10861 1551 3003 1987 29103 98 117 8321 95 5605 3043 478 1425 54 136 738 12458 26448 173 1423 77 521 98 106 3952
leaf_count=1305 665 441 95 10285 99 10861 1551 3003 1987 29103 98 117 8321 95 5605 3043 478 1425 54 136 738 12458 26448 173 1423 77 521 98 106 3952
internal_value=-0.000331475 -0.000359481 -0.000607925 -7.38328e-05 0.000369609 -7.45684e-05 -0.00129518 -0.0028401 5.93544e-05 -0.000489509 0.00344156 -0.000625105 -0.0005157 0.00114798 0.000535087 -0.00175918 -0.00302613 0.000197367 0.00365497 0.0139474 0.00523392 -0.000719246 -0.000485091 -0.00165547 0.000129273 -0.000595507 0.0024813 0.00781139 0.00210382 -0.00016283
internal_weight=124761 123456 66028 57428 27786 17501 6640 3102 3538 29642 539 65933 60132 6555 5700 5801 3521 2280 855 190 855 53577 42858 10719 2398 2225 802 281 183 30400
internal_count=124761 123456 66028 57428 27786 17501 6640 3102 3538 29642 539 65933 60132 6555 5700 5801 3521 2280 855 190 855 53577 42858 10719 2398 2225 802 281 183 30400
is_linear=0
shrinkage=0.05


Tree=122
num_leaves=31
num_cat=0
split_feature=9 8 0 10 8 0 3 3 7 0 4 3 7 3 11 1 3 0 4 9 9 8 7 11 3 10 8 7 8 10
split_gain=3.60413 4.36407 3.54022 6.66034 6.38982 5.69428 5.68868 4.97752 4.96643 7.72113 5.03699 4.85094 6.38833 5.66583 10.4921 6.41763 5.46148 4.34019 4.90839 4.29455 10.7937 4.01166 3.74262 5.43754 3.74149 3.71522 3.41775 6.1676 3.70345 3.0764
threshold=29.979947916666667 33.550000000000004 31.500000000000004 1.0000000180025095e-35 34.350000000000001 71.500000000000014 -0.63921128368950708 -0.95500086777008153 23.562500000000004 22.500000000000004 -0.99864786094873803 0.3504237462291826 26.787500000000005 -0.67803021058859214 1.1102543501962845 2.5000000000000004 -0.70291267844185523 63.500000000000007 -0.86548532668110156 28.401041666666671 28.330468750000005 18.650000000000002 26.012500000000006 1.0689154666101566 -0.99166060804803513 1.0000000180025095e-35 31.050000000000004 26.612500000000004 32.95000000000001 1.0000000180025095e-35
decision_type=2 2 2 2 2 2 2 2 2 2 2 2 2 2 2 2 2 2 2 2 2 2 2 2 2 2 2 2 2 2
left_child=2 -2 4 5 8 7 -7 -4 -1 10 -10 13 -13 14 16 -16 19 18 -5 20 29 -8 -18 -24 -6 -11 -20 28 -28 -12
right_child=1 -3 3 17 24 6 21 -9 9 25 11 12 -14 -15 15 -17 22 -19 26 -21 -22 -23 23 -25 -26 -27 27 -29 -30 -31
leaf_value=-0.00026380046735417209 0.0019595567640783083 7.1011439146841465e-05 -0.0028762775067593671 -0.00072896781449689296 0.0019277921640796448 0.00051787972501809098 0.00075487609388989307 -0.00045071296812536842 0.003985833762849101 0.00031504293583236833 0.0010432920510521522 0.0010579568621356906 0.005673030491120193 -0.00035374543341922801 0.0036281254737700708 0.0015713941238415033 -0.00078505068072684536 -0.00013311031115999475 0.00018474398245816296 -0.00073178379377880913 0.0051476470871328964 -0.00038266214636283128 0.0063525603342645225 0.00055884890856598723 -0.0015723326774513603 -0.0019437133725941688 0.0014863011470213879 0.00060265621524628425 0.0043473222317015354 5.9189431417380585e-05
leaf_weight=20969 576 21966 1680 2752 96 3072 744 14560 69 912 539 441 87 3002 92 115 50 21066 11776 1177 92 5922 78 56 2532 2274 180 6295 85 1506
leaf_count=20969 576 21966 1680 2752 96 3072 744 14560 69 912 539 441 87 3002 92 115 50 21066 11776 1177 92 5922 78 56 2532 2274 180 6295 85 1506
internal_value=-0.000319853 0.000252417 -0.000446053 -0.000237922 -0.00086206 -0.000867658 8.83126e-05 -0.00144089 -0.000664199 0.000224022 0.00111993 0.000991706 0.00560606 0.000628447 0.00193657 0.0128744 0.00128931 0.000150162 0.000657245 0.000823777 0.00215957 -0.000732074 0.00967391 0.0140298 -0.00323059 -0.00182988 0.000952769 0.00186738 0.00933962 0.00140587
internal_weight=124761 22542 102219 68132 34087 25978 9738 16240 31459 10490 7304 7235 528 6707 3705 207 3498 42154 21088 3314 2137 6666 184 134 2628 3186 18336 6560 265 2045
internal_count=124761 22542 102219 68132 34087 25978 9738 16240 31459 10490 7304 7235 528 6707 3705 207 3498 42154 21088 3314 2137 6666 184 134 2628 3186 18336 6560 265 2045
is_linear=0
shrinkage=0.05


Tree=123
num_leaves=31
num_cat=0
split_feature=9 8 0 8 10 0 3 3 7 0 11 9 7 9 3 9 9 9 4 0 9 10 8 11 1 9 1 0 4 11
split_gain=3.35287 3.97739 3.18362 6.17105 6.08406 5.41785 5.45362 5.07111 4.5151 7.29369 4.62183 5.72397 10.247 7.48764 6.03035 4.79225 10.6963 5.05612 4.24303 4.06624 5.74122 3.95718 6.04549 4.42998 5.26955 9.85983 4.96649 3.90533 4.36127 3.57238
threshold=29.979947916666667 33.45000000000001 31.500000000000004 34.350000000000001 1.0000000180025095e-35 72.500000000000014 -0.95500086777008153 -0.63921128368950708 23.562500000000004 23.500000000000004 1.1135526900622577 28.401041666666671 27.387500000000006 28.330468750000005 -0.58482361983252518 29.557031250000005 29.230989583333336 28.626041666666669 -0.98212955754013376 82.500000000000014 25.580989583333338 1.0000000180025095e-35 29.150000000000002 0.94802720612342306 4.5000000000000009 27.683333333333334 5.5000000000000009 63.500000000000007 -0.86548532668110156 1.0164577190672992
decision_type=2 2 2 2 2 2 2 2 2 2 2 2 2 2 2 2 2 2 2 2 2 2 2 2 2 2 2 2 2 2
left_child=2 -2 3 8 5 6 -4 -7 -1 10 11 12 13 18 -15 16 17 -12 -10 20 -9 22 -20 -23 -25 26 -26 28 -6 -24
right_child=1 -3 4 -5 27 7 -8 19 9 -11 15 -13 -14 14 -16 -17 -18 -19 21 -21 -22 23 29 24 25 -27 -28 -29 -30 -31
leaf_value=-0.00025061044398646393 0.0020851048932845791 7.7328554580898459e-05 -0.0027296890828580485 -0.0013888131971876751 -0.00069251942377204626 0.00050180673345686668 -0.00042268153925235566 0.00045149784855772368 0.0028355989041641636 -0.001096258721546495 0.0019336387601492117 -0.00036110758322685754 0.0051227271750497487 0.0050217129358187101 0.0017148926138337067 -0.0018167865213642338 0.0039414634734894569 0.00010832113133941188 0.0028054047783165554 -0.00059201083501823177 -0.0018100661252549576 -0.0012795502540270958 0.00032830693968614595 -0.00020869082137121251 0.0042707513048297792 -4.7275171602546772e-05 0.0022391162760484595 -0.00012645479560199443 0.00037168542479923107 0.0030341282118585733
leaf_weight=20969 384 22158 1722 2628 2752 2944 14924 2160 72 2870 96 3281 88 90 119 144 72 264 135 3608 620 1060 600 1045 63 293 139 21066 18336 59
leaf_count=20969 384 22158 1722 2628 2752 2944 14924 2160 72 2870 96 3281 88 90 119 144 72 264 135 3608 620 1060 600 1045 63 293 139 21066 18336 59
internal_value=-0.000310635 0.000241326 -0.000432357 -0.000826856 -0.000234986 -0.000836863 -0.00137751 0.000127517 -0.000632412 0.000214489 0.00102362 0.000671492 0.00200239 0.00159864 0.0107895 0.00532986 0.00796296 0.00444444 0.00104443 -0.000663746 0.00077338 0.000789628 0.00387909 -0.000153847 0.00155844 0.00580808 0.0143069 0.000135929 0.000616937 0.0019044
internal_weight=124761 22542 102219 34087 68132 25978 16646 9332 31459 10490 7620 7044 3763 3675 209 576 432 360 3466 6388 2780 3394 794 2600 1540 495 202 42154 21088 659
internal_count=124761 22542 102219 34087 68132 25978 16646 9332 31459 10490 7620 7044 3763 3675 209 576 432 360 3466 6388 2780 3394 794 2600 1540 495 202 42154 21088 659
is_linear=0
shrinkage=0.05


Tree=124
num_leaves=31
num_cat=0
split_feature=0 9 3 4 8 0 10 8 0 3 11 11 8 5 0 7 3 9 8 3 11 11 3 6 3 9 3 7 3 9
split_gain=3.33853 3.09605 4.91773 3.42029 3.4027 4.47912 5.21918 5.55556 3.62385 5.625 3.50749 4.69244 7.25424 5.91368 7.76603 5.84893 4.67119 3.52966 8.30894 8.15158 6.1446 5.05263 4.64605 3.44637 3.32165 3.2458 8.25351 5.79076 3.19339 3.82228
threshold=1.0000000180025095e-35 29.661718750000002 -0.93235440815991333 -0.44505783185115427 33.95000000000001 31.500000000000004 1.0000000180025095e-35 36.650000000000013 83.500000000000014 -0.98370366633421236 1.0480714376785738 1.0598548649382187 33.650000000000013 1.0000000180025095e-35 69.500000000000014 11.787500000000003 0.01505151768384008 27.508854166666669 31.350000000000005 -0.41398024697495356 1.0891277928364806 1.0891277928364806 -0.99166060804803513 1.0000000180025095e-35 -0.50556189049999822 29.230989583333336 -0.73866753694953124 26.912500000000005 0.62587949062545845 28.980208333333337
decision_type=2 2 2 2 2 2 2 2 2 2 2 2 2 2 2 2 2 2 2 2 2 2 2 2 2 2 2 2 2 2
left_child=-1 4 -3 -4 10 -6 8 23 -7 -10 -2 12 13 15 -15 16 -12 22 19 21 -20 -19 -13 28 25 -22 -27 -28 -8 -30
right_child=1 2 3 -5 5 6 7 -9 9 -11 11 17 -14 14 -16 -17 -18 18 20 -21 24 -23 -24 -25 -26 26 27 -29 29 -31
leaf_value=0.00062665402073239966 -0.00017304551394419111 0.0018819533535600237 0.00011566690489104008 -0.00084805105152782839 -0.0015381482070311774 -0.0018635670353642682 -0.001573042597989019 0.0022585910160090048 0.0027138658325769303 -0.00064738660723761654 2.810860563517753e-06 -0.0022158440034304788 0.0038662458883131387 0.0011905698257345966 0.00370213898124514 -0.00023245724688534622 0.0026143429061687264 -0.0022214983547317966 -0.0011480319718692655 0.0043975388687666058 0.00054498539865722128 0.0026104498213982488 -9.6985610527724968e-05 -0.0017180531994161587 -0.00047279386826708735 -0.0020612779019027923 0.003959181160821855 0.0028924237239624524 0.00029237798392991684 0.0021164264134499121
leaf_weight=1305 74195 570 23709 1900 2545 1664 576 320 60 324 194 760 95 138 52 1291 225 285 1710 190 1235 475 7309 384 760 190 57 323 1728 192
leaf_count=1305 74195 570 23709 1900 2545 1664 576 320 60 324 194 760 95 138 52 1291 225 285 1710 190 1235 475 7309 384 760 190 57 323 1728 192
internal_value=-0.000312639 -0.000339231 0.000143434 4.11953e-05 -0.000469125 -0.00147119 -0.000636434 0.000624999 -0.00260742 0.00177083 -0.000381857 0.000307736 0.00256892 0.00189474 0.0102632 0.000964911 0.00609785 -3.15944e-05 0.00098086 0.00521053 4.09345e-05 0.00289474 -0.000687199 -6.94456e-05 0.00158869 0.00275623 0.00587719 0.0101316 0.000608973 0.00158854
internal_weight=124761 123456 26179 25609 97277 7793 5248 3200 2048 384 89484 15289 1995 1900 190 1710 419 13294 5225 950 4275 760 8069 2880 2565 1805 570 380 2496 1920
internal_count=124761 123456 26179 25609 97277 7793 5248 3200 2048 384 89484 15289 1995 1900 190 1710 419 13294 5225 950 4275 760 8069 2880 2565 1805 570 380 2496 1920
is_linear=0
shrinkage=0.05


Tree=125
num_leaves=31
num_cat=0
split_feature=0 0 4 3 3 8 0 4 9 10 11 11 3 11 0 8 8 8 8 3 0 3 8 8 7 4 11 11 7 7
split_gain=3.17312 3.18856 4.15978 2.81231 4.81255 7.1771 4.84261 4.01942 3.9596 3.97142 4.73341 6.04671 5.60111 4.46556 4.36702 10.0304 3.31778 3.74427 5.84935 5.2349 4.80462 4.73812 3.48693 3.31094 3.33014 3.00942 2.96053 2.7378 2.72672 2.67855
threshold=1.5000000000000002 76.500000000000014 -0.98801846520836312 -0.96463499255812291 -0.86546281643016554 28.250000000000004 13.500000000000002 0.38043945030393422 25.676822916666669 1.0000000180025095e-35 0.94717356021396715 0.95911488553154101 -0.9954993026558282 0.9987604681581238 24.500000000000004 29.150000000000002 31.850000000000005 30.150000000000002 30.250000000000004 -0.94705910369513524 20.500000000000004 -0.87395131947920313 31.050000000000004 33.150000000000013 30.637500000000006 0.27487873330147788 0.9247659649312403 0.9663103299672644 26.337500000000006 20.187500000000004
decision_type=2 2 2 2 2 2 2 2 2 2 2 2 2 2 2 2 2 2 2 2 2 2 2 2 2 2 2 2 2 2
left_child=-1 2 -2 8 5 6 -5 16 -4 14 -11 12 -12 -13 15 -10 17 19 -19 -7 26 22 -22 24 -15 27 -20 -18 -8 -21
right_child=1 -3 3 4 -6 7 28 -9 9 10 11 13 -14 23 -16 -17 25 18 20 29 21 -23 -24 -25 -26 -27 -28 -29 -30 -31
leaf_value=0.00035303343473697579 0.00048021087716212767 5.4589616785873184e-05 -0.0022332881794262867 0.00073011140636865214 -0.00020231281549291339 -0.0029276994171137422 0.00049287602500623943 -0.00052107979579832104 0.0028374244620768107 -0.0019473051347700795 0.001157140518762049 -0.001986667262193259 0.0037529049903707746 0.00061439183829624649 -0.0023264089072793977 -0.00056205134678319064 0.0025113608770636069 0.0060794305068348035 0.0044541404111910861 -0.0025014383183018579 -0.0018626941706109423 0.0050497501850934809 0.0017150168899331183 -0.0020930086857412918 0.0024310579843491225 -0.0033399136157692892 0.0016888998905030584 -4.8876806805418797e-05 0.0019393577912064854 0.0016773964264265564
leaf_weight=2610 4950 24663 1575 108 77384 450 478 1575 92 825 225 825 75 1131 1716 669 75 75 95 89 560 56 784 300 296 375 380 1800 89 436
leaf_count=2610 4950 24663 1575 108 77384 450 478 1575 92 825 225 825 75 1131 1716 669 75 75 95 89 560 56 784 300 296 375 380 1800 89 436
internal_value=-0.000307429 -0.000344288 -0.000472777 -0.000548316 -0.000465105 0.000750841 0.00566667 0.000259258 -0.00146138 -0.000888854 0.000153657 0.00111851 0.00783333 0.000329152 -0.00243642 0.000716162 0.000932366 0.00204273 0.00330769 -0.000487181 0.00276 0.00128571 0.000691963 0.00177475 0.00277856 -0.000511112 0.00710526 0.000306665 0.00381834 0.00290476
internal_weight=124761 122151 97488 92538 84809 7425 675 6750 7729 6154 3677 2852 300 2552 2477 761 5175 2925 1950 975 1875 1400 1344 1727 1427 2250 475 1875 567 525
internal_count=124761 122151 97488 92538 84809 7425 675 6750 7729 6154 3677 2852 300 2552 2477 761 5175 2925 1950 975 1875 1400 1344 1727 1427 2250 475 1875 567 525
is_linear=0
shrinkage=0.05


Tree=126
num_leaves=31
num_cat=0
split_feature=9 8 0 11 3 5 8 8 8 11 11 4 0 7 3 9 3 3 3 8 0 11 7 1 9 4 8 3 9 9
split_gain=2.97432 2.84488 4.33695 4.36704 5.22993 3.4442 5.30385 5.46531 3.56028 6.00391 4.49234 3.41713 3.29412 2.98933 2.93013 2.81722 5.2122 2.58526 5.04017 7.6993 7.19132 7.04009 5.93907 8.28883 4.72839 6.41709 5.35495 5.14253 4.39832 9.06845
threshold=30.591927083333339 34.350000000000001 53.500000000000007 1.0230935316253413 0.099822040462190967 1.0000000180025095e-35 31.750000000000004 32.250000000000007 30.750000000000004 1.0480714376785738 1.0008822037284635 0.22491561436810906 67.500000000000014 24.737500000000004 -0.99166060804803513 9.2812500000000018 -0.091260668982868151 -0.96463499255812291 -0.86546281643016554 28.250000000000004 13.500000000000002 0.89585628751987034 27.487500000000004 2.5000000000000004 26.175000000000008 -0.074115882986646633 32.350000000000001 -0.97694226132849327 26.386197916666671 26.541666666666668
decision_type=2 2 2 2 2 2 2 2 2 2 2 2 2 2 2 2 2 2 2 2 2 2 2 2 2 2 2 2 2 2
left_child=1 5 14 -4 -5 15 8 -8 9 10 13 -9 -11 -7 -3 16 -1 24 19 20 -19 22 23 -21 25 -17 27 28 -26 -30
right_child=-2 2 3 4 -6 6 7 11 -10 12 -12 -13 -14 -15 -16 17 -18 18 -20 21 -22 -23 -24 -25 26 -27 -28 -29 29 -31
leaf_value=0.0035044457309664247 0.00017334280003379696 0.0015899463137485394 -0.00054450459355559879 0.0043684190358085524 0.00040650078858737434 0.00065442629985790245 0.0054641930904743884 0.00086815683408629984 -0.0013961880492757274 0.0013288102716414885 -0.00082160072684051434 0.0050308605863386433 0.003435162313077814 -0.00050856666960193131 -0.001066437766705598 0.00062375593802061445 0.00030261738959894293 0.00073508761188856493 -0.00015177140932706127 0.0041016993028283339 0.00066526541595006547 5.1096364833616131e-05 -0.00033651267450375837 0.00078652036387643796 0.0027569159364390409 -0.0020714155178357349 -0.0015995433476336111 -0.0019445651071919414 -0.0023615675429180358 0.00085800456673051852
leaf_weight=96 17562 162 2719 126 1764 1333 96 1534 768 204 1056 96 84 587 5782 480 1056 112 72928 108 656 7200 103 77 288 2788 1440 576 672 2308
leaf_count=96 17562 162 2719 126 1764 1333 96 1534 768 204 1056 96 84 587 5782 480 1056 112 72928 108 656 7200 103 77 288 2788 1440 576 672 2308
internal_value=-0.000293402 -0.000392216 -0.00117171 -2.0613e-05 0.0018254 -0.000307101 0.000878776 0.00319814 -0.000114088 0.000606616 -6.04851e-05 0.00251534 0.0075 0.00138021 -0.00206427 -0.00038223 0.00207465 -0.00041377 -0.000326667 0.000844233 0.00561198 0.000355234 0.00802083 0.0133784 -0.00124065 -0.00273562 -0.00031605 0.000658167 0.00142595 0.000855704
internal_weight=124761 107199 10553 4609 1890 96646 5758 1726 4032 3264 2976 1630 288 1920 5944 90888 1152 89736 81184 8256 768 7488 288 185 8552 3268 5284 3844 3268 2980
internal_count=124761 107199 10553 4609 1890 96646 5758 1726 4032 3264 2976 1630 288 1920 5944 90888 1152 89736 81184 8256 768 7488 288 185 8552 3268 5284 3844 3268 2980
is_linear=0
shrinkage=0.05


Tree=127
num_leaves=31
num_cat=0
split_feature=3 9 3 8 11 0 0 11 0 7 9 0 7 11 4 8 3 9 10 3 8 10 4 3 8 10 3 7 3 8
split_gain=2.74844 4.73758 4.70805 6.78461 5.96954 6.01758 5.18598 3.73373 3.09857 3.08902 2.88853 3.21738 5.85165 5.60767 4.54185 4.18134 5.09708 5.63682 3.78092 6.23924 5.01607 3.29516 3.62913 4.68425 6.20729 3.27162 3.90095 4.24177 3.97375 3.81551
threshold=-0.96463499255812291 25.308854166666666 -0.86546281643016554 28.250000000000004 0.88973885209876746 25.500000000000004 13.500000000000002 0.93309361111522005 91.500000000000014 23.712500000000006 30.591927083333339 29.500000000000004 26.787500000000005 0.83118285699629402 -0.99938741687870725 20.050000000000004 0.1849296026015865 14.867447916666668 1.0000000180025095e-35 0.31799963745711152 17.550000000000004 1.0000000180025095e-35 -0.99465740988130902 -0.30983472475487867 33.750000000000007 1.0000000180025095e-35 -0.79384350655589164 31.712500000000006 -0.35846811432664222 34.150000000000013
decision_type=2 2 2 2 2 2 2 2 2 2 2 2 2 2 2 2 2 2 2 2 2 2 2 2 2 2 2 2 2 2
left_child=1 -1 3 6 5 -5 7 -2 -3 -7 11 12 14 -14 -4 16 -16 18 -18 20 -20 22 -15 24 -24 29 -27 -28 -29 -13
right_child=2 8 10 4 -6 9 -8 -9 -10 -11 -12 25 13 21 15 -17 17 -19 19 -21 -22 -23 23 -25 -26 26 27 28 -30 -31
leaf_value=-0.0027460816469083273 0.00025248344905601949 -0.00041926199924502487 0.0026625533578063919 0.0045694190379262688 8.5164059329300492e-05 0.0025002258844418032 0.00068013866023453745 0.0010209735896283708 0.0013731643020353209 -0.0002105483198283379 0.00016275412447219604 -0.00018239810595863519 0.0050296291171349145 0.0018311431913044197 -0.00051259730920764218 -0.00041773612209984541 -0.00033343686035613372 0.0016895012324286203 0.00018756394915098171 0.00012677764703625141 0.00085088640921221731 -0.00020772291820577305 0.00091343820502387183 -0.0010428716723988182 0.0047015929472472382 -0.0011722770528621975 -7.0607159421653379e-06 0.0022681903883540167 0.00033262661044496344 -0.0013557257929589445
leaf_weight=960 56 8564 55 78 8352 59 738 70 372 151 17466 21575 74 89 2370 18720 1110 90 180 1020 240 2282 719 391 139 1716 30423 750 3774 2178
leaf_count=960 56 8564 55 78 8352 59 738 70 372 151 17466 21575 74 89 2370 18720 1110 90 180 1020 240 2282 719 391 139 1716 30423 750 3774 2178
internal_value=-0.000289795 -0.00108933 -0.000220913 0.000844906 0.000422453 0.0075 0.00506944 0.0144444 -0.000730753 0.00309524 -0.000317054 -0.000433757 -0.000882311 0.000969138 -0.00116986 -0.00120312 7.98391e-05 0.00159091 0.00115686 0.00284722 0.00797619 0.000690607 0.00266069 0.00196557 0.00403263 -0.000229742 6.64145e-05 0.000180701 0.00160919 -0.000686862
internal_weight=124761 9896 114865 9504 8640 288 864 126 8936 210 105361 87895 27479 3694 23785 23730 5010 2640 2550 1440 420 3620 1338 1249 858 60416 36663 34947 4524 23753
internal_count=124761 9896 114865 9504 8640 288 864 126 8936 210 105361 87895 27479 3694 23785 23730 5010 2640 2550 1440 420 3620 1338 1249 858 60416 36663 34947 4524 23753
is_linear=0
shrinkage=0.05


Tree=128
num_leaves=31
num_cat=0
split_feature=0 0 4 3 3 8 0 4 9 10 0 11 11 11 11 3 4 8 7 7 8 8 8 3 0 3 11 8 4 11
split_gain=2.98892 2.92563 3.89916 2.904 3.18832 6.31177 3.96688 3.61936 3.15163 3.93841 4.45261 8.50432 3.99774 4.74372 3.89387 3.65878 3.33333 3.07672 3.07265 2.94705 2.79467 4.27044 6.17516 4.01963 3.99662 4.18527 3.55556 3.48693 2.85441 2.87047
threshold=1.5000000000000002 75.500000000000014 -0.98801846520836312 -0.96463499255812291 -0.86546281643016554 28.250000000000004 13.500000000000002 0.38043945030393422 25.676822916666669 1.0000000180025095e-35 16.500000000000004 0.92180858479239347 0.94717356021396715 0.95911488553154101 0.9987604681581238 -0.9954993026558282 -0.074115882986646633 33.150000000000013 30.637500000000006 26.337500000000006 31.850000000000005 30.150000000000002 30.250000000000004 -0.94705910369513524 19.500000000000004 -0.87395131947920313 0.9247659649312403 31.050000000000004 0.27487873330147788 0.9663103299672644
decision_type=2 2 2 2 2 2 2 2 2 2 2 2 2 2 2 2 2 2 2 2 2 2 2 2 2 2 2 2 2 2
left_child=-1 2 -2 8 5 6 -5 20 -4 10 11 16 -11 15 -15 -14 -10 18 -16 -8 21 23 -23 -7 26 27 -24 -26 29 -22
right_child=1 -3 3 4 -6 7 19 -9 9 12 -12 -13 13 14 17 -17 -18 -19 -20 -21 28 22 24 -25 25 -27 -28 -29 -30 -31
leaf_value=0.00033074932713914647 0.00048352924767591115 5.0652039851216418e-05 -0.0019900057577926229 0.00060580277597437288 -0.0001848876174463793 -0.0027969235395784407 0.00039671399302289518 -0.0005219071892909443 0.003354547404880981 -0.0018128173079935833 -0.0019759507879993856 -0.00056817648484002359 0.0011071510201704194 -0.0018190826397590544 0.00059809182637870334 0.0034852624966245369 0.001665018655041842 -0.0020447170873603873 0.0023004099347191539 0.0017751196978369318 0.0024351154170090166 0.0058171718113495755 0.0038943780210352499 0.0010130899331461409 -0.0017555438414641215 0.0047904496546306609 0.0015976418848919498 0.0016036951711664107 -0.0031744489482648562 -9.3399634940409499e-05
leaf_weight=2610 4884 25962 1554 108 76353 444 469 1554 60 814 1947 377 222 814 1112 74 60 296 296 89 74 74 90 518 560 56 360 784 370 1776
leaf_count=2610 4884 25962 1554 108 76353 444 469 1554 60 814 1947 377 222 814 1112 74 60 296 296 89 74 74 90 518 560 56 360 784 370 1776
internal_value=-0.000275768 -0.000311542 -0.000438669 -0.000512295 -0.000427169 0.000569204 0.00521021 0.000105104 -0.00144637 -0.000932149 -0.00248363 0.00174044 0.000113009 0.00100568 0.000301826 0.00699324 0.0133333 0.0016608 0.00263494 0.00351254 0.000748138 0.00177408 0.00313409 -0.000945947 0.00256757 0.00125 0.00666667 0.000691963 -0.000585587 0.000216215
internal_weight=124761 122151 96189 91305 83679 7326 666 6660 7626 6072 2444 497 3628 2814 2518 296 120 1704 1408 558 5106 2886 1924 962 1850 1400 450 1344 2220 1850
internal_count=124761 122151 96189 91305 83679 7326 666 6660 7626 6072 2444 497 3628 2814 2518 296 120 1704 1408 558 5106 2886 1924 962 1850 1400 450 1344 2220 1850
is_linear=0
shrinkage=0.05


Tree=129
num_leaves=31
num_cat=0
split_feature=0 0 4 3 4 9 10 0 8 7 11 11 11 3 8 1 7 4 0 3 0 10 7 10 0 9 3 3 11 7
split_gain=2.5475 2.61152 3.54314 2.82676 2.98711 2.97479 3.45637 3.85282 8.33087 4.02172 3.58364 4.10464 3.62192 3.53153 2.96093 2.83833 2.76669 2.73664 2.63226 4.3358 3.16649 9.11337 4.99191 3.40625 3.28989 5.62118 10.5544 6.99109 3.18289 3.03702
threshold=1.5000000000000002 75.500000000000014 -0.98801846520836312 -0.96463499255812291 -0.97696767110351213 25.676822916666669 1.0000000180025095e-35 30.500000000000004 29.150000000000002 24.337500000000006 0.94717356021396715 0.95911488553154101 0.9987604681581238 -0.9954993026558282 33.150000000000013 5.5000000000000009 30.637500000000006 -0.074115882986646633 64.500000000000014 0.69676570133721638 31.500000000000004 1.0000000180025095e-35 25.912500000000005 1.0000000180025095e-35 18.500000000000004 28.626041666666669 0.3504237462291826 -0.93843426604005675 1.2099088115144543 20.487500000000004
decision_type=2 2 2 2 2 2 2 2 2 2 2 2 2 2 2 2 2 2 2 2 2 2 2 2 2 2 2 2 2 2
left_child=-1 2 -2 5 -5 17 7 8 9 -7 15 13 -13 -12 16 -8 -14 -4 20 -20 22 28 -6 -24 25 26 27 -25 29 -22
right_child=1 -3 3 4 18 6 10 -9 -10 -11 11 12 14 -15 -16 -17 -18 -19 19 -21 21 -23 23 24 -26 -27 -28 -29 -30 -31
leaf_value=0.0003142118607821881 0.00045935278529211525 4.811943785865552e-05 0.00086024095764005272 -0.0013880319306234644 -0.00025242742092156231 0.00035291411074075691 -0.0022274882808416422 -0.0022862587872166957 -0.00064288050686400321 0.0030754190133505908 0.0010517934691618969 -0.0017281285077711019 0.00056818723505976782 0.0033109993717933116 -0.0019424812329923672 0.0022153095203883721 0.0021853894379831973 -0.0024813100255315305 -0.00020303787631684701 -0.00098747225848166693 0.00012687308336062144 0.00033283853822301993 0.00056863541751957442 0.0059918435187723898 -0.0009794007197715148 -0.00038794641936458035 0.0064073760050969153 0.00045052476135482695 0.0016860118570004936 -0.00061410412598817549
leaf_weight=2610 4884 25962 148 2276 23274 56 740 1485 843 60 222 814 1112 74 296 74 296 1406 8896 3201 4130 20361 4931 52 2319 1765 70 595 66 11743
leaf_count=2610 4884 25962 148 2276 23274 56 740 1485 843 60 222 814 1112 74 296 74 296 1406 8896 3201 4130 20361 4931 52 2319 1765 70 595 66 11743
internal_value=-0.000262142 -0.000295169 -0.000415277 -0.000485462 -0.000401476 -0.00140703 -0.000907445 -0.00236088 0.000109488 0.0126724 7.16636e-05 0.000916843 0.000262112 0.00648649 0.00157277 -0.00285012 0.00252841 -0.00335907 -0.000351524 -0.00103208 -0.000232737 8.95305e-05 -0.000587167 0.000363747 -0.000584254 0.000680901 0.00441422 0.00241886 -0.000805886 -0.000851447
internal_weight=124761 122151 96189 91305 83679 7626 6072 2444 959 116 3628 2814 2518 296 1704 814 1408 1554 81403 12097 69306 36300 33006 9732 4801 2482 717 647 15939 15873
internal_count=124761 122151 96189 91305 83679 7626 6072 2444 959 116 3628 2814 2518 296 1704 814 1408 1554 81403 12097 69306 36300 33006 9732 4801 2482 717 647 15939 15873
is_linear=0
shrinkage=0.05


Tree=130
num_leaves=31
num_cat=0
split_feature=3 9 3 8 11 0 0 11 0 0 11 11 4 9 7 11 7 7 9 9 3 0 4 8 7 11 8 8 3 4
split_gain=2.65594 4.41447 3.66349 4.85102 4.90853 6.03196 3.54065 3.28611 3.05989 2.85078 3.31442 6.80143 2.7538 3.52804 6.93341 2.86012 2.75343 3.13126 2.58894 2.73848 4.77557 2.58808 5.06157 10.8036 4.07902 8.51418 7.44897 3.85169 3.84102 7.70467
threshold=-0.96463499255812291 25.308854166666666 -0.86546281643016554 28.250000000000004 0.88973885209876746 24.500000000000004 13.500000000000002 0.93309361111522005 91.500000000000014 14.500000000000002 0.87438713147174518 0.83998462250459582 -0.30982845708428081 27.969531250000006 29.712500000000006 1.0284415722008378 30.412500000000005 27.987500000000004 30.591927083333339 9.2812500000000018 -0.091260668982868151 29.500000000000004 -0.99761278905001471 33.45000000000001 26.112500000000004 0.83118285699629402 32.150000000000013 33.95000000000001 0.16799745313369893 0.94909129669788206
decision_type=2 2 2 2 2 2 2 2 2 2 2 2 2 2 2 2 2 2 2 2 2 2 2 2 2 2 2 2 2 2
left_child=1 -1 3 6 5 -5 7 -2 9 10 11 -3 13 14 -6 -15 17 -17 19 20 -4 22 23 -21 27 26 -26 28 -24 -30
right_child=2 8 18 4 12 -7 -8 -9 -10 -11 -12 -13 -14 15 -16 16 -18 -19 -20 21 -22 -23 24 -25 25 -27 -28 -29 29 -31
leaf_value=-0.0025087853268751462 0.00021490084391100666 -0.00038147358826440508 0.0033221789341763824 0.0044653385083591873 0.0008942613273718418 0.0013665345881764168 0.00063237688681520908 0.00093913475593100637 0.0012995675130480638 -0.0006799140404612782 5.2746197805665002e-05 0.0031943082737798147 -0.00024414091378062132 -9.9429577191634304e-05 0.0051570385244901519 0.00081449372477826573 -0.00089891287747399524 0.0038778945951591683 0.00015111352996068626 0.0039159583888715458 0.00028900347262498377 -9.4714210401621271e-05 -0.00048537400443001398 -0.0019945300651428638 -0.0029043508457325894 -6.9649309079162029e-06 0.0051722739934938998 -0.0011928339204513687 -0.00014193243087426801 0.00038055528446984604
leaf_weight=960 56 105 96 75 412 213 738 70 372 7161 1223 75 4800 2400 68 286 191 195 17466 90 1056 59624 8677 120 62 5296 110 2619 9065 1080
leaf_count=960 56 105 96 75 412 213 738 70 372 7161 1223 75 4800 2400 68 286 191 195 17466 90 1056 59624 8677 120 62 5296 110 2619 9065 1080
internal_value=-0.000262944 -0.00104891 -0.00019523 0.000744948 0.00038773 0.00680555 0.00431713 0.0120635 -0.000702776 -0.000895611 0.00116536 0.0075 0.000166426 0.00122185 0.00520833 0.000598957 0.00348214 0.00549896 -0.000280038 -0.000390524 0.00203125 -0.000422687 -0.00082765 0.00690476 -0.000887994 0.000331016 0.0112791 -0.00119887 -0.000948891 -0.000288321
internal_weight=124761 9896 114865 9504 8640 288 864 126 8936 8564 1403 180 8352 3552 480 3072 672 481 105361 87895 1152 86743 27119 210 26909 5468 172 21441 18822 10145
internal_count=124761 9896 114865 9504 8640 288 864 126 8936 8564 1403 180 8352 3552 480 3072 672 481 105361 87895 1152 86743 27119 210 26909 5468 172 21441 18822 10145
is_linear=0
shrinkage=0.05


Tree=131
num_leaves=31
num_cat=0
split_feature=3 9 3 9 9 4 5 9 3 4 11 7 9 0 11 3 3 9 3 8 8 1 0 0 0 0 9 9 8 0
split_gain=2.45501 4.21442 3.24038 3.67504 3.38444 2.96251 6.41694 3.65313 6.14787 5.38159 2.66726 2.56128 3.92263 2.54939 2.45793 3.54365 5.39105 4.0744 3.01381 4.92113 2.65409 5.00521 2.63729 3.86179 2.40454 2.94457 4.10274 3.33462 2.64681 3.01806
threshold=-0.96463499255812291 25.308854166666666 -0.88622299073327826 22.899479166666669 23.303385416666668 0.18281312110578132 1.0000000180025095e-35 26.965885416666669 -0.98370366633421236 -0.022575793296316496 1.0326169115782082 26.012500000000006 22.698177083333338 52.500000000000007 0.95201652232539213 0.7090011537757156 0.95752911693909493 24.584895833333338 0.51297097409535064 20.200000000000006 38.150000000000013 4.5000000000000009 72.500000000000014 9.5000000000000018 88.500000000000014 12.500000000000002 27.564322916666672 27.037239583333335 33.850000000000001 41.500000000000007
decision_type=2 2 2 2 2 2 2 2 2 2 2 2 2 2 2 2 2 2 2 2 2 2 2 2 2 2 2 2 2 2
left_child=1 -1 3 11 -5 7 -7 8 -3 10 -9 12 -2 -13 15 18 20 -18 -4 -20 -17 -22 23 -19 25 26 27 -11 29 -27
right_child=2 5 14 4 -6 6 -8 9 -10 24 -12 13 -14 -15 -16 16 17 22 19 -21 21 -23 -24 -25 -26 28 -28 -29 -30 -31
leaf_value=-0.0023833460605313887 -1.7379752026473979e-05 -0.00092702465607841082 -0.00023621578574349069 -0.0038072592672478167 0.00030014186514893727 -0.0019216947711750154 0.0047526553969755104 -0.0014437275435403992 0.0013089913516073971 0.0011347507178439496 0.00060496637656418453 0.00064482064575422152 0.0016966813805296664 0.003244762687403572 -4.8908770462128606e-05 -0.0011623612547689971 -0.00064700205394233425 0.0012204124869599738 0.0020237288663334974 0.00041757947250814021 -0.0047624642229541969 0.005222544160600545 0.0023109315622195947 8.1391504391741543e-05 0.0035429941206478314 -0.0002951612112885046 0.00018012484584721254 0.0042606550308035831 -0.00077229348197938811 0.0020052663714674457
leaf_weight=960 318 3080 15727 288 6816 1728 96 1056 576 52 576 51 141 66 84268 4128 672 70 96 1430 96 96 161 441 133 377 117 78 456 611
leaf_count=960 318 3080 15727 288 6816 1728 96 1056 576 52 576 51 141 66 84268 4128 672 70 96 1430 96 96 161 441 133 377 117 78 456 611
internal_value=-0.000262944 -0.00101859 -0.000197842 0.00079427 0.000482825 -0.000680395 -0.00247807 -0.000219349 -0.00132112 0.000946179 -0.00113971 0.00463542 0.00295207 0.0112393 -0.000268929 -0.000728063 -0.00181321 0.00095238 -0.000371821 0.00174967 -0.00267361 0.00307292 0.00370536 0.00194716 0.0028125 0.00230337 0.00734818 0.0134615 0.00144044 0.00289474
internal_weight=124761 9896 114865 7680 7104 8936 1824 7112 3656 3456 1632 576 459 117 107185 22917 5664 1344 17253 1526 4320 192 672 511 1824 1691 247 130 1444 988
internal_count=124761 9896 114865 7680 7104 8936 1824 7112 3656 3456 1632 576 459 117 107185 22917 5664 1344 17253 1526 4320 192 672 511 1824 1691 247 130 1444 988
is_linear=0
shrinkage=0.05


Tree=132
num_leaves=31
num_cat=0
split_feature=3 9 3 9 9 4 5 9 3 4 11 0 0 9 8 9 3 9 11 8 0 8 8 0 4 4 3 3 4 10
split_gain=2.59449 3.90099 2.98193 3.41008 3.35757 2.96065 4.94667 3.12452 5.57002 4.66759 2.52959 2.51657 2.37271 6.86429 2.50498 2.34986 4.35803 2.47755 2.34722 2.27461 3.56625 2.67464 6.48418 9.21078 22.6004 5.81205 5.6691 6.4369 4.01882 6.61334
threshold=-0.96463499255812291 25.308854166666666 -0.88622299073327826 22.899479166666669 23.303385416666668 0.18281312110578132 1.0000000180025095e-35 26.965885416666669 -0.98370366633421236 -0.039769286347669845 1.0635821354874333 88.500000000000014 6.5000000000000009 27.564322916666672 32.350000000000001 9.2812500000000018 -0.091260668982868151 30.591927083333339 1.09763366194496 34.350000000000001 51.500000000000007 31.750000000000004 31.850000000000005 18.500000000000004 -0.15101602693478741 -0.9497838742125716 -0.73866753694953124 -0.67803021058859214 -0.91249077947840473 1.0000000180025095e-35
decision_type=2 2 2 2 2 2 2 2 2 2 2 2 2 2 2 2 2 2 2 2 2 2 2 2 2 2 2 2 2 2
left_child=1 -1 3 -2 -5 7 10 8 -3 18 -7 12 13 -11 -14 16 -4 19 -9 21 -21 -17 23 24 -23 -24 -27 -28 29 -29
right_child=2 5 15 4 -6 6 -8 9 -10 11 -12 -13 14 -15 -16 17 -18 -19 -20 20 -22 22 25 -25 -26 26 27 28 -30 -31
leaf_value=-0.0022641787575048205 0.00094523598027152704 -0.00088067342327449022 0.0031585154259906691 -0.0036168963038854247 0.00028513477189149081 -0.0025505924302455054 0.0045150226271267321 -0.0012329859668208001 0.0012435417840270246 0.0045990827816875411 0.00084532078343327256 0.0034510255399271376 0.0010977747909475687 -0.0011753767265516002 -0.00050005285581688564 -0.00014450797597947119 0.0002769987375168412 0.00014329535164202422 0.00087253411952115307 -0.00089183210109119527 -3.9987550327599065e-05 0.0050667678832714757 -0.00087919513499390813 0.00056919122393027659 8.3999912912369282e-05 -0.0009260955183244845 0.0022492371017845954 0.0031353685057157552 4.3841571860580688e-05 0.00027182967597957832
leaf_weight=960 576 3080 96 288 6816 1536 96 1152 576 70 192 140 984 70 656 58750 1056 17466 384 5204 4389 57 4109 616 95 2595 1152 576 9968 1056
leaf_count=960 576 3080 96 288 6816 1536 96 1152 576 70 192 140 984 70 656 58750 1056 17466 384 5204 4389 57 4109 616 95 2595 1152 576 9968 1056
internal_value=-0.000256932 -0.00103375 -0.000190007 0.000761718 0.000461711 -0.000708372 -0.00250548 -0.00024747 -0.00126641 0.000830439 -0.00311921 0.00247396 0.00196629 0.00821428 0.00143293 -0.0002582 0.00198785 -0.000282602 -0.00122396 -0.000389932 -0.00111696 -0.000301619 0.000194322 0.00470052 0.0157237 1.64462e-05 0.000463607 0.000897113 0.000543102 0.00284314
internal_weight=124761 9896 114865 7680 7104 8936 1824 7112 3656 3456 1728 1920 1780 140 1640 107185 1152 106033 1536 88567 9593 78974 20224 768 152 19456 15347 12752 11600 1632
internal_count=124761 9896 114865 7680 7104 8936 1824 7112 3656 3456 1728 1920 1780 140 1640 107185 1152 106033 1536 88567 9593 78974 20224 768 152 19456 15347 12752 11600 1632
is_linear=0
shrinkage=0.05


Tree=133
num_leaves=31
num_cat=0
split_feature=0 3 9 3 9 9 4 5 9 11 11 4 3 0 11 11 3 3 9 3 8 0 0 11 1 3 7 0 8 10
split_gain=2.61319 2.66666 3.48946 2.74769 3.01946 3.27652 2.43329 4.92459 2.79876 4.9412 5.04606 4.39041 4.22704 2.25889 2.25442 2.23434 3.3838 4.60389 3.47669 2.61416 3.40765 2.40377 2.89144 2.21776 6.24846 6.66229 5.07463 6.38961 5.20683 2.58217
threshold=1.0000000180025095e-35 -0.96463499255812291 25.308854166666666 -0.88622299073327826 22.899479166666669 23.303385416666668 0.18281312110578132 1.0000000180025095e-35 26.965885416666669 0.95911488553154101 0.951205373332216 -0.039769286347669845 -0.98370366633421236 85.500000000000014 1.0655178138138408 0.95201652232539213 0.7090011537757156 0.95752911693909493 24.584895833333338 0.51297097409535064 20.200000000000006 72.500000000000014 9.5000000000000018 0.88327974961520905 1.0000000180025095e-35 0.48314048284850658 27.812500000000004 42.500000000000007 36.550000000000004 1.0000000180025095e-35
decision_type=2 2 2 2 2 2 2 2 2 2 2 2 2 2 2 2 2 2 2 2 2 2 2 2 2 2 2 2 2 2
left_child=-1 2 -2 4 -3 -6 8 14 9 10 12 -10 -4 -14 -8 16 19 -18 -19 23 -21 22 -20 24 25 26 -5 -28 -29 -25
right_child=1 3 6 15 5 -7 7 -9 11 -11 -12 -13 13 -15 -16 -17 17 18 21 20 -22 -23 -24 29 -26 -27 27 28 -30 -31
leaf_value=0.0006128811457013399 -0.0021509698049667608 0.000910589805058861 -0.00066923706001552168 0.00081461742047439349 -0.0034239492971110037 0.00026465201556263054 -0.0023150757151761165 0.0042925280819916933 -0.00062546535195662667 -0.0013019122825562138 0.0027621458804943334 0.00083445883337891725 0.0010307022740685889 0.0037954027067136579 0.001864188063002852 -4.9572122899011171e-05 -0.0010549920253607335 -0.00060788467441464137 0.00097364209991467011 0.0019104209941830071 0.00040345820400182713 0.0021931929055155836 7.7133301306283575e-05 -7.1753784085551263e-05 -0.0002492435399020133 -0.0051090258938885479 -0.00022428215278776954 0.005249543278320102 0.00032238184822669055 -0.00074559565410684415
leaf_weight=1305 950 570 1140 625 285 6745 1615 95 1520 1906 95 1900 425 50 95 83388 4275 665 63 95 1415 161 441 5130 3885 190 90 188 53 5401
leaf_count=1305 950 570 1140 625 285 6745 1615 95 1520 1906 95 1900 425 50 95 83388 4275 665 63 95 1415 161 441 5130 3885 190 90 188 53 5401
internal_value=-0.000252524 -0.000276051 -0.00106782 -0.000207849 0.000710525 0.000426741 -0.0007584 -0.00239612 -0.000338262 -0.00130808 0.000643274 0.000687133 -1.54811e-05 0.00394737 -0.0030117 -0.000273654 -0.00071372 -0.00177966 0.000789472 -0.000363755 0.00162252 0.00334586 0.00164682 -0.000556485 0.000307095 0.00355148 0.00525104 0.0102568 0.0145021 -0.000969045
internal_weight=124761 123456 9791 113665 7600 7030 8841 1805 7036 3616 1710 3420 1615 475 1710 106065 22677 5605 1330 17072 1510 665 504 15562 5031 1146 956 331 241 10531
internal_count=124761 123456 9791 113665 7600 7030 8841 1805 7036 3616 1710 3420 1615 475 1710 106065 22677 5605 1330 17072 1510 665 504 15562 5031 1146 956 331 241 10531
is_linear=0
shrinkage=0.05


Tree=134
num_leaves=31
num_cat=0
split_feature=0 3 9 3 8 11 0 8 0 11 10 7 7 11 8 9 9 7 3 1 4 1 0 9 7 0 0 0 0 9
split_gain=2.59816 2.64157 3.38742 2.58863 4.08719 3.95281 5.36334 3.11637 4.93421 2.65043 2.92638 7.18243 4.69571 3.72552 3.49773 6.83663 5.34139 5.316 10.2786 5.31316 3.25464 4.16792 2.76403 2.51607 2.44453 2.26347 2.20321 3.5 2.17435 2.57444
threshold=1.0000000180025095e-35 -0.96463499255812291 25.308854166666666 -0.86546281643016554 28.250000000000004 0.88973885209876746 23.500000000000004 27.250000000000004 19.500000000000004 0.91839291567263814 1.0000000180025095e-35 28.487500000000004 28.237500000000004 0.96359846643765257 30.950000000000003 28.849479166666672 29.259375000000002 24.737500000000004 -0.94705910369513524 1.5000000000000002 -0.27694043983797384 3.5000000000000004 18.500000000000004 29.661718750000002 25.712500000000006 91.500000000000014 18.500000000000004 9.5000000000000018 52.500000000000007 29.830989583333338
decision_type=2 2 2 2 2 2 2 2 2 2 2 2 2 2 2 2 2 2 2 2 2 2 2 2 2 2 2 2 2 2
left_child=-1 2 -2 4 7 6 -6 24 -9 -7 11 14 -12 20 17 19 -17 18 -11 -16 -14 -22 -18 -15 -3 -4 27 -20 -13 -30
right_child=1 3 25 -5 5 9 -8 8 -10 10 12 28 13 23 15 16 22 -19 26 -21 21 -23 -24 -25 -26 -27 -28 -29 29 -31
leaf_value=0.00058223708841627234 -0.0020434213147184229 0.00014246536331109558 -0.00040770389935839172 -9.7066639443199192e-05 0.0036579158725928707 -0.0012699348422560471 0.0011770634027672762 0.0008275402446218952 0.00088719251554136294 0.0069361496153313718 -0.00056604012526435777 -0.0025146354513691121 0.0040355330838227725 -5.7193198298086332e-05 0.0061585420204673287 0.0038265149353777662 -0.00074397236540525767 -2.3137519025400779e-05 0.00041780320670999543 -0.00098105426078039346 -0.0033118349916844191 0.0027611964517885446 0.0026785603759481883 0.0038395729903381139 0.0029910164091164469 0.0011871247822805816 0.0008728074193718985 0.0024831447390592939 -0.00061856140892320888 0.0015691193871906395
leaf_weight=1305 950 517 8469 104260 69 950 216 57 228 92 2731 509 102 1250 71 147 143 228 63 524 106 56 118 125 53 372 272 63 486 229
leaf_count=1305 950 517 8469 104260 69 950 216 57 228 92 2731 509 102 1250 71 147 143 228 63 524 106 56 118 125 53 372 272 63 486 229
internal_value=-0.000246112 -0.000269571 -0.00105761 -0.00020169 0.000592769 0.000263157 0.00605263 0.00388889 0.00815789 6.35197e-05 0.000386192 0.00160441 -0.000434784 0.0016809 0.00368681 0.00177966 0.0067647 0.00635097 0.00928571 -0.00163866 0.00712121 0.00271605 0.00247126 0.000636362 0.00175438 -0.000752744 0.00580402 0.0112698 -0.00132353 0.000454544
internal_weight=124761 123456 9791 113665 9405 8550 285 855 285 8265 7315 2945 4370 1639 1721 1003 408 718 490 595 264 162 261 1375 570 8841 398 126 1224 715
internal_count=124761 123456 9791 113665 9405 8550 285 855 285 8265 7315 2945 4370 1639 1721 1003 408 718 490 595 264 162 261 1375 570 8841 398 126 1224 715
is_linear=0
shrinkage=0.05


Tree=135
num_leaves=31
num_cat=0
split_feature=3 9 10 4 9 1 4 3 9 4 11 1 3 3 0 11 3 3 9 3 8 8 0 0 10 7 3 11 4 7
split_gain=2.5783 4.76917 4.05365 4.36095 3.69843 4.5 3.85352 2.93649 2.92978 3.63054 2.71737 4.46429 2.6312 2.62587 3.95965 2.53482 3.21667 4.67192 3.54241 2.44636 3.37247 2.42129 2.38489 3.12485 2.32163 6.38174 5.3429 9.25563 8.90936 6.44123
threshold=-0.95500086777008153 25.676822916666669 1.0000000180025095e-35 -0.074115882986646633 25.771875000000005 4.5000000000000009 0.18281312110578132 -0.8821812062722818 26.965885416666669 -0.022575793296316496 0.95911488553154101 2.5000000000000004 -0.99697703579879204 -0.96902457013955734 16.500000000000004 0.95201652232539213 0.7090011537757156 0.95752911693909493 24.584895833333338 0.51297097409535064 20.200000000000006 28.250000000000004 9.5000000000000018 72.500000000000014 1.0000000180025095e-35 32.01250000000001 -0.21861968191509915 0.95301643267371083 0.071972700440407641 14.512500000000001
decision_type=2 2 2 2 2 2 2 2 2 2 2 2 2 2 2 2 2 2 2 2 2 2 2 2 2 2 2 2 2 2
left_child=1 2 -1 -4 5 -3 8 21 10 -10 11 -6 -13 14 -14 16 19 -18 -19 -9 -21 -2 -20 -24 -17 26 29 -28 -29 -26
right_child=7 4 3 -5 6 -7 -8 15 9 -11 -12 12 13 -15 -16 24 17 18 22 20 -22 -23 23 -25 25 -27 27 28 -30 -31
leaf_value=0.00035625085235873162 0.00048051748665774028 0.0028124909994768051 0.00082726177894598728 -0.0029181574026220544 -0.00086258059152319636 -0.0044250540726948348 -0.0013641548616111884 -0.0002286779917776695 -0.00029476046841717606 0.00086306343458137042 -0.0010370151811246889 -0.0017922075224255547 0.0033403766507020013 -0.00020465421686764577 0.0020302989175304846 -0.00015162835888233003 -0.00099406611336940441 -0.00057217898675335178 0.0011601546946429593 0.0018510431081179498 0.00038807960359366333 0.00021715060045227985 7.8129968213130313e-05 0.0020883865922119655 -0.0013974816777158584 0.00079844794317041317 0.0019897531093784992 -0.00035580626190978679 0.00023068740267595257 -0.00016701211479017489
leaf_weight=384 576 288 192 1824 768 96 1632 15247 2112 1824 1448 96 68 192 316 38013 4320 672 70 96 1430 6240 441 161 1710 5402 96 10165 16397 12485
leaf_count=384 576 288 192 1824 768 96 1632 15247 2112 1824 1448 96 68 192 316 38013 4320 672 70 96 1430 6240 441 161 1710 5402 96 10165 16397 12485
internal_value=-0.000238497 -0.000960855 -0.0029375 -0.00383433 -0.000424209 0.004375 -0.000642149 -0.000166975 -0.000120165 0.000767275 -0.00132964 0.000208332 0.00318452 0.0044618 0.00684896 -0.000231246 -0.000703527 -0.00173376 0.000840773 -0.000355632 0.00155308 0.000839201 0.00340774 0.00239203 -0.000105498 0.000132417 -8.11458e-05 0.000336108 0.000280098 -0.000864742
internal_weight=124761 11240 2400 2016 8840 384 8456 113521 6824 3936 2888 1440 672 576 384 106705 22437 5664 1344 16773 1526 6816 672 602 84268 46255 40853 26658 26562 14195
internal_count=124761 11240 2400 2016 8840 384 8456 113521 6824 3936 2888 1440 672 576 384 106705 22437 5664 1344 16773 1526 6816 672 602 84268 46255 40853 26658 26562 14195
is_linear=0
shrinkage=0.05


Tree=136
num_leaves=31
num_cat=0
split_feature=3 9 10 4 0 11 11 0 3 8 0 5 7 11 10 9 9 3 1 9 10 0 7 11 8 3 11 4 8 0
split_gain=2.63642 4.62679 4.01786 4.02079 3.13662 3.3731 6.72969 2.84098 2.78573 4.851 2.92922 2.65291 3.16075 2.30115 2.27521 2.19588 2.74761 7.08333 2.80112 2.20277 2.08752 5.62248 3.96781 3.38885 2.48798 4.58225 2.70474 2.07892 3.26475 2.65013
threshold=-0.95500086777008153 25.676822916666669 1.0000000180025095e-35 -0.074115882986646633 16.500000000000004 0.88973885209876746 0.87092940175417699 51.500000000000007 -0.86546281643016554 28.250000000000004 12.500000000000002 1.0000000180025095e-35 26.487500000000004 0.86172850934224976 1.0000000180025095e-35 27.564322916666672 27.037239583333335 -0.98370366633421236 3.5000000000000004 25.771875000000005 1.0000000180025095e-35 82.500000000000014 25.512500000000006 0.92262612894382223 30.750000000000004 -0.99166060804803513 0.97072873014583261 0.99855310097228334 19.250000000000004 30.500000000000004
decision_type=2 2 2 2 2 2 2 2 2 2 2 2 2 2 2 2 2 2 2 2 2 2 2 2 2 2 2 2 2 2
left_child=1 2 -1 -4 5 6 14 -6 9 10 -2 20 -13 -11 -3 16 19 18 -18 -7 21 -9 -22 -24 25 -23 -26 -10 -29 -30
right_child=8 4 3 -5 7 15 -8 11 27 13 -12 12 -14 -15 -16 -17 17 -19 -20 -21 22 24 23 -25 26 -27 -28 28 29 -31
leaf_value=0.00033843830974079458 0.00042820084939417256 0.0020681165794042607 0.0007858986899986879 -0.0027722495324909503 -0.0010709471947206127 0.0017987028031166792 0.0083430509687108662 -0.0016458928686349285 -9.6097236318294521e-05 0.001543500107067994 0.00052677295634661215 0.0044397475151222296 0.00028550433932928349 8.0258430981764711e-05 -0.0024109451626258202 -0.00084375138644149578 0.00175746963681629 -0.0019737016083669896 0.0032920813746512402 -0.00011195388841565208 -0.0018231128447903878 -0.0006587131662203154 -0.0010349716466902692 0.0011509704589989674 0.0010664392744480038 0.0034780857182190742 -0.0012848334251386031 7.9408682607573963e-05 -0.00011109885522522762 0.002151380400178825
leaf_weight=384 104 51 192 1824 3220 68 51 1085 102865 96 664 84 180 7296 68 459 119 102 51 603 333 65 345 1566 52 104 234 2016 155 325
leaf_count=384 104 51 192 1824 3220 68 51 1085 102865 96 664 84 180 7296 68 459 119 102 51 603 333 65 345 1566 52 104 234 2016 155 325
internal_value=-0.000239299 -0.000969752 -0.00291667 -0.00380953 -0.000441178 0.00158397 0.00823529 -0.000879198 -0.000166975 0.000723038 0.00450521 2.46916e-06 0.00484848 0.000330085 0.00172269 0.00077746 0.00215801 0.00639706 0.0126471 0.000439641 -0.000335625 -0.00175325 0.000637254 0.00151491 0.00291209 0.00772189 6.99289e-05 -0.000235904 0.0011899 0.00489583
internal_weight=124761 11240 2400 2016 8840 1572 170 7268 113521 8160 768 4048 264 7392 119 1402 943 272 170 671 3784 1540 2244 1911 455 169 286 105361 2496 480
internal_count=124761 11240 2400 2016 8840 1572 170 7268 113521 8160 768 4048 264 7392 119 1402 943 272 170 671 3784 1540 2244 1911 455 169 286 105361 2496 480
is_linear=0
shrinkage=0.05


Tree=137
num_leaves=31
num_cat=0
split_feature=3 9 10 4 9 1 4 9 4 3 8 0 11 11 7 4 9 8 0 9 8 10 7 3 0 4 0 3 3 6
split_gain=2.78097 4.46577 3.7631 3.66672 2.9939 4.01389 3.47605 2.88473 3.14304 2.58371 4.42275 2.42092 2.3052 2.19739 2.24 2.14637 3.34003 4.50536 4.60547 2.03022 2.30535 3.57614 5.5214 3.15339 3.19528 3.04277 4.91594 2.93885 5.08547 2.72448
threshold=-0.95500086777008153 25.676822916666669 1.0000000180025095e-35 -0.074115882986646633 25.771875000000005 4.5000000000000009 0.18281312110578132 26.965885416666669 -0.022575793296316496 -0.86546281643016554 28.250000000000004 14.500000000000002 0.86172850934224976 1.0635821354874333 29.812500000000004 -0.091258822863740666 26.386197916666671 29.050000000000004 34.500000000000007 30.591927083333339 34.350000000000001 1.0000000180025095e-35 32.112500000000004 -0.13398594226331254 83.500000000000014 -0.98212955754013376 58.500000000000007 0.62587949062545845 0.66527693225344786 1.0000000180025095e-35
decision_type=2 2 2 2 2 2 2 2 2 2 2 2 2 2 2 2 2 2 2 2 2 2 2 2 2 2 2 2 2 2
left_child=1 2 -1 -4 5 -3 7 15 -9 10 11 -2 -12 -8 -15 16 17 -6 -19 20 -11 23 -23 -22 -25 26 -24 -27 -29 -30
right_child=9 4 3 -5 6 -7 13 8 -10 19 12 -13 -14 14 -16 -17 -18 18 -20 -21 21 22 25 24 -26 27 -28 28 29 -31
leaf_value=0.00032151639425375528 0.00035809921351454129 0.0026006131823981039 0.00074660375549875403 -0.002633637055866403 -8.5429346755924628e-06 -0.0042038585877092255 -0.0016842009752650721 -0.0003168920038193842 0.00083670433505263751 -7.5670983058512048e-05 0.0014663251017145969 0.0005751477362763561 7.6245509432675825e-05 -0.00029577237005129909 0.0032300388045954742 -0.00093798732985444881 -0.001057243036850442 0.0034382542099533086 0.0012808904243608811 0.00015124020021953095 0.0015308835339737383 -0.00049044578929746088 0.00045951192420101033 -0.0015559933695433634 0.00074468488124697233 -0.0014253161412002716 0.0039980482650966214 0.0036342722702178533 0.00079835638364459663 -0.0013861898867514259
leaf_weight=384 120 288 192 1824 480 96 1440 2112 1824 78302 96 648 7296 139 53 1544 672 70 122 17466 96 4452 93 2604 372 409 58 91 1210 208
leaf_count=384 120 288 192 1824 480 96 1440 2112 1824 78302 96 648 7296 139 53 1544 672 70 122 17466 96 4452 93 2604 372 409 58 91 1210 208
internal_value=-0.000232886 -0.000983097 -0.00289583 -0.00375992 -0.000463802 0.00385417 -0.000659888 -0.000164128 0.000716462 -0.000158606 0.000698528 0.00430989 0.000323321 -0.00273284 0.00229167 -0.00136427 9.6725e-05 0.00258928 0.0090625 -0.00022499 -0.00032283 -0.00105442 -0.000391812 -0.00246094 -0.00274866 0.00174239 0.00857616 0.00120438 0.00222333 0.00148801
internal_weight=124761 11240 2400 2016 8840 384 8456 6824 3936 113521 8160 768 7392 1632 192 2888 1344 672 192 105361 87895 9593 6521 3072 2976 2069 151 1918 1509 1418
internal_count=124761 11240 2400 2016 8840 384 8456 6824 3936 113521 8160 768 7392 1632 192 2888 1344 672 192 105361 87895 9593 6521 3072 2976 2069 151 1918 1509 1418
is_linear=0
shrinkage=0.05


Tree=138
num_leaves=31
num_cat=0
split_feature=3 9 10 4 0 11 11 0 3 5 7 10 11 3 3 9 0 0 10 3 11 9 3 3 1 1 11 7 4 0
split_gain=3.01971 4.41777 3.58383 3.38191 2.82723 2.95182 5.56891 2.51535 2.42094 2.3425 2.55253 2.27521 2.23316 3.01601 4.25814 3.44048 2.13483 2.60633 1.98987 5.65335 8.4213 7.65646 7.07463 7.18797 5.77371 5.4364 4.38782 4.51108 7.91939 6.33083
threshold=-0.95500086777008153 25.676822916666669 1.0000000180025095e-35 -0.074115882986646633 16.500000000000004 0.88973885209876746 0.87092940175417699 51.500000000000007 -0.8821812062722818 1.0000000180025095e-35 26.487500000000004 1.0000000180025095e-35 0.95201652232539213 0.7090011537757156 0.95752911693909493 24.584895833333338 72.500000000000014 9.5000000000000018 1.0000000180025095e-35 -0.18492532721306487 0.95301643267371083 28.733593750000001 -0.73866753694953124 -0.36647417525074694 3.5000000000000004 5.5000000000000009 1.1265970327176902 32.51250000000001 0.071972700440407641 38.500000000000007
decision_type=2 2 2 2 2 2 2 2 2 2 2 2 2 2 2 2 2 2 2 2 2 2 2 2 2 2 2 2 2 2
left_child=1 2 -1 -4 5 6 11 -6 -2 -9 -11 -3 13 -10 -15 -16 17 -17 -14 21 -21 -20 -23 24 -24 -26 27 28 -22 -30
right_child=8 4 3 -5 7 -7 -8 9 12 10 -12 -13 18 14 15 16 -18 -19 19 20 26 22 23 -25 25 -27 -28 -29 29 -31
leaf_value=0.0003054405745410672 0.00023345865034392327 0.00196513784678716 0.00070927356772381746 -0.0025019552030730837 -0.0010290602740211572 0.00017782139689290774 0.0079417427966421324 -0.00013600024347482748 -0.00013296729409696074 0.0042112839565561352 0.00022880310610016365 -0.0022899707577607492 -0.0001377336758395809 -0.00093577439673209455 -0.00053498162644684364 0.0011314741111915995 0.0019925556735702087 8.2812098329359608e-05 -0.00052948008961307914 0.0018988538648784155 -0.00029042373951924174 -0.0024094510876335878 0.00070532185251433383 -0.00027996485884231053 0.0031487364381876308 0.001075302404061869 -0.00062264374476924756 0.001030509068096374 0.0003562084356389038 8.9130314999865122e-05
leaf_weight=384 6816 51 192 1824 3220 1402 51 3784 16773 84 180 68 38013 4320 672 70 161 441 10560 96 9136 864 1728 1805 480 576 2116 3228 6396 9270
leaf_count=384 6816 51 192 1824 3220 1402 51 3784 16773 84 180 68 38013 4320 672 70 161 441 10560 96 9136 864 1728 1805 480 576 2116 3228 6396 9270
internal_value=-0.000232486 -0.00101424 -0.00291667 -0.00375992 -0.000497739 0.00142494 0.00764706 -0.000913595 -0.000155083 -8.39933e-05 0.0044697 0.00172269 -0.00021344 -0.000656729 -0.00165431 0.00080357 0.00333333 0.00175147 -9.54111e-05 0.00012485 0.00052708 -0.000634798 0.000886667 0.00166812 0.00326149 0.00617424 0.000479996 0.000645736 0.000416901 0.00109919
internal_weight=124761 11240 2400 2016 8840 1572 170 7268 113521 4048 264 119 106705 22437 5664 1344 672 511 84268 46255 30242 16013 5453 4589 2784 1056 30146 28030 24802 15666
internal_count=124761 11240 2400 2016 8840 1572 170 7268 113521 4048 264 119 106705 22437 5664 1344 672 511 84268 46255 30242 16013 5453 4589 2784 1056 30146 28030 24802 15666
is_linear=0
shrinkage=0.05


Tree=139
num_leaves=31
num_cat=0
split_feature=3 9 10 4 5 4 11 9 7 9 4 11 1 3 0 11 3 10 9 7 3 3 3 7 0 0 7 9 9 0
split_gain=2.62123 2.79116 3.31375 2.8113 1.93297 1.97362 2.67407 3.02624 2.97001 2.42434 3.91398 3.3859 4.4202 3.00312 2.89211 2.12125 1.92846 4.59774 4.96806 10.9052 11.7871 10.2889 5.15448 4.4678 4.44134 4.60131 4.04807 4.32574 5.01906 5.41636
threshold=-0.96463499255812291 25.676822916666669 1.0000000180025095e-35 -0.074115882986646633 1.0000000180025095e-35 0.16587474750015932 1.058208325002284 25.771875000000005 29.412500000000005 26.965885416666669 -0.022575793296316496 0.95911488553154101 2.5000000000000004 -0.99697703579879204 3.5000000000000004 1.0326169115782082 0.54219432480460406 1.0000000180025095e-35 30.435416666666672 30.012500000000006 0.76140650896573492 0.95242846126021108 0.99700008544936913 40.88750000000001 91.500000000000014 10.500000000000002 32.51250000000001 26.651562500000001 21.076822916666668 37.500000000000007
decision_type=2 2 2 2 2 2 2 2 2 2 2 2 2 2 2 2 2 2 2 2 2 2 2 2 2 2 2 2 2 2
left_child=1 2 -1 -4 5 9 7 -7 -8 11 15 12 -3 -14 -12 -11 -2 18 22 20 -20 24 -18 -21 25 -22 27 28 -19 -30
right_child=16 4 3 -5 -6 6 8 -9 -10 10 14 -13 13 -15 -16 -17 17 26 19 23 21 -23 -24 -25 -26 -27 -28 -29 29 -31
leaf_value=0.00029016854581401361 -8.6776093733540265e-06 -0.00072805181318720677 0.00067380988933762659 -0.0025769415377479878 0.00050773519033026993 0.0012141081698392564 -0.00032126088849950192 -0.0018766799964723456 0.0034358759713800889 -0.0012087302974789649 0.004223785520389693 -0.0013261947111832169 -0.0017704048380599677 0.0018741528716527984 0.00085453957046617394 0.00062699317393085502 -0.00084738988340742668 -0.00015609625884331212 -0.00040218300382261488 -0.0012993992863664754 0.0058515688052780549 -0.00062751780184016899 0.00053558022467696672 0.0015933231245113856 0.0081952132002206281 0.0027136275317889498 0.00067706492828356645 -0.0004652055541187794 0.00047534666907011444 1.821853162270959e-05
leaf_weight=384 78289 768 192 1440 576 96 200 1344 88 1056 56 1256 96 480 1288 576 9402 6336 866 2867 187 246 864 242 67 425 2602 6025 2622 3825
leaf_count=384 78289 768 192 1440 576 96 200 1344 88 1056 56 1256 96 480 1288 576 9402 6336 866 2867 187 246 864 242 67 425 2602 6025 2622 3825
internal_value=-0.000227677 -0.00100849 -0.00266865 -0.00365196 -0.000583758 -0.00080367 -0.00228009 -0.00315972 0.00211805 -0.000346127 0.000628359 -0.00146154 0.000282737 0.00359375 0.00262649 -0.00101716 -0.000160407 -0.000460139 -0.0011262 0.000183672 0.00329146 0.00721622 -0.00175141 -0.00160663 0.0103903 0.00905229 1.16756e-05 -0.000244046 0.000276538 0.00125872
internal_weight=124761 9896 2016 1632 7880 7304 1728 1440 288 5576 2976 2600 1344 576 1344 1632 114865 36576 15166 4900 1791 925 10266 3109 679 612 21410 18808 12783 6447
internal_count=124761 9896 2016 1632 7880 7304 1728 1440 288 5576 2976 2600 1344 576 1344 1632 114865 36576 15166 4900 1791 925 10266 3109 679 612 21410 18808 12783 6447
is_linear=0
shrinkage=0.05


Tree=140
num_leaves=31
num_cat=0
split_feature=3 9 10 4 3 10 9 7 3 3 0 0 3 7 7 9 9 0 0 8 4 4 9 9 11 3 9 4 9 3
split_gain=2.5714 2.80818 3.11048 2.78107 2.0494 4.47424 4.31914 9.08565 9.83452 8.46331 4.70688 4.71442 4.57859 3.84352 3.55663 3.98681 4.54449 3.64131 8.89397 10.4705 8.64856 5.37068 6.20931 10.8576 11.56 6.24501 4.87243 3.70642 3.55637 4.0149
threshold=-0.96463499255812291 25.676822916666669 1.0000000180025095e-35 -0.074115882986646633 0.54219432480460406 1.0000000180025095e-35 30.435416666666672 30.012500000000006 0.76140650896573492 0.86548282553247169 91.500000000000014 10.500000000000002 0.99700008544936913 40.412500000000009 32.51250000000001 26.651562500000001 26.386197916666671 38.500000000000007 29.500000000000004 26.150000000000002 0.48126256173783166 0.071972700440407641 21.076822916666668 21.593229166666671 1.0202540345051931 0.59177612190863982 23.598958333333339 0.10623888086365087 14.060937500000003 0.7090011537757156
decision_type=2 2 2 2 2 2 2 2 2 2 2 2 2 2 2 2 2 2 2 2 2 2 2 2 2 2 2 2 2 2
left_child=1 2 -1 -4 -2 6 12 8 -8 10 11 -10 -6 -9 15 16 17 18 21 -20 26 -7 25 24 -24 -23 -21 -28 -19 -30
right_child=4 -3 3 -5 5 14 7 13 9 -11 -12 -13 -14 -15 -16 -17 -18 28 19 20 -22 22 23 -25 -26 -27 27 -29 29 -31
leaf_value=0.00027566011852331161 -8.2437289046869227e-06 -0.00022642615613880138 0.00064011939487074523 -0.0024480944608605872 -0.00080502038923705495 -0.00090126703911081742 -0.00038207385363148166 -0.0012959932284930995 0.0057449067084943467 -1.1454317478124359e-05 0.0079588845319257164 0.0026289754545055321 0.0005088012134431178 0.0012602630809266286 0.00064321168186938808 -0.00044194527641284065 0.0012087500644692543 -0.0026275246685518189 -0.00022564042509287007 -0.00015579349981142276 0.0038652623294419628 0.0014457594588260408 0.0012528986274531941 0.00022966831055268108 0.00026533573219236198 -0.00022118295613342598 0.0012210387637003634 0.0039592349524706968 0.00077218407384862609 -0.00023875245740895566
leaf_weight=384 78289 7880 192 1440 9402 780 866 2792 165 327 60 373 864 317 2602 6025 258 513 504 189 126 150 60 1050 90 1830 216 153 969 5895
leaf_count=384 78289 7880 192 1440 9402 780 866 2792 165 327 60 373 864 317 2602 6025 258 513 504 189 126 150 60 1050 90 1830 216 153 969 5895
internal_value=-0.000230081 -0.00100344 -0.00266865 -0.00362132 -0.000163454 -0.000472442 -0.0011295 9.18355e-05 0.00292853 0.00651351 0.0100502 0.00856877 -0.00171245 -0.0015423 -7.00726e-06 -0.000246705 0.000253069 0.000117763 0.0011383 0.00493266 0.00896199 -1.19209e-09 0.000911948 0.00375 0.0163333 -0.000808082 0.00629032 0.00963415 -0.000594416 -0.00029429
internal_weight=124761 9896 2016 1632 114865 36576 15166 4900 1791 925 598 538 10266 3109 21410 18808 12783 12525 5148 1188 684 3960 3180 1200 150 1980 558 369 7377 6864
internal_count=124761 9896 2016 1632 114865 36576 15166 4900 1791 925 598 538 10266 3109 21410 18808 12783 12525 5148 1188 684 3960 3180 1200 150 1980 558 369 7377 6864
is_linear=0
shrinkage=0.05


Tree=141
num_leaves=31
num_cat=0
split_feature=0 4 11 0 3 7 0 9 4 9 3 3 4 0 10 3 10 11 11 3 5 3 11 8 0 9 11 1 8 3
split_gain=2.51965 3.58859 2.90208 2.80217 3.15199 2.64422 2.57121 6.38838 4.49981 3.80786 2.80787 2.55859 2.58433 2.63316 7.68532 3.95774 8.08839 7.08186 15.0063 3.72267 9.07872 3.86493 5.04913 3.94219 6.3 3.68953 3.77386 5.86708 4.53171 4.50273
threshold=75.500000000000014 -0.98801846520836312 1.2099088115144543 64.500000000000014 0.69676570133721638 37.462500000000013 86.500000000000014 25.308854166666666 -0.36648370705903521 29.179166666666671 -0.94705910369513524 -0.96463499255812291 -0.97696767110351213 31.500000000000004 1.0000000180025095e-35 -0.66528616069191593 1.0000000180025095e-35 1.0515743247573357 1.0598548649382187 -0.70291267844185523 1.0000000180025095e-35 -0.80924678377697201 0.99415218657029769 30.950000000000003 13.500000000000002 30.258854166666669 1.0959530445469128 5.5000000000000009 36.050000000000004 0.76140650896573492
decision_type=2 2 2 2 2 2 2 2 2 2 2 2 2 2 2 2 2 2 2 2 2 2 2 2 2 2 2 2 2 2
left_child=1 -1 3 11 -5 -4 8 -8 -2 10 -10 -3 -13 15 -15 16 19 -18 -19 21 -21 22 -14 24 -24 -17 27 28 -27 -29
right_child=6 2 5 4 -6 -7 7 -9 9 -11 -12 12 13 14 -16 25 17 18 -20 20 -22 -23 23 -25 -26 26 -28 29 -30 -31
leaf_value=0.00045106377195303961 -0.00022791376496265816 -0.00059888769571670515 0.00082993416154925688 -0.00026558208995210549 -0.00086313190943290209 0.0023433090633770181 -0.00050032302150239015 0.0003140167310039932 -0.00028517312633662871 0.0021015198443646247 0.00045366355530056761 -0.0011307368435327907 0.00024241053948402831 -0.00030019688865860132 0.00032227402428467214 -0.00025346352539095204 -0.00042940711099586308 0.0039627368647915618 0.00082258306204858697 0.00036605245636890812 0.0050253366713430133 -0.00022659466439009469 0.0038436089833912418 0.0015662759346771065 0.0011979500768356066 0.0015724354021018666 -0.000875864195654766 0.0017444010131277992 -5.0899910765549405e-05 0.0040828823015298579
leaf_weight=5016 5779 6573 479 10284 3201 53 5277 6414 1386 275 6831 2004 896 15873 20262 23202 3844 64 576 224 96 1092 70 480 90 384 1284 352 2336 64
leaf_count=5016 5779 6573 479 10284 3201 53 5277 6414 1386 275 6831 2004 896 15873 20262 23202 3844 64 576 224 96 1092 70 480 90 384 1284 352 2336 64
internal_value=-0.000226875 -0.000342059 -0.00041175 -0.000432758 -0.00109937 0.00327068 0.000211462 -0.000338296 0.00066183 0.00139425 0.00120056 -0.000320062 -0.000235201 -0.000185353 0.000114154 -0.000494096 0.000530139 -0.000807316 0.0040625 0.00256445 0.00765625 0.00194444 0.0035612 0.00695312 0.01375 -0.000769678 0.000554297 0.00148916 0.000643381 0.00701923
internal_weight=124761 98799 93783 93251 13485 532 25962 11691 14271 8492 8217 79766 73193 71189 36135 35054 7432 4484 640 2948 320 2628 1536 640 160 27622 4420 3136 2720 416
internal_count=124761 98799 93783 93251 13485 532 25962 11691 14271 8492 8217 79766 73193 71189 36135 35054 7432 4484 640 2948 320 2628 1536 640 160 27622 4420 3136 2720 416
is_linear=0
shrinkage=0.05


Tree=142
num_leaves=31
num_cat=0
split_feature=0 4 0 9 3 4 3 4 1 9 4 11 3 7 3 0 11 8 8 3 3 11 0 10 8 0 8 8 3 4
split_gain=2.37495 3.0508 2.57294 5.91847 3.07189 2.96885 3.44258 2.53736 2.46193 3.87543 2.88354 5.60588 7.66953 5.67204 4.78139 3.85967 3.56142 2.96344 2.60328 2.47038 8.17931 2.44183 3.5002 2.43978 2.48306 2.43692 4.43124 3.87504 8.71111 3.71694
threshold=76.500000000000014 -0.98801846520836312 86.500000000000014 25.308854166666666 0.95242846126021108 0.41202506375868281 -0.88622299073327826 -0.97696767110351213 3.5000000000000004 34.236197916666676 -0.91939278948206182 1.1049966690345681 -0.27694604220087021 31.412500000000005 0.28519915169571858 58.500000000000007 1.0619294486449482 33.350000000000001 14.100000000000001 0.99374995976406788 0.99552231814189451 1.0671022136559845 17.500000000000004 1.0000000180025095e-35 31.950000000000003 23.500000000000004 33.650000000000013 33.350000000000001 -0.065535378769913874 -0.99052477729077237
decision_type=2 2 2 2 2 2 2 2 2 2 2 2 2 2 2 2 2 2 2 2 2 2 2 2 2 2 2 2 2 2
left_child=1 25 4 -4 5 -2 -7 -3 9 18 11 12 13 23 -13 17 -17 -15 -9 -12 -21 -11 -23 -10 -25 27 -27 28 -1 -29
right_child=2 7 3 -5 -6 6 -8 8 10 21 19 14 -14 15 -16 16 -18 -19 -20 20 -22 22 -24 24 -26 26 -28 29 -30 -31
leaf_value=0.00017389059812950415 -7.0888490657471415e-05 -0.0011903511203674515 -0.00047530687042727116 0.0002983158944537956 0.0009406215835864656 0.0012418715207908797 0.00034318631032722219 0.0010931814088835509 0.0028376471700657102 0.00054426316067040495 -8.3705316557631723e-05 -0.0031626189468189586 -6.551458159959548e-05 -0.00077135224986046879 0.00094998729465143184 0.0046626653571939227 0.0025372550268442469 0.0027919125468901405 -0.00023152571694533026 0.0017854375624722898 0.00021482304025973099 -0.0016936717745688367 0.0033720723837850153 0.0024838250662378688 -0.00019323460717210949 -0.0020490139367357017 0.00052955046705768728 0.00013106108333568227 0.0036935782442692067 0.0023317688261058058
leaf_weight=144 7112 2366 5277 6414 1050 90 4720 308 155 924 36113 616 847 54 308 68 76 159 50916 77 1309 72 236 77 335 689 2809 1176 96 168
leaf_count=144 7112 2366 5277 6414 1050 90 4720 308 155 924 36113 616 847 54 308 68 76 159 50916 77 1309 72 236 77 335 689 2809 1176 96 168
internal_value=-0.000231283 -0.000339568 0.000208205 -0.000329742 0.00069303 0.000464686 0.00142412 -0.000403407 -0.000362117 -0.000587732 -6.7673e-05 0.00151206 0.00315923 0.00630952 -0.00164502 0.0112465 0.0175694 0.00697183 -0.000654382 -0.000181206 0.00189033 0.00218344 0.00603896 0.00320106 0.00118932 0.000853993 0.000117209 0.00248106 0.00833333 0.00143601
internal_weight=124761 100098 24663 11691 12972 11922 4810 95016 92650 52456 40194 2695 1771 924 924 357 144 213 51224 37499 1386 1232 308 567 412 5082 3498 1584 240 1344
internal_count=124761 100098 24663 11691 12972 11922 4810 95016 92650 52456 40194 2695 1771 924 924 357 144 213 51224 37499 1386 1232 308 567 412 5082 3498 1584 240 1344
is_linear=0
shrinkage=0.05


Tree=143
num_leaves=31
num_cat=0
split_feature=3 9 10 4 0 9 7 3 0 3 10 7 0 0 4 9 9 11 4 8 4 7 3 9 9 7 3 3 3 0
split_gain=2.1556 2.86267 3.23556 2.751 2.31168 2.80334 2.69784 3.58904 2.15542 2.07083 4.42619 3.55126 3.80031 6.89968 5.74919 7.34855 9.65517 9.31034 4.3805 4.00275 10.0842 4.43658 4.82328 3.75679 3.38845 7.56654 8.19792 7.25261 3.97692 3.69738
threshold=-0.96463499255812291 25.676822916666669 1.0000000180025095e-35 -0.074115882986646633 15.500000000000002 27.408593750000005 24.337500000000006 -0.9954993026558282 52.500000000000007 0.54219432480460406 1.0000000180025095e-35 7.8625000000000016 28.500000000000004 37.500000000000007 0.071972700440407641 21.076822916666668 21.593229166666671 1.0202540345051931 -0.25206183926700709 25.650000000000002 0.19126587156512342 22.062500000000004 0.88220160189607266 20.255468750000006 30.435416666666672 30.012500000000006 0.76140650896573492 0.95242846126021108 0.99700008544936913 91.500000000000014
decision_type=2 2 2 2 2 2 2 2 2 2 2 2 2 2 2 2 2 2 2 2 2 2 2 2 2 2 2 2 2 2
left_child=1 2 -1 -4 5 6 -3 -8 -6 -2 24 -12 14 19 -13 -16 17 -17 -15 -14 -21 22 23 -22 28 26 -26 29 -11 -28
right_child=9 4 3 -5 8 -7 7 -9 -10 10 11 12 13 18 15 16 -18 -19 -20 20 21 -23 -24 -25 25 -27 27 -29 -30 -31
leaf_value=0.00029600676321086378 -6.9697064327541659e-06 0.00011056065695909776 0.00064889496010118303 -0.002287405605327177 -0.001006842436674339 -0.00068909459821370591 -0.0008866293510326629 0.0019543140354052967 -2.5805212079530015e-05 -0.00074313530845828519 0.0014598977614886316 -0.00079340650290336389 -0.0004892967961069209 0.00041455403658163711 -0.00017629746546993642 0.00098825480311421124 0.00022188738717278316 0.00024960366478710263 -0.00027302641849925283 0.00056433723642005014 0.0029178672093665534 0.0039443216773967522 -4.3593296044185124e-06 0.0030511039290867211 -0.00042131856332020765 -0.00083725936577489261 0.0034426682174476132 -0.00058144791448870863 0.00044893821679755557 0.0073568916823404194
leaf_weight=384 78289 593 192 1440 3034 416 79 232 3526 9402 139 3395 461 4640 1782 58 1015 87 8294 1170 72 121 111 65 866 3109 612 246 864 67
leaf_count=384 78289 593 192 1440 3034 416 79 232 3526 9402 139 3395 461 4640 1782 58 1015 87 8294 1170 72 121 111 65 866 3109 612 246 864 67
internal_value=-0.00022968 -0.000937754 -0.00261905 -0.00359069 -0.000507615 0.00140151 0.0029646 0.00673633 -0.000891769 -0.000168677 -0.000479277 -1.63487e-05 -6.84042e-05 0.000366947 -0.00109437 0.000523452 0.00362069 0.0156897 -5.56684e-05 0.0031 0.00432424 0.0115312 0.00770161 0.0139781 -0.0011328 -5.10216e-05 0.00253769 0.00581081 -0.00164913 0.0084757
internal_weight=124761 9896 2016 1632 7880 1320 904 311 6560 114865 36576 21410 21271 14934 6337 2942 1160 145 12934 2000 1539 369 248 137 15166 4900 1791 925 10266 679
internal_count=124761 9896 2016 1632 7880 1320 904 311 6560 114865 36576 21410 21271 14934 6337 2942 1160 145 12934 2000 1539 369 248 137 15166 4900 1791 925 10266 679
is_linear=0
shrinkage=0.05


Tree=144
num_leaves=31
num_cat=0
split_feature=0 4 0 3 11 0 10 7 0 4 10 3 4 3 4 11 11 7 8 1 4 9 9 8 0 9 3 3 9 3
split_gain=2.16075 3.00925 2.45778 2.87207 2.28958 2.25006 7.94001 4.37079 6.21948 5.53993 4.01469 16.1948 7.69005 6.7016 17.9551 6.63214 10.1887 7.2879 6.57031 6.77344 6.45884 6.10895 8.33153 4.94211 6.36236 8.51313 5.27502 4.66146 7.13705 4.51734
threshold=75.500000000000014 -0.98801846520836312 64.500000000000014 0.70290292807158605 0.83118285699629402 31.500000000000004 1.0000000180025095e-35 24.537500000000005 45.500000000000007 -0.85674049181790024 1.0000000180025095e-35 -0.51297808981038739 -0.4755978891912595 0.16799745313369893 0.94909129669788206 1.0515743247573357 1.0561939355068173 25.612500000000004 18.950000000000003 5.5000000000000009 0.071972700440407641 21.076822916666668 21.539583333333336 26.150000000000002 12.500000000000002 19.278385416666669 -0.52032787705993211 0.82899317702918729 30.591927083333339 0.82899317702918729
decision_type=2 2 2 2 2 2 2 2 2 2 2 2 2 2 2 2 2 2 2 2 2 2 2 2 2 2 2 2 2 2
left_child=1 4 5 -4 -1 10 7 -7 -9 -10 11 23 27 15 20 -12 17 -17 -16 -20 -15 29 -23 24 25 -3 -25 -13 -29 -22
right_child=-2 2 3 -5 -6 6 -8 8 9 -11 13 12 -14 14 18 16 -18 -19 19 -21 21 22 -24 26 -26 -27 -28 28 -30 -31
leaf_value=0.0017221803292068348 6.778457881843879e-05 0.0008061262353867987 -0.00022621362026521336 -0.00082829572039494958 0.00030526410651828402 9.461178454301224e-05 0.00025375408653635704 -0.0015806981442087209 0.00096730768218572104 -0.0005683243707191426 -0.00090428835267102785 0.00011379539910142678 -0.00075778388207703353 -0.00062379011279729054 0.00056231992128032648 0.00070015067362217982 -8.4847937836012946e-05 0.0038814813346129428 0.00044932109235562985 0.001396932528478048 0.00011760241392370826 0.0011787005343396259 0.00028433424242682543 0.00048619375749063218 0.00044026924105902666 0.00094454703270316982 0.0020916020906751901 -0.0056381925987980175 0.0041635719551382728 -0.001599540671767728
leaf_weight=76 25962 117 10405 3157 4940 6090 23100 4376 1691 5465 9693 4356 7232 4930 384 71 2720 57 128 64 2336 96 1184 4616 304 91 64 96 224 736
leaf_count=76 25962 117 10405 3157 4940 6090 23100 4376 1691 5465 9693 4356 7232 4930 384 71 2720 57 128 64 2336 96 1184 4616 304 91 64 96 224 736
internal_value=-0.000225272 -0.000331938 -0.000395755 -0.00101829 0.000861243 -0.000290511 -2.97149e-05 -0.000829078 -0.00140132 -0.000493294 -0.000559382 1.75427e-05 -0.00099849 -0.000999823 -2.43469e-05 -0.00176661 0.000354634 0.0141406 0.00854167 0.0160937 -0.000555916 0.000847885 0.00375 0.00234784 0.00701172 0.01375 0.00183761 0.000581693 0.00640625 -0.000361329
internal_weight=124761 98799 93783 13562 5016 80221 40722 17622 11532 7156 39499 17100 11908 22399 9858 12541 2848 128 576 192 9282 4352 1280 5192 512 208 4680 4676 320 3072
internal_count=124761 98799 93783 13562 5016 80221 40722 17622 11532 7156 39499 17100 11908 22399 9858 12541 2848 128 576 192 9282 4352 1280 5192 512 208 4680 4676 320 3072
is_linear=0
shrinkage=0.05


Tree=145
num_leaves=31
num_cat=0
split_feature=0 0 4 11 4 3 0 7 11 1 1 0 0 9 4 9 3 7 10 8 4 4 4 8 11 4 7 9 3 3
split_gain=2.06689 2.39731 2.40512 2.5176 2.48044 2.31573 2.79072 2.27422 2.45004 4.03797 2.50676 2.26707 2.11333 5.3411 3.65303 2.87802 2.46904 2.3829 2.30962 4.86556 7.14168 2.83527 2.32253 3.06323 3.1332 2.86145 2.45282 8.5014 2.35662 3.4152
threshold=1.5000000000000002 75.500000000000014 -0.98801846520836312 0.83118285699629402 -0.97696767110351213 -0.95500086777008153 15.500000000000002 23.562500000000004 0.88973885209876746 3.5000000000000004 3.5000000000000004 11.500000000000002 86.500000000000014 25.308854166666666 -0.36648370705903521 29.179166666666671 -0.94705910369513524 25.612500000000004 1.0000000180025095e-35 30.750000000000004 1.0000000180025095e-35 -0.82899557272681157 -0.98212955754013376 32.45000000000001 0.99167509322876013 -0.91939278948206182 27.612500000000004 30.048697916666672 -0.21861968191509915 -0.29343379936893921
decision_type=2 2 2 2 2 2 2 2 2 2 2 2 2 2 2 2 2 2 2 2 2 2 2 2 2 2 2 2 2 2
left_child=-1 2 3 -2 -4 6 7 -6 9 -9 -10 -12 14 -14 -3 16 17 -16 19 20 -15 -20 -21 -24 25 -25 27 -27 29 -26
right_child=1 12 4 -5 5 -7 -8 8 10 -11 11 -13 13 18 15 -17 -18 -19 21 22 -22 -23 23 24 28 26 -28 -29 -30 -31
leaf_value=0.00027904866024903064 0.0016991444283560673 -0.00021438702037855195 -0.0011498468924985988 0.00024207941981374892 -0.00041341555676175344 -9.5934933472193037e-05 -0.00074608778536036744 0.002528988327859286 -0.00046049654034931419 -0.00032474923953115955 0.00053961507115468698 0.0016064885222142012 -0.00045273561120466436 0.0019704394626589 -0.00091895449364602026 0.0019813005547551932 0.00040934586956317101 0.00020432597796745311 0.00065616699109353506 -0.00095544127267336546 0.010012871218957168 -0.00044052561239247049 -0.00088206312276826342 0.0021609278320377746 0.00065230307679226018 0.00018962183859829991 0.00038088174123706697 0.0064962646424769665 -0.00021695979232704533 0.0040593835757459533
leaf_weight=2610 74 5779 2276 4810 795 80367 7020 101 387 81 214 64 5277 171 596 275 6831 790 1340 369 54 2295 369 117 360 147 279 67 783 63
leaf_count=2610 74 5779 2276 4810 795 80367 7020 101 387 81 214 64 5277 171 596 275 6831 790 1340 369 54 2295 369 117 360 147 279 67 783 63
internal_value=-0.000223669 -0.000253417 -0.000368494 0.00071253 -0.00042632 -0.000384651 -0.0011614 0.000694274 0.00249705 0.00763736 0.00109022 0.00471223 0.000172944 -0.000325465 0.000581247 0.00124117 0.00107277 -0.000851372 0.000643903 0.00172904 0.00877778 -0.000185696 0.00110806 0.00172769 0.00257158 0.0054918 0.00382353 0.00785047 0.00109453 0.00410165
internal_weight=124761 122151 96189 4884 91305 89029 8662 1642 847 182 665 278 25962 11691 14271 8492 8217 1386 6414 2779 225 3635 2554 2185 1816 610 493 214 1206 423
internal_count=124761 122151 96189 4884 91305 89029 8662 1642 847 182 665 278 25962 11691 14271 8492 8217 1386 6414 2779 225 3635 2554 2185 1816 610 493 214 1206 423
is_linear=0
shrinkage=0.05


Tree=146
num_leaves=31
num_cat=0
split_feature=0 0 10 0 3 3 9 8 11 11 0 3 3 5 3 11 11 3 9 8 3 3 4 5 4 11 8 7 3 9
split_gain=2.04778 2.3092 3.56757 3.96192 4.50907 4.07809 3.49136 4.31492 3.80322 4.29249 7.82014 2.98247 3.96109 3.68694 3.54422 3.82934 4.01965 5.84748 3.32573 3.08933 3.17266 3.35845 2.9167 3.02997 5.19788 3.10693 2.84969 2.84161 3.23135 5.21592
threshold=2.5000000000000004 36.500000000000007 1.0000000180025095e-35 74.500000000000014 -0.95500086777008153 -0.63921128368950708 28.733593750000001 31.250000000000004 1.1649345393363679 1.1589671265514687 66.500000000000014 -0.94975917145599731 -0.73866753694953124 1.0000000180025095e-35 -0.065535378769913874 0.92180858479239347 1.0916629031903622 -0.44504625642270151 30.207291666666666 34.350000000000001 -0.16799356919963607 -0.66528616069191593 0.81304046271159414 1.0000000180025095e-35 0.22491561436810906 1.0480714376785738 18.350000000000005 32.112500000000004 0.59868201182722736 31.817708333333336
decision_type=2 2 2 2 2 2 2 2 2 2 2 2 2 2 2 2 2 2 2 2 2 2 2 2 2 2 2 2 2 2
left_child=-1 -2 3 4 -3 -5 22 -8 9 11 -11 -9 13 -13 15 -14 18 -18 19 20 21 -17 23 -4 -25 -26 -7 -16 -29 -30
right_child=1 2 6 5 -6 26 7 8 -10 10 -12 12 14 -15 27 16 17 -19 -20 -21 -22 -23 -24 24 25 -27 -28 28 29 -31
leaf_value=0.00019831179495873703 -0.00015964580546107954 -0.0016935585821302376 -0.00016885000573146368 0.00051039478072726718 -0.00027269774353088483 0.00079627070608921527 0.0039670385496660245 0.0024163334313622113 -0.0010409923648197748 0.0064391280787380037 -0.0010174978496167982 -0.0017599424062564074 -0.00081261675772399471 0.0042428436800079827 -0.00056871381558632112 5.3445214324419751e-05 0.0021267922273273967 -0.0016878919742955936 0.0030304852266323954 -0.0030448120495003297 -0.0014118502434125302 0.0024297796876843812 0.00030304338458801 -0.00010304991590139457 0.001478817461422496 0.0021652637988077901 -0.00017617107376573194 -3.3395522255999543e-05 0.00086419329729349806 0.0043910991562515827
leaf_weight=3916 44195 1596 22951 2834 19950 609 59 118 767 60 58 1003 472 59 2008 354 295 649 708 166 118 981 8024 1062 590 59 8447 1454 1109 90
leaf_count=3916 44195 1596 22951 2834 19950 609 59 118 767 60 58 1003 472 59 2008 354 295 649 708 166 118 981 8024 1062 590 59 8447 1454 1109 90
internal_value=-0.00021365 -0.000250115 -8.41499e-05 -0.000471948 -0.000876266 0.000260722 0.000215901 0.00100779 0.000931797 0.00119975 0.010678 0.00108305 0.000984575 -0.00189266 0.00134817 0.00249399 0.0031015 0.000349575 0.00421788 0.00296788 0.00370612 0.00440075 -3.91617e-05 -0.000308573 0.00172121 0.00524653 -0.000257289 0.000428019 0.00150207 0.00342369
internal_weight=124761 120845 76650 33436 21546 11890 43214 10528 10469 9702 118 9584 9466 1062 8404 3743 3271 944 2327 1619 1453 1335 32686 24662 1711 649 9056 4661 2653 1199
internal_count=124761 120845 76650 33436 21546 11890 43214 10528 10469 9702 118 9584 9466 1062 8404 3743 3271 944 2327 1619 1453 1335 32686 24662 1711 649 9056 4661 2653 1199
is_linear=0
shrinkage=0.05


Tree=147
num_leaves=31
num_cat=0
split_feature=4 8 4 9 4 8 3 9 9 0 11 0 7 3 10 8 3 8 7 0 1 1 4 8 4 9 0 11 11 7
split_gain=1.89179 2.975 2.66068 4.49884 2.9657 7.01692 5.40188 5.56715 2.45414 2.46877 2.44936 4.49915 2.35027 4.69317 3.31551 5.51476 2.89723 4.86291 4.11453 2.86601 4.8 2.48334 3.52801 3.8427 3.83109 4.34083 6.12023 4.00216 3.09573 3.09176
threshold=0.99855310097228334 19.250000000000004 0.98770287048522643 9.2812500000000018 0.94909129669788206 22.550000000000004 0.28519915169571858 12.703645833333335 18.07057291666667 24.500000000000004 1.0515743247573357 8.5000000000000018 15.087500000000004 0.31799963745711152 1.0000000180025095e-35 18.550000000000004 0.71503381463111937 19.750000000000004 12.712500000000004 34.500000000000007 1.0000000180025095e-35 1.5000000000000002 -0.99628250747696534 32.650000000000013 -0.89787881968372518 28.553385416666671 18.500000000000004 0.965987090558455 0.90157409510273256 28.487500000000004
decision_type=2 2 2 2 2 2 2 2 2 2 2 2 2 2 2 2 2 2 2 2 2 2 2 2 2 2 2 2 2 2
left_child=2 10 3 -1 12 6 -6 -8 9 -4 -2 -12 13 -5 15 19 17 -16 -19 -15 -21 22 -14 24 25 28 -27 -28 29 -24
right_child=1 -3 8 4 5 -7 7 -9 -10 -11 11 -13 21 14 16 -17 -18 18 -20 20 -22 -23 23 -25 -26 26 27 -29 -30 -31
leaf_value=0.00296674210785988 -0.0005778725325654813 0.0013040915607871841 -0.00098534194106878218 -0.0010582400491391053 1.9213735017569114e-05 0.0019846866600451729 0.0030778678995758502 0.00052539898652740724 0.0012065937162228152 -0.00033051016629469568 0.0017373721922415144 0.00020832322899111321 0.0012281253079908017 -1.1422209932981809e-05 -2.4053055075241868e-05 -0.00071018050322641327 -0.00019073786798813369 0.00030938196539368297 0.00166892497361076 -0.00043454492335311741 0.0028890125811334606 -1.051267161721356e-05 0.00016901423773763914 -0.00061578961777121769 -0.00013520749235391971 0.0034936145507822518 -0.00064488729139845259 0.0032251902912712421 -0.0016499876261640255 0.0031775019248881523
leaf_weight=96 1056 480 1150 2965 5376 96 96 672 192 3266 90 870 960 175 1977 3417 1107 886 423 70 98 71935 222 11999 14061 114 231 231 384 66
leaf_count=96 1056 480 1150 2965 5376 96 96 672 192 3266 90 870 960 175 1977 3417 1107 886 423 70 98 71935 222 11999 14061 114 231 231 384 66
internal_value=-0.000212848 0.00114984 -0.000240667 -0.000194507 -0.000203342 0.000857371 0.000647785 0.00457031 -0.00141927 -0.00165987 0.000307538 0.00213542 -0.0002628 -0.000952511 -0.000333007 -0.00142287 0.000599817 0.0013451 0.00370894 0.00462099 0.00928571 -0.000186273 -0.000583346 -0.000688078 -0.000162977 0.00249199 0.00567708 0.00311688 -0.000238096 0.00368055
internal_weight=124761 2496 122265 117657 117561 6240 6144 768 4608 4416 2016 960 111321 11118 8153 3760 4393 3286 1309 343 168 100203 28268 27308 15309 1248 576 462 672 288
internal_count=124761 2496 122265 117657 117561 6240 6144 768 4608 4416 2016 960 111321 11118 8153 3760 4393 3286 1309 343 168 100203 28268 27308 15309 1248 576 462 672 288
is_linear=0
shrinkage=0.05


Tree=148
num_leaves=31
num_cat=0
split_feature=0 0 4 4 4 11 11 9 3 3 8 11 0 7 1 1 3 4 9 11 7 0 4 9 8 11 11 0 0 10
split_gain=1.85159 1.96038 2.28496 2.42376 2.16564 3.60381 5.33126 3.99543 8.61769 7.65857 4.41256 3.63184 3.52491 3.76761 3.40033 2.79723 2.7793 2.76156 5.01966 2.94 2.74781 2.53548 2.42 2.1886 2.352 2.09782 2.08982 2.08859 2.62478 9.20823
threshold=1.0000000180025095e-35 75.500000000000014 -0.98801846520836312 -0.97696767110351213 -0.91249077947840473 1.1016663470368233 1.1589671265514687 29.525520833333335 0.3504237462291826 0.21862473630160603 29.450000000000003 1.0574549747388564 8.5000000000000018 33.612500000000004 2.5000000000000004 1.0000000180025095e-35 -0.36647417525074694 -0.86548532668110156 31.538281250000004 1.0671022136559845 34.412500000000016 49.500000000000007 -0.95502570686053045 28.369010416666672 32.750000000000007 1.0574549747388564 0.83118285699629402 63.500000000000007 31.500000000000004 1.0000000180025095e-35
decision_type=2 2 2 2 2 2 2 2 2 2 2 2 2 2 2 2 2 2 2 2 2 2 2 2 2 2 2 2 2 2
left_child=-1 2 26 -4 5 7 16 8 10 11 -5 12 -9 -14 -13 22 -7 18 21 -20 -21 -6 -12 -17 -25 -11 -2 28 -19 -30
right_child=1 -3 3 4 17 6 -8 9 -10 25 15 14 13 -15 -16 23 -18 27 19 20 -22 -23 -24 24 -26 -27 -28 -29 29 -31
leaf_value=0.00053390269971564659 0.0015911585729873959 4.9264810879179586e-05 -0.0010899929262449162 0.0014219895176207423 -0.0023004763942874669 0.0026252438592207338 0.00094112276758954875 0.0051054549972661192 0.0053810852331458887 0.0003214205458803573 -0.0029511888204695959 -0.0033940204321481122 0.0016597485344874785 0.0038980739158121108 0.0011582961251972283 -0.0016731045483557292 -0.0022867544313728088 -0.00014140654565581633 -3.8083710841907812e-05 0.00068937981478535892 0.0033833552368625688 -0.00029175211435187925 0.0028098215124557932 0.0043177720255809567 -0.00064855392940173814 -0.0023529180773347227 0.00023443160748194385 -0.00034408471714473214 -0.00038491707345494658 0.00031995269153869152
leaf_weight=1305 75 25962 2306 300 1911 75 600 96 75 1275 75 150 618 186 600 1275 1350 32566 450 155 70 1011 150 75 675 300 4875 12600 14368 19232
leaf_count=1305 75 25962 2306 300 1911 75 600 96 75 1275 75 150 618 186 600 1275 1350 32566 450 155 70 1011 150 75 675 300 4875 12600 14368 19232
internal_value=-0.000206837 -0.000226641 -0.000329457 -0.000385439 -0.000344535 0.000447618 -0.00137037 0.00107692 -0.00037143 0.00225581 -0.000862746 0.00463636 0.00677778 0.00569652 0.00206667 -0.00162222 -0.00303509 -0.000420275 -0.00177509 0.00211111 0.00677778 -0.00267283 0.00366667 -0.00220988 -6.66679e-05 -0.000238096 0.000717171 -0.000358405 -0.000246049 6.39869e-05
internal_weight=124761 123456 97494 92544 90238 7875 2025 5850 2625 3225 2550 1650 900 804 750 2250 1425 82363 3597 675 225 2922 225 2025 750 1575 4950 78766 66166 33600
internal_count=124761 123456 97494 92544 90238 7875 2025 5850 2625 3225 2550 1650 900 804 750 2250 1425 82363 3597 675 225 2922 225 2025 750 1575 4950 78766 66166 33600
is_linear=0
shrinkage=0.05


Tree=149
num_leaves=31
num_cat=0
split_feature=0 0 4 4 3 1 11 9 4 4 4 0 3 11 0 10 3 10 11 11 8 0 8 8 0 3 0 11 11 3
split_gain=1.76966 1.82393 2.03792 2.32616 1.98221 2.02232 2.67813 3.55556 2.48663 2.5949 2.06785 2.01177 2.92056 2.9764 2.44875 4.51255 4.10863 6.96364 5.1661 10.7214 4.55588 3.93687 3.51667 3.20902 6.45163 6.24754 3.66753 3.22765 5.16667 3.10097
threshold=1.0000000180025095e-35 75.500000000000014 -0.98801846520836312 -0.97696767110351213 -0.96463499255812291 2.5000000000000004 1.0326169115782082 26.279947916666671 0.21652257995689161 0.16587474750015932 0.1318557721318592 64.500000000000014 0.52033990680116082 1.1914487839091927 31.500000000000004 1.0000000180025095e-35 -0.65234524191686594 1.0000000180025095e-35 1.0515743247573357 1.0598548649382187 27.550000000000004 12.500000000000002 29.050000000000004 31.850000000000005 19.500000000000004 -0.70291267844185523 22.500000000000004 1.0151808961982427 1.0259232196813726 0.16799745313369893
decision_type=2 2 2 2 2 2 2 2 2 2 2 2 2 2 2 2 2 2 2 2 2 2 2 2 2 2 2 2 2 2
left_child=-1 2 -2 -4 5 6 10 -8 9 -7 -5 14 -13 -14 16 -16 17 20 -19 -20 21 -6 -22 25 -25 27 -26 -24 -29 -18
right_child=1 -3 3 4 11 8 7 -9 -10 -11 -12 12 13 -15 15 -17 29 18 19 -21 22 -23 23 24 26 -27 -28 28 -30 -31
leaf_value=0.00050720756472986419 0.00032003569065612185 4.6801570335220066e-05 -0.0010354932799326714 -0.00073840568704208439 0.0010132493112614224 3.4304925509273856e-05 -0.0026036889460636014 0.00093814403679220993 0.0014156172725972567 -0.0015951779271846948 -0.0028160686594471676 -7.9222922191809117e-05 -0.00075647334575030699 0.0020343591017844445 -0.00021459946623624449 0.00026741399417567325 -0.00045571970954454372 -0.00035517028777692331 0.0033813619070121891 0.00070354711975137007 -0.00050149551097599385 0.00056342655429248323 0.00082487153469497333 -0.00075635139958522509 0.00254719884067388 0.0050947533700077298 0.0011005010696309397 0.003352080341210842 0.00012488337433069253 -7.0798016322006933e-05
leaf_weight=1305 4950 25962 2306 1950 60 3081 300 600 150 750 900 7774 4257 66 15939 20361 9610 3816 62 589 527 95 1023 611 96 62 288 93 93 17085
leaf_count=1305 4950 25962 2306 1950 60 3081 300 600 150 750 900 7774 4257 66 15939 20361 9610 3816 62 589 527 95 1023 611 96 62 288 93 93 17085
internal_value=-0.00020323 -0.000222591 -0.000321765 -0.000374634 -0.000334561 -0.00110012 -0.00193333 0.000444443 -0.000315249 -0.000562518 -0.00268421 -0.000262827 -0.000858479 -0.0019003 -0.00016049 0.000125343 -0.000464674 0.000576533 -0.000668235 0.00344854 0.00246269 0.0108065 0.00199964 0.00285525 0.000728642 0.00452006 0.00580729 0.00372622 0.00978495 -0.000753888
internal_weight=124761 123456 97494 92544 90238 7731 3750 900 3981 3831 2850 82507 12097 4323 70410 36300 34110 7415 4467 651 2948 155 2793 2266 995 1271 384 1209 186 26695
internal_count=124761 123456 97494 92544 90238 7731 3750 900 3981 3831 2850 82507 12097 4323 70410 36300 34110 7415 4467 651 2948 155 2793 2266 995 1271 384 1209 186 26695
is_linear=0
shrinkage=0.05


Tree=150
num_leaves=31
num_cat=0
split_feature=4 8 4 9 4 8 3 9 9 3 3 1 9 7 11 0 0 5 3 4 8 11 7 7 3 4 1 8 9 0
split_gain=1.79841 2.66673 2.3914 3.66502 2.59097 5.05619 5.11442 4.70257 2.5536 2.49672 2.81504 2.60727 15.4292 5.80201 2.38334 4.49915 2.25551 2.2544 3.58965 4.92614 4.21906 4.96223 2.10992 2.30906 2.80329 2.08 2.06994 2.00877 3.16789 3.08826
threshold=0.99855310097228334 19.250000000000004 0.98770287048522643 9.2812500000000018 0.94909129669788206 22.550000000000004 0.28519915169571858 12.703645833333335 17.509895833333335 -0.29343379936893921 -0.2102246306142678 2.5000000000000004 11.53671875 13.912500000000003 1.0515743247573357 8.5000000000000018 30.500000000000004 1.0000000180025095e-35 0.42179998225932674 0.689015599449598 31.750000000000004 1.0044072743756243 24.737500000000004 18.062500000000004 -0.70291267844185523 0.99932962452255414 5.5000000000000009 31.250000000000004 28.733593750000001 54.500000000000007
decision_type=2 2 2 2 2 2 2 2 2 2 2 2 2 2 2 2 2 2 2 2 2 2 2 2 2 2 2 2 2 2
left_child=2 14 3 -1 17 6 9 -8 -4 -6 -11 12 13 -12 -2 -16 -3 27 19 20 -19 -22 23 -21 -25 -18 -20 28 -5 -29
right_child=1 16 8 4 5 -7 7 -9 -10 10 11 -13 -14 -15 15 -17 25 18 26 22 21 -23 -24 24 -26 -27 -28 29 -30 -31
leaf_value=0.0027890366681811696 -0.00055223746578057103 -6.7489199983629947e-05 -0.00060871400967405008 -0.00015346402744254026 0.0013355896115729068 0.0018806490079821929 0.0029198729139799321 0.00050740735792273353 0.00063378984458690698 -0.00085017274284317961 0.002143277582979487 -0.00015438970194856495 -0.00057197022672119812 -4.1083253487570831e-05 0.0016803598953894568 0.00019939945739272226 0.002614324709446697 -0.00019616798637052928 -8.1446098585345758e-05 0.00048879638691242864 0.0033169343783405331 7.5836136158964051e-05 -6.0182019387548954e-05 0.0031931070913244937 0.0022477848166555904 -0.00058137487389753524 -0.001517434665099992 -0.00016856283348617266 0.0032536267523264172 0.00014667024790434669
leaf_weight=96 1056 155 4032 49830 192 96 96 672 576 1152 364 2688 864 116 90 870 260 2208 2302 287 576 672 153 63 265 65 288 31296 96 23285
leaf_count=96 1056 155 4032 49830 192 96 96 672 576 1152 364 2688 864 116 90 870 260 2208 2302 287 576 672 153 63 265 65 288 31296 96 23285
internal_value=-0.000198821 0.00112981 -0.000225945 -0.000182183 -0.000190158 0.000801281 0.000623371 0.0044401 -0.00134332 7.81238e-05 -0.000129245 0.00049355 0.00229167 0.00947917 0.00033234 0.00213542 0.00447917 -0.000245732 0.000635455 0.00153409 0.000729165 0.00305288 0.00515625 0.00646341 0.00932927 0.00684615 -0.000830117 -0.000303187 -0.000532389 -9.35319e-05
internal_weight=124761 2496 122265 117657 117561 6240 6144 768 4608 5376 5184 4032 1344 480 2016 960 480 111321 6814 4224 3456 1248 768 615 328 325 2590 104507 49926 54581
internal_count=124761 2496 122265 117657 117561 6240 6144 768 4608 5376 5184 4032 1344 480 2016 960 480 111321 6814 4224 3456 1248 768 615 328 325 2590 104507 49926 54581
is_linear=0
shrinkage=0.05


Tree=151
num_leaves=31
num_cat=0
split_feature=0 0 10 3 4 0 7 8 3 10 7 0 0 0 4 8 0 3 0 0 11 4 3 3 3 7 4 11 11 11
split_gain=1.86005 2.59578 7.29705 11.8126 7.75452 4.19988 4.05266 3.46078 3.41421 3.34999 4.56769 9.96006 4.57486 5.14517 7.0188 3.93533 3.6382 6.05762 4.38265 5.91092 3.80313 3.24366 3.21915 3.16572 3.3094 3.11216 2.97011 3.04418 2.91921 2.80356
threshold=5.5000000000000009 30.500000000000004 1.0000000180025095e-35 -0.51297808981038739 -0.4755978891912595 18.500000000000004 8.4625000000000039 33.250000000000007 0.1849296026015865 1.0000000180025095e-35 24.537500000000005 81.500000000000014 45.500000000000007 65.500000000000014 -0.85674049181790024 44.350000000000009 82.500000000000014 -0.94705910369513524 70.500000000000014 52.500000000000007 1.0044072743756243 1.0000000180025095e-35 0.81925054981890411 0.99700008544936913 0.99907018497641664 27.812500000000004 -0.98212955754013376 1.1396426947228491 1.2217849585321277 1.1538549292311382
decision_type=2 2 2 2 2 2 2 2 2 2 2 2 2 2 2 2 2 2 2 2 2 2 2 2 2 2 2 2 2 2
left_child=-1 2 3 7 -5 23 8 -2 -4 10 16 12 -12 14 29 -16 18 20 19 -3 21 -18 -7 -6 -25 -9 -13 -28 -8 -14
right_child=1 9 6 4 5 22 28 25 -10 -11 11 26 13 -15 15 -17 17 -19 -20 -21 -22 -23 -24 24 -26 -27 27 -29 -30 -31
leaf_value=0.00013387569411758336 0.00069461207147220949 0.00045084393568200159 -0.00052806344907429755 0.00043719910637053742 -0.0010083820882361182 0.00019886213325252092 -0.00042219961472092895 -0.001315986174021469 0.00055659913439840599 6.1564968872064333e-05 -0.0014939338757551132 -0.00078513020780503261 0.00088589108246576336 -0.00097644721064592233 -0.00051833122760891795 0.0036251630744142138 0.0005063077974220416 -0.00046637843867351194 0.00053306034105002613 -0.00056404689780014598 -0.00040894248613984895 0.0060262549545361784 -0.0012340022827671637 0.0016458426311502317 -0.00054618312143609046 0.0015507520946020194 0.00088318618362736841 -0.0019884252604660344 0.0016030716715810175 0.001896198318171516
leaf_weight=7822 3475 4522 682 4475 2821 1944 16740 481 817 47612 5140 574 2320 5317 5667 60 53 3457 2969 3062 109 81 768 52 65 94 3197 190 75 120
leaf_count=7822 3475 4522 682 4475 2821 1944 16740 481 817 47612 5140 574 2320 5317 5667 60 53 3457 2969 3062 109 81 768 52 65 94 3197 190 75 120
internal_value=-0.00019802 -0.000247951 -0.000627752 0.000223985 -0.00068889 -0.00192036 -0.00128699 0.00250617 0.00120413 -0.000101837 -0.000459852 -0.000902149 -0.00138638 -0.000902552 -0.000114486 -0.00107124 0.000241001 -0.00110811 0.000714014 7.64756e-05 0.00652263 0.0121642 -0.000501476 -0.00323009 0.00482906 -0.00108696 0.00137465 0.00193829 -0.00150907 0.00213115
internal_weight=124761 116939 32489 14175 10125 5650 18314 4050 1499 84450 36838 22585 18624 13484 8167 5727 14253 3700 10553 7584 243 134 2712 2938 117 575 3961 3387 16815 2440
internal_count=124761 116939 32489 14175 10125 5650 18314 4050 1499 84450 36838 22585 18624 13484 8167 5727 14253 3700 10553 7584 243 134 2712 2938 117 575 3961 3387 16815 2440
is_linear=0
shrinkage=0.05


Tree=152
num_leaves=31
num_cat=0
split_feature=3 9 10 4 3 8 0 11 0 11 4 11 8 3 8 11 0 8 8 10 7 3 9 9 1 11 1 0 9 7
split_gain=1.98424 2.63439 2.84945 2.57404 1.85099 4.98047 4.89742 3.51151 4.02893 2.42194 3.12305 2.29206 2.21006 2.13737 2.09839 3 3.11671 2.66559 4.72472 2.80768 5.5755 5.79123 3.47925 2.91788 3.51215 2.73506 2.40846 1.84064 2.18208 2.31121
threshold=-0.96463499255812291 25.676822916666669 1.0000000180025095e-35 -0.074115882986646633 -0.86546281643016554 28.250000000000004 13.500000000000002 0.88973885209876746 23.500000000000004 1.0178050453765108 -0.48313741114591585 0.93309361111522005 34.050000000000004 -0.89406062840022227 32.550000000000004 0.99290724717615986 49.500000000000007 31.150000000000002 31.050000000000004 1.0000000180025095e-35 24.862500000000004 -0.94705910369513524 23.771875000000005 23.303385416666668 5.5000000000000009 0.91839291567263814 4.5000000000000009 14.500000000000002 27.408593750000005 24.337500000000006
decision_type=2 2 2 2 2 2 2 2 2 2 2 2 2 2 2 2 2 2 2 2 2 2 2 2 2 2 2 2 2 2
left_child=1 2 -1 -4 5 6 11 8 -7 10 -9 -2 14 -11 17 16 -16 18 19 20 21 26 23 24 -21 -23 -12 28 29 -3
right_child=4 27 3 -5 -6 7 -8 9 -10 13 12 -13 -14 -15 15 -17 -18 -19 -20 22 -22 25 -24 -25 -26 -27 -28 -29 -30 -31
leaf_value=0.00029777947503202047 0.00018166693919270972 0.00020318667843937396 0.00071617474435392147 -0.0020959411686272775 -6.6355196433489968e-05 0.0037384259534298764 0.00040516035542480087 0.0019581552512346451 0.0010704765705821849 0.0011715216598885731 0.0042578162204625868 0.00078172917342679473 -0.003662920432561334 -0.00064856577566355458 0.00028816490712171459 -0.0012586501893848039 0.0029727137942557442 -0.0011863675104930853 0.0017030320231702853 -0.0016279439363140514 -0.00093636083022530052 -0.0019573616819158739 -0.0025369930898685076 0.00048129852158349705 0.0014597960283322222 0.00092221029270939136 0.0064789094570438912 -0.00027927087195431949 -0.00058939863258616041 0.001659333887265752
leaf_weight=384 56 551 192 1440 105361 72 738 96 216 1056 81 70 288 384 300 288 276 1728 384 576 698 105 1056 480 96 409 51 6642 390 297
leaf_count=384 56 551 192 1440 105361 72 738 96 216 1056 81 70 288 384 300 288 276 1728 384 576 698 105 1056 480 96 409 51 6642 390 297
internal_value=-0.000202829 -0.000882176 -0.00249504 -0.00340686 -0.000144301 0.000523989 0.00414352 0.000162036 0.00559028 -2.51449e-05 -0.000413774 0.013254 -0.000539907 0.00184028 -0.000350798 0.00194444 0.00402778 -0.000700919 1.77834e-05 -0.000551803 0.00125 0.00459752 -0.00164855 0.000251735 -0.001875 0.00219844 0.0139394 -0.000469544 0.00130048 0.00272406
internal_weight=124761 9896 2016 1632 114865 9504 864 8640 288 8352 6912 126 6816 1440 6528 864 576 5664 3936 3552 1344 646 2208 1152 672 514 132 7880 1238 848
internal_count=124761 9896 2016 1632 114865 9504 864 8640 288 8352 6912 126 6816 1440 6528 864 576 5664 3936 3552 1344 646 2208 1152 672 514 132 7880 1238 848
is_linear=0
shrinkage=0.05


Tree=153
num_leaves=31
num_cat=0
split_feature=3 9 10 4 0 11 11 10 7 0 11 11 8 1 1 1 0 3 8 0 11 9 9 3 11 11 4 7 10 8
split_gain=1.80414 3.80788 2.8425 2.42483 2.31205 2.33223 3.30625 1.99713 6.33499 4.26624 3.42682 2.63885 4.67644 2.20079 2.12981 2.69494 2.12817 1.9515 4.96761 3.75078 2.06469 1.83179 2.12479 6.01667 1.8375 1.79638 2.35684 2.14263 2.52288 3.96685
threshold=-0.95500086777008153 25.676822916666669 1.0000000180025095e-35 -0.074115882986646633 15.500000000000002 0.88973885209876746 0.83998462250459582 1.0000000180025095e-35 25.512500000000006 82.500000000000014 0.94717356021396715 0.95911488553154101 31.050000000000004 5.5000000000000009 4.5000000000000009 3.5000000000000004 30.500000000000004 -0.86546281643016554 28.250000000000004 12.500000000000002 0.86172850934224976 27.564322916666672 27.037239583333335 -0.98370366633421236 0.9987604681581238 1.0178050453765108 -0.48313741114591585 30.412500000000005 1.0000000180025095e-35 32.45000000000001
decision_type=2 2 2 2 2 2 2 2 2 2 2 2 2 2 2 2 2 2 2 2 2 2 2 2 2 2 2 2 2 2
left_child=1 2 -1 -4 5 6 -3 9 -9 -6 -10 13 -13 -12 15 -11 -14 18 19 -2 -20 22 -7 24 -24 26 -22 28 29 -27
right_child=17 4 3 -5 7 21 -8 8 10 14 11 12 16 -15 -16 -17 -18 -19 20 -21 25 -23 23 -25 -26 27 -28 -29 -30 -31
leaf_value=0.00028289050128041989 0.00049808991466994369 -0.00015423627087220857 0.00068036600713622516 -0.0019271661523329372 -0.0010481250394198461 6.4373242243004642e-05 0.0044023334608772544 -0.0015947298647339991 -0.00062809488805978114 0.0006669156563970254 0.0033565329082161626 -0.0012133049451119047 -0.0033117057149785719 -0.00023589231075322038 -0.00089963274714203924 0.0045760468806489594 0.0013826790492259186 -6.3037436611815048e-05 0.0013532839966652972 0.00050762031807164603 0.0018602474886729118 -0.00058189313318199483 0.0028924506057821124 -0.0016595062891747872 0.001614603596213131 0.0044188345800803804 -0.00014001730411740326 -0.00043065306032813379 0.00047576600918575456 0.00098418632297733798
leaf_weight=384 104 80 192 1824 2546 632 80 927 894 299 189 679 103 71 143 52 1457 105361 96 664 96 432 64 96 96 64 5760 411 688 277
leaf_count=384 104 80 192 1824 2546 632 80 927 894 299 189 679 103 71 143 52 1457 105361 96 664 96 432 64 96 96 64 5760 411 688 277
internal_value=-0.000192008 -0.000796265 -0.0025625 -0.00331349 -0.000316743 0.00148649 0.0071875 -0.000679349 1.15729e-05 -0.00166119 0.00101238 0.00196278 0.00140911 0.00673077 0.00259109 0.00468661 0.00291667 -0.000132179 0.000612744 0.0044401 0.000215096 0.000795453 0.00209459 0.0059375 0.011875 0.000119242 -0.00026981 0.00170139 0.00292031 0.00643695
internal_weight=124761 11240 2400 2016 8840 1480 160 7360 4320 3040 3393 2499 2239 260 494 351 1560 113521 8160 768 7392 1320 888 256 160 7296 5856 1440 1029 341
internal_count=124761 11240 2400 2016 8840 1480 160 7360 4320 3040 3393 2499 2239 260 494 351 1560 113521 8160 768 7392 1320 888 256 160 7296 5856 1440 1029 341
is_linear=0
shrinkage=0.05


Tree=154
num_leaves=31
num_cat=0
split_feature=3 9 10 4 8 8 7 8 8 10 0 4 4 9 9 8 11 0 0 0 4 8 4 8 3 3 3 1 9 7
split_gain=2.07899 2.32028 2.52206 2.43107 1.67257 2.08095 1.55782 1.93928 1.54391 4.21554 2.00501 1.4128 2.34041 2.87409 2.43058 2.30954 2.17814 4.12559 2.02333 1.94118 1.82403 1.81303 1.74122 4.69291 3.59117 2.27778 2.48877 2.19358 12.7751 4.85146
threshold=-0.96463499255812291 25.676822916666669 1.0000000180025095e-35 -0.074115882986646633 35.350000000000001 33.150000000000013 24.437500000000004 28.850000000000005 31.250000000000004 1.0000000180025095e-35 41.500000000000007 0.99855310097228334 0.98770287048522643 9.2812500000000018 17.649479166666669 19.250000000000004 1.0515743247573357 8.5000000000000018 18.500000000000004 24.500000000000004 0.99932962452255414 18.950000000000003 0.94909129669788206 22.550000000000004 0.28519915169571858 -0.29343379936893921 -0.2102246306142678 2.5000000000000004 11.53671875 13.912500000000003
decision_type=2 2 2 2 2 2 2 2 2 2 2 2 2 2 2 2 2 2 2 2 2 2 2 2 2 2 2 2 2 2
left_child=1 2 6 -4 5 8 7 -1 -3 -10 -11 12 13 -2 19 16 -13 -18 -17 -14 -20 -19 -15 24 25 -24 -27 28 29 -28
right_child=11 4 3 -5 -6 -7 -8 -9 9 10 -12 15 14 22 -16 18 17 21 20 -21 -22 -23 23 -25 -26 26 27 -29 -30 -31
leaf_value=0.0014905038021203417 0.0026529762179807715 -0.00027847181747463906 0.00064634770677941366 -0.0018947858025792662 0.0011343540016145327 -0.0011526115543843754 -0.00052945619957111016 -0.00023840265978732967 -0.0008680597787102699 2.493051885690862e-05 0.0015843401804933024 -0.00050649275728332111 -0.00083912161252079555 -5.6751502946429539e-05 0.00067473411786166755 -0.00087382193266908464 0.0016292147047259637 0.00068634202508154052 0.002411261112421301 -0.00033043210014085695 -0.00057006071070798384 -0.00065874434259100782 0.0012490378463406984 0.0017900079407917456 0.00086221873279367393 -0.00077824691423036667 0.0020349147260683106 -0.0001518971150385765 -0.00054292721290541358 -3.5637707604529527e-05
leaf_weight=81 96 3848 192 1440 192 1152 217 86 864 798 1026 1056 1100 101425 384 95 90 609 308 3124 77 261 192 96 768 1152 364 2688 864 116
leaf_count=81 96 3848 192 1440 192 1152 217 86 864 798 1026 1056 1100 101425 384 95 90 609 308 3124 77 261 192 96 768 1152 364 2688 864 116
internal_value=-0.000186798 -0.000882176 -0.00239583 -0.00325368 -0.000494925 -0.000610043 0.00125 0.00488024 -0.000264689 0.000654761 0.00201754 -0.000126889 -0.000153024 -0.000105837 -0.00125651 0.00104968 0.000307538 0.00203125 0.00416667 -0.00160275 0.00577922 0.00097701 -0.000113548 0.000697114 0.000525715 6.88232e-05 -0.000129245 0.000456348 0.00210565 0.00864583
internal_weight=124761 9896 2016 1632 7880 7688 384 167 6536 2688 1824 114865 112369 107761 4608 2496 2016 960 480 4224 385 870 107665 6240 6144 5376 5184 4032 1344 480
internal_count=124761 9896 2016 1632 7880 7688 384 167 6536 2688 1824 114865 112369 107761 4608 2496 2016 960 480 4224 385 870 107665 6240 6144 5376 5184 4032 1344 480
is_linear=0
shrinkage=0.05


Tree=155
num_leaves=31
num_cat=0
split_feature=3 9 10 4 0 9 7 3 7 3 8 11 0 11 0 9 3 4 11 0 1 0 11 3 4 3 11 11 11 3
split_gain=2.02229 2.14219 2.24691 2.31963 1.53466 1.92594 2.00894 2.76507 1.76602 1.43401 4.75456 3.05405 3.375 3.34463 2.83108 2.8308 2.71888 1.90984 1.86873 1.84176 1.77782 1.79813 1.72867 2.46582 5.61637 2.55676 6.60357 6.99494 4.2153 4.58792
threshold=-0.96463499255812291 25.676822916666669 1.0000000180025095e-35 -0.074115882986646633 15.500000000000002 27.408593750000005 24.337500000000006 -0.9954993026558282 22.062500000000004 -0.86546281643016554 28.450000000000003 0.88973885209876746 23.500000000000004 0.91839291567263814 13.500000000000002 23.303385416666668 -0.91597725483594616 0.48126256173783166 1.0039018574430203 32.500000000000007 4.5000000000000009 71.500000000000014 0.965987090558455 -0.76141707087277943 -0.58481178939031186 -0.53493989022977317 1.0480714376785738 1.0598548649382187 0.9663103299672644 -0.17647087149565668
decision_type=2 2 2 2 2 2 2 2 2 2 2 2 2 2 2 2 2 2 2 2 2 2 2 2 2 2 2 2 2 2
left_child=1 2 -1 -4 5 6 -3 -8 -6 10 14 12 -12 -13 16 -15 -2 -17 19 -16 -21 -22 -11 24 -24 26 -25 -28 -27 -30
right_child=9 4 3 -5 8 -7 7 -9 -10 22 11 13 -14 15 18 17 -18 -19 -20 20 21 -23 23 25 -26 28 27 -29 29 -31
leaf_value=0.00026786847460106758 -0.00049267855433997429 0.00015490554545061878 0.00061403032144044349 -0.0018000465124503016 -0.0020014235226319859 -0.00049953903495262404 -0.00090020781397485603 0.0016983021126909784 -0.00020637401411351312 -0.00020467033147526651 0.0033659143950559114 -0.0019504438499408534 0.001001660158588118 -0.00092929440556225847 -0.00020464071720152993 0.00021809596923310121 0.00038799180579355489 -0.0019465146723712851 -0.0026088573007397617 0.00071145032082298772 0.00094459787269985317 0.0018103223827788694 -0.0029052581977449463 -1.7909201896126083e-05 -0.0001074702111636162 0.0021991312727655549 0.0026999019623188381 0.00087938160688272131 -0.00040432547532363774 2.0729775581829514e-05
leaf_weight=384 56 593 192 1440 286 416 79 232 6274 26362 72 768 216 480 247 6432 140 192 82 630 117 72 960 6528 3648 288 288 2303 12472 52512
leaf_count=384 56 593 192 1440 286 416 79 232 6274 26362 72 768 216 480 247 6432 140 192 82 630 117 72 960 6528 3648 288 288 2303 12472 52512
internal_value=-0.000181188 -0.000867018 -0.00232143 -0.00313113 -0.000494925 0.0010606 0.00235619 0.00561093 -0.000807928 -0.000122101 0.000466118 1.22537e-05 0.00506944 -0.000172765 0.00322172 0.000166102 0.00877551 0.000434781 0.00227352 0.00283302 0.00397436 0.00822751 -0.000175161 -5.81665e-05 -0.00118056 1.13577e-05 0.00079559 0.0029313 -9.82056e-05 -0.000124955
internal_weight=124761 9896 2016 1632 7880 1320 904 311 6560 114865 9504 8160 288 7872 1344 7104 196 6624 1148 1066 819 189 105361 78999 4608 74391 9119 2591 65272 64984
internal_count=124761 9896 2016 1632 7880 1320 904 311 6560 114865 9504 8160 288 7872 1344 7104 196 6624 1148 1066 819 189 105361 78999 4608 74391 9119 2591 65272 64984
is_linear=0
shrinkage=0.05


Tree=156
num_leaves=31
num_cat=0
split_feature=3 9 10 4 9 3 1 5 4 11 9 9 4 9 0 8 3 8 0 1 4 3 8 11 11 0 9 0 8 4
split_gain=1.9865 2.17206 2.08009 2.06544 1.37039 1.72854 1.61116 1.36092 1.5843 2.35734 2.06616 1.87672 2.62329 3.70539 3.05623 3.45469 1.87274 2.17251 1.92215 1.68 1.37405 1.30106 4.39341 2.484 3.19387 2.9105 2.65313 2.47462 2.48345 1.89228
threshold=-0.96463499255812291 25.676822916666669 1.0000000180025095e-35 -0.074115882986646633 9.2812500000000018 -0.091260668982868151 1.0000000180025095e-35 1.0000000180025095e-35 0.18281312110578132 1.0655178138138408 25.771875000000005 26.541666666666668 -0.091258822863740666 26.386197916666671 34.500000000000007 29.050000000000004 -0.97694226132849327 32.45000000000001 6.5000000000000009 1.5000000000000002 1.0000000180025095e-35 -0.86546281643016554 28.450000000000003 0.88973885209876746 0.91839291567263814 20.500000000000004 23.303385416666668 13.500000000000002 28.250000000000004 0.48126256173783166
decision_type=2 2 2 2 2 2 2 2 2 2 2 2 2 2 2 2 2 2 2 2 2 2 2 2 2 2 2 2 2 2
left_child=1 2 -1 -4 5 -2 -7 8 11 10 -10 12 13 14 15 19 17 20 -19 -3 -13 22 27 25 -25 -24 -26 28 -6 -28
right_child=4 7 3 -5 21 6 -8 -9 9 -11 -12 16 -14 -15 -16 -17 -18 18 -20 -21 -22 -23 23 24 26 -27 29 -29 -30 -31
leaf_value=0.00025447505087101334 0.0025192909183026392 0.00119111608718678 0.00058332880536842227 -0.0017100441868277865 0.00041012284769596205 0.0018666425365536331 1.28105108758243e-05 0.00046663109247098818 0.0011955784687237602 0.0013769861515666977 -0.00152164441675936 0.0002394845047719925 -0.0011891320431832821 -0.0015017631285735896 -9.5925815777631316e-06 0.0026661706886731773 -0.00082919702936731603 0.0012319927252769896 -0.00080588647309837852 -0.00030528908496115447 0.0013914001713444188 -6.4792099168199977e-05 0.0038010111153073383 -0.0018529216574438103 -0.00088282968528414487 0.00089956745082815464 0.00020719117077144588 0.00043219278237862735 3.9261165219734008e-05 -0.001849188938752721
leaf_weight=384 96 70 192 1440 126 192 864 576 96 96 1248 1344 1156 384 427 70 576 56 712 105 964 104209 63 768 480 225 6432 1148 70 192
leaf_count=384 96 70 192 1440 126 192 864 576 96 96 1248 1344 1156 384 427 70 576 56 712 105 964 104209 63 768 480 225 6432 1148 70 192
internal_value=-0.00017718 -0.000856913 -0.00232143 -0.00310049 -0.000118619 0.00159722 0.00101326 -0.000482235 -0.000666759 -0.00215278 -0.00269345 -0.000301843 -0.00145118 0.000350378 0.00258928 0.00704082 0.000394303 0.000884264 -0.00141927 0.00328571 0.00165078 -0.000136001 0.000424031 -1.22561e-05 -0.000179117 0.00454861 0.000152026 0.00307292 0.0082653 0.000412136
internal_weight=124761 9896 2016 1632 114865 1152 1056 7880 7304 1440 1344 5864 2212 1056 672 245 3652 3076 768 175 2308 113713 9504 8160 7872 288 7104 1344 196 6624
internal_count=124761 9896 2016 1632 114865 1152 1056 7880 7304 1440 1344 5864 2212 1056 672 245 3652 3076 768 175 2308 113713 9504 8160 7872 288 7104 1344 196 6624
is_linear=0
shrinkage=0.05


Tree=157
num_leaves=31
num_cat=0
split_feature=3 9 10 4 8 8 4 8 11 0 4 9 9 3 0 8 4 0 0 8 0 8 10 0 0 1 7 8 5 8
split_gain=1.89064 2.01428 1.98766 1.98824 1.47591 1.86929 1.34055 2.03892 2.11591 3.68804 1.98775 2.39596 2.13556 2.9184 1.69056 1.67625 1.63333 1.78836 1.34906 2.12525 2.4779 1.29837 3.23381 2.14243 1.58081 2.10729 1.28094 1.52056 1.25712 2.92277
threshold=-0.96463499255812291 25.676822916666669 1.0000000180025095e-35 -0.074115882986646633 35.350000000000001 33.250000000000007 0.99855310097228334 19.250000000000004 1.0515743247573357 8.5000000000000018 0.98770287048522643 17.509895833333335 9.9703125000000004 -0.17647087149565668 23.500000000000004 18.950000000000003 0.99932962452255414 41.500000000000007 34.500000000000007 17.450000000000003 48.500000000000007 31.250000000000004 1.0000000180025095e-35 30.500000000000004 15.500000000000002 1.5000000000000002 24.437500000000004 28.850000000000005 1.0000000180025095e-35 34.350000000000001
decision_type=2 2 2 2 2 2 2 2 2 2 2 2 2 2 2 2 2 2 2 2 2 2 2 2 2 2 2 2 2 2
left_child=1 2 26 -4 5 21 10 8 18 -10 12 14 13 -2 -12 -11 17 -9 -8 -20 -21 -3 -23 24 25 -24 27 -1 -14 -30
right_child=6 4 3 -5 -6 -7 7 16 9 15 11 -13 28 -15 -16 -17 -18 -19 19 20 -22 22 23 -25 -26 -27 -28 -29 29 -31
leaf_value=0.0013898614357407198 -0.00042507081438904475 -0.00025848529692730867 0.00055416236510000088 -0.0016245419774863967 0.001013924850483921 -0.0011708490267749632 -0.0012191922725984154 0.0001579552458435238 0.001546076955166784 0.00058317031123074662 -0.00083409290413162139 0.00059330551205358424 -5.1758523933551107e-05 0.0023454569496528764 -0.0003265693988006883 -0.0006236040092821389 -0.00071030652692560684 0.0027588688323045923 -0.0029784028086634173 0.0029417803466269001 -3.3318290192297874e-05 -0.00074862879076386659 -0.0026317188731991049 0.0011365273683867575 -0.0016696332210363284 0.00088086564845484537 -0.00052910056586615863 -0.00025259970307156884 0.00039437174262937029 -0.00068638804855146235
leaf_weight=81 96 3848 192 1440 192 1056 385 168 90 609 1008 576 101427 192 3024 261 96 216 183 112 376 864 96 1300 300 224 217 86 4702 1344
leaf_count=81 96 3848 192 1440 192 1056 385 168 90 609 1008 576 101427 192 3024 261 96 216 183 112 376 864 96 1300 300 224 217 86 4702 1344
internal_value=-0.000173573 -0.000836703 -0.00224703 -0.00300858 -0.00047589 -0.000584028 -0.000116442 0.00102965 0.00033234 0.00203125 -0.0001419 -0.00115886 -9.84134e-05 0.00420139 -0.00158978 0.00103448 0.00395833 0.00541667 -0.00121212 0.000141579 0.00186475 -0.00027292 0.000549568 0.00169271 -0.000725808 0.00171875 0.000989582 0.00428144 -0.000109936 0.000590472
internal_weight=124761 9896 2016 1632 7880 7688 114865 2496 2016 960 112369 4608 107761 288 4032 870 480 384 1056 671 488 6632 2784 1920 620 320 384 167 107473 6046
internal_count=124761 9896 2016 1632 7880 7688 114865 2496 2016 960 112369 4608 107761 288 4032 870 480 384 1056 671 488 6632 2784 1920 620 320 384 167 107473 6046
is_linear=0
shrinkage=0.05


Tree=158
num_leaves=31
num_cat=0
split_feature=3 9 10 0 4 0 1 4 8 11 11 10 0 11 4 7 0 0 11 8 3 8 8 11 0 11 1 9 1 9
split_gain=1.75283 3.06493 2.04446 2.02039 1.72004 1.66011 1.71359 2.35142 3.10158 1.62917 2.16 1.55607 4.37162 2.34143 2.31032 3.55806 3.86409 2.19611 1.97956 2.24183 1.87399 1.58107 1.53502 1.52268 1.80567 1.51604 2.38235 2.35324 2.20915 1.36705
threshold=-0.95500086777008153 25.676822916666669 1.0000000180025095e-35 14.500000000000002 -0.074115882986646633 91.500000000000014 4.5000000000000009 -0.039769286347669845 32.95000000000001 0.88973885209876746 0.83998462250459582 1.0000000180025095e-35 30.500000000000004 0.92774199459266771 0.071972700440407641 25.912500000000005 81.500000000000014 81.500000000000014 0.94260747916725696 31.050000000000004 -0.9731273977605811 29.050000000000004 32.250000000000007 1.0635821354874333 56.500000000000007 0.95911488553154101 1.0000000180025095e-35 27.370572916666671 4.5000000000000009 25.809114583333336
decision_type=2 2 2 2 2 2 2 2 2 2 2 2 2 2 2 2 2 2 2 2 2 2 2 2 2 2 2 2 2 2
left_child=1 2 -1 9 -4 11 7 -7 -9 10 -3 14 -13 21 15 -5 -17 18 -15 25 22 -14 -21 -24 -25 26 -20 -27 -29 -16
right_child=-2 3 4 5 -6 6 -8 8 -10 -11 -12 12 13 17 29 16 -18 -19 19 20 -22 -23 23 24 -26 27 -28 28 -30 -31
leaf_value=0.0002446791992975524 -3.683358465330925e-05 0.00010866713462199573 0.00052645424684500221 0.00087608748037925612 -0.001521925351773245 -0.00050245485916195658 -0.001602660274077794 0.0043359467954052653 -0.00051846255993090982 0.00013874952719927875 0.0041548136669653712 -0.0016877117692461734 0.0016702087644619016 0.0027071700925185085 0.00089782495919476515 -0.0011898620778122923 0.0014815216207611052 -0.00091368776668720531 -0.0065332327140969733 0.0016394957236181122 0.0031508755323194776 -0.00099144311157974615 -0.000292874989747636 0.0029211472848066087 -0.00029072877773200892 -0.0025855637204447307 0.0021242343689941365 0.0024257496231294084 -0.0056071761729149135 -0.0013695839353423658
leaf_weight=384 113521 75 192 384 1824 108 108 96 56 1238 75 864 61 51 77 928 74 430 51 714 153 610 459 52 50 408 102 102 51 1463
leaf_count=384 113521 75 192 384 1824 108 108 96 56 1238 75 864 61 51 77 928 74 430 51 714 153 610 459 52 50 408 102 102 51 1463
internal_value=-0.000173974 -0.000769574 -0.00235417 -0.000339368 -0.00299107 -0.000665594 0.00260869 0.00480769 0.00881579 0.0014121 0.00633333 -0.000835687 -0.000214046 0.000616271 -0.00171907 -0.000238096 -0.00180639 0.00129051 0.00193114 0.00169935 0.00284314 -0.00201938 0.00221569 0.000258466 0.00578431 -0.000588236 0.00382353 -0.00179145 0.00349673 -0.00305195
internal_weight=124761 11240 2400 8840 2016 7452 368 260 152 1388 150 7084 4158 3294 2926 1386 1002 2623 2193 2142 1428 671 1275 561 102 714 153 561 153 1540
internal_count=124761 11240 2400 8840 2016 7452 368 260 152 1388 150 7084 4158 3294 2926 1386 1002 2623 2193 2142 1428 671 1275 561 102 714 153 561 153 1540
is_linear=0
shrinkage=0.05


Tree=159
num_leaves=31
num_cat=0
split_feature=3 9 0 0 10 8 3 3 8 11 4 7 8 9 11 3 3 9 0 8 0 0 11 11 8 3 3 7 0 4
split_gain=1.92579 3.12314 2.02676 1.94182 1.93762 1.54402 1.63528 1.53503 2.04553 1.6379 1.64334 2.38351 1.50401 1.47371 1.38586 3.05243 3.7315 3.54241 2.03033 2.21076 2.0108 2.43029 1.96499 2.82029 2.28263 5.23745 2.83093 2.30603 2.2626 6.49621
threshold=-0.95500086777008153 25.676822916666669 16.500000000000004 51.500000000000007 1.0000000180025095e-35 28.950000000000003 -0.99866806308218525 -0.9954993026558282 33.050000000000004 0.88973885209876746 -0.17646730165275518 24.437500000000004 34.750000000000007 25.771875000000005 0.95201652232539213 0.7090011537757156 0.95752911693909493 24.584895833333338 30.500000000000004 38.150000000000013 9.5000000000000018 72.500000000000014 0.94802720612342306 0.94542443323476821 29.150000000000002 -0.67803021058859214 0.28519915169571858 24.337500000000006 13.500000000000002 0.47369649395226454
decision_type=2 2 2 2 2 2 2 2 2 2 2 2 2 2 2 2 2 2 2 2 2 2 2 2 2 2 2 2 2 2
left_child=1 4 7 5 -1 -4 -7 -3 9 -9 -11 13 -10 -12 15 22 18 -18 19 -17 -19 -22 23 24 25 28 -27 -26 29 -2
right_child=14 2 3 -5 -6 6 -8 8 12 10 11 -13 -14 -15 -16 16 17 20 -20 -21 21 -23 -24 -25 27 26 -28 -29 -30 -31
leaf_value=0.000232445239332675 0.00027195855201293323 -0.00055414546215096976 0.0015698203327953596 6.2790394398982216e-06 -0.001251692935328735 0.00048743830223646825 -0.00093968036768448239 0.0026929220152885312 -0.0016543956814552123 -0.00026577581098599889 0.0023523989159340022 0.0015923342633600891 0.0010914904496071524 0.00012259282722127424 -5.6471915794343754e-06 -0.0014463718881153212 -0.00041971983732712521 0.0012543037228122588 -0.00041456035496457684 0.0014304411770069611 5.728208027572066e-05 0.0019265893183512831 -0.00083614155180902414 0.0013566801589635206 -0.0009965732567371341 -0.00034530108778721836 0.0005426707897367946 -0.00014647243748997375 0.00063047057729087781 0.0023593587905209614
leaf_weight=384 154 365 70 4048 2016 350 2800 102 187 238 51 188 85 356 88684 1333 672 70 2925 62 441 161 960 576 1107 2976 1152 10962 1230 56
leaf_count=384 154 365 70 4048 2016 350 2800 102 187 238 51 188 85 356 88684 1333 672 70 2925 62 441 161 960 576 1107 2976 1152 10962 1230 56
internal_value=-0.00017197 -0.000796265 -0.000361992 -0.00071409 -0.00239583 -0.00163044 -0.00179365 0.0012659 0.0021251 0.00323529 0.002503 0.00390756 -0.00169118 0.00175676 -0.000110157 -0.000440272 -0.0014601 0.000840773 -0.00217593 -0.00374552 0.00340774 0.00247508 -0.000138999 -2.27871e-05 -0.000135228 0.000702226 -0.00020349 -0.000521585 0.00329861 0.00809524
internal_weight=124761 11240 8840 7268 2400 3220 3150 1572 1207 935 833 595 272 407 113521 24837 5664 1344 4320 1395 672 602 19173 18213 17637 5568 4128 12069 1440 210
internal_count=124761 11240 8840 7268 2400 3220 3150 1572 1207 935 833 595 272 407 113521 24837 5664 1344 4320 1395 672 602 19173 18213 17637 5568 4128 12069 1440 210
is_linear=0
shrinkage=0.05


Tree=160
num_leaves=31
num_cat=0
split_feature=3 9 4 11 8 5 0 8 8 9 3 8 0 11 0 1 11 11 9 3 7 7 0 7 0 4 0 3 8 0
split_gain=1.91586 2.03286 1.8856 2.27001 2.03956 1.91207 1.86569 1.70211 2.1412 1.70103 2.27273 2.18397 1.93776 1.44837 1.57014 1.44231 1.35663 1.84627 1.74 1.74519 1.74201 3.11311 1.29296 2.31481 1.55323 1.82232 1.26627 2.20028 2.16744 1.24458
threshold=-0.96463499255812291 25.201562500000005 0.18281312110578132 1.0655178138138408 34.95000000000001 1.0000000180025095e-35 51.500000000000007 32.45000000000001 31.950000000000003 25.419010416666669 -0.98930078251469888 31.250000000000004 58.500000000000007 1.2099088115144543 24.500000000000004 3.5000000000000004 0.95911488553154101 0.94802720612342306 26.386197916666671 -0.99372698525316483 25.612500000000004 24.087500000000006 57.500000000000007 28.237500000000004 90.500000000000014 0.04621408538533487 68.500000000000014 -0.98930078251469888 31.950000000000003 75.500000000000014
decision_type=2 2 2 2 2 2 2 2 2 2 2 2 2 2 2 2 2 2 2 2 2 2 2 2 2 2 2 2 2 2
left_child=1 -1 4 5 6 -4 7 8 13 10 -8 22 -13 16 -15 -10 17 18 19 -3 21 -21 23 -11 -24 -26 27 -14 29 -28
right_child=-2 2 3 -5 -6 -7 9 -9 15 11 -12 12 26 14 -16 -17 -18 -19 -20 20 -22 -23 24 -25 25 -27 28 -29 -30 -31
leaf_value=-0.00078024982068653533 -3.7305452714527849e-05 -0.00041150527839990751 -0.0014063417748048205 0.0013139639051106833 0.00094140015116771561 0.0029103235104594935 -0.00012098155599788514 -0.0014167662056527462 -0.00086388005666178261 0.0019844246931730145 0.0024690631891167063 -0.001845515963047471 0.0013747091021601443 0.0011217213424328956 -3.1029533945546723e-05 0.001643596735517866 -0.0008939720117441517 0.0013220162974745802 -0.0018893668722861072 -0.00028077353002664497 -0.00013400712082455325 0.0019439374993261216 -0.0006996215846728262 7.8983985311009878e-05 -0.00011390289372382068 0.0016273465524874798 -0.00038795495033009579 0.0046327517971640458 -8.0433177748960387e-05 0.0027779318215346467
leaf_weight=768 114865 312 1632 96 288 96 88 520 104 54 88 168 150 50 54 208 1620 156 468 75 151 86 1485 216 160 65 56 90 432 160
leaf_count=768 114865 312 1632 96 288 96 88 520 104 54 88 168 150 50 54 208 1620 156 468 75 151 86 1485 216 160 65 56 90 432 160
internal_value=-0.000169165 -0.000836703 -0.000628836 -0.00206689 -0.000269716 -0.00248264 -0.000438998 -0.00118822 -0.000767358 0.000448318 0.00522727 0.000171277 0.00200757 -0.00118102 0.00461538 0.00317308 -0.00139121 -0.000152245 -0.000879122 0.000849358 0.00349359 0.0071118 -0.000808082 0.00240741 -0.00131579 0.00255555 0.00293919 0.00604167 0.00179012 0.00587963
internal_weight=124761 9896 9128 1824 7304 1728 7016 3804 3284 3212 176 3036 1056 2972 104 312 2868 1248 1092 624 312 161 1980 270 1710 225 888 240 648 216
internal_count=124761 9896 9128 1824 7304 1728 7016 3804 3284 3212 176 3036 1056 2972 104 312 2868 1248 1092 624 312 161 1980 270 1710 225 888 240 648 216
is_linear=0
shrinkage=0.05


Tree=161
num_leaves=31
num_cat=0
split_feature=3 9 10 11 3 3 9 11 1 3 7 4 0 4 3 0 7 0 8 3 7 8 9 0 9 7 8 8 10 0
split_gain=2.11069 1.92862 1.83095 1.25228 2.81465 3.47334 3.29887 2.3445 4.2917 6.21579 5.84023 6.10311 4.1705 8.0521 3.13141 3.125 3.55112 2.23223 2.25979 2.1092 2.04618 4.55593 3.04401 2.47425 2.39779 1.95583 1.94148 5.26014 4.18924 2.15915
threshold=-0.96463499255812291 25.676822916666669 1.0000000180025095e-35 0.95201652232539213 0.7090011537757156 0.9550229469509578 24.584895833333338 0.88327974961520905 1.0000000180025095e-35 0.48314048284850658 27.737500000000004 -0.95998493203694346 9.5000000000000018 0.27487873330147788 -0.9442364261229238 47.500000000000007 23.837500000000006 30.500000000000004 38.150000000000013 0.57782244426053786 31.412500000000005 34.250000000000007 29.259375000000002 45.500000000000007 33.187239583333344 32.812500000000007 29.050000000000004 27.450000000000003 1.0000000180025095e-35 20.500000000000004
decision_type=2 2 2 2 2 2 2 2 2 2 2 2 2 2 2 2 2 2 2 2 2 2 2 2 2 2 2 2 2 2
left_child=1 2 -1 4 7 17 -7 8 9 10 12 -12 13 -2 15 16 -10 18 -6 20 26 22 -22 -24 -23 -25 27 -9 29 -28
right_child=3 -3 -4 -5 5 6 -8 19 14 -11 11 -13 -14 -15 -16 -17 -18 -19 -20 -21 21 24 23 25 -26 -27 28 -29 -30 -31
leaf_value=0.00026154135318855128 -0.00052456652141806461 -0.00015933578008414423 -0.001166534186480438 -5.3241839450509544e-06 -0.0014582812101955832 -0.00034568078887843145 0.00083982864549734875 -0.00025328783932544095 0.00020743469621804398 -0.0047324155207504682 0.0010618941180391874 0.0052758224808405196 0.00021053063754604155 0.0024224960209121259 -9.9683377588723554e-05 -0.0001376852994517843 0.0068069710884878596 -0.00041834325383192445 0.0013607843907923387 0.00068716198821580968 8.3195974578455825e-05 -0.0018138987954424938 -0.00026181756146591095 0.0025467377692054136 0.0011527723225887158 0.0049389597918276231 0.00055159498849515376 0.00065924176382107255 -0.0013192916830790458 -0.00034793093685134773
leaf_weight=384 57 7880 1632 89452 1271 864 672 2976 73 192 167 172 618 50 4683 144 71 2795 62 864 309 532 87 192 217 104 961 768 3974 2538
leaf_count=384 57 7880 1632 89452 1271 864 672 2976 73 192 167 172 618 50 4683 144 71 2795 62 864 309 532 87 192 217 104 961 768 3974 2538
internal_value=-0.000166359 -0.000867018 -0.00224703 -0.000105995 -0.000415733 -0.00139831 0.000631509 -0.000133932 0.00066886 0.00328025 0.00477443 0.0101917 0.00224138 0.0113551 9.05131e-06 0.00506944 0.0102778 -0.00215359 -0.00383721 -0.000503625 -0.000666773 0.00110687 0.00403179 0.00701044 -0.00159546 0.00918919 -0.000894625 3.4721e-05 -0.00136023 -9.86008e-05
internal_weight=124761 9896 2016 114865 25413 5664 1536 19749 6227 1256 1064 339 725 107 4971 288 144 4128 1333 13522 12658 1441 692 383 749 296 11217 3744 7473 3499
internal_count=124761 9896 2016 114865 25413 5664 1536 19749 6227 1256 1064 339 725 107 4971 288 144 4128 1333 13522 12658 1441 692 383 749 296 11217 3744 7473 3499
is_linear=0
shrinkage=0.05


Tree=162
num_leaves=31
num_cat=0
split_feature=3 9 10 0 0 11 3 3 9 0 8 0 11 11 8 0 7 8 3 3 7 0 8 0 11 8 8 0 7 7
split_gain=1.88325 2.62721 1.7679 1.64537 1.67374 1.4516 2.68242 2.93977 2.51485 2.18779 2.249 1.85831 1.74844 2.72389 2 3.85604 2.04595 1.94564 4.12512 2.24806 2.0623 1.73332 1.72261 1.77208 1.66742 2.77895 2.16755 11.5872 4.4462 3.86337
threshold=-0.95500086777008153 25.676822916666669 1.0000000180025095e-35 14.500000000000002 91.500000000000014 0.95201652232539213 0.7090011537757156 0.94978112945126536 24.584895833333338 30.500000000000004 38.150000000000013 72.500000000000014 0.94802720612342306 0.94542443323476821 31.350000000000005 12.500000000000002 32.912500000000016 29.150000000000002 -0.67803021058859214 0.28519915169571858 23.962500000000006 9.5000000000000018 40.850000000000001 64.500000000000014 0.83118285699629402 35.350000000000001 32.150000000000013 28.500000000000004 26.287500000000005 27.812500000000004
decision_type=2 2 2 2 2 2 2 2 2 2 2 2 2 2 2 2 2 2 2 2 2 2 2 2 2 2 2 2 2 2
left_child=1 2 -1 -3 -5 6 12 9 -9 10 -8 21 13 17 -15 -16 -17 18 -2 -20 -19 -10 24 -24 25 26 29 28 -28 -22
right_child=5 3 -4 4 -6 -7 7 8 11 -11 -12 -13 -14 14 15 16 -18 20 19 -21 22 -23 23 -25 -26 -27 27 -29 -30 -31
leaf_value=0.00024846428552912297 0.00059654068989716013 0.00027360849693911681 -0.0011109328591823607 -0.00029771676668035522 0.0008593697024879707 -3.233350167483979e-06 -0.0013852504960196145 -0.00032354757009096872 0.0011514623770325031 -0.00040453791877820126 0.0012927451712527213 0.0017901336927945773 -0.00077251233249056605 -0.00035946954010114551 0.0065594277516286331 0.00032512834243990824 0.0047917182636526686 -0.00099698117774965622 -0.00031350636879586002 0.00049632522909491864 -0.0012713206249019655 1.4291816622792307e-05 0.0018857507908161169 -0.00040676844516689988 -0.00031808996677768647 -0.0024494945072395047 0.0027851651674557303 -0.0002629635521426259 0.0055509008630478442 0.0021913101900813167
leaf_weight=384 1440 1388 2016 7084 368 88684 1240 960 70 2730 62 161 960 192 52 281 51 1012 2976 1152 493 441 130 62 9244 183 73 402 95 375
leaf_count=384 1440 1388 2016 7084 368 88684 1240 960 70 2730 62 161 960 192 52 281 51 1012 2976 1152 493 441 130 62 9244 183 73 402 95 375
internal_value=-0.000165558 -0.000782919 -0.00225 -0.000384617 -0.000679014 -0.000104431 -0.000442285 -0.00139831 0.000392156 -0.00212302 -0.00380953 0.00273809 -0.000159861 -5.024e-05 0.00333333 0.00541667 0.00343373 -0.000160743 0.000612427 -0.000191377 -0.000517443 0.00126223 -0.000319708 0.004375 -0.00040267 0.00107649 0.00181502 0.00421053 0.0152381 0.000241934
internal_weight=124761 11240 2400 8840 7452 113521 24837 5664 1632 4032 1302 672 19173 18213 576 384 332 17637 5568 4128 12069 511 11057 192 10865 1621 1438 570 168 868
internal_count=124761 11240 2400 8840 7452 113521 24837 5664 1632 4032 1302 672 19173 18213 576 384 332 17637 5568 4128 12069 511 11057 192 10865 1621 1438 570 168 868
is_linear=0
shrinkage=0.05


Tree=163
num_leaves=31
num_cat=0
split_feature=3 9 8 0 0 9 10 0 11 1 11 8 3 9 0 11 11 11 0 3 11 11 11 3 3 0 8 9 0 11
split_gain=1.70713 2.38733 1.77562 1.46526 1.6106 1.77329 1.76035 4.38419 2.35716 2.3033 3.29362 2.33638 1.88372 1.83328 2.87506 1.55332 1.45662 1.53916 1.67192 1.58751 1.38822 1.70667 1.37533 2.65122 2.88334 2.46272 2.25979 2.14881 1.73219 1.72809
threshold=-0.95500086777008153 25.676822916666669 30.550000000000004 14.500000000000002 73.500000000000014 25.771875000000005 1.0000000180025095e-35 30.500000000000004 0.92774199459266771 1.0000000180025095e-35 0.95911488553154101 30.850000000000005 -0.99697703579879204 25.809114583333336 39.500000000000007 0.83118285699629402 0.98244204632020515 1.0267603807040537 36.500000000000007 -0.99166060804803513 0.88973885209876746 0.83998462250459582 0.95201652232539213 0.7090011537757156 0.9550229469509578 30.500000000000004 38.150000000000013 24.584895833333338 72.500000000000014 0.88327974961520905
decision_type=2 2 2 2 2 2 2 2 2 2 2 2 2 2 2 2 2 2 2 2 2 2 2 2 2 2 2 2 2 2
left_child=1 2 -1 20 6 -6 13 -8 15 -10 12 -12 -11 14 -5 -9 -13 19 -19 -18 21 -3 23 29 25 26 -25 -26 -29 -2
right_child=22 3 -4 4 5 -7 7 8 9 10 11 16 -14 -15 -16 -17 17 18 -20 -21 -22 -23 -24 24 27 -27 -28 28 -30 -31
leaf_value=-0.00038818627573667427 0.00021088132993695347 -0.00013432283368258426 -0.0030599673389693203 0.0010844852257148464 0.0045686752282369835 5.9877901071516294e-05 -0.001581311159267846 0.0011892973958725931 -0.0010612864329907989 0.0014159727877694317 -0.00077436670215332373 0.0024133099365905362 0.0030527293217168646 -0.0010988635725307989 -0.00097273984394025928 -0.0015572482882751442 0.0013777636433715684 0.0023666220723079917 0.00092745032449623546 -0.00051404500080669963 0.0001405684268454516 0.0035281153886780273 -3.0716826591091051e-06 -0.0013161046248848229 -0.00031221937092996125 -0.00037719919520141768 0.0012281079126900826 0.00037031099931965534 0.0017006270081548489 -0.00015841362805217452
leaf_weight=1824 6035 75 576 50 88 1936 864 86 344 86 344 129 86 2124 68 387 172 54 333 301 1238 75 88684 1271 864 2795 62 511 161 13138
leaf_count=1824 6035 75 576 50 88 1936 864 86 344 86 344 129 86 2124 68 387 172 54 333 301 1238 75 88684 1271 864 2795 62 511 161 13138
internal_value=-0.000159546 -0.000747332 -0.00214583 -0.000367648 -0.000645465 0.000558299 -0.00109433 -0.000338984 0.000792419 0.00159816 0.00244186 0.00160165 0.00895349 -0.00216771 0.0038983 -0.0023573 0.0028362 0.00209302 0.00443152 0.000179703 0.00112392 0.00566667 -0.000101348 -0.000430206 -0.00138065 -0.0020688 -0.00383721 0.000468749 0.00258928 -0.00014943
internal_weight=124761 11240 2400 8840 7452 2024 5428 3186 2322 1849 1505 1333 172 2242 118 473 989 860 387 473 1388 150 113521 24837 5664 4128 1333 1536 672 19173
internal_count=124761 11240 2400 8840 7452 2024 5428 3186 2322 1849 1505 1333 172 2242 118 473 989 860 387 473 1388 150 113521 24837 5664 4128 1333 1536 672 19173
is_linear=0
shrinkage=0.05


Tree=164
num_leaves=31
num_cat=0
split_feature=3 9 8 0 0 3 8 7 4 7 9 0 3 9 9 9 7 1 11 8 9 8 3 8 0 7 11 1 9 9
split_gain=1.65562 2.29161 1.71 1.68069 1.7861 1.46753 2.30196 1.40141 1.76336 1.67563 3.05632 1.84186 1.34785 1.64661 2.83488 2.17014 4.88854 1.99301 2.18117 3.58383 2.79232 3.02205 5.33889 3.85208 4.608 2.35992 2.09921 1.90593 1.61308 2.29139
threshold=-0.95500086777008153 25.676822916666669 30.550000000000004 17.500000000000004 52.500000000000007 -0.9954993026558282 33.050000000000004 26.337500000000006 -0.21022037796396451 24.337500000000006 27.749479166666671 11.500000000000002 -0.88622299073327826 22.899479166666669 23.303385416666668 22.698177083333338 26.337500000000006 5.5000000000000009 0.91839291567263814 29.150000000000002 27.969531250000006 30.150000000000002 -0.9442364261229238 30.850000000000005 19.500000000000004 29.612500000000004 0.92960870096613757 4.5000000000000009 28.080729166666668 29.230989583333336
decision_type=2 2 2 2 2 2 2 2 2 2 2 2 2 2 2 2 2 2 2 2 2 2 2 2 2 2 2 2 2 2
left_child=1 2 -1 5 -5 -3 7 8 -7 -10 11 -11 13 15 -15 16 -2 18 19 -16 21 26 -23 -24 -25 -26 -20 28 -22 -30
right_child=12 3 -4 4 -6 6 -8 -9 9 10 -12 -13 -14 14 17 -17 -18 -19 20 -21 27 22 23 24 25 -27 -28 -29 29 -31
leaf_value=-0.00036877696194984088 -0.00016530705609347238 -0.00051024978937821953 -0.0029069689720208555 -0.00063432991556610816 3.0783424060910972e-06 -0.00049551901787615632 -0.0011170879359080096 0.0026525361093513952 0.00019974192421716463 0.0016298801077227155 -0.003180776014685006 0.0016522055057162693 -4.7564487592331075e-05 -0.0030819508023964323 0.00072648553102055622 0.0011070008378385478 0.0026870558049797502 -0.00049077032450580088 0.0019062534889850607 -0.0034781736694709411 -0.0018201564545352476 0.0059720312807946948 -0.0065302091940733333 0.0029130848820498236 0.00054251500998176762 0.004187338292119056 2.6055976599814509e-06 -0.0023397785497737853 0.0013960411924924592 -4.9406929212182887e-05
leaf_weight=1824 328 386 576 3220 3956 163 288 80 471 168 54 54 107185 288 288 192 56 960 96 384 192 96 96 80 225 79 576 192 960 1248
leaf_count=1824 328 386 576 3220 3956 163 288 80 471 168 54 54 107185 288 288 192 56 960 96 384 192 96 96 80 225 79 576 192 960 1248
internal_value=-0.000155138 -0.000733987 -0.00210417 -0.000361992 -0.000693981 0.00106971 0.00188576 0.0030303 0.00247253 0.00350067 0.0065942 0.00918919 -9.78245e-05 0.000610794 0.000355902 0.00315972 0.000989582 0.000610379 0.00105053 -0.00157738 0.00151042 0.00345352 0.00611111 0.00395833 0.00619792 0.00338816 0.00117559 0.000574844 0.000958332 0.00134058
internal_weight=124761 11240 2400 8840 7176 1664 1278 990 910 747 276 222 113521 6336 5760 576 384 5472 4512 672 3840 1248 576 480 384 304 672 2592 2400 2208
internal_count=124761 11240 2400 8840 7176 1664 1278 990 910 747 276 222 113521 6336 5760 576 384 5472 4512 672 3840 1248 576 480 384 304 672 2592 2400 2208
is_linear=0
shrinkage=0.05


Tree=165
num_leaves=31
num_cat=0
split_feature=0 0 10 3 4 3 4 9 9 0 11 3 3 3 8 7 1 1 11 9 3 3 8 4 11 3 3 3 10 7
split_gain=1.62623 2.73419 6.44766 10.1959 7.06954 4.74542 4.74735 9.29691 7.09481 4.31341 4.00772 3.73041 3.69531 4.07972 3.63262 3.5215 3.35607 6.55477 6.33626 7.7381 4.25785 4.38782 3.84615 3.16181 3.34034 2.8769 3.33312 7.49456 2.8536 3.98852
threshold=5.5000000000000009 31.500000000000004 1.0000000180025095e-35 -0.51297808981038739 -0.4755978891912595 -0.17647087149565668 0.071972700440407641 21.076822916666668 21.539583333333336 20.500000000000004 1.0916629031903622 0.88220160189607266 0.36648264796514479 0.3504237462291826 33.250000000000007 8.4625000000000039 5.5000000000000009 3.5000000000000004 1.00251814764921 23.598958333333339 0.96465729447553372 0.92922379131507438 32.95000000000001 0.99138911339924218 1.044457029130015 -0.35846811432664222 -0.75015329512557205 -0.71504373327588355 1.0000000180025095e-35 24.537500000000005
decision_type=2 2 2 2 2 2 2 2 2 2 2 2 2 2 2 2 2 2 2 2 2 2 2 2 2 2 2 2 2 2
left_child=-1 2 3 14 -5 10 12 15 -9 -6 -4 -10 13 -7 -2 23 17 20 -19 -20 21 -13 -21 24 -8 26 -12 -28 29 -3
right_child=1 28 5 4 9 6 7 8 11 -11 25 16 -14 -15 -16 -17 -18 18 19 22 -22 -23 -24 -25 -26 -27 27 -29 -30 -31
leaf_value=0.00011578610024298596 0.00062885632733400876 6.4742275838651248e-05 -0.00090362599266340245 0.00038551025132121019 -0.0007902191727739837 -3.9622815144989632e-06 0.00022812559974022791 0.0013098708727325003 -0.0014001816216261944 -8.1619651068715168e-05 -0.00086299872907625176 0.00027488413847474592 -0.00086888889915340782 0.0060447870226028357 -0.00057201354379033114 -0.00020581115657059346 -0.00032084150057174078 5.1636323690536138e-05 0.00051011220897306212 0.0024953132965505409 -0.00026639508756862374 0.0018519532254059328 0.0028590629313342813 -0.00069841637329932417 0.0013313026789224525 -0.0011706726662486053 0.0044160154018110243 0.0005221296112800591 6.7170051574929327e-05 -0.0003441035525147822
leaf_weight=7822 3614 13988 7948 4654 3390 1533 769 78 156 2486 338 104 3378 52 598 2652 130 78 78 52 260 52 52 437 172 286 78 364 46879 22283
leaf_count=7822 3614 13988 7948 4654 3390 1533 769 78 156 2486 338 104 3378 52 598 2652 130 78 78 52 260 52 52 437 172 286 78 364 46879 22283
internal_value=-0.000149527 -0.000196215 -0.000575484 0.000209604 -0.000622033 -0.00118313 -0.000435065 0.000641024 0.00485577 -0.00177502 -0.00201575 0.00367983 -0.00153436 0.000457412 0.0022887 -0.000446651 0.00504963 0.0064645 0.0126923 0.0178022 0.00257211 0.00910256 0.0267308 0.00160377 0.00323592 0.000863038 0.0024359 0.00529412 -4.20938e-05 -0.000375094
internal_weight=124761 116939 33789 14742 10530 19047 10033 5070 1040 5876 9014 962 4963 1585 4212 4030 806 676 260 182 416 156 104 1378 941 1066 780 442 83150 36271
internal_count=124761 116939 33789 14742 10530 19047 10033 5070 1040 5876 9014 962 4963 1585 4212 4030 806 676 260 182 416 156 104 1378 941 1066 780 442 83150 36271
is_linear=0
shrinkage=0.05


Tree=166
num_leaves=31
num_cat=0
split_feature=3 7 8 0 11 7 8 10 10 7 11 11 8 3 7 7 9 8 4 0 0 11 11 0 4 0 7 3 8 9
split_gain=1.59587 2.24596 1.86908 1.66668 1.89913 1.57471 1.53584 2.67837 2.5253 5.10821 2.58704 2.23929 2.05575 1.88831 2.50755 1.87317 1.66193 1.62319 1.60446 1.55442 1.50309 1.48017 3.84189 1.41321 2.17949 1.40055 1.38548 2.88596 1.30159 2.44304
threshold=-0.95500086777008153 21.312500000000004 35.350000000000001 91.500000000000014 1.2099088115144543 31.112500000000004 31.050000000000004 1.0000000180025095e-35 1.0000000180025095e-35 24.637500000000006 1.0141385704167489 0.95911488553154101 33.150000000000013 -0.99940763397299126 23.712500000000006 23.837500000000006 27.408593750000005 32.45000000000001 1.0000000180025095e-35 81.500000000000014 63.500000000000007 0.95911488553154101 0.951205373332216 81.500000000000014 -0.12545862287572049 66.500000000000014 42.587500000000013 0.58481550752069722 42.650000000000013 34.236197916666676
decision_type=2 2 2 2 2 2 2 2 2 2 2 2 2 2 2 2 2 2 2 2 2 2 2 2 2 2 2 2 2 2
left_child=1 -1 3 4 6 -4 8 11 9 10 13 -8 16 18 -15 -10 19 -18 -3 -9 -14 22 -17 -11 -25 -24 28 -28 29 -2
right_child=26 2 5 -5 -6 -7 7 12 15 23 -12 -13 20 14 -16 21 17 -19 -20 -21 -22 -23 25 24 -26 -27 27 -29 -30 -31
leaf_value=-0.0013422144203066653 -4.4971255491213811e-05 -0.0013965654811923143 0.0015524667580159605 0.00076712408003107345 0.0010761902737746818 -0.00024181030232603066 0.00062517668460921206 0.0013091074071817949 -0.0021668610314402223 -0.00066351928451136737 -0.00020923234185536108 -0.001020816729958543 -0.0017079979760502226 0.0028556484014532544 0.00082623080032652267 -0.00037864365123320258 0.0006366293088257627 -0.002322790933460636 0.002342759514339141 -0.0021006553310732785 0.00034478827570961427 -0.0015692418930365493 0.0020170145661507206 0.0017582799866276166 -0.00017900590837925169 -0.00022691605469178167 -0.00056382475104824854 0.0022395928338270216 -0.0012458978789002973 0.00057336386387881139
leaf_weight=443 109393 72 104 460 184 68 170 918 614 1321 190 1370 393 54 148 1326 1104 184 71 120 196 1415 134 52 79 50 100 84 874 3070
leaf_count=443 109393 72 104 460 184 68 170 918 614 1321 190 1370 393 54 148 1326 1104 184 71 120 196 1415 134 52 79 50 100 84 874 3070
internal_value=-0.000152332 -0.000720642 -0.000577476 -0.000661178 -0.000794394 0.00459302 -0.000887187 -0.00019641 -0.00144408 -1.76157e-05 0.00415888 -0.00188312 0.000694681 0.00673913 0.00985148 -0.00224499 0.00136285 0.000163042 0.00234266 0.00285164 -0.00194397 -0.00171795 -0.00062914 -0.00155648 0.00339695 0.0061413 -9.60627e-05 0.00423913 -0.000103101 -8.81635e-05
internal_weight=124761 11240 10797 10625 10165 172 9981 4455 5526 1987 535 1540 2915 345 202 3539 2326 1288 143 1038 589 2925 1510 1452 131 184 113521 184 113337 112463
internal_count=124761 11240 10797 10625 10165 172 9981 4455 5526 1987 535 1540 2915 345 202 3539 2326 1288 143 1038 589 2925 1510 1452 131 184 113521 184 113337 112463
is_linear=0
shrinkage=0.05


Tree=167
num_leaves=31
num_cat=0
split_feature=3 7 8 10 7 3 7 1 4 9 10 8 0 9 7 7 3 8 8 0 11 3 0 3 8 11 1 3 7 0
split_gain=2.02342 2.14966 1.64679 1.90635 4.99459 2.54114 2.19667 1.65521 1.58697 2.94938 2.22372 1.48636 1.95767 1.77443 1.44735 1.43369 1.44487 1.42845 1.82571 1.31519 1.26252 2.48206 2.76446 2.3318 1.92353 1.58507 3.91943 6.10789 4.74668 5.80806
threshold=-0.95500086777008153 21.312500000000004 31.050000000000004 1.0000000180025095e-35 24.862500000000004 -0.98046803196378884 23.837500000000006 5.5000000000000009 0.14037931941357643 27.439062500000002 1.0000000180025095e-35 34.95000000000001 44.500000000000007 27.070312500000004 25.512500000000006 22.962500000000006 -0.98046803196378884 30.750000000000004 30.650000000000002 73.500000000000014 0.95201652232539213 0.7090011537757156 29.500000000000004 0.78857998149907527 38.150000000000013 0.88327974961520905 1.0000000180025095e-35 0.48314048284850658 27.812500000000004 42.500000000000007
decision_type=2 2 2 2 2 2 2 2 2 2 2 2 2 2 2 2 2 2 2 2 2 2 2 2 2 2 2 2 2 2
left_child=1 -1 3 4 5 7 -5 -3 11 10 -10 13 -13 -4 15 16 -12 18 -8 -16 21 25 24 -24 -23 26 27 28 -2 -30
right_child=20 2 8 6 -6 -7 17 -9 9 -11 14 12 -14 -15 19 -17 -18 -19 -20 -21 -22 22 23 -25 -26 -27 -28 -29 29 -31
leaf_value=-0.0012751036992913311 0.000688796516480301 0.0006015049585406995 -0.0013309179816562667 -0.0020580146095030265 -0.00054273692077150715 0.0032518518563336937 -0.00029355640911569379 -0.0011567520455478023 -0.0009326036119002174 -0.0020903510532052469 -0.00086429144821941893 0.0018153300074834095 0.00011575582844859883 0.0005160910781420564 0.0010156084252100721 -0.00080756519827665475 0.0018312873602270561 -0.0022847145095044367 0.0014787579590338179 0.002331888224411641 -1.7649649990445294e-06 -0.00073918822775443781 -0.001657052348491564 -6.3297584312859017e-05 0.0011911293147141195 -0.00014363038658800513 -3.7269330227608183e-05 -0.0045419713449440209 -0.00040682892749551092 0.0041355152064825431
leaf_weight=443 636 505 351 691 1403 88 2555 79 511 643 60 101 153 2196 425 219 78 549 96 94 88684 1710 462 3432 60 13138 4875 192 91 241
leaf_count=443 636 505 351 691 1403 88 2555 79 511 643 60 101 153 2196 425 219 78 549 96 94 88684 1710 462 3432 60 13138 4875 192 91 241
internal_value=-0.00015634 -0.000796265 -0.000656202 -0.00121187 1.2047e-05 0.00355655 -0.00186456 0.00236301 3.00133e-05 -0.00103448 0.000263157 0.000801498 0.00444882 0.000437769 0.00179224 -0.000658264 0.00333333 -0.0013125 -0.000831763 0.00347784 -9.29796e-05 -0.000408062 -0.00132768 -0.000582949 -0.0029661 -0.000136391 0.000534382 0.00314655 0.0047624 0.00960843
internal_weight=124761 11240 10797 5966 2075 672 3891 584 4831 2030 1387 2801 254 2547 876 357 138 3200 2651 519 113521 24837 5664 3894 1770 19173 6035 1160 968 332
internal_count=124761 11240 10797 5966 2075 672 3891 584 4831 2030 1387 2801 254 2547 876 357 138 3200 2651 519 113521 24837 5664 3894 1770 19173 6035 1160 968 332
is_linear=0
shrinkage=0.05


Tree=168
num_leaves=31
num_cat=0
split_feature=3 7 8 8 8 11 0 10 7 4 0 3 7 7 9 9 1 4 7 1 11 4 9 10 8 0 9 7 7 9
split_gain=1.96231 1.89049 1.52745 1.95037 2.87651 1.51114 1.58948 1.50374 2.93186 1.73188 1.53206 1.42774 1.40563 1.40475 1.48703 2.51467 1.8173 1.43399 2.57064 1.91352 3.65407 1.38523 2.7297 2.0608 1.38588 1.74753 1.71168 1.38071 1.36905 1.31857
threshold=-0.95500086777008153 21.312500000000004 31.050000000000004 30.750000000000004 30.650000000000002 1.2099088115144543 24.500000000000004 1.0000000180025095e-35 24.737500000000004 -0.10837475778693638 81.500000000000014 -0.99166060804803513 26.012500000000006 23.712500000000006 26.386197916666671 26.279947916666671 5.5000000000000009 -0.22700609751797865 26.787500000000005 3.5000000000000004 1.0492608630788383 0.14037931941357643 27.439062500000002 1.0000000180025095e-35 34.95000000000001 44.500000000000007 27.070312500000004 25.512500000000006 24.437500000000004 25.870572916666671
decision_type=2 2 2 2 2 2 2 2 2 2 2 2 2 2 2 2 2 2 2 2 2 2 2 2 2 2 2 2 2 2
left_child=1 -1 3 4 5 7 -7 8 9 -3 -10 -12 -6 -9 15 17 -16 18 -15 20 28 24 23 -23 26 -26 -4 -25 -19 -5
right_child=-2 2 21 29 12 6 -8 13 10 -11 11 -13 -14 14 16 -17 -18 19 -20 -21 -22 22 -24 27 25 -27 -28 -29 -30 -31
leaf_value=-0.0012113485143267636 -2.9220249482860343e-05 0.0016037673669264251 -0.0012643720825734545 -0.0027540603247227773 0.0042107155946240083 0.00097441281174715552 3.6417791204418999e-05 -0.0019892202918028019 -0.00055876520628761939 0.00040127135862154454 -0.00035005574633170693 0.0016342014398164535 8.0842361641340595e-05 -0.00033726113264234106 -0.0022508836043759204 0.001875167909561426 0.00013819407851752718 0.00069310876763796752 0.002408362489814637 -0.001119011603746615 0.0016608063583950943 -0.00088597343130520593 -0.0019858335005449837 -0.0001183783496513144 0.0017245635071092365 0.0001099680370261697 0.00049028652423495139 0.0013196875736289342 -0.00046361729259824049 -0.00036038773849518882
leaf_weight=443 113521 102 351 579 87 50 142 497 1051 339 55 75 103 119 742 96 288 126 55 522 53 511 643 357 101 153 2196 519 414 471
leaf_count=443 113521 102 351 579 87 50 142 497 1051 339 55 75 103 119 742 96 288 126 55 522 53 511 643 357 101 153 2196 519 414 471
internal_value=-0.000152733 -0.000782919 -0.000651571 -0.00118673 -0.000768919 -0.00101143 0.00333333 -0.00119541 2.46597e-05 0.0035034 -0.00127434 0.00384615 0.00526316 -0.001875 -0.00137681 -0.00030686 -0.00281554 -0.000888287 0.00333333 -0.00154709 0.000396289 9.31365e-06 -0.000985223 0.000263157 0.000730095 0.00425197 0.000378876 0.00173516 -0.000833335 -0.00314286
internal_weight=124761 11240 10797 5966 4916 4726 192 4534 1622 441 1181 130 190 2912 2415 1385 1030 1289 174 1115 593 4831 2030 1387 2801 254 2547 876 540 1050
internal_count=124761 11240 10797 5966 4916 4726 192 4534 1622 441 1181 130 190 2912 2415 1385 1030 1289 174 1115 593 4831 2030 1387 2801 254 2547 876 540 1050
is_linear=0
shrinkage=0.05


Tree=169
num_leaves=31
num_cat=0
split_feature=3 7 9 8 0 8 1 8 0 11 3 0 3 8 8 8 7 11 11 8 0 7 3 7 1 8 8 1 1 3
split_gain=1.83322 1.92215 1.5356 1.71385 1.45771 2.28291 2.63043 1.31648 1.54446 1.21558 2.31202 2.72291 2.08961 1.8989 1.57707 2.2447 2.84576 2.55767 2.51 2.82987 10.7456 4.79064 3.11921 3.9292 4.20284 2.47201 3.26292 2.0848 2.05025 1.98633
threshold=-0.95500086777008153 21.312500000000004 25.676822916666669 30.550000000000004 49.500000000000007 30.250000000000004 4.5000000000000009 35.350000000000001 40.500000000000007 0.95201652232539213 0.7090011537757156 29.500000000000004 0.78857998149907527 38.150000000000013 40.850000000000001 35.050000000000004 32.812500000000007 0.88067321306757129 0.83118285699629402 32.150000000000013 28.500000000000004 26.287500000000005 -0.36647417525074694 27.812500000000004 1.5000000000000002 28.850000000000005 27.450000000000003 4.5000000000000009 5.5000000000000009 0.20180702842483325
decision_type=2 2 2 2 2 2 2 2 2 2 2 2 2 2 2 2 2 2 2 2 2 2 2 2 2 2 2 2 2 2
left_child=1 -1 3 4 -3 -6 -7 -4 -9 10 14 13 -13 -12 15 16 18 -18 19 22 21 -21 23 -2 -25 26 29 -26 -17 -20
right_child=9 2 7 -5 5 6 -8 8 -10 -11 11 12 -14 -15 -16 28 17 -19 25 20 -22 -23 -24 24 27 -27 -28 -29 -30 -31
leaf_value=-0.0011507810886104261 0.00019511367683493024 -0.00049821967392570359 -0.00014228430042603426 -0.0025098935236288343 -0.00024733793709009425 0.0019379994820670375 -0.00057745163448104885 0.0016376348245327648 9.6958705852775523e-05 -2.1570427494916868e-07 -0.00070076780389257266 -0.0015727387185928421 -5.8671692623073358e-05 0.0011330338614525554 0.001272230499192844 -0.0015335390836659409 -0.00050432120504267204 0.002390075068327743 -0.0001879876037705658 0.0026096261033372531 -0.00031946106105472806 0.005263171639314293 -0.00075059380650586071 0.0071734914224684046 -0.00036435256380853558 -0.00037680424150867759 0.00061716221276471674 0.0054964694014066444 0.0013878700680061572 0.00046429235104090001
leaf_weight=443 832 897 8383 471 690 92 92 62 110 88684 1710 462 3432 60 192 1334 222 345 2880 76 342 95 864 53 98 9655 768 73 192 1152
leaf_count=443 832 897 8383 471 690 92 92 62 110 88684 1710 462 3432 60 192 1334 222 345 2880 76 342 95 864 53 98 9655 768 73 192 1152
internal_value=-0.000147122 -0.000756229 -0.000623786 -0.00178858 -0.00107566 0.000377573 0.00532609 -0.000318528 0.00401163 -8.68133e-05 -0.000395983 -0.00128355 -0.000544429 -0.00290961 -0.000133783 -0.000179391 -1.86205e-05 0.00346561 -0.0001356 0.00135018 0.00464912 0.014883 0.000468749 0.00229167 0.00816964 -0.000385681 0.000541665 0.00435672 -0.00201835 -2.72829e-05
internal_weight=124761 11240 10797 2242 1771 874 184 8555 172 113521 24837 5664 3894 1770 19173 18981 17455 567 16888 2433 513 171 1920 1056 224 14455 4800 171 1526 4032
internal_count=124761 11240 10797 2242 1771 874 184 8555 172 113521 24837 5664 3894 1770 19173 18981 17455 567 16888 2433 513 171 1920 1056 224 14455 4800 171 1526 4032
is_linear=0
shrinkage=0.05


Tree=170
num_leaves=31
num_cat=0
split_feature=3 7 9 8 0 8 1 0 0 9 8 11 11 3 4 8 11 1 1 8 8 6 4 11 11 8 0 10 11 7
split_gain=1.72979 1.94872 1.42242 1.66402 1.34663 2.28291 2.63043 1.23428 2.99167 7.99918 8.68494 6.83205 12.1034 2.34765 2.17014 4.33167 5.79161 5.58095 2.90336 2.8352 5.14052 2.27735 1.97607 1.88462 1.64834 3.38092 3.25675 4.06367 2.78457 2.61769
threshold=-0.95500086777008153 21.312500000000004 25.676822916666669 30.550000000000004 49.500000000000007 30.250000000000004 4.5000000000000009 5.5000000000000009 18.500000000000004 19.530989583333334 26.350000000000005 0.99352454386796529 0.95673055004893692 0.94138322595482449 0.58307701883076835 29.850000000000005 1.0151808961982427 3.5000000000000004 2.5000000000000004 27.850000000000005 29.250000000000004 1.0000000180025095e-35 0.49626980634301188 1.0619294486449482 0.965987090558455 34.250000000000007 34.500000000000007 1.0000000180025095e-35 0.9663103299672644 28.687500000000004
decision_type=2 2 2 2 2 2 2 2 2 2 2 2 2 2 2 2 2 2 2 2 2 2 2 2 2 2 2 2 2 2
left_child=1 -1 3 4 -3 -6 -7 -2 9 -9 11 12 -11 14 15 16 18 22 19 -12 21 -21 -18 -19 25 26 27 -10 29 -26
right_child=7 2 -4 -5 5 6 -8 8 24 10 13 -13 -14 -15 -16 -17 17 23 -20 20 -22 -23 -24 -25 28 -27 -28 -29 -30 -31
leaf_value=-0.001093242034179904 0.00012730331233006174 -0.00047330869022941787 -0.00010516524750729309 -0.002384398847447392 -0.00023497104023558992 0.0018410995079636864 -0.00054857905275699744 -0.00042553259801356402 0.00022609890783373938 0.00038920863538111409 -0.00038812300040621676 -0.00053168507646191075 0.00074965150457765499 -0.00030583363191681367 -0.00049068320082527167 -4.5389511391870665e-05 -0.00098536173352307727 0.0023653131367637262 -0.00035653786356714713 0.0011213388564418939 -8.9624024589952735e-05 0.00025075694198861475 0.00046674584084745575 0.0012960145708822111 0.00074242212171512232 -0.0010055451807261136 6.9204808727575451e-05 -0.001043118659920743 2.7871456822718201e-05 0.0050051037446445625
leaf_weight=443 7112 897 8555 471 690 92 92 4953 1584 117 104 65 78 1391 637 7234 65 52 351 52 104 65 52 52 324 4060 15968 2604 66436 61
leaf_count=443 7112 897 8555 471 690 92 92 4953 1584 117 104 65 78 1391 637 7234 65 52 351 52 104 65 52 52 324 4060 15968 2604 66436 61
internal_value=-0.000142313 -0.000733987 -0.000600631 -0.00172168 -0.0010192 0.000377573 0.00532609 -8.37302e-05 -0.000126353 -0.000771534 1.48755e-05 0.00903846 0.0137179 -0.000216066 8.66776e-05 0.000306849 0.00358417 0.0106109 0.00128698 0.00469231 0.00789593 0.0150855 0.00311966 0.0190385 -1.74117e-05 -0.00037083 -0.000105677 -0.00134671 0.000110668 0.00435065
internal_weight=124761 11240 10797 2242 1771 874 184 113521 106409 15372 10419 260 195 10159 8768 8131 897 221 676 325 221 117 117 104 91037 24216 20156 4188 66821 385
internal_count=124761 11240 10797 2242 1771 874 184 113521 106409 15372 10419 260 195 10159 8768 8131 897 221 676 325 221 117 117 104 91037 24216 20156 4188 66821 385
is_linear=0
shrinkage=0.05


Tree=171
num_leaves=31
num_cat=0
split_feature=3 7 8 10 7 7 3 11 11 11 1 8 10 8 9 4 7 0 7 7 11 8 9 4 8 0 1 11 6 7
split_gain=1.59768 1.95169 1.38984 2.00496 3.93465 2.05969 1.91806 1.52653 1.91526 3.42936 1.36404 1.30763 2.01573 1.43422 1.73021 1.91996 1.44024 1.23106 1.46794 1.2117 2.76421 1.31476 2.13317 2.27151 3.44531 1.95975 2.21469 1.83257 1.4289 1.44347
threshold=-0.95500086777008153 21.162500000000005 31.050000000000004 1.0000000180025095e-35 24.862500000000004 23.712500000000006 -0.98046803196378884 1.2099088115144543 0.95911488553154101 0.951205373332216 5.5000000000000009 32.350000000000001 1.0000000180025095e-35 35.350000000000001 26.651562500000001 0.19969739736768838 31.112500000000004 60.500000000000007 31.812500000000007 42.587500000000013 1.1049966690345681 42.650000000000013 34.236197916666676 -0.99983123799342477 36.850000000000001 58.500000000000007 2.5000000000000004 1.2099088115144543 1.0000000180025095e-35 29.712500000000006
decision_type=2 2 2 2 2 2 2 2 2 2 2 2 2 2 2 2 2 2 2 2 2 2 2 2 2 2 2 2 2 2
left_child=1 -1 3 4 6 -5 10 8 9 -7 -3 12 -4 14 -13 17 -15 -16 -19 21 -21 22 23 24 -2 26 -26 -24 29 -23
right_child=19 2 11 5 -6 7 -8 -9 -10 -11 -12 13 -14 16 15 -17 -18 18 -20 20 -22 28 27 -25 25 -27 -28 -29 -30 -31
leaf_value=-0.0012613357237559995 -0.0032799454071089878 0.00058491476401451427 -0.00057752811125743589 -0.0019971190677697038 -0.00045938178193974106 -0.00026541354611816294 0.0027782816163688523 0.0009217926353430779 -0.0013380995920875677 0.0017806627883282949 -0.00090301408187052875 0.00052355553303858266 0.00077760991876038945 0.0014035876292532445 -0.0008623577902046875 -0.0029444934110303207 -0.00024059565340074277 4.2045969588063126e-05 0.0022623986177384542 2.1195794702732213e-05 0.0034616216405639077 0.0010946523954193201 0.00044038687648408808 -4.0131304365885996e-05 0.0043636177048851721 0.0051803059223514778 -0.00033618538535374693 0.0019820591232268207 0.0039467592686419613 -0.0018513188845760129
leaf_weight=364 96 508 644 659 1403 1415 94 192 1456 192 82 417 1720 106 838 557 68 450 75 134 50 122 2974 109009 59 111 118 96 72 680
leaf_count=364 96 508 644 659 1403 1415 94 192 1456 192 82 417 1720 106 838 557 68 450 75 134 50 122 2974 109009 59 111 118 96 72 680
internal_value=-0.000143115 -0.000711745 -0.000591211 -0.00110065 0.000150933 -0.00176801 0.00326023 -0.00125192 -0.00152302 -0.00033292 0.00220339 3.58962e-05 0.000879863 -0.000758663 -0.00108473 -0.00171875 0.00362069 -0.000707998 0.00119047 -8.68133e-05 0.00396739 -9.33952e-05 -7.83825e-05 -0.000114862 0.00372396 0.00645833 0.00319209 0.0012215 -0.00202517 -0.00263092
internal_weight=124761 11240 10876 6001 2087 3914 684 3255 3063 1607 590 4875 2364 2511 2337 1920 174 1363 525 113521 184 113337 112463 109393 384 288 177 3070 874 802
internal_count=124761 11240 10876 6001 2087 3914 684 3255 3063 1607 590 4875 2364 2511 2337 1920 174 1363 525 113521 184 113337 112463 109393 384 288 177 3070 874 802
is_linear=0
shrinkage=0.05


Tree=172
num_leaves=31
num_cat=0
split_feature=3 7 8 8 8 7 9 7 11 8 9 4 8 0 11 0 3 8 0 11 4 0 1 8 1 1 9 10 7 3
split_gain=1.75118 1.81059 1.38607 1.9893 2.33486 1.73961 1.39832 1.21012 2.76421 1.3975 1.91502 2.11428 2.92014 1.90365 1.86786 1.59198 1.32608 3.69045 3.92048 2.54697 1.47763 2.68912 6.76329 3.09292 2.14658 3.10146 5.13611 5.50046 6.94045 5.43371
threshold=-0.95500086777008153 21.312500000000004 31.050000000000004 30.750000000000004 30.650000000000002 26.012500000000006 25.870572916666671 42.587500000000013 1.1049966690345681 42.650000000000013 34.236197916666676 -0.99983123799342477 36.850000000000001 51.500000000000007 1.2099088115144543 22.500000000000004 -0.86546281643016554 28.250000000000004 21.500000000000004 0.93309361111522005 0.38043945030393422 72.500000000000014 5.5000000000000009 29.150000000000002 5.5000000000000009 1.5000000000000002 27.969531250000006 1.0000000180025095e-35 28.412500000000005 -0.93843426604005675
decision_type=2 2 2 2 2 2 2 2 2 2 2 2 2 2 2 2 2 2 2 2 2 2 2 2 2 2 2 2 2 2
left_child=1 -1 3 4 -3 -6 -5 9 -9 10 11 12 -2 15 -12 -14 17 18 19 -13 24 -22 23 -23 25 -19 27 -27 -29 -30
right_child=7 2 -4 6 5 -7 -8 8 -10 -11 14 16 13 -15 -16 -17 -18 20 -20 -21 21 22 -24 -25 -26 26 -28 28 29 -31
leaf_value=-0.00097771584291298365 -0.0031159481367535394 -0.00025476722363011858 2.2694504128981545e-06 -0.0023929333539601909 0.0038935904857559708 8.9741091975440563e-05 -0.00033039316671251104 2.0136004967596116e-05 0.0032885405585357098 -0.0011264560010521613 0.00041836753265988473 7.0519581625225054e-05 0.0021865515558904705 0.004888792492182094 0.0018829561670654809 -0.00033225506035645572 -5.6798467677746113e-05 -0.00041590620654494246 0.00045968283009497973 0.00063141617549385967 -0.00046536784135336583 0.0010610692411272774 0.0020780807834221474 -0.00086946059464345867 -0.00074802004407747578 0.0056464085014778197 0.00020178750827202065 0.00042942382416065358 0.00071678549169190535 0.0044255000509146524
leaf_weight=443 96 4726 4831 579 87 103 471 134 50 874 2974 66 69 132 96 87 100849 1536 592 110 1533 161 69 253 960 96 1920 658 85 121
leaf_count=443 96 4726 4831 579 87 103 471 134 50 874 2974 66 69 132 96 87 100849 1536 592 110 1533 161 69 253 960 96 1920 658 85 121
internal_value=-0.000143115 -0.000738435 -0.000609893 -0.00111968 -0.000697723 0.00473684 -0.00309524 -8.41706e-05 0.00396739 -9.07483e-05 -7.52704e-05 -0.000109835 0.00359375 0.00611111 0.00115635 0.00237179 -0.000122881 0.000490195 0.00378906 0.0103409 0.000147456 -0.00100695 0.00224638 -0.000169083 0.000580356 0.00104619 0.00201389 0.005 0.00373842 0.0117476
internal_weight=124761 11240 10797 5966 4916 190 1050 113521 184 113337 112463 109393 384 288 3070 156 109009 8160 768 176 7392 2016 483 414 5376 4416 2880 960 864 206
internal_count=124761 11240 10797 5966 4916 190 1050 113521 184 113337 112463 109393 384 288 3070 156 109009 8160 768 176 7392 2016 483 414 5376 4416 2880 960 864 206
is_linear=0
shrinkage=0.05


Tree=173
num_leaves=31
num_cat=0
split_feature=3 7 8 0 0 11 10 11 11 0 0 7 8 9 11 11 0 10 3 3 11 4 8 11 1 1 1 11 10 8
split_gain=1.53878 1.82425 1.24658 1.19918 1.19541 1.35038 1.51707 1.14569 1.14926 1.12357 1.4862 5.95076 4.53735 8.9518 4.43997 9.02251 3.65126 4.47366 4.27469 3.55469 3.17267 2.70968 3.12442 6.51896 4.24097 2.8668 2.43206 2.31332 2.1263 2.68917
threshold=-0.95500086777008153 21.162500000000005 35.350000000000001 40.500000000000007 91.500000000000014 0.99944332314325746 1.0000000180025095e-35 1.2099088115144543 1.1443318593415424 1.0000000180025095e-35 19.500000000000004 15.087500000000004 26.350000000000005 19.278385416666669 0.99352454386796529 0.95475292542297063 7.5000000000000009 1.0000000180025095e-35 -0.159513159777915 0.96465729447553372 1.0515743247573357 0.62420859727530387 29.850000000000005 1.0151808961982427 3.5000000000000004 1.5000000000000002 2.5000000000000004 0.9131895820237399 1.0000000180025095e-35 31.250000000000004
decision_type=2 2 2 2 2 2 2 2 2 2 2 2 2 2 2 2 2 2 2 2 2 2 2 2 2 2 2 2 2 2
left_child=1 -1 4 -4 7 -6 -7 8 -3 -2 11 16 13 -13 15 -15 17 -11 -19 21 -20 22 23 26 25 -25 -14 -21 -24 -30
right_child=9 2 3 -5 5 6 -8 -9 -10 10 -12 12 19 14 -16 -17 -18 18 20 27 -22 -23 28 24 -26 -27 -28 -29 29 -31
leaf_value=-0.0011493831454225504 0.00046936659387320677 -0.00023152229080061179 0.0014893174760760765 6.0779397061053255e-05 -0.00016779205099235934 0.0027962279751664564 0.00055111162227441295 0.00096735914676539161 -0.0014644980065092665 -0.00061065640411734679 -1.8782137944345882e-06 -0.00013739715166225934 0.00024651741751622501 0.00058517782934016109 -0.00022036625594606799 0.00065061385289998835 -0.00044804843122346616 -0.0007270280770233133 0.00025368309203323779 0.00038272286622093423 0.0015918385473126637 -0.00047698088060584161 0.00030325232459980082 0.0011096663281915142 0.0016783867669415847 -0.0010763886333703891 -0.00026877754502871177 -0.00044310292467317816 -0.0014045097756273928 -2.4953169171892694e-05
leaf_weight=364 1186 9699 64 110 272 60 128 184 359 1132 89855 426 498 177 59 145 4567 337 834 76 116 648 4981 114 155 65 661 1535 1191 4763
leaf_count=364 1186 9699 64 110 272 60 128 184 359 1132 89855 426 498 177 59 145 4567 337 834 76 116 648 4981 114 155 65 661 1535 1191 4763
internal_value=-0.000135901 -0.000693951 -0.000577419 0.00362069 -0.000645675 0.00184782 0.00510638 -0.000757666 -0.000829192 -8.06471e-05 -9.68098e-05 -0.00046041 8.58385e-05 0.00373606 0.00930446 0.0116149 -0.00167192 -0.000101283 0.00191531 -0.000114729 0.00363158 0.000158304 0.000322657 0.00246818 0.00862275 0.00337989 0.000694563 -0.00233085 2.97199e-05 -0.000607996
internal_weight=124761 11240 10876 174 10702 460 188 10242 10058 113521 112335 22480 15494 807 381 322 6986 2419 1287 14687 950 13076 12428 1493 334 179 1159 1611 10935 5954
internal_count=124761 11240 10876 174 10702 460 188 10242 10058 113521 112335 22480 15494 807 381 322 6986 2419 1287 14687 950 13076 12428 1493 334 179 1159 1611 10935 5954
is_linear=0
shrinkage=0.05


Tree=174
num_leaves=31
num_cat=0
split_feature=3 7 8 8 8 7 9 8 10 7 0 4 9 1 7 9 9 4 8 7 7 8 1 0 7 1 7 11 4 8
split_gain=1.59273 1.40979 1.25233 1.98753 2.46675 1.84494 1.57536 1.23906 1.66311 1.31942 1.80184 2.05002 2.46914 1.34508 1.96885 1.18262 1.1266 2.46749 1.73943 1.46513 1.12379 1.05823 1.42222 2.1503 1.51084 1.28511 2.9031 3.7268 2.73971 2.83763
threshold=-0.95500086777008153 21.162500000000005 31.050000000000004 30.750000000000004 30.650000000000002 26.012500000000006 25.870572916666671 32.350000000000001 1.0000000180025095e-35 27.587500000000006 17.500000000000004 0.11478523713130605 28.153645833333339 3.5000000000000004 25.512500000000006 27.186458333333334 26.651562500000001 0.19969739736768838 34.95000000000001 23.962500000000006 26.337500000000006 14.100000000000001 2.5000000000000004 20.500000000000004 5.0375000000000005 1.5000000000000002 8.4625000000000039 1.082263012080001 -0.99628250747696534 32.650000000000013
decision_type=2 2 2 2 2 2 2 2 2 2 2 2 2 2 2 2 2 2 2 2 2 2 2 2 2 2 2 2 2 2
left_child=1 -1 3 4 -3 -6 -5 8 -4 10 11 12 -10 14 -12 -11 -9 18 19 -18 -20 22 24 -24 -2 26 27 -23 -28 -30
right_child=21 2 7 6 5 -7 -8 16 9 15 13 -13 -14 -15 -16 -17 17 -19 20 -21 -22 25 23 -25 -26 -27 28 -29 29 -31
leaf_value=-0.0010919139881514221 9.6645598302375166e-05 -0.00023414815070520189 -0.00053718906367517796 -0.0022638565619853696 0.0035845648699530533 9.6830151916697097e-05 -0.0002748318559964248 0.00050884039840604024 -0.0011938771844661248 0.0023079776113463313 -0.002031479694340079 0.0020036370407892599 0.00329410720005055 -0.0015663129786995815 0.0016965888045579283 0.0008907058152316555 -0.0016438752698111738 -0.0027858060984594195 0.0014047289421396014 -7.0974750918810587e-05 3.9456336715895478e-05 0.00021616539773947052 0.0007727531228823235 -0.00048546636763377443 0.0019625628799483917 2.8328751871394745e-06 0.0010680142159366051 0.0013332664023481908 -4.6106567546469519e-05 -0.0005237293525046134
leaf_weight=364 133 4739 644 596 89 103 474 417 162 169 104 107 54 298 201 625 192 557 109 1087 149 777 105 375 155 81176 960 66 18543 11231
leaf_count=364 133 4739 644 596 89 103 474 417 162 169 104 107 54 298 201 625 192 557 109 1087 149 777 105 375 155 81176 960 66 18543 11231
internal_value=-0.0001351 -0.000702848 -0.000600406 -0.00108399 -0.000660111 0.00489583 -0.00303738 -5.1294e-06 0.000816412 0.00162791 0.000345571 0.00335913 0.000555554 -0.00126866 0.00106557 0.00312342 -0.000778575 -0.0012512 -0.000217958 -0.000973418 0.00352713 -7.88853e-05 0.00177083 0.000104165 0.00454861 -9.14843e-05 -0.000362132 0.00253262 -0.000441532 -0.000526299
internal_weight=124761 11240 10876 6001 4931 192 1070 4875 2364 1720 926 323 216 603 305 794 2511 2094 1537 1279 258 113521 768 480 288 112753 31577 843 30734 29774
internal_count=124761 11240 10876 6001 4931 192 1070 4875 2364 1720 926 323 216 603 305 794 2511 2094 1537 1279 258 113521 768 480 288 112753 31577 843 30734 29774
is_linear=0
shrinkage=0.05


Tree=175
num_leaves=31
num_cat=0
split_feature=3 9 8 0 8 1 0 0 8 10 0 4 7 11 11 3 11 11 8 1 7 8 11 4 11 7 8 9 1 4
split_gain=1.56764 1.3613 2.11667 1.32986 2.17857 2.63043 1.31544 1.67294 1.79436 1.74093 3.61158 1.81513 2.2012 1.58783 1.79248 1.52095 1.47103 1.81663 2.18496 1.49471 1.87937 1.37824 1.76067 1.24329 1.17181 1.24372 1.15181 1.10502 1.60256 1.0792
threshold=-0.95500086777008153 25.676822916666669 30.550000000000004 49.500000000000007 30.250000000000004 4.5000000000000009 17.500000000000004 30.500000000000004 29.150000000000002 1.0000000180025095e-35 74.500000000000014 0.22491561436810906 25.512500000000006 0.92774199459266771 0.94260747916725696 -0.9954993026558282 0.94717356021396715 0.95911488553154101 31.050000000000004 5.5000000000000009 28.187500000000004 33.050000000000004 0.97937736963053801 -0.17646730165275518 0.83118285699629402 26.287500000000005 28.850000000000005 27.370572916666671 4.5000000000000009 1.0000000180025095e-35
decision_type=2 2 2 2 2 2 2 2 2 2 2 2 2 2 2 2 2 2 2 2 2 2 2 2 2 2 2 2 2 2
left_child=1 2 3 -1 26 -6 15 8 -8 10 -9 12 -11 24 -15 29 -16 19 27 20 -18 -17 -23 -12 -14 -26 -5 -19 -29 -3
right_child=-2 6 -4 4 5 -7 7 9 -10 11 23 -13 13 14 16 21 17 18 -20 -21 -22 22 -24 -25 25 -27 -28 28 -30 -31
leaf_value=-0.00041257348100569963 -2.6576639758959734e-05 -0.0033039021360139367 -0.0020757231009016336 0.00010336573804805698 0.0018124291892937291 -0.000415804655812007 0.00080909324554245203 -0.001174789363943142 -0.0011446748207889698 -0.0015727806674751005 0.0014566950776007165 0.0027806358585173441 0.00078683431599161551 0.002530095301323693 -0.0020150218886658363 0.0006076745007197687 0.0033935741417031062 -0.0018380551002481584 0.00081849870667829907 -0.0006666569438564876 0.00060399594229736586 0.00074615152474486238 -0.0012912925453661176 9.7572373504241526e-05 0.00067293469860618682 -0.0013657852182919236 -0.0018938870214800303 0.0020019580008579833 -0.0035768248124556155 2.9160172668275825e-05
leaf_weight=950 113521 162 576 506 92 92 91 1672 1105 355 147 130 95 57 130 990 94 428 1354 65 83 90 198 651 51 473 184 130 65 224
leaf_count=950 113521 162 576 506 92 92 91 1672 1105 355 147 130 95 57 130 990 94 428 1354 65 83 90 198 651 51 473 184 130 65 224
internal_value=-0.000130691 -0.000693951 -0.00175 -0.000915571 0.00049199 0.00532609 -0.000407241 -0.000700949 -0.00240803 -0.000359533 -0.00137652 0.000356124 0.000133135 0.000570247 0.00115129 0.000859374 0.000938696 0.00124155 0.000741021 0.00533058 0.00771186 0.00169014 -0.00135417 0.00139098 -0.00168821 -0.00261451 -0.000797103 -0.00170947 0.00141026 -0.00189119
internal_weight=124761 11240 2400 1824 874 184 8840 7176 1196 5980 2470 3510 3380 3025 2406 1664 2349 2219 1977 242 177 1278 288 798 619 524 690 623 195 386
internal_count=124761 11240 2400 1824 874 184 8840 7176 1196 5980 2470 3510 3380 3025 2406 1664 2349 2219 1977 242 177 1278 288 798 619 524 690 623 195 386
is_linear=0
shrinkage=0.05


Tree=176
num_leaves=31
num_cat=0
split_feature=3 4 9 9 0 11 0 9 11 4 9 7 3 0 0 0 4 11 9 0 0 1 7 0 7 7 11 8 9 4
split_gain=1.65424 1.36188 1.41462 3.14568 1.70462 1.62751 1.57601 1.41295 1.41016 1.40008 1.99158 1.50772 2.54891 1.50737 2.26101 1.44552 1.33153 1.33324 1.42943 1.30639 1.76985 1.10884 1.18502 1.09939 1.09923 1.04613 2.37747 1.18406 1.7789 1.95365
threshold=-0.95500086777008153 0.18281312110578132 25.676822916666669 25.771875000000005 73.500000000000014 1.0252745761999382 65.500000000000014 26.965885416666669 0.99733561582144803 -0.091258822863740666 26.386197916666671 24.637500000000006 -0.97694226132849327 72.500000000000014 77.500000000000014 85.500000000000014 1.0000000180025095e-35 1.09763366194496 27.775000000000002 59.500000000000007 51.500000000000007 2.5000000000000004 27.112500000000004 17.500000000000004 25.812500000000004 42.587500000000013 1.1049966690345681 42.650000000000013 34.236197916666676 -0.99983123799342477
decision_type=2 2 2 2 2 2 2 2 2 2 2 2 2 2 2 2 2 2 2 2 2 2 2 2 2 2 2 2 2 2
left_child=1 7 8 4 23 -5 -7 9 -3 10 11 12 -1 -11 -15 -12 17 18 -9 20 21 -13 24 -4 -23 27 -27 28 29 -2
right_child=25 2 3 5 -6 6 -8 16 -10 13 15 19 -14 14 -16 -17 -18 -19 -20 -21 -22 22 -24 -25 -26 26 -28 -29 -30 -31
leaf_value=0.0019721355676864346 0.0016050078570839376 3.3233565739007601e-05 0.001400403835209729 -0.0010151846119889987 0.0051700380275319065 0.00083510591438434368 -0.0015012895041490158 -0.001201547763630849 -0.0020850011458936517 -0.00058599939323356585 -0.00097369106402318036 -0.0008325821827525298 -0.0020286923605389927 0.0011456292166436787 -0.00019490705233988085 0.0010587404708039918 0.00053228825962928585 0.00079393302943370409 1.975742472651011e-05 -0.00033492219259935002 0.0020581278681175391 0.0012745391162224584 0.0018468848058235624 -1.2963829365930519e-05 -0.0019533428183666894 3.8839898121160536e-05 0.0031490899605312091 -0.0010626991593281766 0.0004848672083246693 -3.7771728952116152e-05
leaf_weight=144 384 192 54 1344 66 198 90 768 576 2344 602 138 65 160 576 70 1728 384 1056 269 72 54 70 168 52 134 50 874 3070 109009
leaf_count=144 384 192 54 1344 66 198 90 768 576 2344 602 138 65 160 576 70 1728 384 1056 269 72 54 70 168 52 134 50 874 3070 109009
internal_value=-0.000128687 -0.000707297 -0.00168899 -0.000963543 0.00385417 -0.00181373 0.00159722 -0.000398738 -0.00350261 -0.000992202 0.000240884 0.0018287 0.00552631 -0.00160714 0.000366847 -0.0018006 0.000297255 -0.000516306 -0.00108005 0.000648854 0.00251295 0.000891719 0.00352273 0.00175676 0.000188678 -7.13977e-05 0.00369565 -7.75134e-05 -6.32664e-05 -9.65796e-05
internal_weight=124761 11240 2688 1920 288 1632 288 8552 768 4616 1536 864 209 3080 736 672 3936 2208 1824 655 386 314 176 222 106 113521 184 113337 112463 109393
internal_count=124761 11240 2688 1920 288 1632 288 8552 768 4616 1536 864 209 3080 736 672 3936 2208 1824 655 386 314 176 222 106 113521 184 113337 112463 109393
is_linear=0
shrinkage=0.05


Tree=177
num_leaves=31
num_cat=0
split_feature=3 4 7 10 0 8 5 0 11 11 5 0 0 9 8 11 11 3 3 4 3 10 8 11 9 3 11 1 8 3
split_gain=1.633 1.30698 1.40813 3.25037 1.82486 1.29788 1.27637 1.48579 1.85187 1.28922 1.23578 1.07462 2.91709 6.27098 4.89364 4.77051 7.39231 1.86272 1.81424 2.35593 2.31123 2.16981 3.22977 3.44241 2.74662 3.89046 2.9759 2.84572 2.46498 5.00884
threshold=-0.95500086777008153 0.19969739736768838 23.562500000000004 1.0000000180025095e-35 5.5000000000000009 31.250000000000004 1.0000000180025095e-35 13.500000000000002 0.99290724717615986 1.0655178138138408 1.0000000180025095e-35 5.5000000000000009 18.500000000000004 19.530989583333334 26.350000000000005 0.99352454386796529 0.95673055004893692 0.95998215779580554 -0.159513159777915 0.85561368268953431 0.96465729447553372 1.0000000180025095e-35 30.250000000000004 1.0515743247573357 30.207291666666666 0.76140650896573492 0.98031510418725609 3.5000000000000004 19.150000000000002 0.3504237462291826
decision_type=2 2 2 2 2 2 2 2 2 2 2 2 2 2 2 2 2 2 2 2 2 2 2 2 2 2 2 2 2 2
left_child=1 2 3 4 -1 -4 7 8 -3 -9 -6 18 13 -13 15 16 -15 -16 19 -2 21 24 23 -23 28 26 27 -26 29 -20
right_child=11 6 5 -5 10 -7 -8 9 -10 -11 -12 12 -14 14 17 -17 -18 -19 20 -21 -22 22 -24 -25 25 -27 -28 -29 -30 -31
leaf_value=0.0011742601239753531 3.3324132132658847e-05 0.00057171075667665548 -0.00017916067055557782 -0.0015406077185157515 -0.00018447913099720105 0.00023771571737970371 0.0019640334547293414 -0.0010741303087109821 -0.00038021080996633491 0.00083681481200955992 0.001519554621025323 -0.00038576835327435127 1.2736185049612307e-06 0.00035085854756010995 1.5839347317076353e-06 -0.00048616024656313235 0.00071068613250760415 -0.00028206081874669278 -0.00034471088236863993 -0.00086389674247600099 -0.00023858193346627829 0.00047033045604951551 0.00023620681387214381 0.0017489943706548161 0.00045343349463982378 0.0057112371405309515 -0.00066977427917791249 0.0014500884275256503 -0.00056070951687045166 0.001154092681755042
leaf_weight=64 2430 84 5087 765 369 2687 96 1722 224 82 60 4953 91037 117 9002 65 78 1157 186 432 552 864 952 114 102 132 406 66 798 78
leaf_count=64 2430 84 5087 765 369 2687 96 1722 224 82 60 4953 91037 117 9002 65 78 1157 186 432 552 864 952 114 102 132 406 66 798 78
internal_value=-0.000119069 -0.000693951 -0.000427371 -0.00197933 0.00118661 -0.00017623 -0.00178442 -0.00204072 0.00116883 -0.00258869 1.16538e-05 -6.21483e-05 -0.000101919 -0.000739007 -4.27116e-05 0.00673077 0.010641 -0.000216066 0.000532901 -0.000440253 0.00118823 0.00163872 0.00279793 0.00481595 0.000373302 0.00279037 0.00101045 0.00660714 -0.00123352 0.00295454
internal_weight=124761 11240 9032 1258 493 7774 2208 2112 308 1804 429 113521 106409 15372 10419 260 195 10159 7112 2862 4250 3698 1930 978 1768 706 574 168 1062 264
internal_count=124761 11240 9032 1258 493 7774 2208 2112 308 1804 429 113521 106409 15372 10419 260 195 10159 7112 2862 4250 3698 1930 978 1768 706 574 168 1062 264
is_linear=0
shrinkage=0.05


Tree=178
num_leaves=31
num_cat=0
split_feature=3 7 0 7 9 11 10 8 3 8 9 0 5 10 9 0 4 0 0 0 0 0 4 4 0 3 11 7 3 3
split_gain=1.58083 1.17929 1.12531 3.87157 3.27416 5.67227 3.11496 2.93741 2.38899 2.24037 3.21469 4.01483 2.08326 1.94316 2.823 9.78653 7.20589 5.02276 5.61306 6.38886 3.62196 9.876 4.52796 3.32507 3.00381 2.96039 2.91115 3.22165 2.91551 2.76564
threshold=-0.95500086777008153 21.162500000000005 31.500000000000004 26.987500000000004 27.634114583333339 0.9752061251915044 1.0000000180025095e-35 34.45000000000001 -0.031173458710879235 37.250000000000007 32.32473958333334 16.500000000000004 1.0000000180025095e-35 1.0000000180025095e-35 26.459114583333335 45.500000000000007 -0.031174269516803289 84.500000000000014 70.500000000000014 49.500000000000007 80.500000000000014 67.500000000000014 -0.85674049181790024 -0.98212955754013376 73.500000000000014 -0.54939360607974019 1.1538549292311382 38.712500000000013 -0.47558551945199218 -0.89406062840022227
decision_type=2 2 2 2 2 2 2 2 2 2 2 2 2 2 2 2 2 2 2 2 2 2 2 2 2 2 2 2 2 2
left_child=1 -1 3 -2 5 -5 7 12 -9 10 -10 -12 -6 14 16 -16 24 18 19 -18 21 22 26 -22 -4 -20 28 -28 -17 -19
right_child=2 -3 13 4 6 -7 -8 8 9 -11 11 -13 -14 -15 15 20 17 29 25 -21 23 -23 -24 -25 -26 -27 27 -29 -30 -31
leaf_value=-0.0010168635511554342 -0.00011440269255415753 -0.0001706403713733411 0.00087351849660628051 0.0035571824046470193 0.0008717380583381049 -0.00013179550731767667 -0.00021630014160283858 -0.0005212004813457948 0.00088218435749189822 0.00035921635310636461 0.003876220360891804 0.0045580308731693036 0.001638891424393771 8.5952909481052663e-05 -0.0018425347991221004 0.002230640280552356 0.00048275549986009203 0.0028274115216407243 0.0009050501501802798 -0.00040403206462135473 -0.00088062261014183361 -0.0016236611191750268 -0.00034579373499971891 0.000730586670633795 0.0034907164565221582 0.00039027190294691714 0.00029795441959571382 0.0027296752166061648 0.00072948762645484624 -0.00052480315620564945
leaf_weight=364 29055 10876 126 51 1249 68 3590 1032 224 2342 68 60 120 42079 3626 132 4734 88 826 5523 615 3365 3014 3261 66 2856 77 55 2420 2799
leaf_count=364 29055 10876 126 51 1249 68 3590 1032 224 2342 68 60 120 42079 3626 132 4734 88 826 5523 615 3365 3014 3261 66 2856 77 55 2420 2799
internal_value=-0.000123878 -0.000689503 -6.78741e-05 -0.000290421 0.000628122 0.00886555 0.000515255 0.00131011 0.000582393 0.001366 0.00508523 0.0114062 0.00329072 4.34817e-05 -0.000240152 -0.0007048 0.000212127 0.000102222 0.000495372 -0.000105783 -6.14433e-05 -0.000608519 0.000659879 0.00121775 0.00984375 0.00217002 0.0021535 0.00939394 0.001779 -0.00179598
internal_weight=124761 11240 113521 37859 8804 119 8685 5095 3726 2694 352 128 1369 75662 33583 16565 17018 16826 13939 10257 12939 9063 5698 3876 192 3682 2684 132 2552 2887
internal_count=124761 11240 113521 37859 8804 119 8685 5095 3726 2694 352 128 1369 75662 33583 16565 17018 16826 13939 10257 12939 9063 5698 3876 192 3682 2684 132 2552 2887
is_linear=0
shrinkage=0.05


Tree=179
num_leaves=31
num_cat=0
split_feature=3 7 11 3 3 8 0 0 0 8 3 8 3 1 11 7 0 11 7 9 7 3 7 11 7 8 0 10 0 9
split_gain=1.3071 1.17276 1.1454 2.08011 3.16916 2.63546 2.65701 2.27041 2.17535 2.17527 1.80878 2.02019 1.77442 2.77634 3.5393 9.51117 2.71629 2.8889 3.35059 2.67842 4.79692 2.36771 2.4858 2.31223 2.45859 1.97049 1.95555 1.90527 2.30029 2.82594
threshold=-0.95500086777008153 20.812500000000004 0.95201652232539213 0.7090011537757156 0.94978112945126536 32.750000000000007 10.500000000000002 75.500000000000014 30.500000000000004 38.150000000000013 0.51297097409535064 20.200000000000006 0.46800856592688472 1.5000000000000002 0.87438713147174518 27.812500000000004 21.500000000000004 0.90891411467879568 15.237500000000002 29.444531250000001 26.787500000000005 -0.92274349529687905 20.312500000000004 0.93670648275729362 19.587500000000006 30.550000000000004 43.500000000000007 1.0000000180025095e-35 36.500000000000007 30.108333333333338
decision_type=2 2 2 2 2 2 2 2 2 2 2 2 2 2 2 2 2 2 2 2 2 2 2 2 2 2 2 2 2 2
left_child=1 -1 3 10 8 -6 -7 -8 9 -5 12 -12 13 14 15 -2 17 -16 -19 20 23 22 -15 24 -20 -17 -18 -23 -29 -30
right_child=2 -3 -4 4 5 6 7 -9 -10 -11 11 -13 -14 21 16 25 26 18 19 -21 -22 27 -24 -25 -26 -27 -28 28 29 -31
leaf_value=-0.0012026512866797918 0.00035535751479224989 -0.00016623899913592856 7.0479259010607587e-07 -0.0011186365909908772 -0.00013527591153435889 0.0012808999966190688 2.537578741253527e-05 0.0013619151454906846 -0.00033617154751905512 0.0010379767058186025 0.0015193433710537982 0.00034806599380978332 -0.0016502090041366786 -0.0021502208539449603 -0.00042893467288464802 0.0014199860572446186 -0.0013191168356102984 -0.00063400548883375341 0.0026397372433177423 0.00055615955177087354 0.0038677745853015057 -1.140048048455591e-05 0.0013626368058223498 -4.226489191141575e-05 0.00073969369841274325 0.0048660084133387901 8.2525150019106309e-05 -0.00085213854809907937 -0.00026769033357573768 0.0024745159161320947
leaf_weight=215 958 11025 88684 1240 1152 55 325 100 2730 62 96 1430 576 84 360 54 1012 126 59 220 52 4992 396 87 116 140 2378 2320 3658 59
leaf_count=215 958 11025 88684 1240 1152 55 325 100 2730 62 96 1430 576 84 360 54 1012 126 59 220 52 4992 396 87 116 140 2378 2320 3658 59
internal_value=-0.000130691 -0.000645019 -7.97662e-05 -0.000379878 -0.00122175 0.000637254 0.00375 0.00241176 -0.00197421 -0.00365592 -0.000131175 0.00152031 -0.000273985 -0.000181889 0.000735346 0.00320312 9.07018e-05 0.00235294 0.00431818 0.00604869 0.00901274 -0.000625164 0.0028125 0.00625954 0.00957143 0.013299 -0.000589972 -0.000774777 -0.00137237 -0.000601293
internal_weight=124761 11240 113521 24837 5664 1632 480 425 4032 1302 19173 1526 17647 17071 5562 1152 4410 1020 660 534 314 11509 480 262 175 194 3390 11029 6037 3717
internal_count=124761 11240 113521 24837 5664 1632 480 425 4032 1302 19173 1526 17647 17071 5562 1152 4410 1020 660 534 314 11509 480 262 175 194 3390 11029 6037 3717
is_linear=0
shrinkage=0.05


Tree=180
num_leaves=31
num_cat=0
split_feature=1 7 11 8 8 4 0 3 4 3 3 8 0 11 7 8 7 4 10 0 0 0 10 8 3 0 0 4 4 9
split_gain=1.37996 4.28624 3.0669 2.5117 5.08773 7.53348 10.927 4.70052 3.89356 6.3309 8.26875 4.23807 3.52171 3.60091 5.03297 5.16601 4.11558 3.06707 5.41753 3.811 2.83419 3.80015 4.82004 4.00727 2.86508 2.66794 2.59549 4.57991 7.94791 10.711
threshold=1.5000000000000002 8.4625000000000039 1.082263012080001 31.750000000000004 31.850000000000005 -0.32613736746952143 26.500000000000004 0.99865421017599998 -0.69676771491221523 0.3504237462291826 0.49812943072827093 29.050000000000004 52.500000000000007 0.83118285699629402 27.887500000000006 32.150000000000013 26.287500000000005 -0.65883892954715351 1.0000000180025095e-35 69.500000000000014 66.500000000000014 78.500000000000014 1.0000000180025095e-35 36.750000000000007 0.70290292807158605 92.500000000000014 19.500000000000004 0.51113019672828186 0.46611290379786346 21.782552083333339
decision_type=2 2 2 2 2 2 2 2 2 2 2 2 2 2 2 2 2 2 2 2 2 2 2 2 2 2 2 2 2 2
left_child=1 2 -1 8 5 6 -5 -7 9 11 -11 -2 13 14 15 -6 -17 18 19 -10 -14 22 -22 -24 -25 26 27 28 -19 -30
right_child=3 -3 -4 4 12 7 -8 -9 17 10 -12 -13 20 -15 -16 16 -18 25 -20 -21 21 -23 23 24 -26 -27 -28 -29 29 -31
leaf_value=0.00029129065227967801 0.00096264685561089219 -0.00016391897407354731 0.0012851177940241233 0.0048278569045066989 -0.0023433162354570625 -0.00041479701881212098 0.0010005279344067421 0.0012431667130135874 0.0017623949195989721 0.0045708528333738459 0.0001634593254492058 -0.0015224753069554989 0.00064012327125851894 -0.00011961458648415539 -0.0011575884930153089 0.0021131880150570257 0.0045900540791824216 -2.04466764591116e-05 2.3136841746272585e-05 0.0056578917202322852 -0.001546410328307328 0.00035579453184687344 3.3404183116019554e-05 0.0034506401787714131 -0.00058439093791435562 -0.0006434451973052768 2.7193115655397736e-05 -0.00023058765408975787 0.0010846628391864537 -9.1055765946178419e-05
leaf_weight=986 288 34269 66 54 73 384 138 96 140 96 384 3648 5320 19661 199 95 107 3288 384 52 2172 6443 2124 168 84 1476 35986 6320 120 140
leaf_count=986 288 34269 66 54 73 384 138 96 140 96 384 3648 5320 19661 199 95 107 3288 384 52 2172 6443 2124 168 84 1476 35986 6320 120 140
internal_value=-0.000131893 -0.000396508 0.00274715 -2.73939e-05 0.000287191 0.00459821 0.0129687 0.00125 -0.000250565 -0.0016712 0.00375 -0.00233232 0.000207703 -0.000234667 0.00407173 0.00845454 0.0125743 -0.00011961 0.00350694 0.0103646 0.000753785 0.00029524 -0.000811347 0.000744948 0.00670635 -0.000163745 -9.63941e-05 -0.000814756 0.000622885 0.00903846
internal_weight=124761 35321 1052 89440 37118 672 192 480 52322 4416 480 3936 36446 20135 474 275 202 47906 576 192 16311 10991 4548 2376 252 47330 45854 9868 3548 260
internal_count=124761 35321 1052 89440 37118 672 192 480 52322 4416 480 3936 36446 20135 474 275 202 47906 576 192 16311 10991 4548 2376 252 47330 45854 9868 3548 260
is_linear=0
shrinkage=0.05


Tree=181
num_leaves=31
num_cat=0
split_feature=0 0 10 3 4 3 11 4 3 3 8 9 11 11 0 7 8 8 11 8 3 3 9 3 3 8 3 0 7 3
split_gain=1.39632 2.29761 5.1357 9.17494 5.61251 4.5651 6.06504 4.27056 5.32766 4.9368 5.15874 5.03519 4.77051 4.53726 3.87567 3.69635 5.19291 8.49076 6.57771 3.21432 2.89805 2.83731 5.16923 2.74862 7.44615 2.82746 2.59615 3.98438 2.6528 2.32547
threshold=5.5000000000000009 31.500000000000004 1.0000000180025095e-35 -0.51297808981038739 -0.4755978891912595 -0.34235669412071207 1.0916629031903622 0.071972700440407641 0.15101559051660998 0.31799963745711152 27.950000000000003 21.593229166666671 1.0202540345051931 1.0689154666101566 19.500000000000004 25.512500000000006 31.450000000000003 31.250000000000004 0.83118285699629402 33.250000000000007 0.82899317702918729 0.82899317702918729 30.591927083333339 -0.75015329512557205 -0.71504373327588355 30.250000000000004 0.25206111083856975 12.500000000000002 11.587500000000004 0.46800856592688472
decision_type=2 2 2 2 2 2 2 2 2 2 2 2 2 2 2 2 2 2 2 2 2 2 2 2 2 2 2 2 2 2
left_child=-1 2 3 19 21 6 -4 15 -9 26 20 12 -12 -13 -6 -7 17 -17 -18 -2 29 -5 -23 25 -25 -8 -10 -28 -29 -11
right_child=1 -3 5 4 14 7 23 8 9 10 11 13 -14 -15 -16 16 18 -19 -20 -21 -22 22 -24 24 -26 -27 27 28 -30 -31
leaf_value=8.822038798782708e-05 0.00057488348893611782 -8.4257570521754039e-06 -0.00083172235302929147 0.00017940903031751153 -0.00066022692498133835 -0.00077598116621616065 0.0012341339613181773 -0.00056404463605659529 0.00026360485228999863 -0.00032063898279654623 0.0014259919348050165 0.00018282215884113918 0.00032220610181015906 0.001387564450726101 -0.00011008657274463646 0.00070164323213977816 0.0042173492466435368 0.0057753977518839993 -0.0004487313360287922 -0.00045315512339248103 -0.0011016069030433775 -0.0048900885459169209 0.0031848201917687893 0.0042422349642585065 0.00049746651145820154 -0.0016437654819054072 0.00070698104114844378 0.0013712656387681044 -0.0001387144896753914 0.0002060177397688036
leaf_weight=7822 3614 83150 7098 4394 3164 2851 52 1352 312 520 52 754 78 104 2712 192 53 52 2587 598 650 78 182 78 390 286 56 90 62 1378
leaf_count=7822 3614 83150 7098 4394 3164 2851 52 1352 312 520 52 754 78 104 2712 192 53 52 2587 598 650 78 182 78 390 286 56 90 62 1378
internal_value=-0.000123878 -0.00016714 -0.000514814 0.000185862 -0.00060304 -0.00105712 -0.00197622 -0.000405188 0.000602809 0.00150887 0.000839931 0.00390688 0.0130769 0.00251748 -0.00163036 -0.00135571 -9.36212e-05 0.00688524 -0.000738638 0.00215812 -0.000349295 0.000694025 0.00576923 0.00213399 0.00461538 -0.00130178 0.00605769 0.0103846 0.00618421 0.000637512
internal_weight=124761 116939 33789 14742 10530 19047 7904 11143 5408 4056 3536 988 130 858 5876 5735 2884 244 2640 4212 2548 4654 260 806 468 338 520 208 152 1898
internal_count=124761 116939 33789 14742 10530 19047 7904 11143 5408 4056 3536 988 130 858 5876 5735 2884 244 2640 4212 2548 4654 260 806 468 338 520 208 152 1898
is_linear=0
shrinkage=0.05


Tree=182
num_leaves=31
num_cat=0
split_feature=0 0 10 3 4 3 4 4 3 3 0 11 11 7 8 9 8 7 8 0 9 7 1 3 8 8 11 11 3 8
split_gain=1.34736 1.38307 3.68679 9.00278 7.4753 6.05527 5.04055 4.31009 3.8632 3.80685 3.80592 3.80378 7.2488 3.68792 4.07058 5.11402 8.81768 5.48194 3.50916 4.33291 3.57672 3.50704 3.35346 3.41619 4.88559 5.07872 3.08874 4.05124 2.90345 2.64437
threshold=1.0000000180025095e-35 31.500000000000004 1.0000000180025095e-35 -0.51297808981038739 -0.4755978891912595 -0.17647087149565668 0.071972700440407641 0.99024581825578073 -0.52032787705993211 0.31799963745711152 23.500000000000004 1.0515743247573357 1.0561939355068173 23.412500000000005 32.95000000000001 28.080729166666668 31.850000000000005 27.012500000000006 26.150000000000002 12.500000000000002 18.744531250000005 21.312500000000004 3.5000000000000004 -0.099819732675876835 38.650000000000013 38.45000000000001 1.0707669999226173 1.0689154666101566 0.85673801594079257 17.250000000000004
decision_type=2 2 2 2 2 2 2 2 2 2 2 2 2 2 2 2 2 2 2 2 2 2 2 2 2 2 2 2 2 2
left_child=-1 2 3 8 22 11 13 9 18 29 -6 -4 -13 -7 15 17 -17 -15 19 20 -2 26 28 -24 25 -25 27 -11 -5 -8
right_child=1 -3 5 4 10 6 7 -9 -10 21 -12 12 -14 14 -16 16 -18 -19 -20 -21 -22 -23 23 24 -26 -27 -28 -29 -30 -31
leaf_value=0.00046661482261708249 0.0010154717751136829 -8.0044691995665388e-06 -0.00072086774004124859 -0.00022860059653922508 -0.00058155303382887065 -0.00074860050988529022 1.4676793647237651e-05 -0.00043245665668422686 0.001455984301457507 0.00012369694874608854 0.00010578818725308071 0.0026248955669122757 -0.00013596736038205367 -0.00072423241175340058 -0.00036742289381556806 0.0052511835723667369 0.0011913650489419299 0.0029069013826419233 0.00039209631079919989 0.0005237904662173141 0.00052746946047147717 0.0022478028518248274 -0.00046533104910940554 0.0018430751064708231 0.00032381286704461941 0.0033004479127024173 -0.0010174484174971571 0.00074929301837137468 0.0036025189955853098 0.00060308434202776954
leaf_weight=1305 84 83150 8461 3041 5198 1848 248 1023 62 3847 1808 93 2201 499 3201 62 246 64 4470 304 108 66 589 775 961 93 217 86 93 558
leaf_count=1305 84 83150 8461 3041 5198 1848 248 1023 62 3847 1808 93 2201 499 3201 62 246 64 4470 304 108 66 589 775 961 93 217 86 93 558
internal_value=-0.000123077 -0.00013997 -0.000380342 0.000163197 -0.000552637 -0.000801058 -2.71637e-05 0.000988419 0.00195107 0.001591 -0.0016386 -0.00166202 0.000143852 -0.00106419 -0.000223479 0.00280712 0.00798701 -2.66442e-05 0.00179621 0.00578629 0.0116667 0.000989088 0.000817722 0.00221671 0.00328321 0.0060023 0.000807228 0.00112764 -0.000261648 0.00473945
internal_weight=124761 123456 40306 17586 12558 22720 11965 6045 5028 5022 7006 10755 2294 5920 4072 871 308 563 4966 496 192 4216 5552 2418 1829 868 4150 3933 3134 806
internal_count=124761 123456 40306 17586 12558 22720 11965 6045 5028 5022 7006 10755 2294 5920 4072 871 308 563 4966 496 192 4216 5552 2418 1829 868 4150 3933 3134 806
is_linear=0
shrinkage=0.05


Tree=183
num_leaves=31
num_cat=0
split_feature=3 4 8 9 7 10 0 10 4 8 11 0 10 1 4 3 4 9 4 3 0 8 9 0 8 7 8 9 11 0
split_gain=1.29462 1.47205 1.54623 2.747 1.28868 2.88951 1.52342 1.26562 1.1221 1.97802 2.10974 3.72802 1.65977 2.13851 1.57552 1.56935 1.46179 1.93278 1.77525 3.81349 2.47484 2.28519 2.13843 2.13153 1.95341 1.59163 3.97135 3.7851 2.39888 2.23225
threshold=-0.96463499255812291 0.19969739736768838 31.550000000000004 26.651562500000001 23.562500000000004 1.0000000180025095e-35 5.5000000000000009 1.0000000180025095e-35 0.99855310097228334 19.250000000000004 1.0515743247573357 8.5000000000000018 1.0000000180025095e-35 5.5000000000000009 0.99932962452255414 -0.0053757284505435614 0.98770287048522643 17.649479166666669 0.93158198870884079 -0.17647087149565668 16.500000000000004 22.550000000000004 9.9703125000000004 28.500000000000004 16.900000000000002 15.087500000000004 21.650000000000002 21.410416666666666 1.0377350583906739 6.5000000000000009
decision_type=2 2 2 2 2 2 2 2 2 2 2 2 2 2 2 2 2 2 2 2 2 2 2 2 2 2 2 2 2 2
left_child=1 4 -3 7 5 6 -1 -4 16 10 -10 -12 13 -13 -11 -14 18 -18 25 20 -20 22 -21 -22 -24 26 28 -28 29 -2
right_child=8 2 3 -5 -6 -7 -8 -9 9 14 11 12 15 -15 -16 -17 17 -19 19 21 23 -23 24 -25 -26 -27 27 -29 -30 -31
leaf_value=0.0011150205498280882 0.00057254328615393563 -0.00186497205224462 -0.00039809126072515804 -0.0026374656881158827 -4.3328346268895748e-05 -0.0013631231300867683 -2.5676293497509322e-06 0.0011623157378999563 -0.00051897482567608226 0.0015002897775739524 0.0015007677881139676 0.0013557631704334576 0.00031294712032921648 -0.0013795801900086 -0.00059787588581777871 -0.001220267781086486 -0.00036755023345567592 0.00065249201567549255 -0.00072112826503068525 0.0022372710955974283 0.00092259549261599391 0.0017292643390580725 -0.0010111957736785074 -0.00025340060424064914 0.00031438489185447251 -1.9874533686974123e-05 -0.00042525910747400034 0.0011609170778488001 -0.00072189946294212693 6.4982525417838288e-05
leaf_weight=64 466 384 288 480 7198 765 429 288 1056 384 90 348 174 87 96 261 4224 384 476 192 336 96 288 1876 4800 89608 5282 88 555 3698
leaf_count=64 466 384 288 480 7198 765 429 288 1056 384 90 348 174 87 96 261 4224 384 476 192 336 96 288 1876 4800 89608 5282 88 555 3698
internal_value=-0.000126283 -0.000675021 -0.00215278 -0.00116477 -0.000423369 -0.00189984 0.00108519 0.00116319 -7.9007e-05 0.00096955 0.000282737 0.00197917 0.00097701 0.00316092 0.00385417 -0.0012069 -0.000102298 -0.000974394 -6.50062e-05 0.00064856 -0.000889138 0.00141741 0.00127841 -0.000185354 0.00108294 -0.000122723 -0.00071811 -0.00164805 0.000340113 0.00075168
internal_weight=124761 9896 1440 1056 8456 1258 493 576 114865 2496 2016 960 870 435 480 435 112369 4608 107761 8064 2688 5376 5280 2212 5088 99697 10089 5370 4719 4164
internal_count=124761 9896 1440 1056 8456 1258 493 576 114865 2496 2016 960 870 435 480 435 112369 4608 107761 8064 2688 5376 5280 2212 5088 99697 10089 5370 4719 4164
is_linear=0
shrinkage=0.05


Tree=184
num_leaves=31
num_cat=0
split_feature=0 0 9 4 9 8 9 11 11 1 11 0 8 3 0 0 3 9 0 0 10 9 3 5 8 3 11 0 0 4
split_gain=1.20963 2.16991 4.6037 3.28613 2.17955 3.6 1.98978 1.95699 2.47548 2.12974 1.94262 1.92597 1.90602 1.83011 1.81339 1.72602 3.53308 1.73407 4.52225 3.81527 2.07241 3.65253 1.72323 2.04094 3.50303 3.81894 3.22449 1.70526 1.6097 3.38807
threshold=75.500000000000014 86.500000000000014 25.308854166666666 -0.71502926860092908 25.518750000000001 30.450000000000003 14.457552083333335 1.1265970327176902 1.1135526900622577 3.5000000000000004 1.2099088115144543 93.500000000000014 39.650000000000013 -0.95500086777008153 79.500000000000014 65.500000000000014 0.52033990680116082 27.408593750000005 70.500000000000014 71.500000000000014 1.0000000180025095e-35 23.771875000000005 -0.074117382312902977 1.0000000180025095e-35 26.950000000000003 -0.71504373327588355 0.99167509322876013 15.500000000000002 44.500000000000007 0.19126587156512342
decision_type=2 2 2 2 2 2 2 2 2 2 2 2 2 2 2 2 2 2 2 2 2 2 2 2 2 2 2 2 2 2
left_child=10 3 6 14 5 -4 11 8 -6 -10 13 -3 27 -1 -2 28 17 18 -17 -19 21 -20 23 -5 -25 26 -26 -12 -15 -30
right_child=1 2 4 22 7 -7 -8 -9 9 -11 12 -13 -14 15 -16 16 -18 19 20 -21 -22 -23 -24 24 25 -27 -28 -29 29 -31
leaf_value=-0.00026402879363600769 -0.0013950688767828516 0.00017009351086909845 0.0040574386406104909 2.166751057521322e-05 0.0001767881458281651 -0.0011138072954458822 -0.00053734845162163331 -0.0014977951153247611 0.0032845739031928754 0.00027495575124748578 0.0012802984828071309 -0.00099139028437751869 0.0015990725291398545 -6.4279589314444587e-05 6.7074505853886653e-05 -0.00039216846784863427 -0.0006797847164362324 0.00018690558148706104 0.00063323608716960391 -0.0017597037573888474 0.00028926759887947494 0.0032208616979506875 0.00044519230638014355 -0.0015527882619068305 0.0018575515433117318 0.0028644073946643249 -0.00033963389519504927 -2.2014356924933642e-06 0.0003376574704480168 -0.00013947013713378519
leaf_weight=8748 1420 1260 81 4575 5676 54 3657 459 63 81 96 360 76 53013 2479 2045 3920 2254 850 1504 1125 70 5357 110 99 66 165 360 13293 11445
leaf_count=8748 1420 1260 81 4575 5676 54 3657 459 63 81 96 360 76 53013 2479 2045 3920 2254 850 1504 1125 70 5357 110 99 66 165 360 13293 11445
internal_value=-0.000132695 0.000171018 -0.000334019 0.000584751 0.000565948 0.00685185 -0.0014279 0.0004308 0.000678693 0.00715278 -0.000212503 3.0863e-05 0.00280075 -0.000228817 -0.000652733 -0.000161364 -0.000725698 -0.000113406 0.000599021 -0.000888772 0.00226161 0.00402174 0.00104994 0.000383847 0.00363636 0.00621212 0.00352273 0.00157895 -7.59488e-05 0.000257093
internal_weight=124761 25962 11691 14271 6414 135 5277 6279 5820 144 98799 1620 532 98267 3899 89519 11768 7848 4090 3758 2045 920 10372 5015 440 330 264 456 77751 24738
internal_count=124761 25962 11691 14271 6414 135 5277 6279 5820 144 98799 1620 532 98267 3899 89519 11768 7848 4090 3758 2045 920 10372 5015 440 330 264 456 77751 24738
is_linear=0
shrinkage=0.05


Tree=185
num_leaves=31
num_cat=0
split_feature=0 0 9 4 9 8 3 9 0 10 8 11 11 1 11 8 4 4 1 3 3 4 11 3 7 3 0 3 7 8
split_gain=1.17162 1.99004 4.31001 2.93082 1.93537 2.72716 1.89816 2.27163 1.85803 2.04561 3.14455 1.8237 2.22329 1.86287 1.70048 2.00501 1.68811 1.97086 1.89044 2.7696 5.57276 2.3832 4.78864 6.80435 4.36751 4.14967 3.39966 3.85821 3.21138 1.93421
threshold=75.500000000000014 86.500000000000014 25.308854166666666 -0.71502926860092908 25.518750000000001 30.450000000000003 -0.19337636264337835 17.19947916666667 93.500000000000014 1.0000000180025095e-35 19.950000000000003 1.1265970327176902 1.1135526900622577 3.5000000000000004 1.2099088115144543 39.650000000000013 -0.98801846520836312 -0.97696767110351213 3.5000000000000004 0.99374995976406788 0.99552231814189451 -0.91939278948206182 1.1049966690345681 -0.27694604220087021 31.412500000000005 0.28519915169571858 58.500000000000007 -0.30983472475487867 33.912500000000016 35.95000000000001
decision_type=2 2 2 2 2 2 2 2 2 2 2 2 2 2 2 2 2 2 2 2 2 2 2 2 2 2 2 2 2 2
left_child=14 3 6 -2 5 -4 -3 8 9 -8 -11 12 -6 -14 16 -16 -1 -18 -19 21 -21 22 23 24 -20 -24 28 -28 -26 -27
right_child=1 2 4 -5 11 -7 7 -9 -10 10 -12 -13 13 -15 15 -17 17 18 19 20 -22 -23 25 -25 26 29 27 -29 -30 -31
leaf_value=0.00024594130404593102 -0.00029161709525708454 -0.00067152206886288482 0.0038545667085799666 0.00027928785280654871 0.00016794873853675957 -0.0010581169306735894 -0.00020408816292583751 -0.00053663232610001558 -0.00078770885419224756 0.0001110136139651826 0.0016948921305928802 -0.0014229053595585224 0.0031203452080332292 0.00026120796368511208 0.00042064813920197761 0.0015191189026828634 -0.00087038963736561835 -0.0001451703835303993 0.0011067523730049231 0.0017112650019093904 0.00026419840236784834 -4.8095576675273404e-05 -0.0027828828321237228 -0.00020605280169241522 0.0010830390791425803 0.0030000504492855404 0.0047252992599694449 0.0016479448058358767 0.0058063145044492869 0.00017616840286544195
leaf_weight=5016 3899 1917 81 10372 5676 54 742 1344 448 560 266 459 63 81 456 76 2336 51243 558 76 1292 35644 608 836 154 76 81 60 59 228
leaf_count=5016 3899 1917 81 10372 5676 54 742 1344 448 560 266 459 63 81 456 76 2336 51243 558 76 1292 35644 608 836 154 76 81 60 59 228
internal_value=-0.000127886 0.000171018 -0.000312635 0.000567233 0.000558153 0.00648148 -0.00137105 -0.000654763 0.000406745 0.00121811 0.00292978 0.0004308 0.000670102 0.00680555 -0.00020643 0.00261278 -0.000221693 -0.000269757 -0.000232911 2.62138e-05 0.00223684 -5.27372e-05 0.00139098 0.00292334 0.00591009 -0.00154605 0.0102542 0.0162766 0.0062676 0.00322368
internal_weight=124761 25962 11691 14271 6414 135 5277 3360 2016 1568 826 6279 5820 144 98799 532 98267 93251 90915 39672 1368 38304 2660 1748 912 912 354 141 213 304
internal_count=124761 25962 11691 14271 6414 135 5277 3360 2016 1568 826 6279 5820 144 98799 532 98267 93251 90915 39672 1368 38304 2660 1748 912 912 354 141 213 304
is_linear=0
shrinkage=0.05


Tree=186
num_leaves=31
num_cat=0
split_feature=0 0 10 3 4 3 4 4 7 0 4 1 3 8 8 8 7 0 9 8 9 3 11 8 4 11 9 3 3 3
split_gain=1.2264 1.48542 3.41903 8.23398 7.0828 5.2927 4.59042 4.25049 3.79057 3.49079 3.44924 3.0795 3.20622 4.3569 3.93296 2.99725 5.81315 8.89014 4.43572 5.47085 3.90743 3.55692 2.96143 2.84505 4.56198 3.18011 2.90502 2.84306 4.82662 6.87178
threshold=1.0000000180025095e-35 31.500000000000004 1.0000000180025095e-35 -0.50556189049999822 -0.4755978891912595 -0.17647087149565668 0.029024409397335523 0.99024581825578073 23.112500000000004 24.500000000000004 -0.85674049181790024 3.5000000000000004 -0.099819732675876835 38.650000000000013 38.45000000000001 32.95000000000001 26.887500000000006 22.500000000000004 28.080729166666668 31.850000000000005 29.07447916666667 -0.082689790342551819 1.0916629031903622 31.850000000000005 -0.67168186667784702 0.99060004174370953 28.815885416666671 -0.35846811432664222 -0.75015329512557205 -0.71504373327588355
decision_type=2 2 2 2 2 2 2 2 2 2 2 2 2 2 2 2 2 2 2 2 2 2 2 2 2 2 2 2 2 2
left_child=-1 2 3 10 11 22 8 -8 -7 -6 -2 -5 -13 14 -14 16 18 20 -10 -20 -18 -21 -4 24 25 -12 -26 28 -24 -30
right_child=1 -3 5 4 9 6 7 -9 15 -11 23 12 13 -15 -16 -17 17 -19 19 21 -22 -23 27 -25 26 -27 -28 -29 29 -31
leaf_value=0.00044756410179829539 0.0013897975713684663 -6.5661045688457575e-06 -0.00065087395879183862 -0.00012570465844474076 -0.00056060481969896574 -0.00083381381071767754 0.00017746949993282791 -0.00038295467987161741 -0.00082067637731294348 0.00018129836968486495 0.0014277954718389173 -0.00043731008190901473 0.0017561799151417916 0.00031497837092505591 0.0031273361580150677 -0.00034607801783833974 0.0038529924429933208 -0.0019375650597533414 0.0031300446340008824 0.0028647565737934867 0.0025865216349012514 -0.0019586877931774796 -0.00089656045676582039 -1.2302257638692998e-05 0.0003704356646151599 0.004374793952074775 0.0039091807435457336 -0.00092726792921788998 0.0038833938057373156 0.0005848361216323622
leaf_weight=1305 62 83150 9484 3134 5376 1553 5146 1023 551 1568 124 589 775 961 93 3312 75 72 50 50 53 80 403 1615 3134 93 62 341 93 434
leaf_count=1305 62 83150 9484 3134 5376 1553 5146 1023 551 1568 124 589 775 961 93 3312 75 72 50 50 53 80 403 1615 3134 93 62 341 93 434
internal_value=-0.000126283 -0.0001424 -0.000391506 0.000131922 -0.00055858 -0.000796656 -7.31312e-05 0.000876154 -0.00108351 -0.00162299 0.00182711 0.000772693 0.00211332 0.00314653 0.00571428 -0.000309923 0.00219656 0.00975 0.000129958 0.00694444 0.0176562 0.00153846 -0.00160158 0.00168258 0.00250073 0.00951613 0.0020244 0.00066483 0.00209677 0.00524668
internal_weight=124761 123456 40306 17586 12496 22720 11965 6169 5796 6944 5090 5552 2418 1829 868 4243 931 200 731 180 128 130 10755 5028 3413 217 3196 1271 930 527
internal_count=124761 123456 40306 17586 12496 22720 11965 6169 5796 6944 5090 5552 2418 1829 868 4243 931 200 731 180 128 130 10755 5028 3413 217 3196 1271 930 527
is_linear=0
shrinkage=0.05


Tree=187
num_leaves=31
num_cat=0
split_feature=1 9 1 4 4 8 4 9 0 11 9 0 4 8 8 4 0 3 4 3 3 8 0 4 10 0 0 0 10 8
split_gain=1.16279 3.47724 3.79169 4.12535 2.34656 2.38215 3.2135 2.99176 4.13196 3.4632 2.42379 3.95665 2.36161 2.33043 4.27371 6.37634 9.0278 3.85208 3.57009 5.93532 7.75208 3.86555 3.24175 2.77709 4.5 3.99362 2.72459 3.25373 4.16311 3.24698
threshold=1.5000000000000002 11.53671875 1.0000000180025095e-35 0.98899263613956456 -0.99628250747696534 32.650000000000013 -0.89787881968372518 28.553385416666671 18.500000000000004 0.965987090558455 29.557031250000005 39.500000000000007 -0.95998493203694346 31.750000000000004 31.850000000000005 -0.32613736746952143 26.500000000000004 0.99865421017599998 -0.69676771491221523 0.3504237462291826 0.49812943072827093 29.050000000000004 54.500000000000007 -0.65883892954715351 1.0000000180025095e-35 45.500000000000007 66.500000000000014 78.500000000000014 1.0000000180025095e-35 36.750000000000007
decision_type=2 2 2 2 2 2 2 2 2 2 2 2 2 2 2 2 2 2 2 2 2 2 2 2 2 2 2 2 2 2
left_child=1 2 3 -1 -3 6 7 12 -9 -10 -8 -12 -6 18 15 16 -15 -17 19 21 -21 -2 -16 24 25 -20 -24 28 -28 -30
right_child=13 4 -4 -5 5 -7 10 8 9 -11 11 -13 -14 14 22 17 -18 -19 23 20 -22 -23 26 -25 -26 -27 27 -29 29 -31
leaf_value=0.001674781197617999 0.00091643945798251152 0.00092865866921099094 -1.0162807041501302e-05 0.00070569125175571539 -0.0027223344969651677 -0.00046491711683814779 -0.00011498076973330432 0.0030808035504001005 -0.00062021563278612452 0.003007043331342205 -0.00090637467375378556 0.0036271197278198546 0.00069797295556555945 0.004330841597017453 -8.4604699782417456e-05 -0.00031185722501991375 0.00094073700446913088 0.0011907729500517214 0.00058582373707642633 0.0042891843463519789 0.00018798953392296864 -0.0014548211172223421 0.00064524344895595161 -4.3425535297594023e-05 2.5667061800471363e-05 0.0045751157470642267 -0.0014787341932992635 0.00033077592515962708 7.1175401870856751e-05 0.0026956313513971891
leaf_weight=192 288 960 672 288 288 11999 19688 114 231 231 120 154 384 54 20895 384 138 96 92 96 384 3648 4560 47330 384 100 2172 6443 2124 252
leaf_count=192 288 960 672 288 288 11999 19688 114 231 231 120 154 384 54 20895 384 138 96 92 96 384 3648 4560 47330 384 100 2172 6443 2124 252
internal_value=-0.000123878 -0.00036678 0.00233507 0.00572917 -0.000457872 -0.000528322 -0.000209808 0.0022516 0.00489583 0.00279221 -0.000363692 0.00430657 -1.48821e-05 -2.79529e-05 0.000275068 0.00422619 0.0119271 0.00114583 -0.00024292 -0.00160326 0.00364583 -0.0022434 0.000202216 -0.000117523 0.00333333 0.00958333 0.000748825 0.000322535 -0.000701408 0.000744948
internal_weight=124761 35321 1152 480 34169 33209 21210 1248 576 462 19962 274 672 89440 37118 672 192 480 52322 4416 480 3936 36446 47906 576 192 15551 10991 4548 2376
internal_count=124761 35321 1152 480 34169 33209 21210 1248 576 462 19962 274 672 89440 37118 672 192 480 52322 4416 480 3936 36446 47906 576 192 15551 10991 4548 2376
is_linear=0
shrinkage=0.05


Tree=188
num_leaves=31
num_cat=0
split_feature=0 0 10 3 4 0 8 7 3 11 3 3 1 4 9 4 7 0 0 7 9 8 10 7 0 0 0 4 0 0
split_gain=1.14178 2.47228 4.2044 6.23877 4.43364 3.30001 2.98733 2.88477 3.55725 2.75697 2.71152 2.8125 2.43271 2.28438 2.31111 2.50462 3.41056 2.52744 2.53934 3.32154 3.19785 3.04379 2.236 2.90056 7.19853 4.15863 4.15311 5.70648 3.74186 3.74659
threshold=6.5000000000000009 31.500000000000004 1.0000000180025095e-35 -0.54939360607974019 -0.4755978891912595 22.500000000000004 33.250000000000007 8.7875000000000032 0.1849296026015865 1.2217849585321277 0.99700008544936913 0.99907018497641664 2.5000000000000004 -0.81925291736142491 20.683593750000004 -0.091258822863740666 25.712500000000006 12.500000000000002 23.500000000000004 26.987500000000004 28.401041666666671 31.050000000000004 1.0000000180025095e-35 24.962500000000006 81.500000000000014 45.500000000000007 67.500000000000014 -0.85674049181790024 82.500000000000014 69.500000000000014
decision_type=2 2 2 2 2 2 2 2 2 2 2 2 2 2 2 2 2 2 2 2 2 2 2 2 2 2 2 2 2 2
left_child=-1 2 3 6 -5 10 13 8 -4 -9 -6 -12 -10 -2 -15 16 -16 -18 19 20 21 -19 23 28 25 -25 27 -27 29 -3
right_child=1 22 7 4 5 -7 -8 9 12 -11 11 -13 -14 14 15 -17 17 18 -20 -21 -22 -23 -24 24 -26 26 -28 -29 -30 -31
leaf_value=7.8559123475461739e-05 0.0047684433521591827 2.5763985024882062e-05 -0.00047323734051383284 0.00030351745681660429 -0.00062090253339569502 4.8653489620786328e-05 -0.0006418363001276878 -0.00030921726558268316 0.00072950792193665658 0.0010796124498169454 0.0017648261276018108 -0.00027989454423185803 0.0001789773352080443 0.00085170295546453515 0.001656495284430016 0.00012809596865799816 -0.00055193646690929524 0.00081442360717827597 0.00022469971556433413 0.0025887461538247926 -0.00010206820004200941 0.0023626025725175023 6.4733925214342658e-05 -0.0012074146169760351 0.0005673453176364328 0.00078986566430159317 -0.00085181722058127324 -0.00037264289770546862 -0.0002695801833097161 0.00051144741123408828
leaf_weight=9122 50 7359 726 4600 3536 2070 525 16616 377 75 64 80 520 325 238 1675 239 66 349 106 194 58 46879 4764 3833 2684 4486 6049 3817 3279
leaf_count=9122 50 7359 726 4600 3536 2070 525 16616 377 75 64 80 520 325 238 1675 239 66 349 106 194 58 46879 4764 3833 2684 4486 6049 3817 3279
internal_value=-0.000123077 -0.00016556 -0.000535413 0.00011111 -0.000526571 -0.00145218 0.0018366 -0.00103582 0.000976585 -0.0012315 -0.00235054 0.004375 0.0030825 0.00239394 0.00223077 0.00178632 0.00348 0.00221344 0.00360284 0.00620283 0.0036478 0.00991935 -2.10475e-05 -0.000315818 -0.000679778 -0.00109909 -0.000642637 -7.44422e-06 0.000233482 0.000715359
internal_weight=124761 115639 32489 14175 10350 5750 3825 18314 1623 16691 3680 144 897 3300 3250 2925 1250 1012 773 424 318 124 83150 36271 21816 17983 13219 8733 14455 10638
internal_count=124761 115639 32489 14175 10350 5750 3825 18314 1623 16691 3680 144 897 3300 3250 2925 1250 1012 773 424 318 124 83150 36271 21816 17983 13219 8733 14455 10638
is_linear=0
shrinkage=0.05


Tree=189
num_leaves=31
num_cat=0
split_feature=0 0 10 3 4 8 7 11 7 3 8 9 10 9 0 9 0 0 4 0 11 0 0 4 4 8 0 11 7 9
split_gain=1.13282 2.9736 4.62395 5.40453 3.96472 6.16751 2.88074 2.72663 2.60247 3.47117 2.22809 2.10293 2.07439 2.73872 8.1735 4.91659 4.34445 4.24138 4.8273 4.05192 4.04917 2.99269 7.11098 2.82162 2.61009 2.4924 2.47688 2.34278 2.20801 2.18087
threshold=8.5000000000000018 31.500000000000004 1.0000000180025095e-35 -0.54939360607974019 -0.99761278905001471 37.750000000000007 31.012500000000006 1.2217849585321277 8.7875000000000032 0.1849296026015865 33.250000000000007 35.620312500000004 1.0000000180025095e-35 25.771875000000005 45.500000000000007 24.258333333333336 82.500000000000014 67.500000000000014 -0.85674049181790024 84.500000000000014 0.98346829928426593 69.500000000000014 55.500000000000007 -0.98801846520836312 0.29958852271690523 44.350000000000009 75.500000000000014 1.1538549292311382 38.712500000000013 28.750260416666666
decision_type=2 2 2 2 2 2 2 2 2 2 2 2 2 2 2 2 2 2 2 2 2 2 2 2 2 2 2 2 2 2
left_child=-1 2 3 10 5 -5 -6 8 9 -4 -2 -7 13 15 -15 19 17 18 27 21 -17 22 -3 -18 -22 -20 -19 -16 -29 -14
right_child=1 12 7 4 6 11 -8 -9 -10 -11 -12 -13 29 14 16 20 23 26 25 -21 24 -23 -24 -25 -26 -27 -28 28 -30 -31
leaf_value=6.7904618918956889e-05 0.00062928989040616536 0.00027618278966807223 -0.00054205031735989192 0.0034299386844427941 -0.00029972003979983146 -0.00091358894923062076 0.0019998420156302132 0.00094013579584302032 -0.00034033813091806614 0.00044591043955011277 -0.00036679046621656148 0.0035865264343152244 6.4034338849980658e-06 -0.0015590545524076273 0.00069547631283042193 7.6021228802724525e-05 -0.001141474594166935 -0.0017768412416106006 -0.00055591254228742404 -0.00042981534389231334 0.0010915707706872439 0.00035869379423038002 -0.00072586608347387834 0.00064586737347237927 0.0028434290903161467 0.0027808770789205439 -0.00021685699067910686 0.00024812545800356311 0.0024161124008795082 0.00034300923671610643
leaf_weight=11722 3036 5904 674 69 8748 184 452 69 15267 838 483 69 35712 4172 2552 768 429 2384 3806 2700 512 3690 3444 3438 192 66 2082 77 55 11167
leaf_count=11722 3036 5904 674 69 8748 184 452 69 15267 838 483 69 35712 4172 2552 768 429 2384 3806 2700 512 3690 3444 3438 192 66 2082 77 55 11167
internal_value=-0.000127485 -0.000176002 -0.000603735 0.000103135 -0.000515649 0.00493789 -0.000706523 -0.00115088 -0.00119167 0.000787036 0.00177749 0.00132411 -2.22501e-05 -0.000306169 -0.000719009 0.000151074 -0.000170933 -0.000676829 0.000132702 -0.000107385 0.0029144 0.000257707 -0.00021823 0.00127101 0.00565341 -0.000996902 -0.0018652 0.00176229 0.00825757 0.000197422
internal_weight=124761 113039 29889 13041 9522 322 9200 16848 16779 1512 3519 253 83150 36271 19061 17210 14889 11022 6556 15738 1472 13038 9348 3867 704 3872 4466 2684 132 46879
internal_count=124761 113039 29889 13041 9522 322 9200 16848 16779 1512 3519 253 83150 36271 19061 17210 14889 11022 6556 15738 1472 13038 9348 3867 704 3872 4466 2684 132 46879
is_linear=0
shrinkage=0.05


Tree=190
num_leaves=31
num_cat=0
split_feature=0 0 7 9 0 0 10 9 0 9 0 0 4 0 11 4 0 0 0 1 0 4 11 11 3 8 8 3 3 8
split_gain=1.1044 1.19937 2.97241 2.27647 4.08574 2.25397 2.07481 2.57831 7.70163 3.96282 3.81902 4.21113 4.41502 3.6522 3.12315 2.95253 2.52679 4.99237 3.39177 2.45051 2.38963 2.34676 2.11564 2.31645 3.83918 2.48697 4.65903 2.47206 3.63853 2.08513
threshold=1.0000000180025095e-35 31.500000000000004 26.987500000000004 27.634114583333339 19.500000000000004 8.5000000000000018 1.0000000180025095e-35 25.771875000000005 45.500000000000007 24.258333333333336 82.500000000000014 67.500000000000014 -0.85674049181790024 39.500000000000007 0.98346829928426593 0.61067742788105683 83.500000000000014 69.500000000000014 56.500000000000007 5.5000000000000009 75.500000000000014 -0.98801846520836312 1.1538549292311382 1.1102543501962845 -0.47558551945199218 33.650000000000013 34.45000000000001 -0.27694604220087021 -0.32614396506100213 44.350000000000009
decision_type=2 2 2 2 2 2 2 2 2 2 2 2 2 2 2 2 2 2 2 2 2 2 2 2 2 2 2 2 2 2
left_child=-1 2 5 4 -4 -2 7 9 -9 13 11 12 22 15 -11 -3 17 18 19 -15 -13 -12 23 24 -10 -26 -27 28 -28 -14
right_child=1 6 3 -5 -6 -7 -8 8 10 14 21 20 29 16 -16 -17 -18 -19 -20 -21 -22 -23 -24 -25 25 26 27 -29 -30 -31
leaf_value=0.00041337876178610143 2.0827789803483948e-05 -0.00089720932418442924 0.0025907043999007649 0.0001274561601315617 -0.00050224363785109723 -0.00017719914106125676 5.9787636500705944e-05 -0.0014811018247872457 0.0027795136626173485 7.2220167362587706e-05 -0.0010844008644585895 -0.0016879991795300709 -0.00052811691517305531 -0.0001521016199768829 0.0014969404918380297 0.0011615234895319389 -0.00038813233162028572 0.00039637522515460446 -0.00070747618550087124 0.00094068245127051182 -0.00020601414114515277 0.00061357400479875989 0.0012875840188554118 -0.0022945482324192904 -0.0014189498820635122 0.0030438086646300449 0.0002874988006637249 0.00050139096283464881 0.0043456067726986378 0.0026418332249745192
leaf_weight=1305 8095 376 64 8428 76 23643 46879 4172 88 768 429 2384 3806 3570 704 1592 2946 3444 3198 612 2082 3438 132 176 374 198 88 1562 66 66
leaf_count=1305 8095 376 64 8428 76 23643 46879 4172 88 768 429 2384 3806 3570 704 1592 2946 3444 3198 612 2082 3438 132 176 374 198 88 1562 66 66
internal_value=-0.00012508 -0.000140375 -0.000364215 0.000462184 0.00678571 -0.00058731 -3.18713e-05 -0.000315818 -0.000716385 0.000127831 -0.000184365 -0.000658684 0.000147955 -0.000104208 0.00260869 0.00191057 -0.000392158 -3.88039e-05 -0.000772359 0.000164992 -0.00184281 0.00116757 0.00170641 0.00138715 0.00179714 0.00140297 0.00213166 0.00129371 0.00733766 -0.000932336
internal_weight=124761 123456 40306 8568 140 31738 83150 36271 19061 17210 14889 11022 6556 15738 1472 1968 13770 10824 7380 4182 4466 3867 2684 2552 2376 2288 1914 1716 154 3872
internal_count=124761 123456 40306 8568 140 31738 83150 36271 19061 17210 14889 11022 6556 15738 1472 1968 13770 10824 7380 4182 4466 3867 2684 2552 2376 2288 1914 1716 154 3872
is_linear=0
shrinkage=0.05


Tree=191
num_leaves=31
num_cat=0
split_feature=1 7 11 4 8 9 8 4 3 3 8 8 4 0 4 10 0 3 0 11 7 8 7 0 7 11 0 10 9 11
split_gain=1.07896 3.10316 3.80325 2.11281 2.07089 2.15198 2.00744 3.52661 5.652 7.25208 3.8129 3.26441 6.37634 7.69447 2.35361 4.13281 3.45946 2.26875 2.23856 2.58961 4.59495 5.1277 3.34816 2.42381 2.51407 2.57004 2.28921 3.11549 3.27487 3.49113
threshold=1.5000000000000002 8.4625000000000039 1.082263012080001 -0.99628250747696534 32.750000000000007 34.42239583333334 31.750000000000004 -0.69676771491221523 0.3504237462291826 0.49812943072827093 29.050000000000004 31.850000000000005 -0.32613736746952143 26.500000000000004 -0.65883892954715351 1.0000000180025095e-35 45.500000000000007 0.99865421017599998 54.500000000000007 0.83118285699629402 27.887500000000006 32.150000000000013 26.287500000000005 66.500000000000014 29.912500000000005 1.0764862315683601 77.500000000000014 1.0000000180025095e-35 31.670833333333338 1.1163525015609757
decision_type=2 2 2 2 2 2 2 2 2 2 2 2 2 2 2 2 2 2 2 2 2 2 2 2 2 2 2 2 2 2
left_child=1 2 -1 -3 -5 -6 7 8 10 -10 -2 12 13 -8 15 16 -9 -14 19 20 21 -13 -23 24 25 -20 27 -25 -29 -30
right_child=6 3 -4 4 5 -7 11 14 9 -11 -12 18 17 -15 -16 -17 -18 -19 23 -21 -22 22 -24 26 -26 -27 -28 28 29 -31
leaf_value=0.000271347791564314 0.00086407123530338366 0.00099397605869568973 0.0012430321471659125 -6.9053761149128945e-05 -0.00052078501778163625 0.0010037393083350994 0.0039735648510734623 0.00045116457305544174 0.0040742984440288992 0.00017204380744681943 -0.0013914647492133524 -0.0020751182759380627 -0.00029397582412934829 0.00088715390446567381 -3.7179946960683734e-05 1.8158453256741032e-06 0.0043152962807722394 0.0010607792373028176 0.0037145950798874953 -9.1631248164941021e-05 -0.0010524557956879963 0.0018331180976459268 0.0040633229353110312 -0.0013243337599457856 0.00052014744002015269 -4.5876699909630916e-05 0.00027392231980234141 7.446417933774646e-05 0.0064036308658879633 -0.00066675783215058306
leaf_weight=986 288 960 66 21502 11231 576 54 92 96 384 3648 73 384 138 47330 384 100 96 78 20403 217 95 107 1991 4425 57 6822 2046 77 55
leaf_count=986 288 960 66 21502 11231 576 54 92 96 384 3648 73 384 138 47330 384 100 96 78 20403 217 95 107 1991 4425 57 6822 2046 77 55
internal_value=-0.000121473 -0.000355455 0.00231939 -0.000437569 -0.000504219 -0.00103625 -2.9071e-05 -0.000228586 -0.00158062 0.00354167 -0.00220529 0.000252168 0.00370536 0.0114062 -0.000103955 0.00307292 0.0090625 0.000624999 0.000188497 -0.000149559 0.00343496 0.00772727 0.0118317 0.000642723 0.00161184 0.00833333 0.00024065 -0.000682419 0.000624425 0.00825757
internal_weight=124761 35321 1052 34269 33309 11807 89440 52322 4416 480 3936 37118 672 192 47906 576 192 480 36446 20895 492 275 202 15551 4560 135 10991 4169 2178 132
internal_count=124761 35321 1052 34269 33309 11807 89440 52322 4416 480 3936 37118 672 192 47906 576 192 480 36446 20895 492 275 202 15551 4560 135 10991 4169 2178 132
is_linear=0
shrinkage=0.05


Tree=192
num_leaves=31
num_cat=0
split_feature=8 1 7 11 4 11 7 8 4 3 3 8 8 4 0 9 11 7 7 7 0 8 4 10 0 0 0 4 4 9
split_gain=1.02928 1.09573 1.93424 3.58202 1.81667 1.84184 4.45337 1.73524 3.32054 5.32699 6.76875 3.26835 2.64687 4.92917 5.55807 2.26542 3.69147 4.28241 3.60348 2.341 3.52044 3.91257 2.1007 3.66753 2.96362 2.21921 2.43971 4.63558 6.48899 7.5956
threshold=14.100000000000001 1.5000000000000002 8.4625000000000039 1.082263012080001 -0.99628250747696534 1.0635821354874333 35.812500000000007 31.750000000000004 -0.69676771491221523 0.3504237462291826 0.49812943072827093 29.050000000000004 31.850000000000005 -0.32613736746952143 26.500000000000004 26.058333333333337 0.96359846643765257 26.112500000000004 22.362500000000004 21.462500000000006 37.500000000000007 32.95000000000001 -0.65883892954715351 1.0000000180025095e-35 45.500000000000007 92.500000000000014 19.500000000000004 0.51113019672828186 0.46611290379786346 21.782552083333339
decision_type=2 2 2 2 2 2 2 2 2 2 2 2 2 2 2 2 2 2 2 2 2 2 2 2 2 2 2 2 2 2
left_child=-1 2 3 -2 5 6 -4 8 9 11 -11 -3 13 14 -9 16 17 -14 -17 -18 21 -21 23 24 -10 26 27 28 -24 -30
right_child=1 7 4 -5 -6 -7 -8 12 22 10 -12 -13 15 -15 -16 18 19 -19 -20 20 -22 -23 25 -25 -26 -27 -28 -29 29 -31
leaf_value=0.00028729333309967657 0.0001258856068723392 0.00082086767353821324 0.0011957493105725053 0.0011808805398076164 -0.00015679630639201081 -0.00074617707875473266 0.0038982553668885245 0.0037748866085197882 0.00042860634440266697 0.0038705835218274566 0.0001634416170744773 -0.001321891511752684 0.0014967547911902094 0.00021525411029522492 0.00084279620924238886 -0.0011362350340475829 -0.00028538301487293074 -0.00012704550333620166 5.3892385227680089e-05 0.0009928117693848331 0.0002263211928527205 0.0038994995750957816 8.6129360705545634e-06 1.7250530593911567e-06 0.0040995314667336292 -0.00055354471360116069 3.0907818729049875e-05 -0.00022006677167015726 0.0010635048164564689 2.9257586146856347e-05
leaf_weight=768 777 288 504 66 33230 384 72 54 92 96 384 3648 170 480 138 858 641 118 33284 137 1164 74 3288 384 100 1461 35621 6220 120 140
leaf_count=768 777 288 504 66 33230 384 72 54 92 96 384 3648 170 480 138 858 641 118 33284 137 1164 74 3288 384 100 1461 35621 6220 120 140
internal_value=-0.000119069 -0.000130371 -0.000367226 0.00199881 -0.000425564 0.00171875 0.00350694 -3.70965e-05 -0.000223951 -0.00153533 0.0034375 -0.00214177 0.000223879 0.00333333 0.0101042 0.000166547 0.00168403 0.00697917 6.41427e-05 0.000927578 0.00209091 0.00803317 -0.000101844 0.0028993 0.00854167 -0.000138742 -7.70022e-05 -0.000777028 0.000665162 0.00826923
internal_weight=124761 123993 35033 843 34190 960 576 88960 51842 4416 480 3936 37118 672 192 36446 2304 288 34142 2016 1375 211 47426 576 192 46850 45389 9768 3548 260
internal_count=124761 123993 35033 843 34190 960 576 88960 51842 4416 480 3936 37118 672 192 36446 2304 288 34142 2016 1375 211 47426 576 192 46850 45389 9768 3548 260
is_linear=0
shrinkage=0.05


Tree=193
num_leaves=31
num_cat=0
split_feature=8 1 7 11 9 8 4 8 9 4 9 0 11 4 9 7 9 1 7 11 4 4 8 8 8 9 7 9 7 3
split_gain=0.958451 0.985548 1.82032 3.14866 1.70915 1.76571 1.54096 1.73268 1.91723 1.90714 3.45337 3.64321 3.38 2.75521 2.0213 3.93408 2.30522 1.89844 2.04966 1.78571 1.7111 4.13681 2.44433 2.8197 2.7583 4.20595 2.88338 2.64057 2.54171 2.84583
threshold=14.100000000000001 1.5000000000000002 8.4625000000000039 1.082263012080001 12.200520833333334 18.650000000000002 -0.99628250747696534 32.750000000000007 34.42239583333334 -0.89787881968372518 28.553385416666671 20.500000000000004 0.965987090558455 -0.95998493203694346 29.557031250000005 31.112500000000004 29.150520833333335 1.0000000180025095e-35 28.112500000000004 0.965987090558455 -0.86548532668110156 -0.85674049181790024 31.550000000000004 31.650000000000002 29.150000000000002 22.698177083333338 19.587500000000006 27.013020833333336 30.312500000000004 0.9550229469509578
decision_type=2 2 2 2 2 2 2 2 2 2 2 2 2 2 2 2 2 2 2 2 2 2 2 2 2 2 2 2 2 2
left_child=-1 2 3 4 -2 -6 -4 9 -9 10 13 19 -13 -8 16 -16 20 18 -15 -12 -11 -22 24 28 25 -23 -27 -28 29 -24
right_child=1 -3 6 -5 5 -7 7 8 -10 14 11 12 -14 17 15 -17 -18 -19 -20 -21 21 22 23 -25 -26 26 27 -29 -30 -31
leaf_value=0.00027292866644469254 -0.00017357873633372194 -1.2850407624362225e-05 0.00079894242611655119 0.0011218365128172357 0.001313783589921287 0.00026517850562807199 -0.00263040528747315 -0.00048690595157295551 0.00096139215823794449 -0.0027271128201733557 0.0033683941455351692 -0.00062921644825816251 0.0028850018357166034 0.00044498161294605291 3.8607452861360009e-05 0.003711110576997724 -0.0030363461038111048 -0.00054626227324799752 0.0027107464587741679 0.0013714849147289552 0.0042671467317889674 -0.00012134511270032092 0.0023849986917901288 0.00013698200841556681 -0.00061288823361634157 0.00093364270043361404 0.00027748242726467032 0.0020943321576461426 -0.0011971802778383161 0.0025511816982798476
leaf_weight=768 462 88960 960 66 52 263 384 11231 576 288 63 225 225 137 195 79 384 192 55 63 96 11829 223 1828 3844 52 1004 96 83 78
leaf_count=768 462 88960 960 66 52 263 384 11231 576 288 63 225 225 137 195 79 384 192 55 63 96 11829 223 1828 3844 52 1004 96 83 78
internal_value=-0.000120271 -0.000131178 -0.000355809 0.0019395 0.0010489 0.00388889 -0.000412402 -0.000469457 -0.00095579 -0.00020142 0.00162202 0.00454861 0.00244444 -0.000572918 -0.000323473 0.0039416 -0.00038248 0.00242187 0.0059375 0.0120635 -0.000306628 -0.000249047 -0.000301257 0.0012613 -0.000506688 -0.000158309 0.00272569 0.00218182 0.00515625 0.00729236
internal_weight=124761 123993 35033 843 777 315 34190 33230 11807 21423 1344 576 450 768 20079 274 19805 384 192 126 19421 19133 19037 2212 16825 12981 1152 1100 384 301
internal_count=124761 123993 35033 843 777 315 34190 33230 11807 21423 1344 576 450 768 20079 274 19805 384 192 126 19421 19133 19037 2212 16825 12981 1152 1100 384 301
is_linear=0
shrinkage=0.05


Tree=194
num_leaves=31
num_cat=0
split_feature=8 1 9 8 11 4 4 4 8 7 0 4 0 8 4 3 3 8 4 10 0 4 9 11 7 7 0 0 0 8
split_gain=0.955835 0.994274 1.56827 4.34544 3.36485 2.51279 1.84865 1.53245 1.66667 2.73373 2.37659 1.90651 1.50132 1.46188 2.93708 4.91793 6.30208 3.12423 2.09333 3.66753 2.96362 2.06167 3.05749 4.46561 4.19975 2.74789 2.18821 2.01159 2.26855 4.33275
threshold=14.100000000000001 1.5000000000000002 13.695833333333336 21.550000000000004 1.0912314765539939 0.99611390731392835 0.96849880583763492 -0.99628250747696534 39.95000000000001 35.362500000000004 88.500000000000014 -0.99938741687870725 43.500000000000007 31.750000000000004 -0.69676771491221523 0.3504237462291826 0.49812943072827093 29.050000000000004 -0.65883892954715351 1.0000000180025095e-35 45.500000000000007 0.25829915227078726 26.459114583333335 0.96359846643765257 26.112500000000004 22.662500000000005 21.500000000000004 93.500000000000014 19.500000000000004 25.650000000000002
decision_type=2 2 2 2 2 2 2 2 2 2 2 2 2 2 2 2 2 2 2 2 2 2 2 2 2 2 2 2 2 2
left_child=-1 2 3 4 -2 6 7 8 9 10 12 -11 -4 14 15 17 -17 -3 19 20 -16 22 23 24 -15 -24 -25 28 29 -20
right_child=1 13 5 -5 -6 -7 -8 -9 -10 11 -12 -13 -14 21 18 16 -18 -19 27 -21 -22 -23 25 26 -26 -27 -28 -29 -30 -31
leaf_value=0.00025928223312245841 2.7260399260393721e-05 0.00078046681024252114 0.0011755310344180175 0.0018671769952639532 0.0010436586781906766 0.0010392978585905108 -0.00070361722553694927 -0.00016696159872330119 -0.0012762579431526552 0.0051155902043041115 0.0035944722415099158 0.0013708545422114193 -0.0015263701799970392 0.0014149428268126056 0.00040781854756374999 0.0036776968661173005 0.00015591205660197224 -0.0012551544157838326 -0.00027848840625511296 2.281320787637841e-06 0.0038951974137781662 -0.00097537511687474827 -0.0010781185635945407 -0.00018222267779665751 0.00010278900068301611 7.7169579640975916e-05 0.00050791603306334164 -0.00075247862709387628 2.2961985412254531e-05 3.4996029440275774e-05
leaf_weight=768 3264 288 344 96 96 480 864 29273 192 57 56 69 242 220 92 96 384 3648 5000 384 100 672 846 550 164 32816 1850 974 36108 4768
leaf_count=768 3264 288 344 96 96 480 864 29273 192 57 56 69 242 220 92 96 384 3648 5000 384 100 672 846 550 164 32816 1850 974 36108 4768
internal_value=-0.000117867 -0.000128758 -0.000354381 0.000656828 0.000357142 -0.000465055 -0.000520469 -0.000455298 0.00151042 0.00255208 0.00123053 0.00928571 0.000290101 -3.99068e-05 -0.000211413 -0.00144475 0.00333333 -0.00202744 -9.65727e-05 0.0028993 0.00854167 0.000199632 0.000250232 0.00184267 0.00684896 0.00011853 0.00104167 -0.000133406 -8.56669e-05 -0.000761672
internal_weight=124761 123993 35033 3456 3360 31577 31097 30233 960 768 642 126 586 88960 51842 4416 480 3936 47426 576 192 37118 36446 2784 384 33662 2400 46850 45876 9768
internal_count=124761 123993 35033 3456 3360 31577 31097 30233 960 768 642 126 586 88960 51842 4416 480 3936 47426 576 192 37118 36446 2784 384 33662 2400 46850 45876 9768
is_linear=0
shrinkage=0.05


Tree=195
num_leaves=31
num_cat=0
split_feature=0 0 10 3 4 0 3 4 11 7 0 9 11 8 4 8 3 0 11 11 0 11 3 9 8 4 8 9 11 4
split_gain=0.90157 1.75747 3.18041 5.36888 4.38307 3.40557 2.85786 6.91447 3.91624 3.05149 3.04053 7.66391 3.22575 2.89602 3.1141 4.67825 4.71595 4.9363 2.71816 7.73213 2.35904 2.75016 2.29325 4.63022 2.22431 2.18077 5.20313 2.42439 2.13994 2.08442
threshold=5.5000000000000009 31.500000000000004 1.0000000180025095e-35 -0.50556189049999822 -0.4755978891912595 23.500000000000004 0.15101559051660998 0.029024409397335523 1.0912314765539939 25.912500000000005 18.500000000000004 29.292447916666671 0.98304568677922399 14.100000000000001 0.62420859727530387 29.350000000000005 -0.90163369914317015 23.500000000000004 1.0707669999226173 1.0408832752351278 19.500000000000004 1.0619294486449482 0.82899317702918729 30.591927083333339 33.250000000000007 -0.99761278905001471 37.750000000000007 35.620312500000004 1.0923437463937298 0.39629089145655322
decision_type=2 2 2 2 2 2 2 2 2 2 2 2 2 2 2 2 2 2 2 2 2 2 2 2 2 2 2 2 2 2
left_child=-1 2 3 24 22 -6 8 9 13 -8 11 -11 -13 -4 15 16 -15 -18 19 -9 -21 -22 25 -24 -2 26 -5 -28 -10 -7
right_child=1 -3 6 4 5 29 7 18 28 10 -12 12 -14 14 -16 -17 17 -19 -20 20 21 -23 23 -25 -26 -27 27 -29 -30 -31
leaf_value=7.8593829643346168e-05 0.00047183275876550869 -1.265649806993125e-05 0.00082147417323764384 0.0027895237395097177 -0.00052115628706331956 -0.0011535910206542468 -0.0007605999590134465 9.6676289172827631e-05 0.0014589853029716741 0.0040638194904408266 -0.00063139928399861807 0.0029055158854735942 -0.0007351312888592078 -0.00039909268718267825 -0.0010105549452624665 -0.00085143740496925521 0.00063546637304952476 -0.0009806233908052429 -0.0010995095450789367 0.00037768011872174568 0.0015103440251148575 0.0035638285975604696 -0.004517914244777657 0.0027680270522864865 -0.00031621654136067219 9.2815781406409449e-06 -0.0011801716164120987 0.0022690151440524883 0.00012058106403528438 0.00047333683046049631
leaf_weight=7822 3666 83150 78 78 4032 416 2793 3640 78 68 742 77 270 702 2600 5529 432 192 182 182 96 60 78 182 598 4030 208 78 1326 1376
leaf_count=7822 3666 83150 78 78 4032 416 2793 3640 78 68 742 77 270 702 2600 5529 432 192 182 182 96 60 78 182 598 4030 208 78 1326 1376
internal_value=-0.000118267 -0.00015303 -0.000457103 9.42872e-05 -0.000514412 -0.00142857 -0.000883867 -0.000172628 -0.00141127 -0.00167089 0.000488331 0.00391566 0.00090778 -0.00177436 -0.00185352 -0.00129468 0.00137255 0.00453526 0.00125 0.00152338 0.0087574 0.0132692 0.000629565 0.00519231 0.00159006 0.00035958 0.00406593 0.000944055 0.00105413 0.000385043
internal_weight=124761 116939 33789 14742 10478 5824 19047 8110 10937 3950 1157 415 347 9533 9455 6855 1326 624 4160 3978 338 156 4654 260 4264 4394 364 286 1404 1792
internal_count=124761 116939 33789 14742 10478 5824 19047 8110 10937 3950 1157 415 347 9533 9455 6855 1326 624 4160 3978 338 156 4654 260 4264 4394 364 286 1404 1792
is_linear=0
shrinkage=0.05


Tree=196
num_leaves=31
num_cat=0
split_feature=0 0 9 4 9 9 9 0 0 3 11 8 9 9 0 0 8 8 9 3 3 10 11 11 11 11 1 11 3 3
split_gain=0.945952 2.01109 3.05181 2.40975 3.50852 1.84931 1.71014 1.87108 1.66679 2.6037 2.1132 1.66667 2.33535 1.50355 3.92245 2.7177 1.95321 2.33509 1.69387 1.61131 2.80333 1.53844 3.69665 2.1011 1.49245 2.14359 2.06889 1.3717 1.33224 1.30541
threshold=75.500000000000014 86.500000000000014 25.308854166666666 -0.36648370705903521 29.860156250000006 25.771875000000005 14.457552083333335 93.500000000000014 65.500000000000014 0.52033990680116082 1.0828497817117015 30.450000000000003 25.580989583333338 25.419010416666669 70.500000000000014 70.500000000000014 27.650000000000002 28.050000000000004 29.475000000000001 0.28519915169571858 0.3342611484689354 1.0000000180025095e-35 1.0561939355068173 1.0186930070003879 1.1265970327176902 1.1135526900622577 3.5000000000000004 1.0851240170188765 -0.15101209918632377 -0.96463499255812291
decision_type=2 2 2 2 2 2 2 2 2 2 2 2 2 2 2 2 2 2 2 2 2 2 2 2 2 2 2 2 2 2
left_child=8 3 6 -2 -5 11 7 -3 29 13 -11 -4 -13 14 -10 18 19 -18 -15 -16 -21 -20 23 28 25 -7 -27 -12 -23 -1
right_child=1 2 5 4 -6 24 -8 -9 9 10 27 12 -14 15 16 -17 17 -19 21 20 -22 22 -24 -25 -26 26 -28 -29 -30 -31
leaf_value=-0.00021796580033801627 -0.00013286641618030158 0.00018877023063898957 0.0034100541289839681 0.00022983279355121532 0.0026512986742078734 9.6966607703370461e-05 -0.00045895631075514633 -0.00082600622571611302 -0.00038059403167402673 -0.00075155980148211652 0.0023443700083976013 -0.0013154857320387837 0.0025345654734983489 -0.00035592216284588136 0.00017366767005920879 -0.00096118154770877165 0.0023538763563090053 0.00089726918675577026 7.1946637395587935e-05 0.0020665099108462914 0.00040876649348540957 0.00024148882926766898 -0.00060082856429463259 0.0036880384898969119 -0.001296727343554303 0.0029316385280286359 0.00018958653597217251 2.734769629284536e-05 0.0027943788527024873 -1.6766894838213583e-05
leaf_weight=6806 5779 1260 90 8316 176 5550 3657 360 1960 3390 50 99 81 1540 1220 2570 60 380 605 60 240 72 221 50 450 63 81 490 80 79005
leaf_count=6806 5779 1260 90 8316 176 5550 3657 360 1960 3390 50 99 81 1540 1220 2570 60 380 605 60 240 72 221 50 450 63 81 490 80 79005
internal_value=-0.000120672 0.000147907 -0.000338296 0.000546211 0.00108219 0.000394448 -0.00122892 0.000123456 -0.000191248 -0.000719127 -0.00179389 0.00444444 0.00166667 -0.000252816 0.000484693 -0.000815494 0.00206633 0.005 0.00033489 0.0012171 0.0045 0.00190661 0.00421986 0.00910891 0.00021647 0.000435545 0.00645833 0.00111111 0.00618421 -0.000111351
internal_weight=124761 25962 11691 14271 8492 6414 5277 1620 98799 12988 3930 270 180 9058 3920 5138 1960 440 2568 1520 300 1028 423 202 6144 5694 144 540 152 85811
internal_count=124761 25962 11691 14271 8492 6414 5277 1620 98799 12988 3930 270 180 9058 3920 5138 1960 440 2568 1520 300 1028 423 202 6144 5694 144 540 152 85811
is_linear=0
shrinkage=0.05


Tree=197
num_leaves=31
num_cat=0
split_feature=11 11 7 7 1 9 7 8 3 8 9 0 7 3 11 8 8 11 8 3 3 11 9 11 0 9 0 3 0 7
split_gain=0.924213 2.21108 1.73489 1.84123 2.19255 1.71376 2.64908 2.50662 2.99322 2.30106 2.02084 2.26651 6.00641 1.98595 2.60516 2.30114 4.81061 1.94871 3.77885 3.32288 2.28144 1.9933 2.16368 1.83838 1.82447 1.64269 1.56669 1.55793 1.73294 2.04709
threshold=0.94542443323476821 0.94802720612342306 25.612500000000004 29.212500000000006 1.5000000000000002 27.258593750000003 24.212500000000006 30.850000000000005 0.7090011537757156 30.650000000000002 27.869010416666672 20.500000000000004 26.412500000000005 -0.99166060804803513 0.91996099769083439 28.450000000000003 27.450000000000003 0.90553792969966496 30.850000000000005 0.79904096188274243 0.46800856592688472 0.9247659649312403 28.733593750000001 0.91839291567263814 78.500000000000014 29.661718750000002 20.500000000000004 -0.9442364261229238 48.500000000000007 21.312500000000004
decision_type=2 2 2 2 2 2 2 2 2 2 2 2 2 2 2 2 2 2 2 2 2 2 2 2 2 2 2 2 2 2
left_child=5 2 -2 4 -4 7 -7 8 9 13 11 12 -8 -1 23 16 -16 18 -12 -20 21 -19 -23 -15 -25 -5 -18 -9 -29 -30
right_child=1 -3 3 25 -6 6 10 27 -10 -11 17 -13 -14 14 15 -17 26 20 19 -21 -22 22 -24 24 -26 -27 -28 28 29 -31
leaf_value=-0.00021900279716448296 -0.00042582472412053778 -2.0041811536764123e-05 0.0032698362482806091 -0.0007569641268604701 0.00064569693065299235 -0.003789399076150772 -0.0011135850410910872 -9.8667285708088816e-05 -0.00034746773878812352 -0.0014207383730825049 0.0040694136208481941 -0.0016596391222694986 0.0021117843330099137 0.00030248137674974919 -0.00010565153658535629 -0.0011812965276028731 0.00072419698626639579 -0.0011093484378441865 -5.1704270308141211e-05 0.0021021626819790655 -0.0021520913846405959 -0.00076950992911523867 0.00071543435315240536 0.0013038514507888593 -0.00046733648020609407 0.002403995154203799 0.00061495234171899467 0.00014641846582613813 -0.001525876815910075 0.0012768245744341272
leaf_weight=1440 227 97620 142 202 243 392 268 480 2880 480 96 1666 96 4704 1824 768 63 1618 4813 178 664 480 1318 316 68 146 225 686 53 605
leaf_count=1440 227 97620 142 202 243 392 268 480 2880 480 96 1666 96 4704 1824 768 63 1618 4813 178 664 480 1318 316 68 146 225 686 53 605
internal_value=-0.00011426 -4.41278e-05 0.00234375 0.0035266 0.00590909 -0.000378329 -0.000832256 -1.78192e-05 -0.000265509 0.000147653 -0.000690811 -0.00211823 0.00145604 0.000319939 0.000628764 -0.000572918 0.000279355 -0.000374715 0.000278159 8.91593e-05 -0.00118873 -0.000667448 0.000478308 0.00130896 0.00463542 0.000890803 0.00628472 0.00171601 0.00258928 0.00442249
internal_weight=124761 98580 960 733 385 26181 11589 14592 12768 9888 11197 2030 364 9408 7968 2880 2112 9167 5087 4991 4080 3416 1798 5088 384 348 288 1824 1344 658
internal_count=124761 98580 960 733 385 26181 11589 14592 12768 9888 11197 2030 364 9408 7968 2880 2112 9167 5087 4991 4080 3416 1798 5088 384 348 288 1824 1344 658
is_linear=0
shrinkage=0.05


Tree=198
num_leaves=31
num_cat=0
split_feature=11 11 3 3 8 0 1 8 7 7 11 10 6 7 0 8 7 7 1 11 1 0 3 0 4 11 9 7 7 3
split_gain=0.995171 2.017 1.76625 2.51733 2.49615 2.87358 3.76006 2.79168 2.46132 1.88631 1.84889 3.8645 2.65287 2.16965 1.82519 1.71481 1.64155 1.85137 1.99956 1.62335 2.35531 3.63284 4.65157 2.97979 3.05079 1.55801 1.48503 1.47909 2.64012 2.35954
threshold=0.94542443323476821 0.94802720612342306 0.7090011537757156 0.9550229469509578 28.850000000000005 11.500000000000002 1.0000000180025095e-35 28.750000000000004 17.312500000000004 28.037500000000005 0.88327974961520905 1.0000000180025095e-35 1.0000000180025095e-35 31.412500000000005 30.500000000000004 38.150000000000013 25.612500000000004 29.212500000000006 1.5000000000000002 0.7641759112864478 1.0000000180025095e-35 42.500000000000007 -0.52032787705993211 84.500000000000014 -0.95502570686053045 0.9500541783650579 29.661718750000002 28.312500000000004 30.187500000000004 0.16799745313369893
decision_type=2 2 2 2 2 2 2 2 2 2 2 2 2 2 2 2 2 2 2 2 2 2 2 2 2 2 2 2 2 2
left_child=2 16 4 14 5 6 8 9 -1 -7 12 27 19 -13 15 -4 -2 18 -18 -6 21 -21 -23 24 -24 -3 -19 -12 -29 -30
right_child=1 25 3 -5 10 7 -8 -9 -10 -11 11 13 -14 -15 -16 -17 17 26 -20 20 -22 22 23 -25 -26 -27 -28 28 29 -31
leaf_value=0.0016093704100140572 -0.00040453348791450974 -0.00079436437000740426 -0.00087431778581192497 0.00014042932206649559 -0.001613659632208226 -2.4384065865983519e-06 0.000179105428326569 0.0023116741755225085 0.002119619484889557 0.00090419151864072156 0.00034505546481023098 -0.001074445999972227 0.0013251991811876599 0.00045123280444506122 -0.00031869284318458192 0.00042836748793265454 0.0031063444358665798 -0.00071911592051744546 0.00061341208412034375 -0.00040290311898661052 -7.8553862621098336e-05 -0.00016033417408924599 0.00206645394349356 -0.00042139484669348281 0.0041210530890786598 -1.4586558320179877e-05 0.0022837953964936113 -0.0014969683585217585 0.00095933709283438123 -0.0010489122058803917
leaf_weight=50 227 576 1178 1152 384 5382 684 84 58 78 2218 4162 192 432 2600 62 142 202 243 352 4395 159 126 55 84 97044 146 914 870 510
leaf_count=50 227 576 1178 1152 384 5382 684 84 58 78 2218 4162 192 432 2600 62 142 202 243 352 4395 159 126 55 84 97044 146 914 870 510
internal_value=-0.000113859 -4.10846e-05 -0.000387878 -0.00123398 -0.000188542 0.00064236 0.00345959 0.000239898 0.0121296 0.000100731 -0.000542989 -0.000986164 0.000159212 -0.00200697 -0.00184896 -0.00342742 0.00223958 0.00339018 0.00577922 -4.05052e-05 0.000192418 0.00273196 0.00584906 0.00990566 0.012619 -6.35128e-05 0.000747125 5.31903e-05 -0.000836967 0.000543477
internal_weight=124761 98580 26181 4992 21189 6336 792 5544 108 5460 14853 9106 5747 4594 3840 1240 960 733 385 5555 5171 776 424 265 210 97620 348 4512 2294 1380
internal_count=124761 98580 26181 4992 21189 6336 792 5544 108 5460 14853 9106 5747 4594 3840 1240 960 733 385 5555 5171 776 424 265 210 97620 348 4512 2294 1380
is_linear=0
shrinkage=0.05


Tree=199
num_leaves=31
num_cat=0
split_feature=11 3 3 8 0 1 7 7 0 11 10 6 7 8 8 8 10 7 11 11 1 0 3 0 7 11 8 7 7 3
split_gain=1.02242 1.58023 2.4199 2.40656 2.4405 3.57974 2.79724 2.53435 1.75973 1.7211 3.4249 2.44975 1.94297 1.69286 1.68086 1.55239 5.23636 1.48501 1.69292 1.4647 1.75415 2.92325 3.72893 2.36416 1.82392 1.45956 1.37683 1.3695 2.31819 2.17341
threshold=0.94542443323476821 0.7090011537757156 0.9550229469509578 28.850000000000005 11.500000000000002 1.0000000180025095e-35 17.312500000000004 27.987500000000004 30.500000000000004 0.88327974961520905 1.0000000180025095e-35 1.0000000180025095e-35 31.412500000000005 28.750000000000004 38.150000000000013 20.200000000000006 1.0000000180025095e-35 15.412500000000003 0.91084542559196946 0.7641759112864478 1.0000000180025095e-35 42.500000000000007 -0.52032787705993211 84.500000000000014 33.01250000000001 0.94717356021396715 29.450000000000003 28.312500000000004 30.187500000000004 0.16799745313369893
decision_type=2 2 2 2 2 2 2 2 2 2 2 2 2 2 2 2 2 2 2 2 2 2 2 2 2 2 2 2 2 2
left_child=1 3 8 4 5 6 -1 13 14 11 27 19 26 -6 -3 16 -7 -17 -19 -5 21 -21 -23 24 -24 -2 -12 -11 -29 -30
right_child=25 2 -4 9 7 15 -8 -9 -10 10 12 -13 -14 -15 -16 17 -18 18 -20 20 -22 22 23 -25 -26 -27 -28 28 29 -31
leaf_value=0.0015289018895133545 0.00095086513394024839 -0.00083060189652132846 0.00013340785596317151 -0.0015329766505978151 -2.3936580878656924e-06 -0.00061591763664182845 0.0020136385106450795 0.0016800860207365213 -0.00030275820102535259 0.00032780269156971954 -0.0027284177802621161 0.0012589392221282762 0.00042867116422280949 0.0015953775409480485 0.00040694911353602334 -0.00050954205916748372 0.00082156372692106629 -0.00017365219557673693 0.00041465086171180144 -0.00038275796303728019 -7.4626169490042213e-05 -0.00015231746538478462 0.0035246889237852278 -0.00040032510435880999 0.0018994135209409917 -1.6782879805937725e-05 -0.00084332571935893962 -0.0014221199405956707 0.0009113702381926634 -0.00099646659558636982
leaf_weight=50 480 1178 1152 384 5369 60 58 121 2600 2218 480 192 432 54 62 168 72 226 158 352 4395 159 145 55 65 98100 3682 914 870 510
leaf_count=50 480 1178 1152 384 5369 60 58 121 2600 2218 480 192 432 54 62 168 72 226 158 352 4395 159 145 55 65 98100 3682 914 870 510
internal_value=-0.000115863 -0.000393607 -0.00119391 -0.00020506 0.000610794 0.00320707 0.0116667 0.000239898 -0.00179688 -0.000553088 -0.000980673 0.000124412 -0.00194166 8.02127e-05 -0.00334678 0.00187134 0.00674242 0.000706521 0.00242187 -6.75079e-05 0.000153741 0.00234536 0.00514151 0.00877358 0.0111905 -4.2099e-05 -0.00227295 -2.2175e-06 -0.000858763 0.000434781
internal_weight=124761 26181 4992 21189 6336 792 108 5544 3840 14853 9106 5747 4594 5423 1240 684 132 552 384 5555 5171 776 424 265 210 98580 4162 4512 2294 1380
internal_count=124761 26181 4992 21189 6336 792 108 5544 3840 14853 9106 5747 4594 5423 1240 684 132 552 384 5555 5171 776 424 265 210 98580 4162 4512 2294 1380
is_linear=0
shrinkage=0.05


Tree=200
num_leaves=31
num_cat=0
split_feature=1 9 9 11 7 0 11 11 4 0 0 4 0 7 8 4 3 3 8 8 4 0 0 11 7 8 7 0 7 11
split_gain=0.972625 2.56527 3.12508 3.29549 1.68541 1.41631 1.32055 1.66892 3.96661 5.63075 3.25309 4.05134 3.12453 1.47761 1.31869 2.43843 4.85288 5.10469 2.5468 1.96899 3.4381 4.6091 2.12101 2.33699 4.25798 4.22458 3.13954 2.01014 2.33861 2.33956
threshold=1.5000000000000002 11.53671875 11.341666666666669 1.0802921153976739 5.0375000000000005 56.500000000000007 0.78920070979102952 0.88327974961520905 -0.46039597980994923 42.500000000000007 7.5000000000000009 0.27487873330147788 72.500000000000014 33.01250000000001 31.750000000000004 -0.69676771491221523 0.3504237462291826 0.49812943072827093 29.050000000000004 31.850000000000005 -0.32613736746952143 26.500000000000004 54.500000000000007 0.83118285699629402 27.887500000000006 32.150000000000013 26.287500000000005 66.500000000000014 29.912500000000005 1.0764862315683601
decision_type=2 2 2 2 2 2 2 2 2 2 2 2 2 2 2 2 2 2 2 2 2 2 2 2 2 2 2 2 2 2
left_child=1 2 3 -1 -5 -6 -3 8 9 -8 11 -10 13 -11 15 16 18 -18 -2 20 21 -16 23 24 25 -21 -27 28 29 -24
right_child=14 6 -4 4 5 -7 7 -9 10 12 -12 -13 -14 -15 19 -17 17 -19 -20 22 -22 -23 27 -25 -26 26 -28 -29 -30 -31
leaf_value=-0.00016419079828311841 0.0006714231522111857 -0.0014027391668990869 0.002647655434838728 4.1062575628301915e-05 0.0018192734190480789 0.00090723829292504998 -0.0002135585506335643 -0.00013284290189654428 -0.00011819792014587071 0.0046837500083823005 -0.0001455131364235268 0.0021053816654372148 0.0011390294984817177 0.001988788336756077 0.0035627435887797473 -1.9149578812021481e-05 0.003398843868456518 0.00020480292562718405 -0.0011458644028568461 -0.0019704024893894031 0.00018974045772713471 0.00077881312419707423 0.0035292985618633325 -0.00010204617379117482 -0.00099468634693463689 0.0017447838430602999 0.0037602165158860685 6.6462810997575223e-05 0.00049930071551437306 -5.8397464480124301e-05
leaf_weight=768 288 768 96 105 95 88 266 31377 64 127 1320 56 138 53 54 47906 96 384 3648 73 480 138 78 20403 217 95 107 10991 4425 57
leaf_count=768 288 768 96 105 95 88 266 31377 64 127 1320 56 138 53 54 47906 96 384 3648 73 480 138 78 20403 217 95 107 10991 4425 57
internal_value=-0.000110653 -0.000332806 0.00198785 0.00120265 0.00576389 0.0086612 -0.000411046 -0.000363912 0.00102767 0.00450342 -0.000381946 0.0075 0.00899371 0.0133333 -2.29216e-05 -0.000184627 -0.00130888 0.0034375 -0.0018877 0.000205021 0.0028869 0.00854167 0.000155571 -0.000173488 0.00323171 0.00736364 0.0110891 0.00059771 0.00148026 0.00796296
internal_weight=124761 35321 1152 1056 288 183 34169 33401 2024 584 1440 120 318 180 89440 52322 4416 480 3936 37118 672 192 36446 20895 492 275 202 15551 4560 135
internal_count=124761 35321 1152 1056 288 183 34169 33401 2024 584 1440 120 318 180 89440 52322 4416 480 3936 37118 672 192 36446 20895 492 275 202 15551 4560 135
is_linear=0
shrinkage=0.05


Tree=201
num_leaves=31
num_cat=0
split_feature=11 9 7 8 3 8 9 0 7 0 4 11 11 10 3 11 8 8 7 3 3 9 4 3 11 7 0 8 8 11
split_gain=1.03652 1.61793 2.64342 2.58651 2.31797 1.79614 1.73975 1.97722 4.51704 1.72222 2.3623 2.03664 1.57507 1.51818 1.46755 2.22055 1.9571 4.45096 1.55755 1.40871 3.03732 1.35972 3.3221 4.89446 1.86934 2.41468 1.73085 2.68334 1.89109 1.69035
threshold=0.94542443323476821 27.258593750000003 24.212500000000006 30.850000000000005 0.7090011537757156 30.650000000000002 27.869010416666672 20.500000000000004 26.412500000000005 53.500000000000007 -0.8739740505118182 0.88973885209876746 0.92262612894382223 1.0000000180025095e-35 -0.99166060804803513 0.91996099769083439 28.450000000000003 27.450000000000003 28.687500000000004 0.878110924644389 0.83849049182116964 28.863541666666674 -0.91249077947840473 -0.18492532721306487 0.93155087118158786 28.737500000000004 23.500000000000004 38.150000000000013 32.750000000000007 0.80519389663381347
decision_type=2 2 2 2 2 2 2 2 2 2 2 2 2 2 2 2 2 2 2 2 2 2 2 2 2 2 2 2 2 2
left_child=1 3 -3 4 5 14 7 8 12 -9 11 -11 -4 -6 18 -16 17 -17 -1 20 21 29 23 -23 -24 -26 27 28 -25 -8
right_child=-2 2 6 -5 13 -7 19 9 -10 10 -12 -13 -14 -15 15 16 -18 -19 -20 -21 -22 22 24 26 25 -27 -28 -29 -30 -31
leaf_value=-0.0003213740926770058 -1.2241829426290713e-05 -0.0034882720308451591 -0.0025270333194531858 0.0004498306637601764 -5.5175966676509313e-05 -0.0012246258175276368 0.0021087965773702397 -0.0027542517855496181 0.0018596549205367775 0.0012281776167758574 -0.0012498907114348134 -0.0037588193275517046 0.00076423306741369367 -0.00054681996534496188 0.00031671981768374469 -0.00011232975052459741 -0.0010494571877251975 0.00064596061753189444 0.0010690119477464344 -0.002117569613287578 0.0038281697011963742 0.0022599125916748556 -0.0019175653412933297 0.0018666224399174825 -0.0021376363578415676 0.001328270273394062 -0.00065977995210793859 0.0016100954219806685 -9.9754133237710179e-05 1.4126599431719297e-05
leaf_weight=1373 98580 392 200 1824 1248 480 281 723 96 210 653 80 68 1632 5088 1824 768 288 67 223 96 288 2136 72 117 267 1870 72 448 3297
leaf_count=1373 98580 392 200 1824 1248 480 281 723 96 210 653 80 68 1632 5088 1824 768 288 67 223 96 288 2136 72 117 267 1870 72 448 3297
internal_value=-0.000115863 -0.000395517 -0.00083657 -4.52315e-05 -0.000296837 6.67464e-05 -0.000695277 -0.00201971 0.00131868 -0.0027491 -0.00134146 0.00241379 -0.00201493 -0.00154514 0.000218961 0.000484437 -0.000625001 0.000160984 -0.00125 -0.000401987 -0.000304116 -0.000400092 -0.000910817 0.000290908 -0.00222222 0.000989582 -0.000430545 0.00192567 0.000673076 0.000352151
internal_weight=124761 26181 11589 14592 12768 9888 11197 2030 364 1666 943 290 268 2880 9408 7968 2880 2112 1440 9167 8944 8848 5270 2750 2520 384 2462 592 520 3578
internal_count=124761 26181 11589 14592 12768 9888 11197 2030 364 1666 943 290 268 2880 9408 7968 2880 2112 1440 9167 8944 8848 5270 2750 2520 384 2462 592 520 3578
is_linear=0
shrinkage=0.05


Tree=202
num_leaves=31
num_cat=0
split_feature=11 9 7 8 3 9 0 7 11 8 8 3 3 4 8 0 9 0 3 8 11 0 4 11 11 3 3 10 3 8
split_gain=1.13177 1.52134 2.64342 2.26505 2.10079 1.87158 1.87424 4.15245 1.77713 2.3041 4.00083 2.02163 1.76815 1.89283 2.87535 2.89027 2.68099 2.26102 1.98413 1.88021 1.67411 1.66638 2.21448 1.9345 1.57507 1.41655 2.68296 1.4001 1.38817 1.37812
threshold=0.94542443323476821 27.258593750000003 24.212500000000006 30.850000000000005 0.7090011537757156 27.869010416666672 20.500000000000004 26.412500000000005 0.91996099769083439 28.450000000000003 27.450000000000003 -0.9954993026558282 -0.98370366633421236 0.38043945030393422 29.150000000000002 11.500000000000002 14.97265625 39.500000000000007 -0.94705910369513524 25.550000000000004 0.90891411467879568 53.500000000000007 -0.8739740505118182 0.88973885209876746 0.92262612894382223 0.878110924644389 0.83849049182116964 1.0000000180025095e-35 -0.9442364261229238 34.95000000000001
decision_type=2 2 2 2 2 2 2 2 2 2 2 2 2 2 2 2 2 2 2 2 2 2 2 2 2 2 2 2 2 2
left_child=1 3 -3 4 8 6 7 24 12 10 -10 -11 -1 17 15 16 -15 -14 -19 -18 -20 -8 23 -23 -4 26 -7 -6 29 -5
right_child=-2 2 5 28 27 25 21 -9 9 11 -12 -13 13 14 -16 -17 19 18 20 -21 -22 22 -24 -25 -26 -27 -28 -29 -30 -31
leaf_value=-0.00017331282819152015 -1.1629737954975634e-05 -0.0033138584293029025 -0.0024006816534805262 -0.0010377740499365531 -5.2417168342683946e-05 -0.00014365798622928687 -0.0026165391962721376 0.0017666721745099403 -0.00010671326299836696 0.0015821637190105453 0.00061366258665529862 -0.0012283897906495427 3.1028292673852101e-05 -5.6189946952271873e-05 -0.0019801733089992984 -2.2370585065446652e-06 0.0014842512530304612 0.00025567832123575692 0.0011033887175715647 0.00021090983222399364 0.0024304185149458491 0.0011667687359370649 -0.001187396175863074 -0.0035708783611741179 0.00072602141404300928 -0.0020116911326231997 0.0036367612161365553 -0.00051947896707771454 0.00061164800352627943 0.00064615240086985911
leaf_weight=1344 98580 392 200 288 1248 8848 723 96 1824 96 288 1152 960 132 288 2268 96 504 672 96 168 210 653 80 68 223 96 1632 1344 192
leaf_count=1344 98580 392 200 288 1248 8848 723 96 1824 96 288 1152 960 132 288 2268 96 504 672 96 168 210 653 80 68 223 96 1632 1344 192
internal_value=-0.000116664 -0.000408885 -0.00083657 -6.92172e-05 -0.000304669 -0.000695277 -0.00206897 0.00118132 4.14632e-05 -0.000892858 0.000113635 -0.00259616 0.000522364 0.000941357 8.68044e-05 0.000613425 0.00503086 0.00200955 0.00333333 0.00880208 0.00482143 -0.00277911 -0.00139449 0.00224138 -0.00201493 -0.000391078 -0.000292935 -0.00149306 0.00157895 -0.000729168
internal_weight=124761 26181 11589 14592 12768 11197 2030 364 9888 3360 2112 1248 6528 5184 2880 2592 324 2304 1344 192 840 1666 943 290 268 9167 8944 2880 1824 480
internal_count=124761 26181 11589 14592 12768 11197 2030 364 9888 3360 2112 1248 6528 5184 2880 2592 324 2304 1344 192 840 1666 943 290 268 9167 8944 2880 1824 480
is_linear=0
shrinkage=0.05


Tree=203
num_leaves=31
num_cat=0
split_feature=11 3 3 0 8 7 0 1 8 0 10 0 4 0 3 3 7 7 11 0 8 11 0 7 7 7 8 3 3 7
split_gain=1.2062 1.47641 2.0199 1.97582 1.80643 1.99124 1.59503 2.07416 1.57616 1.39716 4.58326 2.94245 1.51063 1.94269 1.37879 1.3018 2.93458 1.29149 1.26952 1.4656 2.89 1.26852 1.2455 1.21821 2.2843 1.21258 1.52165 1.57713 3.99053 2.19126
threshold=0.94542443323476821 0.7090011537757156 0.9550229469509578 30.500000000000004 28.850000000000005 28.037500000000005 11.500000000000002 1.0000000180025095e-35 28.750000000000004 41.500000000000007 1.0000000180025095e-35 30.500000000000004 -0.98521978256641018 26.500000000000004 0.78857998149907527 0.51297097409535064 26.337500000000006 17.312500000000004 0.94802720612342306 9.5000000000000018 33.650000000000013 0.9500541783650579 54.500000000000007 25.612500000000004 27.612500000000004 39.01250000000001 34.750000000000007 -0.52032787705993211 -0.50556189049999822 32.01250000000001
decision_type=2 2 2 2 2 2 2 2 2 2 2 2 2 2 2 2 2 2 2 2 2 2 2 2 2 2 2 2 2 2
left_child=1 4 3 -3 5 6 7 17 -8 10 11 -6 13 -12 -5 -14 -17 -1 19 20 -2 -20 -7 -21 -25 26 27 -11 -29 -30
right_child=18 2 -4 14 9 22 8 -9 -10 25 12 -13 15 -15 -16 16 -18 -19 21 23 -22 -23 -24 24 -26 -27 -28 28 29 -31
leaf_value=0.0012571391582301159 -0.00091615464884793336 -0.00072617710092575511 0.0001356424666626035 -0.0013113667117860221 0.00043819985582593812 0.0020972332884284391 -3.2277683594664474e-06 0.00013703208565911707 0.0014795937253152926 -0.00018698029412563192 0.0012994651338883365 -0.00093344730298917434 -0.0014009211278661537 -0.002782809356484089 -0.00011033555472775981 -0.0017058825188389225 0.0018227913272888749 0.0017840042302160063 -0.00074597128405284885 -0.00084818106077444834 0.006198330885243704 -1.2140558082246014e-05 6.4974079590953109e-05 0.0021068029141317435 0.00014422472999013912 0.0016090719228849769 -0.00067193348501232326 0.0059031513508781691 9.5761522994002364e-06 0.0013498925741618646
leaf_weight=50 50 1240 1152 455 2236 50 5382 684 56 4050 159 792 3020 90 2145 123 87 58 576 182 50 97044 56 175 503 52 1180 54 2419 591
leaf_count=50 50 1240 1152 455 2236 50 5382 684 56 4050 159 792 3020 90 2145 123 87 58 576 182 50 97044 56 175 503 52 1180 54 2419 591
internal_value=-0.000118668 -0.000420344 -0.00119391 -0.00174479 -0.000238096 0.000468749 0.000353129 0.00244949 4.78105e-05 -0.000539623 -0.00108883 0.000333552 -0.00232682 0.0014257 -0.00096154 -0.0026161 0.00119047 0.00888889 -3.85486e-05 0.00177083 0.0075 -5.63421e-05 0.00726415 0.00110465 0.00207964 -0.000111432 -0.000159152 0.00011667 0.000972584 0.000730896
internal_weight=124761 26181 4992 3840 21189 6336 6230 792 5438 14853 6507 3028 3479 249 2600 3230 210 108 98580 960 100 97620 106 860 678 8346 8294 7114 3064 3010
internal_count=124761 26181 4992 3840 21189 6336 6230 792 5438 14853 6507 3028 3479 249 2600 3230 210 108 98580 960 100 97620 106 860 678 8346 8294 7114 3064 3010
is_linear=0
shrinkage=0.05


Tree=204
num_leaves=31
num_cat=0
split_feature=11 9 7 8 9 3 0 7 8 0 4 11 11 4 0 8 3 11 9 7 3 0 0 0 0 7 9 7 10 11
split_gain=1.07177 1.45024 2.50642 2.10777 1.92057 1.78675 1.71917 3.27388 1.62622 1.60365 1.53793 1.60726 1.3786 2.33064 3.96446 2.25273 1.88873 1.61127 1.96953 1.47344 2.15079 4.1971 3.14496 3.27758 2.36551 1.74003 1.42127 1.4712 1.34722 1.24235
threshold=0.94542443323476821 27.258593750000003 24.212500000000006 30.850000000000005 27.869010416666672 0.7090011537757156 20.500000000000004 26.012500000000006 30.650000000000002 52.500000000000007 -0.8739740505118182 0.88973885209876746 0.90553792969966496 -0.54219087765047058 20.500000000000004 30.850000000000005 0.46800856592688472 0.9247659649312403 28.733593750000001 26.887500000000006 0.1169228398841501 49.500000000000007 71.500000000000014 59.500000000000007 15.500000000000002 29.112500000000004 33.187239583333344 34.01250000000001 1.0000000180025095e-35 0.94717356021396715
decision_type=2 2 2 2 2 2 2 2 2 2 2 2 2 2 2 2 2 2 2 2 2 2 2 2 2 2 2 2 2 2
left_child=1 3 -3 5 6 8 7 -4 -1 -8 11 -11 13 15 -15 -6 17 -14 -19 -20 21 -21 23 -23 25 -22 -26 -28 -7 -2
right_child=29 2 4 -5 12 28 9 -9 -10 10 -12 -13 16 14 -16 -17 -18 18 19 20 24 22 -24 -25 26 -27 27 -29 -30 -31
leaf_value=3.6319782846654766e-05 0.00090294994944920188 -0.0030852081787012433 -0.0019252337440926902 0.00040227350813224275 0.0030332898671375443 -4.9382041416896547e-05 -0.0024793050567768447 0.001442335253470602 -0.0011255740093485027 0.0010502196195530543 -0.0010887421159274855 -0.0034378273934027761 -0.0010225962323322398 0.0037666680908972124 0.001189366955783954 -8.5286308750948293e-05 -0.0018956363652818211 -0.00073119081436153377 -0.00057522333601237518 -0.00044253722517336933 0.0019271054456886417 0.0020785162059771328 0.00053537754379250025 0.0048331355692463624 -0.00094222582728580918 0.00069381961993119105 -0.00027530628398611773 0.0036556803809208917 -0.00048085071597466769 -1.5419662476697478e-05
leaf_weight=9408 480 392 200 1824 96 1248 700 164 480 215 669 82 1618 63 225 4703 664 480 110 166 50 50 120 60 524 78 75 85 1632 98100
leaf_count=9408 480 392 200 1824 96 1248 700 164 480 215 669 82 1618 63 225 4703 664 480 110 166 50 50 120 60 524 78 75 85 1632 98100
internal_value=-0.000113057 -0.000397427 -0.000814998 -6.57907e-05 -0.000677415 -0.000292921 -0.00206897 0.00104395 2.62933e-05 -0.0027491 -0.00142857 0.00156566 -0.00036926 0.000179869 0.00454861 -8.231e-05 -0.00105392 -0.000579626 0.000450499 0.00144916 0.00195364 0.00497475 0.00934782 0.0154545 0.000480294 0.00671875 -0.000687136 0.0034375 -0.00138889 -3.75342e-05
internal_weight=124761 26181 11589 14592 11197 12768 2030 364 9888 1666 966 297 9167 5087 288 4799 4080 3416 1798 1318 1208 396 230 110 812 128 684 160 2880 98580
internal_count=124761 26181 11589 14592 11197 12768 2030 364 9888 1666 966 297 9167 5087 288 4799 4080 3416 1798 1318 1208 396 230 110 812 128 684 160 2880 98580
is_linear=0
shrinkage=0.05


Tree=205
num_leaves=31
num_cat=0
split_feature=11 11 7 4 4 0 1 0 8 1 7 11 9 11 0 7 9 8 4 0 8 9 8 1 4 11 0 7 9 3
split_gain=1.09463 2.31955 5.3298 2.8694 5.17891 3.39207 4.7451 3.70376 2.64062 2.12674 2.21585 1.82557 3.28056 2.60599 2.53001 2.74642 1.86491 5.64962 5.55556 1.96015 1.85435 2.89012 1.92922 2.53125 1.91361 2.22937 4.0786 1.72507 1.92327 1.72414
threshold=0.965987090558455 0.98706785893326654 39.01250000000001 -0.97315270831292444 -0.99052477729077237 16.500000000000004 2.5000000000000004 79.500000000000014 36.850000000000001 2.5000000000000004 34.51250000000001 0.9984557137694885 31.483072916666668 0.99895143829215638 83.500000000000014 27.312500000000004 26.651562500000001 30.150000000000002 0.29958852271690523 37.500000000000007 26.050000000000004 19.681770833333339 18.050000000000004 1.5000000000000002 0.5403928698825039 0.99167509322876013 16.500000000000004 29.012500000000006 30.591927083333339 0.9916835347852474
decision_type=2 2 2 2 2 2 2 2 2 2 2 2 2 2 2 2 2 2 2 2 2 2 2 2 2 2 2 2 2 2
left_child=-1 2 3 4 8 6 -6 27 -2 -10 -11 12 16 -13 15 -14 17 20 19 -19 22 -22 23 -3 25 26 -23 -7 -29 -21
right_child=1 11 -4 -5 5 7 -8 -9 9 10 -12 13 14 -15 -16 -17 -18 18 -20 29 21 24 -24 -25 -26 -27 -28 28 -30 -31
leaf_value=-8.8525452587960433e-05 -0.0021510354504005549 0.0025178442524938036 0.003432308787713099 7.7608311203867112e-05 0.0015561115758425444 -0.0012802392973148859 0.0033021252218686107 0.0030459015956904355 0.0035796733328441808 -0.0024271660956054746 0.0030470302124141779 0.00072107997415776868 0.0025320525666340521 -2.4953392310227561e-05 0.0053491127011341989 0.00054213050344685987 -0.00092827315202609936 -0.0012659324699200332 0.0030499575403524562 -0.00032792327109065886 0.00045854842955126264 0.00058869584742239547 -0.00072099338484126971 -0.0006341069086317928 -0.00033095004548233436 -0.00013963920979614516 0.000386607517769204 0.0038498220550082247 0.00033033221778879342 0.0016321142089186008
leaf_weight=34618 288 96 58 13210 51 68 51 96 96 142 50 960 51 64897 72 453 2784 152 192 116 384 51 2784 288 1440 672 237 86 202 116
leaf_count=34618 288 96 58 13210 51 68 51 96 96 142 50 960 51 64897 72 453 2784 152 192 116 384 51 2784 288 1440 672 237 86 202 116
internal_value=-0.000110252 -1.84718e-05 0.000563271 0.000502091 0.00292035 0.00637184 0.0146078 0.00451327 -0.000399307 0.00298611 -5.20845e-05 -0.000129053 -0.000762542 -3.39384e-05 0.0028993 0.00164682 -0.000989048 -0.000526962 0.00420139 0.000729165 -0.000984544 -4.31046e-05 -0.00181187 0.00151042 -0.000687501 0.00104167 0.00472222 0.00216292 0.00385417 0.00362069
internal_weight=124761 90143 14398 14340 1130 554 102 452 576 288 192 75745 9888 65857 576 504 9312 6528 576 384 5952 2784 3168 384 2400 960 288 356 288 232
internal_count=124761 90143 14398 14340 1130 554 102 452 576 288 192 75745 9888 65857 576 504 9312 6528 576 384 5952 2784 3168 384 2400 960 288 356 288 232
is_linear=0
shrinkage=0.05


Tree=206
num_leaves=31
num_cat=0
split_feature=0 7 0 11 10 9 0 0 9 0 0 4 4 11 4 11 4 0 0 0 1 8 10 3 8 4 0 0 3 4
split_gain=0.97392 2.58334 2.49412 2.51595 1.94035 2.71463 6.45611 3.61099 3.42751 3.36995 3.06627 3.277 2.86791 2.4149 2.11311 1.98015 2.04985 1.96065 5.04921 2.92989 2.20318 1.96619 1.91144 3.8766 3.01284 4.83587 2.29144 4.02462 2.01129 8.3454
threshold=31.500000000000004 26.987500000000004 8.5000000000000018 1.2217849585321277 1.0000000180025095e-35 25.771875000000005 81.500000000000014 45.500000000000007 24.258333333333336 39.500000000000007 67.500000000000014 -0.85674049181790024 0.58307701883076835 0.98346829928426593 -0.98212955754013376 1.145836891908117 0.14037931941357643 82.500000000000014 69.500000000000014 56.500000000000007 5.5000000000000009 20.550000000000004 1.0000000180025095e-35 -0.53493989022977317 31.850000000000005 -0.61236746317008228 14.500000000000002 22.500000000000004 0.16799745313369893 0.029024409397335523
decision_type=2 2 2 2 2 2 2 2 2 2 2 2 2 2 2 2 2 2 2 2 2 2 2 2 2 2 2 2 2 2
left_child=1 2 -1 22 5 8 7 -7 9 12 11 -9 -2 -10 -8 16 -16 18 19 20 -11 -19 23 24 25 26 -4 -28 -24 -30
right_child=4 -3 3 -5 -6 6 14 10 13 17 -12 -13 -14 -15 15 -17 -18 21 -20 -21 -22 -23 28 -25 -26 -27 27 -29 29 -31
leaf_value=3.218343058891475e-05 -0.0010292124091367677 0.00017856219813554763 0.00032607172026342116 0.00086432223827594351 5.846057653134011e-05 -0.0013674008848451775 -0.00071280894640482397 0.00065597431458876024 8.9736522406571543e-05 -0.00013902838232369202 -0.00093107044180829957 -0.00040646567486240631 0.0011253564801119692 0.0013721585854005645 0.00082957451357161993 -0.0017681778320520732 -0.0019870514099550791 3.2354601867392515e-05 0.0004185769782874423 -0.00064190930055087365 0.0009247485315351955 -0.00046246451559888888 -0.00054041317165411595 -0.00027371942751211833 -0.00049011353040388718 0.00037812534350517785 0.004155005177601848 0.00091582818264357511 -0.00081852994563153816 0.00013538130571468538
leaf_weight=9038 336 8930 54 53 46879 4172 574 2684 768 3570 4169 3872 1632 704 3226 168 196 1118 3198 3198 612 2074 7734 6406 712 2137 69 53 2791 3634
leaf_count=9038 336 8930 54 53 46879 4172 574 2684 768 3570 4169 3872 1632 704 3226 168 196 1118 3198 3198 612 2074 7734 6406 712 2137 69 53 2791 3634
internal_value=-0.000113859 -0.000311337 -0.000517274 -0.000787338 -1.50343e-05 -0.000289627 -0.000700646 -0.00118715 0.0001656 -5.01982e-05 -0.000701633 -2.7457e-05 0.00188516 0.00247282 0.00103986 0.00149025 0.00175044 -0.000326799 9.44166e-07 -0.000718158 0.000153036 -0.00141291 -0.000811786 -0.000260313 0.00121487 0.00209036 0.0100568 0.0138525 -0.00117911 -0.000525293
internal_weight=124761 41611 32681 23643 83150 36271 19061 14897 17210 15738 10725 6556 1968 1472 4164 3590 3422 13770 10578 7380 4182 3192 23590 9431 3025 2313 176 122 14159 6425
internal_count=124761 41611 32681 23643 83150 36271 19061 14897 17210 15738 10725 6556 1968 1472 4164 3590 3422 13770 10578 7380 4182 3192 23590 9431 3025 2313 176 122 14159 6425
is_linear=0
shrinkage=0.05


Tree=207
num_leaves=31
num_cat=0
split_feature=1 8 8 9 8 9 9 11 7 4 8 9 0 9 7 9 7 9 0 1 9 0 8 4 3 8 6 0 8 9
split_gain=0.985743 1.91364 1.34992 1.36515 1.24324 2.1996 4.75008 4.58413 2.74222 2.53473 3.29477 2.86622 2.14733 1.85432 3.93408 2.52818 1.73852 1.66917 2.08696 1.60256 1.46351 2.51325 3.35172 1.2768 1.59692 2.44963 1.92824 1.80108 1.52683 1.48276
threshold=1.5000000000000002 12.650000000000002 12.650000000000002 7.2007812500000012 32.750000000000007 30.990625000000001 31.670833333333338 0.99142420047150093 26.012500000000006 -0.99465740988130902 38.350000000000001 34.42239583333334 18.500000000000004 29.557031250000005 31.112500000000004 29.150520833333335 28.687500000000004 26.834375000000005 68.500000000000014 1.0000000180025095e-35 28.863541666666674 66.500000000000014 32.550000000000004 0.21652257995689161 -0.24372957273992746 33.750000000000007 1.0000000180025095e-35 62.500000000000007 33.850000000000001 30.392187500000002
decision_type=2 2 2 2 2 2 2 2 2 2 2 2 2 2 2 2 2 2 2 2 2 2 2 2 2 2 2 2 2 2
left_child=1 -1 -2 -4 13 17 7 -7 -9 10 -8 -11 -10 15 19 20 -14 18 -6 -15 -3 -22 -23 24 25 26 -19 29 -29 -27
right_child=2 4 3 -5 5 6 9 8 12 11 -12 -13 16 14 -16 -17 -18 23 -20 -21 21 22 -24 -25 -26 27 -28 28 -30 -31
leaf_value=0.0010980266409956402 -0.001308800206031642 -4.1218686896432926e-05 0.00071602300887853916 -6.163732272433864e-06 -3.7368016249467943e-05 -0.0014101526840373082 0.0029127756092672658 0.0043808388665199632 -0.0005020079707473362 -0.00098107726260906569 -0.00051020344463648983 0.00092993532225183167 0.0051071515796765297 -0.0014532969706207263 0.0035822343019242774 -0.0027813497504953605 0.0014705409540283845 -0.00096203480949536902 0.0034293634826766876 0.0028845292994081951 0.00018579771674522561 0.0052252699475828328 0.00050150598472606053 -0.0027881700139531763 -0.00081232707968911582 0.0015313430442827503 0.00090658472290474691 0.0006143957112690712 -0.0015254013408848256 -0.002058120779331618
leaf_weight=192 192 21320 96 89152 138 288 288 54 95 2496 384 576 58 130 79 384 465 1632 54 65 335 58 87 288 4704 567 96 66 296 126
leaf_count=192 192 21320 96 89152 138 288 288 54 95 2496 384 576 58 130 79 384 465 1632 54 65 335 58 87 288 4704 567 96 66 296 126
internal_value=-0.000119069 -0.000342715 -3.07481e-05 -2.17384e-05 -0.000369923 -0.000765923 9.14104e-05 0.00322917 0.00549107 -0.000713142 0.00206845 -0.00132162 0.00454692 -0.000146497 0.0039416 -0.00019699 0.00580306 -0.00127212 0.00333333 0.000128204 -0.000126148 0.00260417 0.00810345 -0.00138585 -0.00126019 -0.000310817 -0.00146991 0.00158768 -0.00127072 0.00308081
internal_weight=124761 35321 89440 89248 35129 12671 4704 960 672 3744 672 3072 618 22458 274 22184 523 7967 192 195 21800 480 145 7775 7487 2783 1728 1055 362 693
internal_count=124761 35321 89440 89248 35129 12671 4704 960 672 3744 672 3072 618 22458 274 22184 523 7967 192 195 21800 480 145 7775 7487 2783 1728 1055 362 693
is_linear=0
shrinkage=0.05


Tree=208
num_leaves=31
num_cat=0
split_feature=0 7 0 10 7 0 0 3 9 3 0 11 3 4 11 11 8 0 0 7 3 0 7 4 0 11 1 9 0 11
split_gain=0.981835 2.44008 2.30904 1.76897 2.30545 5.3464 2.95784 2.86275 2.79506 2.60119 2.68852 2.58194 2.38975 2.10538 3.51595 3.60265 2.63703 2.10431 4.15588 2.09592 3.06978 1.85104 2.78045 2.72004 3.56619 2.44972 3.01192 6.73041 2.33455 2.23313
threshold=31.500000000000004 26.987500000000004 8.5000000000000018 1.0000000180025095e-35 24.537500000000005 80.500000000000014 82.500000000000014 -0.94705910369513524 25.809114583333336 0.98802474685579866 45.500000000000007 1.1538549292311382 0.46800856592688472 -0.75013812021657655 0.91084542559196946 0.9040579196039068 40.70000000000001 69.500000000000014 51.500000000000007 41.462500000000013 0.58481550752069722 63.500000000000007 32.01250000000001 -0.82899557272681157 59.500000000000007 1.1178088744719634 1.5000000000000002 31.670833333333338 73.500000000000014 1.0743282406005716
decision_type=2 2 2 2 2 2 2 2 2 2 2 2 2 2 2 2 2 2 2 2 2 2 2 2 2 2 2 2 2 2
left_child=1 2 -1 4 6 9 17 8 -8 10 -6 12 -12 -7 15 -15 -16 18 -2 -14 -21 23 -23 24 -5 26 -24 29 -29 -28
right_child=3 -3 -4 21 5 13 7 -9 -10 -11 11 -13 19 14 16 -17 -18 -19 -20 20 -22 22 25 -25 -26 -27 27 28 -30 -31
leaf_value=3.0549547953935957e-05 0.00043131219660349959 0.00015340951071351122 -0.00015465639364727665 -0.0004619519586402394 -0.0010796149906496721 -9.6615256712895864e-06 0.0054578046436224862 -0.00028254642263091405 0.00036862825009029816 0.00034724811639295932 -0.00015731006218274094 0.0010540617511500372 -0.0010464515143108718 0.0020272719070401745 0.00033553880263849909 0.0048779425663100845 0.0056990945620047535 0.00041409371150979149 -0.00041550763062437549 -0.0020019078195566147 0.0014441706505732945 -9.3608423999593521e-05 -5.9972551205270298e-05 0.00029724228231542237 0.0012397650371188274 -0.00099997147812412113 0.00039957640214002756 0.0075095397130699407 0.0026544159951416004 0.0018514503200734783
leaf_weight=9038 4103 8930 23643 4172 4632 2311 71 3457 172 790 8688 385 3283 199 1635 63 60 3196 2989 128 109 21886 481 18688 596 250 536 79 61 130
leaf_count=9038 4103 8930 23643 4172 4632 2311 71 3457 172 790 8688 385 3283 199 1635 63 60 3196 2989 128 109 21886 481 18688 596 250 536 79 61 130
internal_value=-0.00011426 -0.000312539 -0.000512684 -1.50343e-05 -0.00027722 -0.000593054 0.000225907 -0.000986488 0.00425926 -0.000970026 -0.00109869 -0.000719846 -0.000846987 0.000998124 0.0022049 0.00759542 0.00137168 0.000661935 0.000181894 -0.00194602 0.00259494 0.000187823 -0.000126586 0.000501789 -0.000564179 0.00192908 0.00280886 0.00467742 0.0146429 0.00258258
internal_weight=124761 41611 32681 83150 36271 22283 13988 3700 243 18015 17225 12593 12208 4268 1957 262 1695 10288 7092 3520 237 46879 23423 23456 4768 1537 1287 806 140 666
internal_count=124761 41611 32681 83150 36271 22283 13988 3700 243 18015 17225 12593 12208 4268 1957 262 1695 10288 7092 3520 237 46879 23423 23456 4768 1537 1287 806 140 666
is_linear=0
shrinkage=0.05


Tree=209
num_leaves=31
num_cat=0
split_feature=1 7 11 9 9 8 0 6 3 3 8 8 3 0 7 0 9 8 11 9 3 9 3 11 3 8 7 4 4 9
split_gain=1.06304 1.80995 1.35462 1.21788 1.6315 2.67688 1.69029 2.34752 2.24009 2.14633 1.49786 6.31311 2.82031 2.31294 2.07747 2.61112 2.06822 2.01488 2.3101 1.92705 2.63411 3.51215 3.97535 4.75347 3.24386 1.87091 1.84615 1.61817 4.79123 6.02679
threshold=1.5000000000000002 8.4625000000000039 1.082263012080001 35.949479166666677 32.957552083333347 39.350000000000001 82.500000000000014 1.0000000180025095e-35 0.77788564761185042 0.25206111083856975 38.350000000000001 38.850000000000001 0.82899317702918729 51.500000000000007 35.51250000000001 57.500000000000007 32.692447916666673 37.350000000000001 0.95301643267371083 30.738020833333337 -0.32614396506100213 31.073958333333334 -0.27694604220087021 1.1338093104982068 0.84773968378660736 36.150000000000013 28.687500000000004 -0.93845867424155849 -0.91939278948206182 28.521875000000005
decision_type=2 2 2 2 2 2 2 2 2 2 2 2 2 2 2 2 2 2 2 2 2 2 2 2 2 2 2 2 2 2
left_child=1 2 -1 4 5 10 7 -6 9 -8 16 12 14 -14 -12 -16 17 19 -19 27 -21 -22 23 26 25 -24 -23 -2 29 -29
right_child=3 -3 -4 -5 6 -7 8 -9 -10 -11 11 -13 13 -15 15 -17 -18 18 -20 20 21 22 24 -25 -26 -27 -28 28 -30 -31
leaf_value=0.00017624869155665788 -0.00040150645470166834 -0.00010931861174411854 0.0010138782925205668 -0.0010273691119779133 0.00021471566664832864 -0.0015538305164267013 0.0014327123591091383 0.0025357949918203113 0.0053681219017847172 -0.00010220491415755511 0.00016886782634791691 -0.00049541044018611266 0.0030535111753420036 0.0021255482739443708 0.0027810652359412866 0.0056788556808802741 -0.0015369012090494872 0.0032628637234893483 -0.0018616383053586859 -0.0018145645814531923 0.0027357317231133274 6.4763167825885841e-05 0.00054312006198854734 -0.0016017910197050852 0.004622318950943372 -0.0009167068010809417 0.0047748453519258667 -0.00029965755263311114 -1.500826467687242e-05 0.0025166576669593036
leaf_weight=986 5538 34269 66 576 3901 484 234 83 52 338 268 1046 104 88 64 52 480 96 1152 384 384 54 768 96 96 1056 234 672 70468 672
leaf_count=986 5538 34269 66 576 3901 484 234 83 52 338 268 1046 104 88 64 52 480 96 1152 384 384 54 768 96 96 1056 234 672 70468 672
internal_value=-0.00010905 -0.0003413 0.00170152 -1.73312e-05 -2.47689e-06 -5.25791e-05 0.000913627 0.000534637 0.00333333 0.00243007 -3.11572e-05 0.00147349 0.00567708 0.010625 0.00320312 0.0087931 -6.08655e-05 -4.16321e-05 -0.00203526 -1.06948e-05 0.00121745 0.00177083 0.00103298 0.00567708 0.000104165 -0.000367326 0.00888889 -5.94711e-05 4.03713e-06 0.00296131
internal_weight=124761 35321 1052 89440 88864 84256 4608 3984 624 572 83772 1622 576 192 384 116 82150 81670 1248 80422 3072 2688 2304 384 1920 1824 288 77350 71812 1344
internal_count=124761 35321 1052 89440 88864 84256 4608 3984 624 572 83772 1622 576 192 384 116 82150 81670 1248 80422 3072 2688 2304 384 1920 1824 288 77350 71812 1344
is_linear=0
shrinkage=0.05


Tree=210
num_leaves=31
num_cat=0
split_feature=11 9 7 8 0 3 9 0 3 8 3 7 11 1 0 9 11 7 1 11 1 3 11 8 8 4 8 1 1 9
split_gain=0.924041 1.61017 2.63592 2.06259 1.82546 4.78103 3.01375 2.9893 2.68273 2.57593 1.92388 2.57838 2.36526 2.21052 3.77689 2.20319 2.08804 2.09059 2.0119 1.63595 2.74089 1.60519 1.72206 2.27631 3.24482 1.73303 1.81362 2.26852 1.45003 1.42463
threshold=0.94542443323476821 27.258593750000003 25.612500000000004 30.850000000000005 23.500000000000004 -0.38242426011641079 30.319531250000001 39.500000000000007 -0.95995996396290595 38.150000000000013 0.16799745313369893 37.712500000000013 0.80519389663381347 2.5000000000000004 89.500000000000014 28.153645833333339 0.84498567688228199 31.312500000000007 4.5000000000000009 0.87438713147174518 2.5000000000000004 0.7090011537757156 0.91996099769083439 28.450000000000003 27.450000000000003 -0.19337245081799007 29.150000000000002 4.5000000000000009 4.5000000000000009 29.382031250000001
decision_type=2 2 2 2 2 2 2 2 2 2 2 2 2 2 2 2 2 2 2 2 2 2 2 2 2 2 2 2 2 2
left_child=1 3 -3 21 5 8 -7 -6 -4 -8 12 13 18 -12 29 -14 -17 19 -9 20 -18 22 25 24 -24 -1 -27 -28 -25 -15
right_child=-2 2 4 -5 7 6 9 10 -10 -11 11 -13 15 14 -16 16 17 -19 -20 -21 -22 -23 23 28 -26 26 27 -29 -30 -31
leaf_value=0.0005957707436261829 -1.096997116943841e-05 -0.0015001639075504804 0.0026894917075880528 0.0004033504846543141 -0.0013604850892612835 0.00159899522909632 -0.0010577537978302613 0.0054134313166168653 -0.00095130236177600077 0.00099772160772216407 -0.0018962092640009095 0.0013792478615806587 -0.00070297486083569318 0.00024933262626554024 0.0026698533831089953 -0.0017511165595619266 -0.00010053292624836854 0.0013930176941612388 0.0010888099750933614 -0.00010634626970613133 0.0020722893187194512 -0.00024916705478739631 -0.00010711808868210424 -0.0013110258747553909 0.00057843750948615889 0.00010916454619170414 -0.0010703143675170458 0.0015419220499854561 0.00023505354973752367 -0.0025138627681125384
leaf_weight=1536 98580 1101 69 1824 1815 503 295 56 1000 136 1044 126 1330 443 96 504 105 891 112 1442 68 2880 1824 960 288 4032 864 96 288 453
leaf_count=1536 98580 1101 69 1824 1815 503 295 56 1000 136 1044 126 1330 443 96 504 105 891 112 1442 68 2880 1824 960 288 4032 864 96 288 453
internal_value=-0.000106645 -0.00037069 -0.000810684 -2.12457e-05 -0.000566363 0.000791312 0.00340471 -0.00088686 -0.00149205 0.000336426 -0.000397303 -0.0016235 0.000190771 -0.00205305 -0.000362904 -3.45634e-05 0.000714285 0.00130487 0.0060119 0.000232197 0.00482659 -0.000245929 5.66331e-05 -0.000863096 0.000137309 0.000530023 7.81238e-05 -0.001875 -0.00255609 -0.00137277
internal_weight=124761 26181 11589 14592 10488 2003 934 8485 1069 431 6670 2162 4508 2036 992 4340 3010 2506 168 1615 173 12768 9888 3360 2112 6528 4992 960 1248 896
internal_count=124761 26181 11589 14592 10488 2003 934 8485 1069 431 6670 2162 4508 2036 992 4340 3010 2506 168 1615 173 12768 9888 3360 2112 6528 4992 960 1248 896
is_linear=0
shrinkage=0.05


Tree=211
num_leaves=31
num_cat=0
split_feature=1 7 11 8 11 11 4 0 0 7 7 3 0 4 8 7 0 0 9 9 9 11 8 3 7 0 3 3 3 11
split_gain=0.961676 1.7023 1.37325 1.19437 1.18606 1.18651 3.45805 3.42741 2.57443 1.81062 1.77978 1.25372 1.70079 1.17307 1.50417 2.03071 1.99926 1.50132 1.2756 2.35757 5.17247 3.13585 2.63098 1.73549 1.53115 2.07441 1.52494 2.72902 2.36245 1.87551
threshold=1.5000000000000002 8.4625000000000039 1.082263012080001 12.650000000000002 0.78920070979102952 0.88327974961520905 -0.46039597980994923 42.500000000000007 84.500000000000014 33.01250000000001 25.912500000000005 0.87397152483179585 7.5000000000000009 -0.99628250747696534 39.95000000000001 35.362500000000004 88.500000000000014 43.500000000000007 34.42239583333334 31.670833333333338 30.990625000000001 0.99142420047150093 35.050000000000004 0.94704596667653973 26.012500000000006 59.500000000000007 -0.42957681104363482 -0.39036798905311365 -0.48314718476766422 0.98115927036139194
decision_type=2 2 2 2 2 2 2 2 2 2 2 2 2 2 2 2 2 2 2 2 2 2 2 2 2 2 2 2 2 2
left_child=1 2 -1 -2 -3 6 7 -6 9 -9 11 12 -8 14 15 16 17 -7 19 20 22 -22 26 -24 -23 -26 28 -28 -15 -29
right_child=3 4 -4 -5 5 13 10 8 -10 -11 -12 -13 -14 18 -16 -17 -18 -19 -20 -21 21 24 23 -25 25 -27 27 29 -30 -31
leaf_value=0.00016798475553729791 -0.0012352545361328799 -0.001243995537923383 0.00096373287645301002 -2.9472908456925649e-06 -9.6917861770252808e-05 0.0010067390113709935 0.0016482315712540556 0.0033557746672235236 -0.00033491152121909189 0.0017216297732295877 -0.00090849351026392195 -0.00058836875031887694 0.0001585695557878275 -0.00015793442080420754 -0.0011399299909940588 0.0027556207386582239 0.0031874018987323237 -0.0014746929347318328 0.00085728193822047548 -0.0010310408680965272 -0.0011695940924255782 0.0041662838749419468 -0.0013755080788103527 -0.00028297878658202941 0.00065895392321420961 0.0028240882140299342 0.0014888432090926105 0.00025348933441546155 -0.0013159537010045106 -0.00011704574530557305
leaf_weight=986 192 768 66 89248 266 344 88 187 66 65 366 259 727 9599 192 126 56 242 576 2400 192 54 1632 1056 306 216 192 4427 1138 8729
leaf_count=986 192 768 66 89248 266 344 88 187 66 65 366 259 727 9599 192 126 56 242 576 2400 192 54 1632 1056 306 216 192 4427 1138 8729
internal_value=-0.000106244 -0.000327144 0.00165399 -1.90083e-05 -0.000387961 -0.000343424 0.000830038 0.00407534 0.00757862 0.00988095 -0.000486112 0.000540036 0.00150307 -0.000418878 0.00130208 0.00229167 0.00115265 0.000290101 -0.000473016 -0.000517853 -0.000386879 0.00365885 -0.000502933 -0.00198661 0.00550347 0.00467433 -0.000337348 1.94774e-05 -0.000780946 -6.68908e-05
internal_weight=124761 35321 1052 89440 34269 33501 2024 584 318 252 1440 1074 815 31477 960 768 642 586 30517 29941 27541 768 26773 2688 576 522 24085 13348 10737 13156
internal_count=124761 35321 1052 89440 34269 33501 2024 584 318 252 1440 1074 815 31477 960 768 642 586 30517 29941 27541 768 26773 2688 576 522 24085 13348 10737 13156
is_linear=0
shrinkage=0.05


Tree=212
num_leaves=31
num_cat=0
split_feature=11 3 3 7 8 7 8 0 11 8 7 1 0 10 0 11 3 1 3 7 8 9 7 9 11 3 8 3 4 4
split_gain=0.940261 1.34643 1.70921 1.65148 1.56623 2.0005 1.41096 1.40831 1.71877 1.41406 3.08845 2.02437 1.37872 1.28267 4.611 2.14746 2.34526 2.1889 2.45578 2.08881 2.13855 2.21568 2.04775 1.99858 1.70732 1.86667 1.63476 1.57738 1.50691 3.19496
threshold=0.94382758910793763 0.7090011537757156 0.9893236546938301 37.462500000000013 28.850000000000005 28.037500000000005 28.750000000000004 11.500000000000002 0.80519389663381347 20.200000000000006 15.412500000000003 1.0000000180025095e-35 30.500000000000004 1.0000000180025095e-35 39.500000000000007 0.88598948399573263 -0.9954993026558282 1.0000000180025095e-35 0.48314048284850658 28.312500000000004 31.050000000000004 28.992708333333336 24.212500000000006 33.187239583333344 0.87092940175417699 -0.49064630004295678 30.850000000000005 -0.94975917145599731 -0.91939278948206182 -0.86548532668110156
decision_type=2 2 2 2 2 2 2 2 2 2 2 2 2 2 2 2 2 2 2 2 2 2 2 2 2 2 2 2 2 2
left_child=1 4 3 12 5 6 7 8 -1 -10 -11 -12 -3 19 -15 17 -17 18 -16 28 -21 -22 -19 -23 -24 -26 -18 -28 -6 -30
right_child=-2 2 -4 -5 13 -7 -8 -9 9 10 11 -13 -14 14 15 16 26 22 -20 20 21 23 24 -25 25 -27 27 -29 29 -31
leaf_value=-0.00089964354725133452 -9.5826286083913775e-06 -0.00057815210957151296 0.00015098577061197356 0.0020224041185471411 0.00090898638787456892 0.0013902215485180809 0.0013456231182313999 -1.06534924790044e-05 0.00040915248000327365 -0.00046384122397114815 0.0017615215557567282 0.00024951097323598474 -0.00030214495704319259 -0.0010864647864204104 0.0020025847142456808 0.0025051954011352023 -0.00094434983494962391 0.0012899498460523509 -0.002768052803476593 -0.0015693490907276464 0.00055002035436254703 -0.00079269128518886134 -0.00026276340189120793 0.00072309558004689147 -0.00051529609573445871 0.0021280656303185714 0.0015079888967731031 -0.00021307522583578935 -0.0035529461897265504 0.00035468685483037304
leaf_weight=108 99060 1178 960 54 490 106 68 5382 108 202 60 302 2416 3273 336 56 1064 95 56 511 629 2039 1193 384 112 168 112 1386 392 2461
leaf_count=108 99060 1178 960 54 490 106 68 5382 108 202 60 302 2416 3273 336 56 1064 95 56 511 629 2039 1193 384 112 168 112 1386 392 2461
internal_value=-0.00010424 -0.000373722 -0.001148 -0.001642 -0.000204571 0.000452966 0.000337077 0.000258032 0.00224359 0.00318452 0.00218085 0.00494475 -0.0017724 -0.000486889 -0.000924087 0.000100479 -0.000836518 0.00135204 0.00469388 1.01349e-05 -0.000832165 -0.000330932 0.00051658 -0.00101734 5.77042e-05 0.00357143 -0.00105777 6.67438e-06 0.000907866 0.000467927
internal_weight=124761 25701 4608 3648 21093 6336 6230 6162 780 672 564 362 3594 14757 7851 4578 2618 1960 392 6906 3563 3052 1568 2423 1473 280 2562 1498 3343 2853
internal_count=124761 25701 4608 3648 21093 6336 6230 6162 780 672 564 362 3594 14757 7851 4578 2618 1960 392 6906 3563 3052 1568 2423 1473 280 2562 1498 3343 2853
is_linear=0
shrinkage=0.05


Tree=213
num_leaves=31
num_cat=0
split_feature=11 3 3 4 4 8 3 8 8 11 11 3 7 3 5 8 0 11 7 11 10 1 0 1 0 4 11 9 7 0
split_gain=1.16243 1.33113 1.61411 1.60298 1.9463 1.56316 1.34287 1.32381 2.1 1.22923 2.6737 5.796 3.88421 2.9846 2.26723 4.01389 3.05267 2.05259 2.24526 1.84467 3.98964 3.48694 2.52785 2.0555 4.26563 2.92868 1.75653 2.67154 2.17602 2.75488
threshold=0.94382758910793763 0.7090011537757156 0.51297097409535064 -0.59177783207548873 -0.4755978891912595 20.200000000000006 0.46800856592688472 33.95000000000001 31.050000000000004 0.98706785893326654 0.97686240301264193 0.84773968378660736 38.462500000000013 0.72695311118111527 1.0000000180025095e-35 29.650000000000002 75.500000000000014 0.98031510418725609 18.512500000000006 0.96691573625133975 1.0000000180025095e-35 2.5000000000000004 80.500000000000014 2.5000000000000004 8.5000000000000018 0.089118976521498999 0.9984557137694885 31.483072916666668 27.312500000000004 59.500000000000007
decision_type=2 2 2 2 2 2 2 2 2 2 2 2 2 2 2 2 2 2 2 2 2 2 2 2 2 2 2 2 2 2
left_child=1 2 6 -3 -5 -4 -1 8 -6 10 13 12 14 -2 17 -16 -17 18 -12 23 22 -22 -21 -15 25 -25 27 -11 -29 -30
right_child=9 3 5 4 7 -7 -8 -9 -10 26 11 -13 -14 19 15 16 -18 -19 -20 20 21 -23 -24 24 -26 -27 -28 28 29 -31
leaf_value=-7.7726260694197574e-05 -0.00012393947552580506 -0.0021093129174595561 0.0013663175988503976 0.0012903385854861893 -0.00025979384425675405 0.00026371238809885057 -0.0010169033924452137 -0.001557238835960553 0.00043737466952409912 -0.00024759692962322133 -9.2476152624851166e-05 -0.00066991110299749305 0.0034965717129890128 -0.00028629446048375365 0.0021290889148012494 -6.3817657372041366e-05 0.0032420623252765639 0.00029532835257548002 0.0015096301377521201 -0.0011270839974527667 0.0017348443183895089 0.00043564476834275488 0.0028257842704551284 0.0034402834034002274 0.00013538526527960738 0.0011297289188936899 -1.3297814155546708e-05 0.0042625921477393745 -0.00075665010977322533 0.0027937444877731612
leaf_weight=18991 13237 672 96 192 2688 1430 576 384 672 9312 214 1056 51 1248 96 228 60 3981 554 324 384 286 60 63 1392 81 65857 52 309 215
leaf_count=18991 13237 672 96 192 2688 1430 576 384 672 9312 214 1056 51 1248 96 228 60 3981 554 324 384 286 60 63 1392 81 65857 52 309 215
internal_value=-0.000111054 -0.000410686 -0.000242499 -0.00118056 -0.000795225 0.00132372 -0.000364646 -0.00104701 -0.000729168 -3.33143e-05 0.000284151 0.00116987 0.00185764 -3.95327e-05 0.00172121 0.00541667 0.00246528 0.0014224 0.00378906 0.00118812 0.00296964 0.00529851 -0.00109375 0.000513648 0.00173828 0.00993055 -0.000131033 -0.000752428 0.00255208 0.00158397
internal_weight=124761 25701 21093 4608 3936 1526 19567 3744 3360 99060 23315 6240 5184 17075 5133 384 288 4749 768 3838 1054 670 384 2784 1536 144 75745 9888 576 524
internal_count=124761 25701 21093 4608 3936 1526 19567 3744 3360 99060 23315 6240 5184 17075 5133 384 288 4749 768 3838 1054 670 384 2784 1536 144 75745 9888 576 524
is_linear=0
shrinkage=0.05


Tree=214
num_leaves=31
num_cat=0
split_feature=11 3 3 4 3 3 0 3 8 8 7 3 4 8 0 3 9 0 9 9 11 1 0 11 8 9 3 11 11 11
split_gain=0.949843 1.10487 1.65729 1.58616 1.46266 2.34271 1.7616 4.20227 1.31077 1.51042 1.2199 1.08423 3.53642 4.08851 3.62084 3.33232 3.15181 2.54265 2.15039 3.04456 9.25556 5.20428 4.66889 4.13469 3.75014 3.47264 3.31711 3.75074 2.37295 2.51158
threshold=0.94382758910793763 0.7090011537757156 0.79904096188274243 -0.4755978891912595 0.49812943072827093 0.46800856592688472 10.500000000000002 0.59177612190863982 33.95000000000001 31.050000000000004 9.6125000000000025 0.20180702842483325 0.8511460603353429 21.050000000000004 30.500000000000004 0.21862473630160603 14.523177083333335 19.500000000000004 29.230989583333336 29.525520833333335 1.1135526900622577 3.5000000000000004 17.500000000000004 1.1118361362686917 33.650000000000013 29.661718750000002 0.048362692321690152 1.0707669999226173 1.0561939355068173 1.0284415722008378
decision_type=2 2 2 2 2 2 2 2 2 2 2 2 2 2 2 2 2 2 2 2 2 2 2 2 2 2 2 2 2 2
left_child=1 4 -3 -4 5 10 7 -6 9 -5 -1 18 13 14 17 -15 -17 -13 -2 20 21 -20 -22 25 -23 -21 28 -28 29 -27
right_child=11 2 3 8 6 -7 -8 -9 -10 -11 -12 12 -14 15 -16 16 -18 -19 19 23 22 24 -24 -25 -26 26 27 -29 -30 -31
leaf_value=0.00066812660663697959 -0.00010739946447646455 -0.00092101274439362511 0.001225821656211881 -0.00022588261252879326 0.0019050256809057366 -0.0025124821840361647 0.00020401546428755338 -0.00024052484364015843 -0.0014793768941625261 0.00041550593604789446 -8.1499996781109462e-05 -0.00016110313512296426 0.00027305887890913619 0.0014101274813017913 -0.001770471512432707 0.0017519124024767735 -2.0724094811134654e-06 0.0011594215771723495 -0.0012378812774842675 -0.00083624391971942992 0.0033355279870890681 0.00071884919600898978 0.0024024523348193856 -0.0011395297710845751 0.0031550462987845053 0.00065149271883235273 -0.00079335211564162962 0.0013234905817666844 8.2950418109234718e-05 0.0017411240090261628
leaf_weight=71 40616 1056 192 2304 88 384 1520 110 384 672 18920 380 7680 288 1235 96 33888 209 768 1248 54 768 234 1728 96 3541 1728 288 3351 864
leaf_count=71 40616 1056 192 2304 88 384 1520 110 384 672 18920 380 7680 288 1235 96 33888 209 768 1248 54 768 234 1728 96 3541 1728 288 3351 864
internal_value=-0.000110653 -0.000381504 -0.0010829 -0.00056588 -0.000228276 -0.000352259 0.00116996 0.00560606 -0.000818454 -0.000463711 -0.000274078 -4.03808e-05 0.000145512 -6.17809e-05 -0.00236842 6.09815e-05 1.55944e-05 0.000857384 -0.000187578 0.000331332 0.0021875 0.000729165 0.0104514 5.17716e-05 0.0033912 0.000408347 0.000725541 -0.00108135 0.0011952 0.001958
internal_weight=124761 25701 4608 3552 21093 19375 1718 198 3360 2976 18991 99060 43776 36096 1824 34272 33984 589 55284 14668 1920 1632 288 12748 864 11020 9772 2016 7756 4405
internal_count=124761 25701 4608 3552 21093 19375 1718 198 3360 2976 18991 99060 43776 36096 1824 34272 33984 589 55284 14668 1920 1632 288 12748 864 11020 9772 2016 7756 4405
is_linear=0
shrinkage=0.05


Tree=215
num_leaves=31
num_cat=0
split_feature=0 7 0 11 10 3 8 4 7 3 0 0 0 7 3 1 3 8 7 7 0 8 10 10 0 3 6 9 4 11
split_gain=0.917723 2.33872 2.38038 1.81941 1.90941 3.81404 2.73924 4.70863 1.92337 2.61591 1.82403 3.10472 1.76806 3.40365 2.45604 2.06906 2.00987 1.94163 1.66581 1.66015 3.74028 3.58948 3.08392 2.47949 4.87266 2.40717 2.37115 2.31913 2.97424 2.3144
threshold=30.500000000000004 26.987500000000004 8.5000000000000018 1.2099088115144543 1.0000000180025095e-35 -0.53493989022977317 31.850000000000005 -0.61236746317008228 8.7875000000000032 0.1849296026015865 14.500000000000002 22.500000000000004 18.500000000000004 15.237500000000002 0.88621069759564464 3.5000000000000004 0.99700008544936913 38.750000000000007 5.0375000000000005 24.637500000000006 48.500000000000007 30.750000000000004 1.0000000180025095e-35 1.0000000180025095e-35 79.500000000000014 0.98802474685579866 1.0000000180025095e-35 28.750260416666666 -0.96466008222729416 1.1538549292311382
decision_type=2 2 2 2 2 2 2 2 2 2 2 2 2 2 2 2 2 2 2 2 2 2 2 2 2 2 2 2 2 2
left_child=1 2 18 4 5 6 7 10 9 -6 -4 -12 13 -7 -14 17 -17 -15 -1 20 21 -2 -23 24 25 29 -22 28 -25 -21
right_child=19 -3 3 -5 8 12 -8 -9 -10 -11 11 -13 14 15 -16 16 -18 -19 -20 23 26 22 -24 27 -26 -27 -28 -29 -30 -31
leaf_value=0.0013839644098029083 0.00037129934130990293 0.00017472920849237477 0.00027914535127330223 0.00069190811846288477 -0.00037989702002217763 -0.00059133334758597995 -0.00041907443851757313 0.00038155494513157417 -0.00030005160396543774 0.00028696270638443026 0.0039901828941368966 0.0010251952541819062 0.00025331885084353055 -0.00075149548963209531 -0.00094337079059429577 0.00032490760402566318 0.0017424561859371206 0.00080364315065832982 1.6053687656225962e-05 -0.00054368368085554761 -5.0553435219378239e-05 -0.00047029014205246696 0.0028438485277718132 -0.0015490115825169588 0.0003196440275620779 0.00035824790950713715 0.00033703900922396081 0.00029429325532657574 -3.4274587405647565e-05 0.00076889408588403654
leaf_weight=87 8199 8410 54 75 649 1695 697 2050 12209 824 69 50 2621 534 617 501 50 168 8951 16611 22246 81 156 910 4545 776 1087 11319 17981 539
leaf_count=87 8199 8410 54 75 649 1695 697 2050 12209 824 69 50 2621 534 617 501 50 168 8951 16611 22246 81 156 910 4545 776 1087 11319 17981 539
internal_value=-0.000111454 -0.000307734 -0.000503277 -0.000774834 -0.000800422 -0.000239404 0.00125 0.00210751 -0.00117381 0.000532925 0.0100289 0.0134874 -0.000942452 -0.00182836 -0.000135888 0.000147644 0.00244102 -0.00165242 0.000183668 -1.77632e-05 0.000267713 0.00116998 0.00723629 -0.000189918 -0.000587647 -0.000958386 -5.8502e-05 0.000105924 -0.000233181 -0.00108163
internal_weight=124761 40311 31901 22863 22788 9106 2920 2223 13682 1473 173 119 6186 2948 3238 1253 551 702 9038 84450 31769 8436 237 52681 22471 17926 23333 30210 18891 17150
internal_count=124761 40311 31901 22863 22788 9106 2920 2223 13682 1473 173 119 6186 2948 3238 1253 551 702 9038 84450 31769 8436 237 52681 22471 17926 23333 30210 18891 17150
is_linear=0
shrinkage=0.05


Tree=216
num_leaves=31
num_cat=0
split_feature=4 8 9 11 0 7 10 4 0 8 0 0 4 4 8 3 0 0 9 0 7 11 0 5 11 11 0 7 3 1
split_gain=0.938146 1.85899 1.76224 1.6875 2.70608 1.48178 2.05231 1.46302 1.44548 1.48302 1.43467 4.38182 1.0685 1.72482 3.13263 2.95518 2.29869 2.3448 1.88021 2.34375 2.07223 1.95526 1.76042 1.4841 1.92582 3.35122 4.45714 2.19222 1.52922 2.30134
threshold=0.99855310097228334 19.250000000000004 13.370572916666669 1.0515743247573357 9.5000000000000018 7.1125000000000007 1.0000000180025095e-35 0.99932962452255414 41.500000000000007 20.200000000000006 36.500000000000007 46.500000000000007 0.98770287048522643 0.93158198870884079 22.550000000000004 0.21862473630160603 17.500000000000004 28.500000000000004 11.341666666666669 47.500000000000007 10.712500000000004 1.0357773587453021 15.500000000000002 1.0000000180025095e-35 1.0598548649382187 1.0480714376785738 69.500000000000014 31.212500000000006 0.42179998225932674 2.5000000000000004
decision_type=2 2 2 2 2 2 2 2 2 2 2 2 2 2 2 2 2 2 2 2 2 2 2 2 2 2 2 2 2 2
left_child=12 2 3 5 -5 -2 -7 8 -3 -10 -8 -12 13 23 15 16 -15 -18 19 22 -21 -20 -17 -1 25 28 -27 -26 -25 -30
right_child=1 7 -4 4 -6 6 10 -9 9 -11 11 -13 -14 14 -16 18 17 -19 21 20 -22 -23 -24 24 27 26 -28 -29 29 -31
leaf_value=-5.9044352795356343e-05 -0.0011918241620364381 0.00026540556544333015 -0.0008471897339671988 0.0012815133437489997 0.0002464616979203591 -0.00091573413847384629 -0.0019028007861443806 -0.00068979799164890158 0.0039796197563269813 5.352691572396557e-06 0.004731205685691537 0.00072911000162121211 -0.00021588564325028591 -0.00042892717489694237 0.0016391820737044771 0.00038602925889278305 0.0008473733641701089 -9.8669422333260269e-05 0.00038276199956171336 0.001583225506791515 -0.00097628793234362304 -0.00060259050227980593 0.002424860061496031 0.00030760010526260169 -0.00078761794945955178 0.00089230890381932068 0.0031553497076259687 0.00080309164571948507 0.00050817790690065186 -0.00061486949880971281
leaf_weight=102779 220 168 288 90 774 305 57 96 162 54 50 232 4608 846 96 64 517 3149 2496 77 115 576 128 3264 1121 140 52 415 864 958
leaf_count=102779 220 168 288 90 774 305 57 96 162 54 50 232 4608 846 96 64 517 3149 2496 77 115 576 128 3264 1121 140 52 415 864 958
internal_value=-0.000110252 0.000849358 0.000183531 0.000787036 0.00234954 -0.000775464 0.000434781 0.00364583 0.00502604 0.00773148 0.00311209 0.00457447 -0.000129842 -0.00010059 0.000605158 0.000496987 -0.000345746 0.000196398 0.00159722 0.00489583 0.000989582 0.00118489 0.00880208 -0.00015252 0.000562077 0.00101553 0.0075 -0.000996095 0.000770742 -0.000389683
internal_weight=124761 2496 2016 1728 864 864 644 480 384 216 339 282 122265 117657 8064 7968 4512 3666 3456 384 192 3072 192 109593 6814 5278 192 1536 5086 1822
internal_count=124761 2496 2016 1728 864 864 644 480 384 216 339 282 122265 117657 8064 7968 4512 3666 3456 384 192 3072 192 109593 6814 5278 192 1536 5086 1822
is_linear=0
shrinkage=0.05


Tree=217
num_leaves=31
num_cat=0
split_feature=0 0 9 8 1 0 0 11 3 8 8 7 11 4 7 0 10 3 4 4 0 1 0 8 11 3 11 0 8 8
split_gain=0.962902 1.11227 1.99626 2.69126 1.66919 2.26259 2.70842 3.08939 1.90228 1.85557 5.18571 2.83645 1.80007 3.02117 3.86873 1.54858 2.48837 6.0021 2.95765 2.01625 2.50815 3.24357 2.55347 5.05361 2.39782 3.86332 2.32086 2.22937 2.1047 2.66786
threshold=1.0000000180025095e-35 31.500000000000004 31.914843750000006 36.050000000000004 5.5000000000000009 38.500000000000007 60.500000000000007 1.0400758936931782 -0.98930078251469888 18.450000000000003 16.300000000000001 10.212500000000004 1.0090343315455217 -0.84774213365954088 34.862500000000004 8.5000000000000018 1.0000000180025095e-35 -0.54939360607974019 -0.99465740988130902 -0.091258822863740666 14.500000000000002 5.5000000000000009 23.500000000000004 32.250000000000007 0.89132369463318661 -0.72696319516528884 1.0221204649632492 19.500000000000004 30.950000000000003 29.950000000000003
decision_type=2 2 2 2 2 2 2 2 2 2 2 2 2 2 2 2 2 2 2 2 2 2 2 2 2 2 2 2 2 2
left_child=-1 2 15 -4 -3 -6 7 8 -7 10 -8 -12 -10 -14 -15 -2 17 19 -19 20 -17 22 23 24 -22 -26 -24 -25 29 -21
right_child=1 4 3 -5 5 6 9 -9 12 -11 11 -13 13 14 -16 16 -18 18 -20 28 21 -23 26 27 25 -27 -28 -29 -30 -31
leaf_value=0.00036337929867477203 1.6303344148665752e-05 -3.9412294604137765e-05 0.001635198408765119 0.0002355066350878992 -0.0008086880399060933 0.0023558545468964401 -0.00069103311897444181 -0.00017871924623660311 0.00062393418336623911 -1.1422221194032241e-05 0.0012886934117338116 0.0020545886229497738 -0.0015359979661140771 0.0018592910116432696 0.0058123034511860447 -5.708448036141125e-05 -0.00021931781387716281 0.0013623491012595224 -0.00027038208389735499 0.00014307155626580478 0.00095481409544446918 -0.00077414883215459881 0.00020749306499825336 -0.00011676031685729711 0.0016516778344168835 0.0047646484536591613 0.0025721085597936091 0.00218076714761149 -0.0005933362879328106 0.0014112237676418523
leaf_weight=1305 9510 70806 62 3444 1351 88 105 1056 2244 6537 50 55 154 642 62 372 16480 92 7199 1150 54 153 312 140 117 54 112 112 621 322
leaf_count=1305 9510 70806 62 3444 1351 88 105 1056 2244 6537 50 55 154 642 62 372 16480 92 7199 1150 54 153 312 140 117 54 112 112 621 322
internal_value=-0.000105844 -0.000120125 -0.000335683 0.000804334 -1.56356e-05 0.0005209 0.000758209 0.00174753 0.00252351 0.000135615 0.0047619 0.012619 0.00231786 0.00426573 0.00565341 -0.000444295 -0.000635765 -4.62547e-05 -0.000864766 0.00164962 0.00309958 0.00434535 0.00548835 0.0079979 0.0134444 0.016345 0.00266509 0.00313492 0.000661728 0.00169157
internal_weight=124761 123456 40306 3506 83150 12344 10993 4246 3190 6747 210 105 3102 858 704 36800 27290 10810 7291 3519 1426 1054 901 477 225 171 424 252 2093 1472
internal_count=124761 123456 40306 3506 83150 12344 10993 4246 3190 6747 210 105 3102 858 704 36800 27290 10810 7291 3519 1426 1054 901 477 225 171 424 252 2093 1472
is_linear=0
shrinkage=0.05


Tree=218
num_leaves=31
num_cat=0
split_feature=0 0 10 3 3 4 4 7 0 8 11 11 8 8 0 11 11 0 1 4 9 11 11 1 0 4 9 0 9 7
split_gain=0.910173 1.03275 1.75365 4.83605 4.21351 5.20765 3.94925 3.2428 3.03572 2.90326 4.58492 4.1291 6.09447 4.10815 3.35486 3.011 3.44868 4.20179 4.9735 2.8202 5.04732 3.43867 5.80124 2.63158 2.50548 2.40293 2.54438 2.46416 2.39738 2.64216
threshold=1.0000000180025095e-35 31.500000000000004 1.0000000180025095e-35 -0.50556189049999822 -0.17647087149565668 0.029024409397335523 -0.4755978891912595 23.112500000000004 22.500000000000004 25.650000000000002 1.0707669999226173 1.0408832752351278 30.550000000000004 25.850000000000005 7.5000000000000009 1.019720751120565 0.96691573625133975 20.500000000000004 1.5000000000000002 0.62420859727530387 22.537239583333335 1.0515743247573357 1.0561939355068173 4.5000000000000009 23.500000000000004 -0.85674049181790024 20.559895833333336 11.500000000000002 20.255468750000006 19.262500000000006
decision_type=2 2 2 2 2 2 2 2 2 2 2 2 2 2 2 2 2 2 2 2 2 2 2 2 2 2 2 2 2 2
left_child=-1 2 3 25 19 7 -5 -6 -8 14 11 13 -13 -11 -7 16 -15 18 -18 20 24 -22 -23 -9 -4 -2 27 -27 -19 -30
right_child=1 -3 4 6 5 9 8 23 -10 10 -12 12 -14 15 -16 -17 17 28 -20 -21 21 22 -24 -25 -26 26 -28 -29 29 -31
leaf_value=0.00034521033374103268 0.0012932576741010746 -7.5630888671145875e-06 0.00042769072657418845 0.00023328761801053046 -0.00068319695661634761 0.00028573923393200037 -0.00039342270913481065 0.00012311350850323073 0.00011525346130233135 0.00035817968911193302 -0.0010876975300680375 0.001271890261411843 0.00062784499430732508 -5.9409331020150702e-05 -4.7295650905595442e-05 -0.00045455830975995844 -0.00023619941723821734 0.00022697025144028383 0.00040499704715612215 -0.00097133428619044213 -0.00065133657719817876 0.002540768600023106 -1.6591602966653048e-05 -0.00066457642273259096 -0.00083772487331724077 0.00060728820537072942 0.00021120872919850448 0.00048880259166015781 0.0022629529147781989 0.00099377991109423237
leaf_weight=1305 62 83150 345 5552 1553 980 4928 2999 2016 62 186 62 155 341 3360 341 260 66 180 2201 6012 93 1984 1244 120 198 4470 360 108 68
leaf_count=1305 62 83150 345 5552 1553 980 4928 2999 2016 62 186 62 155 341 3360 341 260 66 180 2201 6012 93 1984 1244 120 198 4470 360 108 68
internal_value=-0.000106645 -0.00012053 -0.00032824 4.66268e-05 -0.000618399 2.71614e-05 -0.000482556 -0.001049 -0.00127736 0.00103825 0.00270913 0.00355143 0.00997696 0.00257363 0.0003341 0.00200147 0.00335777 0.00541056 0.0025 -0.00133659 -0.000925884 -0.00121709 0.000536831 -0.000333492 0.00413978 0.00134577 0.00122514 0.0044086 0.0107025 0.01375
internal_weight=124761 123456 40306 17586 22720 11965 12496 5796 6944 6169 1829 1643 217 1426 4340 1364 1023 682 440 10755 8554 8089 2077 4243 465 5090 5028 558 242 176
internal_count=124761 123456 40306 17586 22720 11965 12496 5796 6944 6169 1829 1643 217 1426 4340 1364 1023 682 440 10755 8554 8089 2077 4243 465 5090 5028 558 242 176
is_linear=0
shrinkage=0.05


Tree=219
num_leaves=31
num_cat=0
split_feature=1 8 9 9 11 4 8 9 9 7 9 1 9 9 4 0 8 11 11 9 7 3 8 7 9 7 0 3 3 3
split_gain=0.835853 1.76581 1.97939 3.46704 3.45714 1.93533 3.21441 2.63625 1.60849 3.56657 2.02848 1.45156 3.63026 2.80304 1.70139 1.65029 1.86777 1.52602 2.70751 2.43596 1.64425 1.49588 1.42552 2.32042 1.3782 2.05551 1.62723 1.53329 2.17835 1.39179
threshold=1.5000000000000002 32.750000000000007 30.990625000000001 31.670833333333338 0.99142420047150093 -0.99465740988130902 38.350000000000001 34.42239583333334 29.557031250000005 31.112500000000004 29.150520833333335 1.0000000180025095e-35 28.553385416666671 11.53671875 0.98899263613956456 43.500000000000007 31.450000000000003 1.0101328412442114 0.9984557137694885 12.247135416666669 18.962500000000006 -0.099819732675876835 32.45000000000001 28.312500000000004 20.255468750000006 19.712500000000006 70.500000000000014 -0.91597725483594616 -0.76141707087277943 -0.39036798905311365
decision_type=2 2 2 2 2 2 2 2 2 2 2 2 2 2 2 2 2 2 2 2 2 2 2 2 2 2 2 2 2 2
left_child=1 8 -3 4 -4 6 -5 -7 10 -10 11 12 13 14 -1 16 -14 18 24 -20 -21 -17 -13 -24 29 27 -27 -26 -29 -15
right_child=-2 2 3 5 -6 7 -8 -9 9 -11 -12 22 15 17 -16 21 -18 -19 19 20 -22 -23 23 -25 25 26 -28 28 -30 -31
leaf_value=0.0014227716988547937 -8.2407210455189946e-06 -0.0005063147265526503 -0.0012128730719484031 0.0026704086744111341 0.0013515528918499403 -0.00083381393767186234 -0.00060188722089913823 0.000823211862353148 5.4330583178144019e-06 0.00339882426475467 -0.0025671666344415601 -0.00012015156124623554 0.0029228099234912251 -0.0014230007990072085 0.00044035851931028777 0.0030920926581337943 -0.00025047817012134642 -0.00079309854738030981 -0.0010373132175490309 0.00082728171451361377 -0.00016743913571261413 -0.0011535581692615133 0.0013709570770472756 -0.00056425087811155968 -0.0041841642014639694 -0.00019230295278874654 0.00044953478563418458 0.0007336317647333758 0.00032646130653929455 -0.00013726586809164901
leaf_weight=192 89440 7967 288 288 672 2496 384 576 195 79 384 10560 88 384 288 364 268 1440 288 999 249 52 206 178 55 2241 862 79 511 2688
leaf_count=192 89440 7967 288 288 672 2496 384 576 195 79 384 10560 88 384 288 364 268 1440 288 999 249 52 206 178 55 2241 862 79 511 2688
internal_value=-0.000107046 -0.000312988 -0.000785653 2.76349e-05 0.00270833 -0.000659723 0.00177083 -0.00119141 -4.85663e-05 0.00375912 -9.51925e-05 -3.22857e-05 0.000372012 0.000123588 0.00385417 0.00367876 0.00117977 -5.9209e-05 0.000199855 0.00209635 0.00305288 0.00581731 -0.000440425 0.00255208 -0.000227274 0.000416221 -0.000117629 0.00298449 0.00372881 -0.00101237
internal_weight=124761 35321 12671 4704 960 3744 672 3072 22650 274 22376 21992 11048 10276 480 772 356 9796 8356 1536 1248 416 10944 384 6820 3748 3103 645 590 3072
internal_count=124761 35321 12671 4704 960 3744 672 3072 22650 274 22376 21992 11048 10276 480 772 356 9796 8356 1536 1248 416 10944 384 6820 3748 3103 645 590 3072
is_linear=0
shrinkage=0.05


Tree=220
num_leaves=31
num_cat=0
split_feature=0 4 4 9 4 8 7 8 8 9 8 3 3 8 0 11 7 3 11 1 3 11 3 0 8 7 11 0 11 10
split_gain=0.851647 1.80085 2.73396 2.37261 1.75615 1.73234 2.15096 1.62747 3.0375 1.65099 5.44788 5.28125 2.30639 3.67361 3.33374 2.48255 2.47016 1.83003 2.26014 1.88554 1.69048 2.38543 1.98253 2.3275 1.62526 1.6 1.51656 1.56336 3.40157 1.9356
threshold=31.500000000000004 -0.91249077947840473 -0.86548532668110156 31.538281250000004 -0.85674049181790024 41.550000000000004 30.312500000000004 29.450000000000003 28.150000000000002 27.969531250000006 31.450000000000003 -0.34235669412071207 -0.36647417525074694 33.45000000000001 8.5000000000000018 0.83118285699629402 27.212500000000006 -0.13398594226331254 0.9500541783650579 3.5000000000000004 0.26866988313759588 1.1589671265514687 0.25206111083856975 13.500000000000002 31.550000000000004 27.412500000000005 0.82629592353323422 9.5000000000000018 0.88067321306757129 1.0000000180025095e-35
decision_type=2 2 2 2 2 2 2 2 2 2 2 2 2 2 2 2 2 2 2 2 2 2 2 2 2 2 2 2 2 2
left_child=1 5 3 -3 24 7 -7 8 -1 -9 11 -11 13 -12 -15 16 -14 18 19 -17 22 -22 -19 -24 -4 -26 -6 28 -28 -29
right_child=-2 2 4 -5 26 6 -8 9 -10 10 12 -13 15 14 -16 17 -18 20 -20 -21 21 -23 23 -25 25 -27 27 29 -30 -31
leaf_value=-8.9181501093755816e-05 -6.3295172155989417e-06 -0.0017722186449520138 -0.00059210490890206698 0.00044691591448383451 -0.0006509563690703284 0.0023316162026811652 0.0005669975046860774 -0.00116152688953408 0.00214935491687672 0.0008170179599183068 -0.00096126167873118208 0.0041969288692796534 0.0035633478000958842 0.0058021475117993465 0.0017299796382604449 0.0016148804703819298 -0.00086044972995924962 0.00022714147857526485 -0.00073459986032925429 -0.0010105107579706423 -0.0023810843960307276 0.0006011301903545718 -8.7961631716594623e-05 0.0046962228996683363 0.0025618988228518404 0.00077884324988988362 0.0011987360501857366 -9.8250831333108296e-06 4.645723540302249e-06 -0.00018185606641068735
leaf_weight=96 83150 1248 96 288 832 70 122 416 64 64 96 64 96 54 138 96 61 2496 1568 88 480 256 56 72 80 80 348 9592 9836 12758
leaf_count=96 83150 1248 96 288 832 70 122 416 64 64 96 64 96 54 138 96 61 2496 1568 88 480 256 56 72 80 80 348 9592 9836 12758
internal_value=-0.000105042 -0.000289708 -0.000430629 -0.00249349 -0.000336388 0.000478071 0.00515625 0.00033461 0.0053125 0.000204064 0.00042656 0.010625 0.000191649 0.00454861 0.00854167 -4.64996e-05 0.0061465 -0.000236699 -0.0015468 0.00369565 0.000446427 -0.0016712 0.0010404 0.00710937 0.00378906 0.006875 -0.000368041 -0.000314134 0.000199331 -0.0005481
internal_weight=124761 41611 35158 1536 33622 6453 192 6261 160 6101 5685 128 5557 288 192 5269 157 5112 1752 184 3360 736 2624 128 256 160 33366 32534 10184 22350
internal_count=124761 41611 35158 1536 33622 6453 192 6261 160 6101 5685 128 5557 288 192 5269 157 5112 1752 184 3360 736 2624 128 256 160 33366 32534 10184 22350
is_linear=0
shrinkage=0.05


Tree=221
num_leaves=31
num_cat=0
split_feature=1 9 8 11 4 9 8 0 8 4 7 9 8 9 7 4 0 8 7 9 8 11 9 11 3 11 3 4 3 3
split_gain=0.828941 1.57525 2.44672 1.95736 1.54838 1.21509 1.21139 1.33796 1.19301 1.17138 1.14706 1.13321 1.09813 1.74334 3.56657 1.60307 5.40495 2.65163 2.28078 1.93024 2.56667 1.87662 1.46473 1.41354 1.57552 1.55085 3.33505 1.74615 6.56896 2.55956
threshold=1.5000000000000002 13.695833333333336 21.550000000000004 1.0912314765539939 0.99611390731392835 12.998697916666668 14.100000000000001 23.500000000000004 12.650000000000002 0.98899263613956456 40.412500000000009 7.2007812500000012 32.650000000000013 29.557031250000005 31.112500000000004 -0.89787881968372518 18.500000000000004 31.350000000000005 27.187500000000004 28.733593750000001 31.950000000000003 0.90157409510273256 29.230989583333336 0.9247659649312403 0.16799745313369893 1.1118361362686917 -0.35846811432664222 -0.57077231802681661 0.77244481603295057 0.94704596667653973
decision_type=2 2 2 2 2 2 2 2 2 2 2 2 2 2 2 2 2 2 2 2 2 2 2 2 2 2 2 2 2 2
left_child=1 2 3 5 9 6 7 -1 -2 10 12 -10 13 15 -15 16 17 -3 -19 21 -21 -18 -17 24 -14 27 -27 28 -25 -29
right_child=8 4 -4 -5 -6 -7 -8 -9 11 -11 -12 -13 23 14 -16 22 19 18 -20 20 -22 -23 -24 25 -26 26 -28 29 -30 -31
leaf_value=-0.00076614017353561275 -0.0011274599886966523 0.00049309956647274186 0.0016757599807257593 0.00085905551479987781 0.0009267997722648383 0.00045328364785374143 -0.00010592883086405756 0.0015394807633455601 0.0007254222285306345 -0.00069145236960684454 0.0023340489920987001 -6.5669396946220957e-06 -0.00016429019222804922 1.0743637145228509e-05 0.0032291995273777147 -8.0907090381279002e-05 0.000485070382377569 0.0025310634608861136 0.0014658433385195738 0.003008366877052561 -0.00012442409369788952 -0.0020397220424499016 -0.0033417739443078014 -6.1181164581562892e-05 -0.0019705907458823029 0.00084548420627223527 -0.0017911283421327886 -0.0010355784189411549 0.0019454174154119681 9.0694931915676866e-05
leaf_weight=72 192 114 96 96 480 480 2784 216 96 480 197 89152 960 195 79 15944 231 81 71 154 231 462 192 5067 960 192 1085 2304 274 1824
leaf_count=72 192 114 96 96 480 480 2784 216 96 480 197 89152 960 195 79 15944 231 81 71 154 231 462 192 5067 960 192 1085 2304 274 1824
internal_value=-0.000102237 -0.000307325 0.000662392 0.000455043 -0.000422302 0.000264638 -0.000100913 0.00298611 -2.12445e-05 -0.000465802 -0.000427378 -1.27746e-05 -0.000452006 -0.000198266 0.00375912 -0.000260299 0.00139881 0.00778195 0.0121053 -0.000176254 0.00266234 -0.00175325 -0.000398489 -0.000807675 -0.00205729 -0.000584405 -0.00222005 -0.00036382 0.000233101 -0.00113614
internal_weight=124761 35321 3744 3648 31577 3552 3072 288 89440 31097 30617 89248 30420 17754 274 17480 1344 266 152 1078 385 693 16136 12666 1920 10746 1277 9469 5341 4128
internal_count=124761 35321 3744 3648 31577 3552 3072 288 89440 31097 30617 89248 30420 17754 274 17480 1344 266 152 1078 385 693 16136 12666 1920 10746 1277 9469 5341 4128
is_linear=0
shrinkage=0.05


Tree=222
num_leaves=31
num_cat=0
split_feature=0 7 0 11 8 9 11 11 7 3 1 0 0 11 3 3 4 4 8 8 8 7 11 0 11 4 4 9 9 11
split_gain=0.797157 1.62662 1.4435 1.71088 1.79031 2.14554 2.15675 2.08092 1.70891 1.46881 1.37615 2.15937 2.41074 2.81635 1.68472 1.5774 3.74546 1.56396 2.10492 1.50392 4.57619 2.86788 1.4876 1.50773 2.25625 1.84808 1.33646 1.63381 1.29867 1.25762
threshold=31.500000000000004 26.987500000000004 8.5000000000000018 1.2099088115144543 33.750000000000007 32.087760416666676 1.1027172427607128 1.0515743247573357 5.0375000000000005 0.99865421017599998 5.5000000000000009 38.500000000000007 60.500000000000007 1.0400758936931782 -0.98930078251469888 0.60555468348150676 -0.39827153806311183 0.48126256173783166 30.150000000000002 18.450000000000003 16.300000000000001 10.212500000000004 1.0287920195914502 51.500000000000007 0.97591259779315875 0.98486764554468398 0.98899263613956456 9.9703125000000004 32.957552083333347 0.88973885209876746
decision_type=2 2 2 2 2 2 2 2 2 2 2 2 2 2 2 2 2 2 2 2 2 2 2 2 2 2 2 2 2 2
left_child=1 2 8 4 26 9 7 -7 -1 -6 -2 -12 13 14 -13 17 -17 -16 22 20 -14 -22 23 25 -25 -19 27 -4 -15 -21
right_child=10 -3 3 -5 5 6 -8 -9 -10 -11 11 12 19 28 15 16 -18 18 -20 29 21 -23 -24 24 -26 -27 -28 -29 -30 -31
leaf_value=0.0012174597288282683 -3.1647175601383441e-05 0.00012132964296150158 0.0011633261855073787 0.00065425446893663339 -0.00081409558198748731 0.0004324582902514966 -0.00084060768244577757 0.00326463411502164 5.0139295536057466e-06 0.00047257103516709816 -0.00076681862456964768 0.0022394968328927583 -0.00068514584957897007 -0.00031543714056865931 0.00024456116931634834 0.0043709189333629326 0.00088003447048976512 -0.0004363771197396075 0.0032624758138395716 -0.00088462733153341761 0.0012256937544882635 0.0019532942051434269 0.0018844051036147715 -0.0019173390762605115 0.0023051018120905683 0.0036579048030552586 -0.00047195286005203381 -7.7368058738261185e-05 0.0020637554704515874 3.4803785195016203e-05
leaf_weight=87 70806 8930 69 76 3402 66 132 52 8951 92 1351 88 105 946 1342 110 616 416 66 315 50 55 88 72 288 104 1610 18144 110 6222
leaf_count=87 70806 8930 69 76 3402 66 132 52 8951 92 1351 88 105 946 1342 110 616 416 66 315 50 55 88 72 288 104 1610 18144 110 6222
internal_value=-0.000100233 -0.000278894 -0.000442307 -0.000647762 -0.000671915 -0.00167468 0.0028 0.00771186 9.51526e-05 -0.00199485 -1.0825e-05 0.000476344 0.000708177 0.00164154 0.00238244 0.00218891 0.00422865 0.00156566 0.00302708 0.000120793 0.00428571 0.0116667 0.00243802 0.00181818 0.00430555 9.61527e-05 -0.000482521 -0.000360458 -0.000596592 -1.30041e-05
internal_weight=124761 41611 32681 23643 23567 3744 250 118 9038 3494 83150 12344 10993 4246 3190 3102 726 2376 1034 6747 210 105 968 880 360 520 19823 18213 1056 6537
internal_count=124761 41611 32681 23643 23567 3744 250 118 9038 3494 83150 12344 10993 4246 3190 3102 726 2376 1034 6747 210 105 968 880 360 520 19823 18213 1056 6537
is_linear=0
shrinkage=0.05


Tree=223
num_leaves=31
num_cat=0
split_feature=1 7 11 8 9 9 11 4 8 9 9 9 7 9 0 1 4 0 8 7 9 8 11 4 4 7 9 9 0 0
split_gain=0.806007 1.42573 1.142 1.06204 1.59558 2.85102 3.07545 1.96889 3.09573 1.99587 1.70456 1.53486 3.21709 1.65013 1.41223 1.24103 1.21536 4.31853 2.00501 1.87427 1.4806 2.18225 1.5938 1.4773 1.44282 1.15056 1.15031 3.66583 2.48078 2.86312
threshold=1.5000000000000002 8.4625000000000039 1.082263012080001 32.650000000000013 30.990625000000001 31.670833333333338 0.99142420047150093 -0.99465740988130902 38.350000000000001 34.42239583333334 26.834375000000005 29.557031250000005 31.112500000000004 29.150520833333335 67.500000000000014 1.0000000180025095e-35 -0.89787881968372518 18.500000000000004 31.350000000000005 27.187500000000004 28.733593750000001 31.950000000000003 0.90157409510273256 -0.86548532668110156 -0.85674049181790024 28.112500000000004 28.943229166666672 29.07447916666667 68.500000000000014 28.500000000000004
decision_type=2 2 2 2 2 2 2 2 2 2 2 2 2 2 2 2 2 2 2 2 2 2 2 2 2 2 2 2 2 2
left_child=1 2 -1 11 10 6 -6 8 -7 -9 14 13 15 16 -5 -13 17 18 -3 -20 22 -22 25 -18 -25 -19 -12 28 29 -28
right_child=-2 3 -4 4 5 7 -8 9 -10 -11 26 12 -14 -15 -16 -17 23 20 19 -21 21 -23 -24 24 -26 -27 27 -29 -30 -31
leaf_value=0.00012547071842627924 -6.214691862957433e-06 0.00047231299108601985 0.0008679348789149302 6.8763360347011228e-05 -0.0010727553602007853 0.0025360495485608546 0.0012771717470707762 -0.00078696344687082345 -0.00057263186064065248 0.00072378810881811484 -0.00084380476488109073 -0.0010877052196090638 0.0030693219097888929 -0.0024269393629738558 0.0030199917722995712 0.0025380398860604227 -0.0022292666134699204 -0.00025211654196796409 0.0024083786907787182 0.0013864846894455166 0.002859530891980001 -0.00011662053023293084 -0.0019380511298356957 0.0024350654555318207 -5.0130740546747361e-05 0.0012538189482586284 0.00016027180281468991 -0.00052027826618865618 -0.00052242933371371815 0.0034908244183315231
leaf_weight=986 89440 114 66 204 288 288 672 2496 384 576 2688 130 79 384 84 65 288 150 81 71 154 231 462 96 19020 81 58 4991 54 80
leaf_count=986 89440 114 66 204 288 288 672 2496 384 576 2688 130 79 384 84 65 288 150 81 71 154 231 462 96 19020 81 58 4991 54 80
internal_value=-9.94313e-05 -0.000301663 0.00151141 -0.000357321 -0.000716397 1.70056e-05 0.00244792 -0.000606305 0.00184524 -0.00114258 -0.00113923 -0.00014155 0.00357664 -0.000189761 0.00263889 0.000128204 -0.000129652 0.0013244 0.00703007 0.0107895 -8.34891e-05 0.0024026 -0.00146465 -0.000230366 -0.000176816 0.00192641 -0.00127748 -0.000842178 0.0059375 0.00949275
internal_weight=124761 35321 1052 34269 12863 4704 960 3744 672 3072 8159 21406 274 21132 288 195 20748 1344 266 152 1078 385 693 19404 19116 231 7871 5183 192 138
internal_count=124761 35321 1052 34269 12863 4704 960 3744 672 3072 8159 21406 274 21132 288 195 20748 1344 266 152 1078 385 693 19404 19116 231 7871 5183 192 138
is_linear=0
shrinkage=0.05


Tree=224
num_leaves=31
num_cat=0
split_feature=1 8 9 7 3 3 0 11 0 11 3 4 8 8 8 11 5 0 4 4 7 10 8 4 11 7 8 9 0 10
split_gain=0.870253 1.41791 2.59369 2.63465 1.62304 1.71361 1.73338 1.34652 1.27161 1.67737 1.53947 2.17391 1.34299 3.00137 2.20435 1.76087 1.44154 4.73126 1.31705 1.29491 1.31744 1.37163 1.33568 1.28599 1.69727 1.85833 1.2614 1.23679 1.28089 2.14881
threshold=1.5000000000000002 29.150000000000002 22.698177083333338 19.587500000000006 -0.03977009085991149 0.96465729447553372 1.5000000000000002 0.7641759112864478 49.500000000000007 0.88327974961520905 -0.9954993026558282 0.04621408538533487 31.250000000000004 31.650000000000002 31.450000000000003 0.97366293224832023 1.0000000180025095e-35 55.500000000000007 -0.99628250747696534 0.55478649335567887 18.812500000000004 1.0000000180025095e-35 44.850000000000009 -0.12545862287572049 1.044457029130015 27.112500000000004 31.550000000000004 27.186458333333334 84.500000000000014 1.0000000180025095e-35
decision_type=2 2 2 2 2 2 2 2 2 2 2 2 2 2 2 2 2 2 2 2 2 2 2 2 2 2 2 2 2 2
left_child=1 2 4 -4 -1 6 -6 -3 18 27 11 -11 23 14 -14 -16 -15 -18 -9 20 21 -20 -22 24 -12 -26 -23 -10 29 -29
right_child=-2 7 3 -5 5 -7 -8 8 9 10 12 -13 13 16 15 -17 17 -19 19 -21 22 26 -24 -25 25 -27 -28 28 -30 -31
leaf_value=-0.00020305386052118547 -5.9039572698119273e-06 -0.0027741771901975834 0.00054132384636524321 0.000383320505032429 0.00074908765537099343 -0.00041098003039649475 8.2470395534331052e-05 0.00052334909731649741 -0.0001486250373457404 -0.00070498417316254927 -0.0010710457874812762 0.0031555334755940545 0.00020978467885180075 -0.00021499917095493647 0.005617414868228786 0.00070149503367720166 0.0057555110990747185 0.00012515518063658807 0.0021426177574238566 0.0021728827955278954 -0.00045087172100122437 -0.00050862495050300969 0.0048018296737293749 -0.00090958896765197571 -0.0013520449552108589 0.0025248534257935893 0.00038482542849026518 -8.0886570832745423e-05 -0.00011454646229229567 0.0027568256350776451
leaf_weight=4800 89440 192 52 1196 160 480 7520 500 230 92 506 92 276 6747 92 92 66 440 76 50 10072 99 50 828 52 132 61 105 88 175
leaf_count=4800 89440 192 52 1196 160 480 7520 500 230 92 506 92 276 6747 92 92 66 440 76 50 10072 99 50 828 52 132 61 105 88 175
internal_value=-0.000101435 -0.000311572 7.46047e-05 0.0022516 -0.000135032 0.000294116 0.000475259 -0.00057145 -0.000533198 -0.000126337 -0.000289433 0.00423913 -0.0003797 -0.00011215 0.00380435 0.00804348 -0.000360542 0.00221344 -0.000906675 -0.0010271 -0.00106584 0.00262712 -0.00115195 -0.00173913 -0.000144929 0.00396739 -1.19209e-09 0.00244147 0.00423913 0.00589286
internal_weight=124761 35321 14208 1248 12960 8160 7680 21113 20921 10013 9415 184 9231 7713 460 184 7253 506 10908 10408 10358 236 10122 1518 690 184 160 598 368 280
internal_count=124761 35321 14208 1248 12960 8160 7680 21113 20921 10013 9415 184 9231 7713 460 184 7253 506 10908 10408 10358 236 10122 1518 690 184 160 598 368 280
is_linear=0
shrinkage=0.05


Tree=225
num_leaves=31
num_cat=0
split_feature=0 9 8 4 4 0 0 10 3 4 0 4 8 1 0 0 8 11 3 0 11 11 3 4 3 11 11 0 3 11
split_gain=0.818766 1.617 1.86343 3.76302 2.82031 1.7296 1.48406 2.49982 5.05227 3.13988 2.22946 2.15729 2.04693 1.92409 2.23569 2.52272 3.29169 3.50116 3.85802 2.11207 2.1005 1.79483 2.02253 5.63346 3.08846 4.77841 3.02229 2.92641 2.70274 2.46215
threshold=31.500000000000004 31.914843750000006 36.750000000000007 -0.96466008222729416 -0.95502570686053045 16.500000000000004 9.5000000000000018 1.0000000180025095e-35 -0.54939360607974019 -0.99465740988130902 15.500000000000002 0.071972700440407641 31.550000000000004 5.5000000000000009 14.500000000000002 23.500000000000004 32.250000000000007 0.88067321306757129 -0.72696319516528884 18.500000000000004 1.0221204649632492 0.93041277635383546 0.099822040462190967 0.029024409397335523 0.99374995976406788 1.00251814764921 1.0912314765539939 19.500000000000004 0.36648264796514479 1.0779742005359896
decision_type=2 2 2 2 2 2 2 2 2 2 2 2 2 2 2 2 2 2 2 2 2 2 2 2 2 2 2 2 2 2
left_child=1 6 3 5 -5 -3 -1 8 11 -10 -11 13 -13 14 -8 16 17 -16 -19 -18 -17 -9 26 28 27 -26 -23 -25 29 -24
right_child=-2 2 -4 4 -6 -7 7 21 9 10 -12 12 -14 -15 15 20 19 18 -20 -21 -22 22 23 24 25 -27 -28 -29 -30 -31
leaf_value=1.7803881505151739e-05 -2.4569315346987534e-06 -0.00159025041833918 0.00011907468755149045 0.004392335110470302 0.0013854612830265592 0.00097666431887717567 -1.0205514948846462e-05 -0.00052502378798984547 0.0013644371104502137 -0.00037123131597059493 -0.00012038239176300745 0.00037445533599159592 -0.00094555332963632867 -0.00056512437158410677 0.00020120022701999006 0.00015746906932008638 -0.00026743183898256159 0.0015412225837807658 0.0045553183072686255 0.001855055962935652 0.0024074014961303139 -0.00054138802727376112 -0.00013634450314331328 -4.6258055766090696e-05 -9.553453290295745e-05 0.00088281116722600773 0.00031747452132257256 0.00047706270296172084 -0.00067074325324603646 0.0012890894537761102
leaf_weight=11888 83150 102 3300 64 64 90 305 2719 88 1878 5008 1430 374 220 72 368 116 162 54 145 120 6050 242 1400 88 88 1034 1680 2308 154
leaf_count=11888 83150 102 3300 64 64 90 305 2719 88 1878 5008 1430 374 220 72 368 116 162 54 145 120 6050 242 1400 88 88 1034 1680 2308 154
internal_value=-9.66259e-05 -0.000277692 0.000732043 0.004375 0.0110156 -5.20845e-05 -0.000373906 -0.0005848 1.93412e-05 -0.000748496 -0.00086843 0.00161022 0.000432371 0.00297055 0.00368107 0.00478785 0.00711293 0.0107986 0.0139815 0.00304598 0.00217213 -0.000981096 -0.000737505 -5.8726e-05 0.00134214 0.00778409 -0.00130858 0.000974025 -0.00174556 0.00207071
internal_weight=124761 41611 3620 320 128 192 37991 26103 10340 6974 6886 3366 1804 1562 1342 1037 549 288 216 261 488 15763 13044 5960 3256 176 7084 3080 2704 396
internal_count=124761 41611 3620 320 128 192 37991 26103 10340 6974 6886 3366 1804 1562 1342 1037 549 288 216 261 488 15763 13044 5960 3256 176 7084 3080 2704 396
is_linear=0
shrinkage=0.05


Tree=226
num_leaves=31
num_cat=0
split_feature=1 8 9 7 3 9 8 1 8 11 7 11 7 0 3 3 8 7 11 0 3 0 11 9 7 10 3 0 0 9
split_gain=0.820343 1.36117 2.3982 2.22997 1.49191 1.44487 1.54535 1.46007 1.41154 1.4051 1.28487 2.12415 1.91656 1.57811 1.40854 1.85999 2.00687 2.01421 2.29665 2.2246 2.22263 2.22153 1.95834 1.63111 1.44488 1.85331 1.22889 2.08333 2.8003 1.78571
threshold=1.5000000000000002 29.150000000000002 22.698177083333338 19.587500000000006 -0.03977009085991149 18.122135416666669 27.950000000000003 1.0000000180025095e-35 24.950000000000003 0.78920070979102952 22.062500000000004 0.9987604681581238 18.962500000000006 59.500000000000007 0.30164402523644185 0.54940630780725741 17.450000000000003 14.112500000000002 0.99895143829215638 68.500000000000014 0.42179998225932674 71.500000000000014 0.9663103299672644 11.53671875 7.8625000000000016 1.0000000180025095e-35 0.81925054981890411 47.500000000000007 19.500000000000004 18.662239583333335
decision_type=2 2 2 2 2 2 2 2 2 2 2 2 2 2 2 2 2 2 2 2 2 2 2 2 2 2 2 2 2 2
left_child=1 2 4 -4 -1 8 26 -8 10 -3 12 13 14 -12 23 16 -16 -18 19 -19 21 -20 -17 -6 25 -24 27 28 -7 -30
right_child=-2 9 3 -5 5 6 7 -9 -10 -11 11 -13 -14 -15 15 22 17 18 20 -21 -22 -23 24 -25 -26 -27 -28 -29 29 -31
leaf_value=-0.00019318244665013986 -3.475474688035545e-06 -0.0017638077202573712 0.00051514697010295941 0.00037289964124408772 0.00055246627653797789 -0.00031592574124452967 -7.0515484689543158e-06 0.0010084977553545781 0.00046587578620149522 -0.00017319116517387507 0.0032749928630295766 -0.0010817569770841646 -0.00070261741576238838 0.00032725055584277801 -0.0010068870378417952 0.0012780523552721635 0.00032197346842498622 0.0071533190264572045 0.00095252449151481166 0.00021844494922363517 -6.813264244349317e-05 0.0022974279819727881 -0.00070634292250292073 -0.00038162998772800082 -0.00030515441107129454 0.001793905168898459 -0.00073915296798079586 -0.0011050427750917346 0.00032447836548975316 0.0025998878966333218
leaf_weight=4800 89440 480 52 1196 672 160 192 96 384 20633 92 101 628 51 192 63 955 66 171 51 202 55 76 1333 1098 50 864 384 112 112
leaf_count=4800 89440 480 52 1196 672 160 192 96 384 20633 92 101 628 51 192 63 955 66 171 51 202 55 76 1333 1098 50 864 384 112 112
internal_value=-9.62252e-05 -0.000300248 7.81238e-05 0.00217147 -0.000123458 0.000287989 -0.00091146 0.00246528 0.00065705 -0.000554873 0.00046448 0.00401639 0.000310049 0.00793706 0.000638041 0.00132763 0.00241726 0.00303333 0.00545871 0.0116667 0.00376168 0.00716814 -0.000104896 -0.000386535 -0.000547387 0.00452381 -0.00150735 -5.20845e-05 0.00255208 0.00616071
internal_weight=124761 35321 14208 1248 12960 8160 1920 288 6240 21113 5856 244 5612 143 4984 2979 1692 1500 545 117 428 226 1287 2005 1224 126 1632 768 384 224
internal_count=124761 35321 14208 1248 12960 8160 1920 288 6240 21113 5856 244 5612 143 4984 2979 1692 1500 545 117 428 226 1287 2005 1224 126 1632 768 384 224
is_linear=0
shrinkage=0.05


Tree=227
num_leaves=31
num_cat=0
split_feature=0 7 0 11 9 8 9 7 3 7 0 9 1 4 0 0 11 0 3 10 0 0 4 0 9 0 8 9 8 9
split_gain=0.855405 1.59631 1.31921 1.66219 1.52416 2.13914 1.48755 1.44883 1.38468 1.28545 3.97091 3.27767 2.45077 2.35917 2.34413 2.97853 2.33336 2.08268 2.6378 2.01767 4.76956 2.25974 2.30921 2.20209 3.81676 4.1502 3.34165 2.20084 2.13168 2.06065
threshold=31.500000000000004 26.987500000000004 8.5000000000000018 1.2217849585321277 32.957552083333347 33.750000000000007 33.061197916666671 5.0375000000000005 0.99865421017599998 24.637500000000006 41.500000000000007 24.116406250000004 5.5000000000000009 -0.18493013702746822 90.500000000000014 71.500000000000014 0.97366293224832023 60.500000000000007 0.92922379131507438 1.0000000180025095e-35 79.500000000000014 45.500000000000007 -0.056951011027366626 66.500000000000014 26.541666666666668 73.500000000000014 29.850000000000005 25.676822916666669 29.750000000000004 28.750260416666666
decision_type=2 2 2 2 2 2 2 2 2 2 2 2 2 2 2 2 2 2 2 2 2 2 2 2 2 2 2 2 2 2
left_child=1 2 7 4 5 -4 -6 -1 -7 10 11 -2 13 -12 15 17 -13 18 -15 20 21 22 -11 26 25 -25 -23 -28 -27 -21
right_child=9 -3 3 -5 6 8 -8 -9 -10 19 12 16 -14 14 -16 -17 -18 -19 -20 29 -22 23 -24 24 -26 28 27 -29 -30 -31
leaf_value=0.0011285264710472278 0.00049018185571472338 0.00012510847311497444 -9.16983979114372e-05 0.0007631957965130616 0.0024214378398359107 -0.00073810949033319259 0.00037888538826644089 4.1079877040602738e-06 0.00047819530760025326 -0.00126972987622471 0.00070705106519131436 0.0001102970334920351 0.00028477151117340299 -0.00010819634586552014 -0.00047471689250785855 0.0001446647989355113 0.0027392678941740439 -0.00048074415636132283 0.0021376395718276041 -8.114091693724354e-05 0.00034858983439180414 -0.00069458957169513287 7.1415126475419499e-05 -0.00032074633570395813 -0.0012386797585081739 -3.5412199207734271e-05 0.00071989645285636063 5.7340143974368678e-05 0.0016562631847451905 0.00028909826369417625
leaf_weight=87 4954 8930 19846 53 53 3488 111 8951 92 3820 401 52 3796 5561 2807 9437 86 3901 160 18679 4545 1806 993 474 3587 67 630 6069 181 11144
leaf_count=87 4954 8930 19846 53 53 3488 111 8951 92 3820 401 52 3796 5561 2807 9437 86 3901 160 18679 4545 1806 993 474 3587 67 630 6069 181 11144
internal_value=-9.38206e-05 -0.000278894 -0.000440777 -0.000637188 -0.000657059 -0.000690687 0.00414634 7.30238e-05 -0.00181564 -1.20384e-06 0.000252767 0.00152985 3.26014e-06 -0.000196929 -0.000266625 -6.79481e-05 0.00913043 -0.000686969 -7.95327e-05 -0.000153381 -0.000514614 -0.000886993 -0.00181072 -0.000540036 -0.0014609 0.00185595 -7.34874e-05 0.000441109 0.00709677 0.000115178
internal_weight=124761 41611 32681 23643 23590 23426 164 9038 3580 83150 31155 5092 26063 22267 21866 19059 138 9622 5721 51995 22172 17627 4813 12814 4309 722 8505 6699 248 29823
internal_count=124761 41611 32681 23643 23590 23426 164 9038 3580 83150 31155 5092 26063 22267 21866 19059 138 9622 5721 51995 22172 17627 4813 12814 4309 722 8505 6699 248 29823
is_linear=0
shrinkage=0.05


Tree=228
num_leaves=31
num_cat=0
split_feature=0 0 9 4 9 3 9 8 9 8 11 11 1 0 10 8 3 3 0 3 11 3 10 4 0 11 11 0 7 8
split_gain=0.823765 1.73147 2.35153 2.225 3.26235 1.84036 1.73457 1.624 1.60437 2.84444 1.47225 1.89499 1.806 1.36111 1.44308 2.95936 1.48246 2.17302 1.27672 2.39625 1.91635 1.48082 3.17329 2.91868 5.33975 4 3.80253 4.50852 3.48115 2.19519
threshold=75.500000000000014 86.500000000000014 25.308854166666666 -0.38243420677835349 29.860156250000006 -0.19337636264337835 17.19947916666667 24.550000000000004 25.518750000000001 30.450000000000003 1.1265970327176902 1.1135526900622577 3.5000000000000004 93.500000000000014 1.0000000180025095e-35 19.950000000000003 0.65883702558178847 0.52033990680116082 65.500000000000014 0.52033990680116082 1.0779742005359896 0.20180702842483325 1.0000000180025095e-35 0.029024409397335523 55.500000000000007 1.0707669999226173 1.0574549747388564 43.500000000000007 23.412500000000005 25.650000000000002
decision_type=2 2 2 2 2 2 2 2 2 2 2 2 2 2 2 2 2 2 2 2 2 2 2 2 2 2 2 2 2 2
left_child=18 3 5 -2 -5 7 13 -3 9 -4 11 -10 -13 14 -7 -16 17 -17 21 -20 -21 -1 -23 24 28 26 29 -28 -24 -25
right_child=1 2 8 4 -6 6 -8 -9 10 -11 -12 12 -14 -15 15 16 -18 -19 19 20 -22 22 23 25 -26 -27 27 -29 -30 -31
leaf_value=-7.4095764539580341e-05 -0.00010484773292549908 -0.0013282331059087074 0.0031456926836894768 0.00021391831836636003 0.0023031975033108204 -9.8474805828181099e-05 -0.00041984353267928088 -0.00029197333122727126 7.6010755255201396e-05 -0.0011736706823080416 -0.0012456196738587009 0.0027361000290981176 0.00023908214482249281 -0.00056892851030996108 0.00015300510574506147 0.0015637715931402921 0.00021843135013537574 0.0028808575528636443 -6.3330529962152577e-05 -0.0007108370851077239 0.00013058710430581742 -0.00012246185033230027 -0.00056753928992106159 0.00012159530539838622 0.00081612783152650026 -0.00084072880011125297 0.0013163356060487061 -0.00022763549296789601 4.4184432223541931e-07 0.00033131207339141691
leaf_weight=49967 5713 567 81 8371 187 742 1344 1350 5676 54 459 63 81 448 560 105 98 63 9058 3300 630 16042 1806 6006 1460 462 352 176 6372 3168
leaf_count=49967 5713 567 81 8371 187 742 1344 1350 5676 54 459 63 81 448 560 105 98 63 9058 3300 630 16042 1806 6006 1460 462 352 176 6372 3168
internal_value=-9.50229e-05 0.000155611 -0.000295528 0.00052519 0.00103529 -0.00107732 -0.000372025 -0.00231351 0.000347676 0.00574074 0.000231724 0.000446734 0.00611111 0.000555554 0.00125 0.00268765 0.00703007 0.00988095 -0.000160883 -0.000622884 -0.00165395 -9.09569e-05 0.000154278 0.000577718 -4.56538e-05 0.00116883 0.00138528 0.00551136 -0.000542921 0.00114781
internal_weight=124761 25962 11691 14271 8558 5277 3360 1917 6414 135 6279 5820 144 2016 1568 826 266 168 98799 12988 3930 85811 35844 19802 9638 10164 9702 528 8178 9174
internal_count=124761 25962 11691 14271 8558 5277 3360 1917 6414 135 6279 5820 144 2016 1568 826 266 168 98799 12988 3930 85811 35844 19802 9638 10164 9702 528 8178 9174
is_linear=0
shrinkage=0.05


Tree=229
num_leaves=31
num_cat=0
split_feature=7 3 8 8 6 7 3 0 0 10 3 4 3 4 0 3 4 1 0 6 8 8 3 7 8 7 1 11 11 8
split_gain=0.781816 2.32584 1.07095 1.59026 1.35713 0.921468 1.72253 0.82574 1.08252 1.53412 4.43918 3.28387 3.23062 3.65306 3.22772 2.91894 5.12435 8.25806 4.61731 3.17161 3.01148 4.63768 2.89855 2.68224 2.5144 2.4896 2.58652 2.41787 3.32285 3.0841
threshold=42.587500000000013 0.58481550752069722 42.650000000000013 42.45000000000001 1.0000000180025095e-35 29.712500000000006 0.58481550752069722 1.0000000180025095e-35 31.500000000000004 1.0000000180025095e-35 -0.51297808981038739 -0.4755978891912595 -0.17647087149565668 0.029024409397335523 22.500000000000004 -0.66528616069191593 -0.72694848937061807 3.5000000000000004 23.500000000000004 1.0000000180025095e-35 29.450000000000003 27.750000000000004 -0.8821812062722818 21.162500000000005 24.450000000000003 23.112500000000004 4.5000000000000009 0.87092940175417699 0.88067321306757129 26.650000000000002
decision_type=2 2 2 2 2 2 2 2 2 2 2 2 2 2 2 2 2 2 2 2 2 2 2 2 2 2 2 2 2 2
left_child=2 -2 3 7 5 6 -4 -1 9 10 24 -12 15 25 -13 16 17 -11 19 27 21 -21 -23 -15 -9 -14 -27 -18 -29 -30
right_child=1 -3 4 -5 -6 -7 -8 8 -10 12 11 14 13 23 -16 -17 18 -19 -20 20 -22 22 -24 -25 -26 26 -28 28 29 -31
leaf_value=0.00029929163981241256 -0.00089746454251407332 0.0010797743876408313 0.0019985627118565552 0.0013295977510792846 0.0033729454676512242 -0.0017232838221441203 -0.0052293378016618382 0.0016541424631213717 -4.4302426887613643e-06 -0.0017515226769755439 0.00020339376653074525 -0.00033506823121392978 -0.00054694017018772523 8.8236174067524839e-05 0.00013745202810126528 -0.00093570458972575725 -0.0013179003669823819 0.0030423666250642572 -0.0012072784582470505 -0.00024781964711174606 -8.6551399186690503e-05 0.00029801686057408466 0.00068182170954289481 0.00082383888586793166 0.0002519913844936816 0.0001315432132197769 -0.00055343866483870206 0.0019586666511983691 0.00040879608781511532 -0.0001033496835190363
leaf_weight=1292 100 84 67 190 72 680 55 124 82318 62 5149 4972 1553 6058 2034 4363 322 62 1616 92 210 69 69 111 4904 2999 1244 95 69 3726
leaf_count=1292 100 84 67 190 72 680 55 124 82318 62 5149 4972 1553 6058 2034 4363 322 62 1616 92 210 69 69 111 4904 2999 1244 95 69 3726
internal_value=-0.000104641 0.00315217 -0.000109452 -9.7129e-05 -0.00185355 -0.00244389 0.00155738 -0.00010416 -0.000117452 -0.000331179 2.53145e-05 -0.000491568 -0.000600793 -3.55215e-05 -0.00119612 -0.00122966 -0.000549125 0.00951613 -0.000748246 5.15895e-05 0.00409091 0.00804348 0.0138406 0.000811313 0.00127486 -0.000936854 -0.000309923 -0.000370372 -2.57081e-05 -0.000256918
internal_weight=124761 184 124577 123703 874 802 122 123513 122221 39903 17183 12155 22720 11965 7006 10755 6392 124 6268 4652 440 230 138 6169 5028 5796 4243 4212 3890 3795
internal_count=124761 184 124577 123703 874 802 122 123513 122221 39903 17183 12155 22720 11965 7006 10755 6392 124 6268 4652 440 230 138 6169 5028 5796 4243 4212 3890 3795
is_linear=0
shrinkage=0.05


Tree=230
num_leaves=31
num_cat=0
split_feature=7 3 8 8 6 7 3 1 3 3 3 3 3 3 7 7 0 4 9 7 8 8 0 8 3 11 3 9 0 3
split_gain=0.781816 2.32584 1.00185 1.41268 1.06461 0.864933 1.72253 0.821429 2.35356 3.12531 1.80231 1.83691 1.9046 3.16929 3.56659 2.75783 2.56294 1.57851 1.76251 1.42064 2.29673 3.15478 2.99728 3.55584 2.75625 2.55043 2.54507 4.06195 3.57854 2.81666
threshold=42.587500000000013 0.58481550752069722 42.650000000000013 42.45000000000001 1.0000000180025095e-35 29.712500000000006 0.58481550752069722 3.5000000000000004 0.99374995976406788 0.99552231814189451 0.99274428880883148 0.97875492728876534 0.96465729447553372 0.9550229469509578 28.237500000000004 30.112500000000004 31.500000000000004 -0.065537083312030994 24.116406250000004 11.362500000000002 30.250000000000004 31.950000000000003 55.500000000000007 30.150000000000002 -0.78326540922535159 1.1589671265514687 -0.30983472475487867 22.537239583333335 40.500000000000007 -0.62588817255938378
decision_type=2 2 2 2 2 2 2 2 2 2 2 2 2 2 2 2 2 2 2 2 2 2 2 2 2 2 2 2 2 2
left_child=2 -2 3 7 5 6 -4 10 19 -10 11 12 13 -1 16 -14 -15 -11 -19 -9 22 25 26 -24 -25 -22 29 -28 -29 -21
right_child=1 -3 4 -5 -6 -7 -8 8 9 17 -12 -13 15 14 -16 -17 -18 18 -20 20 21 -23 23 24 -26 -27 27 28 -30 -31
leaf_value=-4.8809307994115448e-05 -0.000852591315388371 0.0010257856682587892 0.0018986345762637268 0.0012631178635253183 0.0032042981942686636 -0.0016371196310369129 -0.0049678709115787492 -0.00016312615195329333 0.0013554016962968179 -0.00075818451029992836 -0.00037669956366074864 0.00025006975146467435 -0.00094898281225843707 0.00033577488950205589 -0.00018166608829661346 0.00048947984397671623 0.0026606971939163331 1.5762766049525882e-05 0.00080389878735681185 0.00021591818098688284 -0.00050000062536041537 3.1245195429545651e-05 -9.08292155080563e-05 0.003074991222728867 0.0001334857269645114 0.0045538934105733486 0.00034911925165786312 0.0014650832681708276 -0.00027015547689023716 -0.00031195715211044053
leaf_weight=63844 100 84 67 190 72 680 55 4359 96 192 2304 1344 1286 94 134 442 60 768 672 3808 7296 20603 8903 80 80 96 5000 205 75 1772
leaf_count=63844 100 84 67 190 72 680 55 4359 96 192 2304 1344 1286 94 134 442 60 768 672 3808 7296 20603 8903 80 80 96 5000 205 75 1772
internal_value=-0.000104641 0.00315217 -0.000109452 -9.75332e-05 -0.00179634 -0.0023192 0.00155738 -0.00010416 4.21245e-05 0.00185764 -0.000217818 -0.000170676 -0.000208018 -0.000163882 0.00506944 -0.00184607 0.0102597 0.00134191 0.00190972 -1.78867e-05 6.07276e-05 -0.000231292 0.000471062 -0.000200266 0.0071875 -0.00111743 0.00103131 0.00181818 0.00767857 0.000286737
internal_weight=124761 184 124577 123703 874 802 122 123513 54005 1728 69508 67204 65860 64132 288 1728 154 1632 1440 52277 47918 27995 19923 9063 160 7392 10860 5280 280 5580
internal_count=124761 184 124577 123703 874 802 122 123513 54005 1728 69508 67204 65860 64132 288 1728 154 1632 1440 52277 47918 27995 19923 9063 160 7392 10860 5280 280 5580
is_linear=0
shrinkage=0.05


Tree=231
num_leaves=31
num_cat=0
split_feature=0 4 4 9 7 8 8 3 11 7 4 11 3 11 4 8 8 0 8 4 4 9 11 8 4 9 5 9 0 8
split_gain=0.881417 1.50168 2.73773 1.98693 1.64383 2.85667 7.75034 2.52358 2.37508 2.976 2.21346 1.81752 1.71776 2.52451 1.61784 3.09239 3.59007 3.72781 2.40833 2.38869 2.42937 4.63846 4.86375 4.06241 2.9468 2.78513 3.63574 2.69297 2.66824 1.92014
threshold=31.500000000000004 -0.91249077947840473 -0.86548532668110156 31.538281250000004 25.812500000000004 31.450000000000003 31.250000000000004 -0.38242426011641079 0.83118285699629402 27.212500000000006 -0.95502570686053045 1.0408832752351278 -0.13398594226331254 0.9500541783650579 -0.81925291736142491 32.650000000000013 34.95000000000001 10.500000000000002 30.850000000000005 -0.73865259438682551 -0.67168186667784702 30.522135416666668 1.1135526900622577 33.650000000000013 -0.69676771491221523 28.679947916666674 1.0000000180025095e-35 31.483072916666668 6.5000000000000009 33.650000000000013
decision_type=2 2 2 2 2 2 2 2 2 2 2 2 2 2 2 2 2 2 2 2 2 2 2 2 2 2 2 2 2 2
left_child=1 4 3 -3 11 6 10 -7 9 -9 -6 -1 13 -10 15 18 17 -17 -4 -16 21 22 23 25 -25 26 -21 29 -29 -22
right_child=-2 2 14 -5 5 7 -8 8 12 -11 -12 -13 -14 -15 19 16 -18 -19 -20 20 27 -23 -24 24 -26 -27 -28 28 -30 -31
leaf_value=-0.0011489476498467992 -3.8552676658783326e-06 -0.0016427514091979008 0.0017784931641091368 0.00039424230114051113 0.0014388268440389275 0.0031161071509541506 0.0040211400190002045 0.0037643039448275331 0.001985681777667126 -0.00088149874673306046 -0.0014630409589930923 0.00082142044845057681 0.000239577578333395 -0.00056259828535606558 -0.00096470470674741746 0.0027143981476559116 0.00022458657736383744 0.0011763291636549534 -0.0022921869511716474 0.00027196706218570176 -4.4641034812735236e-05 -0.0019426639198960628 0.0030249302323024883 0.0023360968779282177 0.00088575038726288564 -0.0019902742556976976 0.0025865341865023541 0.0053950629073560063 0.0005584770022386506 -0.00050883183438456953
leaf_weight=658 83150 1248 96 288 125 119 52 81 165 61 170 92 3322 1608 1696 99 448 189 384 388 25254 324 68 128 96 260 96 119 425 3552
leaf_count=658 83150 1248 96 288 125 119 52 81 165 61 170 92 3322 1608 1696 99 448 189 384 388 25254 324 68 128 96 260 96 119 425 3552
internal_value=-0.000112657 -0.000300523 -0.000429206 -0.00249349 0.000400588 0.000689987 0.00508645 0.000405152 0.000241549 0.00661972 0.00194915 -0.0018 6.37868e-05 -0.00119289 -0.000334901 0.00145559 0.00349185 0.00784722 -0.00166667 -0.000402087 -0.000301206 0.0017647 0.00339768 0.00248967 0.00839286 0.000712364 0.00295454 -0.000396935 0.00308823 -0.000462752
internal_weight=124761 41611 35158 1536 6453 5703 347 5356 5237 142 295 750 5095 1773 33622 1216 736 288 480 32406 30710 1360 1036 968 224 744 484 29350 544 28806
internal_count=124761 41611 35158 1536 6453 5703 347 5356 5237 142 295 750 5095 1773 33622 1216 736 288 480 32406 30710 1360 1036 968 224 744 484 29350 544 28806
is_linear=0
shrinkage=0.05


Tree=232
num_leaves=31
num_cat=0
split_feature=0 7 0 3 9 8 4 3 10 11 6 1 11 3 7 1 3 0 3 0 3 3 3 11 8 0 8 7 3 9
split_gain=0.8007 1.30646 2.94245 3.00302 3.0936 2.85677 2.71291 2.17508 2.78293 3.30615 2.49763 2.86772 2.31076 1.99165 5.86608 2.83257 2.04068 2.30446 1.90155 1.84808 1.78444 1.75057 1.74445 1.73006 1.89132 1.88049 1.7093 1.65631 1.96761 1.71892
threshold=31.500000000000004 23.412500000000005 24.500000000000004 0.98213580174693105 34.236197916666676 29.350000000000005 0.29137697329261131 0.21862473630160603 1.0000000180025095e-35 1.0408832752351278 1.0000000180025095e-35 5.5000000000000009 1.0700394574466332 0.78857998149907527 12.712500000000004 4.5000000000000009 0.69676570133721638 12.500000000000002 -0.30983472475487867 19.500000000000004 0.99700008544936913 -0.11692013674435776 0.23537774960157334 1.0186930070003879 19.150000000000002 6.5000000000000009 43.20000000000001 27.287500000000005 -0.65234524191686594 29.923697916666672
decision_type=2 2 2 2 2 2 2 2 2 2 2 2 2 2 2 2 2 2 2 2 2 2 2 2 2 2 2 2 2 2
left_child=1 6 5 4 27 18 20 10 22 13 -8 -12 -11 14 -10 16 17 -16 -3 -15 -1 -20 -9 24 25 -24 -7 -4 29 -29
right_child=-2 2 3 -5 -6 26 7 8 9 12 11 -13 -14 19 15 -17 -18 -19 21 -21 -22 -23 23 -25 -26 -27 -28 28 -30 -31
leaf_value=-0.00044140014896014955 -3.6625042825840074e-06 0.00032511524346037291 -0.0013138041903222363 0.0014106868647009081 0.0020066541845966969 7.4564087568593598e-05 -0.00014894420144867889 0.0011661674625318078 8.0903865251229844e-05 0.00079067010652181203 0.00017576319904393921 0.00045853820992121629 -0.00038884892823407881 -0.00024748210124612237 0.00096123129730423689 0.00059179323534928603 9.2071062509201205e-05 0.00086513256243081699 0.0021755066378802467 0.00033664184415185079 3.460690556844048e-05 0.00076576132072793564 0.0010538396812049772 -0.00061487321548393229 -0.00022877845064815623 0.0003270355542391589 -0.0019771823269469683 0.00021962405082230028 -0.00061252752039242346 0.0035435700625633497
leaf_weight=4452 83150 600 1959 94 301 13902 8954 64 1884 288 671 64 64 780 83 88 200 81 50 468 821 104 91 864 1856 325 175 459 1778 91
leaf_count=4452 83150 600 1959 94 301 13902 8954 64 1884 288 671 64 64 780 83 88 200 81 50 468 821 104 91 864 1856 325 175 459 1778 91
internal_value=-0.000107046 -0.000286103 1.20421e-05 -0.00108074 -0.00126199 0.000357021 -0.000549372 -0.000239229 0.000423205 0.00131352 -0.000727114 0.00207483 0.0059375 0.000859374 0.00172089 0.00683628 0.00489011 0.00902439 0.00335544 -0.000753206 -0.00153897 0.00831169 -0.000671876 -0.000838649 -0.000114438 0.00293269 0.000196418 -0.00160602 -0.000704469 0.00190909
internal_weight=124761 41611 19513 4682 4588 14831 22098 16825 7136 3936 9689 735 352 3584 2336 452 364 164 754 1248 5273 154 3200 3136 2272 416 14077 4287 2328 550
internal_count=124761 41611 19513 4682 4588 14831 22098 16825 7136 3936 9689 735 352 3584 2336 452 364 164 754 1248 5273 154 3200 3136 2272 416 14077 4287 2328 550
is_linear=0
shrinkage=0.05


Tree=233
num_leaves=31
num_cat=0
split_feature=0 10 3 4 3 0 3 0 4 3 0 7 7 1 0 4 9 3 11 6 7 9 11 11 1 5 11 3 8 8
split_gain=0.829606 1.36136 4.18664 3.24926 3.16922 3.52768 3.22866 2.85224 2.81372 2.73962 3.84103 2.6157 2.56853 2.4037 2.35532 2.31906 2.24669 2.18705 3.48402 2.0936 3.4529 3.48703 6.41877 3.92429 4.00216 3.16208 2.86253 4.18258 5.21895 2.67904
threshold=31.500000000000004 1.0000000180025095e-35 -0.49064630004295678 -0.4755978891912595 -0.18492532721306487 10.500000000000002 0.78857998149907527 22.500000000000004 -0.013976481981245173 -0.66528616069191593 21.500000000000004 21.012500000000006 23.112500000000004 4.5000000000000009 1.5000000000000002 0.39629089145655322 20.559895833333336 -0.41398024697495356 1.1135526900622577 1.0000000180025095e-35 24.862500000000004 22.899479166666669 0.99733561582144803 0.95301643267371083 4.5000000000000009 1.0000000180025095e-35 0.99592950626165633 -0.73866753694953124 30.850000000000005 28.250000000000004
decision_type=2 2 2 2 2 2 2 2 2 2 2 2 2 2 2 2 2 2 2 2 2 2 2 2 2 2 2 2 2 2
left_child=1 2 16 -4 9 6 14 -5 12 10 19 -10 -7 -14 -6 -9 -1 18 -11 20 21 22 23 29 -25 -21 -22 28 -28 -3
right_child=-2 4 3 7 5 8 -8 15 11 17 -12 -13 13 -15 -16 -17 -18 -19 -20 25 26 -23 -24 24 -26 -27 27 -29 -30 -31
leaf_value=0.00046780062692351569 -3.4793790684552311e-06 0.00042408731201318858 0.00017133153178800525 -0.00034452757246927567 0.00099364118104679883 -0.00090480311459511002 -4.3806053859094465e-05 -0.00080731164520176334 1.2965324670054718e-05 -0.0016151072819299559 -0.00086853054979582579 0.0012430033307235635 3.2149336410420991e-05 -0.001064688960862834 0.00020489204490386324 0.00046850573353375726 0.00021431099375536424 -0.00024846577285118953 0.00062847692592120981 0.00021529521009116325 -0.00022451164682190121 -0.00079227291792862006 -0.00085378376607687175 0.00046136400664530119 0.00065107600257927978 0.0003813127746253873 0.0014252524324908117 0.0022526429937078435 -0.00034714177594891279 -0.00077479669518207641
leaf_weight=640 83150 88 5668 5106 480 988 1639 468 4180 2208 2060 125 2015 850 2162 1530 4744 1984 224 356 967 1476 330 88 66 88 263 132 576 110
leaf_count=640 83150 88 5668 5106 480 988 1639 468 4180 2208 2060 125 2015 850 2162 1530 4744 1984 224 356 967 1476 330 88 66 88 263 132 576 110
internal_value=-0.000108649 -0.00029091 3.41473e-05 -0.000458817 -0.000542529 4.42039e-06 0.00116678 -0.00117117 -0.000605542 -0.00116013 -0.000515153 0.000272937 -0.00158708 -0.000828972 0.0022483 0.000430429 0.00120356 -0.0021241 -0.00312911 0.000297356 -5.61535e-05 -0.00143188 0.00152493 0.00622159 0.0122078 0.00355856 0.00147575 0.00339341 0.00209177 0.00156566
internal_weight=124761 41611 18156 12772 23455 12439 4281 7104 8158 11016 6600 4305 3853 2865 2642 1998 5384 4416 2432 4540 4096 2158 682 352 154 444 1938 971 839 198
internal_count=124761 41611 18156 12772 23455 12439 4281 7104 8158 11016 6600 4305 3853 2865 2642 1998 5384 4416 2432 4540 4096 2158 682 352 154 444 1938 971 839 198
is_linear=0
shrinkage=0.05


Tree=234
num_leaves=31
num_cat=0
split_feature=0 10 3 4 3 0 3 0 3 0 3 11 4 7 8 3 9 7 8 1 8 6 7 7 11 1 11 3 11 3
split_gain=0.915574 1.32387 3.78321 3.06651 3.03654 3.23084 2.76137 2.75285 2.5749 3.24268 2.4308 3.00248 2.41748 2.51425 2.40043 2.23975 2.16435 3.53468 2.59336 2.07832 2.66798 2.51662 9.25103 3.70541 3.04772 3.29733 3.71922 3.59759 3.14021 3.67361
threshold=31.500000000000004 1.0000000180025095e-35 -0.49064630004295678 -0.4755978891912595 -0.18492532721306487 10.500000000000002 0.78857998149907527 22.500000000000004 -0.66528616069191593 23.500000000000004 -0.41398024697495356 1.1135526900622577 -0.013976481981245173 23.112500000000004 32.95000000000001 -0.69057362043749781 29.327864583333341 26.987500000000004 35.45000000000001 1.5000000000000002 26.650000000000002 1.0000000180025095e-35 21.462500000000006 24.862500000000004 0.97686240301264193 4.5000000000000009 1.0678921040427489 -0.90163369914317015 1.0959530445469128 -0.84772008488809492
decision_type=2 2 2 2 2 2 2 2 2 2 2 2 2 2 2 2 2 2 2 2 2 2 2 2 2 2 2 2 2 2
left_child=1 2 -1 -4 8 6 16 -5 9 19 11 -10 13 -7 -14 -11 17 18 -6 -3 -21 23 -23 -22 -25 28 27 -27 -26 -30
right_child=-2 4 3 7 5 12 -8 -9 10 15 -12 -13 14 -15 -16 -17 -18 -19 -20 20 21 22 -24 24 25 26 -28 -29 29 -31
leaf_value=0.00025467345367814536 -3.3054101150328963e-06 -0.00031789613060476601 0.00016276495519860251 -0.0003273011938458118 0.00023613531891042549 -0.000859562958865354 -4.1615751166139626e-05 0.00012341465419793708 -0.0015343519178334581 -0.0011084528668220785 -0.00023604248420862938 0.00059705307962515169 -8.4833141928062326e-06 -0.00027152642560506949 0.00068164482519811093 0.001322387951376164 -0.00010588441376675024 0.0021823235335839916 0.0018417711047400143 0.00034994065926020424 -0.00026972928010622767 0.00038661997002498952 -3.0302095861317571e-05 -0.00047362901281329322 -9.5972863454596351e-05 0.0014151861432859037 -0.00078169962395397807 0.0024204401889255027 -8.1661226073712989e-05 0.0028517102193144077
leaf_weight=5384 83150 1396 5668 5106 1788 988 1639 1998 2208 1584 1984 224 4074 2865 231 64 708 91 55 72 1685 60 184 522 503 194 96 96 72 72
leaf_count=5384 83150 1396 5668 5106 1788 988 1639 1998 2208 1584 1984 224 4074 2865 231 64 708 91 55 72 1685 60 184 522 503 194 96 96 72 72
internal_value=-0.000111454 -0.000302926 1.76238e-05 -0.000450988 -0.000551056 -1.56777e-05 0.00109671 -0.00114302 -0.00115559 -0.000530304 -0.00209013 -0.00314967 -0.000599413 -0.00150921 0.000214865 -0.00245146 0.0020969 0.00296277 0.00248779 0.000109046 0.000750842 0.00055396 0.00545082 0.000185184 0.00194534 0.00351888 0.00717616 0.01 0.00133694 0.00784722
internal_weight=124761 41611 18156 12772 23455 12439 4281 7104 11016 6600 4416 2432 8158 3853 4305 1648 2642 1934 1843 4952 3556 3484 244 3240 1555 1033 386 290 647 144
internal_count=124761 41611 18156 12772 23455 12439 4281 7104 11016 6600 4416 2432 8158 3853 4305 1648 2642 1934 1843 4952 3556 3484 244 3240 1555 1033 386 290 647 144
is_linear=0
shrinkage=0.05


Tree=235
num_leaves=31
num_cat=0
split_feature=0 10 3 0 4 3 0 3 4 8 9 3 11 3 1 9 9 9 8 11 3 8 3 9 8 9 8 11 3 3
split_gain=1.00183 1.46986 3.79086 3.06572 2.89718 2.48397 2.47443 2.45453 3.11295 2.11055 2.07 2.0346 2.02974 2.67018 2.73692 3.0179 3.27554 3.11584 3.87097 2.20425 2.0755 2.49235 2.93014 2.64555 2.02344 1.90689 1.86043 4.41 1.85884 2.97609
threshold=30.500000000000004 1.0000000180025095e-35 -0.51297808981038739 24.500000000000004 -0.4755978891912595 -0.52032787705993211 22.500000000000004 0.23537774960157334 -0.20180761162458913 24.450000000000003 31.31276041666667 0.78857998149907527 1.1064219518172318 -0.41398024697495356 3.5000000000000004 31.758333333333336 33.187239583333344 34.236197916666676 38.45000000000001 0.95673055004893692 0.85673801594079257 35.050000000000004 -0.29343379936893921 32.32473958333334 40.150000000000013 32.437500000000007 14.100000000000001 1.0802921153976739 0.99700008544936913 0.99907018497641664
decision_type=2 2 2 2 2 2 2 2 2 2 2 2 2 2 2 2 2 2 2 2 2 2 2 2 2 2 2 2 2 2
left_child=1 2 5 26 12 9 28 -5 10 -1 -9 -8 13 -4 20 19 -17 18 -18 -16 21 22 -15 24 -23 -25 27 -3 -6 -30
right_child=-2 3 4 7 6 -7 11 8 -10 -11 -12 -13 -14 14 15 16 17 -19 -20 -21 -22 23 -24 25 -26 -27 -28 -29 29 -31
leaf_value=0.0013006640157229767 -3.7656738432863101e-06 0.0013686951652346329 -0.0015531785995912294 -0.0011261020717298837 -0.00032672895609980158 0.0013680531679073887 0.00063036010296921383 -0.0021217477659258577 0.00036880726817303122 0.00021321941780353605 0.00055108926743546152 -0.00078155014167809232 -0.00084855656452835222 0.0037443270477559528 0.00068185347771866937 -0.00084481650720694352 0.0036776044303396291 0.00063012228552660268 0.0050251166620067546 0.002277871689023023 0.0031814687193550853 -0.0024815272758611632 8.2101626745751711e-05 0.0011690585058197417 0.0019477039594044264 -2.4739567870059219e-05 -5.0126838195409295e-05 -0.0026375176585522585 0.00074831962690570649 -0.0003252199114976262
leaf_weight=124 84450 50 310 2646 4991 62 1272 588 1068 4844 96 536 717 155 279 527 93 527 62 434 93 775 403 93 62 1023 18224 50 92 115
leaf_count=124 84450 50 310 2646 4991 62 1272 588 1068 4844 96 536 717 155 279 527 93 527 62 434 93 775 403 93 62 1023 18224 50 92 115
internal_value=-0.000115061 -0.000320137 2.30246e-05 -0.000585777 -0.000441517 0.0011829 -0.00111761 -0.00177126 -0.000319636 0.00105877 -0.00295322 0.000475663 0.000411488 0.000779569 0.00108705 0.00251821 0.00099669 0.00328446 0.00951613 0.00509818 3.07208e-05 -0.000240941 0.00270609 -0.00108295 -0.00320789 0.000510751 -0.000301245 0.0065 -0.0016718 0.00297101
internal_weight=124761 40311 17589 22722 12559 5030 7006 4398 1752 4968 684 1808 5553 4836 4526 1922 1209 682 155 713 2604 2511 558 1953 837 1116 18324 100 5198 207
internal_count=124761 40311 17589 22722 12559 5030 7006 4398 1752 4968 684 1808 5553 4836 4526 1922 1209 682 155 713 2604 2511 558 1953 837 1116 18324 100 5198 207
is_linear=0
shrinkage=0.05


Tree=236
num_leaves=31
num_cat=0
split_feature=0 7 8 4 0 8 1 11 11 8 8 9 9 3 8 7 11 3 0 0 7 11 11 8 3 3 11 7 9 11
split_gain=0.957035 1.49039 1.54435 1.91557 2.84614 1.97507 3.6389 2.76889 3.53059 3.60533 2.60244 3.72841 6.00929 3.20133 2.42445 2.54868 2.10796 1.86203 1.9832 2.47897 1.77681 1.74437 1.69673 1.75407 2.3655 1.641 1.62338 1.55746 1.53132 2.7
threshold=30.500000000000004 26.987500000000004 20.050000000000004 0.76002003530985496 24.500000000000004 30.250000000000004 4.5000000000000009 1.0155449508693135 1.0148452241860666 29.650000000000002 24.350000000000005 21.076822916666668 19.681770833333339 -0.70291267844185523 28.950000000000003 23.562500000000004 1.0267603807040537 0.21862473630160603 6.5000000000000009 19.500000000000004 17.612500000000004 0.99479232557030872 0.98846913179637863 29.150000000000002 -0.49064630004295678 0.99700008544936913 1.0424368712485985 14.312500000000002 22.537239583333335 0.98406169598570792
decision_type=2 2 2 2 2 2 2 2 2 2 2 2 2 2 2 2 2 2 2 2 2 2 2 2 2 2 2 2 2 2
left_child=1 2 17 4 5 6 7 8 21 -10 -8 12 -12 -14 15 -13 28 27 -19 -20 -5 22 23 24 -4 -26 -21 -1 29 -16
right_child=-2 -3 3 20 -6 -7 10 -9 9 -11 11 14 13 -15 16 -17 -18 18 19 26 -22 -23 -24 -25 25 -27 -28 -29 -30 -31
leaf_value=-9.108543962753655e-05 -3.5773901511211403e-06 8.2768670619144205e-05 0.00026374080782131602 -0.00036130193451793929 -0.00064889552240251797 -0.00014612869778361903 -0.00027766124897155231 -0.00051867844617286261 0.00093839957796761813 0.0020409173735029549 0.000199505832159081 -0.00059682266540457074 0.00030962785408912867 0.003849556828968616 0.00075244181862227756 0.0013775079612207131 0.0012263262794965056 0.00047008395729189912 -8.0414131844038961e-05 0.00045183341525341326 0.00015070555725995861 -0.00037618952811032422 0.00038511367621581807 -0.00043784075338078879 -0.00019962544521301726 0.00029738195359538147 0.0015026719679331576 0.0013779451288605847 0.00016788514930973826 0.00035323527892461141
leaf_weight=2630 84450 8410 1091 4348 3549 11791 350 991 75 50 350 305 75 50 50 95 148 560 1040 770 85 779 272 575 970 50 110 67 600 75
leaf_count=2630 84450 8410 1091 4348 3549 11791 350 991 75 50 350 305 75 50 50 95 148 560 1040 770 85 779 272 575 970 50 110 67 600 75
internal_value=-0.000112256 -0.000312695 -0.000468795 -0.000621914 -0.000433136 -0.000187281 0.000481225 -0.000270968 0.000334023 0.0086 0.00222116 0.00300915 0.00678947 0.0162 0.00159858 -0.001625 0.0030756 0.000321614 0.00131048 0.000546874 -0.00157117 5.75316e-05 0.000611899 0.000230825 0.000897678 -0.000833335 0.0025 -0.000587691 0.00196552 0.007
internal_weight=124761 40311 31901 26724 22291 18742 6951 4853 3862 125 2098 1748 475 125 1273 400 873 5177 2480 1920 4433 3737 2958 2686 2111 1020 880 2697 725 125
internal_count=124761 40311 31901 26724 22291 18742 6951 4853 3862 125 2098 1748 475 125 1273 400 873 5177 2480 1920 4433 3737 2958 2686 2111 1020 880 2697 725 125
is_linear=0
shrinkage=0.05


Tree=237
num_leaves=31
num_cat=0
split_feature=0 4 4 8 8 0 11 7 3 0 3 3 3 8 3 9 8 9 11 9 11 3 3 11 11 11 10 5 11 11
split_gain=0.905912 2.8648 3.13231 5.7206 4.67836 3.03734 2.84211 1.75116 3.28582 3.96784 3.52949 2.11468 1.93312 2.15031 2.14557 2.1591 1.83153 1.6636 2.67599 1.65096 2.48442 1.63884 1.81021 2.2535 1.77067 3.17791 1.81481 1.55749 1.67974 3.26317
threshold=18.500000000000004 0.51113019672828186 0.47369649395226454 29.050000000000004 26.050000000000004 8.5000000000000018 0.96654889745673611 17.187500000000004 -0.77245553105869302 25.500000000000004 -0.30983472475487867 -0.87395131947920313 -0.29343379936893921 17.450000000000003 0.91248814248966237 20.255468750000006 24.350000000000005 13.695833333333336 1.0155449508693135 14.060937500000003 1.0574549747388564 0.3504237462291826 0.39827038710620805 1.0058601642303253 1.0515743247573357 1.0700394574466332 1.0000000180025095e-35 1.0000000180025095e-35 1.0598548649382187 1.0480714376785738
decision_type=2 2 2 2 2 2 2 2 2 2 2 2 2 2 2 2 2 2 2 2 2 2 2 2 2 2 2 2 2 2
left_child=1 2 -1 4 -4 17 -6 8 9 11 16 -2 -12 19 15 -15 -10 21 -19 20 -14 24 -23 -24 -3 26 -26 -9 29 -29
right_child=7 5 3 -5 6 -7 -8 27 10 -11 12 -13 13 14 -16 -17 -18 18 -20 -21 -22 22 23 -25 25 -27 -28 28 -30 -31
leaf_value=-1.8430268525577474e-05 0.0012145583796197203 -0.00022730486249456655 -9.4016112954589952e-05 -0.00052449761136706078 0.00018297250348462091 -0.00024092517134166269 0.0035515235856130312 -6.6241686667798988e-05 -0.00082472581991418082 -0.0010373241811807282 0.001481553345165735 0.0014664245429801776 -0.00092246630301451868 0.00024260529567453803 -0.0005276997945247462 0.0011277192023749682 1.3073467635952305e-05 3.3926846873467288e-05 -0.00049113942898500868 0.0015498871460842799 0.00022527060778138402 0.00094550846691617084 0.00079219814265287414 -0.00014517230530710533 0.000303417478058028 -2.6158681348521981e-05 0.001659962747681823 0.00028171098975483301 -0.0003483523473614757 0.0021775468830105061
leaf_weight=16070 56 495 57 133 57 4390 57 75967 1525 62 122 70 1594 11797 674 156 1345 1854 747 153 1451 90 162 243 54 252 54 3724 1232 118
leaf_count=16070 56 495 57 133 57 4390 57 75967 1525 62 122 70 1594 11797 674 156 1345 1854 747 153 1451 90 162 243 54 252 54 3724 1232 118
internal_value=-0.000108248 -0.000379325 4.8846e-06 0.00503289 0.0110819 -0.00113356 0.0169298 -4.12822e-05 0.000390685 0.00696808 0.000324971 0.0120635 0.000615475 0.000567139 0.000860457 0.00101523 -0.0012892 -0.000127817 -0.000866975 -0.000590996 -0.00084565 0.0012963 0.00358586 0.00216049 -2.9241e-05 0.00263889 0.00981481 -0.000142583 0.000705557 0.00122072
internal_weight=124761 24715 16374 304 171 8341 114 100046 19005 188 18817 126 15947 15825 12627 11953 2870 3951 2601 3198 3045 1350 495 405 855 360 108 81041 5074 3842
internal_count=124761 24715 16374 304 171 8341 114 100046 19005 188 18817 126 15947 15825 12627 11953 2870 3951 2601 3198 3045 1350 495 405 855 360 108 81041 5074 3842
is_linear=0
shrinkage=0.05


Tree=238
num_leaves=31
num_cat=0
split_feature=0 10 3 3 3 4 11 0 4 11 0 0 1 3 11 8 9 11 1 3 3 9 9 9 8 11 3 8 11 11
split_gain=0.908472 1.50551 3.70694 3.19851 4.4371 3.59947 5.34309 3.31865 2.87044 2.70356 2.52466 2.51528 2.34194 2.41935 3.90323 2.19192 2.06283 1.86495 2.33411 2.1802 1.95049 2.61922 3.06897 2.87155 3.49355 1.86203 1.8277 1.81409 4.42968 5.14786
threshold=30.500000000000004 1.0000000180025095e-35 -0.49064630004295678 -0.41398024697495356 -0.66528616069191593 -0.67168186667784702 0.9984557137694885 23.500000000000004 -0.4755978891912595 1.1135526900622577 22.500000000000004 10.500000000000002 1.5000000000000002 -0.70291267844185523 1.0689154666101566 30.850000000000005 20.559895833333336 1.1064219518172318 3.5000000000000004 0.85673801594079257 -0.41398024697495356 31.758333333333336 33.187239583333344 34.236197916666676 38.45000000000001 0.95673055004893692 0.78857998149907527 29.350000000000005 0.99733561582144803 0.97297253075836154
decision_type=2 2 2 2 2 2 2 2 2 2 2 2 2 2 2 2 2 2 2 2 2 2 2 2 2 2 2 2 2 2
left_child=1 2 16 4 5 6 15 27 17 -6 -10 -5 -8 -14 -15 -3 -1 18 19 -4 -20 25 -23 24 -24 -22 -12 28 29 -7
right_child=-2 3 8 11 9 7 12 -9 10 -11 26 -13 13 14 -16 -17 -18 -19 20 -21 21 22 23 -25 -26 -27 -28 -29 -30 -31
leaf_value=0.00040718729771907903 -4.038275284041528e-06 0.00058372282069791474 -0.00016943380981908858 0.00010621214037320585 -0.0014368470500592111 0.00014939306445561931 0.00041091378601636018 -0.0011442157990558365 -0.00029774783155714791 0.00054070083612081502 0.00062187142618402792 -0.00010702191788198092 0.0033925870265790535 0.0025597783887685004 -0.0016640368943793679 -0.0023143122402849397 0.00019533480486267938 -0.0009633651283690684 -0.0060099736632328489 0.0030325356831848796 0.00065598875214819587 -0.00080579260195127946 0.0034905072887179674 0.00059539925114559036 0.0047708829693691853 0.0021641947631446108 -0.0007152849374653051 -0.00036752798526834253 -0.00069072704589256517 0.00062682207766442738
leaf_weight=620 84450 66 2697 4963 2139 888 124 1316 5106 217 1240 9009 62 62 62 186 4596 686 93 93 279 527 93 527 62 434 536 3004 480 144
leaf_count=620 84450 66 2697 4963 2139 888 124 1316 5106 217 1240 9009 62 62 62 186 4596 686 93 93 279 527 93 527 62 434 536 3004 480 144
internal_value=-0.000106244 -0.000301532 4.5766e-05 -0.000570374 -0.00132 -0.000636535 0.00318505 -0.0010048 -0.000425525 -0.00317487 -0.00110578 -0.000100917 0.00758064 0.011129 0.00709677 -0.00222222 0.00116373 0.000427061 0.000775233 -0.000161292 0.00207196 0.00241415 0.00099669 0.00321114 0.00919355 0.00481767 0.000518017 -0.00036094 0.00105159 0.00289729
internal_weight=124761 40311 17589 22722 8750 6394 562 5832 12373 2356 6882 13972 310 186 124 252 5216 5491 4805 2790 2015 1922 1209 682 155 713 1776 4516 1512 1032
internal_count=124761 40311 17589 22722 8750 6394 562 5832 12373 2356 6882 13972 310 186 124 252 5216 5491 4805 2790 2015 1922 1209 682 155 713 1776 4516 1512 1032
is_linear=0
shrinkage=0.05


Tree=239
num_leaves=31
num_cat=0
split_feature=0 4 8 10 3 3 4 9 11 11 4 8 3 8 11 11 8 11 1 8 4 9 8 8 8 4 3 8 9 1
split_gain=0.866504 1.25093 1.26042 1.18851 3.30441 2.92449 3.16245 3.96825 2.82856 3.60429 2.42333 2.38729 3.25521 2.32867 2.2774 5.40893 2.26345 2.32315 2.19178 2.25781 2.06151 2.03223 1.98579 3.77954 1.96995 2.00497 2.63001 5.04167 1.9568 1.93773
threshold=31.500000000000004 -0.99938741687870725 39.650000000000013 1.0000000180025095e-35 -0.49064630004295678 -0.30983472475487867 0.62420859727530387 22.537239583333335 1.0515743247573357 1.0561939355068173 0.029024409397335523 29.750000000000004 -0.11692013674435776 38.150000000000013 1.0707669999226173 1.0515743247573357 38.850000000000001 1.1064219518172318 5.5000000000000009 38.45000000000001 0.9980355542543059 20.559895833333336 31.250000000000004 31.450000000000003 37.250000000000007 -0.91249077947840473 -0.35846811432664222 32.150000000000013 31.196614583333339 3.5000000000000004
decision_type=2 2 2 2 2 2 2 2 2 2 2 2 2 2 2 2 2 2 2 2 2 2 2 2 2 2 2 2 2 2
left_child=1 2 -1 4 21 6 7 -5 -9 -10 11 12 -7 24 15 20 18 -18 -15 -20 -12 -3 -13 -24 25 26 27 -6 -27 -17
right_child=-2 3 -4 5 13 10 -8 8 9 -11 14 22 -14 16 -16 29 17 -19 19 -21 -22 -23 23 -25 -26 28 -28 -29 -30 -31
leaf_value=0.0010764561477534058 -3.3751323120509363e-06 0.00039150109171250949 -0.00022922794611870598 0.00036196621255456192 -0.0040320074208452013 0.0019069822954602838 -0.00078507881622069762 -0.00052700937058116476 0.0020732541180544448 3.8289415228627671e-05 8.7790249048769371e-05 -0.00072014339802908183 0.00023124150659244001 0.00046363276803978028 -0.0004275826182959893 0.00050695301432062171 0.00045732872818250443 -0.0023495923850499513 0.0020269542571106371 0.0026185556623672317 -0.0010565724002771424 0.00016680359188954105 0.0033426675901397796 -0.00023259566972681978 -0.0027849790123475578 -0.00025779326515504617 4.3597352666408842e-05 0.0047020208447826357 0.0022337381769289588 0.0010348131956884022
leaf_weight=192 83150 640 192 480 64 64 1920 5768 96 1728 5312 512 192 416 704 224 1728 420 64 64 288 4744 64 5719 512 7648 1408 128 128 192
leaf_count=192 83150 640 192 480 64 64 1920 5768 96 1728 5312 512 192 416 704 224 1728 420 64 64 288 4744 64 5719 512 7648 1408 128 128 192
internal_value=-0.000102237 -0.000288507 0.00255208 -0.000314965 -9.46456e-06 -0.000550876 -0.00119696 -0.000763133 -0.00104189 0.000674341 -6.44274e-05 -0.000748742 0.00398437 -0.000453101 0.000602677 0.000917552 0.000850667 0.000121042 0.00373162 0.00945312 0.000508927 0.00102712 -0.000941224 -0.000676985 -0.000808051 -0.000643133 0.000968749 0.00645833 -0.000974795 0.00641827
internal_weight=124761 41611 384 41227 17964 23263 9992 8072 7592 1824 13271 6551 256 12580 6720 6016 2692 2148 544 128 5600 5384 6295 5783 9888 9376 1600 192 7776 416
internal_count=124761 41611 384 41227 17964 23263 9992 8072 7592 1824 13271 6551 256 12580 6720 6016 2692 2148 544 128 5600 5384 6295 5783 9888 9376 1600 192 7776 416
is_linear=0
shrinkage=0.05


Tree=240
num_leaves=31
num_cat=0
split_feature=0 10 3 8 0 8 0 4 4 3 11 1 3 3 8 0 3 9 3 3 9 3 11 8 1 9 9 9 0 9
split_gain=0.849974 1.42376 3.0236 2.67582 2.79466 2.72032 2.71415 2.60339 2.32713 1.97564 1.80966 2.21746 2.19059 1.95594 2.9381 1.78871 1.76999 1.7452 1.69816 2.51304 1.57334 2.22691 2.13306 1.5724 1.56774 1.51193 1.96873 2.21381 1.64003 1.50303
threshold=30.500000000000004 1.0000000180025095e-35 -0.49064630004295678 21.750000000000004 4.5000000000000009 18.950000000000003 24.500000000000004 0.7487283477006671 -0.4755978891912595 0.93845596220871974 1.1064219518172318 3.5000000000000004 0.85673801594079257 -0.065535378769913874 37.45000000000001 22.500000000000004 0.06553689391773225 20.559895833333336 0.99700008544936913 0.99907018497641664 32.087760416666676 -0.41398024697495356 0.9621683328328906 19.450000000000003 1.5000000000000002 29.150520833333335 29.525520833333335 29.764843750000001 15.500000000000002 30.048697916666672
decision_type=2 2 2 2 2 2 2 2 2 2 2 2 2 2 2 2 2 2 2 2 2 2 2 2 2 2 2 2 2 2
left_child=1 2 17 4 5 -3 7 -5 10 -8 11 12 25 20 29 18 -6 24 -10 -20 21 -13 -23 -17 -1 28 -27 -28 -4 -15
right_child=-2 3 8 6 16 -7 9 -9 15 -11 -12 13 -14 14 -16 23 -18 -19 19 -21 -22 22 -24 -25 -26 26 27 -29 -30 -31
leaf_value=0.00076471382300039785 -3.5913613132293691e-06 4.8933661915526392e-05 -0.00063740908208119809 -5.3986982275588723e-05 -0.00021705386773472783 0.0010571027519339295 -0.0010308913217459039 -0.00076060717101264865 -0.00030720242793913315 0.00039906375017083524 -0.00087127299445340144 -0.0056965853168134519 0.0028580424626165127 0.0012135420227845993 0.00063803958078300662 0.0010373256282374327 0.00012056069792643986 0.00017722788502506806 0.00074690864871149024 -0.00026305629524254429 -0.0013949193361920843 -0.00046056370955479728 0.0033216299744518681 -0.00023039616480862379 0.00016496792668548195 -0.0026514697952828171 0.002324542741128378 -0.00019806865050936364 0.002581118573203387 0.0033007972688983383
leaf_weight=155 84450 325 80 14274 1196 255 3228 1150 4899 474 686 93 93 155 1116 512 1820 4596 92 115 217 124 124 1264 465 341 93 2108 75 186
leaf_count=155 84450 325 80 14274 1196 255 3228 1150 4899 474 686 93 93 155 1116 512 1820 4596 92 115 217 124 124 1264 465 341 93 2108 75 186
internal_value=-0.000100233 -0.000289128 4.86087e-05 -0.000550569 0.000700777 0.00387931 -0.000785842 -0.000494036 -0.000377032 -0.00200162 0.000390638 0.00073361 -0.000179213 0.00199752 0.00296156 -0.000989539 8.95214e-05 0.00105828 -0.00146494 0.00297101 -0.000519714 0.00159824 0.00407258 0.000377251 0.00354839 -0.000439378 -0.000731709 -0.000184008 0.00435484 0.00702346
internal_weight=124761 40311 17589 22722 3596 580 19126 15424 12373 3702 5491 4805 2790 2015 1457 6882 3016 5216 5106 207 558 341 248 1776 620 2697 2542 2201 155 341
internal_count=124761 40311 17589 22722 3596 580 19126 15424 12373 3702 5491 4805 2790 2015 1457 6882 3016 5216 5106 207 558 341 248 1776 620 2697 2542 2201 155 341
is_linear=0
shrinkage=0.05


Tree=241
num_leaves=31
num_cat=0
split_feature=0 4 0 4 8 9 1 3 3 7 0 3 11 11 8 9 3 11 4 8 9 11 7 11 0 7 0 8 9 5
split_gain=0.927338 2.61275 2.54215 1.91111 3.35105 3.81511 2.59091 1.88781 2.30063 1.50664 2.86925 2.10174 2.0559 5.16987 3.38818 3.25642 3.05099 3.00116 2.87091 2.91914 2.497 3.13009 2.83266 2.25288 2.57716 1.69655 1.63174 2.6602 2.01814 1.54026
threshold=18.500000000000004 0.51113019672828186 7.5000000000000009 0.46611290379786346 30.150000000000002 19.681770833333339 4.5000000000000009 -0.03977009085991149 0.59177612190863982 18.962500000000006 87.500000000000014 -0.19337636264337835 1.0234135063856429 0.9984557137694885 18.050000000000004 13.511197916666669 -0.57078386445773377 1.0400758936931782 0.99611390731392835 17.150000000000002 16.217187500000005 1.0167864286959365 13.312500000000002 1.0166260076336997 49.500000000000007 14.912500000000003 81.500000000000014 24.050000000000004 16.980989583333336 1.0000000180025095e-35
decision_type=2 2 2 2 2 2 2 2 2 2 2 2 2 2 2 2 2 2 2 2 2 2 2 2 2 2 2 2 2 2
left_child=1 3 7 -1 5 -5 -7 -3 -9 10 12 -12 13 15 -15 -2 -16 -14 19 25 21 23 -22 -18 -25 -17 27 -24 -28 -11
right_child=9 2 -4 4 -6 6 -8 8 -10 29 11 -13 17 14 16 18 20 -19 -20 -21 22 -23 26 24 -26 -27 28 -29 -30 -31
leaf_value=-2.2097655485227148e-05 -0.00056252245770714712 -0.00018140254950604277 -0.0002188284156430907 -0.0017501543106203503 -0.00078898629461583009 0.00019811468216500419 0.0034170845825649459 0.00034041856481356923 -0.00015582274412856594 -7.2460239267711744e-05 -0.00076737731194980005 -5.3958985118823891e-05 -0.00037244240558377887 -0.0010405823147678767 -0.001461027221430256 0.0001306908090916226 0.00076929025288028068 0.00021973667259972992 0.0011834930114720055 0.00011467868931708735 0.00011246335689624834 -0.00066044732439737635 0.0016052905062510356 0.00083089210318949315 0.0029631327460858769 0.0029318372769565233 0.0014200022003729032 0.0011315520116847698 -0.00088893285870510945 0.00021859129409189111
leaf_weight=16013 2282 1568 4829 57 95 152 57 1248 696 70884 1031 2461 3145 414 266 53 2555 4234 356 5925 275 408 163 61 59 85 78 410 75 4826
leaf_count=16013 2282 1568 4829 57 95 152 57 1248 696 70884 1031 2461 3145 414 266 53 2555 4234 356 5925 275 408 163 61 59 85 78 410 75 4826
internal_value=-0.000103038 -0.000377302 -0.00109759 -1.03835e-05 0.00358726 0.00646616 0.0095933 -7.40331e-05 0.000967077 -3.5285e-05 0.000306951 -0.00101947 0.000529168 0.000896768 0.00222082 0.000171818 0.00263218 -0.000141619 0.000748558 0.000492329 0.00297013 0.00226565 0.00513986 0.00288785 0.00958333 0.00768116 0.00677686 0.00800174 0.00218954 -0.000145292
internal_weight=124761 24715 8341 16374 361 266 209 3512 1944 100046 24336 3492 20844 13465 4764 8701 4350 7379 6419 6063 4084 3083 1001 2675 120 138 726 573 153 75710
internal_count=124761 24715 8341 16374 361 266 209 3512 1944 100046 24336 3492 20844 13465 4764 8701 4350 7379 6419 6063 4084 3083 1001 2675 120 138 726 573 153 75710
is_linear=0
shrinkage=0.05


Tree=242
num_leaves=31
num_cat=0
split_feature=0 10 7 0 9 11 11 0 0 0 4 0 8 6 5 1 9 9 3 8 0 0 1 0 3 0 8 4 8 11
split_gain=0.922734 1.19733 1.96026 4.02327 2.2926 4.14879 5.91844 1.7588 3.69186 1.69435 3.05211 3.38487 2.43787 2.30028 2.36364 2.53125 2.20607 2.82904 3.03192 2.75564 3.17659 2.56753 2.35119 2.12054 2.09863 4.80859 7.17865 7.05768 3.92963 3.20173
threshold=30.500000000000004 1.0000000180025095e-35 28.737500000000004 45.500000000000007 30.048697916666672 0.99290724717615986 0.94542443323476821 66.500000000000014 78.500000000000014 63.500000000000007 -0.81925291736142491 59.500000000000007 32.050000000000004 1.0000000180025095e-35 1.0000000180025095e-35 1.0000000180025095e-35 17.649479166666669 16.131770833333338 -0.26037633224328088 20.050000000000004 75.500000000000014 92.500000000000014 1.0000000180025095e-35 70.500000000000014 0.20180702842483325 37.500000000000007 25.650000000000002 0.071972700440407641 33.95000000000001 0.98909232329172436
decision_type=2 2 2 2 2 2 2 2 2 2 2 2 2 2 2 2 2 2 2 2 2 2 2 2 2 2 2 2 2 2
left_child=-1 2 4 -4 -2 6 -6 -5 -9 10 11 -3 13 16 -15 -16 17 18 -11 22 -21 -22 -20 -19 28 26 -26 -28 -12 -29
right_child=1 9 3 7 5 -7 -8 8 -10 12 24 -13 -14 14 15 -17 -18 23 19 20 21 -23 -24 -25 25 -27 27 29 -30 -31
leaf_value=-5.7292230013292639e-05 5.911719598215557e-06 -0.00041289692543222835 -0.0010806723744481081 0.00011949581087326684 0.0018385295705649063 -0.00089894867517490915 0.0057177677780407771 -0.0011405332105835181 0.00020531327796694031 -0.0015728543075726699 5.6767308442449886e-05 0.0010645094207362693 0.00018822700213827872 0.0002438385489373027 0.00017804717900816921 0.0022559513618316748 -0.00034961584300994219 -0.00066388037953347132 0.00069188339116253988 -0.00065237344105682489 0.0018363582872767984 -0.00062716521578905487 -0.00031274863642101502 0.0010031035897678385 -0.00034859347613578809 0.00022927244255703424 0.00075561560236702828 0.0015314592953384696 0.0049554590565704833 0.002978960407699282
leaf_weight=40311 20141 4437 3881 6838 106 202 79 2937 2654 512 10395 612 8319 704 64 64 9408 231 416 204 289 51 2336 825 672 6838 784 105 66 280
leaf_count=40311 20141 4437 3881 6838 106 202 79 2937 2654 512 10395 612 8319 704 64 64 9408 231 416 204 289 51 2336 825 672 6838 784 105 66 280
internal_value=-0.000102237 -8.29012e-06 -0.000222326 -0.000631516 0.000102785 0.00391473 0.00932432 -0.000192696 -0.000850475 0.000157312 0.000450824 -0.000642703 -0.000145798 -0.000524366 0.00203125 0.00828125 -0.000673348 0.000191199 -0.000443804 0.000112256 0.00336397 0.00632353 -0.000530524 0.00248106 0.000739288 0.00131409 0.00358229 0.00594953 0.000262402 0.0114935
internal_weight=124761 84450 36838 16310 20528 387 185 12429 5591 47612 24189 5049 23423 15104 832 128 14272 4864 3808 3296 544 340 2752 1056 19140 8679 1841 1169 10461 385
internal_count=124761 84450 36838 16310 20528 387 185 12429 5591 47612 24189 5049 23423 15104 832 128 14272 4864 3808 3296 544 340 2752 1056 19140 8679 1841 1169 10461 385
is_linear=0
shrinkage=0.05


Tree=243
num_leaves=31
num_cat=0
split_feature=0 4 8 1 0 0 11 3 8 8 8 8 8 10 9 11 8 8 7 11 0 8 7 9 8 11 11 8 7 6
split_gain=0.804307 1.12418 1.50156 1.04618 1.85324 2.2878 2.33394 1.49492 1.59303 4.14205 1.34774 1.44367 2.60738 2.96299 2.60741 1.31091 1.12613 3.47143 2.00035 1.20531 3.15737 4.03457 5.16009 1.43883 2.14355 1.60321 3.23293 2.30476 1.60086 1.99957
threshold=31.500000000000004 -0.99864786094873803 33.750000000000007 5.5000000000000009 38.500000000000007 60.500000000000007 1.0400758936931782 -0.98930078251469888 37.95000000000001 38.95000000000001 27.750000000000004 19.750000000000004 20.750000000000004 1.0000000180025095e-35 16.980989583333336 0.88973885209876746 18.450000000000003 16.300000000000001 10.212500000000004 0.92774199459266771 73.500000000000014 30.250000000000004 22.212500000000006 29.179166666666671 34.250000000000007 1.0561939355068173 1.0315188957178159 37.150000000000013 25.062500000000004 1.0000000180025095e-35
decision_type=2 2 2 2 2 2 2 2 2 2 2 2 2 2 2 2 2 2 2 2 2 2 2 2 2 2 2 2 2 2
left_child=1 2 -1 -2 -5 6 7 -6 10 -10 11 -9 13 -13 -14 -7 17 -17 -19 20 -18 22 -22 28 -25 26 -26 -28 29 -21
right_child=3 -3 -4 4 5 15 -8 8 9 -11 -12 12 14 -15 -16 16 19 18 -20 23 21 -23 -24 24 25 -27 27 -29 -30 -31
leaf_value=0.0024613139467077453 -2.8112918743359712e-05 -6.0946667157191399e-05 0.00013101230752213041 -0.00066345952390203767 0.0021277817052938095 -0.00081894502287127276 -0.00018167135488330531 2.9196310457765168e-05 0.0051276516958925567 -0.00041782702458800791 0.0003610926132701935 0.0017839894624957803 -0.0003002820367894496 0.0064501738091313782 0.0016662920567740989 -0.00058653377466827698 -0.00066672431836282433 0.0011777855646706832 0.0018721574101399664 -2.3861077159638319e-05 8.5592899708554528e-05 0.00042626570853743331 0.0032401483357798557 0.0017103568395056741 -0.00032984797829469821 -0.0011795878504652587 0.0033320132470393616 0.00087955670379426688 -0.00073844888175676694 0.0017792150434309843
leaf_weight=64 70806 40971 576 1351 88 315 1056 308 88 88 1804 154 264 66 330 105 221 50 55 2366 71 220 83 377 490 560 105 105 1564 60
leaf_count=64 70806 40971 576 1351 88 315 1056 308 88 88 1804 154 264 66 330 105 221 50 55 2366 71 220 83 377 490 560 105 105 1564 60
internal_value=-0.000103038 -0.000282499 0.00179687 -1.32303e-05 0.000411535 0.000626306 0.00153556 0.00221003 0.00202772 0.00664773 0.00174983 0.00311052 0.00421376 0.00886364 0.00249158 5.40969e-05 0.000208332 0.00380952 0.0102381 8.67876e-05 0.00222689 0.00502674 0.0112338 -0.000139507 0.00110873 0.000119046 0.00171428 0.00690476 -0.00065163 0.000152513
internal_weight=124761 41611 640 83150 12344 10993 4246 3190 3102 176 2926 1122 814 220 594 6747 6432 210 105 6222 595 374 154 5627 1637 1260 700 210 3990 2426
internal_count=124761 41611 640 83150 12344 10993 4246 3190 3102 176 2926 1122 814 220 594 6747 6432 210 105 6222 595 374 154 5627 1637 1260 700 210 3990 2426
is_linear=0
shrinkage=0.05


Tree=244
num_leaves=31
num_cat=0
split_feature=0 4 0 9 11 8 4 4 4 1 11 7 9 8 8 1 4 7 11 8 11 10 4 11 4 7 1 3 9 8
split_gain=0.71909 2.15874 2.35228 1.70995 2.04737 1.62542 2.62759 1.5517 1.947 1.52906 2.09639 2.88722 1.50139 1.98001 3.52083 1.43183 2.17602 3.83193 1.33247 1.32392 1.26466 1.87206 1.25275 1.24571 1.7648 2.1238 1.37028 3.20466 2.98509 3.5861
threshold=18.500000000000004 0.51113019672828186 7.5000000000000009 13.370572916666669 1.0155449508693135 30.250000000000004 0.49626980634301188 0.38043945030393422 0.34033495509342487 4.5000000000000009 0.99415218657029769 22.062500000000004 12.247135416666669 19.150000000000002 18.950000000000003 1.0000000180025095e-35 0.27487873330147788 18.062500000000004 0.96524820720628701 30.550000000000004 0.90891411467879568 1.0000000180025095e-35 0.29137697329261131 1.1396426947228491 -0.75013812021657655 27.212500000000006 2.5000000000000004 0.13398903995667991 28.080729166666668 33.050000000000004
decision_type=2 2 2 2 2 2 2 2 2 2 2 2 2 2 2 2 2 2 2 2 2 2 2 2 2 2 2 2 2 2
left_child=1 5 3 12 -5 6 9 8 19 15 18 -12 -3 14 -14 16 -1 -18 20 -7 -11 -22 -23 26 25 -25 -21 -28 -29 -30
right_child=-2 2 -4 4 -6 7 -8 -9 -10 10 11 -13 13 -15 -16 -17 17 -19 -20 23 21 22 -24 24 -26 -27 27 28 29 -31
leaf_value=-0.00011982568523456433 -1.3493476066455301e-05 2.4493871998149354e-05 -0.00020197505000241184 2.4857981722486381e-05 -0.00039497198510053287 -0.00115673892074304 0.0032521422982952231 -0.0010429509420750956 0.0016340944716764162 -0.00024970570964083066 3.1276966722364238e-05 0.0018832181269058668 0.00035840723863046563 -1.3210361400520056e-05 0.0019235744050512074 -4.7718282723430909e-05 7.7503203844700563e-06 0.00059345213773540507 -0.0010602405425684655 -0.00020483394876319395 0.00036177148366809211 0.00035854989983868598 -0.00010607092982259162 0.00077283301255524559 -0.0022434628061948902 -0.00053673266708789713 -0.00016353145479303005 -7.8647374317586958e-05 0.0031835299610083801 0.00076551786010993538
leaf_weight=190 100046 672 4829 1728 680 285 57 190 57 190 114 152 192 176 64 1733 84 68 95 5157 95 133 114 167 388 270 3835 1043 57 1900
leaf_count=190 100046 672 4829 1728 680 285 57 190 57 190 114 152 192 176 64 1733 84 68 95 5157 95 133 114 167 388 270 3835 1043 57 1900
internal_value=-0.000105443 -0.000346956 -0.00100168 -1.70855e-05 -0.000764121 -1.34371e-05 0.00103306 -0.000250582 -0.000185806 0.00082884 0.00255879 0.00627819 0.00161232 0.00391204 0.00671875 8.43362e-05 0.00304093 0.0075 0.00098086 -0.000225921 0.00195489 0.00377193 0.00147773 -0.000150973 -0.0020303 0.00014874 -2.16823e-05 0.000442574 0.00166667 0.00281809
internal_weight=124761 24715 8341 3512 2408 16374 3025 13349 13159 2968 893 266 1104 432 256 2075 342 152 627 13102 532 342 247 12817 825 437 11992 6835 3000 1957
internal_count=124761 24715 8341 3512 2408 16374 3025 13349 13159 2968 893 266 1104 432 256 2075 342 152 627 13102 532 342 247 12817 825 437 11992 6835 3000 1957
is_linear=0
shrinkage=0.05


Tree=245
num_leaves=31
num_cat=0
split_feature=11 11 11 0 0 11 3 8 0 7 11 11 8 8 8 3 8 11 4 11 3 3 1 3 1 9 9 9 11 0
split_gain=0.879792 1.27545 3.46568 3.16329 5.11138 1.45014 2.38603 4.42976 2.36004 2.25437 1.24948 2.7277 2.68051 4.34675 3.57554 3.54344 3.45686 4.30557 3.91625 3.4951 2.86398 2.70937 2.64011 2.62587 2.53125 2.24543 5.16132 2.20317 3.43779 3.27218
threshold=1.2099088115144543 1.1649345393363679 1.1589671265514687 21.500000000000004 70.500000000000014 1.1338093104982068 -0.32614396506100213 32.650000000000013 17.500000000000004 38.712500000000013 1.0779742005359896 1.0764862315683601 34.850000000000001 40.350000000000001 32.850000000000001 -0.30983472475487867 29.850000000000005 1.0809870857286303 0.97648852793709995 1.0891277928364806 -0.34235669412071207 0.99865421017599998 2.5000000000000004 -0.38242426011641079 1.5000000000000002 28.980208333333337 31.483072916666668 32.087760416666676 1.1049966690345681 78.500000000000014
decision_type=2 2 2 2 2 2 2 2 2 2 2 2 2 2 2 2 2 2 2 2 2 2 2 2 2 2 2 2 2 2
left_child=1 2 5 -4 -5 10 7 -7 -9 -8 11 -1 14 15 16 23 18 -18 -12 21 22 -19 24 -14 -21 -17 -27 -28 29 -29
right_child=-2 -3 3 4 -6 6 9 8 -10 -11 12 -13 13 -15 -16 25 17 19 -20 20 -22 -23 -24 -25 -26 26 27 28 -30 -31
leaf_value=-3.2327600942966305e-05 0.00052009842398722812 -0.00050510987946150699 -0.00063905337685757975 0.0044133960620604982 -0.0012885877594414621 -0.00051304141472245809 -0.0011758064824659525 0.0013018046064783391 0.0006236882748161005 0.0035830916241713518 -0.00063281348762738083 -0.0037669086695775976 0.0017057310834134101 -0.00049588261655398441 -0.00105858689447686 -6.4140539954841709e-05 0.0028669231181963849 -0.00073544393576566169 0.00021169016829897174 0.0021669371910298866 -0.00030702856489782534 0.00093583563214985448 0.00066931638739311399 -0.0046966260809500867 0.0030621534009025522 0.0016821129579728828 -0.00016464819281396346 0.0028596423707959941 0.00047937168034410855 0.0052367646659849752
leaf_weight=105751 672 1536 74 147 75 960 1575 72 312 57 1434 384 96 1440 2208 480 96 864 1920 384 384 96 672 288 192 768 672 237 864 51
leaf_count=105751 672 1536 74 147 75 960 1575 72 312 57 1434 384 96 1440 2208 480 96 864 1920 384 384 96 672 288 192 768 672 237 864 51
internal_value=-0.000107847 -0.000117618 -9.96724e-05 0.00530405 0.00828829 -0.000112755 -0.00120296 0.000357142 0.00489583 -0.00248775 -8.55555e-05 -0.000142508 0.000374257 0.00130106 -0.000175759 0.00226273 0.000453491 0.00178943 -0.000617175 0.00140432 0.0028125 -0.000989585 0.00397436 -0.00226563 0.00645833 0.00282877 0.00341049 0.00196272 0.00328993 0.00802083
internal_weight=124761 124089 122553 296 222 122257 2976 1344 384 1632 119281 106135 13146 4896 8250 3456 6042 2688 3354 2592 1632 960 1248 384 576 3072 2592 1824 1152 288
internal_count=124761 124089 122553 296 222 122257 2976 1344 384 1632 119281 106135 13146 4896 8250 3456 6042 2688 3354 2592 1632 960 1248 384 576 3072 2592 1824 1152 288
is_linear=0
shrinkage=0.05


Tree=246
num_leaves=31
num_cat=0
split_feature=0 3 3 4 0 11 3 8 11 3 9 10 3 6 8 7 1 3 3 9 11 11 0 11 0 3 7 3 0 3
split_gain=0.839812 1.92717 2.01696 2.20937 1.94929 1.9661 1.7283 1.72808 2.22368 2.13158 2.1132 2.63617 4.21228 3.358 1.76612 1.54026 1.46289 2.15379 2.62029 1.74984 1.69194 1.62204 2.32222 1.58732 1.38587 2.83014 1.30354 2.83659 3.57068 2.77432
threshold=18.500000000000004 -0.86546281643016554 -0.03977009085991149 0.87291090774974645 8.5000000000000018 1.1098813432497676 -0.9954993026558282 28.250000000000004 0.83998462250459582 -0.90893996196865023 25.676822916666669 1.0000000180025095e-35 -0.92274349529687905 1.0000000180025095e-35 33.350000000000001 5.0375000000000005 4.5000000000000009 -0.98664820696349753 -0.90893996196865023 25.771875000000005 0.88973885209876746 0.99479232557030872 9.5000000000000018 0.9987604681581238 6.5000000000000009 -0.97694226132849327 17.187500000000004 -0.77245553105869302 25.500000000000004 -0.30983472475487867
decision_type=2 2 2 2 2 2 2 2 2 2 2 2 2 2 2 2 2 2 2 2 2 2 2 2 2 2 2 2 2 2
left_child=1 6 3 -3 5 15 -1 8 -8 -10 11 12 -9 -13 16 -4 19 -18 21 -12 -21 22 -19 -22 25 -16 27 28 -2 -29
right_child=26 2 4 -5 -6 -7 7 10 9 -11 14 13 -14 -15 24 -17 17 18 -20 20 23 -23 -24 -25 -26 -27 -28 29 -30 -31
leaf_value=-0.00041900815327303929 0.0013980223616576069 -0.00015956577385426579 0.0010921815726821055 -0.00046955470791741703 -0.00010169095009908885 -0.00098248356108339473 -0.0011774415595197747 0.0021654384429103733 0.00080544627310671696 0.00020613985299094986 0.0013129738353100352 -0.001240342193508443 -0.00027091873303211101 0.0001984796895348921 0.0010099167251192715 0.00011187357944832213 0.0020162474461345183 -0.00032549309189913462 0.001260802583172271 0.0029115626316476959 -0.00047532348979018594 -0.00066232235923711859 0.0018621353738703062 0.00043147544866181875 -0.00099305451830899896 -0.0027570751987740991 -4.2445755065071419e-05 -0.00043330083750077681 -0.00089233186246619092 0.00014642433955758851
leaf_weight=597 126 6746 68 1748 6508 413 57 95 57 114 57 513 190 95 56 5386 95 110 76 76 513 152 99 589 228 77 81041 2870 62 15947
leaf_count=597 126 6746 68 1748 6508 413 57 95 57 114 57 513 190 95 56 5386 95 110 76 76 513 152 99 589 228 77 81041 2870 62 15947
internal_value=-0.000112256 -0.000373256 -0.000562798 -0.00115611 -0.000155557 0.000505368 0.000655225 0.00110957 0.00530702 0.00815789 0.000792783 -0.0012486 0.0027193 -0.00310855 0.00164943 0.000757241 0.00230051 0.00449248 0.00300915 0.00135627 0.000942274 0.00123269 0.00409091 0.000444645 -0.0015374 0.0025188 -4.77792e-05 0.000324913 0.00643617 0.000263856
internal_weight=124761 24715 20869 8494 12375 5867 3846 3249 228 171 3021 893 285 608 2128 5454 1767 532 437 1235 1178 361 209 1102 361 133 100046 19005 188 18817
internal_count=124761 24715 20869 8494 12375 5867 3846 3249 228 171 3021 893 285 608 2128 5454 1767 532 437 1235 1178 361 209 1102 361 133 100046 19005 188 18817
is_linear=0
shrinkage=0.05


Tree=247
num_leaves=31
num_cat=0
split_feature=0 11 11 7 9 8 3 11 8 3 8 8 10 8 3 8 3 8 9 11 8 3 6 3 11 3 8 0 11 4
split_gain=0.770672 1.88249 1.89365 1.72222 3.03509 2.50001 2.043 2.48681 2.04252 1.90103 2.95821 2.70016 5.03908 1.87138 1.93976 3.47304 2.03623 5.89536 1.63011 2.6646 4.301 2.33145 1.94057 1.89345 1.85132 1.63997 1.56899 1.53451 1.53292 1.5949
threshold=18.500000000000004 1.2217849585321277 0.98909232329172436 21.912500000000005 29.557031250000005 36.550000000000004 0.95752911693909493 1.0155449508693135 20.450000000000003 0.72695311118111527 38.45000000000001 39.350000000000001 1.0000000180025095e-35 35.350000000000001 0.77244481603295057 33.550000000000004 0.01505151768384008 32.150000000000013 30.108333333333338 0.97407968238158804 38.750000000000007 0.59868201182722736 1.0000000180025095e-35 -0.88622299073327826 0.95829986463104522 0.83849049182116964 35.45000000000001 6.5000000000000009 0.93776513921633253 0.47369649395226454
decision_type=2 2 2 2 2 2 2 2 2 2 2 2 2 2 2 2 2 2 2 2 2 2 2 2 2 2 2 2 2 2
left_child=1 2 18 8 5 6 7 -5 27 -6 -11 12 -12 14 15 16 -9 -18 22 25 21 -21 26 -24 28 -20 -1 -4 29 -25
right_child=-2 -3 3 4 9 -7 -8 13 -10 10 11 -13 -14 -15 -16 -17 17 -19 19 20 -22 -23 23 24 -26 -27 -28 -29 -30 -31
leaf_value=-1.9368614507225007e-05 -1.2427740192182046e-05 0.0011525841161877249 0.00016158368490874661 -0.00062518428089982172 -0.00057916130243977236 0.001462142487506898 -0.0012291344731208784 0.00021226164865166292 -0.00027715561152815712 -0.00053257571920784592 0.0025794177019353038 3.2074796123083112e-05 -0.00093560498247504125 0.0011128590516711176 -0.0012248638016740408 0.0017074394794526736 0.0031891430039375813 -0.00042280877488161855 8.9678535237409181e-05 0.0025672583514005473 -0.0025501726254415075 0.00068748870135489136 0.00066640610578014986 -0.00090262467954862905 -0.00024497114444566178 0.0030214195648514963 -0.0038418649938023043 -0.00011576204568667275 0.0017814894557068384 0.00078378522875460408
leaf_weight=8131 100046 76 945 818 3173 88 199 1713 4768 413 95 203 73 95 241 145 57 76 817 76 57 57 76 95 209 57 171 1620 57 114
leaf_count=8131 100046 76 945 818 3173 88 199 1713 4768 413 95 203 73 95 241 145 57 76 817 76 57 57 76 95 209 57 171 1620 57 114
internal_value=-0.000107046 -0.000357072 -0.000381307 -0.000741069 -0.000202329 0.00088578 0.000666865 0.000977741 -0.00128392 -0.00114607 0.00105867 0.00429919 0.00898809 0.00181134 0.00151882 0.00203164 0.00144637 0.00740601 0.000152767 0.00200188 0.00736842 0.0122932 -6.94692e-05 0.00280399 0.00163158 0.000835239 -0.000260179 -0.0001462 0.0043985 0.00241627
internal_weight=124761 24715 24639 14722 7389 3432 3344 3145 7333 3957 784 371 168 2327 2232 1991 1846 133 9917 1064 190 133 8853 551 475 874 8302 2565 266 209
internal_count=124761 24715 24639 14722 7389 3432 3344 3145 7333 3957 784 371 168 2327 2232 1991 1846 133 9917 1064 190 133 8853 551 475 874 8302 2565 266 209
is_linear=0
shrinkage=0.05


Tree=248
num_leaves=31
num_cat=0
split_feature=0 11 7 9 3 11 8 3 8 3 3 3 3 0 11 6 10 8 7 11 8 1 7 11 11 9 11 8 3 6
split_gain=0.775622 1.68823 1.83181 2.85916 1.98788 1.69276 2.17108 1.68159 4.07414 1.88072 5.05263 2.02527 3.08163 1.68072 1.61915 1.61344 1.86764 3.07371 2.11029 2.03568 3.99988 9.94844 1.76993 1.56451 1.85614 1.55699 2.45427 4.10627 2.64724 1.81994
threshold=18.500000000000004 0.98909232329172436 21.912500000000005 29.557031250000005 -0.03977009085991149 1.0167864286959365 29.550000000000004 0.77244481603295057 33.550000000000004 0.01505151768384008 0.43733377705052551 -0.67803021058859214 -0.73866753694953124 5.5000000000000009 1.0632854705466908 1.0000000180025095e-35 1.0000000180025095e-35 32.050000000000004 5.0375000000000005 1.0297543624043115 25.650000000000002 2.5000000000000004 19.862500000000004 1.1178088744719634 1.1589671265514687 30.108333333333338 0.97407968238158804 38.750000000000007 0.59868201182722736 1.0000000180025095e-35
decision_type=2 2 2 2 2 2 2 2 2 2 2 2 2 2 2 2 2 2 2 2 2 2 2 2 2 2 2 2 2 2
left_child=1 25 4 5 -3 -4 14 8 9 11 -11 12 -8 -10 -7 16 -6 18 -18 20 -20 -22 -17 -13 -25 29 -27 28 -28 -1
right_child=-2 2 3 -5 15 6 7 -9 13 10 -12 23 -14 -15 -16 22 17 -19 19 -21 21 -23 -24 24 -26 26 27 -29 -30 -31
leaf_value=-3.364224330180273e-05 -1.1806353182573006e-05 -0.00040652562095447125 -0.00034209385707358888 -0.00032175884724125144 -0.00038011058642901669 0.002548006582585778 0.00026125326807329867 -0.00056819833434784987 0.0019852400013670485 0.0031927935731525005 -0.0014387810346483372 -0.0012328513981456641 0.0024668651480276253 0.0008164015179997089 0.00023761826731914207 0.00079644903484742081 0.0010555736837659167 -0.00060107682201686221 1.154257788316748e-05 -0.00011170497066268691 -0.00028269093014647535 0.0003774811137944168 -0.00050865011215083542 0.0010270567961866404 -0.0011563625941226621 0.00033741446186327589 0.0024388954338305179 -0.0024226639941694298 0.00065311426628714478 0.0003005023157709843
leaf_weight=8302 100046 3080 939 4014 1651 57 850 482 82 57 57 475 57 150 55 139 84 415 873 717 152 171 51 114 76 874 76 57 57 551
leaf_count=8302 100046 3080 939 4014 1651 57 850 482 82 57 57 475 57 150 55 139 84 415 873 717 152 171 51 114 76 874 76 57 57 551
internal_value=-0.000106244 -0.000357072 -0.000695365 -0.000144007 -0.00125665 0.000911329 0.00158837 0.00127083 0.00193431 0.00107948 0.0072807 0.00062977 0.00216648 0.00814655 0.00839286 -0.000556079 -0.000766676 0.000120231 0.0009339 0.000593308 0.00185619 0.00660991 0.00394737 -0.00146617 0.00236842 0.000147725 0.00195489 0.00710526 0.0119173 -6.94692e-05
internal_weight=124761 24715 14798 7465 7333 3451 2512 2400 1918 1686 114 1572 907 232 112 4253 4063 2412 1997 1913 1196 323 190 665 190 9917 1064 190 133 8853
internal_count=124761 24715 14798 7465 7333 3451 2512 2400 1918 1686 114 1572 907 232 112 4253 4063 2412 1997 1913 1196 323 190 665 190 9917 1064 190 133 8853
is_linear=0
shrinkage=0.05


Tree=249
num_leaves=31
num_cat=0
split_feature=0 11 7 9 8 8 3 11 9 11 1 9 0 9 11 8 3 4 4 1 8 3 6 7 3 9 7 8 11 4
split_gain=0.855108 1.63495 1.74426 2.29272 2.13102 1.75671 1.71556 1.74034 1.64847 1.55082 1.50151 1.48785 1.66163 1.43239 2.29568 3.91604 2.98308 1.76984 3.55795 3.91786 3.126 1.66293 1.49863 1.49297 3.24699 2.09848 1.97837 1.64173 1.45376 1.4315
threshold=18.500000000000004 0.98909232329172436 21.912500000000005 29.557031250000005 20.450000000000003 36.150000000000013 0.95752911693909493 1.0155449508693135 26.459114583333335 1.0036114727335816 3.5000000000000004 14.867447916666668 4.5000000000000009 30.108333333333338 0.97407968238158804 38.750000000000007 0.59868201182722736 -0.35042475891464198 -0.26867065956352881 1.5000000000000002 31.050000000000004 0.83849049182116964 1.0000000180025095e-35 26.987500000000004 -0.39826117949089107 29.292447916666671 27.487500000000004 33.95000000000001 0.83118285699629402 0.84658398682345093
decision_type=2 2 2 2 2 2 2 2 2 2 2 2 2 2 2 2 2 2 2 2 2 2 2 2 2 2 2 2 2 2
left_child=1 13 4 5 11 6 7 8 9 -4 -7 12 -3 17 21 16 -16 23 19 -19 -21 -15 28 -1 -25 26 -26 -27 -20 -6
right_child=-2 2 3 -5 29 10 -8 -9 -10 -11 -12 -13 -14 14 15 -17 -18 18 22 20 -22 -23 -24 24 25 27 -28 -29 -30 -31
leaf_value=-0.00059772221837871818 -1.1216035523443835e-05 0.00021534373006483199 0.001301586680003942 -0.00030567090487918728 -0.00016969444992209892 0.0014470743914554987 -0.0013299352001100587 0.00038274578542006772 -0.0010588761515425988 -0.00091440611713866811 0.00026645354671291495 0.00098095266513973062 -0.00011253169292420826 6.8323885382371534e-05 0.0023169506621389942 -0.0023015307944609566 0.00062045855297278903 -0.00045060293121252591 -0.00062378475082824339 0.00027901538306000171 0.0031624313840118348 0.0028534778635157573 0.0002231832638629549 -0.0011766087548342786 0.0028268486596817787 -0.00057440701540823326 0.001229125321385253 0.0024159255310459314 1.0284796456056114e-05 -0.0005872525629720684
leaf_weight=2411 100046 650 97 4014 3609 61 181 2327 657 64 64 95 1820 817 76 57 57 114 266 95 114 57 342 290 55 106 75 64 4921 1159
leaf_count=2411 100046 650 97 4014 3609 61 181 2327 657 64 64 95 1820 817 76 57 57 114 266 95 114 57 342 290 55 106 75 64 4921 1159
internal_value=-0.000105844 -0.00036921 -0.000702123 -0.0001641 -0.00124983 0.000780932 0.000562236 0.000834657 -0.00114915 0.00338509 0.0066 -8.77205e-05 -0.000323888 0.000127558 0.0018609 0.0068421 0.0115414 -8.07648e-05 0.000425494 0.00552631 0.0095933 0.000778031 0.000127508 -0.00106798 0.00118644 0.00483333 0.00961538 0.00117647 -8.38647e-05 -0.001875
internal_weight=124761 24715 14798 7465 7333 3451 3326 3145 818 161 125 2565 2470 9917 1064 190 133 8853 5852 323 209 874 5529 3001 590 300 130 170 5187 4768
internal_count=124761 24715 14798 7465 7333 3451 3326 3145 818 161 125 2565 2470 9917 1064 190 133 8853 5852 323 209 874 5529 3001 590 300 130 170 5187 4768
is_linear=0
shrinkage=0.05


Tree=250
num_leaves=31
num_cat=0
split_feature=0 11 11 7 9 3 8 3 9 11 8 3 11 8 4 10 3 8 1 9 7 11 9 9 9 8 3 3 1 1
split_gain=0.884229 1.66169 1.74228 1.27934 1.97584 1.89037 1.63052 1.62735 1.9602 2.06563 1.98501 1.58829 1.62958 1.40308 2.80115 2.15029 2.18792 5.93647 1.54019 2.32536 1.51549 1.38665 1.35283 1.32305 1.54959 1.30274 1.62857 2.13868 1.28538 1.26821
threshold=18.500000000000004 0.98909232329172436 1.2217849585321277 21.912500000000005 29.557031250000005 -0.03977009085991149 36.150000000000013 0.72695311118111527 31.483072916666668 1.0809870857286303 39.350000000000001 0.95752911693909493 1.0155449508693135 32.050000000000004 0.12332734741173625 1.0000000180025095e-35 0.78857998149907527 25.650000000000002 1.0000000180025095e-35 14.867447916666668 5.0375000000000005 1.0090343315455217 26.459114583333335 25.676822916666669 25.870572916666671 27.950000000000003 0.86548282553247169 0.9053161325100999 3.5000000000000004 1.0000000180025095e-35
decision_type=2 2 2 2 2 2 2 2 2 2 2 2 2 2 2 2 2 2 2 2 2 2 2 2 2 2 2 2 2 2
left_child=1 -1 3 5 6 23 11 29 9 -9 -10 12 21 14 -7 18 17 20 19 -16 -17 22 -5 -3 -25 -18 -27 -28 -8 -6
right_child=-2 2 -4 4 7 13 28 8 10 -11 -12 -13 -14 -15 15 16 25 -19 -20 -21 -22 -23 -24 24 -26 26 27 -29 -30 -31
leaf_value=2.0295269833108285e-05 -1.0655233747271153e-05 -0.00042150109786638011 0.0011263263979843653 0.00077882153233022186 -0.0016517269231102198 0.0003492959053357995 0.0013747206718827225 -0.00082329287617193415 0.0024818183044445635 0.00082094719722288325 0.00060845065360535925 -0.0012634384401045565 0.00033564332440903896 -0.00039449768797584811 -0.00038926492667858576 0.00099202781307438032 -0.00084227195223982693 0.00028607068095557099 -0.00045522851155455182 0.00094382935783852572 2.8790860477389497e-05 -0.0018431794759094574 -0.00057018045030327394 0.0012058048388060585 -0.000271921840811371 -0.001182564419718187 0.00035957749699803976 -0.00010773966350802614 0.00025313086937727005 -0.00035839536150139735
leaf_weight=9917 100046 2881 76 133 551 116 61 457 95 57 175 181 2308 660 152 84 228 76 1311 57 1189 211 474 77 122 114 95 171 64 2622
leaf_count=9917 100046 2881 76 133 551 116 61 457 95 57 175 181 2308 660 152 84 228 76 1311 57 1189 211 474 77 122 114 95 171 64 2622
internal_value=-0.000105443 -0.000373256 -0.000708881 -0.000747862 -0.000283531 -0.00121574 0.000594404 -0.00104498 0.000994897 -0.000817122 0.00444444 0.000382521 0.000646192 -0.000532566 -0.000143335 -0.000398333 0.000697495 0.00181987 -0.00180921 0.00217703 0.00100943 -0.00127139 -5.76618e-05 -0.00215909 0.00178392 -0.00179276 -1.19209e-09 0.00214286 0.0062 -0.00154901
internal_weight=124761 24715 14798 14722 7389 7333 3432 3957 784 514 270 3307 3126 4253 3593 3477 1957 1349 1520 209 1273 818 607 3080 199 608 380 266 125 3173
internal_count=124761 24715 14798 14722 7389 7333 3432 3957 784 514 270 3307 3126 4253 3593 3477 1957 1349 1520 209 1273 818 607 3080 199 608 380 266 125 3173
is_linear=0
shrinkage=0.05


Tree=251
num_leaves=31
num_cat=0
split_feature=0 11 11 11 4 4 8 0 8 8 11 9 9 11 8 8 3 8 1 11 9 7 3 0 3 0 5 3 3 9
split_gain=0.876055 1.6145 1.74232 1.45709 1.64466 3.70891 2.00017 1.43108 1.41978 3.37382 1.74486 1.30119 2.55502 1.61104 1.27762 5.64374 7.36988 1.26501 2.36933 1.24406 1.21303 1.1923 2.59974 3.37995 2.4372 1.94633 1.78531 1.55556 1.39449 2.23365
threshold=18.500000000000004 0.99142420047150093 1.2217849585321277 1.1396426947228491 0.12332734741173625 0.097680735332368748 20.450000000000003 7.5000000000000009 29.650000000000002 30.250000000000004 1.0202540345051931 25.676822916666669 25.870572916666671 1.0515743247573357 26.250000000000004 25.650000000000002 0.76696112484652035 29.750000000000004 3.5000000000000004 1.0230935316253413 22.537239583333335 17.187500000000004 -0.77245553105869302 25.500000000000004 -0.30983472475487867 85.500000000000014 1.0000000180025095e-35 -0.85671820900978868 0.91248814248966237 13.511197916666669
decision_type=2 2 2 2 2 2 2 2 2 2 2 2 2 2 2 2 2 2 2 2 2 2 2 2 2 2 2 2 2 2
left_child=1 -1 3 4 5 17 7 -6 14 10 -10 13 -13 -11 15 -8 -17 18 -3 -14 -12 22 23 27 25 -24 28 -2 29 -26
right_child=21 2 -4 -5 6 -7 8 -9 9 11 20 12 19 -15 -16 16 -18 -19 -20 -21 -22 -23 24 -25 26 -27 -28 -29 -30 -31
leaf_value=1.7691516357603133e-05 0.00098296549366483962 -0.0010416018201579399 0.0010700100780851463 -0.00056161794314293955 0.0001470619372323815 0.001443914301742535 -0.0004394114386024584 -9.6041703993157969e-05 0.0021896526855897801 -0.0012315828439302368 -0.00079272219282340312 0.0011626615664128929 -0.000878515179324065 7.8191525927187567e-05 -0.00055577408273944841 1.0320329017193315e-05 0.00043430722066452001 -9.4804645300335244e-05 0.0012190530321988227 0.00036104165278400165 0.00031536825318815702 -3.8018199179543628e-05 -0.00011010519941533813 -0.00084541000121060757 5.675599456774715e-05 -0.0010102646833275569 -0.0008090941693563253 0.0015287341833623645 -0.00043942069253412406 0.00035609214917687785
leaf_weight=10221 63 95 76 863 1056 95 1691 1452 95 437 57 95 209 114 1102 171 57 6468 152 133 76 81041 2135 62 8760 735 529 63 624 6034
leaf_count=10221 63 95 76 863 1056 95 1691 1452 95 437 57 95 209 114 1102 171 57 6468 152 133 76 81041 2135 62 8760 735 529 63 624 6034
internal_value=-0.000102637 -0.00036921 -0.00070857 -0.000748371 -0.000621543 -7.34226e-05 -0.00117495 -5.58226e-05 -0.00183739 -0.000394738 0.00508772 -0.00165992 0.000377573 -0.00327586 -0.00241807 -0.00163888 0.00574561 -0.000212213 0.00329959 -0.00163743 0.00139098 -3.67843e-05 0.000319652 0.00617021 0.000261199 -0.00108014 0.000502601 0.010873 0.000600596 0.000698255
internal_weight=124761 24715 14494 14418 13555 6810 6745 2508 4237 1216 228 988 437 551 3021 1919 228 6715 247 342 133 100046 19005 188 18817 2870 15947 126 15418 14794
internal_count=124761 24715 14494 14418 13555 6810 6745 2508 4237 1216 228 988 437 551 3021 1919 228 6715 247 342 133 100046 19005 188 18817 2870 15947 126 15418 14794
is_linear=0
shrinkage=0.05


Tree=252
num_leaves=31
num_cat=0
split_feature=0 4 7 0 0 8 8 8 0 3 4 10 3 9 8 0 11 11 8 1 0 3 4 11 1 3 3 0 1 4
split_gain=0.815139 1.24248 1.26322 2.12971 3.35564 1.72494 1.17366 1.65856 3.01201 1.54133 1.20411 1.47567 3.43403 2.88 2.59293 2.53262 2.34811 3.7679 2.21246 4.87066 1.88905 1.78125 2.35395 1.70592 1.85893 2.28346 3.93828 1.69842 1.67152 2.12651
threshold=31.500000000000004 -0.99938741687870725 31.012500000000006 17.500000000000004 26.500000000000004 37.750000000000007 19.150000000000002 18.950000000000003 6.5000000000000009 0.31799963745711152 0.84658398682345093 1.0000000180025095e-35 -0.30983472475487867 20.559895833333336 21.750000000000004 8.5000000000000018 1.1049966690345681 1.0809870857286303 38.150000000000013 5.5000000000000009 20.500000000000004 0.77788564761185042 -0.95998493203694346 0.96691573625133975 3.5000000000000004 0.84773968378660736 0.9053161325100999 20.500000000000004 5.5000000000000009 0.38043945030393422
decision_type=2 2 2 2 2 2 2 2 2 2 2 2 2 2 2 2 2 2 2 2 2 2 2 2 2 2 2 2 2 2
left_child=1 -1 6 5 -5 -4 7 -3 -9 -10 11 12 13 -8 15 -13 17 18 23 -20 -21 22 -19 24 -14 -26 -27 -23 29 -15
right_child=-2 2 3 4 -6 -7 10 8 9 -11 -12 14 16 28 -16 -17 -18 21 19 20 -22 27 -24 -25 25 26 -28 -29 -30 -31
leaf_value=0.0002889129182027584 -2.7592664925706821e-06 7.7531252971773324e-06 0.0032071938773388479 0.003260437158718368 0.00080880571596728926 -0.00085659596690723964 0.00060643225164791741 0.0018222406979745483 0.00038911828194319582 -0.00077965807431955238 -0.00025321391862561852 0.00091220233774635918 -0.00031072338573130855 0.00053420786171516502 -0.00015393948837906155 0.00014129223971695384 -0.0016151192511691685 0.0022754069687005904 -2.0460617629996863e-05 0.0022974829334224032 1.1624133985621015e-05 0.0014808681934900076 -0.0014724158856375868 -0.00046376261037543747 -0.00015579647178264305 0.0036991390019406531 0.0001813594173557458 0.00062720365571481036 -0.00024638637028367413 -0.00015549315723058997
leaf_weight=384 83150 3456 53 126 327 333 448 105 250 125 4192 117 1158 3454 18677 299 663 112 1146 121 51 147 149 2736 545 64 256 69 928 1120
leaf_count=384 83150 3456 53 126 327 333 448 105 250 125 4192 117 1158 3454 18677 299 663 112 1146 121 51 147 149 2736 545 64 256 69 928 1120
internal_value=-9.8229e-05 -0.000278894 -0.000305262 0.00161502 0.0039404 -0.00111399 -0.000345153 0.0004751 0.00322917 0.00113333 -0.000433722 -0.000330131 7.70855e-05 0.000966385 -0.000610958 0.00329327 -0.000656091 -0.000369241 -0.000705119 0.00110774 0.00895349 0.00390985 0.00113027 -0.00120719 -0.000106279 0.0016474 0.005 0.00726852 0.000652489 0.00104504
internal_weight=124761 41611 41227 839 453 386 40388 3936 480 375 36452 32260 13167 5950 19093 416 7217 6554 6077 1318 172 477 261 4759 2023 865 320 216 5502 4574
internal_count=124761 41611 41227 839 453 386 40388 3936 480 375 36452 32260 13167 5950 19093 416 7217 6554 6077 1318 172 477 261 4759 2023 865 320 216 5502 4574
is_linear=0
shrinkage=0.05


Tree=253
num_leaves=31
num_cat=0
split_feature=0 11 4 9 11 3 3 8 4 3 11 8 8 11 8 5 9 9 0 4 11 9 11 8 3 8 6 3 3 3
split_gain=0.957389 1.62187 1.47415 2.05612 2.51104 1.64287 2.60966 1.53943 1.50363 3.04487 1.59256 1.57662 2.25564 1.94554 1.40409 2.14912 1.32586 1.27851 1.52209 1.23802 1.26588 1.22422 1.95424 3.54912 2.48684 1.69168 1.37723 1.43305 1.40863 1.35241
threshold=18.500000000000004 0.98909232329172436 -0.14250536273956091 29.557031250000005 1.0155449508693135 -0.67803021058859214 -0.73866753694953124 20.450000000000003 -0.90531874877253482 -0.065535378769913874 1.0916629031903622 36.150000000000013 36.850000000000001 1.044457029130015 33.550000000000004 1.0000000180025095e-35 29.444531250000001 14.867447916666668 4.5000000000000009 0.84658398682345093 1.1064219518172318 30.108333333333338 0.97407968238158804 38.750000000000007 0.59868201182722736 35.45000000000001 1.0000000180025095e-35 -0.88622299073327826 -0.71504373327588355 0.16799745313369893
decision_type=2 2 2 2 2 2 2 2 2 2 2 2 2 2 2 2 2 2 2 2 2 2 2 2 2 2 2 2 2 2
left_child=1 21 3 4 -3 6 -6 17 9 10 -7 13 -13 14 -10 -16 -15 18 -4 20 -9 25 29 24 -24 26 -1 -28 -29 -23
right_child=-2 2 7 -5 5 8 -8 19 11 -11 -12 12 -14 16 15 -17 -18 -19 -20 -21 -22 22 23 -25 -26 -27 27 28 -30 -31
leaf_value=-1.7162586557021089e-05 -9.11932372712704e-06 -0.00077862629482180871 0.00019186069816540713 -0.00028896959929906912 0.00051228139386095997 -0.00010642280472316817 0.0020442624290631368 -0.00013654209527429992 -1.4304366920931151e-05 0.0028465639262755895 0.0029717022074813911 0.0013343714979716136 -0.0010270802660286669 -0.00084112627371929483 0.0013309240828863244 -0.0007011875049502764 0.00076186048479516153 0.00090541016309656245 -9.2934623143791316e-05 -0.00049827022325404566 -0.000977654537157541 -0.00048770959924192281 0.0022069007641414614 -0.0021873305631659483 0.0006107244165333847 -0.003613776317817851 0.00061269915661886075 -0.0002782764818368059 0.00066149123748460365 0.0010140046867820449
leaf_weight=8131 100046 551 650 3994 589 171 95 3922 190 57 76 76 57 760 95 57 99 95 1820 1159 285 456 76 57 57 171 76 209 266 418
leaf_count=8131 100046 551 650 3994 589 171 95 3922 190 57 76 76 57 760 95 57 99 95 1820 1159 285 456 76 57 57 171 76 209 266 418
internal_value=-9.86298e-05 -0.000377302 -0.000708881 -0.000172566 0.000847545 0.00156761 0.00362573 -0.00117325 0.00070818 0.00388158 0.00147773 -1.49937e-05 0.00515037 -0.000587012 0.00260234 0.00618421 -0.00185681 -0.000165693 -0.000384617 -0.00165487 -0.00125624 0.000117474 0.00171992 0.00631579 0.0107895 -7.5117e-05 2.18832e-05 0.00244102 0.00142105 0.000720823
internal_weight=124761 24715 14798 6867 2873 2322 684 7931 1638 304 247 1334 133 1201 342 152 859 2565 2470 5366 4207 9917 1064 190 133 8853 8682 551 475 874
internal_count=124761 24715 14798 6867 2873 2322 684 7931 1638 304 247 1334 133 1201 342 152 859 2565 2470 5366 4207 9917 1064 190 133 8853 8682 551 475 874
is_linear=0
shrinkage=0.05


Tree=254
num_leaves=31
num_cat=0
split_feature=0 11 11 11 4 4 4 11 11 11 9 3 8 8 4 11 11 9 7 3 9 11 8 3 8 3 7 7 0 3
split_gain=0.999545 1.56304 1.4519 1.21753 1.50028 3.5479 1.3094 3.32443 3.39649 1.45763 1.36073 2.05897 2.63548 1.82749 1.25272 1.52652 1.5632 1.34737 1.17768 1.86062 1.17602 1.77473 3.37243 2.25564 1.68393 1.35241 1.99985 2.04719 1.70396 1.23729
threshold=18.500000000000004 0.98909232329172436 1.2217849585321277 1.1396426947228491 -0.44505783185115427 -0.46039597980994923 -0.73865259438682551 1.103694758981794 1.1226820583948653 0.99167509322876013 28.992708333333336 0.01505151768384008 32.550000000000004 32.45000000000001 -0.6391983530350368 1.0923437463937298 1.0700394574466332 29.611718750000001 25.437500000000004 0.62587949062545845 30.108333333333338 0.97407968238158804 38.750000000000007 0.59868201182722736 35.45000000000001 0.16799745313369893 27.187500000000004 28.487500000000004 5.5000000000000009 -0.88622299073327826
decision_type=2 2 2 2 2 2 2 2 2 2 2 2 2 2 2 2 2 2 2 2 2 2 2 2 2 2 2 2 2 2
left_child=1 20 3 4 5 6 10 9 -9 -8 11 12 -3 -13 15 16 17 -11 19 -12 24 25 23 -23 29 -22 -27 -28 -29 -1
right_child=-2 2 -4 -5 -6 -7 7 8 -10 14 18 13 -14 -15 -16 -17 -18 -19 -20 -21 21 22 -24 -25 -26 26 27 28 -30 -31
leaf_value=0.00020049450689214131 -8.6633575407712155e-06 -0.00046141949960078589 0.0010386550285647923 -0.00055373713395538455 -0.00013864156096404386 0.0022714858132868768 0.0047268049466998203 0.0028294158767678645 -0.00035256650956483213 0.0015504400189164337 0.0010654581905070728 0.0027203803092257319 0.00289004146074114 0.00054859793004990922 -0.00030383612624983598 0.0017535902242107604 -0.00091689422598550572 -9.3096830705994272e-05 -0.00047850139467121953 -0.0012933657863423622 -0.00046332411927982602 0.0020965557259343902 -0.0020779640350076481 0.00058018819570671346 -0.0034330875019269592 -0.00033481189129159545 0.0024328182916431036 0.0015300763649061624 -0.00031465847579950033 -2.842085524470351e-05
leaf_weight=1824 100046 456 76 863 8938 76 57 95 57 95 66 57 57 114 855 57 133 95 2588 63 456 76 57 57 171 189 69 58 102 6858
leaf_count=1824 100046 456 76 863 8938 76 57 95 57 95 66 57 57 114 855 57 133 95 2588 63 456 76 57 57 171 189 69 58 102 6858
internal_value=-9.86298e-05 -0.000383372 -0.000708881 -0.000744465 -0.000630999 7.01065e-05 -9.80404e-05 0.00116343 0.00815789 0.000340556 -0.000633638 0.00135965 -0.000224173 0.00611111 -2.02441e-05 0.00236842 0.00103715 0.00394737 -0.00113544 0.00352713 0.000102348 0.00167293 0.00605263 0.0104135 -8.64126e-05 0.000720823 0.00277512 0.00591703 0.0028125 1.03651e-05
internal_weight=124761 24715 14798 14722 13859 4921 4845 1444 152 1292 3401 684 513 171 1235 380 323 190 2717 129 9917 1064 190 133 8853 874 418 229 160 8682
internal_count=124761 24715 14798 14722 13859 4921 4845 1444 152 1292 3401 684 513 171 1235 380 323 190 2717 129 9917 1064 190 133 8853 874 418 229 160 8682
is_linear=0
shrinkage=0.05


Tree=255
num_leaves=31
num_cat=0
split_feature=0 11 11 9 11 8 3 8 3 4 4 1 8 3 7 9 7 8 4 8 8 8 9 8 10 3 8 3 11 9
split_gain=0.993791 1.39269 1.44338 1.14362 1.81302 3.37243 2.25564 1.66848 1.36988 1.10526 2.99415 3.44502 2.94992 1.78248 3.73957 2.38491 3.10653 1.7211 1.81955 1.5598 1.48815 1.47253 2.30855 2.7309 3.79197 3.93772 1.51579 1.50352 3.10807 1.68987
threshold=18.500000000000004 0.98909232329172436 1.2217849585321277 30.108333333333338 0.97407968238158804 38.750000000000007 0.59868201182722736 35.45000000000001 0.83849049182116964 -0.35042475891464198 -0.26867065956352881 1.5000000000000002 31.050000000000004 -0.39826117949089107 26.712500000000006 29.259375000000002 27.387500000000006 32.150000000000013 0.29958852271690523 29.550000000000004 33.95000000000001 29.150000000000002 19.278385416666669 26.350000000000005 1.0000000180025095e-35 -0.54939360607974019 25.650000000000002 -0.59869031648930193 0.97297253075836154 21.223437500000006
decision_type=2 2 2 2 2 2 2 2 2 2 2 2 2 2 2 2 2 2 2 2 2 2 2 2 2 2 2 2 2 2
left_child=1 3 -3 7 8 6 -6 9 -5 13 11 -11 -13 19 -15 16 -16 21 -19 -1 -17 22 -12 24 25 -24 -26 28 29 -25
right_child=-2 2 -4 4 5 -7 -8 -9 -10 10 17 12 -14 14 15 20 -18 18 -20 -21 -22 -23 23 27 26 -27 -28 -29 -30 -31
leaf_value=0.00085361726561687798 -8.2301896637321811e-06 -0.00012447687436581729 0.00098672227713655154 9.6512848529853437e-05 0.0019917279396376715 -0.0019740658332572684 0.00055117878592137793 -0.0032614331268306118 0.0023728971769524515 -0.00041843576255207556 -6.0571235740614326e-05 0.00026354460099704976 0.0030009408539039021 -0.00028157644226459746 0.0035780237370668442 -0.00046193997079875125 0.0012120489578922944 0.00064946756062849863 -0.0025674874348177675 -0.0010224531433830422 0.0015306443143164928 -0.00023222793063351201 0.00027311601207272114 0.0003580744596035334 -0.00091559391441747243 0.0022920092053212945 0.000154199844675789 -0.00015917278073510822 0.00051515787704626626 -5.1705966770824813e-05
leaf_weight=76 100046 14722 76 817 76 57 57 171 57 114 2432 95 114 1147 50 111 94 342 57 1319 71 1178 114 114 76 76 95 323 76 608
leaf_count=76 100046 14722 76 817 76 57 57 171 57 114 2432 95 114 1147 50 111 94 342 57 1319 71 1178 114 114 76 76 95 323 76 608
internal_value=-9.74275e-05 -0.000381349 -0.000688608 7.71391e-05 0.00162594 0.00605263 0.0104135 -0.000109004 0.000663614 -1.26711e-05 0.000383556 0.00506192 0.0088756 -0.000815901 0.000397147 0.0051227 0.00993055 0.000108358 0.00327068 -0.00209678 0.00131868 -0.000139436 0.00032703 0.00188259 0.00566482 0.0105263 0.000263157 0.000664584 0.00182957 0.000817173
internal_weight=124761 24715 14798 9917 1064 190 133 8853 874 8682 5814 323 209 2868 1473 326 144 5491 399 1395 182 5092 3914 1482 361 190 171 1121 798 722
internal_count=124761 24715 14798 9917 1064 190 133 8853 874 8682 5814 323 209 2868 1473 326 144 5491 399 1395 182 5092 3914 1482 361 190 171 1121 798 722
is_linear=0
shrinkage=0.05


Tree=256
num_leaves=31
num_cat=0
split_feature=0 11 11 0 7 9 7 4 0 8 6 4 4 11 7 4 1 9 8 3 3 3 1 3 7 0 3 3 0 11
split_gain=0.951626 1.31124 1.51404 1.22214 1.72776 2.46776 5.4516 1.65584 2.0462 1.47233 1.58021 2.46311 1.61843 1.44793 1.61627 1.44569 1.43919 3.02884 1.74369 1.35779 1.21557 2.02632 2.29053 1.11558 1.07563 2.50257 2.4374 2.16404 2.09816 1.81481
threshold=18.500000000000004 1.2217849585321277 1.1396426947228491 11.500000000000002 17.187500000000004 28.401041666666671 25.912500000000005 -0.72694848937061807 16.500000000000004 26.350000000000005 1.0000000180025095e-35 -0.048362832084465616 0.45847758937963173 0.87438713147174518 21.912500000000005 -0.62587551141915865 4.5000000000000009 27.508854166666669 33.550000000000004 -0.95500086777008153 0.52766072109828632 0.57077594689671507 4.5000000000000009 0.66527693225344786 17.187500000000004 87.500000000000014 -0.77245553105869302 -0.19337636264337835 24.500000000000004 0.95475292542297063
decision_type=2 2 2 2 2 2 2 2 2 2 2 2 2 2 2 2 2 2 2 2 2 2 2 2 2 2 2 2 2 2
left_child=1 2 3 -1 -5 6 9 -8 -9 -6 13 -12 -13 -11 -15 20 18 19 -16 -18 -7 -22 -23 -4 25 26 28 -27 29 -2
right_child=24 -3 23 4 5 15 7 8 -10 10 11 12 -14 14 16 -17 17 -19 -20 -21 21 22 -24 -25 -26 27 -28 -29 -30 -31
leaf_value=-9.7550796323789522e-06 0.00041908665676047515 0.00093738616327972222 -0.00018317509779245707 -0.00017929002433250519 0.00038505579466477358 -0.00035499095925482831 0.00092274308057939305 0.0020839905497740795 0.0028196480050879922 -0.00085898809549618939 -0.00088628187099048053 0.00095676851325236084 0.00046598597117518143 -0.0001965383016630083 -0.0002357530527714658 -0.00093825465661117138 0.0013418649912052617 -0.00025441649554037115 0.0020476858010320636 0.0013263436339623403 0.0019112486140596633 -0.0012515527505327661 0.0010567057840775091 -0.0013209566981776234 -3.355116016163604e-05 -0.00094878606970342475 0.00014129968924556115 -3.3523861038687294e-05 -0.00034359467283421355 0.0016336575556957925
leaf_weight=15026 54 76 551 3221 64 1689 116 141 54 278 56 63 50 1083 467 805 79 126 50 65 77 182 84 312 81041 767 15832 2231 67 54
leaf_count=15026 54 76 551 3221 64 1689 116 141 54 278 56 63 50 1083 467 805 79 126 50 65 77 182 84 312 81041 767 15832 2231 67 54
internal_value=-9.54236e-05 -0.000373256 -0.000393483 -0.00031881 -0.000788573 -0.000252307 0.000832094 0.00705788 0.00987179 1.88984e-05 -0.000187744 0.00446745 0.00871681 -0.000554005 -5.34771e-05 -0.00128128 0.0016709 0.00462963 0.000125724 0.00958333 -0.000570867 0.00214286 7.51868e-05 -0.00245075 -2.67889e-05 0.000311759 0.000560066 -0.00101401 0.00642857 0.0107407
internal_weight=124761 24715 24639 23776 8750 5529 2692 311 195 2381 2317 169 113 2148 1870 2837 787 270 517 144 2032 343 266 863 100046 19005 16007 2998 175 108
internal_count=124761 24715 24639 23776 8750 5529 2692 311 195 2381 2317 169 113 2148 1870 2837 787 270 517 144 2032 343 266 863 100046 19005 16007 2998 175 108
is_linear=0
shrinkage=0.05


Tree=257
num_leaves=31
num_cat=0
split_feature=0 11 11 0 7 8 3 10 3 7 1 8 11 7 9 3 3 8 8 4 9 8 0 0 0 10 7 0 0 0
split_gain=0.878058 1.30559 1.53502 1.18007 1.41125 3.08425 1.48181 1.44136 3.66118 7.77984 7.95969 2.0475 1.3134 1.96073 2.30058 1.37561 1.11558 1.10352 1.65441 1.02097 1.01465 4.15384 2.77008 3.68177 3.49915 2.57857 2.46877 2.43367 3.66065 2.18534
threshold=18.500000000000004 1.2217849585321277 1.1396426947228491 1.5000000000000002 17.187500000000004 26.350000000000005 0.16799745313369893 1.0000000180025095e-35 0.78857998149907527 12.537500000000003 4.5000000000000009 21.050000000000004 0.98304568677922399 16.287500000000005 13.209375 0.80926549319045582 0.66527693225344786 14.100000000000001 12.650000000000002 0.99748108949426018 26.413281250000001 32.95000000000001 54.500000000000007 68.500000000000014 76.500000000000014 1.0000000180025095e-35 30.787500000000005 37.500000000000007 29.500000000000004 58.500000000000007
decision_type=2 2 2 2 2 2 2 2 2 2 2 2 2 2 2 2 2 2 2 2 2 2 2 2 2 2 2 2 2 2
left_child=1 2 3 19 6 -6 17 12 9 -9 11 -11 13 14 -8 -16 -4 18 -5 -1 21 29 -22 -24 25 -25 -27 28 -23 -2
right_child=20 -3 16 4 5 -7 7 8 -10 10 -12 -13 -14 -15 15 -17 -18 -19 -20 -21 22 27 23 24 -26 26 -28 -29 -30 -31
leaf_value=0.00010016585972436609 0.00011323708798193471 0.00089051685511573402 -0.00017401634290283604 -0.00069267106441759025 0.00033127108415059969 -5.8123894089800391e-05 0.00092667151967174672 5.9020140235157153e-06 -0.00031694200160736047 0.00082991889049893936 0.00061095134261287902 6.029878413315802e-05 -0.00036903104053715797 0.00091378538783111951 -0.00055398898915416976 0.00015310165056930405 -0.0012549088632687428 -0.00022320740866239711 0.00080846200008272021 0.00091265593617067045 -0.00024160688031498367 0.00058900473098132751 0.00038558073683258806 -0.0017164255322510453 7.0536569530269344e-05 -0.00070252727682260704 0.0005362785422483511 0.00035122621520069543 0.0035183418084638683 -6.814712674733051e-05
leaf_weight=2440 25680 76 551 68 199 13563 68 1147 611 58 79 153 1209 60 286 185 312 3514 68 68 23144 165 8999 2224 12186 1907 1003 870 120 23748
leaf_count=2440 25680 76 551 68 199 13563 68 1147 611 58 79 153 1209 60 286 185 312 3514 68 68 23144 165 8999 2224 12186 1907 1003 870 120 23748
internal_value=-9.22175e-05 -0.000359095 -0.000379278 -0.000304089 -0.000425053 -0.000124256 -0.000976553 -0.000293051 0.000615233 0.00199374 0.00931034 0.0042417 -0.0013219 0.000592653 -0.000361782 -0.00160297 -0.00245075 -0.00169863 0.00272059 0.000721689 -2.62891e-05 0.000131169 -0.000187313 0.000163569 -0.000262703 -0.00135762 -0.000378008 0.00309524 0.00710526 6.1907e-05
internal_weight=124761 24715 24639 23776 21268 13762 7506 3856 2048 1437 290 211 1808 599 539 471 863 3650 136 2508 100046 50583 49463 26319 17320 5134 2910 1155 285 49428
internal_count=124761 24715 24639 23776 21268 13762 7506 3856 2048 1437 290 211 1808 599 539 471 863 3650 136 2508 100046 50583 49463 26319 17320 5134 2910 1155 285 49428
is_linear=0
shrinkage=0.05


Tree=258
num_leaves=31
num_cat=0
split_feature=0 7 8 9 9 11 7 4 8 1 11 4 11 0 11 11 10 4 3 0 4 8 11 11 4 11 4 4 4 8
split_gain=0.789281 1.41745 1.96751 1.47141 2.17922 1.33735 1.65447 1.23824 1.61852 1.41831 2.44118 3.0091 2.35098 1.32757 1.33535 1.65634 2.47253 5.34066 1.46139 1.4934 1.33516 1.38462 1.27743 2.65298 2.5228 2.66075 2.15051 2.32697 2.80333 1.22942
threshold=30.500000000000004 26.987500000000004 20.750000000000004 14.867447916666668 14.97265625 0.97256506534887965 14.912500000000003 0.76002003530985496 30.250000000000004 4.5000000000000009 1.0090343315455217 -0.49812626372919411 1.0171117260221278 25.500000000000004 0.99733561582144803 0.97297253075836154 1.0000000180025095e-35 0.61067742788105683 0.86548282553247169 7.5000000000000009 0.29958852271690523 29.650000000000002 0.95201652232539213 0.95475292542297063 -0.98521978256641018 0.84498567688228199 -0.32613736746952143 -0.26867065956352881 -0.28519997588938989 31.650000000000002
decision_type=2 2 2 2 2 2 2 2 2 2 2 2 2 2 2 2 2 2 2 2 2 2 2 2 2 2 2 2 2 2
left_child=1 2 3 -1 -5 6 -6 8 9 12 13 -12 -4 14 15 18 20 -18 -11 -20 -17 -22 24 -24 25 -10 -26 28 -28 -29
right_child=-2 -3 7 4 5 -7 -8 -9 22 10 11 -13 -14 -15 -16 16 17 -19 19 -21 21 -23 23 -25 26 -27 27 29 -30 -31
leaf_value=2.2855969844868952e-05 -1.1824425930351736e-06 0.00010209709681366396 1.5187805819559504e-05 0.0011341295473434215 0.0011662655109736264 -0.0001303180075131133 0.00019129771145938291 -0.00026339723833176623 0.0027717601581410678 -0.00010433381385856991 0.0023339735768703649 0.00014926344837044761 -0.00046818755697907322 -0.0011823058518072771 -0.00046880526539650808 -0.0010106913917672512 3.8581124745181485e-05 0.00080839213709367388 0.0014108950231387391 7.2909050465002595e-05 -0.00063550507240818315 0.0023781226368563605 0.0011708268332953056 -0.00016010897780148513 -0.0014122439943711762 -0.0001128284413691927 -0.00024834980405588798 -0.00075086369913989696 0.0027482340401055756 9.8683844242115605e-05
leaf_weight=5518 84450 8410 4967 62 59 217 65 3689 58 780 91 617 1032 296 156 78 104 78 88 198 52 52 142 9876 2441 98 75 525 60 427
leaf_count=5518 84450 8410 4967 62 59 217 65 3689 58 780 91 617 1032 296 156 78 104 78 88 198 52 52 142 9876 2441 98 75 525 60 427
internal_value=-9.22175e-05 -0.000274244 -0.000426477 0.000396047 0.00331265 0.00174487 0.0058871 -0.000613935 -0.000473511 6.46163e-05 0.00104247 0.0035452 -0.000357561 0.000100955 0.000674652 0.00115384 0.00406593 0.00818681 0.000159473 0.00321678 -5.49462e-05 0.00365384 -0.000810832 -0.000518069 -0.00160695 0.00461538 -0.00188209 -3.21999e-05 0.00611111 -0.000903363
internal_weight=124761 40311 31901 5921 403 341 124 25980 22291 8589 2590 708 5999 1882 1586 1430 364 182 1066 286 182 104 13702 10018 3684 156 3528 1087 135 952
internal_count=124761 40311 31901 5921 403 341 124 25980 22291 8589 2590 708 5999 1882 1586 1430 364 182 1066 286 182 104 13702 10018 3684 156 3528 1087 135 952
is_linear=0
shrinkage=0.05


Tree=259
num_leaves=31
num_cat=0
split_feature=0 11 11 3 0 7 8 1 7 8 8 1 8 7 10 7 9 3 9 8 8 0 3 1 4 11 11 1 7 0
split_gain=0.789724 1.29913 1.23223 1.34252 1.25356 1.39357 2.47818 2.24032 1.9002 1.19312 4.23101 2.75331 1.65623 1.63184 1.58023 1.14344 1.3409 1.01884 2.22876 1.35956 2.125 1.50014 1.11928 1.08173 1.00754 1.00605 1.67477 1.23831 0.984945 2.3759
threshold=18.500000000000004 1.2217849585321277 1.1396426947228491 0.66527693225344786 1.5000000000000002 16.287500000000005 26.350000000000005 4.5000000000000009 18.812500000000004 26.250000000000004 25.650000000000002 4.5000000000000009 20.550000000000004 14.312500000000002 1.0000000180025095e-35 27.212500000000006 26.058333333333337 0.25206111083856975 14.867447916666668 17.650000000000002 17.450000000000003 5.5000000000000009 0.56369777965491019 2.5000000000000004 0.99748108949426018 1.0405761457260299 1.0574549747388564 1.0000000180025095e-35 18.962500000000006 93.500000000000014
decision_type=2 2 2 2 2 2 2 2 2 2 2 2 2 2 2 2 2 2 2 2 2 2 2 2 2 2 2 2 2 2
left_child=1 2 4 15 24 9 7 8 -7 10 12 13 17 -12 -15 16 -4 25 19 20 -19 22 -21 -23 -1 -6 -27 -28 29 -2
right_child=28 -3 3 -5 5 6 -8 -9 -10 -11 11 -13 -14 14 -16 -17 -18 18 -20 21 -22 23 -24 -25 -26 26 27 -29 -30 -31
leaf_value=0.00010413289072749296 0.00010073013489675508 0.00084744128594159266 -0.0021570599714855528 -0.001168754042256352 -0.00022066717297474132 -2.4079377614171622e-05 -5.466639322738574e-05 0.00079338932240241686 0.0003279282054820635 -0.00032482653354304927 -0.00014355213475710724 0.00042368489492663856 -0.00027858312367516071 0.00033070295083577404 5.7329287275534015e-05 -0.00090666691948637396 0.0002748477471009654 -0.00016153116862113064 0.00092219290627767656 0.00056110346351024231 0.0012017959844095206 3.8520662656512647e-05 -0.00024902033243792422 -0.00020052192729191215 0.00086588034086989337 0.00070610461780279367 0.00023114016736565832 -0.00014122972161766733 -3.6973309826507264e-05 -0.00067328093907697336
leaf_weight=2440 23425 76 57 312 1037 215 13945 51 105 770 151 74 2692 52 51 299 195 68 85 220 68 312 68 624 68 102 51 527 75710 911
leaf_count=2440 23425 76 57 312 1037 215 13945 51 105 770 151 74 2692 52 51 299 195 68 85 220 68 312 68 624 68 102 51 527 75710 911
internal_value=-8.98129e-05 -0.00034291 -0.000363044 -0.002219 -0.000295678 -0.000420351 -0.000138308 0.00389488 0.00234375 -0.00100115 -0.000769979 0.0047561 -0.0010796 0.00228346 0.00713592 -0.000735028 0.00174603 -0.000303607 0.000674739 0.000183822 0.00492647 -0.000343138 0.0028125 -0.0013141 0.000761562 -0.00112697 0.000367646 -0.000674742 -2.72886e-05 0.000249424
internal_weight=124761 24715 24639 863 23776 21268 14316 371 320 6952 6182 328 5854 254 103 551 252 3162 1445 1360 136 1224 288 936 2508 1717 680 578 100046 24336
internal_count=124761 24715 24639 863 23776 21268 14316 371 320 6952 6182 328 5854 254 103 551 252 3162 1445 1360 136 1224 288 936 2508 1717 680 578 100046 24336
is_linear=0
shrinkage=0.05


Tree=260
num_leaves=31
num_cat=0
split_feature=0 11 11 3 4 0 10 3 3 7 11 3 1 9 3 9 8 9 11 0 8 9 1 3 4 3 11 8 7 9
split_gain=0.891421 1.05697 1.36809 1.22643 1.17222 1.71203 1.63333 2.21886 2.25 2.10811 2.06556 1.84265 3.18029 2.20316 3.17037 1.83408 1.81342 1.77316 1.70667 1.16979 1.11065 1.83374 1.04719 2.62074 2.91755 1.91312 1.8749 2.83266 2.3094 5.17509
threshold=18.500000000000004 1.2217849585321277 1.1396426947228491 0.66527693225344786 0.51113019672828186 7.5000000000000009 1.0000000180025095e-35 -0.19337636264337835 0.78857998149907527 12.712500000000004 1.0515743247573357 -0.48314718476766422 1.5000000000000002 13.074218750000002 0.3504237462291826 16.217187500000005 19.150000000000002 12.786979166666667 1.0700394574466332 1.5000000000000002 26.350000000000005 18.122135416666669 2.5000000000000004 0.13398903995667991 0.46611290379786346 0.1849296026015865 1.0779742005359896 32.150000000000013 25.712500000000006 28.980208333333337
decision_type=2 2 2 2 2 2 2 2 2 2 2 2 2 2 2 2 2 2 2 2 2 2 2 2 2 2 2 2 2 2
left_child=1 2 4 -4 22 6 11 -8 9 10 17 12 -6 14 -13 -11 -16 -9 -12 -19 21 -14 -1 -24 25 -25 -27 -28 29 -29
right_child=-2 -3 3 -5 5 -7 7 8 -10 15 18 13 20 -15 16 -17 -18 19 -20 -21 -22 -23 23 24 -26 26 27 28 -30 -31
leaf_value=-0.00012677043018513064 -6.8836398327023488e-06 0.00080506922164451226 -0.00016990677364919071 -0.0011103163401435341 0.00081262417282437966 -0.00014919912154167796 -0.00026388932860013734 -0.00018362121810981777 -0.00048425488569061307 0.0012816237461622587 0.0011568363827491321 -0.00048091850851213723 -0.00085583971216991988 -0.00054078955532856445 0.0010259445647841333 0.00040990026404531316 -0.00014179592273194004 0.0011738976630470887 0.00026442852753697969 0.0001415565416850981 -0.00048232904203513626 0.0001184757816787473 -8.7713867493344024e-05 0.00086672978926912781 0.0026331008772532971 8.7859327215881588e-05 0.0022724118223411255 -0.00053765857340699961 -0.00021894804368984027 0.0018330007669067113
leaf_weight=6544 100046 76 551 312 104 4829 640 352 128 50 54 272 64 864 104 164 64 70 96 238 176 72 5188 133 57 3038 57 76 257 85
leaf_count=6544 100046 76 551 312 104 4829 640 352 128 50 54 272 64 864 104 164 64 70 96 238 176 72 5188 133 57 3038 57 76 257 85
internal_value=-9.22175e-05 -0.000361118 -0.000379278 -0.00233488 -0.000308295 -0.000785878 5.4099e-05 0.00111049 0.00242187 0.00320312 0.00203704 -0.00104651 0.00185096 -0.00197086 0.00090909 0.00761682 0.00630952 0.000833332 0.00733333 0.00360389 -0.000673078 0.00272059 -5.02118e-05 0.000303114 0.0013192 0.00114372 0.000920864 0.0038421 0.00241627 0.0071118
internal_weight=124761 24715 24639 863 23776 8341 3512 1792 1152 1024 810 1720 416 1304 440 214 168 660 150 308 312 136 15435 8891 3703 3646 3513 475 418 161
internal_count=124761 24715 24639 863 23776 8341 3512 1792 1152 1024 810 1720 416 1304 440 214 168 660 150 308 312 136 15435 8891 3703 3646 3513 475 418 161
is_linear=0
shrinkage=0.05


Tree=261
num_leaves=31
num_cat=0
split_feature=0 3 0 4 8 9 3 7 3 8 9 10 3 6 11 8 9 11 7 0 9 1 9 9 3 11 3 8 9 3
split_gain=0.907563 1.08402 1.56043 1.7412 1.87338 1.60038 1.50761 1.30909 1.29237 1.26922 2.09719 2.70105 3.87544 2.40175 1.79094 1.82749 1.60902 1.73233 1.54281 3.05014 1.45908 1.33928 1.21163 2.68713 1.31541 1.59118 1.19052 2.16426 3.11176 4.67688
threshold=18.500000000000004 -0.86546281643016554 7.5000000000000009 -0.60555643346685839 29.550000000000004 26.541666666666668 -0.9954993026558282 25.812500000000004 0.98667101781630195 28.250000000000004 25.676822916666669 1.0000000180025095e-35 -0.92274349529687905 1.0000000180025095e-35 0.83998462250459582 27.450000000000003 27.984895833333336 0.94260747916725696 24.862500000000004 10.500000000000002 25.771875000000005 4.5000000000000009 33.599218750000006 33.187239583333344 0.76140650896573492 1.1027172427607128 -0.03977009085991149 33.45000000000001 29.813541666666669 -0.35846811432664222
decision_type=2 2 2 2 2 2 2 2 2 2 2 2 2 2 2 2 2 2 2 2 2 2 2 2 2 2 2 2 2 2
left_child=1 6 26 4 5 -4 -1 -7 -5 14 11 12 -11 -13 -8 -16 18 -18 20 -20 -12 -21 23 24 -6 -26 27 -3 29 -29
right_child=-2 2 3 8 22 7 9 -9 -10 10 16 13 -14 -15 15 -17 17 -19 19 21 -22 -23 -24 -25 25 -27 -28 28 -30 -31
leaf_value=-0.00035780390249296796 -6.5394578410673532e-06 -0.00022998598531793883 -0.00040175415497246389 -0.00016917662274186518 -8.2134091165680944e-05 0.00084370788517673656 -0.0010520209250992759 0.0014917362744235555 4.9421057377755548e-05 0.0019195812632480406 0.0012331118583345571 -0.0010936274097363464 -0.00023695792902888384 0.00013264411301752791 0.00014811046375916157 0.00074286789553545214 0.0028772824859594637 -0.00029388241610362115 0.00039787344880087041 0.00031605428402871685 0.00015539380503409777 0.002489435215362339 -0.00078887622463954762 0.0015710591308479493 0.001947196651185618 -0.00044696167002400113 8.2400958039810865e-05 0.0054117200032427629 0.00010574995084569063 -6.330592346487654e-05
leaf_weight=597 100046 2902 66 6785 3691 55 57 55 627 95 57 513 190 95 114 57 57 798 267 65 791 93 572 99 66 55 5216 64 544 72
leaf_count=597 100046 2902 66 6785 3691 55 57 55 627 95 57 513 190 95 114 57 57 798 267 65 791 93 572 99 66 55 5216 64 544 72
internal_value=-9.18167e-05 -0.000363141 -0.000505296 -0.000874411 -0.000116979 0.00494318 0.000408215 0.00863636 -0.00135051 0.000832563 0.000561071 -0.00147257 0.00254386 -0.00335526 0.00442982 0.0069883 0.00141447 -0.000263159 0.00254124 0.005 0.00130896 0.0105063 -0.000315638 -1.27964e-06 -0.000212488 0.00491735 1.13543e-06 -0.000700727 0.00183823 0.00860294
internal_weight=124761 24715 20869 12071 4659 176 3846 110 7412 3249 3021 893 285 608 228 171 2128 855 1273 425 848 158 4483 3911 3812 121 8798 3582 680 136
internal_count=124761 24715 20869 12071 4659 176 3846 110 7412 3249 3021 893 285 608 228 171 2128 855 1273 425 848 158 4483 3911 3812 121 8798 3582 680 136
is_linear=0
shrinkage=0.05


Tree=262
num_leaves=31
num_cat=0
split_feature=0 0 3 11 11 3 11 9 8 3 8 8 8 11 1 4 9 9 3 3 8 10 3 9 1 11 8 3 4 7
split_gain=0.907563 1.06906 1.16085 1.15471 1.06377 1.04121 1.0272 2.2346 2.27913 2.6606 2.16919 1.91038 2.88351 1.82874 2.68259 1.86225 2.46912 1.92714 1.66276 1.39223 1.29482 1.00678 2.18138 1.46038 1.30956 1.2745 1.05836 1.03012 1.22566 0.968544
threshold=18.500000000000004 1.5000000000000002 0.94978112945126536 1.2217849585321277 0.99142420047150093 -0.20180236284700911 0.97072873014583261 19.278385416666669 29.650000000000002 -0.59869031648930193 27.550000000000004 31.050000000000004 31.150000000000002 0.98658784621230999 4.5000000000000009 -0.97315270831292444 29.292447916666671 27.845312500000002 0.16799745313369893 0.39827038710620805 29.050000000000004 1.0000000180025095e-35 0.082691702092476851 18.314583333333335 2.5000000000000004 1.0131522458708193 21.050000000000004 0.77244481603295057 -0.39827153806311183 26.712500000000006
decision_type=2 2 2 2 2 2 2 2 2 2 2 2 2 2 2 2 2 2 2 2 2 2 2 2 2 2 2 2 2 2
left_child=1 2 5 4 6 -1 29 18 9 20 -11 -10 -13 14 15 -14 17 -17 -8 -20 -9 27 24 25 -23 26 -24 -7 -29 -3
right_child=-2 3 -4 -5 -6 21 7 8 11 10 -12 12 13 -15 -16 16 -18 -19 19 -21 -22 22 23 -25 -26 -27 -28 28 -30 -31
leaf_value=-5.1452790721414711e-05 -6.2124849490138301e-06 -7.7466281719622247e-05 -0.00033240363532899882 0.00079970743136047488 -0.00013621305921954097 -0.00014208487205749634 -0.00042965871238392515 0.00044240411393832424 -0.00087659186937306683 -5.4504393615056969e-05 0.00024561203628447172 0.0026651506027244431 0.0017458853715055821 -0.00071078992841239945 0.0014581382829850413 0.00020238088933856335 -0.0012063168986826821 0.0018514919527485398 0.00055747249997212592 -8.2857339062595285e-06 0.00017044649418280523 0.0034630098825214478 0.00052215114893825506 -8.2521432171703932e-05 0.00073948431593648324 -4.3680385651765827e-05 0.0010937352130441231 0.0029236793980789858 -0.00012859657335911873 0.00032226796308440118
leaf_weight=1150 100046 5621 216 68 12894 492 425 68 204 119 51 51 68 221 102 136 238 51 68 493 51 52 72 318 80 66 58 52 54 1176
leaf_count=1150 100046 5621 216 68 12894 492 425 68 204 119 51 51 68 221 102 136 238 51 68 493 51 52 72 318 80 66 58 52 54 1176
internal_value=-9.18167e-05 -0.000363141 0.000593869 -0.000476138 -0.000496212 0.000910609 -8.36718e-05 0.000818413 0.00213235 0.00607266 0.00205882 0.00106909 0.00209342 0.00137255 0.00281512 0.00128803 5.88223e-05 0.00435829 -0.000993916 0.000793225 0.0118067 0.00191318 0.00328173 0.00180934 0.00901515 0.00520408 0.00807692 0.000434781 0.00490566 -0.000395028
internal_weight=124761 24715 2610 22105 22037 2394 9143 2346 1360 289 170 1071 867 816 595 493 425 187 986 561 119 1244 646 514 132 196 130 598 106 6797
internal_count=124761 24715 2610 22105 22037 2394 9143 2346 1360 289 170 1071 867 816 595 493 425 187 986 561 119 1244 646 514 132 196 130 598 106 6797
is_linear=0
shrinkage=0.05


Tree=263
num_leaves=31
num_cat=0
split_feature=0 0 11 7 4 9 8 4 4 7 0 0 7 0 0 4 7 0 0 0 0 0 3 8 9 11 4 11 0 8
split_gain=0.799639 0.978545 1.1451 0.959948 1.03628 0.890854 3.81638 2.56763 2.38387 2.60497 3.41882 3.21179 3.13407 2.37867 3.39968 2.14827 2.65808 2.0659 5.37103 1.96184 5.03921 3.2465 2.8134 2.63095 2.55098 1.9022 1.71398 1.98025 1.69551 1.68117
threshold=18.500000000000004 1.5000000000000002 1.2217849585321277 30.237500000000004 -0.99938741687870725 26.413281250000001 32.95000000000001 0.19969739736768838 -0.056951011027366626 26.812500000000004 25.500000000000004 52.500000000000007 30.837500000000006 37.500000000000007 29.500000000000004 -0.22700609751797865 23.962500000000006 70.500000000000014 76.500000000000014 57.500000000000007 70.500000000000014 87.500000000000014 -0.88622299073327826 30.250000000000004 25.308854166666666 0.78920070979102952 -0.70900320270980455 1.1538549292311382 51.500000000000007 28.950000000000003
decision_type=2 2 2 2 2 2 2 2 2 2 2 2 2 2 2 2 2 2 2 2 2 2 2 2 2 2 2 2 2 2
left_child=1 -1 3 4 -3 6 15 8 9 -7 12 -12 26 14 -8 16 -2 -13 -19 22 -21 -22 23 25 -23 -17 27 -11 -27 -30
right_child=5 2 -4 -5 -6 7 13 -9 -10 10 11 17 -14 -15 -16 19 -18 18 -20 20 21 24 -24 -25 -26 28 -28 -29 29 -31
leaf_value=7.4459082899261254e-05 -0.00080275880858275488 0.00093694552885243993 0.00075972205979245061 -0.0007911838568629855 -6.0905373162714488e-05 -0.00046539530391455938 0.00056625931152457193 -0.0014835343872428165 0.00044813976598497311 2.9261749029030403e-05 -0.00031569194267862363 0.00027690684168945863 0.0026399149996559771 0.00033655447119277965 0.0033453142847927916 0.003268578798877981 0.00067484748334358956 -0.0010313230442762823 0.00017960133680248872 -0.00045470615924663631 0.0001874897975501967 -0.00025706868473103972 0.00016884671274861474 -0.0011543959078106978 0.0011558864544195557 -0.00026361199078269842 0.0012386136814352725 0.0020923956374723105 0.0010483189256449462 -0.00027271123357156435
leaf_weight=2610 327 119 68 701 21217 6079 165 693 2387 1190 15102 10767 126 870 120 78 1059 3497 9166 8112 10608 4610 21177 1365 376 1452 355 101 126 138
leaf_count=2610 327 119 68 701 21217 6079 165 693 2387 1190 15102 10767 126 870 120 78 1059 3497 9166 8112 10608 4610 21177 1365 376 1452 355 101 126 138
internal_value=-8.6206e-05 -0.000340887 -0.000448995 -0.000468985 -0.000409169 -2.32905e-05 0.00012425 -0.000174172 -0.000131229 -0.000210531 -6.50071e-05 -0.000163761 0.00208239 0.00296537 0.00692982 5.78607e-05 0.00199856 0.00020273 -0.000230199 1.87217e-06 -0.000321861 0.000203923 0.000317224 -0.00107471 -0.000848377 0.000183945 0.00150061 0.00065453 -0.000163171 0.00352273
internal_weight=124761 24715 22105 22037 21336 100046 50583 49463 48770 46383 40304 38532 1772 1155 285 49428 1386 23430 12663 48042 23706 15594 24336 3159 4986 1794 1646 1291 1716 264
internal_count=124761 24715 22105 22037 21336 100046 50583 49463 48770 46383 40304 38532 1772 1155 285 49428 1386 23430 12663 48042 23706 15594 24336 3159 4986 1794 1646 1291 1716 264
is_linear=0
shrinkage=0.05


Tree=264
num_leaves=31
num_cat=0
split_feature=0 7 8 9 11 4 0 4 3 3 0 8 3 1 4 4 10 4 1 0 0 7 0 7 11 4 0 0 4 8
split_gain=0.779443 1.41016 1.77054 1.19508 2.59388 1.106 1.15035 1.59394 1.26526 1.42514 1.25184 1.86065 1.85335 1.44678 1.01006 1.03404 1.52378 2.84441 1.40612 1.59091 1.18341 1.08894 1.03977 1.61548 1.00553 1.78255 2.1888 1.14304 0.981962 2.11575
threshold=31.500000000000004 26.987500000000004 19.150000000000002 27.634114583333339 0.98244204632020515 0.97832380634958016 19.500000000000004 0.97461712852231652 0.56369777965491019 0.25206111083856975 6.5000000000000009 18.950000000000003 0.36648264796514479 1.5000000000000002 -0.99983123799342477 -0.52765736634565841 1.0000000180025095e-35 -0.31800055644052067 3.5000000000000004 25.500000000000004 30.500000000000004 27.512500000000006 18.500000000000004 28.237500000000004 0.73745831416842689 0.7254836971458194 47.500000000000007 82.500000000000014 0.99855310097228334 19.250000000000004
decision_type=2 2 2 2 2 2 2 2 2 2 2 2 2 2 2 2 2 2 2 2 2 2 2 2 2 2 2 2 2 2
left_child=1 2 5 4 -3 6 8 -8 9 -1 11 13 -12 -11 -5 -16 17 18 22 21 -18 -20 -17 -24 25 26 -2 -28 -26 -30
right_child=24 3 -4 14 -6 -7 7 -9 -10 10 12 -13 -14 -15 15 16 20 -19 19 -21 -22 -23 23 -25 28 -27 27 -29 29 -31
leaf_value=-0.00017836140072857783 0.0056950296832734082 0.001670627057955286 -0.00010012179193410342 0.00037914644148686195 -0.00047345649884184091 -4.6057304098912863e-05 0.00062556767041609899 0.0028190061449690678 -0.00087189427571267059 0.00087139337937838183 0.00026598407656130599 0.0016387892528188508 -0.00033653957205873882 8.3391628609636852e-05 -4.0381565688757093e-05 -0.00072046695799837747 -0.00075223024474233935 -0.0013040343840359863 0.0018989556161241143 0.00084139274820841975 0.00097426173314018889 0.0024128872672824486 0.0028902245141535022 -0.00034357006250440824 -1.0789804440236261e-05 -0.0012244730599226643 0.0014297911395231126 -0.0013088253332562787 5.642784335256116e-05 0.0011989229067499881
leaf_weight=460 64 78 28745 165 71 1664 768 84 100 63 208 56 351 182 7651 99 401 99 58 65 64 50 73 56 81102 128 140 52 1344 320
leaf_count=460 64 78 28745 165 71 1664 768 84 100 63 208 56 351 182 7651 99 401 99 58 65 64 50 73 56 81102 128 140 52 1344 320
internal_value=-8.90114e-05 -0.000265676 -0.000417828 0.000291152 0.00473154 0.000576726 0.00129401 0.00274648 0.000422534 0.000833332 0.00203488 0.00463455 0.000635061 0.0027551 0.000215806 0.000141596 0.00168394 0.0036 0.00547381 0.00887283 -0.000376345 0.0125926 0.00289474 0.00585271 -6.02515e-07 0.00255208 0.00496094 0.00229167 -1.24459e-05 0.0011899
internal_weight=124761 41611 32681 8930 149 3936 2272 852 1420 1320 860 301 559 245 8781 8616 965 500 401 173 465 108 228 129 83150 384 256 192 82766 1664
internal_count=124761 41611 32681 8930 149 3936 2272 852 1420 1320 860 301 559 245 8781 8616 965 500 401 173 465 108 228 129 83150 384 256 192 82766 1664
is_linear=0
shrinkage=0.05


Tree=265
num_leaves=31
num_cat=0
split_feature=0 10 3 3 3 4 11 11 4 7 1 3 7 9 0 9 0 8 4 11 0 9 9 11 0 9 9 7 0 3
split_gain=0.70699 1.28816 3.45449 3.92182 2.70695 2.64144 4.8764 2.59524 2.44284 3.17281 5.35597 2.72662 2.38026 2.91334 2.19869 1.8934 1.88257 1.83529 1.80922 1.81401 1.75153 1.63345 2.76444 2.92604 1.61032 1.55905 2.15216 1.82825 1.55398 1.49508
threshold=31.500000000000004 1.0000000180025095e-35 -0.41398024697495356 -0.66528616069191593 -0.49064630004295678 -0.67168186667784702 0.9984557137694885 1.1135526900622577 0.62420859727530387 12.537500000000003 5.5000000000000009 0.25206111083856975 27.187500000000004 29.259375000000002 11.500000000000002 20.683593750000004 1.0000000180025095e-35 30.850000000000005 -0.91249077947840473 0.81964528947748405 22.500000000000004 21.076822916666668 21.593229166666671 1.0202540345051931 22.500000000000004 30.591927083333339 29.247135416666669 23.837500000000006 22.500000000000004 -0.80924678377697201
decision_type=2 2 2 2 2 2 2 2 2 2 2 2 2 2 2 2 2 2 2 2 2 2 2 2 2 2 2 2 2 2
left_child=1 4 3 5 15 6 17 -5 21 16 11 -11 13 -8 -12 -1 -10 -3 19 -6 -7 -4 23 -23 -14 26 28 -27 -20 -17
right_child=-2 2 8 7 18 20 12 -9 9 10 14 -13 24 -15 -16 29 -18 -19 25 -21 -22 22 -24 -25 -26 27 -28 -29 -30 -31
leaf_value=0.00035209693292570998 -1.4784704857813619e-06 0.00056548342139829363 -0.00064029117907167565 -0.0011921331464208272 0.0027660481133598815 -7.5331403239091112e-05 0.0031734285657533928 0.00056436011221468662 0.00091297062735879321 -0.00053848699789215749 0.0014195265512217375 0.00031526783692660098 -0.00055270808245933142 0.0015648188894107071 0.0003105650233886691 0.00031911697482890432 1.5473438720111058e-05 -0.0019751675461945448 -0.00018892366600423545 0.00012951085853608519 -0.00081943306666131671 0.00094810078035367405 -7.4823512777713626e-05 4.339735019351956e-05 0.0016025501836464018 0.0012504421143786592 -0.0019321620062385083 0.00014752637416375647 0.00017732238430078127 -7.685708359585833e-05
leaf_weight=672 83150 68 928 2208 64 4328 50 224 105 294 56 448 88 113 55 2724 3714 192 5014 2944 1692 64 8663 96 69 60 768 1960 1962 1988
leaf_count=672 83150 68 928 2208 64 4328 50 224 105 294 56 448 88 113 55 2724 3714 192 5014 2944 1692 64 8663 96 69 60 768 1960 1962 1988
internal_value=-8.90114e-05 -0.000257265 -0.000502026 -0.00126882 5.89325e-05 -0.000636365 0.00258621 -0.0029852 -2.18413e-05 0.000918235 0.00367526 0.00214286 0.00671875 0.0109509 0.0139189 0.000999256 0.000302434 -0.0025 -0.000337458 0.000734706 -0.000946845 -0.00047226 -0.000262384 0.00625 0.00232484 -0.00066776 -0.000990445 0.000569306 -0.000713877 0.00064516
internal_weight=124761 41611 23455 9032 18156 6600 580 2432 14423 4672 853 742 320 163 111 5384 3819 260 12772 3008 6020 9751 8823 160 157 9764 7744 2020 6976 4712
internal_count=124761 41611 23455 9032 18156 6600 580 2432 14423 4672 853 742 320 163 111 5384 3819 260 12772 3008 6020 9751 8823 160 157 9764 7744 2020 6976 4712
is_linear=0
shrinkage=0.05


Tree=266
num_leaves=31
num_cat=0
split_feature=0 7 8 4 8 11 11 0 8 7 11 11 0 8 8 1 11 11 11 11 9 11 11 9 11 3 11 10 4 8
split_gain=0.747947 1.26615 1.58527 1.2539 1.73377 1.58971 2.25283 1.43459 1.27971 1.5015 1.37602 2.9323 2.34323 2.4973 3.81167 2.61875 3.17202 1.37999 2.09261 1.59586 1.23056 1.22739 4.79064 1.35908 1.20301 1.14839 3.75636 1.32364 1.497 3.60799
threshold=31.500000000000004 26.987500000000004 20.750000000000004 0.76002003530985496 30.250000000000004 1.0802921153976739 1.0619294486449482 12.500000000000002 30.650000000000002 17.912500000000005 0.97366293224832023 0.98658784621230999 19.500000000000004 36.150000000000013 34.150000000000013 4.5000000000000009 0.98244204632020515 0.99060004174370953 0.99167509322876013 0.99415218657029769 27.186458333333334 1.0036114727335816 1.0017592847767565 24.116406250000004 1.0003514375846063 0.93544191479114935 0.91996099769083439 1.0000000180025095e-35 -0.91249077947840473 34.050000000000004
decision_type=2 2 2 2 2 2 2 2 2 2 2 2 2 2 2 2 2 2 2 2 2 2 2 2 2 2 2 2 2 2
left_child=1 2 -1 4 5 6 -4 -8 9 -6 25 12 13 14 15 -12 -17 -13 -19 -20 -11 22 -21 -23 -22 27 -27 28 29 -10
right_child=-2 -3 3 -5 8 -7 7 -9 10 20 11 17 -14 -15 -16 16 -18 18 19 21 24 23 -24 -25 -26 26 -28 -29 -30 -31
leaf_value=4.5843586220320958e-05 -1.4045469614933288e-06 8.59450446859875e-05 2.3573904444228441e-05 -0.00022406527830516501 0.00077170025115049228 -0.00056113611229758502 0.00044783657293296324 0.00032519166137040805 0.0034305424514595403 -0.0013263103849101305 5.5096559824619281e-05 -0.0010518200387713487 -0.00063595753759802592 -0.0020156500919227475 0.0020013366927551005 0.00030605720342911826 0.0028914838697029614 0.0024540957068808892 -0.0015790668303966666 3.3568397877946425e-05 -0.0011163675409845476 -0.0007529897136834612 0.0018708933215363197 -8.9574154615261004e-05 0.00055778453448422139 0.001504887273263783 -0.0001505246144828063 -0.00094026441482267069 -0.00030715130796874315 -0.0006482255987701102
leaf_weight=6112 83150 8930 8262 3808 70 464 52 74 76 537 194 232 211 64 55 80 60 62 254 524 118 320 63 6307 84 64 478 2611 1339 106
leaf_count=6112 83150 8930 8262 3808 70 464 52 74 76 537 194 232 211 64 55 80 60 62 254 524 118 320 63 6307 84 64 478 2611 1339 106
internal_value=-9.1416e-05 -0.000264475 -0.000408648 -0.000575672 -0.000435175 0.000111838 0.000269431 0.00690476 -0.000783307 -0.00271323 -0.000664123 -0.00028246 0.00290663 0.00493377 0.00643959 0.00443114 0.00964286 -0.00055527 -0.000438248 -0.000514195 -0.00337619 -0.000377046 0.00181431 -0.00057115 -4.95061e-05 -0.00135216 0.000811807 -0.00163601 -0.000463512 0.00379121
internal_weight=124761 41611 32681 26569 22761 8852 8388 126 13909 809 13100 8426 664 453 389 334 140 7762 7530 7468 739 7214 587 6627 202 4674 542 4132 1521 182
internal_count=124761 41611 32681 26569 22761 8852 8388 126 13909 809 13100 8426 664 453 389 334 140 7762 7530 7468 739 7214 587 6627 202 4674 542 4132 1521 182
is_linear=0
shrinkage=0.05


Tree=267
num_leaves=31
num_cat=0
split_feature=0 10 3 3 3 11 4 11 8 3 4 7 1 3 8 0 9 9 9 0 4 0 0 0 0 7 8 8 8 8
split_gain=0.720514 1.33052 3.1543 3.76799 2.58555 2.53319 2.3429 4.5514 2.1125 2.4 2.04816 2.51314 3.603 2.53372 1.83529 1.6857 1.65029 2.65639 1.6439 1.608 1.57805 2.39512 1.4751 2.60417 1.43829 1.39006 1.38749 2.64819 2.81667 1.87868
threshold=31.500000000000004 1.0000000180025095e-35 -0.41398024697495356 -0.66528616069191593 -0.49064630004295678 1.1135526900622577 -0.67168186667784702 0.9984557137694885 33.650000000000013 -0.71504373327588355 0.62420859727530387 12.537500000000003 5.5000000000000009 0.25206111083856975 30.850000000000005 22.500000000000004 21.076822916666668 21.539583333333336 20.559895833333336 10.500000000000002 -0.99761278905001471 17.500000000000004 11.500000000000002 5.5000000000000009 1.5000000000000002 15.912500000000003 38.150000000000013 38.850000000000001 38.45000000000001 37.250000000000007
decision_type=2 2 2 2 2 2 2 2 2 2 2 2 2 2 2 2 2 2 2 2 2 2 2 2 2 2 2 2 2 2
left_child=1 4 3 6 18 -5 7 14 9 -9 16 24 13 -13 -3 -8 -4 -18 22 -14 21 -6 23 -1 -12 -15 29 28 -28 -22
right_child=-2 2 10 5 20 -7 15 8 -10 -11 11 12 19 25 -16 -17 17 -19 -20 -21 26 -23 -24 -25 -26 -27 27 -29 -30 -31
leaf_value=3.0880377927899549e-05 -1.3343196134176156e-06 0.00056976497326249171 -0.0006094553153403032 -0.001119858745908892 -0.0001924431663192635 0.00053798797968574927 -7.0476603653382564e-05 0.00190356394896807 0.0034214082667945165 0.00025203699422256747 0.00059589470252286185 -0.00050035938408229171 0.0013632282602632374 0.00033836419985960658 -0.0018238181669462503 -0.00077964010855046263 0.00089914660992010181 -6.7048528699362013e-05 0.00011854778553381799 0.00028656404045349949 -0.00010909349386516816 0.001231519975172799 0.00033857083560712159 0.0011097447615670546 2.7551728242356607e-06 -0.00086141759297526292 0.00019827427011802026 -0.00010043564125738357 0.0014953982631509002 -0.0025551501213740627
leaf_weight=120 83150 68 928 2208 252 224 4328 96 64 160 210 294 52 394 192 1692 96 8727 4744 59 9344 196 400 120 3609 54 320 2020 160 480
leaf_count=120 83150 68 928 2208 252 224 4328 96 64 160 210 294 52 394 192 1692 96 8727 4744 59 9344 196 400 120 3609 54 320 2020 160 480
internal_value=-8.98129e-05 -0.000259668 -0.000508422 -0.00124114 6.16864e-05 -0.00292352 -0.000621213 0.00241379 0.00640625 0.004375 -4.95748e-05 0.000811215 0.00326495 0.00200809 -0.0025 -0.000913622 -0.000462005 -0.00025105 0.000980682 0.0116667 -0.000325714 0.00258928 0.00335937 0.00645833 0.000263157 0.004375 -0.000431679 0.000619999 0.00395833 -0.000699309
internal_weight=124761 41611 23455 9032 18156 2432 6600 580 320 256 14423 4672 853 742 260 6020 9751 8823 5384 111 12772 448 640 240 3819 448 12324 2500 480 9824
internal_count=124761 41611 23455 9032 18156 2432 6600 580 320 256 14423 4672 853 742 260 6020 9751 8823 5384 111 12772 448 640 240 3819 448 12324 2500 480 9824
is_linear=0
shrinkage=0.05


Tree=268
num_leaves=31
num_cat=0
split_feature=0 7 9 9 3 3 11 9 11 3 11 3 11 11 9 8 0 7 3 1 1 9 11 4 4 11 1 8 11 8
split_gain=0.823489 1.19478 1.90548 2.55681 2.26103 3.60995 4.52182 2.28403 2.01524 1.75853 2.59862 4.98152 2.55361 2.3502 2.38743 2.10634 1.58467 2.46231 2.20827 1.71859 1.65795 1.46019 1.42186 1.42158 2.42031 1.24748 1.225 1.40833 1.22382 1.10573
threshold=19.500000000000004 23.412500000000005 28.401041666666671 28.330468750000005 0.3504237462291826 0.79904096188274243 1.0851240170188765 27.604427083333338 0.98244204632020515 -0.41398024697495356 1.0348769204500241 -0.27694604220087021 1.0923437463937298 1.027978427818794 34.42239583333334 41.550000000000004 11.500000000000002 25.712500000000006 -0.92274349529687905 4.5000000000000009 4.5000000000000009 27.984895833333336 0.91604481249886316 -0.30164489695395946 -0.26867065956352881 1.1396426947228491 1.5000000000000002 33.45000000000001 1.0837192966485236 32.650000000000013
decision_type=2 2 2 2 2 2 2 2 2 2 2 2 2 2 2 2 2 2 2 2 2 2 2 2 2 2 2 2 2 2
left_child=1 23 3 4 16 6 7 -6 -5 12 11 26 -4 15 -15 29 21 20 -19 -20 -18 -3 -22 28 -25 -26 -11 -28 -1 -13
right_child=-2 2 9 8 5 -7 -8 -9 -10 10 -12 13 -14 14 -16 -17 17 18 19 -21 22 -23 -24 24 25 -27 27 -29 -30 -31
leaf_value=-0.0011851263046002785 -7.6607537714527727e-06 -2.7057834686152866e-06 -0.00090789645060775157 0.0034649325813145429 0.001038119098348628 -0.00071081554710967143 -0.00050850448389704386 0.0030058350899113805 0.0011802797488415079 0.0037495251780994203 -0.0002864163787056234 0.00094623194992028952 0.00027552192599784446 0.0010421145352856181 -0.0009461518733119861 0.0023504093231874984 -0.0003836220042196521 0.0028801289565608076 0.0016121547052758479 -0.00059713703726332944 -0.00053892794944658052 -0.0011425757474099495 0.0014148386100207102 0.0010878433208976381 -5.4634663875905115e-05 -0.00069384972367508716 0.00034179911063799665 0.0045201335139844678 0.0014526758580835899 -7.4435569546619205e-05
leaf_weight=692 98747 1379 1999 60 88 188 86 83 140 60 2871 120 520 169 80 91 440 62 206 110 76 390 160 58 13061 200 60 60 52 2453
leaf_count=692 98747 1379 1999 60 88 188 86 83 140 60 2871 120 520 169 80 91 440 62 206 110 76 390 160 58 13061 200 60 60 52 2453
internal_value=-9.26183e-05 -0.000342893 2.46829e-05 0.00101211 0.000676253 0.00398876 0.00784047 0.0125439 0.0065 -0.000378994 8.88653e-05 0.00109441 -0.0014867 0.000595605 0.00524096 0.00016141 0.00015409 0.0016888 0.00492063 0.00322785 -0.000118344 -0.000760318 0.00326271 -0.000655267 -0.000536453 -0.000581028 0.00916667 0.00625 -0.00278226 -0.000102994
internal_weight=124761 26014 11951 3468 3268 445 257 171 200 8483 5964 3093 2519 2913 249 2664 2823 1054 378 316 676 1769 236 14063 13319 13261 180 120 744 2573
internal_count=124761 26014 11951 3468 3268 445 257 171 200 8483 5964 3093 2519 2913 249 2664 2823 1054 378 316 676 1769 236 14063 13319 13261 180 120 744 2573
is_linear=0
shrinkage=0.05


Tree=269
num_leaves=31
num_cat=0
split_feature=0 7 8 11 4 4 11 11 8 3 11 3 11 8 11 11 3 3 1 8 8 3 8 8 3 0 0 1 9 8
split_gain=0.781885 1.05506 1.75462 1.54133 1.37024 2.40784 1.26434 1.20168 0.999999 1.01937 2.43062 2.3653 1.54714 2.82881 1.44741 2.33357 1.32041 1.16379 4.4754 3.1002 2.06338 1.74013 1.72707 4.68155 1.54083 2.93357 2.34756 1.26336 1.92775 1.69593
threshold=19.500000000000004 23.412500000000005 28.850000000000005 0.83998462250459582 -0.30164489695395946 -0.26867065956352881 1.1396426947228491 1.0837192966485236 43.20000000000001 -0.41398024697495356 1.1098813432497676 -0.67803021058859214 1.138526936352606 32.650000000000013 1.1102543501962845 1.1226820583948653 0.98213580174693105 -0.27694604220087021 1.0000000180025095e-35 32.150000000000013 36.850000000000001 -0.13398594226331254 31.950000000000003 31.250000000000004 -0.36647417525074694 13.500000000000002 8.5000000000000018 2.5000000000000004 27.918750000000003 40.150000000000013
decision_type=2 2 2 2 2 2 2 2 2 2 2 2 2 2 2 2 2 2 2 2 2 2 2 2 2 2 2 2 2 2
left_child=1 4 3 -3 7 -6 -7 -1 9 11 16 14 -13 -14 -4 -16 17 18 -11 -20 24 -19 23 -23 26 -26 -21 28 -24 -30
right_child=-2 2 8 -5 5 6 -8 -9 -10 10 -12 12 13 -15 15 -17 -18 21 19 20 -22 22 27 -25 25 -27 -28 -29 29 -31
leaf_value=-0.001125869989370265 -7.277716082880043e-06 -0.00012534438256137673 -3.193991847259394e-05 0.00074050381435534834 0.0010334511548527573 -5.1902930682110289e-05 -0.00065915723749133265 0.0013800420651794115 -0.0016122808638973599 0.0035620489191944475 -0.00056899625264645399 -0.0014090579073393916 -0.00045612338410948837 0.0015635361162206554 0.0020151036294789571 7.0585299328083224e-05 -0.0013150154660294328 -0.00068654015393319185 -0.00092411102281526273 0.0046971598628484318 -0.0014345738559046661 1.8363571220731069e-05 0.0015207244855179004 0.002415903274095492 -0.00018108245407852426 0.0020104815700011081 0.0010941552030660205 0.00043442247445310913 -0.0004899410981930852 0.00077977153249101597
leaf_weight=692 98747 104 3156 198 58 13061 200 52 140 60 992 1200 140 60 60 140 98 712 240 54 60 141 70 65 140 60 66 2320 1416 259
leaf_count=692 98747 104 3156 198 58 13061 200 52 140 60 992 1200 140 60 60 140 98 712 240 54 60 141 70 65 140 60 66 2320 1416 259
internal_value=-8.94121e-05 -0.000333283 1.21317e-05 0.00377483 -0.000626823 -0.000510175 -0.000554635 -0.00271505 -8.54162e-05 -3.43222e-05 0.000360579 -0.000595039 -0.00232143 0.00175 0.000125148 0.00425 0.000754208 0.000853787 0.00279412 0.00153226 0.0043421 0.000589001 0.000970498 0.00543689 0.0059375 0.00325 0.0104167 0.000744156 -0.000272207 -0.000611941
internal_weight=124761 26014 11951 302 14063 13319 13261 744 11649 11509 6753 4756 1400 200 3356 200 5761 5663 680 620 380 4983 4271 206 320 200 120 4065 1745 1675
internal_count=124761 26014 11951 302 14063 13319 13261 744 11649 11509 6753 4756 1400 200 3356 200 5761 5663 680 620 380 4983 4271 206 320 200 120 4065 1745 1675
is_linear=0
shrinkage=0.05


Tree=270
num_leaves=31
num_cat=0
split_feature=11 3 7 0 9 0 11 0 8 0 11 11 4 4 8 9 3 7 7 4 4 7 11 7 8 9 0 3 0 0
split_gain=0.788846 2.11012 1.98814 1.73529 1.60435 1.53549 1.28951 1.267 1.35148 1.85185 1.0967 2.09075 2.53446 3.04787 4.26667 2.52778 2.40755 2.40723 2.35259 2.23065 2.63377 2.54791 2.22291 2.5793 2.1669 2.16467 2.13878 1.60556 1.6053 1.4447
threshold=1.1338093104982068 0.3504237462291826 39.01250000000001 28.500000000000004 25.940625000000001 46.500000000000007 1.1649345393363679 82.500000000000014 39.050000000000004 55.500000000000007 1.0864563662565241 1.0991767934430481 -0.91939278948206182 -0.61915584096709908 41.550000000000004 32.437500000000007 -0.61237985104942771 42.587500000000013 33.212500000000013 -0.93237865822738086 -0.72102888505294738 37.01250000000001 1.1250574444522627 18.212500000000006 34.350000000000001 33.96510416666667 58.500000000000007 1.0000000180025095e-35 82.500000000000014 18.500000000000004
decision_type=2 2 2 2 2 2 2 2 2 2 2 2 2 2 2 2 2 2 2 2 2 2 2 2 2 2 2 2 2 2
left_child=10 2 4 -3 -2 -6 -7 8 -5 -10 -1 19 15 14 16 -13 -14 -16 -18 21 -21 24 25 28 -12 -15 -20 -17 -24 -26
right_child=1 3 -4 7 5 6 -8 -9 9 -11 11 12 13 22 17 27 18 -19 26 20 -22 -23 23 -25 29 -27 -28 -29 -30 -31
leaf_value=-2.5967978345763714e-05 -0.0016812837051413021 -0.00084646450039198035 0.0022568576980032365 -0.00025052347853153336 0.00030153484025470235 0.00012738690204843888 -0.0011016748020020708 -0.0015180533270094559 -0.0013726648313992936 0.0032520240668787261 0.00030561696477453515 -0.0017760925190362415 0.003327091036228043 -0.00033680653471370879 -0.0012011443374352268 0.0011848018651670149 0.00077863369941716506 0.0017509699325166867 0.0016110945364565584 -0.00092009078525114637 0.00065700942605660109 -0.0042151534592732394 -0.00016077397324584542 0.0022427889935112133 0.00032757545282733144 0.0034413271064928004 0.0035719637610029382 -0.00071164937004783522 0.0015426758756128486 0.0030243941496226933
leaf_weight=109783 288 646 50 972 1501 863 658 286 108 108 288 1248 96 2394 506 288 619 70 86 864 1344 77 282 146 114 96 63 480 52 385
leaf_count=109783 288 646 50 972 1501 863 658 286 108 108 288 1248 96 2394 506 288 619 70 86 864 1344 77 282 146 114 96 63 480 52 385
internal_value=-8.86106e-05 -0.000675184 0.000104165 -0.00191038 -4.53184e-05 0.000294506 -0.000825116 -0.000963366 -0.000244109 0.00333333 -6.16623e-05 0.000453779 -5.9136e-05 0.000612244 0.0025 -0.00152778 0.00472222 -0.000833335 0.00378906 0.00152669 0.000683876 0.00368055 -0.000303031 0.0028125 0.00452986 -0.000903616 0.00942953 0.000729165 0.00038922 0.00652304
internal_weight=124761 5480 3360 2120 3310 3022 1521 1474 1188 216 119281 9498 6426 4410 1440 2016 864 576 768 3072 2208 864 2970 480 787 2490 149 768 334 499
internal_count=124761 5480 3360 2120 3310 3022 1521 1474 1188 216 119281 9498 6426 4410 1440 2016 864 576 768 3072 2208 864 2970 480 787 2490 149 768 334 499
is_linear=0
shrinkage=0.05


Tree=271
num_leaves=31
num_cat=0
split_feature=0 10 3 3 3 4 3 7 1 0 11 4 1 0 6 7 9 11 11 11 1 8 9 9 11 7 3 3 0 11
split_gain=0.776268 1.35916 3.49049 3.19873 2.38514 2.25445 2.61545 3.72566 3.14518 2.37544 1.9878 1.94836 3.90323 1.97669 1.58648 1.80773 2.95585 3.8859 3.93166 1.74745 2.91703 1.55428 1.51442 3.21429 1.86708 1.5876 2.84895 2.28624 1.50161 1.48465
threshold=30.500000000000004 1.0000000180025095e-35 -0.41398024697495356 -0.66528616069191593 -0.49064630004295678 0.62420859727530387 0.15101559051660998 12.712500000000004 5.5000000000000009 3.5000000000000004 1.1135526900622577 -0.72694848937061807 3.5000000000000004 25.500000000000004 1.0000000180025095e-35 24.962500000000006 22.899479166666669 0.99733561582144803 0.97297253075836154 1.1135526900622577 2.5000000000000004 31.150000000000002 28.401041666666671 28.330468750000005 0.91604481249886316 26.712500000000006 -0.9442364261229238 -0.92274349529687905 10.500000000000002 1.0178050453765108
decision_type=2 2 2 2 2 2 2 2 2 2 2 2 2 2 2 2 2 2 2 2 2 2 2 2 2 2 2 2 2 2
left_child=1 4 3 11 -1 -4 9 -8 -9 -7 -5 12 -3 14 15 16 17 18 -13 22 -21 -18 23 24 -17 26 -26 -28 -24 -23
right_child=-2 2 5 10 -6 6 7 8 -10 -11 -12 13 -14 -15 -16 19 21 -19 -20 20 -22 29 28 -25 25 -27 27 -29 -30 -31
leaf_value=0.00018724215884589822 3.6807796899312902e-07 -0.0013635750379678785 -9.6767917426221516e-05 -0.0010588537672302427 -6.988021357591672e-05 0.00047176823137801989 0.00011872445460450639 0.00027656620803529836 0.00060488063397463789 -0.00018797108482045117 0.00048930644211728897 0.00015207985465929573 0.0020327099453269263 -0.0010569123587153147 0.00018996906237592388 -0.0011757425828760155 -0.001043972570020451 -0.00046480591829990947 0.00068886687379508815 0.0016831091500483621 -0.0033533243667654093 -0.00039735967768591321 0.00024966441770430585 0.004057464565303614 -0.00016278897015450748 -0.0012379022008153842 0.0030771214523249782 0.00068254435863977889 -0.0014029842955690045 0.00043135031940965351
leaf_weight=5216 84450 62 9446 2139 12373 236 2231 396 70 1593 217 364 62 1010 498 217 1252 390 52 75 52 416 354 52 458 98 59 319 472 132
leaf_count=5216 84450 62 9446 2139 12373 236 2231 396 70 1593 217 364 62 1010 498 217 1252 390 52 75 52 416 354 52 458 98 59 319 472 132
internal_value=-8.38014e-05 -0.000264321 -0.000519762 -0.00130286 6.56648e-05 -2.93456e-05 0.0008882 0.00187801 0.0059442 -0.000571352 -0.00287776 -0.000722554 0.00548387 -0.000845296 -0.000456275 -0.000737086 -0.00162318 0.000893299 0.00425481 0.000333951 0.00602362 -0.00275 -2.21796e-05 0.00110972 0.000560381 0.00153105 0.00223684 0.00544973 -0.0016707 -0.000529198
internal_weight=124761 40311 22722 8750 17589 13972 4526 2697 466 1829 2356 6394 124 6270 5260 4762 2606 806 416 2156 127 1800 2029 1203 1151 934 836 378 826 548
internal_count=124761 40311 22722 8750 17589 13972 4526 2697 466 1829 2356 6394 124 6270 5260 4762 2606 806 416 2156 127 1800 2029 1203 1151 934 836 378 826 548
is_linear=0
shrinkage=0.05


Tree=272
num_leaves=31
num_cat=0
split_feature=0 11 8 4 8 3 8 8 9 8 1 7 9 8 3 9 11 8 1 8 7 0 4 3 8 3 7 9 11 7
split_gain=0.807085 1.09919 1.08482 2.06071 1.61787 2.38782 1.14305 1.13464 1.35163 1.30801 1.11302 1.21664 2.40814 3.0267 1.19344 1.02999 1.02729 0.96886 0.947488 0.912251 0.8901 2.26152 1.46545 1.57722 1.59881 2.67439 3.48804 4.0418 1.91391 1.58814
threshold=18.500000000000004 0.99142420047150093 19.150000000000002 0.58307701883076835 26.250000000000004 0.76696112484652035 18.950000000000003 18.750000000000004 12.247135416666669 18.650000000000002 1.0000000180025095e-35 16.712500000000006 22.899479166666669 28.750000000000004 0.88220160189607266 23.598958333333339 1.0252745761999382 18.450000000000003 5.5000000000000009 43.20000000000001 18.962500000000006 93.500000000000014 0.41202506375868281 0.20180702842483325 21.050000000000004 0.534952257794027 7.8625000000000016 13.811458333333336 0.98993389487517647 11.587500000000004
decision_type=2 2 2 2 2 2 2 2 2 2 2 2 2 2 2 2 2 2 2 2 2 2 2 2 2 2 2 2 2 2
left_child=1 -1 6 10 5 -5 7 8 16 17 -4 -12 13 14 -13 -14 -3 -10 -18 -17 21 22 -2 -24 25 -25 -27 -28 -26 -30
right_child=20 2 3 4 -6 -7 -8 -9 9 -11 11 12 15 -15 -16 19 18 -19 -20 -21 -22 -23 23 24 28 26 27 -29 29 -31
leaf_value=9.6343418546711523e-06 -0.00030825951659184533 -0.00049538170655655754 -0.00057647746896920553 -0.00019817095341491194 -0.00048774264793986994 0.00013751305807737624 0.00042431392193618229 -0.00053436079790186903 0.00060247006077820747 0.00086839095743438451 -0.00035931722086995769 0.0003409624079259318 -0.00075893203795690458 0.0015979299015881515 -0.00049591213736085646 -1.1994468958428836e-05 3.0676687483859868e-05 -0.00027923350892295173 0.00056699305311912033 -0.0019377701195911869 -3.670848740727213e-05 -0.00062394701623343053 5.9331717801661361e-06 0.00025302498173142469 9.4978698918721629e-05 0.0011278402027863745 -0.0016781587263683851 0.00089499399095147925 -0.00011392092026268723 0.00097782878876943847
leaf_weight=10221 1263 304 1159 2470 798 76 190 209 95 57 314 70 149 69 52 7494 760 57 76 95 75710 911 11774 5251 1480 145 1041 407 353 1711
leaf_count=10221 1263 304 1159 2470 798 76 190 209 95 57 314 70 149 69 52 7494 760 57 76 95 75710 911 11774 5251 1480 145 1041 407 353 1711
internal_value=-8.29999e-05 -0.000338864 -0.000618878 -0.000779069 -0.0018451 -0.00122938 0.000549198 0.000102695 0.000633802 0.00433014 -0.000399916 -0.000195925 -7.50422e-05 0.0054712 0.000737704 -0.000211942 -4.38608e-05 0.00190789 0.000861243 -0.000131112 -1.97921e-05 0.00024326 0.000338313 0.000432721 0.000881785 0.000435417 -0.00135907 -0.00209945 0.00174379 0.00272771
internal_weight=124761 24715 14494 12746 3344 2546 1748 1558 1349 209 9402 8243 7929 191 122 7738 1140 152 836 7589 100046 24336 23425 22162 10388 6844 1593 1448 3544 2064
internal_count=124761 24715 14494 12746 3344 2546 1748 1558 1349 209 9402 8243 7929 191 122 7738 1140 152 836 7589 100046 24336 23425 22162 10388 6844 1593 1448 3544 2064
is_linear=0
shrinkage=0.05


Tree=273
num_leaves=31
num_cat=0
split_feature=0 11 7 9 3 3 3 1 11 6 7 1 3 11 11 4 4 11 11 11 4 1 3 0 8 10 5 7 4 3
split_gain=0.843365 1.11698 0.871642 2.76954 2.24572 3.87521 2.37194 2.61236 2.302 1.34954 1.30843 1.23988 1.23814 1.31852 1.59526 1.11265 1.96679 1.72742 1.71015 1.48743 2.90526 1.54072 1.80328 1.25898 1.06849 1.18066 1.04752 1.4895 1.04039 1.52928
threshold=18.500000000000004 0.99142420047150093 26.987500000000004 28.277343750000004 -0.39826117949089107 -0.20180236284700911 0.13398903995667991 3.5000000000000004 0.96359846643765257 1.0000000180025095e-35 28.412500000000005 1.5000000000000002 -0.88622299073327826 0.95829986463104522 0.93776513921633253 -0.6391983530350368 -0.61236746317008228 0.98214465480287083 0.83118285699629402 0.88327974961520905 -0.14250536273956091 4.5000000000000009 -0.98664820696349753 13.500000000000002 25.850000000000005 1.0000000180025095e-35 1.0000000180025095e-35 21.612500000000004 -0.27694043983797384 -0.8041866928211282
decision_type=2 2 2 2 2 2 2 2 2 2 2 2 2 2 2 2 2 2 2 2 2 2 2 2 2 2 2 2 2 2
left_child=1 2 9 -4 -5 -6 11 -8 10 15 -9 -7 -11 14 -14 17 -17 -1 -18 20 -20 26 -23 24 -22 -26 -21 -28 29 -24
right_child=-2 -3 3 4 5 6 7 8 -10 12 -12 -13 13 -15 -16 16 18 -19 19 21 23 22 28 -25 25 -27 27 -29 -30 -31
leaf_value=-0.00049686190260064703 -6.302762163473522e-06 -0.00010237253451667397 0.0016774720369592357 -0.0010445641885127863 0.0037282726742614175 0.00057833602955331741 -0.00015028680439462883 0.0015946844143807865 0.0018160062788796011 0.00054408409810125858 -0.00043202601746463831 -0.0016176438834258782 0.00022827351731967215 -0.00024693087998032046 0.001729618352190555 0.0014024406703335237 -0.00056744334857391306 0.0014523174745410784 0.0039745145975900341 -7.6005218714464483e-05 0.00097429318755374531 0.0025460657436328746 0.0019356801847080281 -0.00022802418950700174 0.00059268303326258051 -0.00041082466863028656 0.00080497935208175388 -0.00051565705198775198 2.7622443188936661e-05 0.00010703218625919382
leaf_weight=1700 100046 14494 88 382 112 195 225 67 78 76 69 284 246 194 52 83 295 58 57 3877 98 57 94 100 84 98 58 51 1273 170
leaf_count=1700 100046 14494 88 382 112 195 225 67 78 76 69 284 246 194 52 83 295 58 57 3877 98 57 94 100 84 98 58 51 1273 170
internal_value=-8.54045e-05 -0.000346956 5.33204e-05 0.00116667 0.00063031 0.00184466 0.000773419 0.00342824 0.00738318 -0.000138173 0.00345588 -0.00165971 0.00221831 0.00130081 0.00338926 -0.000302344 3.90811e-06 -0.00141638 -9.66425e-05 8.55896e-05 0.00289474 -0.00013441 0.00117942 0.00131579 0.00303571 0.00076923 -0.000659811 0.00417431 0.000855562 0.00371212
internal_weight=124761 24715 10221 1500 1412 1030 918 439 214 8721 136 479 568 492 298 8153 6395 1758 6312 6017 437 5580 1594 380 280 182 3986 109 1537 264
internal_count=124761 24715 10221 1500 1412 1030 918 439 214 8721 136 479 568 492 298 8153 6395 1758 6312 6017 437 5580 1594 380 280 182 3986 109 1537 264
is_linear=0
shrinkage=0.05


Tree=274
num_leaves=31
num_cat=0
split_feature=0 11 3 7 8 0 6 8 7 8 8 8 8 9 11 8 3 3 1 3 3 7 4 4 3 4 1 10 9 1
split_gain=0.937295 0.872886 1.4875 1.28584 1.26789 0.979063 1.67026 1.6319 1.42028 1.84465 2.27152 1.55496 2.08075 1.76781 1.44434 1.22858 1.16443 1.75325 1.16356 1.14355 1.74316 1.11468 1.08225 1.29908 1.06409 1.59937 1.58797 1.19078 1.99679 1.63641
threshold=18.500000000000004 1.1396426947228491 0.66527693225344786 27.412500000000005 32.750000000000007 4.5000000000000009 1.0000000180025095e-35 38.250000000000007 16.287500000000005 26.350000000000005 25.650000000000002 26.250000000000004 25.650000000000002 18.314583333333335 0.98031510418725609 20.050000000000004 0.99865421017599998 0.93845596220871974 1.0000000180025095e-35 -0.39826117949089107 -0.37447345805034543 26.812500000000004 -0.60555643346685839 -0.35042475891464198 -0.80924678377697201 -0.40613878790836594 3.5000000000000004 1.0000000180025095e-35 27.775000000000002 1.5000000000000002
decision_type=2 2 2 2 2 2 2 2 2 2 2 2 2 2 2 2 2 2 2 2 2 2 2 2 2 2 2 2 2 2
left_child=1 5 3 4 -3 19 8 16 11 10 -10 12 15 -14 -15 -7 17 21 -17 24 -21 22 -8 -24 25 26 -1 28 29 -27
right_child=-2 2 -4 -5 -6 6 7 -9 9 -11 -12 -13 13 14 -16 18 -18 -19 -20 20 -22 -23 23 -25 -26 27 -28 -29 -30 -31
leaf_value=0.00064536575858161393 -5.9876240552992751e-06 -6.5183357010365731e-05 -0.000826375620495397 -0.00075085038589205524 0.00074582098702911839 -2.4306914500620227e-05 0.0016301614238872103 -0.0017443246302344736 2.4482676143056397e-05 -6.5681423780478235e-05 0.00035638408402378365 -0.00033085062017940804 -0.00073366781891256755 4.110243076712662e-05 0.00024722753888232064 7.130071633826255e-05 0.00051837102211900043 -0.0013343256487099839 -0.00027067849935023136 0.0038182348238015302 7.4845677598129074e-05 -0.0016860968586433517 -0.0015948987905601538 0.00030512931565577291 -0.00020943085045878616 0.0010318612257343162 0.0022010011606620897 -0.00028907008291380651 -0.0014753805483499879 0.00034044744221621201
leaf_weight=95 100046 194 312 299 134 2268 135 112 152 10747 92 637 84 71 108 378 56 84 2032 70 3868 56 56 439 1193 80 70 614 80 199
leaf_count=95 100046 194 312 299 134 2268 135 112 152 10747 92 637 84 71 108 378 56 84 2032 70 3868 56 56 439 1193 80 70 614 80 199
internal_value=-8.74083e-05 -0.000363141 -0.00185836 -0.000454547 0.00170732 -0.000304089 -0.000496088 0.0015565 -0.000612289 -0.000282505 0.00401639 -0.0012621 -0.000962357 0.00336502 0.00617318 -0.00120564 0.00232445 0.00181818 -0.0019917 0.000232093 0.000751649 0.00265306 0.00325397 0.00217172 -0.000645647 0.000448153 0.005 -0.000323742 0.00196379 0.00396057
internal_weight=124761 24715 939 627 328 23776 17507 938 16569 10991 244 5578 4941 263 179 4678 826 770 2410 6269 3938 686 630 495 2331 1138 165 973 359 279
internal_count=124761 24715 939 627 328 23776 17507 938 16569 10991 244 5578 4941 263 179 4678 826 770 2410 6269 3938 686 630 495 2331 1138 165 973 359 279
is_linear=0
shrinkage=0.05


Tree=275
num_leaves=31
num_cat=0
split_feature=0 11 9 11 8 3 8 3 7 0 1 8 4 1 9 8 3 1 1 7 9 8 3 0 9 8 3 8 8 9
split_gain=0.896359 0.915271 0.900491 1.79 3.20025 1.56642 1.4497 1.25824 1.64059 1.82554 0.992703 0.86803 2.92876 1.22488 1.43832 1.48463 1.12569 2.75088 1.08483 1.07058 2.69838 1.92131 1.25948 0.998051 1.26562 0.969786 2.71292 1.58517 0.882881 0.897312
threshold=18.500000000000004 0.98909232329172436 30.108333333333338 0.97407968238158804 38.750000000000007 0.59868201182722736 35.45000000000001 0.16799745313369893 27.187500000000004 7.5000000000000009 3.5000000000000004 20.550000000000004 0.58307701883076835 2.5000000000000004 12.998697916666668 14.100000000000001 0.68432406471780916 4.5000000000000009 1.0000000180025095e-35 16.712500000000006 22.899479166666669 28.950000000000003 0.88220160189607266 15.500000000000002 13.370572916666669 19.550000000000004 0.45273815774107123 19.150000000000002 43.20000000000001 23.598958333333339
decision_type=2 2 2 2 2 2 2 2 2 2 2 2 2 2 2 2 2 2 2 2 2 2 2 2 2 2 2 2 2 2
left_child=1 2 6 7 5 -5 -1 -4 -9 10 -10 13 18 25 15 -15 -14 -18 -13 -20 21 22 -21 24 -16 27 -27 -3 29 -22
right_child=-2 11 3 4 -6 -7 -8 8 9 -11 -12 12 16 14 23 -17 17 -19 19 20 28 -23 -24 -25 -26 26 -28 -29 -30 -31
leaf_value=-7.7636618108824534e-06 -5.6882428525332547e-06 0.00018221028610863942 -0.00048140979205236393 0.0016770538346980775 -0.0018683935765784994 0.00041806942756671735 -0.0028778652996851099 -0.00035823347755845292 0.0011102650510684479 0.00048692524199177713 0.0019181522256687096 -0.00054064132770601197 -0.00032266192420242609 0.00068876048220736482 0.00051527008129451384 -0.00030251876708124823 -0.00020001275817404509 0.00015106727334660664 -0.0002865324309006532 0.00034083812389296527 -0.00073735018524503189 0.0016231286053851404 -0.00016662357769354488 -0.00023556961139627682 7.5940314134709112e-05 0.0011415593592297075 1.1472307465482818e-06 -0.00074481799751174101 -0.0018366947129911165 -1.3952569648387144e-05
leaf_weight=8682 100046 741 456 76 57 57 171 189 58 118 53 1159 2261 95 96 1083 285 95 324 81 149 57 64 54 192 76 133 133 95 7625
leaf_count=8682 100046 741 456 76 57 57 171 189 58 118 53 1159 2261 95 96 1083 285 95 324 81 149 57 64 54 192 76 133 133 95 7625
internal_value=-8.54045e-05 -0.000355049 1.66369e-05 0.00139098 0.00578947 0.0100376 -0.000148538 0.000434781 0.00241627 0.00526201 0.00986486 -0.000604137 -0.000781059 0.000224739 -0.000690791 -0.00151953 -0.00225483 0.000263157 -0.000373667 -0.000175701 -6.25709e-05 0.00564356 0.00258621 0.00216374 0.00333333 0.00150969 0.00456938 0.000778031 -0.000209049 -0.000150503
internal_weight=124761 24715 9917 1064 190 133 8853 874 418 229 111 14798 12195 2603 1520 1178 2641 380 9554 8395 8071 202 145 342 288 1083 209 874 7869 7774
internal_count=124761 24715 9917 1064 190 133 8853 874 418 229 111 14798 12195 2603 1520 1178 2641 380 9554 8395 8071 202 145 342 288 1083 209 874 7869 7774
is_linear=0
shrinkage=0.05


Tree=276
num_leaves=31
num_cat=0
split_feature=0 11 4 4 8 1 8 8 0 9 9 11 7 8 8 3 0 11 9 7 1 8 1 8 4 9 3 11 3 11
split_gain=0.942752 0.916859 0.868026 2.90449 2.37796 1.08004 1.07529 3.77534 2.00585 1.27174 2.01754 2.14912 1.57557 1.22744 2.84581 3.36842 1.36452 1.19 1.51579 1.15454 1.08578 0.927495 2.06974 0.878295 0.833059 2.47202 2.17728 2.57058 4.07273 2.30334
threshold=18.500000000000004 0.99142420047150093 0.12332734741173625 0.10623888086365087 20.550000000000004 1.0000000180025095e-35 29.650000000000002 30.250000000000004 11.500000000000002 25.676822916666669 25.809114583333336 1.0230935316253413 22.962500000000006 26.250000000000004 25.650000000000002 0.76696112484652035 6.5000000000000009 1.0515743247573357 24.116406250000004 18.212500000000006 1.0000000180025095e-35 29.750000000000004 3.5000000000000004 43.20000000000001 -0.77243990499604276 29.382031250000001 -0.048361574224334618 1.1118361362686917 -0.35846811432664222 0.90157409510273256
decision_type=2 2 2 2 2 2 2 2 2 2 2 2 2 2 2 2 2 2 2 2 2 2 2 2 2 2 2 2 2 2
left_child=1 -1 3 5 -4 -3 13 8 19 17 -11 -12 -13 14 20 16 -16 -9 -19 -8 -6 22 -7 -23 25 -2 27 29 -29 -27
right_child=24 2 4 -5 6 21 7 9 -10 10 11 12 -14 -15 15 -17 -18 18 -20 -21 -22 23 -24 -25 -26 26 -28 28 -30 -31
leaf_value=-9.0946388925471871e-07 -0.00044684568084755463 -0.00057908175303994535 1.6626317816055655e-05 0.0011986531429050301 0.00012344972286566441 -0.0008867817988894881 7.0887047445802862e-05 -0.00099484327362287547 -4.1143808281007753e-05 0.0012072249981899214 -0.00072922438699866044 0.00073454383532438024 -0.00060386342961368409 -0.00039195809668825384 0.0004362324550490516 0.00030404662155217982 -0.00019598260051367631 -0.0019072358108598087 0.00030907644328435739 0.0016849105205029994 -0.00032108510066534344 -3.7793709177604135e-05 0.0012241349271969156 -0.0017448599773415624 1.4844343801615981e-05 -0.00069259588186025968 -0.00016070697334089873 0.0011178107681574284 -0.002932692181360168 0.00072369871436436665
leaf_weight=10221 8624 1045 2546 76 247 95 51 437 84 57 228 90 62 1159 63 57 108 76 95 93 1406 6172 152 95 75453 843 9692 154 616 4664
leaf_count=10221 8624 1045 2546 76 247 95 51 437 84 57 228 90 62 1159 63 57 108 76 95 93 1406 6172 152 95 75453 843 9692 154 616 4664
internal_value=-8.66068e-05 -0.000363141 -0.000618878 -0.00025213 -0.00102712 -0.000349915 -0.00174241 -0.000522389 0.00530702 -0.00179426 0.000263157 -0.00105263 0.00355263 -0.00225329 -0.00146465 0.00377193 0.000263157 -0.00327303 0.000263157 0.00888889 -0.00218693 -0.000110532 0.00289474 -0.000228978 -1.82928e-05 -0.000271013 9.7375e-05 0.000822844 -0.00188312 0.0012012
internal_weight=124761 24715 14494 7635 6859 7559 4313 1273 228 1045 437 380 152 3040 1881 228 171 608 171 144 1653 6514 247 6267 100046 24593 15969 6277 770 5507
internal_count=124761 24715 14494 7635 6859 7559 4313 1273 228 1045 437 380 152 3040 1881 228 171 608 171 144 1653 6514 247 6267 100046 24593 15969 6277 770 5507
is_linear=0
shrinkage=0.05


Tree=277
num_leaves=31
num_cat=0
split_feature=0 11 4 8 4 1 0 8 11 11 1 3 9 8 1 3 3 8 3 8 8 1 1 3 1 8 8 8 3 11
split_gain=1.0045 0.96872 0.919414 2.55257 2.52849 1.06641 1.26391 1.09949 1.15405 1.13698 1.01189 0.966964 2.03365 1.47631 1.01308 0.935036 1.45366 0.919015 0.810905 1.95738 2.02118 1.7193 1.11654 0.803972 0.807059 1.10309 0.780018 1.11172 1.53752 0.973223
threshold=18.500000000000004 0.99142420047150093 0.12332734741173625 21.650000000000002 0.10623888086365087 2.5000000000000004 4.5000000000000009 14.100000000000001 1.0017592847767565 1.1226820583948653 1.0000000180025095e-35 0.01505151768384008 11.53671875 19.550000000000004 1.5000000000000002 -0.8041866928211282 -0.82897401153126982 43.20000000000001 0.68432406471780916 26.250000000000004 25.650000000000002 4.5000000000000009 1.0000000180025095e-35 0.25206111083856975 4.5000000000000009 18.850000000000005 20.050000000000004 19.050000000000004 0.3504237462291826 1.0405761457260299
decision_type=2 2 2 2 2 2 2 2 2 2 2 2 2 2 2 2 2 2 2 2 2 2 2 2 2 2 2 2 2 2
left_child=1 -1 4 5 10 6 26 -7 -9 23 -3 -8 -13 -14 -15 16 -5 -12 -17 20 22 -22 -20 -10 -25 -26 27 28 29 -4
right_child=-2 2 3 15 -6 7 11 8 9 -11 17 12 13 14 -16 18 -18 -19 19 -21 21 -23 -24 24 25 -27 -28 -29 -30 -31
leaf_value=-8.6399069479203248e-07 -5.4055620508987796e-06 -0.00055012766538794697 -0.00043972298080854753 -0.00016386024561589434 0.0011387204857597794 0.00065349114220619405 -0.0002618840776892927 0.00094680966860722368 -0.00046400927987047861 0.00013519854462772519 -1.6813700439240612e-05 0.00052577139409082493 -0.00018672178364296198 0.00079308259654503111 -4.4404650072560564e-05 -0.0004158177190424776 0.0012214453055693112 -0.0016576169784744859 0.00040521531543608432 -0.00022382042521490301 8.1078481500858226e-05 0.00028884429047457117 -0.0002071796606500203 -0.00039591411624581878 0.00044645702250797089 -2.2974562654671729e-05 0.0011813418937090849 -0.00052664099974454853 0.0014419694767215934 0.00065670893453242734
leaf_weight=10221 100046 1045 65 798 76 95 336 114 627 114 6419 84 294 98 84 1900 76 95 57 855 57 57 209 285 76 323 70 60 50 75
leaf_count=10221 100046 1045 65 798 76 95 336 114 627 114 6419 84 294 98 84 1900 76 95 57 855 57 57 209 285 76 323 70 60 50 75
internal_value=-8.78091e-05 -0.000373256 -0.000636126 -0.00105628 -0.000258678 8.77181e-05 0.00120888 -0.000746635 -0.00106888 -0.00145614 -0.000349915 0.000245535 0.00151786 0.0002521 0.00379121 -0.00186954 -0.000423342 -0.000118208 -0.00227273 -0.0012753 0.00171053 0.0072807 -0.000676693 -0.00187262 -0.000687136 0.00076441 0.00390625 0.0026 0.00447368 0.00178571
internal_weight=124761 24715 14494 6859 7635 2850 1216 1634 1539 1425 7559 896 560 476 182 4009 874 6514 3135 1235 380 114 266 1311 684 399 320 250 190 140
internal_count=124761 24715 14494 6859 7635 2850 1216 1634 1539 1425 7559 896 560 476 182 4009 874 6514 3135 1235 380 114 266 1311 684 399 320 250 190 140
is_linear=0
shrinkage=0.05


Tree=278
num_leaves=31
num_cat=0
split_feature=0 11 4 8 8 4 3 10 1 9 7 3 1 7 9 8 4 4 3 3 3 0 11 3 4 9 11 8 11 3
split_gain=0.928878 0.896514 0.894986 1.67298 0.972395 1.63601 1.59816 1.83736 1.38392 1.19652 1.67916 0.938735 0.909921 0.824821 1.74815 1.79268 0.938581 1.25954 0.798397 1.23689 1.06591 2.08651 1.50893 0.823052 0.776905 2.25646 2.28987 2.65152 2.5794 1.92848
threshold=18.500000000000004 0.99142420047150093 -0.99864786094873803 39.650000000000013 19.150000000000002 0.58307701883076835 0.21862473630160603 1.0000000180025095e-35 1.0000000180025095e-35 19.351302083333337 12.712500000000004 0.56369777965491019 1.0000000180025095e-35 17.187500000000004 22.899479166666669 28.950000000000003 0.38043945030393422 0.29958852271690523 0.48314048284850658 0.42179998225932674 0.28519915169571858 7.5000000000000009 1.0167864286959365 0.36648264796514479 -0.77243990499604276 29.382031250000001 1.1135526900622577 31.950000000000003 0.90553792969966496 0.3504237462291826
decision_type=2 2 2 2 2 2 2 2 2 2 2 2 2 2 2 2 2 2 2 2 2 2 2 2 2 2 2 2 2 2
left_child=1 -1 3 -3 11 12 -7 8 -8 10 -9 18 -6 -14 15 -15 17 -16 19 20 -4 22 -22 -23 25 26 28 -28 -2 -27
right_child=24 2 4 -5 5 6 7 9 -10 -11 -12 -13 13 14 16 -17 -18 -19 -20 -21 21 23 -24 -25 -26 29 27 -29 -30 -31
leaf_value=-8.2079116005372948e-07 3.7019909673481296e-05 0.00096986636860232922 6.3172571584997133e-06 -0.00056560728923880129 -0.00050667858061132116 -0.00035011490112605437 0.00054175359177928699 3.1673569088270729e-05 -0.00051443831865585711 -0.00036937985358088488 0.00023589532557682336 -0.00074140510904603901 -0.00024435502760773844 3.0595977201240304e-05 -4.4876830248853508e-05 0.0014326565100769636 -0.00068197070871683831 0.0012603488674579031 0.00027287556652868194 -0.00076742643865690061 0.0011933448225230092 0.0001907225259146205 0.0014777979199824918 -0.00038980805490754927 1.4372404714079141e-05 0.00015958539010610149 0.0029886263576899409 -0.00012378368091319096 -0.0010162217840426191 -0.00040317682164556521
leaf_weight=10221 2618 133 1140 171 1102 1995 114 448 608 76 103 76 373 112 7134 55 227 95 133 133 56 66 56 88 75453 12129 308 616 5082 3840
leaf_count=10221 2618 133 1140 171 1102 1995 114 448 608 76 103 76 373 112 7134 55 227 95 133 133 56 66 56 88 75453 12129 308 616 5082 3840
internal_value=-8.4603e-05 -0.000359095 -0.000611979 0.00207237 -0.000669487 -0.000824627 -0.00177034 -0.000441069 -0.00216067 0.00153907 0.00235027 0.000434781 -0.000477029 -0.000291397 -0.000179065 0.00488024 -0.000292383 -0.000192974 0.000681817 0.000360623 0.000796585 0.00364662 0.00883928 -0.000129871 -1.67935e-05 -0.000260848 -0.000912571 0.00143939 -0.00119481 9.11128e-05
internal_weight=124761 24715 14494 304 14190 12442 3344 1349 722 627 551 1748 9098 7996 7623 167 7456 7229 1672 1539 1406 266 112 154 100046 24593 8624 924 7700 15969
internal_count=124761 24715 14494 304 14190 12442 3344 1349 722 627 551 1748 9098 7996 7623 167 7456 7229 1672 1539 1406 266 112 154 100046 24593 8624 924 7700 15969
is_linear=0
shrinkage=0.05


Tree=279
num_leaves=31
num_cat=0
split_feature=0 0 11 11 11 4 4 8 8 7 11 11 1 11 8 4 9 11 9 11 8 7 9 11 4 3 8 8 3 8
split_gain=0.856338 0.857429 0.825205 0.840492 0.969302 1.12281 2.07824 1.17361 1.10704 1.86896 1.58083 1.73271 2.482 1.31885 1.32034 2.44085 1.70564 1.53483 2.72904 2.05278 2.31826 1.51874 2.26997 1.41783 1.37588 3.33344 2.4525 1.14883 1.1392 2.96892
threshold=18.500000000000004 1.0000000180025095e-35 0.99142420047150093 1.2217849585321277 1.1396426947228491 -0.75013812021657655 -0.91249077947840473 32.750000000000007 35.750000000000007 25.437500000000004 1.0837192966485236 1.0178050453765108 1.0000000180025095e-35 1.0151808961982427 19.750000000000004 0.56901594657981336 29.525520833333335 1.027978427818794 23.303385416666668 1.0221204649632492 31.650000000000002 24.862500000000004 28.170312500000005 1.0186930070003879 -0.67168186667784702 -0.70291267844185523 33.650000000000013 35.95000000000001 0.01505151768384008 32.150000000000013
decision_type=2 2 2 2 2 2 2 2 2 2 2 2 2 2 2 2 2 2 2 2 2 2 2 2 2 2 2 2 2 2
left_child=1 -1 -3 4 8 6 -6 -8 13 10 11 12 -10 -4 23 16 17 18 -16 21 -21 -20 -23 -15 25 -19 28 -11 -27 -30
right_child=-2 2 3 -5 5 -7 7 -9 9 27 -12 -13 -14 14 15 -17 -18 24 19 20 -22 22 -24 -25 -26 26 -28 -29 29 -31
leaf_value=0.00017642505987819522 -5.88850115697226e-06 -7.4306972757338645e-06 -0.00019775311104140489 0.00072012433101297456 -0.0015909416494975981 -0.0005754805256058844 -2.7452003406705484e-05 0.00085405267408764215 -0.00012207492646563623 0.0010599018870729986 0.0010698973655347357 -6.7534552924813595e-05 0.0011948175750428989 0.00092961208299050446 0.00097483682185348336 -0.00032217946995997102 -0.00093176987680748051 0.0020303682480253275 -0.00093740592454875341 -9.538904119128773e-05 0.0007918636862150806 0.0011871552336288481 -0.00076035560503025657 1.7158846678920206e-05 -9.7188960364219198e-05 -0.00045481816022673396 0.0013573262378103355 -0.00021577548232440278 0.0020622493279631852 -0.00064619151855691448
leaf_weight=1305 100046 9682 3480 72 216 456 72 72 85 90 122 402 102 54 72 1494 918 54 162 144 162 90 126 1368 1512 486 90 1701 54 72
leaf_count=1305 100046 9682 3480 72 216 456 72 72 85 90 122 402 102 54 72 1494 918 54 162 144 162 90 126 1368 1512 486 90 1701 54 72
internal_value=-8.34007e-05 -0.000346956 -0.00041649 -0.000665794 -0.000694202 -0.0023652 -0.000277779 0.004375 -0.000588007 0.000355714 0.00252461 0.00145161 0.00542781 -0.000816407 -0.000414116 -0.000768949 -0.000116693 0.000456348 0.00240741 0.00143275 0.00447712 -0.00103175 0.00171296 0.000942334 -0.000194005 0.00154762 0.000626779 -0.000505305 -0.000506537 0.00373016
internal_weight=124761 24715 23410 13728 13656 816 360 144 12840 2502 711 589 187 10338 6858 5436 3942 3024 756 684 306 378 216 1422 2268 756 702 1791 612 126
internal_count=124761 24715 23410 13728 13656 816 360 144 12840 2502 711 589 187 10338 6858 5436 3942 3024 756 684 306 378 216 1422 2268 756 702 1791 612 126
is_linear=0
shrinkage=0.05


Tree=280
num_leaves=31
num_cat=0
split_feature=0 11 3 7 8 0 6 9 7 8 8 8 8 11 3 3 0 3 8 9 3 8 1 10 1 3 4 3 10 4
split_gain=0.926168 0.941063 1.43188 0.875913 1.07957 0.79125 1.38183 1.67915 1.18443 1.75118 2.04329 1.59803 2.65984 1.05284 0.969746 1.09485 0.92602 0.887634 0.815222 1.03934 0.808643 0.801457 0.80119 1.62211 1.34808 1.15193 1.09078 2.50608 5.00087 0.748107
threshold=18.500000000000004 1.1396426947228491 0.66527693225344786 27.412500000000005 32.750000000000007 4.5000000000000009 1.0000000180025095e-35 29.923697916666672 15.912500000000003 26.250000000000004 26.050000000000004 26.150000000000002 25.650000000000002 1.1226820583948653 -0.40614700388750385 -0.37447345805034543 6.5000000000000009 -0.51297808981038739 20.050000000000004 16.131770833333338 0.96465729447553372 24.350000000000005 4.5000000000000009 1.0000000180025095e-35 1.0000000180025095e-35 0.082691702092476851 0.62420859727530387 0.16799745313369893 1.0000000180025095e-35 -0.77243990499604276
decision_type=2 2 2 2 2 2 2 2 2 2 2 2 2 2 2 2 2 2 2 2 2 2 2 2 2 2 2 2 2 2
left_child=1 5 3 4 -3 14 8 16 9 10 13 12 -10 18 17 -16 -8 21 -7 -20 -17 -1 23 24 -21 -26 -24 -28 -29 -2
right_child=29 2 -4 -5 -6 6 7 -9 11 -11 -12 -13 -14 -15 15 20 -18 -19 19 22 -22 -23 26 -25 25 -27 27 28 -30 -31
leaf_value=0.00087867114768769696 -0.0001097458137701568 -6.2553748639649346e-05 -0.00071841829913060339 -0.00068363484189729214 0.00067819556160271977 -3.1032509062993104e-05 -0.00022703063237104675 -0.0011381166478525472 5.3914528295254757e-05 -0.00033418130490211269 0.00022271958035516111 -6.3372270877445842e-05 0.00042139057732414357 0.00016149252100481888 0.0030774874362940637 0.00011780696173815983 0.00032797871748203541 -0.00059855838210321833 -0.00025973207537295255 0.00050857473672781734 -0.00017225792421429915 -4.0737828503982454e-05 -0.00018672183216709455 -0.00068280369272307167 0.0002974425138294823 -0.00046128782155246105 -0.0001481215144217675 -0.00035795992873630393 0.00033896660832946965 1.3948209536227493e-05
leaf_weight=50 24593 194 312 299 134 2194 112 154 194 539 91 10877 76 84 90 3438 672 300 980 112 430 1961 187 556 97 192 236 70 84 75453
leaf_count=50 24593 194 312 299 134 2194 112 154 194 539 91 10877 76 84 90 3438 672 300 980 112 430 1961 187 556 97 192 236 70 84 75453
internal_value=-8.50037e-05 -0.000359095 -0.00191161 -0.000534291 0.00125 -0.00029778 -0.000470384 0.00139659 -0.000576077 -0.00118222 -0.000883679 -0.000281243 0.00351852 -0.00102463 0.000184239 0.000659423 0.00233418 -0.000629599 -0.00112362 -0.00173827 0.000532574 -0.00025112 -0.000925686 -0.00181296 0.000610971 -0.00119377 0.000545926 0.00205128 0.00701299 -1.72932e-05
internal_weight=124761 24715 939 627 328 23776 17507 938 16569 5422 4883 11147 270 4792 6269 3958 784 2311 4708 2514 3868 2011 1534 957 401 289 577 390 154 100046
internal_count=124761 24715 939 627 328 23776 17507 938 16569 5422 4883 11147 270 4792 6269 3958 784 2311 4708 2514 3868 2011 1534 957 401 289 577 390 154 100046
is_linear=0
shrinkage=0.05


Tree=281
num_leaves=31
num_cat=0
split_feature=0 11 8 4 8 8 1 9 9 8 1 8 3 3 9 9 11 4 7 1 11 11 4 9 11 3 4 9 8 7
split_gain=0.937164 0.834367 0.809193 2.37692 1.03051 1.99792 1.54221 0.756914 1.58194 1.39025 1.29412 1.16754 0.972127 1.33247 1.08571 2.06316 0.750726 1.48263 1.18101 0.913766 1.42301 1.40336 1.27577 1.26844 1.55442 1.97368 1.07512 1.28705 1.22208 1.83731
threshold=18.500000000000004 0.99142420047150093 20.550000000000004 0.58307701883076835 26.250000000000004 25.650000000000002 4.5000000000000009 12.998697916666668 13.370572916666669 20.350000000000005 2.5000000000000004 14.100000000000001 0.42179998225932674 0.3504237462291826 11.53671875 10.334114583333335 1.1396426947228491 -0.75013812021657655 27.212500000000006 2.5000000000000004 0.99415218657029769 0.99479232557030872 0.55478649335567887 25.870572916666671 1.1135526900622577 0.01505151768384008 0.5403928698825039 24.840104166666674 35.350000000000001 23.712500000000006
decision_type=2 2 2 2 2 2 2 2 2 2 2 2 2 2 2 2 2 2 2 2 2 2 2 2 2 2 2 2 2 2
left_child=1 -1 7 16 5 -5 -7 10 -9 -10 12 -12 13 14 15 -3 19 18 -18 22 -21 -22 23 -4 -25 -26 27 -23 -29 -30
right_child=-2 2 3 4 -6 6 -8 8 9 -11 11 -13 -14 -15 -16 -17 17 -19 -20 20 21 26 -24 24 25 -27 -28 28 29 -31
leaf_value=-1.5561691468474394e-06 -5.1352821286802828e-06 -0.0003787836892921958 -0.00053003241704539523 -0.00024660491005758261 -0.00036421944486137467 -1.6103230113057981e-05 0.00019776116977615428 0.00020851702571039155 -9.7570805260799938e-05 0.0007845668875726187 0.0006170609102418797 -0.00028963704583362095 -0.00035063622810474129 0.00064943877443143696 -0.00039017592663067192 0.00048131383575087945 0.00050831248369540439 -0.00048703845889832913 -0.00037452256151662857 -0.0010095713565845344 0.0018317795832522921 0.00018883339233044364 0.0010426011282025339 -0.00026019848648032895 0.0017705845368411787 -0.0010393341459613175 -0.0017925435206536996 -9.2734359783830017e-05 0.0010446480567881064 0.00014992521856836119
leaf_weight=10221 100046 190 475 1539 798 133 76 190 361 57 95 1045 171 95 152 190 167 502 270 228 57 456 76 2831 57 57 95 2706 213 1212
leaf_count=10221 100046 190 475 1539 798 133 76 190 361 57 95 1045 171 95 152 190 167 502 270 228 57 456 76 2831 57 57 95 2706 213 1212
internal_value=-8.54045e-05 -0.000361118 -0.000605079 -0.000777537 -0.00213276 -0.00145309 0.00313397 0.000204241 0.00174342 2.39223e-05 -0.000278639 -0.00135965 0.00126566 0.00217703 0.00120301 0.00263158 -0.000410552 -0.00175186 0.000377573 -0.000261729 0.000174148 0.000359779 -0.000881008 -0.00102339 -0.000636674 0.00508772 0.000264843 0.000373882 9.56173e-05 0.0012807
internal_weight=124761 24715 14494 11948 2546 1748 209 2546 608 418 1938 1140 798 627 532 380 9402 939 437 8463 4967 4739 3496 3420 2945 114 4682 4587 4131 1425
internal_count=124761 24715 14494 11948 2546 1748 209 2546 608 418 1938 1140 798 627 532 380 9402 939 437 8463 4967 4739 3496 3420 2945 114 4682 4587 4131 1425
is_linear=0
shrinkage=0.05


Tree=282
num_leaves=31
num_cat=0
split_feature=0 11 3 4 0 10 3 1 9 3 11 9 3 3 9 1 8 7 8 10 8 3 7 11 11 1 7 7 6 7
split_gain=0.909731 0.82096 1.3768 0.883722 1.40391 1.20557 1.76349 2.34711 1.80012 2.87234 1.70764 1.86667 1.56623 1.54094 2.35958 1.3545 1.18107 1.10979 1.10289 3.77065 3.57974 1.68596 1.57961 0.951766 0.835824 1.11032 1.54164 1.51546 0.827518 0.79339
threshold=18.500000000000004 1.1396426947228491 0.66527693225344786 0.52583933546504591 7.5000000000000009 1.0000000180025095e-35 -0.48314718476766422 1.5000000000000002 12.703645833333335 0.3504237462291826 1.0515743247573357 10.710937500000002 0.048362692321690152 0.78857998149907527 12.786979166666667 5.5000000000000009 18.750000000000004 8.1625000000000032 26.350000000000005 1.0000000180025095e-35 24.450000000000003 0.9550229469509578 21.162500000000005 1.0234135063856429 1.0912314765539939 4.5000000000000009 7.5125000000000011 9.9125000000000032 1.0000000180025095e-35 17.912500000000005
decision_type=2 2 2 2 2 2 2 2 2 2 2 2 2 2 2 2 2 2 2 2 2 2 2 2 2 2 2 2 2 2
left_child=1 3 -3 18 5 6 7 29 9 -8 12 -12 -7 14 -14 -16 24 -11 19 20 -1 -22 -21 28 25 -6 -27 -28 -18 -5
right_child=-2 2 -4 4 16 10 8 -9 -10 17 11 -13 13 -15 15 -17 23 -19 -20 22 21 -23 -24 -25 -26 26 27 -29 -30 -31
leaf_value=-0.00056812735740385714 -4.8785180222460431e-06 -3.9139568117235539e-05 -0.00065814546122915649 9.6843504770162782e-05 -0.00014446578292423383 -0.00025594942934730472 -0.00039859924715331184 -6.9106379524379702e-06 -0.00040560374778459205 6.2223644757935414e-05 0.00023207689854204351 0.00094575905109499337 -9.2628716406983631e-05 -0.00051714035976612566 0.00028081753737476973 0.001230855960044928 -0.0001219634823598405 0.0010221370087215339 -2.219472186780928e-05 -0.00026713280300480117 0.00097496759876816849 0.00018623203911366198 0.00012604208834959553 -0.00036028969068473208 0.00023953517162530417 -0.00019930080150099979 0.00026435138523005431 2.3963093542870052e-05 0.00027742600793618057 0.0012081119816777935
leaf_weight=57 100046 627 312 54 726 688 256 296 920 55 112 80 264 112 432 72 2585 65 14979 304 95 57 76 968 99 91 52 55 176 50
leaf_count=57 100046 627 312 54 726 688 256 296 920 55 112 80 264 112 432 72 2585 65 14979 304 95 57 76 968 99 91 52 55 176 50
internal_value=-8.34007e-05 -0.000355049 -0.00180511 -0.00029778 -0.000717594 4.91886e-05 -0.000902124 0.002 -0.00179784 0.00111702 0.000965908 0.00541667 0.000420917 0.00181818 0.00261719 0.00462301 -0.00127525 0.0075 -7.644e-05 0.00204584 0.00744019 0.0114474 -0.000921054 -0.00168812 0.000229715 -0.000238096 0.00308081 0.00714953 -0.00121514 0.00846154
internal_weight=124761 24715 939 23776 8208 3456 1696 400 1296 376 1760 192 1568 880 768 504 4752 120 15568 589 209 152 380 3729 1023 924 198 107 2761 104
internal_count=124761 24715 939 23776 8208 3456 1696 400 1296 376 1760 192 1568 880 768 504 4752 120 15568 589 209 152 380 3729 1023 924 198 107 2761 104
is_linear=0
shrinkage=0.05


Tree=283
num_leaves=31
num_cat=0
split_feature=0 0 11 11 4 4 4 8 11 1 9 9 3 9 11 11 0 8 10 11 3 11 1 1 10 3 11 9 8 8
split_gain=0.874665 0.805563 0.762215 1.26639 0.978367 1.35 0.819635 1.4557 1.37881 1.30828 1.23148 1.4184 0.973376 3.47143 1.21755 1.75035 1.18913 1.16346 0.937954 2.04868 3.75 3.02884 0.923077 0.890871 1.60951 2.28021 2.0267 1.13426 0.857143 0.853166
threshold=18.500000000000004 1.0000000180025095e-35 1.2217849585321277 1.1396426947228491 -0.75013812021657655 -0.91249077947840473 0.52583933546504591 20.550000000000004 1.0234135063856429 4.5000000000000009 14.589062500000002 16.645312500000006 0.25206111083856975 14.867447916666668 1.0405761457260299 1.0632854705466908 13.500000000000002 17.250000000000004 1.0000000180025095e-35 0.97297253075836154 0.16799745313369893 0.98586352461366833 2.5000000000000004 1.5000000000000002 1.0000000180025095e-35 -0.49813634056773481 0.98706785893326654 18.122135416666669 26.650000000000002 16.050000000000004
decision_type=2 2 2 2 2 2 2 2 2 2 2 2 2 2 2 2 2 2 2 2 2 2 2 2 2 2 2 2 2 2
left_child=1 -1 3 6 5 -5 -3 12 9 10 -9 -12 14 -14 29 -16 17 -17 -11 -20 21 -21 -19 24 25 26 28 -26 -13 -8
right_child=-2 2 -4 4 -6 -7 7 8 -10 18 11 23 13 -15 15 16 -18 22 19 20 -22 -23 -24 -25 27 -27 -28 -29 -30 -31
leaf_value=0.00017257265967473979 -4.634592121134238e-06 -1.6232530146756084e-05 0.00062674969060327543 -0.0015126464271926379 -0.00047916557991787163 0.0004762676115054962 0.00025271371484715852 0.000269857436368319 -0.00037474340956264473 -7.9261815475129059e-05 -0.00039326974427024658 0.00027302389628422192 1.5512707275389328e-05 0.00099155736499569958 0.0005947883366137221 -0.00028604875589178001 -0.00045968665402781016 0.00078726703640189183 -0.00057023343246197114 0.00048139966524590202 0.00046740235747674971 -0.00030820393156679197 0.00012740609252611827 -0.00013516293854886412 0.0007851875895616609 -0.00015513938164607045 0.0014839636227408552 -0.00032934751459701785 -0.00015810632879724278 -0.00021456830801542788
leaf_weight=1305 100046 14746 72 216 456 144 108 108 918 414 702 72 1440 72 144 208 160 52 108 54 90 126 156 1152 90 216 72 270 54 990
leaf_count=1305 100046 14746 72 216 456 144 108 108 918 414 702 72 1440 72 144 208 160 52 108 54 90 126 156 1152 90 216 72 270 54 990
internal_value=-8.05953e-05 -0.000346956 -0.000414354 -0.000430201 -0.0023652 -0.000416668 -0.000360094 -0.000775464 -0.00136752 -0.000918369 -0.0014364 -0.00165145 1.50138e-05 0.00095238 -0.000764578 0.000833332 -0.000399307 0.00100961 0.000871211 0.00267196 0.005 0.000833332 0.00365384 -0.000950157 0.000361756 0.00248792 0.00636364 -0.00208333 0.00253968 -0.00181239
internal_weight=124761 24715 23410 23338 816 360 22522 7776 4446 3528 2736 2628 3330 1512 1818 720 576 416 792 378 270 180 208 1926 774 414 198 360 126 1098
internal_count=124761 24715 23410 23338 816 360 22522 7776 4446 3528 2736 2628 3330 1512 1818 720 576 416 792 378 270 180 208 1926 774 414 198 360 126 1098
is_linear=0
shrinkage=0.05


Tree=284
num_leaves=31
num_cat=0
split_feature=0 11 4 7 4 8 8 8 3 7 8 9 3 0 11 8 8 8 8 3 3 0 3 0 3 7 0 3 0 3
split_gain=0.93418 0.818671 1.24821 0.931402 0.881128 1.86317 2.05102 1.41089 1.36364 1.01294 1.08914 0.981746 3.11432 0.884211 0.862991 0.857143 1.55215 0.773277 0.744823 0.730274 1.25284 1.07456 0.958644 1.96511 0.916017 0.726323 1.93459 1.77003 2.10813 1.51938
threshold=18.500000000000004 1.1396426947228491 -0.75013812021657655 27.212500000000006 0.51113019672828186 26.550000000000004 25.650000000000002 20.550000000000004 -0.76141707087277943 12.712500000000004 26.250000000000004 14.867447916666668 0.26866988313759588 13.500000000000002 0.97686240301264193 28.850000000000005 29.750000000000004 43.20000000000001 25.350000000000005 0.61915405168109316 0.56369777965491019 9.5000000000000018 0.48314048284850658 4.5000000000000009 0.49812943072827093 17.187500000000004 90.500000000000014 -0.77245553105869302 25.500000000000004 0.91248814248966237
decision_type=2 2 2 2 2 2 2 2 2 2 2 2 2 2 2 2 2 2 2 2 2 2 2 2 2 2 2 2 2 2
left_child=1 4 3 -3 17 6 7 11 13 -8 -11 19 -13 15 -12 -7 -17 -1 -9 20 22 -21 -6 -24 -25 26 27 28 -2 -29
right_child=25 2 -4 -5 5 8 9 18 -10 10 14 12 -14 -15 -16 16 -18 -19 -20 21 -22 -23 23 24 -26 -27 -28 29 -30 -31
leaf_value=-5.0322581394743681e-06 0.001237237723543584 0.00046104045734121515 -0.00040582098389606097 -0.00036640585411772879 -2.7902901029625858e-05 -0.00031826633257549405 -0.00016504222636898943 -0.00013282229178457718 -0.00029188921573653496 0.0002036559002380362 0.00024322046004751353 -0.00031856833069954715 0.00092507130692189791 -0.00044568284048692743 -0.00062423675301128626 0.00064325376472658879 -0.00010455507880563298 -0.0012138572910037684 -0.00071087414734835022 -7.3896804821522481e-05 -0.0005124223972452984 0.0001799499962437605 0.00079941969863333488 0.0002762759325249683 -0.00023339589608576008 -2.7504560762328668e-05 -0.0003045775400851359 0.000124436100091382 -0.00072369796341271043 -0.00055192829010588856
leaf_weight=15302 126 167 502 270 2698 112 90 2641 1007 335 50 133 76 120 57 98 126 133 190 60 209 54 75 56 154 81041 1916 16322 52 589
leaf_count=15302 126 167 502 270 2698 112 90 2641 1007 335 50 133 76 120 57 98 126 133 190 60 209 54 75 56 154 81041 1916 16322 52 589
internal_value=-8.17976e-05 -0.000357072 -0.00180511 0.00014874 -0.000299883 -0.000713944 -0.000369295 -0.000619289 -0.00233425 0.00261278 0.00359728 4.97854e-05 0.0033732 -6.57907e-05 -0.000794394 0.00125 0.00303571 -7.61269e-05 -0.00145002 -0.000160316 -0.000300753 0.00377193 -3.8553e-05 0.0027193 0.000238094 -1.37948e-05 0.000264403 0.000433318 0.00539326 0.000381112
internal_weight=124761 24715 939 437 23776 8341 6878 6346 1463 532 442 3515 209 456 107 336 224 15435 2831 3306 3192 114 2983 285 210 100046 19005 17089 178 16911
internal_count=124761 24715 939 437 23776 8341 6878 6346 1463 532 442 3515 209 456 107 336 224 15435 2831 3306 3192 114 2983 285 210 100046 19005 17089 178 16911
is_linear=0
shrinkage=0.05


Tree=285
num_leaves=31
num_cat=0
split_feature=0 10 3 3 3 9 9 4 8 0 11 7 3 8 11 4 7 9 0 7 3 4 8 8 8 4 7 8 11 1
split_gain=0.832537 1.53795 3.26637 2.45929 2.35065 2.13758 3.28402 2.1008 3.36218 1.98596 1.9061 2.49703 1.67124 1.64116 1.59182 1.48809 1.42636 1.61691 1.3802 3.59992 1.64754 1.57473 2.97599 3.02428 2.06523 1.73344 1.53516 1.86122 3.38381 2.25516
threshold=29.500000000000004 1.0000000180025095e-35 -0.41398024697495356 -0.66528616069191593 -0.49064630004295678 17.509895833333335 17.438020833333336 -0.67168186667784702 33.650000000000013 23.500000000000004 1.0959530445469128 26.912500000000005 0.06553689391773225 25.650000000000002 1.1135526900622577 -0.99983123799342477 28.037500000000005 20.559895833333336 16.500000000000004 31.012500000000006 0.88621069759564464 0.63755505330306683 26.450000000000003 24.250000000000004 21.450000000000003 0.10623888086365087 30.237500000000004 38.150000000000013 1.1049966690345681 5.5000000000000009
decision_type=2 2 2 2 2 2 2 2 2 2 2 2 2 2 2 2 2 2 2 2 2 2 2 2 2 2 2 2 2 2
left_child=1 4 3 7 16 6 12 8 10 -9 -3 -12 -4 -7 -5 -6 17 -1 21 20 -20 22 23 -17 -23 26 27 -24 29 -29
right_child=-2 2 5 14 15 13 -8 9 -10 -11 11 -13 -14 -15 -16 18 -18 -19 19 -21 -22 24 25 -25 -26 -27 -28 28 -30 -31
leaf_value=0.00029289583541723392 2.7819109697356865e-06 -0.00029733292855267874 -6.9790950958735647e-05 -0.00093103548423901616 0.0010499092709885167 -0.00064675660190880455 0.0011829328040812417 -9.0239127526012741e-05 0.0018904210106767438 -0.00097338929420764356 0.0022230037632093467 -0.00032983613553932235 0.00013476175336972444 -4.6773262633528946e-05 0.00038484623483794851 -0.00044873108061130172 0.0013491843924282113 6.1305005962516867e-05 7.9979111060757665e-05 0.0023490794257920301 -0.00060347932779672138 -7.1567691112236871e-05 -0.00010575115538538124 0.00042862565849368148 -0.00044105613172562428 -0.00044356946545910875 -0.00061882453657949787 0.00081598585402641944 -0.0014922427496881965 0.0019536736299094223
leaf_weight=600 85750 364 1410 2070 90 690 60 4516 60 1128 55 65 2640 8721 210 85 203 4245 4130 303 715 1615 1862 204 1003 306 750 616 214 81
leaf_count=600 85750 364 1410 2070 90 690 60 4516 60 1128 55 65 2640 8721 210 85 203 4245 4130 303 715 1615 1862 204 1003 306 750 616 214 81
internal_value=-7.77899e-05 -0.000269284 -0.000545501 -0.00131554 8.75326e-05 -6.32362e-05 0.000888077 -0.000798321 0.00216912 -0.00108434 0.000785123 0.00625 0.000716048 -0.000478696 -0.0027193 -0.000293971 0.000992471 0.000820432 -0.000342478 0.000273892 -5.67607e-05 -0.00081354 -0.000203984 0.00468858 -0.00177235 -0.000573258 -0.000259723 0.000283086 0.00213502 0.00382353
internal_weight=124761 39011 21989 8468 17022 13521 4110 6188 544 5644 484 120 4050 9411 2280 11974 5048 4845 11884 5148 4845 6736 4118 289 2618 3829 3523 2773 911 697
internal_count=124761 39011 21989 8468 17022 13521 4110 6188 544 5644 484 120 4050 9411 2280 11974 5048 4845 11884 5148 4845 6736 4118 289 2618 3829 3523 2773 911 697
is_linear=0
shrinkage=0.05


Tree=286
num_leaves=31
num_cat=0
split_feature=0 11 9 3 1 8 11 7 3 7 8 1 3 7 4 8 4 4 11 1 8 11 3 3 7 1 3 6 11 11
split_gain=0.866661 0.829683 0.96415 1.49154 2.73728 3.32945 2.28722 2.20234 1.93772 1.63556 1.26067 1.09326 1.15152 1.15811 0.765441 1.50898 0.977659 1.19058 0.744921 2.42584 3.11432 1.43105 2.00026 0.873446 1.04516 1.04417 0.978954 0.898442 1.51883 1.16099
threshold=18.500000000000004 0.98658784621230999 30.108333333333338 0.13398903995667991 2.5000000000000004 38.850000000000001 0.97407968238158804 30.112500000000004 0.52766072109828632 26.787500000000005 35.45000000000001 2.5000000000000004 0.099822040462190967 28.037500000000005 -0.99864786094873803 39.650000000000013 -0.96466008222729416 -0.95998493203694346 0.97937736963053801 4.5000000000000009 31.050000000000004 0.98346829928426593 0.77788564761185042 0.9550229469509578 20.312500000000004 3.5000000000000004 0.93845596220871974 1.0000000180025095e-35 0.96442534268406488 0.93776513921633253
decision_type=2 2 2 2 2 2 2 2 2 2 2 2 2 2 2 2 2 2 2 2 2 2 2 2 2 2 2 2 2 2
left_child=1 2 10 11 7 6 8 -5 -6 -10 18 12 13 -4 15 -3 -16 -18 23 21 -21 22 -20 26 -25 -26 27 -1 29 -29
right_child=-2 14 3 4 5 -7 -8 -9 9 -11 -12 -13 -14 -15 16 -17 17 -19 19 20 -22 -23 -24 24 25 -27 -28 28 -30 -31
leaf_value=-5.6852839211113583e-05 -4.7863426259468212e-06 0.00088599068947521295 -0.00029289510256277532 -0.0013473416609640491 -0.00010286644654184711 -0.00084887217744466614 0.0014809211022493189 0.0011743899021594455 0.00073391042525102368 0.0025234055240633737 -0.002533646640142365 -0.00066742541422007938 -0.0017947467487278723 0.002769517002857021 -0.00051274508834796566 -0.00056974118020942835 0.0010292592010581673 -7.3133360480179648e-05 -4.9288589084820589e-05 7.1276768836158068e-05 0.0024135205054941133 -0.00048664337711587556 0.00070719502002840806 4.2561159404925025e-05 6.5347697639229138e-05 0.00052172438260317646 -0.00087846430161767639 0.00019222426134639749 -0.00097693499150771821 0.0014213287141778487
leaf_weight=6516 100046 133 74 178 76 114 76 50 63 51 152 247 57 78 969 171 152 13696 247 133 76 247 133 337 76 62 152 228 76 95
leaf_count=6516 100046 133 74 178 76 114 76 50 63 51 152 247 57 78 969 171 152 13696 247 133 76 247 133 337 76 62 152 228 76 95
internal_value=-7.97938e-05 -0.000344933 1.87605e-05 0.00143797 0.00305921 0.00565789 0.0087218 -0.00127193 0.00578947 0.00991228 -0.000158266 -0.000723685 0.0019378 0.00421053 -0.000575691 0.00190789 -0.000626646 -0.00051921 -7.63917e-05 0.00133971 0.00600478 -0.000215312 0.00171053 -0.000233361 0.0018421 0.00550725 -0.000372861 -0.000285612 0.00201754 0.00351393
internal_weight=124761 24715 9594 1064 608 380 266 228 190 114 8530 456 209 152 15121 304 14817 13848 8378 836 209 627 380 7542 475 138 7067 6915 399 323
internal_count=124761 24715 9594 1064 608 380 266 228 190 114 8530 456 209 152 15121 304 14817 13848 8378 836 209 627 380 7542 475 138 7067 6915 399 323
is_linear=0
shrinkage=0.05


Tree=287
num_leaves=31
num_cat=0
split_feature=0 0 11 11 4 4 4 8 9 3 11 1 11 9 0 11 1 0 3 3 10 11 9 3 9 4 8 4 1 7
split_gain=0.848169 0.797496 0.760315 1.25738 0.856188 1.06667 0.804481 1.27228 1.10098 2.95527 0.965355 1.35005 1.32458 1.20772 1.10091 0.877682 1.2573 1.39401 0.84899 0.850061 2.28571 1.71118 1.56481 1.33929 0.791982 2.51853 1.47066 1.45521 1.82864 1.46722
threshold=18.500000000000004 1.0000000180025095e-35 1.2217849585321277 1.1423394090148442 -0.75013812021657655 -0.91249077947840473 0.52583933546504591 20.550000000000004 14.867447916666668 0.26866988313759588 1.0234135063856429 4.5000000000000009 0.92774199459266771 14.589062500000002 5.5000000000000009 1.0055162867907674 1.5000000000000002 7.5000000000000009 0.78857998149907527 0.16799745313369893 1.0000000180025095e-35 0.97686240301264193 18.122135416666669 0.7090011537757156 22.899479166666669 0.35645927230573393 24.450000000000003 0.41202506375868281 1.5000000000000002 15.237500000000002
decision_type=2 2 2 2 2 2 2 2 2 2 2 2 2 2 2 2 2 2 2 2 2 2 2 2 2 2 2 2 2 2
left_child=1 -1 3 6 5 -5 24 8 -8 -10 11 12 14 -14 -9 -15 17 -17 19 21 -21 22 -13 -22 25 -3 -27 -28 -29 -30
right_child=-2 2 -4 4 -6 -7 7 10 9 -11 -12 18 13 15 -16 16 -18 -19 -20 20 23 -23 -24 -25 -26 26 27 28 29 -31
leaf_value=0.00019452487241995389 -4.547025494649411e-06 -9.7628372047326752e-05 0.00057835551436174137 -0.0014128503033356268 -0.00068547559584203983 0.00041381656434527376 -2.0169679879811489e-05 0.0014490407639087886 -0.0003046734560047872 0.00089294355436203912 -0.00033571352994732269 -0.00010031438318990475 0.0002596800537522639 -0.00017853920746777161 -2.2478604381518594e-05 0.00093869063842836947 -0.00031145289390359013 -6.3940965829449581e-05 -0.00045737292937452249 -0.00013450011891034223 0.00053727729165014182 -0.00017023321230259444 0.0004920133039658988 0.00013551905358993871 -5.0305466003895079e-05 -0.00011081533004237005 0.00038477441423984956 -8.984829247276325e-05 -0.00034689677741937326 0.00029350600785671719
leaf_weight=1305 100046 432 72 216 384 144 3132 75 126 72 918 54 108 1728 195 70 450 110 72 126 54 360 54 72 13684 144 108 126 50 274
leaf_count=1305 100046 432 72 216 384 144 3132 75 126 72 918 54 108 1728 195 70 450 110 72 126 54 360 54 72 13684 144 108 126 50 274
internal_value=-7.85915e-05 -0.000340887 -0.000407947 -0.000423774 -0.00244624 -0.000694446 -0.000357176 -0.000769034 -3.00312e-05 0.00358586 -0.00132254 -0.000946713 -0.00147295 -0.00183698 0.00185185 -0.00207379 -0.000476192 0.00305555 0.000871211 0.00138889 0.00373016 0.000128204 0.00564815 0.00849206 -0.000141046 0.00112875 0.00297721 0.00413978 0.00288889 0.00487654
internal_weight=124761 24715 23410 23338 744 360 22594 7776 3330 198 4446 3528 2736 2466 270 2358 630 180 792 720 252 468 108 126 14818 1134 702 558 450 324
internal_count=124761 24715 23410 23338 744 360 22594 7776 3330 198 4446 3528 2736 2466 270 2358 630 180 792 720 252 468 108 126 14818 1134 702 558 450 324
is_linear=0
shrinkage=0.05


Tree=288
num_leaves=31
num_cat=0
split_feature=0 10 3 3 3 0 3 0 8 4 7 9 8 3 8 11 1 7 11 1 0 8 8 11 11 3 0 9 7 8
split_gain=0.827679 1.61816 3.08024 2.40673 2.24513 1.62754 1.79755 1.62385 1.60383 2.10593 3.16801 1.68421 1.62379 2.22855 1.74677 1.54454 2.00456 3.50696 1.89857 1.72857 1.52457 1.66694 1.50375 1.48671 1.48235 1.47576 1.36691 1.571 1.70826 1.73886
threshold=29.500000000000004 1.0000000180025095e-35 -0.41398024697495356 -0.63921128368950708 -0.2270106897347694 1.0000000180025095e-35 0.65883702558178847 26.500000000000004 38.150000000000013 -0.99761278905001471 30.237500000000004 33.33671875000001 26.450000000000003 0.75580964594513067 24.250000000000004 1.1049966690345681 5.5000000000000009 30.312500000000004 1.0864563662565241 4.5000000000000009 25.500000000000004 17.650000000000002 38.350000000000001 1.1135526900622577 0.89585628751987034 0.99466373373798567 18.500000000000004 27.869010416666672 17.012500000000006 28.950000000000003
decision_type=2 2 2 2 2 2 2 2 2 2 2 2 2 2 2 2 2 2 2 2 2 2 2 2 2 2 2 2 2 2
left_child=1 4 3 7 26 6 -4 -3 9 10 -6 12 13 20 -15 16 18 -18 -10 -20 -11 -22 -7 -5 -14 -26 -1 28 29 -28
right_child=-2 2 5 23 8 22 -8 -9 15 11 -12 -13 24 14 -16 -17 17 -19 19 -21 21 -23 -24 -25 25 -27 27 -29 -30 -31
leaf_value=2.0691735343911422e-05 3.1094838272803865e-06 -8.8432700787865234e-05 0.0009659707802676488 -0.00093887011975564904 0.0024856397476670181 -9.3562728247982178e-06 -0.00018048775267120765 -0.0014166408991727454 7.6257901640445382e-05 -0.00020919685694691109 -0.00030337044414870042 0.003564431919094984 0.00013226290883110959 -0.0003559604301328485 0.00031339539861431799 -0.00065522156984894613 0.0020663125845277893 -0.0007878496619879385 0.0033101003460567196 -0.0001222703253189374 0.0027996298116248651 0.00031693470595579843 -0.0012754631649750502 0.00034856976290280025 -0.00070947508947245244 0.00013293440243602707 0.00057409939595123372 0.00089885123542183957 -0.00018643781756580303 0.0022211596170469221
leaf_weight=4302 85750 5786 260 1830 66 12490 191 642 1620 3224 54 60 570 150 420 574 145 95 120 90 72 424 580 210 2250 300 591 990 849 56
leaf_count=4302 85750 5786 260 1830 66 12490 191 642 1620 3224 54 60 570 150 420 574 145 95 120 90 72 424 580 210 2250 300 591 990 849 56
internal_value=-7.57861e-05 -0.000266721 -0.000550049 -0.00129783 9.92821e-05 -8.17259e-05 0.0028714 -0.000822963 -0.000368381 -0.000737814 0.00583333 -0.000843375 -0.000910932 -0.000279721 0.00263158 0.000692132 0.0013285 0.005625 0.000765026 0.00523809 -0.000725808 0.00185484 -0.000183628 -0.00279412 -0.00177885 -0.00229412 0.000804359 0.00173773 0.000715239 0.00265069
internal_weight=124761 39011 21989 8468 17022 13521 451 6428 10234 7590 120 7470 7410 4290 570 2644 2070 240 1830 210 3720 496 13070 2040 3120 2550 6788 2486 1496 647
internal_count=124761 39011 21989 8468 17022 13521 451 6428 10234 7590 120 7470 7410 4290 570 2644 2070 240 1830 210 3720 496 13070 2040 3120 2550 6788 2486 1496 647
is_linear=0
shrinkage=0.05


Tree=289
num_leaves=31
num_cat=0
split_feature=0 10 3 3 3 9 9 0 9 9 0 8 8 0 7 3 11 8 11 6 7 9 3 11 3 9 1 11 5 7
split_gain=0.828367 1.35542 2.97659 2.13462 2.00076 2.19983 1.69208 3.15797 1.54596 2.08749 1.52982 1.52245 1.51687 1.39878 2.99906 1.80304 1.71285 1.86158 1.39667 1.33739 1.79969 2.0682 3.16805 1.89378 2.61101 2.28272 2.9642 1.64069 2.24393 1.55555
threshold=29.500000000000004 1.0000000180025095e-35 -0.41398024697495356 -0.63921128368950708 -0.81923160956083974 22.899479166666669 28.849479166666672 18.500000000000004 17.509895833333335 17.438020833333336 26.500000000000004 25.650000000000002 31.150000000000002 16.500000000000004 31.012500000000006 0.88621069759564464 0.99802285755768305 41.150000000000013 1.1135526900622577 1.0000000180025095e-35 24.962500000000006 22.899479166666669 -0.77245553105869302 0.99592950626165633 -0.73866753694953124 29.557031250000005 5.5000000000000009 0.96442534268406488 1.0000000180025095e-35 26.812500000000004
decision_type=2 2 2 2 2 2 2 2 2 2 2 2 2 2 2 2 2 2 2 2 2 2 2 2 2 2 2 2 2 2
left_child=1 4 3 10 5 -1 12 -8 9 -4 19 -10 -7 16 15 -15 17 -6 -5 20 21 22 -3 -22 29 26 -26 -21 -29 -25
right_child=-2 2 8 18 13 6 7 -9 11 -11 -12 -13 -14 14 -16 -17 -18 -19 -20 27 23 -23 -24 24 25 -27 -28 28 -30 -31
leaf_value=0.0014644026686438947 2.9540096359147523e-06 0.00026829150104460211 6.2547348929672654e-05 -0.00089192661376786609 3.0678140769473559e-06 0.00030178923032874301 9.4381188991602631e-05 0.0022109167074924061 -0.00059733473713931111 0.0010988105333203811 -0.0013458088542141074 -3.7837318688504619e-05 -0.00028953502244152379 0.0001191594296231256 0.0020239599156948685 -0.00054941585137226537 -0.00020127761000644198 0.0018400280353886385 0.00033114127475766217 0.00061842341235265831 -0.00033617036961998859 -0.00063363149354336336 -0.0003417172129943277 0.00048121113469725731 0.001905861013843424 -8.0323572980888196e-05 0.00097300988115999994 -0.00060437418091649887 0.00016141920947536925 -0.00072516717783366325
leaf_weight=60 85750 513 4050 1830 3608 1080 342 198 690 60 642 8721 814 5262 315 715 4577 51 210 216 1223 1860 432 698 81 81 54 274 54 300
leaf_count=60 85750 513 4050 1830 3608 1080 342 198 690 60 642 8721 814 5262 315 715 4577 51 210 216 1223 1860 432 698 81 81 54 274 54 300
internal_value=-7.69884e-05 -0.000268003 -0.00052731 -0.0012624 6.6971e-05 0.0013753 0.00114215 0.00361111 -6.69341e-05 0.000742091 -0.000815185 -0.000420254 0.000438225 -0.000157628 0.000403686 0.000153086 -0.000586451 0.000220004 -0.00267157 -0.000558245 -0.00080313 -0.00166667 0.000238094 0.000190807 0.00158978 0.00657407 0.0105556 0.00180147 -0.00042683 0.000511021
internal_weight=124761 39011 21989 8468 17022 2494 2434 540 13521 4110 6428 9411 1894 14528 6292 5977 8236 3659 2040 5786 5242 2805 945 2437 1214 216 135 544 328 998
internal_count=124761 39011 21989 8468 17022 2494 2434 540 13521 4110 6428 9411 1894 14528 6292 5977 8236 3659 2040 5786 5242 2805 945 2437 1214 216 135 544 328 998
is_linear=0
shrinkage=0.05


Tree=290
num_leaves=31
num_cat=0
split_feature=0 8 0 7 0 7 9 3 4 8 7 11 9 7 11 7 3 4 4 7 1 9 3 9 11 7 0 9 8 11
split_gain=0.794678 1.28076 1.9441 1.94952 1.73256 2.92502 2.14358 2.97929 1.78366 1.82028 1.89402 1.80751 1.55881 1.2728 1.18956 1.43657 1.73416 3.09819 1.52889 1.26826 1.25326 1.17494 1.28144 1.05186 1.12597 1.38113 1.02181 1.3284 1.44298 1.05734
threshold=29.500000000000004 20.750000000000004 26.500000000000004 26.987500000000004 17.500000000000004 30.837500000000006 28.118750000000006 -0.11692013674435776 -0.70900320270980455 37.250000000000007 29.312500000000004 1.1538549292311382 29.830989583333338 29.912500000000005 1.0561939355068173 30.237500000000004 -0.41398024697495356 -0.96466008222729416 -0.94426098523567992 27.287500000000005 2.5000000000000004 14.867447916666668 0.64579916509010216 14.97265625 0.97256506534887965 14.912500000000003 22.500000000000004 10.96640625 17.850000000000005 1.0515743247573357
decision_type=2 2 2 2 2 2 2 2 2 2 2 2 2 2 2 2 2 2 2 2 2 2 2 2 2 2 2 2 2 2
left_child=1 21 3 -3 6 8 7 -5 9 10 11 -6 -10 -4 15 16 -8 19 -19 -18 -20 22 26 -23 25 -25 29 -28 -29 -1
right_child=-2 2 13 4 5 -7 14 -9 12 -11 -12 -13 -14 -15 -16 -17 17 18 20 -21 -22 23 -24 24 -26 -27 27 28 -30 -31
leaf_value=-6.5718859722473357e-05 2.8063091541196202e-06 -6.8515378603188477e-05 -0.00071833192640358265 -0.0008963061981306404 5.4988270060714191e-05 0.0022727203718789133 -0.0002747906869896368 0.0014508056704978353 0.00034764937809713108 -0.00075231494585998844 0.0019559581506944168 0.001662211770481345 0.0019708142852828624 0.00059852656342470223 -0.0002635354373582094 -0.00053196221460244375 0.001700277764963483 0.0025011706355855556 0.00037866840949274546 -7.9716700847234801e-05 0.0017433702099430251 0.0008519615839402457 0.00030363849983453765 0.0009028262512811669 -0.00013628096632835787 0.00033320072155208628 -0.00031830708289405001 0.0015555836445482957 0.00038829955675297471 0.00014600066292666197
leaf_weight=3082 85750 23290 3042 56 894 180 631 72 228 472 84 86 174 285 2016 464 74 74 172 736 251 60 60 58 210 62 252 154 826 966
leaf_count=3082 85750 23290 3042 56 894 180 631 72 228 472 84 86 174 285 2016 464 74 74 172 736 251 60 60 58 210 62 252 154 826 966
internal_value=-7.57861e-05 -0.000262876 -0.000381751 -0.000254391 0.000499699 0.00168083 -5.05951e-05 0.00632812 0.00111455 0.00033854 0.00148496 0.000867346 0.0040796 -0.00152841 -0.000235402 0.000516235 0.00111455 0.00215379 0.00526157 0.000246912 0.00410165 0.000427573 0.000234081 0.00307692 0.0019697 0.00583333 0.000151514 0.00141234 0.0022449 -0.000232215
internal_weight=124761 39011 33281 29954 6664 2118 4546 128 1938 1536 1064 980 402 3327 4418 2402 1938 1307 497 810 423 5730 5340 390 330 120 5280 1232 980 4048
internal_count=124761 39011 33281 29954 6664 2118 4546 128 1938 1536 1064 980 402 3327 4418 2402 1938 1307 497 810 423 5730 5340 390 330 120 5280 1232 980 4048
is_linear=0
shrinkage=0.05


Tree=291
num_leaves=31
num_cat=0
split_feature=0 10 3 3 3 4 1 0 6 0 3 4 3 7 0 8 8 7 9 11 11 8 11 8 11 11 9 9 0 8
split_gain=0.867715 1.25325 2.76 2.1078 1.93508 1.63197 3.33333 1.89644 1.56898 1.50764 1.45219 1.32363 3.31766 1.79311 2.03001 1.73193 1.42616 1.23255 2.444 3.2345 3.09924 1.39287 1.34902 1.32552 1.21375 2.51282 1.45184 2.65575 1.21654 1.20425
threshold=29.500000000000004 1.0000000180025095e-35 -0.41398024697495356 -0.49064630004295678 -0.66528616069191593 -0.72694848937061807 3.5000000000000004 25.500000000000004 1.0000000180025095e-35 1.0000000180025095e-35 0.65883702558178847 0.029024409397335523 0.99907018497641664 23.412500000000005 24.500000000000004 29.450000000000003 28.150000000000002 24.862500000000004 22.899479166666669 0.99733561582144803 0.97297253075836154 31.150000000000002 1.0230935316253413 28.250000000000004 1.1102543501962845 1.1226820583948653 28.401041666666671 28.197656250000005 10.500000000000002 32.350000000000001
decision_type=2 2 2 2 2 2 2 2 2 2 2 2 2 2 2 2 2 2 2 2 2 2 2 2 2 2 2 2 2 2
left_child=1 3 4 -1 5 6 -3 8 17 10 -4 13 -13 -11 15 16 -15 18 19 20 -7 23 29 -20 26 -26 27 -19 -28 -23
right_child=-2 2 9 -5 -6 7 -8 -9 -10 11 -12 12 -14 14 -16 -17 -18 24 21 -21 -22 22 -24 -25 25 -27 28 -29 -30 -31
leaf_value=0.00014098093849512877 2.6659936964111913e-06 -0.0011121009689291533 0.00092304587927163971 -4.7952736492837207e-05 -0.00070713469563559459 0.00013168131457542498 0.0019842746496579497 -0.0010015203793661616 0.00015800484315019582 -0.00036886965224879428 -0.00016614573017306213 1.5323042026400571e-05 0.0005720725020724553 9.1567197396138605e-05 -0.0012076926848761122 2.2963182547921227e-05 0.0011294971972063434 2.0745628741020733e-05 -6.2376018188326442e-06 -0.0002922075029517143 0.00059782305874271754 0.00029621748624130225 0.00043297534050089722 -0.0012892445843745339 0.0021071778334905682 -1.8140236889643307e-05 0.00013667739789460003 0.0026262329387893787 -0.0012757272499370332 -0.00067204452122557941
leaf_weight=5048 85750 60 260 11974 2280 364 60 808 498 1706 191 6293 58 87 1002 3840 84 1116 206 390 52 138 128 1007 52 104 357 104 478 266
leaf_count=5048 85750 60 260 11974 2280 364 60 808 498 1706 191 6293 58 87 1002 3840 84 1116 206 390 52 138 128 1007 52 104 357 104 478 266
internal_value=-8.01945e-05 -0.000275693 -0.000525036 4.64093e-05 -0.00123288 -0.00077408 0.005 -0.000888268 -0.000541826 -8.17259e-05 0.00276053 -0.000179802 0.000337741 -0.000669 -0.000192501 0.000310395 0.00523392 -0.000821085 -0.00156997 0.000707195 0.00377404 -0.00262178 -0.000488723 -0.0035573 4.29658e-05 0.00429487 -0.000279807 0.000819671 -0.00188623 -0.00190594
internal_weight=124761 39011 21989 17022 8468 6188 120 6068 5260 13521 451 13070 6351 6719 5013 4011 171 4762 2551 806 416 1745 532 1213 2211 156 2055 1220 835 404
internal_count=124761 39011 21989 17022 8468 6188 120 6068 5260 13521 451 13070 6351 6719 5013 4011 171 4762 2551 806 416 1745 532 1213 2211 156 2055 1220 835 404
is_linear=0
shrinkage=0.05


Tree=292
num_leaves=31
num_cat=0
split_feature=0 9 8 0 11 0 0 0 9 4 8 3 9 11 4 3 9 4 8 9 7 5 11 11 7 0 0 9 0 3
split_gain=0.873307 0.93449 3.53594 2.67899 3.82183 2.33146 4.16598 2.37471 3.05861 2.04128 3 2.16666 2.19434 1.91873 1.83655 1.71919 2.37882 2.60653 2.26077 1.99085 2.59849 1.96457 1.86551 2.41869 1.70746 1.73782 2.33937 2.76671 1.69144 2.24924
threshold=19.500000000000004 26.413281250000001 32.650000000000013 41.500000000000007 0.99060004174370953 58.500000000000007 70.500000000000014 82.500000000000014 26.386197916666671 0.19969739736768838 32.350000000000001 -0.93235440815991333 29.661718750000002 1.0817636538381779 0.97832380634958016 -0.43733984355855576 17.257031250000004 0.5969655492110445 27.750000000000004 21.539583333333336 22.062500000000004 1.0000000180025095e-35 1.0216048461695417 0.96359846643765257 27.187500000000004 79.500000000000014 29.500000000000004 25.676822916666669 33.500000000000007 0.36648264796514479
decision_type=2 2 2 2 2 2 2 2 2 2 2 2 2 2 2 2 2 2 2 2 2 2 2 2 2 2 2 2 2 2
left_child=-1 2 5 4 -3 13 -7 -8 14 11 -11 12 -5 15 -9 22 -17 18 21 20 -20 -18 23 -2 25 26 -4 -28 29 -6
right_child=1 3 24 9 28 6 7 8 -10 10 -12 -13 -14 -15 -16 16 17 -19 19 -21 -22 -23 -24 -25 -26 -27 27 -29 -30 -31
leaf_value=-3.8563277313501714e-05 0.00011279604201399835 -0.00080796084923166604 0.00050207265828750155 0.00031265345320467396 0.0003690340120788541 -0.000409251278390084 0.00021475935266091042 -0.00016414832764161049 0.0027729081020685564 0.002942569752469142 -0.0026802543058275096 -1.0650639377120435e-05 0.0024444877584730044 -0.00040315577866083886 0.00030990130001912609 9.7254251493776936e-05 -0.00029225514578382848 0.001017483178520329 0.0026541410459882601 0.00041145097666384333 0.00048339630756730445 0.0025727123302438904 0.00059409406356547047 -0.00049863871862318259 0.00018011167275863081 0.00019681053224942084 0.0023463849151818209 0.0033031055308256675 -0.00036458596966019107 -0.00041422895669539716
leaf_weight=26014 2964 5629 210 3402 3388 7632 7632 6923 65 54 432 30466 324 1521 1274 9477 1521 1911 54 2145 63 78 1326 3744 765 336 195 90 3096 2030
leaf_count=26014 2964 5629 210 3402 3388 7632 7632 6923 65 54 432 30466 324 1521 1274 9477 1521 1911 54 2145 63 78 1326 3744 765 336 195 90 3096 2030
internal_value=-7.9393e-05 -1.14952e-05 0.000140607 -0.00016704 -0.000747014 6.41412e-05 -0.000292444 0.000168616 -0.000418786 6.94953e-05 -0.00314815 0.00011523 0.00125335 0.000402353 -0.000504454 0.000514752 0.00082661 0.00162682 0.000879305 0.00189655 0.00824786 -0.000559726 -7.71732e-05 -0.000415922 0.00245614 0.00402527 0.00590909 0.00885965 -7.86951e-05 0.000454041
internal_weight=124761 98747 49926 48821 14143 48330 23526 15894 8262 34678 486 34192 3726 24804 8197 23283 15249 5772 3861 2262 117 1599 8034 6708 1596 831 495 285 8514 5418
internal_count=124761 98747 49926 48821 14143 48330 23526 15894 8262 34678 486 34192 3726 24804 8197 23283 15249 5772 3861 2262 117 1599 8034 6708 1596 831 495 285 8514 5418
is_linear=0
shrinkage=0.05


Tree=293
num_leaves=31
num_cat=0
split_feature=0 7 0 8 1 5 8 0 11 0 11 3 11 11 8 9 7 3 3 11 7 9 11 11 8 8 3 0 7 4
split_gain=0.699479 0.823825 2.04797 1.32972 2.78445 1.36802 1.74557 3.04143 1.37493 2.39728 4.1438 2.47117 2.62086 2.06852 1.84319 1.83187 1.63676 1.61963 2.94485 1.80959 1.70435 3.15956 1.64462 6.65571 2.72457 5.38427 1.97368 1.58248 1.47626 1.99518
threshold=19.500000000000004 18.962500000000006 93.500000000000014 21.950000000000003 5.5000000000000009 1.0000000180025095e-35 24.650000000000002 57.500000000000007 1.0216048461695417 40.500000000000007 0.99733561582144803 0.95242846126021108 0.99557230953365117 1.0164577190672992 28.850000000000005 25.771875000000005 39.662500000000016 -0.54939360607974019 -0.59869031648930193 1.1226820583948653 31.312500000000007 27.508854166666669 1.0393064066417959 1.0369108369693101 33.350000000000001 33.750000000000007 -0.38242426011641079 82.500000000000014 34.612500000000004 -0.99628250747696534
decision_type=2 2 2 2 2 2 2 2 2 2 2 2 2 2 2 2 2 2 2 2 2 2 2 2 2 2 2 2 2 2
left_child=-1 2 -2 4 -3 8 7 -7 9 11 16 14 -13 -14 15 -5 28 18 19 20 21 27 23 24 -19 26 -26 -10 -11 -30
right_child=1 3 -4 5 -6 6 -8 -9 17 10 -12 12 13 -15 -16 -17 -18 22 -20 -21 -22 -23 -24 -25 25 -27 -28 -29 29 -31
leaf_value=-3.6635113447826034e-05 7.8987656883560493e-05 -0.00099208616283750573 -0.00056952487543049618 -1.0232199779225226e-05 0.0010824692391543731 0.0039177082339571373 0.0002121869738859137 -0.00050388719709308974 0.00024768901661791282 9.0600250183379676e-05 -0.00047138163220838383 -3.2852307891272473e-06 0.0026713682341812117 -0.00033485000067574931 -0.00061203748782963125 0.0019376079815062487 0.0016410401265627109 -0.00048311878834740194 0.0015949771465261294 -0.00069581946173786547 -0.00057798029600048429 0.001214295515349293 -0.00011170547162575778 0.0027647529964169412 0.00026188256291858708 0.00022063416285847683 0.0027366083924781543 -0.00092587841162159736 0.0023525169061116642 -0.00090692605310599124
leaf_weight=26014 22877 1528 911 1196 320 58 4602 50 1717 23211 7014 485 119 63 8245 105 142 1834 336 1140 762 1892 15822 231 76 1900 152 334 161 1464
leaf_count=26014 22877 1528 911 1196 320 58 4602 50 1717 23211 7014 485 119 63 8245 105 142 1834 336 1140 762 1892 15822 231 76 1900 152 334 161 1464
internal_value=-8.34007e-05 -2.26348e-05 0.00023373 -0.000103991 -0.00142857 -7.05104e-05 0.000753714 0.00703704 -0.000127265 -0.000303875 -9.09614e-05 -0.000970823 0.00197151 0.00708791 -0.00117641 0.000572635 0.000210584 0.000157275 0.000864746 0.000603078 0.00103613 0.00145448 -6.12053e-05 0.000819221 0.000338212 0.00155545 0.00881579 9.50744e-05 0.000179979 -0.00127692
internal_weight=124761 98747 23788 74959 1848 73111 4710 108 68401 42205 31992 10213 667 182 9546 1301 24978 26196 6181 5845 4705 3943 20015 4193 3962 2128 228 2051 24836 1625
internal_count=124761 98747 23788 74959 1848 73111 4710 108 68401 42205 31992 10213 667 182 9546 1301 24978 26196 6181 5845 4705 3943 20015 4193 3962 2128 228 2051 24836 1625
is_linear=0
shrinkage=0.05


Tree=294
num_leaves=31
num_cat=0
split_feature=7 3 8 8 7 3 6 0 0 10 3 3 3 7 9 11 6 8 3 8 7 8 8 11 3 3 11 11 0 11
split_gain=0.649408 1.68125 0.766298 1.40236 0.882489 1.23789 0.977785 0.589536 0.584607 1.26221 2.7231 2.0337 1.81086 1.49907 2.00166 2.62552 2.10964 1.96037 2.6673 3.36111 1.95232 1.81698 1.58735 1.69666 1.84243 2.90703 3.1263 1.40115 1.3964 1.40969
threshold=42.587500000000013 0.58481550752069722 42.650000000000013 42.45000000000001 29.712500000000006 0.58481550752069722 1.0000000180025095e-35 60.500000000000007 31.500000000000004 1.0000000180025095e-35 -0.41398024697495356 -0.63921128368950708 -0.49064630004295678 23.712500000000006 22.899479166666669 0.99733561582144803 1.0000000180025095e-35 27.350000000000005 -0.78326540922535159 27.950000000000003 21.312500000000004 32.050000000000004 28.950000000000003 0.99592950626165633 -0.73866753694953124 -0.71504373327588355 1.0627860117078571 1.1135526900622577 11.500000000000002 0.95986675969645263
decision_type=2 2 2 2 2 2 2 2 2 2 2 2 2 2 2 2 2 2 2 2 2 2 2 2 2 2 2 2 2 2
left_child=2 -2 3 8 5 -4 -6 -5 9 12 11 13 -1 14 15 17 21 -11 19 -19 -18 -16 -15 -24 -25 -26 -27 -13 -12 -30
right_child=1 -3 4 7 6 -7 -8 -9 -10 10 28 27 -14 22 16 -17 20 18 -20 -21 -22 -23 23 24 25 26 -28 -29 29 -31
leaf_value=0.00013538059538484323 -0.0007879368144564832 0.00096713603857912802 0.0016555151467186975 0.0003991015678598606 -0.0014549676145414879 -0.0041703558196103125 0.0031695352698592029 0.0021789120371522789 -2.7150862909113749e-06 -3.1893535826692079e-05 6.3595316028294249e-05 -0.00083073784392821877 -4.5601750445443505e-05 0.00058237121349614983 -0.0011107053785929571 -0.00041643792712575559 0.00017144544353349167 0.0005305822832601762 0.00052920506500356279 -0.00043403311763728604 -0.0015720418162579128 -5.9621776777398389e-05 -0.00046073041798779169 2.1445169043596323e-05 0.0018040060939928564 0.0016201966359544859 -0.00045911767003415684 0.0003883484020467119 -0.0003380709398496258 -1.2489095348037464e-05
leaf_weight=5384 100 84 67 120 680 55 72 70 82318 416 5414 1952 12356 200 1136 512 99 96 64 192 62 432 1875 1452 64 64 192 224 1871 7138
leaf_count=5384 100 84 67 120 680 55 72 70 82318 416 5414 1952 12356 200 1136 512 99 96 64 192 62 432 1875 1452 64 64 192 224 1871 7138
internal_value=-8.78091e-05 0.00288043 -9.21932e-05 -8.17696e-05 -0.00156751 0.00237705 -0.00220745 0.00421053 -8.83725e-05 -0.000242142 -0.000482841 -0.00116364 7.6098e-05 -0.000740958 -0.00157694 -7.81262e-05 -0.00268653 0.00177083 0.00451704 0.00246528 0.00276397 -0.00324617 -8.7082e-05 -0.000324926 0.000784423 0.00421875 0.00183594 -0.00249541 -5.65082e-05 -0.000437897
internal_weight=124761 184 124577 123703 874 122 752 190 123513 41195 23455 9032 17740 6856 3009 1280 1729 768 352 288 161 1568 3847 3647 1772 320 256 2176 14423 9009
internal_count=124761 184 124577 123703 874 122 752 190 123513 41195 23455 9032 17740 6856 3009 1280 1729 768 352 288 161 1568 3847 3647 1772 320 256 2176 14423 9009
is_linear=0
shrinkage=0.05


Tree=295
num_leaves=31
num_cat=0
split_feature=0 7 0 11 11 9 11 8 3 4 8 9 11 7 0 8 11 0 6 0 10 9 3 3 9 7 9 0 7 3
split_gain=0.666222 0.710106 1.79735 1.54049 3.94923 2.99931 2.77432 2.66614 2.7912 2.33374 2.43924 2.22638 2.73422 1.95514 1.7431 2.52902 1.73479 1.76064 1.50515 1.57939 1.8502 1.39898 1.37615 2.01621 1.55915 1.36441 1.33019 1.97844 1.30123 2.45155
threshold=18.500000000000004 18.962500000000006 87.500000000000014 1.0234135063856429 0.9984557137694885 13.511197916666669 1.0400758936931782 18.050000000000004 -0.57078386445773377 0.99611390731392835 17.150000000000002 16.217187500000005 1.0167864286959365 13.312500000000002 81.500000000000014 24.050000000000004 1.0166260076336997 49.500000000000007 1.0000000180025095e-35 53.500000000000007 1.0000000180025095e-35 16.980989583333336 -0.19337636264337835 -0.63921128368950708 19.530989583333334 14.912500000000003 11.695833333333335 52.500000000000007 11.962500000000004 0.01505151768384008
decision_type=2 2 2 2 2 2 2 2 2 2 2 2 2 2 2 2 2 2 2 2 2 2 2 2 2 2 2 2 2 2
left_child=-1 2 3 4 5 -2 18 -6 -9 10 25 12 16 -13 15 -15 26 -18 -5 -20 -21 -16 23 24 -4 -7 27 -10 29 -8
right_child=1 -3 22 6 7 9 28 8 11 -11 -12 13 -14 14 21 -17 17 -19 19 20 -22 -23 -24 -25 -26 -27 -28 -29 -30 -31
leaf_value=-3.683828970239463e-05 -0.00058084186260033525 -3.8705879672045909e-05 0.0010719947208107092 -0.00046290162400130824 -0.00099633180584307135 7.7664062173627311e-05 0.0002100311581234327 -0.0013450571078650962 0.00025849109885913015 0.0010349084518838996 5.1602416924169706e-05 0.00018225301838899853 -0.00063289722460832412 0.0014920296256179574 0.0012642580586122458 0.001053549368188847 0.00067952973661596072 0.0027857326985266926 -0.00069832804663986267 -0.00037452559510931654 0.001544914336566358 -0.00088140149886111125 -3.7080041821464976e-05 -0.00092943187719296766 -0.00010964002173027387 0.0027304475080327539 0.00057707524919118648 0.0032640846858259334 -3.647451599215834e-05 0.0014229149945102226
leaf_weight=24715 2282 75710 55 2876 414 53 1494 266 68 356 5925 275 408 163 78 410 61 59 140 61 68 75 2461 723 253 85 2417 70 2325 415
leaf_count=24715 2282 75710 55 2876 414 53 1494 266 68 356 5925 275 408 163 78 410 61 59 140 61 68 75 2461 723 253 85 2417 70 2325 415
internal_value=-9.02137e-05 -3.27861e-05 0.000202168 0.000378045 0.000696248 6.26353e-05 -0.000202603 0.00185348 0.00221839 0.000616138 0.000385122 0.00254162 0.00187642 0.00459041 0.00595041 0.0072164 0.00245794 0.00833333 -0.00132751 0.00224907 0.00624031 0.00120915 -0.000847653 -0.00238118 0.00100649 0.00695652 0.00218199 0.00695652 0.00063297 0.00160031
internal_weight=124761 100046 24336 20844 13465 8701 7379 4764 4350 6419 6063 4084 3083 1001 726 573 2675 120 3145 269 129 153 3492 1031 308 138 2555 138 4234 1909
internal_count=124761 100046 24336 20844 13465 8701 7379 4764 4350 6419 6063 4084 3083 1001 726 573 2675 120 3145 269 129 153 3492 1031 308 138 2555 138 4234 1909
is_linear=0
shrinkage=0.05


Tree=296
num_leaves=31
num_cat=0
split_feature=7 3 9 0 9 8 8 7 1 8 3 10 0 0 11 11 3 9 4 3 9 9 0 7 4 3 3 11 0 4
split_gain=0.649233 1.68125 0.713549 0.601352 1.36219 0.984385 1.42485 1.00512 0.998549 2.44552 1.98251 1.93802 1.78855 2.02471 3.40045 3.42281 1.64568 1.60807 1.46882 1.12262 1.20296 2.64441 1.1851 1.13411 1.11942 1.06813 1.39607 1.0194 0.995597 0.99478
threshold=42.587500000000013 0.58481550752069722 35.949479166666677 31.500000000000004 34.991406250000004 42.800000000000004 42.45000000000001 39.312500000000007 5.5000000000000009 38.550000000000004 0.82899317702918729 1.0000000180025095e-35 38.500000000000007 60.500000000000007 1.0293602173369309 1.0259232196813726 -0.98930078251469888 31.817708333333336 -0.99761278905001471 -0.78326540922535159 29.732812500000005 29.259375000000002 50.500000000000007 28.812500000000004 0.98486764554468398 -0.73866753694953124 0.60555468348150676 0.93243445665923741 47.500000000000007 -0.98801846520836312
decision_type=2 2 2 2 2 2 2 2 2 2 2 2 2 2 2 2 2 2 2 2 2 2 2 2 2 2 2 2 2 2
left_child=2 -2 3 4 -1 6 8 -8 -5 12 11 -11 -10 14 15 16 -14 19 -15 23 21 22 24 -18 25 -21 -27 -28 -17 -20
right_child=1 -3 -4 5 -6 -7 7 -9 9 10 -12 -13 13 18 -16 28 17 -19 29 20 -22 -23 -24 -25 -26 26 27 -29 -30 -31
leaf_value=-4.2907291534194126e-05 -0.00074660467975005995 0.00092071453063377346 -0.00082595444080729827 -2.3466043682169791e-05 0.00055219440460269834 -0.001752032890678481 0.0021906163028279713 -0.00073084462374682516 -0.00074339571918062368 0.00052501247516218612 0.0049804977385504712 0.0039992583108322969 0.002044320343705457 0.0025702892401204139 -0.00022804691547493734 0.0027700194140940549 0.0012699568734957187 0.0026899179345996381 -0.002317149338940921 0.0025531250771908542 -0.00045995247917501159 0.0027459610895627846 0.0012680198101274638 -0.0011668554793760799 0.0037548815504726166 -0.00067146244262246543 0.0012107453419490108 0.00065627285093456929 0.0021840758983434402 -2.3124960471548629e-05
leaf_weight=40843 100 84 646 70038 512 260 75 51 1281 320 64 64 88 70 1144 54 174 66 175 60 176 88 780 442 96 456 72 252 78 6152
leaf_count=40843 100 84 646 70038 512 260 75 51 1281 320 64 64 88 70 1144 54 174 66 175 60 176 88 780 442 96 456 72 252 78 6152
internal_value=-8.74083e-05 0.00288043 -9.17918e-05 -8.31523e-05 -0.000238787 -5.20852e-06 4.49368e-06 0.00531746 -3.65127e-06 0.000414745 0.00404018 0.00268229 0.000275973 0.000492659 0.00137109 0.00228661 0.00190909 0.0016867 -6.01857e-05 0.00149075 0.00207071 0.00245565 0.00202214 -0.000373378 0.000822648 0.000238094 -0.000256411 0.00225309 0.0101515 -0.000139878
internal_weight=124761 184 124577 123931 41355 82576 82316 126 82190 12152 448 384 11704 10423 4026 2882 2750 2662 6397 2596 1980 1804 1716 616 936 840 780 324 132 6327
internal_count=124761 184 124577 123931 41355 82576 82316 126 82190 12152 448 384 11704 10423 4026 2882 2750 2662 6397 2596 1980 1804 1716 616 936 840 780 324 132 6327
is_linear=0
shrinkage=0.05


Tree=297
num_leaves=31
num_cat=0
split_feature=11 11 11 0 0 11 8 8 7 11 3 1 9 3 0 8 1 0 7 8 7 7 7 3 7 7 10 3 7 0
split_gain=0.537149 1.20427 3.22255 2.24122 2.95837 1.09357 1.8976 2.83521 2.08209 0.915723 1.73957 2.2218 1.88848 3.91027 4.92825 3.39113 3.24745 2.64011 5.63352 2.63043 2.3908 1.81533 1.80211 1.60095 1.57253 1.47645 4.03216 2.48736 2.15159 1.85308
threshold=1.2099088115144543 1.1649345393363679 1.1589671265514687 70.500000000000014 38.500000000000007 1.1338093104982068 33.850000000000001 31.950000000000003 38.712500000000013 1.0864563662565241 0.96687895796550427 4.5000000000000009 30.150260416666672 -0.29343379936893921 85.500000000000014 33.95000000000001 1.5000000000000002 46.500000000000007 29.012500000000006 32.850000000000001 28.112500000000004 33.912500000000016 28.112500000000004 0.01505151768384008 25.912500000000005 35.812500000000007 1.0000000180025095e-35 0.01505151768384008 18.512500000000006 77.500000000000014
decision_type=2 2 2 2 2 2 2 2 2 2 2 2 2 2 2 2 2 2 2 2 2 2 2 2 2 2 2 2 2 2
left_child=1 2 5 4 -4 9 7 -7 -8 -1 11 12 15 -14 -15 19 -16 18 24 20 -11 -19 -12 -18 -17 28 27 -27 29 -13
right_child=-2 -3 3 -5 -6 6 8 -9 -10 10 22 25 13 14 16 17 23 21 -20 -21 -22 -23 -24 -25 -26 26 -28 -29 -30 -31
leaf_value=-2.4767289807341003e-05 0.00025121587124907294 -0.00044523633380466214 0.00034217902617576172 -0.0012446714681433645 0.004146058067239407 -0.00036400441024132915 -0.0015345832133387804 0.00039011112411994458 0.0032621725895789384 0.00018092218980225817 -0.0010200763477284183 3.1202336704195809e-06 -0.0018219927779407445 0.00022090686855707543 -0.0013693434990342155 0.0012415629220752593 0.004438707898085501 -0.00018206884288396688 0.0052596283827441651 -0.0017582095934203269 0.0019182367132456616 0.0028841185810881127 0.00024717204652644316 0.0019053959347877744 -0.00017412523356501644 0.0025111699490454492 0.0042235225694153781 -0.00062345502971699034 -0.00074266596530042661 0.0014246898953603551
leaf_weight=109783 672 1536 125 75 96 1248 903 768 57 1377 424 606 864 1462 50 61 50 139 60 384 831 57 344 70 67 52 59 286 2082 173
leaf_count=109783 672 1536 125 75 96 1248 903 768 57 1377 424 606 864 1462 50 61 50 139 60 384 831 57 344 70 67 52 59 286 2082 173
internal_value=-8.54045e-05 -9.30393e-05 -7.56011e-05 0.00513513 0.00766968 -8.8217e-05 -0.00103495 -0.000163692 -0.00286458 -6.45966e-05 0.0004064 0.000607101 0.00122259 0.000208332 0.00164828 0.00207325 0.00970588 0.00645833 0.0106915 0.00142361 0.00208786 0.00239796 -0.001875 0.0141667 0.00476562 -0.000426643 0.00243073 0.000325443 -0.00082314 0.00141848
internal_weight=124761 124089 122553 296 221 122257 2976 2016 960 119281 9498 8730 5472 2496 1632 2976 170 384 188 2592 2208 196 768 120 128 3258 397 338 2861 779
internal_count=124761 124089 122553 296 221 122257 2976 2016 960 119281 9498 8730 5472 2496 1632 2976 170 384 188 2592 2208 196 768 120 128 3258 397 338 2861 779
is_linear=0
shrinkage=0.05


Tree=298
num_leaves=31
num_cat=0
split_feature=7 3 8 8 7 3 1 1 0 11 8 1 11 8 9 7 7 5 0 4 9 7 3 9 4 1 9 3 7 3
split_gain=0.648006 1.68125 0.655129 1.23419 0.663502 1.06208 0.526316 0.515504 0.502037 1.24628 1.39211 1.03991 2.47506 1.69173 2.11111 4.23276 1.77936 1.03158 1.02293 1.96488 1.75876 1.70444 1.66384 1.79773 1.53778 1.89033 1.53965 1.61841 1.61102 1.52734
threshold=42.587500000000013 0.58481550752069722 42.650000000000013 42.45000000000001 29.712500000000006 0.58481550752069722 3.5000000000000004 1.5000000000000002 76.500000000000014 1.1538549292311382 39.750000000000007 2.5000000000000004 1.0003514375846063 41.050000000000004 33.061197916666671 31.812500000000007 33.812500000000007 1.0000000180025095e-35 86.500000000000014 -0.65883892954715351 26.413281250000001 26.537500000000005 0.66527693225344786 27.775000000000002 -0.82899557272681157 4.5000000000000009 29.570052083333341 0.06553689391773225 28.312500000000004 0.94704596667653973
decision_type=2 2 2 2 2 2 2 2 2 2 2 2 2 2 2 2 2 2 2 2 2 2 2 2 2 2 2 2 2 2
left_child=2 -2 3 8 5 -4 -5 -6 -1 10 18 12 -12 14 -13 -16 -17 -14 29 20 -20 -22 23 -23 25 26 28 -28 -25 -10
right_child=1 -3 4 6 7 -7 -8 -9 9 -11 11 13 17 -15 15 16 -18 -19 19 -21 21 22 -24 24 -26 -27 27 -29 -30 -31
leaf_value=-3.1018133444624512e-05 -0.00070803608127218722 0.00089687118025290075 0.0015680605140858585 0.0020823237285459758 9.2067688493191479e-05 -0.0039566123850775974 0.00014557877655848518 -0.0014028734959788843 8.7216310233087863e-05 -0.0011319022188359983 0.0037649022873522311 -0.0014987053035060323 -0.0015758045404686651 0.0001574311941391037 0.0051748304588170799 -0.00026348089668299968 0.0014355898638073194 0.0015532042010296607 0.0027035110181700406 -0.00017734684443323589 -0.00052206422553196163 0.0015039060523108932 0.0022184613218562492 0.00091561554134495936 -0.00088561149493767213 -0.00037598262721538224 0.0010484470747319846 -0.00082760324559109021 0.0027126269949644213 0.00057712686913758858
leaf_weight=99097 100 84 67 95 191 55 95 561 11012 570 95 57 285 171 56 61 54 57 54 8058 406 89 89 369 465 557 467 286 68 1090
leaf_count=99097 100 84 67 95 191 55 95 561 11012 570 95 57 285 171 56 61 54 57 54 8058 406 89 89 369 465 557 467 286 68 1090
internal_value=-8.4603e-05 0.00288043 -8.89823e-05 -7.93445e-05 -0.00145309 0.00196721 0.00394737 -0.00200798 -8.55387e-05 0.000117545 0.000172774 0.00217703 0.00049199 0.00402256 0.0068421 0.00961988 0.00413043 -0.00149123 9.99553e-05 -0.000251193 0.000877192 0.000704577 0.00121339 0.000953932 0.000673597 0.00135375 0.00247899 0.0011089 0.00483982 0.000416459
internal_weight=124761 184 124577 123703 874 122 190 752 123513 24416 23846 836 437 399 228 171 115 342 23010 10908 2850 2796 2390 2301 2212 1747 1190 753 437 12102
internal_count=124761 184 124577 123703 874 122 190 752 123513 24416 23846 836 437 399 228 171 115 342 23010 10908 2850 2796 2390 2301 2212 1747 1190 753 437 12102
is_linear=0
shrinkage=0.05


Tree=299
num_leaves=31
num_cat=0
split_feature=3 4 1 11 10 10 3 7 3 8 6 3 9 8 7 0 11 0 11 7 8 11 5 0 0 7 0 11 0 0
split_gain=0.495229 1.57413 1.36356 1.22925 1.12504 1.11468 2.33472 0.767861 0.760135 2.97759 2.1423 1.52382 3.65242 3.93828 1.58557 2.60512 1.75877 1.69012 1.55932 1.14648 1.04787 1.6875 1.18837 1.84784 1.45335 1.49466 1.04615 2.82692 0.82941 0.8125
threshold=0.98372640911059162 0.029024409397335523 2.5000000000000004 1.0369108369693101 1.0000000180025095e-35 1.0000000180025095e-35 0.99761913169647187 28.312500000000004 0.96465729447553372 32.850000000000001 1.0000000180025095e-35 0.95242846126021108 28.521875000000005 24.650000000000002 25.712500000000006 53.500000000000007 0.97366293224832023 26.500000000000004 1.0393064066417959 38.01250000000001 36.550000000000004 1.0751037620239305 1.0000000180025095e-35 12.500000000000002 55.500000000000007 35.51250000000001 38.500000000000007 1.0689154666101566 81.500000000000014 24.500000000000004
decision_type=2 2 2 2 2 2 2 2 2 2 2 2 2 2 2 2 2 2 2 2 2 2 2 2 2 2 2 2 2 2
left_child=8 2 4 7 -2 6 -5 -4 11 -10 20 -1 13 -13 16 -16 29 -18 -17 -12 21 26 23 -22 -25 28 27 -11 -26 -15
right_child=1 -3 3 5 -6 -7 -8 -9 9 10 19 12 -14 14 15 18 17 -19 -20 -21 22 -23 -24 24 25 -27 -28 -29 -30 -31
leaf_value=-2.4563218911537574e-05 8.3793464777523287e-05 0.00019863613339709196 0.00041265092658534033 -0.00065882998896576409 -0.00064349288272122702 -0.00039856077996652209 0.00076647103016816865 1.4574712927103548e-05 -0.00074007077206004481 -0.0009552003233324291 -0.0012365883039283463 -0.0004278619001095813 -0.00059293871963811266 0.0007849637482894719 -0.0007569239885780037 0.00056607210176483748 0.00065708462350549837 0.0030215384909624836 0.0029679857722058169 0.00203399936486023 0.0010819990486069552 -0.00088424066726027384 -9.1692302228591223e-05 -2.6574200404832249e-05 -0.00037218665195898424 0.0029936286778353255 5.1317306745976632e-05 0.0013565031799080383 0.0018458553694264521 0.0003187054635895241
leaf_weight=114681 576 2592 466 192 960 672 288 302 960 78 426 288 480 50 94 60 81 54 61 54 52 384 192 172 53 51 228 78 56 80
leaf_count=114681 576 2592 466 192 960 672 288 302 960 78 426 288 480 50 94 60 81 54 61 54 52 384 192 172 53 51 228 78 56 80
internal_value=-8.42022e-05 0.000357142 -0.000341436 0.000546874 -0.00145182 -0.000486112 0.00135417 0.00209635 -0.000106687 -0.000923133 0.000263157 -8.70804e-05 0.00165064 0.00378906 0.0065625 0.00337209 0.00915094 0.0131481 0.00822314 -0.00260417 0.0012872 7.81238e-05 0.0028993 0.00450521 0.00313253 0.0065625 0.00242187 0.00557692 0.00325688 0.005
internal_weight=124761 6048 3456 1920 1536 1152 480 768 118713 2784 1824 115929 1248 768 480 215 265 135 121 480 1344 768 576 384 332 160 384 156 109 130
internal_count=124761 6048 3456 1920 1536 1152 480 768 118713 2784 1824 115929 1248 768 480 215 265 135 121 480 1344 768 576 384 332 160 384 156 109 130
is_linear=0
shrinkage=0.05


end of trees

feature_importances:
slot=1825
sin_doy=1472
temp_daymax=1127
temp_daymean=1069
up_ratio=1067
cos_doy=761
temp=715
district_id=546
dow=324
is_holiday=56
is_holiday_prev=38

parameters:
[boosting: gbdt]
[objective: quantile]
[metric: quantile]
[tree_learner: serial]
[device_type: cpu]
[data_sample_strategy: bagging]
[data: ]
[valid: ]
[num_iterations: 300]
[learning_rate: 0.05]
[num_leaves: 31]
[num_threads: 8]
[seed: 42]
[deterministic: 1]
[force_col_wise: 1]
[force_row_wise: 0]
[histogram_pool_size: -1]
[max_depth: -1]
[min_data_in_leaf: 50]
[min_sum_hessian_in_leaf: 0.001]
[bagging_fraction: 1]
[pos_bagging_fraction: 1]
[neg_bagging_fraction: 1]
[bagging_freq: 0]
[bagging_seed: 400]
[bagging_by_query: 0]
[feature_fraction: 1]
[feature_fraction_bynode: 1]
[feature_fraction_seed: 30056]
[extra_trees: 0]
[extra_seed: 12879]
[early_stopping_round: 0]
[early_stopping_min_delta: 0]
[first_metric_only: 0]
[max_delta_step: 0]
[lambda_l1: 0]
[lambda_l2: 0]
[linear_lambda: 0]
[min_gain_to_split: 0]
[drop_rate: 0.1]
[max_drop: 50]
[skip_drop: 0.5]
[xgboost_dart_mode: 0]
[uniform_drop: 0]
[drop_seed: 17869]
[top_rate: 0.2]
[other_rate: 0.1]
[min_data_per_group: 100]
[max_cat_threshold: 32]
[cat_l2: 10]
[cat_smooth: 10]
[max_cat_to_onehot: 4]
[top_k: 20]
[monotone_constraints: ]
[monotone_constraints_method: basic]
[monotone_penalty: 0]
[feature_contri: ]
[forcedsplits_filename: ]
[refit_decay_rate: 0.9]
[cegb_tradeoff: 1]
[cegb_penalty_split: 0]
[cegb_penalty_feature_lazy: ]
[cegb_penalty_feature_coupled: ]
[path_smooth: 0]
[interaction_constraints: ]
[verbosity: -1]
[saved_feature_importance_type: 0]
[use_quantized_grad: 0]
[num_grad_quant_bins: 4]
[quant_train_renew_leaf: 0]
[stochastic_rounding: 1]
[linear_tree: 0]
[max_bin: 255]
[max_bin_by_feature: ]
[min_data_in_bin: 3]
[bin_construct_sample_cnt: 200000]
[data_random_seed: 175]
[is_enable_sparse: 1]
[enable_bundle: 1]
[use_missing: 1]
[zero_as_missing: 0]
[feature_pre_filter: 1]
[pre_partition: 0]
[two_round: 0]
[header: 0]
[label_column: ]
[weight_column: ]
[group_column: ]
[ignore_column: ]
[categorical_feature: ]
[forcedbins_filename: ]
[precise_float_parser: 0]
[parser_config_file: ]
[objective_seed: 16083]
[num_class: 1]
[is_unbalance: 0]
[scale_pos_weight: 1]
[sigmoid: 1]
[boost_from_average: 1]
[reg_sqrt: 0]
[alpha: 0.9]
[fair_c: 1]
[poisson_max_delta_step: 0.7]
[tweedie_variance_power: 1.5]
[lambdarank_truncation_level: 30]
[lambdarank_norm: 1]
[label_gain: ]
[lambdarank_position_bias_regularization: 0]
[eval_at: ]
[multi_error_top_k: 1]
[auc_mu_weights: ]
[num_machines: 1]
[local_listen_port: 12400]
[time_out: 120]
[machine_list_filename: ]
[machines: ]
[gpu_platform_id: -1]
[gpu_device_id: -1]
[gpu_device_id_list: ]
[gpu_use_dp: 0]
[num_gpu: 1]

end of parameters

pandas_categorical:[]
