tree
version=v4
num_class=1
num_tree_per_iteration=1
label_index=0
max_feature_idx=11
objective=quantile
feature_names=slot dow is_weekend sin_doy cos_doy is_holiday is_holiday_prev temp temp_daymax temp_daymean district_id up_ratio
feature_infos=[0:95] [0:6] [0:1] [-0.9999994220246925:0.99998555065071859] [-0.99997919295908233:0.9999907524084426] [0:1] [0:1] [1.6000000000000001:45.100000000000001] [11.800000000000001:45.100000000000001] [5.9953124999999998:37.56614583333333] [0:1] [0.63404163983687489:1.3073070566434617]
tree_sizes=2776 2949 2953 2956 2955 2947 2943 2961 2953 2949 2954 2959 2940 2952 2944 2958 2969 2968 2957 2965 2982 2959 2961 2963 2983 2984 2987 2985 2985 2981 2989 2968 3007 2999 2991 2994 2984 2973 2995 2983 2982 2972 3000 3000 3000 2987 2981 2992 3010 2993 2994 2969 2986 2965 2986 2959 2998 2969 2955 2975 2960 2982 2984 2986 2981 2969 2965 3003 2966 2974 2964 2980 2973 2983 2953 2983 2959 2976 2964 2987 2946 3007 2927 2972 2960 2992 2977 2995 2999 2958 2999 2963 2946 2968 2960 3011 2948 2998 2965 2988 2973 2928 2928 2916 2953 2992 3028 2918 2954 2979 3016 2979 3005 2948 2977 2950 2951 2956 2965 2986 2993 2938 2948 2995 3004 2961 2963 3005 2961 2933 2967 3013 2959 2969 2991 2958 2950 2965 2928 2925 2972 2977 2931 2924 2965 2962 2898 2886 2929 2911 2923 2941 2916 2965 2892 2923 2947 2924 2956 2961 2927 2916 2964 2962 2933 2949 2972 2974 2988 2953 2923 2934 2939 2985 2985 2966 2937 2926 2896 2941 2884 2900 2923 2936 2889 2928 2970 2916 2887 2900 2892 2894 2912 2887 2981 2898 2933 2900 2928 2909 2939 2882 2909 2921 2884 2913 2898 2937 2931 2931 2925 2927 2980 2919 2917 2913 2903 2956 2964 2913 2968 2933 2913 2894 2904 2913 2942 2919 2923 2868 2953 2902 2917 2944 2961 2914 2884 2953 2913 2948 2934 2901 2892 2945 2887 2884 2948 2936 2949 2925 2945 2973 2913 2974 2893 2915 2942 2954 2938 2916 2899 2922 2888 2920 2934 2903 2901 2926 2925 2912 2903 2911 2903 2931 2852 2957 2934 2914 2872 2930 2897 2900 2896 2903 2904 2913 2908 2920 2930 2908 2909 2891 2944 2908 2926 2916 2909 2921 2929 2912

Tree=0
num_leaves=31
num_cat=0
split_feature=9 0 7 0 9 0 3 0 0 9 10 4 0 4 11 7 11 4 0 11 9 10 1 0 3 9 0 11 10 4
split_gain=1785.44 1298.69 227.695 238.266 165.107 295.794 151.348 132.41 103.725 96.6717 54.9056 50.2455 48.9919 48.793 55.8607 46.8052 46.6163 44.0974 37.6494 33.3448 31.1582 31.0133 30.8092 30.4111 25.787 25.206 22.4963 20.7778 19.8413 19.5815
threshold=29.235937500000002 78.500000000000014 35.962500000000013 6.5000000000000009 27.961718750000006 77.500000000000014 0.70290292807158605 37.500000000000007 66.500000000000014 33.187500000000007 1.0000000180025095e-35 -0.9292178835113839 49.500000000000007 -0.70900320270980455 0.966722927756276 27.612500000000004 0.96902556631768955 -0.82413948779581736 11.500000000000002 1.1250574444522627 32.651041666666671 1.0000000180025095e-35 5.5000000000000009 81.500000000000014 -0.031173458710879235 31.337239583333336 5.5000000000000009 1.0959530445469128 1.0000000180025095e-35 -0.99465740988130902
decision_type=2 2 2 2 2 2 2 2 2 2 2 2 2 2 2 2 2 2 2 2 2 2 2 2 2 2 2 2 2 2
left_child=4 2 3 9 -1 26 8 18 12 10 29 16 19 14 -3 -12 -9 -7 20 -4 -5 -22 -14 -16 -18 -26 27 -6 -19 -2
right_child=1 13 6 7 5 17 -8 11 -10 -11 15 -13 22 -15 23 -17 24 28 -20 -21 21 -23 -24 -25 25 -27 -28 -29 -30 -31
leaf_value=232.46199264526368 231.72329254524124 231.63569259728743 231.7089920126773 232.07489303791573 232.00289230473865 231.70221710887074 232.08519272174226 231.99099258946819 232.01819214027665 231.5674926803257 231.93149261567015 232.01414276538893 231.47371765210514 231.76349258560612 231.66549301239797 231.71189239708923 231.89239250653009 232.00506744680678 232.27949218750001 231.55694259660987 231.99164276177257 231.69479217780059 231.77349243192359 231.43531730759776 231.75829239171114 231.81624252583396 232.18799285888673 231.78011749400758 231.89021751550541 232.03629227264614
leaf_weight=76501 77 1145 1171 1360 855 1078 1449 1407 719 611 621 5594 1980 1851 621 464 1578 612 9862 157 365 199 381 2904 683 710 12018 144 1314 917
leaf_count=76501 77 1145 1171 1360 855 1078 1449 1407 719 611 621 5594 1980 1851 621 464 1578 612 9862 157 365 199 381 2904 683 710 12018 144 1314 917
internal_value=232.07 232.061 232.065 232.067 232.074 232.069 232.056 232.069 232.052 232.053 232.058 232.065 232.048 232.04 232.038 232.05 232.061 232.055 232.072 232.056 232.066 232.056 232.044 232.035 232.057 232.052 232.072 232.065 232.059 232.067
internal_weight=129348 36826 30305 24448 92522 16021 5857 21758 4408 2690 2079 9972 3689 6521 4670 1085 4378 3004 11786 1328 1924 564 2361 3525 2971 1393 13017 999 1926 994
internal_count=129348 36826 30305 24448 92522 16021 5857 21758 4408 2690 2079 9972 3689 6521 4670 1085 4378 3004 11786 1328 1924 564 2361 3525 2971 1393 13017 999 1926 994
is_linear=0
shrinkage=1


Tree=1
num_leaves=31
num_cat=0
split_feature=9 0 7 0 9 0 3 0 9 0 9 10 0 7 4 4 11 0 0 4 11 9 9 10 11 4 3 9 0 3
split_gain=1632.35 1179.94 201.478 221.469 151.833 261.149 132.777 121.364 93.6473 92.1165 51.659 48.3283 48.2004 45.3587 43.9075 43.8977 40.4739 36.7223 35.0976 32.4025 32.0498 28.6709 28.5908 24.3335 23.6445 32.2505 22.5271 21.9245 20.8198 20.2315
threshold=29.235937500000002 78.500000000000014 35.962500000000013 6.5000000000000009 27.912500000000005 77.500000000000014 0.70290292807158605 37.500000000000007 33.187500000000007 65.500000000000014 30.140625000000004 1.0000000180025095e-35 50.500000000000007 27.612500000000004 -0.9292178835113839 -0.7614016681079937 0.96902556631768955 82.500000000000014 11.500000000000002 -0.73865259438682551 1.1250574444522627 33.187500000000007 31.989843750000002 1.0000000180025095e-35 0.93309361111522005 -0.68432604233786842 -0.031173458710879235 31.337239583333336 4.5000000000000009 0.47559651477048942
decision_type=2 2 2 2 2 2 2 2 2 2 2 2 2 2 2 2 2 2 2 2 2 2 2 2 2 2 2 2 2 2
left_child=4 2 3 8 -1 28 9 18 11 12 23 -2 20 -13 16 -7 -9 -12 21 -19 -4 -5 -14 29 -25 -26 -18 -28 -6 -3
right_child=1 10 6 7 5 15 -8 14 -10 -11 17 13 22 -15 -16 -17 26 19 -20 -21 -22 -23 -24 24 25 -27 27 -29 -30 -31
leaf_value=0.37590091705322237 -0.092314491561994325 -0.15460189446969833 -0.36084952965729827 -0.0087427323374347308 -0.12464496299631236 -0.32776054315966691 0.014440623496943772 -0.075049502163420823 -0.47737441584880003 -0.1003622198332132 -0.37227496794064907 -0.13157447727154761 -0.31403576127202515 -0.34019468492344629 -0.053056835038718476 -0.13188613322457457 -0.16871958095461537 -0.63176571279199722 0.19902511596679631 -0.33217487342093083 -0.48769698315390148 -0.23198936230149059 -0.57503651038114045 -0.2311846394428656 -0.42596630061967178 -0.28664997062280406 -0.29611469003262841 -0.24106206261595561 0.11210075378417912 -0.30328502528130485
leaf_weight=76021 994 578 1289 1485 858 1348 1449 1407 611 840 1046 621 344 464 5594 1746 1578 2575 9862 832 173 439 1762 153 708 408 683 710 12549 221
leaf_count=76021 994 578 1289 1485 858 1348 1449 1407 611 840 1046 621 344 464 5594 1746 1578 2575 9862 832 173 439 1762 153 708 408 683 710 12549 221
internal_value=0.000119368 -0.00878374 -0.00463207 -0.00263662 0.00366302 -0.000684504 -0.0129614 -0.000963324 -0.016171 -0.0172777 -0.0280777 -0.0111135 -0.0207848 -0.0184101 -0.00502306 -0.0137783 -0.00877341 -0.0311105 0.00247158 -0.0336264 -0.0138098 -0.00370582 -0.0256268 -0.0215474 -0.0258511 -0.0283781 -0.0120818 -0.0167157 0.00233721 -0.0147121
internal_weight=129348 36826 30305 24448 92522 16501 5857 21758 2690 4408 6521 2079 3568 1085 9972 3094 4378 4453 11786 3407 1462 1924 2106 2068 1269 1116 2971 1393 13407 799
internal_count=129348 36826 30305 24448 92522 16501 5857 21758 2690 4408 6521 2079 3568 1085 9972 3094 4378 4453 11786 3407 1462 1924 2106 2068 1269 1116 2971 1393 13407 799
is_linear=0
shrinkage=0.05


Tree=2
num_leaves=31
num_cat=0
split_feature=9 0 7 0 9 0 3 0 9 0 4 11 0 10 4 11 4 7 4 0 0 9 10 3 11 0 3 3 3 3
split_gain=1485.24 1057.83 178.366 199.155 141.789 230.14 117.044 110.549 84.87 80.7747 53.7454 58.2011 44.177 43.0428 40.2893 41.1965 41.1105 40.1642 38.5006 32.8296 30.4977 28.9457 30.4066 28.3609 28.2561 23.7978 19.9953 19.8182 19.4141 18.9156
threshold=29.235937500000002 78.500000000000014 35.962500000000013 6.5000000000000009 27.912500000000005 77.500000000000014 0.70290292807158605 37.500000000000007 33.187500000000007 65.500000000000014 -0.70900320270980455 0.966722927756276 50.500000000000007 1.0000000180025095e-35 -0.68432604233786842 1.0226926418345352 -0.97874870457683594 27.487500000000004 -0.7614016681079937 12.500000000000002 82.500000000000014 32.651041666666671 1.0000000180025095e-35 0.58481550752069722 1.1265970327176902 76.500000000000014 0.039769539193789977 -0.97694226132849327 -0.69057362043749781 -0.62588817255938378
decision_type=2 2 2 2 2 2 2 2 2 2 2 2 2 2 2 2 2 2 2 2 2 2 2 2 2 2 2 2 2 2
left_child=4 2 3 8 -1 -6 9 19 13 12 11 -3 24 -2 15 29 -17 -15 -7 21 -13 -5 -23 -14 -4 -16 -22 -20 -18 -9
right_child=1 10 6 7 5 18 -8 14 -10 -11 -12 20 23 17 25 16 28 -19 27 -21 26 22 -24 -25 -26 -27 -28 -29 -30 -31
leaf_value=0.35710587120056092 -0.087698766983893964 -0.38458110067740836 -0.34240712221343589 0.019742717867346472 0.087931759672088008 -0.31137251600168414 0.013718592322096868 -0.14842928098492367 -0.45350569505636007 -0.095344108841552436 -0.27556597700914287 -0.37568048332437165 -0.54729797609694086 -0.12042071014957118 0.053695123648505219 -0.31355886498430724 -0.32155420375025728 -0.31638456783528002 -0.19686691689436062 0.20287422121788126 -0.48165921812119533 -0.053941485626098996 -0.3028684482937124 -0.32942633888830941 -0.46646200529936838 -0.18857988344326915 -0.62602749306574312 -0.11311699094901968 -0.1351841955951798 -0.069766746856941772
leaf_weight=76021 994 1145 1301 1632 13407 1348 1449 246 611 840 1851 828 1658 560 2428 687 164 525 162 9477 1053 438 239 448 161 192 1644 1584 2586 3669
leaf_count=76021 994 1145 1301 1632 13407 1348 1449 246 611 840 1851 828 1658 560 2428 687 164 525 162 9477 1053 438 239 448 161 192 1644 1584 2586 3669
internal_value=0.000239586 -0.00825286 -0.00432189 -0.00244437 0.00361979 -0.00058148 -0.012159 -0.000857615 -0.0152788 -0.0162114 -0.0265212 -0.029379 -0.0194955 -0.0104642 -0.00473225 -0.00662949 -0.0106241 -0.0173502 -0.0128733 0.00242067 -0.0325603 -0.00292551 -0.0116174 -0.0241311 -0.0128181 0.000591603 -0.0351372 -0.00797251 -0.00789091 -0.00312261
internal_weight=129348 36826 30305 24448 92522 16501 5857 21758 2690 4408 6521 4670 3568 2079 9972 7352 3437 1085 3094 11786 3525 2309 677 2106 1462 2620 2697 1746 2750 3915
internal_count=129348 36826 30305 24448 92522 16501 5857 21758 2690 4408 6521 4670 3568 2079 9972 7352 3437 1085 3094 11786 3525 2309 677 2106 1462 2620 2697 1746 2750 3915
is_linear=0
shrinkage=0.05


Tree=3
num_leaves=31
num_cat=0
split_feature=9 0 9 0 7 9 0 9 0 0 0 4 11 0 4 4 0 10 7 10 0 10 10 0 4 11 11 9 0 0
split_gain=1353.76 1047.17 182.872 103.723 161.479 86.6421 72.9435 65.0867 134.33 61.6698 102.953 53.8365 51.2949 44.8835 39.4793 38.9446 37.3674 33.5982 30.0265 30.4705 29.0162 26.4075 24.8517 24.4712 24.4048 28.4969 24.2783 22.967 22.6961 21.4489
threshold=28.69166666666667 78.500000000000014 32.288020833333341 5.5000000000000009 35.962500000000013 30.140625000000004 67.500000000000014 27.237760416666671 76.500000000000014 4.5000000000000009 38.500000000000007 -0.67168186667784702 1.0307298263784668 49.500000000000007 -0.75013812021657655 -0.97874870457683594 83.500000000000014 1.0000000180025095e-35 27.512500000000006 1.0000000180025095e-35 10.500000000000002 1.0000000180025095e-35 1.0000000180025095e-35 76.500000000000014 -0.58481178939031186 0.91987271837397533 1.1250574444522627 33.472395833333344 8.5000000000000018 34.500000000000007
decision_type=2 2 2 2 2 2 2 2 2 2 2 2 2 2 2 2 2 2 2 2 2 2 2 2 2 2 2 2 2 2
left_child=7 2 9 22 20 17 13 -1 -9 18 28 12 -12 26 16 -14 -7 -3 -2 -20 21 -5 27 -13 25 -19 -6 -4 -11 -22
right_child=1 5 3 4 6 14 -8 8 -10 10 11 23 15 -15 -16 -17 -18 24 19 -21 29 -23 -24 -25 -26 -27 -28 -29 -30 -31
leaf_value=0.40040035294569237 -0.087574494721243928 -0.17941607051657196 -0.13239416189003816 -0.081811472881740607 -0.30166158007959043 -0.36618542268464982 0.046025152288271448 0.14192424966844444 -0.14094826373042219 -0.062637427665185264 -0.055914174397250216 0.064031188852936502 -0.33376629090827969 -0.49473418489863558 -0.29071182871017798 -0.14386133661734832 -0.57947633152728606 -0.27894364687739071 -0.18349931667832362 -0.30074626955099837 0.084559944899332759 -0.34412166975449598 -0.47568041960056462 -0.19577518926871848 -0.24193837072164115 -0.34645916787252529 -0.4419389539340472 -0.35268077034441492 0.21065063637549761 -0.18341568038543848
leaf_weight=68727 890 1207 204 420 1186 970 628 13696 3380 1308 4786 4139 553 2153 1154 3347 2329 204 342 403 3039 218 260 218 612 1235 145 300 9799 1496
leaf_count=68727 890 1207 204 420 1186 970 628 13696 3380 1308 4786 4139 553 2153 1154 3347 2329 204 342 403 3039 218 260 218 612 1235 145 300 9799 1496
internal_value=0.000338544 -0.00684177 -0.00324496 -0.00896656 -0.00750942 -0.0235566 -0.0149052 0.00398255 0.00121984 -0.00101512 -0.000378882 -0.00339147 -0.00566659 -0.0177325 -0.0280901 -0.00992308 -0.0308745 -0.0173603 -0.0104128 -0.0178188 -0.00163058 -0.0116144 -0.0266754 0.00114414 -0.0212555 -0.0248124 -0.0105147 -0.0201984 0.00315882 -0.00022602
internal_weight=129348 43545 35834 10049 9285 7711 4112 85803 17076 25785 24150 13043 8686 3484 4453 3900 3299 3258 1635 745 5173 638 764 4357 2051 1439 1331 504 11107 4535
internal_count=129348 43545 35834 10049 9285 7711 4112 85803 17076 25785 24150 13043 8686 3484 4453 3900 3299 3258 1635 745 5173 638 764 4357 2051 1439 1331 504 11107 4535
is_linear=0
shrinkage=0.05


Tree=4
num_leaves=31
num_cat=0
split_feature=9 0 7 0 9 0 3 0 9 9 10 0 0 3 10 11 0 4 11 0 3 10 7 0 9 4 3 9 10 8
split_gain=1236.65 870.933 142.664 160.896 123 184.632 100.193 88.0362 66.4581 58.4446 73.6218 52.3627 40.4544 36.3161 35.8266 35.6004 32.9992 32.0695 30.2259 29.7149 28.2467 28.1144 26.0442 25.5567 34.5124 22.3372 22.1765 21.1105 21.1891 20.7845
threshold=29.235937500000002 78.500000000000014 35.962500000000013 5.5000000000000009 27.834114583333335 76.500000000000014 0.47559651477048942 36.500000000000007 32.882812500000007 32.288020833333341 1.0000000180025095e-35 64.500000000000014 10.500000000000002 0.38243310158943505 1.0000000180025095e-35 1.0286377156291111 84.500000000000014 -0.82413948779581736 1.1054431876437014 53.500000000000007 0.70290292807158605 1.0000000180025095e-35 27.687500000000004 63.500000000000007 30.140625000000004 -0.9497838742125716 -0.75015329512557205 32.730208333333344 1.0000000180025095e-35 40.850000000000001
decision_type=2 2 2 2 2 2 2 2 2 2 2 2 2 2 2 2 2 2 2 2 2 2 2 2 2 2 2 2 2 2
left_child=4 2 3 8 -1 -6 11 12 21 10 -3 18 27 14 23 25 -11 -7 19 29 -8 -2 -23 24 -9 -12 -16 -5 -29 -4
right_child=1 9 6 7 5 17 20 13 -10 16 15 -13 -14 -15 26 -17 -18 -19 -20 -21 -22 22 -24 -25 -26 -27 -28 28 -30 -31
leaf_value=0.33115339717147269 -0.08924896648334768 -0.22341028941689989 -0.44555395306113754 -0.022621539874874658 0.088080640876985014 -0.29654134314922298 -0.21991998894770301 0.052160063215099334 -0.39894136082172771 -0.40726512932358078 -0.32854319836844187 -0.14880273501037966 0.17335893601730112 0.020583952467889941 0.00090962765363542539 -0.38572814482792817 -0.60735203138431904 -0.11626295762277153 -0.48458247890595629 -0.5768328457649361 0.014631976047977197 -0.11913921144148792 -0.27862845929451652 0.19229705283018844 -0.26167063949796698 -0.29781537233254646 -0.15882713110537633 -0.084985498392583167 -0.35276534667005849 -0.022744136888669993
leaf_weight=75061 792 1955 662 1385 14005 1157 1680 864 614 762 419 585 9909 2848 588 1224 1398 2299 349 848 1449 531 369 1345 1066 763 3599 350 188 284
leaf_count=75061 792 1955 662 1385 14005 1157 1680 864 614 762 419 585 9909 2848 588 1224 1398 2299 349 848 1449 531 369 1345 1066 763 3599 350 188 284
internal_value=0.000449485 -0.00729973 -0.00373288 -0.00205375 0.00353386 -0.000245977 -0.0107418 -0.000744738 -0.0146227 -0.0238759 -0.0205446 -0.0177456 0.00219828 -0.00412221 -0.00595551 -0.0264007 -0.0306019 -0.0105961 -0.0213649 -0.0187458 -0.00463567 -0.00950946 -0.0155556 -0.00203817 -0.00572539 -0.0202115 -0.00901958 -0.00443838 -0.0128439 -0.0126533
internal_weight=129348 36826 30305 24448 92522 17461 5857 22142 2306 6521 4361 2728 11832 10310 7462 2406 2160 3456 2143 1794 3129 1692 900 3275 1930 1182 4187 1923 538 946
internal_count=129348 36826 30305 24448 92522 17461 5857 22142 2306 6521 4361 2728 11832 10310 7462 2406 2160 3456 2143 1794 3129 1692 900 3275 1930 1182 4187 1923 538 946
is_linear=0
shrinkage=0.05


Tree=5
num_leaves=31
num_cat=0
split_feature=9 0 7 0 9 0 3 0 7 9 10 10 0 9 0 3 10 11 11 0 4 4 3 11 0 0 9 7 4 11
split_gain=1135.36 788.832 130.212 146.519 120.58 186.294 94.2079 94.0882 71.1131 56.8762 56.3912 49.3473 48.0161 33.5789 33.4483 32.3782 32.5687 30.0746 29.7062 26.9778 26.1254 26.1092 25.1974 24.8663 24.7493 22.3908 30.9952 20.7694 20.5045 20.2665
threshold=29.235937500000002 78.500000000000014 35.962500000000013 7.5000000000000009 27.355208333333341 76.500000000000014 0.47559651477048942 36.500000000000007 27.737500000000004 33.255729166666676 1.0000000180025095e-35 1.0000000180025095e-35 64.500000000000014 34.057291666666679 84.500000000000014 0.38243310158943505 1.0000000180025095e-35 1.0286377156291111 1.1054431876437014 48.500000000000007 -0.99465740988130902 -0.82413948779581736 0.79383249484937135 1.1250574444522627 4.5000000000000009 63.500000000000007 30.140625000000004 39.287500000000016 -0.8901731938066898 1.1102543501962845
decision_type=2 2 2 2 2 2 2 2 2 2 2 2 2 2 2 2 2 2 2 2 2 2 2 2 2 2 2 2 2 2
left_child=4 2 3 8 -1 24 12 -5 -2 10 20 13 18 -10 -11 16 25 -12 19 -4 -3 28 27 -22 29 26 -9 -8 -7 -6
right_child=1 9 6 7 5 21 22 15 11 14 17 -13 -14 -15 -16 -17 -18 -19 -20 -21 23 -23 -24 -25 -26 -27 -28 -29 -30 -31
leaf_value=0.35617249340615875 -0.067417937967687691 -0.58155280400974085 -0.29580104522640344 0.1245648372385843 -0.062307686158884316 -0.25205907197151473 -0.10347771688389412 0.049552060054344434 -0.13967784130526287 -0.42836731763804609 -0.29694921854417849 -0.36529985579319518 -0.14136259825986078 -0.30789926874231388 -0.61783495517001796 0.019554754844495547 -0.13710735855882469 -0.39255018346514564 -0.46035335496065816 -0.5074905626075491 -0.20428470112414732 -0.10405643535529339 0.076774291004565509 -0.3753390054220912 0.12037194555912563 0.1826822001886792 -0.24858710752306876 -0.2573971393506273 -0.31114526929780367 -0.28170048164454958
leaf_weight=69687 1358 187 586 11064 1093 929 1367 864 659 486 1279 699 585 358 897 2848 4187 1428 349 1208 2108 3116 946 136 17127 1345 1066 816 475 95
leaf_count=69687 1358 187 586 11064 1093 929 1367 864 659 486 1279 699 585 358 897 2848 4187 1428 349 1208 2108 3116 946 136 17127 1345 1066 816 475 95
internal_value=0.000505536 -0.00691957 -0.003525 -0.00192081 0.00346091 0.000307642 -0.0102211 -0.000452886 -0.0121275 -0.0226951 -0.0202725 -0.0188928 -0.0170125 -0.0118633 -0.0316956 -0.00388943 -0.00562048 -0.0252364 -0.0204783 -0.0178818 -0.014745 -0.00878319 -0.0043001 -0.0132487 0.00255119 -0.0018855 -0.00533679 -0.00725378 -0.0144444 -0.00442761
internal_weight=129348 36826 30305 24448 92522 22835 5857 21374 3074 6521 5138 1716 2728 1017 1383 10310 7462 2707 2143 1794 2431 4520 3129 2244 18315 3275 1930 2183 1404 1188
internal_count=129348 36826 30305 24448 92522 22835 5857 21374 3074 6521 5138 1716 2728 1017 1383 10310 7462 2707 2143 1794 2431 4520 3129 2244 18315 3275 1930 2183 1404 1188
is_linear=0
shrinkage=0.05


Tree=6
num_leaves=31
num_cat=0
split_feature=9 0 9 0 7 9 10 9 0 0 0 4 11 0 0 9 3 4 0 10 8 10 11 3 0 0 3 11 0 3
split_gain=1030.13 762.357 143.685 78.6874 109.309 75.5513 60.4988 59.9997 102.811 53.2322 53.1755 49.4993 51.4759 40.9888 63.1506 36.9306 33.9011 33.4054 31.9829 28.7398 28.4047 23.1656 20.7681 20.1943 20.1924 19.3434 18.3578 17.6912 17.3752 17.2472
threshold=28.69166666666667 77.500000000000014 32.288020833333341 4.5000000000000009 35.962500000000013 32.288020833333341 1.0000000180025095e-35 26.989322916666673 75.500000000000014 84.500000000000014 67.500000000000014 -0.68432604233786842 1.0307298263784668 5.5000000000000009 36.500000000000007 30.108333333333338 0.41398981800788198 -0.97874870457683594 13.500000000000002 1.0000000180025095e-35 41.650000000000013 1.0000000180025095e-35 1.1135526900622577 0.30983042691905771 10.500000000000002 34.500000000000007 -0.50556189049999822 1.1054431876437014 52.500000000000007 0.039769539193789977
decision_type=2 2 2 2 2 2 2 2 2 2 2 2 2 2 2 2 2 2 2 2 2 2 2 2 2 2 2 2 2 2
left_child=7 2 11 21 18 6 26 -1 -9 22 16 12 -2 -14 24 23 20 29 19 -5 27 -4 -7 -8 -15 -20 -3 -6 -18 -16
right_child=1 5 3 4 10 9 15 8 -10 -11 -12 -13 13 14 17 -17 28 -19 25 -21 -22 -23 -24 -25 -26 -27 -28 -29 -30 -31
leaf_value=0.36836341097217939 0.014670444803962941 -0.062916802018757781 -0.26580391127917991 -0.049539385343382897 -0.50146124360165056 -0.31017073435132891 -0.27907581380997187 0.12765440386296234 -0.10202265263098412 -0.5497117796021489 0.063332018837965617 0.090424349277892946 -0.24886694587459679 -0.10416794798993544 -0.12840416079304998 -0.33720877844315883 -0.14742823429268145 -0.11782676925302404 0.12215703840519154 -0.26374923772674957 -0.0031570489312467303 -0.42263452978628635 -0.4664601462774145 -0.13334264718303612 0.11777615792911203 -0.15738616430688621 -0.22077672175412269 -0.43393610407936906 -0.26524110926741146 -0.35745619722039179
leaf_weight=66711 9107 702 420 756 1309 769 1584 15114 3978 1398 611 8884 576 480 205 1269 835 3349 2655 393 172 217 119 522 2496 1387 1800 360 808 362
leaf_count=66711 9107 702 420 756 1309 769 1584 15114 3978 1398 611 8884 576 480 205 1269 835 3349 2655 393 172 217 119 522 2496 1387 1800 360 808 362
internal_value=0.000597536 -0.00566598 -0.00248827 -0.00759196 -0.0064258 -0.0194395 -0.0164395 0.00377627 0.00130474 -0.0271522 -0.0125336 -0.000499037 -0.00211312 -0.00519014 -0.00411927 -0.0208074 -0.0149196 -0.00829162 -0.00160759 -0.00896867 -0.019579 -0.0245918 -0.0175788 -0.0167474 0.00137097 0.000484909 -0.0105476 -0.0215728 -0.00969872 -0.019515
internal_weight=129348 43545 35382 9923 9286 8163 5877 85803 19092 2286 4095 25459 16575 7468 6892 3375 3484 3916 5191 1149 1841 637 888 2106 2976 4042 2502 1669 1643 567
internal_count=129348 43545 35382 9923 9286 8163 5877 85803 19092 2286 4095 25459 16575 7468 6892 3375 3484 3916 5191 1149 1841 637 888 2106 2976 4042 2502 1669 1643 567
is_linear=0
shrinkage=0.05


Tree=7
num_leaves=31
num_cat=0
split_feature=9 0 9 9 0 7 9 0 10 0 0 0 0 4 9 7 10 0 10 11 3 8 0 11 11 3 0 4 4 11
split_gain=938.713 680.526 124.031 76.4586 75.2296 89.4606 57.217 92.3839 52.5134 47.4022 85.7452 46.4185 40.5699 36.5665 36.3434 32.5411 37.4726 31.3184 30.6287 29.6465 29.3906 24.4843 23.882 20.4523 18.6525 18.2396 17.9072 17.6492 17.1751 16.6532
threshold=28.69166666666667 78.500000000000014 32.288020833333341 32.288020833333341 3.5000000000000004 36.26250000000001 26.989322916666673 75.500000000000014 1.0000000180025095e-35 38.500000000000007 7.5000000000000009 66.500000000000014 85.500000000000014 -0.91249077947840473 30.108333333333338 26.987500000000004 1.0000000180025095e-35 13.500000000000002 1.0000000180025095e-35 1.0292706579118427 0.41398981800788198 41.650000000000013 34.500000000000007 1.1135526900622577 1.0202540345051931 0.30983042691905771 4.5000000000000009 -0.99628250747696534 -0.99465740988130902 1.1265970327176902
decision_type=2 2 2 2 2 2 2 2 2 2 2 2 2 2 2 2 2 2 2 2 2 2 2 2 2 2 2 2 2 2
left_child=6 2 9 8 -4 17 -1 26 27 10 15 20 23 19 25 -2 -17 18 -6 -11 21 29 -19 -5 -18 -10 -8 -3 -24 -7
right_child=1 3 4 12 5 11 7 -9 14 13 -12 -13 -14 -15 -16 16 24 22 -20 -21 -22 -23 28 -25 -26 -27 -28 -29 -30 -31
leaf_value=0.34994524042357117 0.0031852141900355216 -0.49369495354658954 -0.34297524365570298 -0.33332744460604435 -0.058178847401704981 -0.47611486513922752 -0.069131070182811172 -0.096921519999435199 -0.27540844021919325 -0.060277701305500135 0.17239174294379384 0.0009628448383263076 -0.53240729731493186 -0.020109811984770812 -0.32406254132533541 -0.068798151281163247 -0.14768647525999345 0.11602423836816059 -0.25723361198096767 -0.18810428939445309 -0.21156518530796931 -0.0095494183594883163 -0.24806287620866294 -0.44782408378326055 -0.25261303499754323 -0.12666286917662314 0.13669453391178127 -0.15795208719789908 -0.086078065237849666 -0.46688060428645911
leaf_weight=66711 1094 51 509 770 840 1298 993 3978 1496 2429 10126 672 1271 8514 1199 675 367 2664 437 2100 1554 162 431 119 480 493 14121 2312 1269 213
leaf_count=66711 1094 51 509 770 840 1298 993 3978 1496 2429 10126 672 1271 8514 1199 675 367 2664 437 2100 1554 162 431 119 480 493 14121 2312 1269 213
internal_value=0.000676006 -0.00530313 -0.00240358 -0.0187777 -0.00711563 -0.00611635 0.00371042 0.00129688 -0.015672 -0.00056719 0.00160179 -0.0119402 -0.0267593 -0.00268611 -0.0198588 -0.00646789 -0.0111958 -0.00209094 -0.00897807 -0.00631596 -0.0144298 -0.0190287 -7.56185e-05 -0.0185658 -0.0181995 -0.0157139 0.00308125 -0.0100233 -0.00470588 -0.0210093
internal_weight=129348 43545 35834 7711 10049 9540 85803 19092 5551 25785 12742 3899 2160 13043 3188 2616 1522 5641 1277 4529 3227 1673 4364 889 847 1989 15114 2363 1700 1511
internal_count=129348 43545 35834 7711 10049 9540 85803 19092 5551 25785 12742 3899 2160 13043 3188 2616 1522 5641 1277 4529 3227 1673 4364 889 847 1989 15114 2363 1700 1511
is_linear=0
shrinkage=0.05


Tree=8
num_leaves=31
num_cat=0
split_feature=9 0 9 9 0 7 9 0 0 0 4 8 10 0 9 0 10 7 10 0 9 0 3 3 1 0 4 3 11 0
split_gain=858.269 596.995 111.264 75.3106 65.0419 76.7737 53.7622 82.3208 53.7232 88.979 41.509 41.0978 40.3157 36.9333 33.5404 31.8568 26.5697 30.9255 25.6542 23.787 24.0423 23.5383 22.9955 21.0068 20.5527 17.6502 17.639 16.4744 16.4346 16.0157
threshold=28.69166666666667 78.500000000000014 32.730208333333344 33.187500000000007 3.5000000000000004 36.912500000000016 26.989322916666673 76.500000000000014 37.500000000000007 5.5000000000000009 -0.91249077947840473 40.95000000000001 1.0000000180025095e-35 86.500000000000014 30.108333333333338 13.500000000000002 1.0000000180025095e-35 27.612500000000004 1.0000000180025095e-35 65.500000000000014 29.860156250000006 63.500000000000007 -0.099819732675876835 0.67802080537253961 4.5000000000000009 34.500000000000007 -0.99465740988130902 0.82899317702918729 1.1265970327176902 4.5000000000000009
decision_type=2 2 2 2 2 2 2 2 2 2 2 2 2 2 2 2 2 2 2 2 2 2 2 2 2 2 2 2 2 2
left_child=6 2 8 12 -4 15 -1 29 9 16 19 21 22 -5 -14 18 26 -18 -6 20 -10 23 -3 28 -22 -17 -2 -24 -7 -8
right_child=1 3 4 13 5 11 7 -9 10 -11 -12 -13 14 -15 -16 25 17 -19 -20 -21 24 -23 27 -25 -26 -27 -28 -29 -30 -31
leaf_value=0.33244797840239215 -0.38033328821189916 -0.12934139560365321 -0.3438516982194611 -0.39741214455967794 -0.065235699942921291 -0.46742213490317064 -0.065674516673670885 -0.095951621145997021 -0.059068686775574454 0.14582793802931163 -0.020479800783529623 -0.13253100650468713 -0.23622821268680827 -0.53918689379584073 -0.31351983991256888 0.091997242837517493 -0.10301835590678343 -0.23813476649766852 -0.28780916910474658 -0.038261291815643264 -0.25138080712487432 -0.22062300923924091 -0.30699295921664521 -0.040185655881069267 -0.081375762481183223 -0.14934114498905168 0.011501594296213113 -0.097935565195226421 -0.46132468902837021 0.12684220996622075
leaf_weight=66711 54 1428 429 696 700 1098 993 3779 1171 11094 9047 1335 1989 784 1420 2253 713 451 377 1619 1642 409 986 144 700 1581 864 408 153 14320
leaf_count=66711 54 1428 429 696 700 1098 993 3779 1171 11094 9047 1335 1989 784 1420 2253 713 451 377 1619 1642 409 986 144 700 1581 864 408 153 14320
internal_value=0.000740174 -0.00497703 -0.00226126 -0.0175976 -0.0072656 -0.00625466 0.00364166 0.00130212 -0.000710108 0.00158849 -0.00284611 -0.0123622 -0.0151894 -0.0277365 -0.0188486 -0.00235084 -0.00789625 -0.0129124 -0.00994893 -0.00643804 -0.00874893 -0.0172838 -0.010769 -0.0203763 -0.0116738 -0.000216484 -0.00153595 -0.0153372 -0.022458 0.00293313
internal_weight=129348 43545 35834 7711 8479 8050 85803 19092 27355 13176 14179 3139 6231 1480 3409 4911 2082 1164 1077 5132 3513 1804 2822 1395 2342 3834 918 1394 1251 15313
internal_count=129348 43545 35834 7711 8479 8050 85803 19092 27355 13176 14179 3139 6231 1480 3409 4911 2082 1164 1077 5132 3513 1804 2822 1395 2342 3834 918 1394 1251 15313
is_linear=0
shrinkage=0.05


Tree=9
num_leaves=31
num_cat=0
split_feature=9 0 4 7 0 9 0 9 0 7 0 0 10 9 0 11 11 9 11 0 9 0 11 0 3 9 3 10 3 3
split_gain=783.279 532.141 100.623 88.6284 81.4548 76.8119 53.2346 51.4303 83.5154 38.4135 35.2241 36.5006 33.1792 28.1579 27.7396 25.9206 25.8949 23.016 22.1734 20.9341 20.6938 19.6638 22.2462 18.8062 18.3383 18.3268 17.133 16.4454 16.0864 15.9443
threshold=28.69166666666667 80.500000000000014 -0.91249077947840473 35.962500000000013 7.5000000000000009 33.255729166666676 36.500000000000007 26.852083333333336 76.500000000000014 38.362500000000004 3.5000000000000004 76.500000000000014 1.0000000180025095e-35 29.860156250000006 63.500000000000007 1.1265970327176902 0.97407968238158804 33.072916666666671 1.0226926418345352 37.500000000000007 31.046614583333337 15.500000000000002 1.0610300454257775 86.500000000000014 0.87397152483179585 35.273437500000007 0.79383249484937135 1.0000000180025095e-35 0.17646842360078763 0.30983042691905771
decision_type=2 2 2 2 2 2 2 2 2 2 2 2 2 2 2 2 2 2 2 2 2 2 2 2 2 2 2 2 2 2
left_child=7 2 3 4 16 12 21 -1 -9 10 17 19 20 29 15 25 -2 -4 -8 -12 -3 22 -6 -7 -13 -5 -11 -16 -25 -14
right_child=1 5 9 14 6 23 18 8 -10 26 11 24 13 -15 27 -17 -18 -19 -20 -21 -22 -23 -24 28 -26 -27 -28 -29 -30 -31
leaf_value=0.32132560999985033 -0.10931079339073768 -0.11640110372468825 -0.1174616623881837 -0.41550942380398936 0.01420439691066927 -0.42289328731328857 -0.069201332483987771 0.11184721116986905 -0.091744327416019789 -0.19799984571969353 0.1297743672209557 -0.10683961896387491 -0.25374765782025716 -0.31255455972844082 0.04181449210064405 -0.42975328361149678 -0.27501761814186854 -0.26561154897978839 -0.17002419313608708 -0.0060470485226814964 -0.31032529943472714 0.15243660181362442 -0.1901415425590012 -0.32427412681014528 -0.24665017332360414 -0.071829638765841253 0.070344046927566239 -0.39243914753625392 -0.52829631027102364 -0.10705551099261326
leaf_weight=65751 464 1440 904 1341 957 486 3127 16083 3969 1381 9158 948 1215 1504 406 218 1013 176 2633 8775 1065 3840 520 162 124 238 352 165 573 360
leaf_count=65751 464 1440 904 1341 957 486 3127 16083 3969 1381 9158 948 1215 1504 406 218 1013 176 2633 8775 1065 3840 520 162 124 238 352 165 573 360
internal_value=0.000799317 -0.00466242 -0.00228361 -0.00544766 -0.0037741 -0.0175055 -0.00230342 0.00357115 0.00135448 -0.000119626 0.000496639 0.000995791 -0.0150215 -0.0184979 -0.0143201 -0.0173706 -0.0148037 -0.00828704 -0.00563368 0.00153153 -0.0107485 0.00130431 -0.00359851 -0.0288657 -0.00796642 -0.0151393 -0.00726197 -0.00471979 -0.0339116 -0.0138254
internal_weight=129348 43545 36740 14922 12554 6805 11077 85803 20052 21818 20085 19005 5584 3079 2368 1797 1477 1080 5760 17933 2505 5317 1477 1221 1072 1579 1733 571 735 1575
internal_count=129348 43545 36740 14922 12554 6805 11077 85803 20052 21818 20085 19005 5584 3079 2368 1797 1477 1080 5760 17933 2505 5317 1477 1221 1072 1579 1733 571 735 1575
is_linear=0
shrinkage=0.05


Tree=10
num_leaves=31
num_cat=0
split_feature=9 0 9 9 0 0 0 7 9 0 8 4 7 10 11 4 7 10 0 3 0 10 11 4 0 3 11 3 0 10
split_gain=714.614 478.486 92.8051 73.2858 54.214 74.5743 52.0689 63.7659 48.9449 68.5029 35.1187 32.8721 30.0098 38.4921 28.977 29.9081 28.3839 24.3225 22.5937 22.0817 20.1878 19.4953 19.0451 18.9991 18.6391 18.5128 27.1416 17.7537 17.4452 16.6949
threshold=28.69166666666667 80.500000000000014 32.730208333333344 33.187500000000007 38.500000000000007 8.5000000000000018 5.5000000000000009 36.912500000000016 26.989322916666673 75.500000000000014 40.95000000000001 -0.91249077947840473 26.987500000000004 1.0000000180025095e-35 1.0923437463937298 -0.99628250747696534 27.612500000000004 1.0000000180025095e-35 86.500000000000014 -0.031173458710879235 63.500000000000007 1.0000000180025095e-35 1.0202540345051931 -0.54219087765047058 76.500000000000014 0.38243310158943505 1.1054431876437014 0.69056404122701587 16.500000000000004 1.0000000180025095e-35
decision_type=2 2 2 2 2 2 2 2 2 2 2 2 2 2 2 2 2 2 2 2 2 2 2 2 2 2 2 2 2 2
left_child=8 2 4 14 5 12 17 25 -1 -10 20 19 -2 -14 15 -3 -16 -4 -5 -6 27 -17 -15 -18 -13 26 29 -9 -28 -8
right_child=1 3 6 18 11 -7 7 10 9 -11 -12 24 13 22 16 21 23 -19 -20 -21 -22 -23 -24 -25 -26 -27 28 -29 -30 -31
leaf_value=0.30001030606235735 0.015523908579955331 -0.45930454357937711 -0.19459553822405298 -0.3969361289611984 -0.069167858657144241 0.16332870829502613 0.019090729610674637 -0.42096054375604591 0.10361845504817642 -0.084445182567191898 -0.11684261240250711 -0.0096094298774360917 -0.045235498749769912 -0.12282200922917152 -0.12951509530832225 -0.12998576870226644 -0.32602973990591283 -0.36993592240247325 -0.48871281962388624 -0.17795157156612537 -0.19191428850799408 -0.22350547711973767 -0.21261563011425855 -0.17442512776548549 -0.12598571600000827 0.035565640049276273 -0.31169922995698418 0.0027629296279398359 -0.20409593303800816 -0.16107898531222672
leaf_weight=66711 1275 285 420 522 3086 10399 1577 1276 15114 3978 1340 8385 872 423 236 1980 798 224 784 2170 409 2079 553 121 884 2102 132 119 450 644
leaf_count=66711 1275 285 420 522 3086 10399 1577 1276 15114 3978 1340 8385 872 423 236 1980 798 224 784 2170 409 2079 553 121 884 2102 132 119 450 644
internal_value=0.00084493 -0.00437191 -0.00211622 -0.0165503 -0.000717189 0.00156116 -0.00663005 -0.00553547 0.00349248 0.00126021 -0.0110941 -0.00283821 -0.00521454 -0.00928571 -0.0140216 -0.0121501 -0.0210606 -0.0203106 -0.0271975 -0.00599696 -0.0156486 -0.0110508 -0.0161066 -0.0250326 -0.00104704 -0.00197248 -0.00463254 -0.0185125 -0.014244 -0.00211391
internal_weight=129348 43545 36740 6805 28047 13522 8693 8049 85803 19092 3144 14525 3123 1848 5499 4344 1155 644 1306 5256 1804 4059 976 919 9269 4905 2803 1395 582 2221
internal_count=129348 43545 36740 6805 28047 13522 8693 8049 85803 19092 3144 14525 3123 1848 5499 4344 1155 644 1306 5256 1804 4059 976 919 9269 4905 2803 1395 582 2221
is_linear=0
shrinkage=0.05


Tree=11
num_leaves=31
num_cat=0
split_feature=9 0 9 0 4 7 0 9 0 0 1 11 11 4 0 9 0 10 7 10 0 0 0 4 11 10 11 11 4 3
split_gain=656.62 405.696 79.5383 97.0419 75.5023 69.4088 101.62 52.0971 50.9975 37.3088 34.0672 33.0672 32.9574 29.7238 28.7704 28.8861 25.3686 23.495 21.4127 29.0431 21.2718 20.472 20.0071 19.6654 18.8808 18.4627 18.4091 17.1406 22.9107 16.6539
threshold=29.235937500000002 80.500000000000014 27.237760416666671 76.500000000000014 -0.68432604233786842 33.112500000000004 8.5000000000000018 33.255729166666676 64.500000000000014 36.500000000000007 5.5000000000000009 1.0923437463937298 0.97407968238158804 -0.99465740988130902 46.500000000000007 33.072916666666671 76.500000000000014 1.0000000180025095e-35 27.687500000000004 1.0000000180025095e-35 5.5000000000000009 16.500000000000004 86.500000000000014 -0.52765736634565841 1.1102543501962845 1.0000000180025095e-35 1.1265970327176902 1.0226926418345352 -0.97315270831292444 -0.70291267844185523
decision_type=2 2 2 2 2 2 2 2 2 2 2 2 2 2 2 2 2 2 2 2 2 2 2 2 2 2 2 2 2 2
left_child=2 4 -1 20 5 6 12 11 10 21 14 13 -2 -3 -7 27 -6 -11 -14 -20 24 -8 -9 -13 -4 -15 -17 -16 -29 -19
right_child=1 7 3 -5 16 8 9 22 -10 17 -12 23 18 25 15 26 -18 29 19 -21 -22 -23 -24 -25 -26 -27 -28 28 -30 -31
leaf_value=0.2697593940307243 -0.042459061888931011 -0.42000508253051694 -0.039609386036323774 -0.11502536946656937 0.075995975447642833 -0.15906438677397103 -0.037786198938776744 -0.38190181649956489 -0.037141346840195204 0.042747178208662202 -0.054675260972590838 -0.30212395223107774 -0.087616207707704646 -0.12531834715058071 -0.14539625209554127 -0.38895685956933451 -0.13775718889943225 -0.20438647394501708 -0.17693800211978503 -0.30760303199455363 0.097764199370969779 0.1976105238215819 -0.46502745450355865 -0.080315138348697704 -0.21480955024540835 -0.22965665339999219 -0.45326883878603835 -0.31669961756031173 -0.16380792465839289 -0.084233317074299846
leaf_weight=68727 702 375 1371 4710 7365 1985 2301 486 2382 1575 1113 810 556 1650 1182 1216 384 158 706 593 17600 5230 735 105 114 1594 126 291 760 2446
leaf_count=68727 702 375 1371 4710 7365 1985 2301 486 2382 1575 1113 810 556 1650 1182 1216 384 158 706 593 17600 5230 735 105 114 1594 126 291 760 2446
internal_value=0.000885905 -0.00476077 0.00313342 0.000641942 -0.00250217 -0.00392291 -0.00174984 -0.0169548 -0.00734677 0.000222033 -0.00958864 -0.0144861 -0.0107802 -0.012339 -0.011187 -0.0138671 0.00177378 -0.00356664 -0.0142722 -0.0177868 0.00222819 0.00232439 -0.026122 -0.0229781 -0.00351852 -0.0107984 -0.0196647 -0.0103829 -0.0150285 -0.00648233
internal_weight=129348 36826 92522 23795 31071 23322 14267 5755 9055 11710 6673 4534 2557 3619 5560 3575 7749 4179 1855 1299 19085 7531 1221 915 1485 3244 1342 2233 1051 2604
internal_count=129348 36826 92522 23795 31071 23322 14267 5755 9055 11710 6673 4534 2557 3619 5560 3575 7749 4179 1855 1299 19085 7531 1221 915 1485 3244 1342 2233 1051 2604
is_linear=0
shrinkage=0.05


Tree=12
num_leaves=31
num_cat=0
split_feature=4 0 7 0 9 0 9 0 0 11 1 7 10 3 3 0 0 11 0 11 8 8 7 3 0 8 1 11 11 1
split_gain=595.364 368.171 108.683 106.171 72.7926 113.576 67.6885 40.7701 29.1503 29.1184 28.173 27.5198 24.7576 23.8308 22.6206 21.028 28.0449 20.2463 20.0278 17.843 17.6327 16.9861 15.5553 14.1089 16.4037 18.0013 14.742 14.3329 13.6595 12.5439
threshold=-0.71502926860092908 81.500000000000014 33.112500000000004 4.5000000000000009 27.355208333333341 76.500000000000014 30.140625000000004 64.500000000000014 77.500000000000014 1.0959530445469128 5.5000000000000009 28.112500000000004 1.0000000180025095e-35 0.39827038710620805 1.0000000180025095e-35 9.5000000000000018 36.500000000000007 0.96902556631768955 86.500000000000014 0.96595727420028521 35.050000000000004 40.650000000000013 37.312500000000007 0.074116354202380205 48.500000000000007 37.050000000000004 1.5000000000000002 1.0114098712100164 1.0923437463937298 1.5000000000000002
decision_type=2 2 2 2 2 2 2 2 2 2 2 2 2 2 2 2 2 2 2 2 2 2 2 2 2 2 2 2 2 2
left_child=1 2 3 11 -2 28 -3 10 15 14 13 -1 -13 17 20 19 -17 -4 -16 -5 -8 -7 -15 26 27 -26 -19 -25 -6 -30
right_child=4 6 7 8 5 21 9 -9 -10 -11 -12 12 -14 22 18 16 -18 23 -20 -21 -22 -23 -24 24 25 -27 -28 -29 29 -31
leaf_value=-0.11413343506710175 0.26602179054012537 -0.20360456310968164 -0.14327232156233574 0.07384822892234065 0.10236555003030422 -0.094582368821946872 -0.18977798842532731 -0.044794410026284488 -0.12052113369441686 -0.37954189325657611 -0.054010344100893982 -0.19629274310102685 -0.31070370296349525 -0.027241453239947575 -0.33368737511556124 0.13342584264215182 -0.017333384709643223 -0.32140915542235293 -0.39397594060471142 -0.10369755483342445 -0.067736955840977678 -0.23417575145727768 -0.21283553089259641 -0.36206478804224818 -0.21379526965243364 -0.5123449313243853 -0.18467729930009272 -0.22449168481884352 -0.14539708594073628 0.025314207945679335
leaf_weight=1064 67479 2683 876 643 16774 4615 196 2397 1292 728 1125 529 361 879 550 10163 8034 521 991 1322 392 114 1107 98 298 395 916 436 539 1831
leaf_count=1064 67479 2683 876 643 16774 4615 196 2397 1292 728 1125 529 361 879 550 10163 8034 521 991 1322 392 114 1107 98 298 395 916 436 539 1831
internal_value=0.000927266 -0.00433256 -0.00229911 -0.000500256 0.00311498 0.000742052 -0.0162455 -0.00695292 0.000515988 -0.0216013 -0.00896782 -0.0116581 -0.0181461 -0.0104361 -0.0186496 0.000982542 0.00151316 -0.0128955 -0.0218332 -0.0039313 -0.0103061 -0.00619687 -0.00605237 -0.0150638 -0.0190016 -0.0240765 -0.0117015 -0.0124157 0.00245612 -0.00109705
internal_weight=129348 37996 32456 23408 91352 23873 5540 9048 21454 2857 6651 1954 890 5526 2129 20162 18197 3540 1541 1965 588 4729 1986 2664 1227 693 1437 534 19144 2370
internal_count=129348 37996 32456 23408 91352 23873 5540 9048 21454 2857 6651 1954 890 5526 2129 20162 18197 3540 1541 1965 588 4729 1986 2664 1227 693 1437 534 19144 2370
is_linear=0
shrinkage=0.05


Tree=13
num_leaves=31
num_cat=0
split_feature=9 0 4 7 0 3 3 0 9 0 0 7 0 0 11 9 11 0 0 10 10 10 7 3 11 3 0 1 0 0
split_gain=551.559 356.621 72.1543 67.5127 65.7286 48.743 43.5927 49.1117 39.9756 56.855 29.9852 24.7778 29.3556 24.4806 23.9599 19.0587 18.3291 17.7032 20.8073 17.5997 16.9121 16.2444 17.7477 15.6423 15.4721 16.2391 15.2906 15.2394 14.7484 13.3333
threshold=28.69166666666667 77.500000000000014 -0.91249077947840473 34.787500000000016 4.5000000000000009 1.0000000180025095e-35 0.65233619298682533 85.500000000000014 26.852083333333336 74.500000000000014 63.500000000000007 38.362500000000004 5.5000000000000009 36.500000000000007 1.058143950967068 29.557031250000005 1.1538549292311382 13.500000000000002 35.500000000000007 1.0000000180025095e-35 1.0000000180025095e-35 1.0000000180025095e-35 26.987500000000004 0.36648264796514479 1.0684640650751471 -0.11692013674435776 3.5000000000000004 3.5000000000000004 86.500000000000014 33.500000000000007
decision_type=2 2 2 2 2 2 2 2 2 2 2 2 2 2 2 2 2 2 2 2 2 2 2 2 2 2 2 2 2 2
left_child=8 2 3 4 24 19 7 23 29 26 16 12 21 -14 -6 -9 27 -16 -19 -3 -12 -4 -23 -7 25 -2 -10 -5 -21 -1
right_child=1 5 11 10 14 6 -8 15 9 -11 20 -13 13 -15 17 -17 -18 18 -20 28 -22 22 -24 -25 -26 -27 -28 -29 -30 -31
leaf_value=0.54096990755608798 0.024319370948620446 -0.10233561014970532 -0.010165950289628528 -0.34554674960906356 0.017976243769250857 -0.326661956250615 -0.13309718148267879 -0.17288641457028794 -0.076889481312053976 -0.071913020322119797 0.1135981767775391 -0.12384151062086808 0.14138605004623447 -0.0072474779304705101 -0.20130130424678036 -0.37997581714982742 -0.3767236321054141 0.044195371203661307 -0.12688602508295013 -0.10103273446041348 -0.27616253511658478 -0.046407055917679858 -0.21532798297856781 -0.11737274557794408 -0.32663227433538783 -0.21574982889706137 0.10924111072601478 -0.20270664072644215 -0.25252986595172316 0.18834579309368138
leaf_weight=23285 200 1692 798 1175 6495 736 1744 180 835 4387 605 1733 8355 9305 612 1451 217 1457 1476 893 286 372 449 567 275 447 14830 1125 900 42466
leaf_count=23285 200 1692 798 1175 6495 736 1744 180 835 4387 605 1733 8355 9305 612 1451 217 1457 1476 893 286 372 449 567 275 447 14830 1125 900 42466
internal_value=0.000940409 -0.00364278 -0.00146939 -0.00419972 -0.00228882 -0.0130632 -0.016398 -0.0201193 0.00326638 0.00131209 -0.0103462 0.000397868 0.000912651 0.0015034 -0.00111554 -0.0259013 -0.0131367 -0.00442172 -0.00280771 -0.0085868 -0.00246352 -0.00553119 -0.0104689 -0.0128818 -0.0150651 -0.0108423 0.00272103 -0.0118261 -0.0120385 0.00386237
internal_weight=129348 43545 35382 14370 10962 8163 4678 2934 85803 20052 3408 21012 19279 17660 10040 1631 2517 3545 2933 3485 891 1619 821 1303 922 647 15665 2300 1793 65751
internal_count=129348 43545 35382 14370 10962 8163 4678 2934 85803 20052 3408 21012 19279 17660 10040 1631 2517 3545 2933 3485 891 1619 821 1303 922 647 15665 2300 1793 65751
is_linear=0
shrinkage=0.05


Tree=14
num_leaves=31
num_cat=0
split_feature=9 0 9 9 0 4 0 7 0 0 8 10 0 11 11 4 0 10 9 8 0 3 0 3 1 4 11 0 7 9
split_gain=504.444 326.341 65.3559 49.8124 39.8275 38.9937 84.5524 38.0762 34.5045 56.1552 27.6309 25.1176 23.9557 23.5445 21.9089 26.6768 21.5965 25.6113 21.0954 20.1607 17.9498 17.3504 18.8963 18.7984 16.8112 16.445 15.9388 15.8598 17.2925 15.5489
threshold=28.69166666666667 79.500000000000014 32.288020833333341 32.288020833333341 2.5000000000000004 0.011826144619637555 75.500000000000014 36.26250000000001 36.500000000000007 9.5000000000000018 41.350000000000001 1.0000000180025095e-35 86.500000000000014 1.0855630818775608 1.0307298263784668 -0.97874870457683594 14.500000000000002 1.0000000180025095e-35 29.938281250000003 32.150000000000013 34.500000000000007 0.63920241694561786 68.500000000000014 0.61915405168109316 2.5000000000000004 -0.98212955754013376 1.1265970327176902 6.5000000000000009 25.212500000000006 13.209375
decision_type=2 2 2 2 2 2 2 2 2 2 2 2 2 2 2 2 2 2 2 2 2 2 2 2 2 2 2 2 2 2
left_child=5 2 8 11 -4 6 27 16 9 13 21 -3 26 -2 -10 24 17 -6 -13 -15 -18 22 23 -9 -16 -14 -5 28 -1 -7
right_child=1 3 4 12 7 29 -8 10 14 -11 -12 18 25 19 15 -17 20 -19 -20 -21 -22 -23 -24 -25 -26 -27 -28 -29 -30 -31
leaf_value=0.19167181050408227 -0.033047291987797107 -0.11315072983973187 -0.25865290883815967 -0.24662976219494548 -0.039336319145629947 0.13832805901329123 -0.083701052476512217 -0.30381257455368682 -0.0041994586249007471 0.17454873275128693 -0.068963732228282434 -0.17173830871164295 -0.33095932368323028 -0.21246632235582885 -0.41256803587468305 -0.053394530211566697 0.10458987722607578 -0.20524125692540199 -0.22499111256093784 -0.1168883572377557 -0.12011897474746776 -0.059007573346102217 0.020521684313040113 -0.50161386563008303 -0.13191686577915476 -0.39790275380309187 -0.39753775477073594 0.1489872931035619 -0.094312201442228918 0.30059767836088924
leaf_weight=781 2530 2224 381 805 1008 12672 5158 1903 8023 8820 1182 1808 342 100 165 5403 2536 525 1193 640 1816 523 241 61 430 802 84 17787 1022 48383
leaf_count=781 2530 2224 381 805 1008 12672 5158 1903 8023 8820 1182 1808 342 100 165 5403 2536 525 1193 640 1816 523 241 61 430 802 84 17787 1022 48383
internal_value=0.000984863 -0.00339821 -0.00146237 -0.0130766 -0.00486144 0.00320927 0.00153507 -0.00424451 -0.000137681 0.00181969 -0.00806905 -0.0104928 -0.0197172 -0.00377676 -0.00182548 -0.00411137 -0.00170348 -0.00680691 -0.0134772 -0.0116216 9.42097e-05 -0.0108358 -0.0127778 -0.0143992 -0.0141597 -0.0245017 -0.0135602 0.00303471 -0.00143372 0.00388789
internal_weight=129348 43545 36287 7258 10176 85803 24748 9795 26111 12090 3910 5225 2033 3270 14021 5998 5885 1533 3001 740 4352 2728 2205 1964 595 1144 889 19590 1803 61055
internal_count=129348 43545 36287 7258 10176 85803 24748 9795 26111 12090 3910 5225 2033 3270 14021 5998 5885 1533 3001 740 4352 2728 2205 1964 595 1144 889 19590 1803 61055
is_linear=0
shrinkage=0.05


Tree=15
num_leaves=31
num_cat=0
split_feature=4 0 7 0 9 0 9 0 0 0 3 8 0 11 1 11 3 3 0 0 9 0 4 3 9 7 7 10 0 0
split_gain=458.732 277.747 80.7145 75.5317 57.0048 85.0513 50.577 31.9924 23.0099 27.8305 21.1907 21.8496 21.4515 20.7826 20.6509 20.127 17.9229 20.5363 17.0067 73.043 98.4063 27.0028 14.7137 14.5006 14.3334 13.8035 13.7163 20.7184 13.4445 12.4887
threshold=-0.71502926860092908 81.500000000000014 32.912500000000016 5.5000000000000009 27.355208333333341 75.500000000000014 30.140625000000004 66.500000000000014 37.500000000000007 13.500000000000002 0.022575936829235418 34.650000000000013 86.500000000000014 0.97407968238158804 5.5000000000000009 0.97407968238158804 0.39827038710620805 -0.11692013674435776 32.500000000000007 46.500000000000007 15.127864583333336 36.500000000000007 0.20812153622207724 0.61915405168109316 12.998697916666668 27.587500000000006 28.112500000000004 1.0000000180025095e-35 74.500000000000014 36.500000000000007
decision_type=2 2 2 2 2 2 2 2 2 2 2 2 2 2 2 2 2 2 2 2 2 2 2 2 2 2 2 2 2 2
left_child=1 2 3 13 18 -6 -3 14 9 15 11 -8 -12 -1 16 -5 17 -4 -2 20 21 -20 28 -14 -23 -17 -15 -28 -21 -19
right_child=4 6 7 8 5 -7 10 -9 -10 -11 12 -13 23 26 -16 25 -18 29 19 22 -22 24 -24 -25 -26 -27 27 -29 -30 -31
leaf_value=-0.063178369716289443 0.50785431085860766 -0.17843714946773415 -0.09618330485790276 0.10194005018835453 0.077780528775418259 -0.080084019951996599 -0.31484659120289576 -0.011996437323472152 -0.027737355006495851 0.16418036821386439 -0.29867774004280767 -0.19186425296906717 -0.34878616744599023 -0.10517866204117161 -0.040654672195043429 -0.010859690654022952 -0.12158916145301835 -0.11385028861755971 -0.021515633623311728 0.19225027567169262 0.083022825536093595 -0.25441384824334107 0.33602270346578111 -0.15721623161093096 -0.14000184758956777 -0.11986955634603801 -0.18074670049354602 -0.30374927797345003 -0.0051122010478629387 -0.26910946499504246
leaf_weight=843 23194 2683 1171 1124 18895 4978 196 2073 8729 8793 715 658 1111 707 1244 992 2176 289 840 4141 6902 1200 27194 177 900 1032 443 345 3108 2495
leaf_count=843 23194 2683 1171 1124 18895 4978 196 2073 8729 8793 715 658 1111 707 1244 992 2176 289 840 4141 6902 1200 27194 177 900 1032 443 345 3108 2495
internal_value=0.00102004 -0.00359696 -0.00183079 -0.000232962 0.00294038 0.000840489 -0.013944 -0.00572185 0.000730528 0.00215685 -0.0185737 -0.0119789 -0.0213854 -0.00875107 -0.00726441 -0.00187738 -0.00845621 -0.0104614 0.00368329 0.00310884 -0.0006899 -0.00835034 0.00419432 -0.0252407 -0.011381 -0.00485672 -0.012291 -0.0168274 0.00219272 -0.0127981
internal_weight=129348 37996 32456 23008 91352 23873 5540 9448 20670 11941 2857 854 2003 2338 7375 3148 6131 3955 67479 44285 9842 2940 34443 1288 2100 2024 1495 788 7249 2784
internal_count=129348 37996 32456 23008 91352 23873 5540 9448 20670 11941 2857 854 2003 2338 7375 3148 6131 3955 67479 44285 9842 2940 34443 1288 2100 2024 1495 788 7249 2784
is_linear=0
shrinkage=0.05


Tree=16
num_leaves=31
num_cat=0
split_feature=9 0 9 9 0 0 0 7 0 8 9 0 0 10 4 7 10 0 1 0 4 0 11 11 0 0 9 0 9 9
split_gain=427.976 277.992 63.1977 39.4618 35.0967 54.0411 31.5098 30.762 27.4573 26.5206 25.8899 37.7921 24.9806 26.188 22.2541 21.7696 27.3084 21.2373 26.7004 20.7981 25.4578 17.7835 17.0407 16.736 15.6973 83.0002 85.5237 22.6039 16.4162 15.1682
threshold=28.369010416666672 77.500000000000014 32.730208333333344 33.187500000000007 37.500000000000007 9.5000000000000018 2.5000000000000004 37.112500000000004 87.500000000000014 41.350000000000001 26.111979166666668 74.500000000000014 15.500000000000002 1.0000000180025095e-35 -0.67168186667784702 26.987500000000004 1.0000000180025095e-35 67.500000000000014 4.5000000000000009 85.500000000000014 -0.84313311835787952 5.5000000000000009 1.0341132218019751 1.1054431876437014 32.500000000000007 47.500000000000007 15.127864583333336 36.500000000000007 11.341666666666669 29.860156250000006
decision_type=2 2 2 2 2 2 2 2 2 2 2 2 2 2 2 2 2 2 2 2 2 2 2 2 2 2 2 2 2 2
left_child=10 2 4 19 5 15 -4 12 23 -9 24 21 13 -8 17 -2 -17 18 29 -3 22 -12 -21 -5 -1 26 27 -26 -29 -6
right_child=1 3 6 8 14 -7 7 9 -10 -11 11 -13 -14 -15 -16 16 -18 -19 -20 20 -22 -23 -24 -25 25 -27 -28 28 -30 -31
leaf_value=0.53329691319153261 0.029440193611821999 -0.099824723296532636 -0.24686215678051884 -0.20423031827318416 -0.064738287815224602 0.16174501985020101 -0.035837283786531636 -0.27587022871493916 -0.36954378917545516 -0.063460908819516257 -0.060816159434595188 -0.044129588444664025 0.014718290180860284 -0.22656721190781923 0.028521394261976182 -0.012292831521255501 -0.13814718586607172 0.033238857357670064 0.0074937675958685543 -0.18858759164118663 -0.1174121678561654 0.12434125450664735 -0.32243220067304262 -0.33101035684713054 -0.020439851942145551 0.29347159881007062 0.079372172540539063 -0.30524303613453585 -0.1449761665570847 -0.14929053673405066
leaf_weight=21087 1770 3254 321 710 2519 10850 910 1933 697 1083 1284 4494 3635 491 5229 980 1126 2555 2333 1158 2170 14759 750 160 840 30668 6435 528 1782 2837
leaf_count=21087 1770 3254 321 710 2519 10850 910 1933 697 1083 1284 4494 3635 491 5229 980 1126 2555 2333 1158 2170 14759 750 160 840 30668 6435 528 1782 2837
internal_value=0.0010672 -0.00270997 -0.000872135 -0.0106759 0.00019355 0.00194079 -0.00471575 -0.00410333 -0.0178781 -0.00809682 0.00325714 0.00172055 -0.00171168 -0.00738401 -0.00146933 -0.00312693 -0.0065622 -0.00282409 -0.00413643 -0.00913666 -0.0115154 0.00285576 -0.0157285 -0.011954 0.0037716 0.00319268 -0.000868544 -0.00761905 -0.0101732 -0.00608103
internal_weight=129348 47471 38572 8899 30199 14726 8373 8052 1567 3016 81877 20537 5036 1401 15473 3876 2106 10244 7689 7332 4078 16043 1908 870 61340 40253 9585 3150 2310 5356
internal_count=129348 47471 38572 8899 30199 14726 8373 8052 1567 3016 81877 20537 5036 1401 15473 3876 2106 10244 7689 7332 4078 16043 1908 870 61340 40253 9585 3150 2310 5356
is_linear=0
shrinkage=0.05


Tree=17
num_leaves=31
num_cat=0
split_feature=4 0 7 0 9 0 3 0 1 0 0 9 9 0 9 11 7 11 4 11 11 3 9 0 0 0 10 0 0 1
split_gain=396.622 223.64 63.4977 60.8035 59.3352 66.8588 46.4025 24.5799 20.4372 20.3079 58.9985 87.6111 28.9294 18.1831 17.6596 17.3259 17.0653 17.1625 16.9545 16.0881 15.7225 15.574 17.2732 21.4711 15.3139 17.806 13.9354 15.7824 13.4625 13.3087
threshold=-0.73865259438682551 81.500000000000014 32.412500000000016 4.5000000000000009 28.272656250000001 76.500000000000014 1.0000000180025095e-35 66.500000000000014 5.5000000000000009 33.500000000000007 46.500000000000007 15.127864583333336 25.097135416666671 74.500000000000014 11.341666666666669 0.97407968238158804 36.912500000000016 1.1589671265514687 -0.99465740988130902 1.0357773587453021 1.0891277928364806 0.38243310158943505 31.266927083333339 87.500000000000014 14.500000000000002 35.500000000000007 1.0000000180025095e-35 6.5000000000000009 39.500000000000007 2.5000000000000004
decision_type=2 2 2 2 2 2 2 2 2 2 2 2 2 2 2 2 2 2 2 2 2 2 2 2 2 2 2 2 2 2
left_child=1 2 3 15 9 26 20 8 16 -2 11 14 -12 -14 -11 -1 18 -18 29 28 -3 -8 -23 -24 -21 -26 -6 -28 -5 -4
right_child=4 6 7 19 5 -7 21 -9 -10 10 12 -13 13 -15 -16 -17 17 -19 -20 24 -22 22 23 -25 25 -27 27 -29 -30 -31
leaf_value=-0.065136050703081705 0.39169239724391092 -0.10667738612851781 -0.29472009002313021 0.12713098019226574 0.1484777563617001 -0.097346294864709484 -0.30889728559179325 -0.014890240874434199 -0.012638157971282796 -0.28243121482687455 0.3056614998369469 0.064949958348593725 0.10827877260270076 -0.018577138747128224 -0.12476162789130635 -0.176127737383005 -0.23957474067026374 -0.31556262014263581 -0.08397048126068285 -0.076056601494854548 -0.2650826496084121 -0.14822983157329475 -0.12348717631662241 -0.29543597112773495 0.092680026088302503 -0.054396430855198387 -0.10577459742638609 0.022758656597797994 -0.006187191375810969 -0.12511951092468912
leaf_weight=668 26889 1941 304 7245 6543 3399 1498 2315 1227 624 28073 7553 6102 4578 2106 1177 2281 106 3671 1529 602 476 330 441 2895 2468 658 6555 4728 366
leaf_count=668 26889 1941 304 7245 6543 3399 1498 2315 1227 624 28073 7553 6102 4578 2106 1177 2281 106 3671 1529 602 476 330 441 2895 2468 658 6555 4728 366
internal_value=0.00111552 -0.00332001 -0.00169787 -0.000103814 0.00284379 0.000187992 -0.0128234 -0.00491237 -0.00623193 0.00344386 0.00283832 -0.000528542 0.00373171 0.00151685 -0.00820513 -0.00876694 -0.00731421 -0.0107101 -0.0054469 0.00074344 -0.00795714 -0.0173315 -0.0132037 -0.0178275 -0.00118108 7.73822e-05 0.0017396 0.000223901 0.00185125 -0.0127612
internal_weight=129348 36268 30980 20710 93080 17155 5288 10270 7955 75925 49036 10283 38753 10680 2730 1845 6728 2387 4341 18865 2543 2745 1247 771 6892 5363 13756 7213 11973 670
internal_count=129348 36268 30980 20710 93080 17155 5288 10270 7955 75925 49036 10283 38753 10680 2730 1845 6728 2387 4341 18865 2543 2745 1247 771 6892 5363 13756 7213 11973 670
is_linear=0
shrinkage=0.05


Tree=18
num_leaves=31
num_cat=0
split_feature=4 0 7 0 9 0 3 0 11 0 0 7 0 0 9 0 3 9 9 11 11 11 4 0 0 0 8 7 11 4
split_gain=363.822 196.864 61.6437 61.2416 53.4959 55.7453 43.543 29.5415 23.7141 20.0854 18.8633 22.1738 16.7291 60.3421 72.3391 23.8636 15.8886 15.7532 30.7512 26.6878 16.1234 15.8861 15.9016 15.6704 15.8107 15.2241 15.0751 14.5797 14.1323 13.9696
threshold=-0.71502926860092908 79.500000000000014 33.01250000000001 8.5000000000000018 26.989322916666673 75.500000000000014 1.0000000180025095e-35 63.500000000000007 0.96359846643765257 36.500000000000007 85.500000000000014 28.687500000000004 31.500000000000004 47.500000000000007 15.127864583333336 36.500000000000007 0.39827038710620805 34.057291666666679 34.603385416666676 1.0056949036199556 1.1538549292311382 1.058143950967068 -0.99465740988130902 5.5000000000000009 37.500000000000007 16.500000000000004 30.750000000000004 27.412500000000005 1.0326169115782082 0.10623888086365087
decision_type=2 2 2 2 2 2 2 2 2 2 2 2 2 2 2 2 2 2 2 2 2 2 2 2 2 2 2 2 2 2
left_child=1 2 3 8 12 23 -3 16 -1 25 -8 -12 -2 14 15 -14 17 21 -19 -20 -21 22 -4 26 -25 27 -6 -5 -29 -15
right_child=4 6 7 9 5 -7 10 -9 -10 -11 11 -13 13 29 -16 -17 -18 18 19 20 -22 -23 -24 24 -26 -27 -28 28 -30 -31
leaf_value=0.00017103098579981615 0.47849307039210909 -0.13708485839820295 -0.27767390409233378 0.062523449309710169 -0.213801510050597 -0.058811467771438343 -0.2126723346798266 -0.012021856992629568 -0.12972440101554319 -0.01715291642220881 -0.16549281976478802 -0.3039882206083746 0.003581235667891747 0.05336022665533835 0.086573808808262612 -0.17427365293129188 -0.093408212195062346 -0.38174069366562613 -0.39631028357176207 -0.01548784863338191 -0.45368352194865197 -0.16845890185192616 -0.036473286985045782 0.18690439583575569 0.030813116157369671 0.20105794827013657 -0.017518889642787649 0.018621634770406726 -0.11954282580616393 0.28739346827345374
leaf_weight=1122 21787 3033 406 1826 150 5418 1236 2555 2399 8506 692 1369 1050 4461 7536 2310 2306 398 97 533 72 1156 1594 8667 10274 7364 1476 680 652 28223
leaf_count=1122 21787 3033 406 1826 150 5418 1236 2555 2399 8506 692 1369 1050 4461 7536 2310 2306 398 97 533 72 1156 1594 8667 10274 7364 1476 680 652 28223
internal_value=0.00116616 -0.00294557 -0.00133645 6.63002e-05 0.00287635 0.000957283 -0.0109953 -0.00480586 -0.0059912 0.0011872 -0.0149727 -0.0179015 0.00363922 0.00307366 -0.000148678 -0.00625 -0.00658183 -0.00839286 -0.0135455 -0.00725071 -0.00334711 -0.00659696 -0.0039 0.00214591 0.00255029 0.00264779 -0.00256458 -0.000256491 -0.00423423 0.0041479
internal_weight=129348 37996 31666 22549 91352 25985 6330 9117 3521 19028 3297 2061 65367 43580 10896 3360 6562 4256 1100 702 605 3156 2000 20567 18941 10522 1626 3158 1332 32684
internal_count=129348 37996 31666 22549 91352 25985 6330 9117 3521 19028 3297 2061 65367 43580 10896 3360 6562 4256 1100 702 605 3156 2000 20567 18941 10522 1626 3158 1332 32684
is_linear=0
shrinkage=0.05


Tree=19
num_leaves=31
num_cat=0
split_feature=9 0 4 7 0 9 9 0 11 0 0 11 0 0 0 0 0 0 8 0 0 7 10 11 8 3 11 7 0 9
split_gain=341.281 193.018 50.8872 40.9628 35.5248 32.9481 27.0816 29.1668 25.5942 20.6857 20.6003 20.0151 19.0702 18.06 16.4387 26.2393 16.3438 62.8764 63.0801 22.792 15.6044 16.0568 18.5341 15.3406 13.692 13.2448 12.9817 12.9665 12.7281 12.2469
threshold=28.369010416666672 77.500000000000014 -0.91249077947840473 34.787500000000016 10.500000000000002 32.288020833333341 26.111979166666668 74.500000000000014 1.1135526900622577 63.500000000000007 87.500000000000014 1.1265970327176902 35.500000000000007 7.5000000000000009 3.5000000000000004 36.500000000000007 30.500000000000004 48.500000000000007 20.900000000000002 36.500000000000007 87.500000000000014 27.187500000000004 1.0000000180025095e-35 1.0959530445469128 39.550000000000004 0.13398903995667991 1.1538549292311382 37.112500000000004 13.500000000000002 11.341666666666669
decision_type=2 2 2 2 2 2 2 2 2 2 2 2 2 2 2 2 2 2 2 2 2 2 2 2 2 2 2 2 2 2
left_child=6 2 3 4 8 20 16 13 -2 26 11 -7 -6 23 -4 28 -1 18 19 -18 -3 -22 -23 -8 -10 -20 -5 -28 -16 -21
right_child=1 5 14 9 12 10 7 -9 24 -11 -12 -13 -14 -15 15 -17 17 -19 25 29 21 22 -24 -25 -26 -27 27 -29 -30 -31
leaf_value=0.50332469367593125 -0.093374279968111734 -0.087613053035704602 -0.093211618871970991 -0.21570847046979236 0.063882057324205335 -0.18749703323398081 -0.027021135271751692 -0.036809711449821841 -0.1595177073596642 -0.044772562020611181 -0.30328595961352328 -0.33500950060153428 -0.049914669002596147 0.11314892370751012 0.0081572041767443738 -0.010972565086636873 0.0053492861393736298 0.25925806208436514 0.17932716193262338 -0.25879595341452699 -0.062011697829021634 -0.10584145218528457 -0.20233011565347414 -0.23986500506590433 -0.40342182858847031 0.0043271619326233695 -0.16643493616419108 -0.36704513868875421 0.21113973769131389 -0.12586724800625859
leaf_weight=19809 1884 3671 1200 2300 4819 1149 1640 4494 209 891 1017 120 4845 14331 2997 12259 1170 30029 4356 576 729 950 1263 72 55 3636 115 102 6896 1764
leaf_count=19809 1884 3671 1200 2300 4819 1149 1640 4494 209 891 1017 120 4845 14331 2997 12259 1170 30029 4356 576 729 950 1263 72 55 3636 115 102 6896 1764
internal_value=0.00120017 -0.0021728 -0.000641398 -0.00289093 -0.00149763 -0.00881054 0.00315577 0.00158421 -0.00731378 -0.00772007 -0.0139851 -0.00973601 -0.000204884 0.0025815 0.000824769 0.00113353 0.00368194 0.00311827 -2.52128e-05 -0.00561254 -0.00702177 -0.00973487 -0.0118549 -0.0022722 -0.0218939 0.00242868 -0.0100377 -0.0217281 0.00304913 -0.00846154
internal_weight=129348 47471 38572 15220 11812 8899 81877 20537 2148 3408 2286 1269 9664 16043 23352 22152 61340 41531 11502 3510 6613 2942 2213 1712 264 7992 2517 217 9893 2340
internal_count=129348 47471 38572 15220 11812 8899 81877 20537 2148 3408 2286 1269 9664 16043 23352 22152 61340 41531 11502 3510 6613 2942 2213 1712 264 7992 2517 217 9893 2340
is_linear=0
shrinkage=0.05


Tree=20
num_leaves=31
num_cat=0
split_feature=4 0 8 9 0 3 0 0 0 0 0 0 10 3 0 0 0 9 4 0 11 3 11 0 3 0 8 3 0 8
split_gain=314.023 155.84 54.2473 49.3197 43.4804 30.297 25.3464 30.646 24.5771 31.0616 23.4213 19.2696 19.8843 20.7625 18.1656 17.4804 59.5574 65.0335 15.8061 17.2746 15.6641 15.2825 16.0343 15.1696 14.9597 13.9026 19.9248 13.7254 13.5276 17.9934
threshold=-0.71502926860092908 83.500000000000014 36.850000000000001 26.989322916666673 75.500000000000014 1.0000000180025095e-35 5.5000000000000009 39.500000000000007 36.500000000000007 10.500000000000002 63.500000000000007 19.500000000000004 1.0000000180025095e-35 0.039769539193789977 77.500000000000014 32.500000000000007 47.500000000000007 15.127864583333336 0.25829915227078726 74.500000000000014 1.0684640650751471 0.39827038710620805 1.1538549292311382 36.500000000000007 0.38243310158943505 84.500000000000014 32.750000000000007 -0.49813634056773481 7.5000000000000009 30.750000000000004
decision_type=2 2 2 2 2 2 2 2 2 2 2 2 2 2 2 2 2 2 2 2 2 2 2 2 2 2 2 2 2 2
left_child=1 2 8 15 28 -3 -4 11 9 20 21 12 -8 -14 -12 -2 17 23 19 -18 -1 22 -9 -17 -7 26 -21 -19 29 -5
right_child=3 5 6 4 -6 24 7 10 -10 -11 14 -13 13 -15 -16 16 18 27 -20 25 -22 -23 -24 -25 -26 -27 -28 -29 -30 -31
leaf_value=-0.0038032396215411561 0.41865833692182264 -0.15249128632172348 -0.18197077182175009 -0.18678370756767695 -0.051598404115787748 -0.27119866066756726 -0.0030829675837909243 -0.23238222025283795 -0.031177368491073727 0.17809933344226339 0.00772544166674358 0.10885915412315593 -0.25236201477386522 -0.093057624935367775 -0.18584740543658818 -0.013765397148733883 0.20295556168136555 0.20209900179940044 0.28243251994771867 -0.033108846073623965 -0.097242317280719859 -0.1191565581753566 -0.35636070763836458 -0.15852145304018803 -0.18124957888849572 0.065076384804481316 -0.1584477075842842 0.0058602240020078971 0.080203381939573701 -0.0063544123553177737
leaf_weight=2107 22468 2277 806 200 5418 1284 1162 1575 12278 6800 1875 2697 98 628 803 840 3858 3270 25823 1130 770 1503 144 2310 1189 1573 300 3795 18399 1968
leaf_count=2107 22468 2277 806 200 5418 1284 1162 1575 12278 6800 1875 2697 98 628 803 840 3858 3270 25823 1130 770 1503 144 2310 1189 1573 300 3795 18399 1968
internal_value=0.00122839 -0.00259159 -0.00138122 0.00281723 0.000974601 -0.0110632 -0.00419759 -0.00354077 6.71831e-05 0.00195153 -0.00592373 -0.000474373 -0.00434852 -0.0108402 -0.00246826 0.00354973 0.00295799 -0.000374449 0.00399951 0.00186635 -0.00240355 -0.00879578 -0.0120157 -0.00634921 -0.0148949 -0.000977356 -0.00454545 0.00228946 0.00202436 -0.00171125
internal_weight=129348 37996 33246 91352 25985 4750 11291 10485 21955 9677 5900 4585 1888 726 2678 65367 42899 10215 32684 6861 2877 3222 1719 3150 2473 3003 1430 7065 20567 2168
internal_count=129348 37996 33246 91352 25985 4750 11291 10485 21955 9677 5900 4585 1888 726 2678 65367 42899 10215 32684 6861 2877 3222 1719 3150 2473 3003 1430 7065 20567 2168
is_linear=0
shrinkage=0.05


Tree=21
num_leaves=31
num_cat=0
split_feature=9 0 9 0 0 4 3 7 10 0 0 9 4 0 3 11 0 11 4 8 10 0 8 9 4 0 0 11 3 8
split_gain=296.103 154.726 52.3938 35.351 42.0903 34.4878 26.5882 25.2068 23.0626 20.6505 52.9968 61.252 31.8089 21.4542 20.0577 26.7499 16.4932 15.1522 15.0162 14.7422 14.3092 16.3861 15.7077 27.6432 26.6194 21.5003 15.8669 18.1481 13.7915 12.9078
threshold=27.961718750000006 84.500000000000014 32.288020833333341 38.500000000000007 12.500000000000002 -0.7614016681079937 1.0000000180025095e-35 26.987500000000004 1.0000000180025095e-35 34.500000000000007 45.500000000000007 15.127864583333336 0.24164313636530552 74.500000000000014 0.39827038710620805 1.1054431876437014 16.500000000000004 1.019720751120565 -0.85225707553516283 38.45000000000001 1.0000000180025095e-35 19.500000000000004 39.650000000000013 35.273437500000007 -0.99983123799342477 34.500000000000007 64.500000000000014 1.0492608630788383 -0.49813634056773481 32.250000000000007
decision_type=2 2 2 2 2 2 2 2 2 2 2 2 2 2 2 2 2 2 2 2 2 2 2 2 2 2 2 2 2 2
left_child=9 2 3 4 7 6 -3 -2 -9 -1 11 -11 13 -12 15 20 19 -10 -5 -17 22 -22 24 25 -4 -24 27 -27 -13 -19
right_child=1 5 14 18 -6 -7 -8 8 17 10 12 28 -14 -15 -16 16 -18 29 -20 -21 21 -23 23 -25 -26 26 -28 -29 -30 -31
leaf_value=0.32529012898105031 0.036149939068193505 -0.17371190972785741 -0.51753256418923732 -0.058640717266138911 0.17148754411679257 -0.071875128664076929 -0.24876283128579302 0.010236092258281917 -0.060612732039811969 -0.15399370184225347 0.10713122081799448 0.14316148303238574 0.25356085620886176 -0.024421391501204627 -0.033545998833023678 -0.039991032289385428 -0.16541817441240986 -0.18573355499709132 -0.00039962102451634269 -0.33286603534560888 -0.22272436056767109 -0.13944436968574514 -0.027933026879490137 0.061315246269161995 0.10021474893481111 -0.39678727224016369 -0.22824495758441934 -0.40296378477035344 -0.016683153409030638 -0.1149025551484245
leaf_weight=27890 3071 1692 85 7875 11012 2453 1915 1040 610 2310 7332 3036 27199 5313 4798 85 884 223 11584 136 297 956 420 680 1870 270 240 90 3421 561
leaf_count=27890 3071 1692 85 7875 11012 2453 1915 1040 610 2310 7332 3036 27199 5313 4798 85 884 223 11584 136 297 956 420 680 1870 270 240 90 3421 561
internal_value=0.00126202 -0.00161627 -0.000642593 0.000274628 0.00197584 -0.00913366 -0.0122442 -0.00159401 -0.00539441 0.00325035 0.00262811 -0.000891411 0.00340252 0.00133057 -0.00369485 -0.00561866 -0.0126471 -0.00959828 -0.00116938 -0.0248643 -0.00403627 -0.00864725 -0.00245554 -0.00597059 0.000601023 -0.0111765 -0.01725 -0.0238889 0.00160833 -0.0141964
internal_weight=129348 52847 46787 35976 16517 6060 3607 5505 2434 76501 48611 8767 39844 12645 10811 6013 1105 1394 19459 221 4908 1253 3655 1700 1955 1020 600 360 6457 784
internal_count=129348 52847 46787 35976 16517 6060 3607 5505 2434 76501 48611 8767 39844 12645 10811 6013 1105 1394 19459 221 4908 1253 3655 1700 1955 1020 600 360 6457 784
is_linear=0
shrinkage=0.05


Tree=22
num_leaves=31
num_cat=0
split_feature=4 0 7 0 3 9 0 4 3 0 1 9 11 10 11 7 3 0 0 10 8 11 0 8 3 3 3 8 7 8
split_gain=275.774 126.48 54.8781 51.6247 34.3793 32.905 38.889 21.9488 21.2616 19.9354 20.4241 18.6889 16.7757 16.9805 15.7005 15.4395 16.9685 14.9414 39.6531 13.175 12.7104 12.5851 12.5569 12.4997 11.8364 11.4366 14.6425 11.5138 11.2686 11.2168
threshold=-0.59867820553660911 79.500000000000014 31.212500000000006 9.5000000000000018 -0.082689790342551819 26.111979166666668 75.500000000000014 -0.99864786094873803 0.38243310158943505 68.500000000000014 5.5000000000000009 11.53671875 0.97407968238158804 1.0000000180025095e-35 1.0916629031903622 36.912500000000016 0.38243310158943505 27.500000000000004 51.500000000000007 1.0000000180025095e-35 43.20000000000001 1.0916629031903622 4.5000000000000009 32.45000000000001 1.0000000180025095e-35 0.41398981800788198 0.19337368024598436 41.150000000000013 27.012500000000006 44.000000000000007
decision_type=2 2 2 2 2 2 2 2 2 2 2 2 2 2 2 2 2 2 2 2 2 2 2 2 2 2 2 2 2 2
left_child=1 2 3 7 14 11 22 -1 -6 10 15 17 -9 -14 19 16 24 -2 -19 -3 -10 -5 23 -7 -4 26 -17 -28 -15 -18
right_child=5 4 9 21 8 6 -8 12 20 -11 -12 -13 13 28 -16 25 29 18 -20 -21 -22 -23 -24 -25 -26 -27 27 -29 -30 -31
leaf_value=-0.21263587055429639 0.56417400622282377 0.041935158826581387 -0.059735727772628623 0.099769857776115467 -0.23196417740489031 -0.13344906196292522 -0.048417385839403353 0.01870276270811792 -0.12323465992874841 0.03261437737776611 0.022947790715579938 0.22676167383256796 -0.016666521190624131 -0.057542684571372543 -0.21221778579924969 -0.1709149937736581 0.026432030963049725 -0.1793526515162964 0.08949668482795943 -0.10121714949267334 -0.26540066774119991 -0.015149606829723637 0.086169185189213043 0.021613978127247944 -0.14886370587485404 -0.10230192709965075 -0.33783323449151736 -0.079481314196668512 -0.15311423510466693 -0.14936167506018791
leaf_weight=144 1512 1120 3680 14813 1968 450 4780 1678 2111 2526 2137 55580 987 661 640 612 2114 1296 2376 1673 96 3159 16962 745 2182 1664 470 190 956 66
leaf_count=144 1512 1120 3680 14813 1968 450 4780 1678 2111 2526 2137 55580 987 661 640 612 2114 1296 2376 1673 96 3159 16962 745 2182 1664 470 190 956 66
internal_value=0.00127478 -0.00185149 -0.000674439 0.000912582 -0.00773659 0.00297971 0.00136613 -0.00392454 -0.0107844 -0.00294706 -0.00373046 0.0035888 -0.00327884 -0.00579109 -0.00403 -0.00460102 -0.00346804 0.000717593 -0.0010049 -0.00241139 -0.00741504 0.00210383 0.00242248 -0.00253138 -0.00486865 -0.00770436 -0.0112736 -0.0164394 -0.00894558 0.000298165
internal_weight=129348 45647 38039 22398 7608 83701 22937 4426 4175 15641 13115 60764 4282 2604 3433 10978 8042 5184 3672 2793 2207 17972 18157 1195 5862 2936 1272 660 1617 2180
internal_count=129348 45647 38039 22398 7608 83701 22937 4426 4175 15641 13115 60764 4282 2604 3433 10978 8042 5184 3672 2793 2207 17972 18157 1195 5862 2936 1272 660 1617 2180
is_linear=0
shrinkage=0.05


Tree=23
num_leaves=31
num_cat=0
split_feature=9 0 4 11 9 0 0 9 4 0 11 0 0 0 0 11 4 3 0 0 11 9 11 11 8 10 7 11 7 10
split_gain=251.955 122.597 43.2445 31.4162 26.273 22.0096 46.6578 63.1572 32.5485 20.3513 19.3583 18.6095 19.4686 25.1143 19.9582 18.3435 16.4551 16.2801 16.2752 31.0802 15.4178 15.4112 19.6332 17.1066 14.672 14.5879 19.1401 14.46 14.2474 13.7228
threshold=27.961718750000006 77.500000000000014 -0.91249077947840473 0.96902556631768955 33.187500000000007 32.500000000000007 48.500000000000007 13.946875000000002 0.24164313636530552 73.500000000000014 0.80519389663381347 3.5000000000000004 38.500000000000007 19.500000000000004 64.500000000000014 1.1218908147696223 -0.99628250747696534 0.048362692321690152 37.500000000000007 8.5000000000000018 1.1054431876437014 34.057291666666679 1.0056949036199556 1.1054431876437014 39.550000000000004 1.0000000180025095e-35 26.987500000000004 1.019720751120565 38.362500000000004 1.0000000180025095e-35
decision_type=2 2 2 2 2 2 2 2 2 2 2 2 2 2 2 2 2 2 2 2 2 2 2 2 2 2 2 2 2 2
left_child=5 2 3 28 10 -1 7 -7 9 -8 -3 -5 13 15 21 -13 -12 -9 19 25 -6 -14 -23 -24 -17 -4 -27 -28 -2 -16
right_child=1 4 18 11 20 6 8 17 -10 -11 16 12 14 -15 29 24 -18 -19 -20 -21 -22 22 23 -25 -26 26 27 -29 -30 -31
leaf_value=0.31630489618932983 0.038908878189088884 -1.4122391550527951 0.044194143801500302 -0.18328684472166948 -0.21216171434133885 -0.14861174456140835 0.10877544396902775 0.11942664919202467 0.2516126589579703 -0.022711703995000134 -0.23353839093556053 -0.044165987273302364 -0.11439886637941431 0.091864022161173606 0.2125559737987453 -0.15447238242179132 -0.083272016856308861 -0.012952833429160919 -0.0061009283362904662 0.13993262343618973 -0.29061241172598867 -0.33284924184050735 -0.23215159256858475 -0.31025498675038066 -0.25235955201520488 -0.012053020117836866 -0.066361433075556961 -0.16568386465672702 -0.38625153789058181 -0.068868784118213552
leaf_weight=26296 4866 90 1395 561 1279 2592 6320 5616 25567 5566 468 1920 2868 2677 793 256 7782 4544 13841 10057 288 104 520 156 80 1019 290 416 95 1026
leaf_count=26296 4866 90 1395 561 1279 2592 6320 5616 25567 5566 468 1920 2868 2677 793 256 7782 4544 13841 10057 288 104 520 156 80 1019 290 416 95 1026
internal_value=0.0012829 -0.00137217 -0.000215417 -0.00228238 -0.00638589 0.00311702 0.00250324 -0.000109002 0.00339265 0.00123086 -0.00526978 -0.00377657 -0.00329808 -0.00102068 -0.00535303 -0.00490691 -0.00501818 0.00166831 0.00100267 0.00226038 -0.0123261 -0.00748629 -0.0137179 -0.0106065 -0.0156845 -0.00209936 -0.00517391 -0.0115014 0.00101895 -0.00107477
internal_weight=129348 52847 42940 15922 9907 76501 50205 12752 37453 11886 8340 10961 10400 4933 5467 2256 8250 10160 27018 13177 1567 3648 780 676 336 3120 1725 706 4961 1819
internal_count=129348 52847 42940 15922 9907 76501 50205 12752 37453 11886 8340 10961 10400 4933 5467 2256 8250 10160 27018 13177 1567 3648 780 676 336 3120 1725 706 4961 1819
is_linear=0
shrinkage=0.05


Tree=24
num_leaves=31
num_cat=0
split_feature=9 0 7 0 0 0 4 4 3 10 0 0 9 9 3 0 4 3 11 10 11 3 1 8 7 0 11 8 10 11
split_gain=231.258 111.826 41.9302 38.5051 32.3437 34.5811 27.8186 26.4071 25.1985 22.2854 21.3089 52.3028 51.1016 28.5395 17.2727 16.9744 15.5278 15.2973 14.8007 14.1683 13.6684 13.385 12.6343 12.028 11.852 35.965 14.3347 11.3499 11.0861 10.7106
threshold=27.961718750000006 84.500000000000014 27.187500000000004 4.5000000000000009 38.500000000000007 19.500000000000004 -0.7614016681079937 -0.91249077947840473 1.0000000180025095e-35 1.0000000180025095e-35 34.500000000000007 45.500000000000007 15.127864583333336 24.631250000000005 1.0000000180025095e-35 73.500000000000014 -0.98801846520836312 -0.51297808981038739 1.0871761346197866 1.0000000180025095e-35 1.0916629031903622 -0.11692013674435776 3.5000000000000004 39.050000000000004 24.812500000000004 8.5000000000000018 0.98634410489382296 39.45000000000001 1.0000000180025095e-35 1.0923437463937298
decision_type=2 2 2 2 2 2 2 2 2 2 2 2 2 2 2 2 2 2 2 2 2 2 2 2 2 2 2 2 2 2
left_child=10 2 -2 19 5 9 14 8 18 -5 24 12 -12 -13 29 -15 23 -14 -6 -4 -20 28 -10 -11 -1 26 -26 -21 -17 -3
right_child=1 6 3 4 7 -7 -8 -9 22 16 11 13 17 15 -16 21 -18 -19 20 27 -22 -23 -24 -25 25 -27 -28 -29 -30 -31
leaf_value=0.33030779874863186 0.075059848709271348 -0.093347975527867444 -0.086927305156374202 0.012663075789918252 0.012069185079632937 0.15781726169048169 -0.060771217897943042 -0.015556052134054216 -0.18490272295002286 -0.11107742028952738 -0.14583257658561255 0.21984661529069768 0.12378732620442134 0.088510456658055278 -0.21591813917274305 0.23420081579057128 -0.06818476815388301 -0.022703006973495338 -0.29060593541625895 -0.12382467928162987 -0.077236618866694445 -0.081587125839754762 -0.091038465504606855 -0.23472541964403032 -0.055098185054731165 0.23420455325781142 -0.19726743069738673 -0.23325907240147489 -0.020785268614839033 -0.23919438905452017
leaf_weight=24398 9008 1307 843 1843 3226 7843 2453 15738 2672 276 2310 27696 2981 6802 1915 1166 1080 3476 92 638 1193 1892 2149 57 486 2708 298 129 2288 385
leaf_count=24398 9008 1307 843 1843 3226 7843 2453 15738 2672 276 2310 27696 2981 6802 1915 1166 1080 3476 92 638 1193 1892 2149 57 486 2708 298 129 2288 385
internal_value=0.00128599 -0.00125769 -0.000429927 -0.00116083 -0.000824048 0.0014231 -0.00764851 -0.00181891 -0.00392627 -0.00290848 0.00304316 0.00241108 -0.00108532 0.0031804 -0.0104422 0.00115986 -0.0076327 0.00119792 -0.0012403 -0.00872671 -0.00577821 -0.000948372 -0.00643954 -0.0170721 0.00414485 0.00142039 -0.0080102 -0.0136441 0.000903301 -0.00676123
internal_weight=129348 52847 46787 37779 36169 11099 6060 25070 9332 3256 76501 48611 8767 39844 3607 12148 1413 6457 4511 1610 1285 5346 4821 333 27890 3492 784 767 3454 1692
internal_count=129348 52847 46787 37779 36169 11099 6060 25070 9332 3256 76501 48611 8767 39844 3607 12148 1413 6457 4511 1610 1285 5346 4821 333 27890 3492 784 767 3454 1692
is_linear=0
shrinkage=0.05


Tree=25
num_leaves=31
num_cat=0
split_feature=4 0 11 0 0 4 9 3 3 0 7 0 7 0 0 1 3 3 10 0 0 9 0 0 9 11 4 4 7 11
split_gain=217.533 91.3287 45.1007 30.723 44.52 47.5587 44.6851 24.3699 24.9766 23.9089 22.8163 22.6925 19.6955 18.3246 17.1855 16.2218 14.4237 13.803 13.2173 13.1655 13.8817 11.9543 12.4222 11.2975 12.0896 10.497 10.3483 10.3223 10.9125 10.2994
threshold=-0.59867820553660911 78.500000000000014 1.0307298263784668 35.500000000000007 45.500000000000007 0.20812153622207724 15.127864583333336 1.0000000180025095e-35 0.38243310158943505 74.500000000000014 30.312500000000004 3.5000000000000004 30.012500000000006 6.5000000000000009 16.500000000000004 4.5000000000000009 -0.54220184589352438 -0.81923160956083974 1.0000000180025095e-35 63.500000000000007 38.500000000000007 12.070312500000002 51.500000000000007 19.500000000000004 34.603385416666676 1.0871761346197866 0.029024409397335523 -0.99983123799342477 38.562500000000007 1.0267603807040537
decision_type=2 2 2 2 2 2 2 2 2 2 2 2 2 2 2 2 2 2 2 2 2 2 2 2 2 2 2 2 2 2
left_child=1 2 10 -2 6 9 -5 25 -9 17 13 -4 14 -1 18 27 -8 29 -13 20 23 22 -7 24 -14 -3 -11 -12 -29 -6
right_child=3 7 11 4 5 21 16 8 -10 26 15 12 19 -15 -16 -17 -18 -19 -20 -21 -22 -23 -24 -25 -26 -27 -28 28 -30 -31
leaf_value=-0.049040639631532247 0.23889766935713383 -0.037429011924081684 -0.14933801639898139 -0.14337710106753335 0.040070702435175853 -0.12277199075655204 0.091295288342651895 -0.21250909816060548 -0.11349323019058773 -0.05673020043668673 -0.29465776343233502 0.055914874101812097 -0.20783592978450388 0.13145604277787992 0.074262281896497168 0.084331247289854749 -0.027672344106233961 0.18723327992008715 -0.074673772944929093 -0.0058355523642666107 -0.12133645502044782 0.24230661214226312 0.072548359506187418 0.028087949017264836 -0.019161678572653804 -0.18252120365741151 0.040434743197542027 -0.030018323496290956 -0.17429411417224297 -0.063423557262996449
leaf_weight=1688 31387 3018 800 2100 3219 432 3140 1819 2345 5019 90 721 184 10359 3628 2833 3480 4577 1483 2371 4653 24399 3168 1630 265 901 1533 6312 547 1247
leaf_count=1688 31387 3018 800 2100 3219 432 3140 1819 2345 5019 90 721 184 10359 3628 2833 3480 4577 1483 2371 4653 24399 3168 1630 265 901 1533 6312 547 1247
internal_value=0.00129643 -0.00148016 -0.000442711 0.00281066 0.00206866 0.00272102 -0.00119266 -0.0063015 -0.00896494 0.000508176 0.00102822 -0.00248332 -0.00204386 0.00248485 0.000224623 -0.000765692 0.000823263 0.00217461 -0.00325771 -0.0034972 -0.00462567 0.00395353 0.00126389 -0.00122896 -0.00825167 -0.00347155 -0.00179182 -0.00206576 -0.00184502 0.000197045
internal_weight=129348 45647 37564 83701 52314 43594 8720 8083 4164 15595 21829 15735 14935 12047 5832 9782 6620 9043 2204 9103 6732 27999 3600 2079 449 3919 6552 6949 6859 4466
internal_count=129348 45647 37564 83701 52314 43594 8720 8083 4164 15595 21829 15735 14935 12047 5832 9782 6620 9043 2204 9103 6732 27999 3600 2079 449 3919 6552 6949 6859 4466
is_linear=0
shrinkage=0.05


Tree=26
num_leaves=31
num_cat=0
split_feature=9 0 9 0 0 4 0 0 8 4 7 0 0 0 0 0 10 4 0 7 10 3 0 11 3 11 0 10 11 3
split_gain=204.73 92.496 36.63 26.8025 39.4596 23.0334 21.509 36.6275 51.458 29.6784 18.8926 29.4796 18.0447 16.9384 16.6557 17.1289 20.6322 15.9812 15.8622 15.4269 15.4211 14.3088 13.18 12.9864 12.3089 12.5095 11.9265 11.8107 15.7931 15.1915
threshold=27.961718750000006 85.500000000000014 32.288020833333341 35.500000000000007 12.500000000000002 -0.7614016681079937 30.500000000000004 50.500000000000007 20.900000000000002 0.24164313636530552 24.812500000000004 9.5000000000000018 73.500000000000014 1.5000000000000002 38.500000000000007 19.500000000000004 1.0000000180025095e-35 0.97832380634958016 63.500000000000007 26.987500000000004 1.0000000180025095e-35 0.039769539193789977 54.500000000000007 0.98634410489382296 -0.082689790342551819 1.0571501552533558 77.500000000000014 1.0000000180025095e-35 0.80519389663381347 0.29342972903661901
decision_type=2 2 2 2 2 2 2 2 2 2 2 2 2 2 2 2 2 2 2 2 2 2 2 2 2 2 2 2 2 2
left_child=6 2 3 4 19 24 10 8 17 12 -1 23 -9 -4 15 16 -15 -8 22 -2 -21 -18 -16 -12 25 -3 -20 28 -5 -29
right_child=1 5 13 27 -6 -7 7 9 -10 -11 11 -13 -14 14 18 -17 21 -19 26 20 -22 -23 -24 -25 -26 -27 -28 29 -30 -31
leaf_value=0.34615674327414037 0.023360245044788432 -0.058008911907606743 -0.17008535834031968 -0.3926443413845121 0.17810259307573981 -0.055741720264221833 -0.053014364245496104 0.10782967212598714 0.057856477776968729 0.22952815875512164 -0.054508657536684928 0.20318613012659595 -0.01937255359828529 -0.00077009389443603209 -0.10028967858987399 0.1160056238992471 -0.2189618678869259 -0.16536954627427441 0.029849608930311574 0.0036068538654279955 -0.10438525280245728 -0.083432388841058691 -0.21654036217234973 -0.19023471700196082 -0.19853207326701539 -0.221478970634825 -0.14319577152672111 -0.054505713986507831 0.029472393387397391 0.016736511141317887
leaf_weight=22034 3071 858 254 150 9742 2230 2320 5814 12040 24479 534 1805 5566 1512 2025 2424 108 1580 1775 1040 1394 680 1145 329 1901 520 1015 9013 7948 4042
leaf_count=22034 3071 858 254 150 9742 2230 2320 5814 12040 24479 534 1805 5566 1512 2025 2424 108 1580 1775 1040 1394 680 1145 329 1901 520 1015 9013 7948 4042
internal_value=0.0013088 -0.00108455 -0.000370949 0.000391484 0.00198957 -0.00721637 0.00296212 0.00238315 0.000388959 0.00326961 0.00417618 0.000202399 0.00115993 -0.00290821 -0.00260483 -0.000387383 -0.00347826 -0.00460256 -0.00436242 -0.00139419 -0.0043673 -0.0100381 -0.00678233 -0.00739861 -0.00988259 -0.00628447 -0.0016129 -0.000760412 0.000739689 -0.00169092
internal_weight=129348 52847 47338 36400 15247 5509 76501 51799 15940 35859 24702 2668 11380 10938 10684 4724 2300 3900 5960 5505 2434 788 3170 863 3279 1378 2790 21153 8098 13055
internal_count=129348 52847 47338 36400 15247 5509 76501 51799 15940 35859 24702 2668 11380 10938 10684 4724 2300 3900 5960 5505 2434 788 3170 863 3279 1378 2790 21153 8098 13055
is_linear=0
shrinkage=0.05


Tree=27
num_leaves=31
num_cat=0
split_feature=9 0 9 0 0 0 0 8 4 10 7 0 9 0 7 0 11 1 3 4 0 11 7 8 11 4 8 3 11 3
split_gain=190.604 81.0215 31.3155 23.4911 38.7586 21.7148 34.256 46.0513 27.7665 18.2663 20.9467 17.7064 17.6565 16.8746 16.7569 26.4792 15.9542 15.1754 14.6827 13.6992 13.1471 12.7304 12.6078 19.6849 12.3783 14.5738 12.0612 12.0171 11.6502 14.3138
threshold=27.961718750000006 77.500000000000014 33.072916666666671 35.500000000000007 13.500000000000002 30.500000000000004 50.500000000000007 20.900000000000002 0.24164313636530552 1.0000000180025095e-35 26.612500000000004 1.5000000000000002 30.108333333333338 73.500000000000014 23.962500000000006 8.5000000000000018 1.1250574444522627 4.5000000000000009 0.54219432480460406 0.97832380634958016 85.500000000000014 1.0959530445469128 36.712500000000013 40.650000000000013 1.0226926418345352 -0.97507822412530132 34.350000000000001 0.13398903995667991 1.019720751120565 -0.71504373327588355
decision_type=2 2 2 2 2 2 2 2 2 2 2 2 2 2 2 2 2 2 2 2 2 2 2 2 2 2 2 2 2 2
left_child=5 2 3 4 9 14 7 19 13 -2 -11 -4 -3 -8 -1 21 22 18 24 -7 -14 -16 -13 -24 -5 26 -26 -9 -12 -30
right_child=1 12 11 17 -6 6 8 27 -10 10 28 16 20 -15 15 -17 -18 -19 -20 -21 -22 -23 23 -25 25 -27 -28 -29 29 -31
leaf_value=0.34681566871997382 0.069075606480533167 -0.065003851787580544 -0.18745760750396434 -0.027019690447331681 0.17803636315660049 -0.050363646033221882 0.10243818851968847 0.10580333428577744 0.21805175081736514 0.014261868118669982 -0.049380719260382219 0.0004657702713992445 -0.09714048968154157 -0.018403925918370898 -0.072555977448944084 0.17848009534696754 -0.17559258960911073 0.048648881081865603 0.031825519311681469 -0.15710106896056125 -0.16310574817186504 -0.22042985686505007 -0.26652043343515469 -0.015149686998998392 -0.010245721133831367 -0.065866966115369574 -0.23239445980154252 0.0008246239938027903 -0.17490674412692114 -0.075567160115533105
leaf_weight=21273 2590 5110 184 6209 10089 2320 5814 7000 24479 1786 944 3677 2126 5566 992 2381 684 5554 3522 1580 2671 56 1156 1509 168 3402 368 5040 204 894
leaf_count=21273 2590 5110 184 6209 10089 2320 5814 7000 24479 1786 944 3677 2126 5566 992 2381 684 5554 3522 1580 2671 56 1156 1509 168 3402 368 5040 204 894
internal_value=0.00131653 -0.000992771 -5.23985e-05 0.000554156 0.00193766 0.00291179 0.00233006 0.000401506 0.00318734 -0.00110003 -0.00329415 -0.00305825 -0.00506864 0.00114675 0.00413165 0.000888014 -0.00265727 -0.000633876 -0.00152937 -0.00432051 -0.00724724 -0.00573473 -0.0018748 -0.00449343 -0.00249483 -0.00468766 -0.0123507 0.00193106 -0.00675318 -0.010255
internal_weight=129348 52847 42940 35730 16507 76501 51799 15940 35859 6418 3828 7210 9907 11380 24702 3429 7026 19223 13669 3900 4797 1048 6342 2665 10147 3938 536 12040 2042 1098
internal_count=129348 52847 42940 35730 16507 76501 51799 15940 35859 6418 3828 7210 9907 11380 24702 3429 7026 19223 13669 3900 4797 1048 6342 2665 10147 3938 536 12040 2042 1098
is_linear=0
shrinkage=0.05


Tree=28
num_leaves=31
num_cat=0
split_feature=4 0 7 0 0 0 8 4 3 3 0 10 11 1 0 4 4 7 0 8 0 7 8 8 11 0 3 0 3 3
split_gain=177.12 76.7428 39.5695 42.068 26.165 29.3213 43.736 29.944 19.4659 22.1287 16.0175 15.9705 19.4383 15.2474 15.584 15.6152 13.9578 13.5456 14.5037 19.3956 12.8618 10.8868 10.854 10.8372 10.78 10.7258 10.172 10.1685 12.5344 9.8552
threshold=-0.39827153806311183 78.500000000000014 30.087500000000006 10.500000000000002 29.500000000000004 51.500000000000007 20.900000000000002 0.24164313636530552 1.0000000180025095e-35 0.38243310158943505 3.5000000000000004 1.0000000180025095e-35 0.97407968238158804 4.5000000000000009 68.500000000000014 -0.94137724084408114 0.97832380634958016 24.912500000000005 11.500000000000002 30.550000000000004 73.500000000000014 25.512500000000006 44.000000000000007 30.950000000000003 1.0307298263784668 83.500000000000014 0.91248814248966237 34.500000000000007 1.0000000180025095e-35 0.9962888416657264
decision_type=2 2 2 2 2 2 2 2 2 2 2 2 2 2 2 2 2 2 2 2 2 2 2 2 2 2 2 2 2 2
left_child=1 2 3 11 17 6 16 20 -3 23 -4 -1 -13 14 15 27 -6 -2 19 -19 26 -14 -17 -10 -15 29 -7 -12 -29 -22
right_child=4 8 10 -5 5 7 -8 -9 9 -11 13 12 21 24 -16 22 -18 18 -20 -21 25 -23 -24 -25 -26 -27 -28 28 -30 -31
leaf_value=0.040876415185126941 0.33319850801512135 -0.061358948825043724 -0.17640480063218067 0.089884902736877201 -0.043162757221455156 0.012076194210376817 0.055416628548972884 0.21227005386968636 -0.17900608547410712 -0.087280080175468733 -0.0093689185201647589 0.015356492326655164 0.0099552379285806104 0.1056765475090469 0.035646504254770908 -0.028027251220013556 -0.14312783631020318 -0.21147771071409444 0.15434180103192718 -0.012306983168924847 -0.041538516101789352 -0.10982751970746772 -0.23586711163741092 -0.18752237016462447 -0.027428040734321646 0.027697515859890411 0.35836427916047975 -0.066700780864338546 -0.18150378395423342 -0.14526959671085954
leaf_weight=1889 21452 4650 356 16759 2552 2794 12958 24023 51 3110 922 1273 425 3174 2418 8113 1738 181 1183 704 2080 1807 179 1768 3377 2856 2442 1738 2076 300
leaf_count=1889 21452 4650 356 16759 2552 2794 12958 24023 51 3110 922 1273 425 3174 2418 8113 1738 181 1183 704 2080 1807 179 1768 3377 2856 2442 1738 2076 300
internal_value=0.00131962 -0.000862993 1.07852e-05 0.00150837 0.00288807 0.00225953 0.000576299 0.00310117 -0.00492275 -0.00711199 -0.0014734 -0.00233222 -0.00432953 -0.00130313 -0.00216043 -0.00284464 -0.00379953 0.00427083 0.00040619 -0.00443503 0.000869939 -0.00714158 -0.00153642 -0.0114926 0.000718211 -0.000882353 0.00262223 -0.00513513 -0.00627425 -0.00336134
internal_weight=129348 54085 44506 22153 75263 51743 17248 34495 9579 4929 22353 5394 3505 21997 15446 13028 4290 23520 2068 885 10472 2232 8292 1819 6551 5236 5236 4736 3814 2380
internal_count=129348 54085 44506 22153 75263 51743 17248 34495 9579 4929 22353 5394 3505 21997 15446 13028 4290 23520 2068 885 10472 2232 8292 1819 6551 5236 5236 4736 3814 2380
is_linear=0
shrinkage=0.05


Tree=29
num_leaves=31
num_cat=0
split_feature=9 0 11 3 9 0 0 0 3 0 0 0 0 10 9 7 0 0 7 3 0 9 10 10 8 0 4 9 4 10
split_gain=164.873 61.5611 34.7015 35.5002 22.6065 21.9698 21.5349 33.9403 40.253 24.215 17.4238 33.7704 18.6478 17.1083 17.0221 15.8076 16.2287 15.043 28.7913 24.476 15.3643 29.4055 35.8533 14.2708 15.4375 13.6563 12.8565 15.1923 11.7569 11.4549
threshold=26.989322916666673 77.500000000000014 1.0226926418345352 0.70290292807158605 30.108333333333338 3.5000000000000004 28.500000000000004 50.500000000000007 -0.2270106897347694 36.500000000000007 35.500000000000007 20.500000000000004 62.500000000000007 1.0000000180025095e-35 13.695833333333336 30.312500000000004 6.5000000000000009 72.500000000000014 22.962500000000006 -0.11692013674435776 80.500000000000014 12.703645833333335 1.0000000180025095e-35 1.0000000180025095e-35 17.150000000000002 75.500000000000014 0.14037931941357643 29.979947916666667 -0.99983123799342477 1.0000000180025095e-35
decision_type=2 2 2 2 2 2 2 2 2 2 2 2 2 2 2 2 2 2 2 2 2 2 2 2 2 2 2 2 2 2
left_child=6 2 15 5 -3 -4 -1 8 -8 23 11 13 26 -7 -11 16 -2 -9 20 -20 21 22 -19 24 -10 -21 27 -12 -17 -14
right_child=1 4 3 -5 -6 10 7 17 9 14 12 -13 29 -15 -16 28 -18 18 19 25 -22 -23 -24 -25 -26 -27 -28 -29 -30 -31
leaf_value=0.32428852157920862 -0.032358532257820628 -0.044044321579410219 -0.13410981753153273 0.066888403210911426 -0.12136446835534419 0.017864864270052981 0.12411544196971898 0.26417084009113012 -0.35262531395360597 -0.13292328337574863 -0.046899025503850951 0.15876242315916939 0.19894696309753526 -0.073483682927923913 -0.032661328202124501 -0.26074974471863088 0.11164616737938048 0.12820345113775886 0.046460859751133371 0.092604251200313958 0.25601421616330811 0.10236415806207617 -0.12120050911810826 0.19145952542026259 -0.010164981363917526 -0.110482238860312 -0.1251773103262129 -0.1388739190353756 0.006015733402589255 -0.044289854470550269
leaf_weight=20150 2289 6946 932 4810 4797 1530 6072 15286 88 2030 2806 3495 1349 2428 3836 89 13372 376 2205 299 8527 3000 488 1944 1320 1090 81 3379 12211 2123
leaf_count=20150 2289 6946 932 4810 4797 1530 6072 15286 88 2030 2806 3495 1349 2428 3836 89 13372 376 2205 299 8527 3000 488 1944 1320 1090 81 3379 12211 2123
internal_value=0.00132155 -0.000520698 0.000232248 -0.00120939 -0.00378396 -0.00222287 0.0030513 0.00246032 0.000529758 -0.0015524 -0.00181752 2.0128e-06 -0.0032101 -0.00316069 -0.0034896 0.00141465 0.00246823 0.00340427 0.00233187 -0.00160824 0.0034747 0.000859213 -0.00726852 0.00183771 -0.00199574 -0.00680706 -0.00483881 -0.00457963 7.31709e-05 -0.000270737
internal_weight=129348 62637 50894 22933 11743 18123 66711 46561 15290 9218 17191 7453 9738 3958 5866 27961 15661 31271 15985 3594 12391 3864 864 3352 1408 1389 6266 6185 12300 3472
internal_count=129348 62637 50894 22933 11743 18123 66711 46561 15290 9218 17191 7453 9738 3958 5866 27961 15661 31271 15985 3594 12391 3864 864 3352 1408 1389 6266 6185 12300 3472
is_linear=0
shrinkage=0.05


Tree=30
num_leaves=31
num_cat=0
split_feature=4 0 11 0 0 9 9 0 7 0 0 7 0 0 7 1 0 8 10 8 10 9 11 8 11 1 10 0 0 3
split_gain=153.015 62.6962 33.6785 24.6052 26.9797 36.7239 26.4781 16.9055 16.331 15.8504 23.7764 15.5056 14.8652 20.2481 14.2905 13.8962 13.868 17.9356 12.8715 12.2252 11.7005 11.3367 11.3246 10.9872 11.5221 13.4775 10.743 14.1653 39.6518 10.5622
threshold=-0.39827153806311183 82.500000000000014 1.0307298263784668 29.500000000000004 51.500000000000007 15.127864583333336 24.631250000000005 1.5000000000000002 27.312500000000004 3.5000000000000004 39.500000000000007 33.412500000000016 16.500000000000004 34.500000000000007 24.687500000000004 4.5000000000000009 12.500000000000002 30.550000000000004 1.0000000180025095e-35 12.650000000000002 1.0000000180025095e-35 12.070312500000002 0.96595727420028521 33.150000000000013 1.0267603807040537 1.5000000000000002 1.0000000180025095e-35 70.500000000000014 82.500000000000014 -0.70291267844185523
decision_type=2 2 2 2 2 2 2 2 2 2 2 2 2 2 2 2 2 2 2 2 2 2 2 2 2 2 2 2 2 2
left_child=1 2 9 14 5 19 21 -4 -3 -1 -11 12 18 -14 -2 -12 17 -16 -9 -5 -8 26 -10 24 -22 -26 -6 -28 -29 -20
right_child=3 8 7 4 6 -7 20 11 22 10 15 -13 13 -15 16 -17 -18 -19 29 -21 23 -23 -24 -25 25 -27 27 28 -30 -31
leaf_value=-0.075142425410711658 0.30893903222267716 -0.031644977009590326 -0.13395983608086123 -0.29566723021978369 0.26115137269220351 0.054271936776062728 0.12453184054658423 0.0062958823815326753 -0.0494968875309224 0.11559039601078974 -0.0238656726424517 -0.082412033744645008 0.11023929844067437 -0.028191582267214493 -0.19571316152404417 0.082145852629785465 0.15813269195877225 -0.008715462399853928 -0.16657790179917431 -0.067656885946764028 -0.0079727397726153809 0.23231323363086462 -0.140408710420654 0.067955760459586192 -0.17083828764025927 -0.042217053199123548 0.11536958916811386 -0.11708669815185857 0.095904708496545699 -0.057814921317663893
leaf_weight=1308 21222 2143 474 88 1364 12628 3740 1465 1333 11782 10167 5606 4064 5906 228 3902 1256 814 240 4532 3168 21075 3853 2200 308 836 779 492 533 1842
leaf_count=1308 21222 2143 474 88 1364 12628 3740 1465 1333 11782 10167 5606 4064 5906 228 3902 1256 814 240 4532 3168 21075 3853 2200 308 836 779 492 533 1842
internal_value=0.00133392 -0.00069474 -2.07458e-05 0.00279174 0.00218223 0.000567602 0.00298956 -0.0016005 -0.00499454 0.00111915 0.00139086 -0.00136929 -0.000452393 0.00053661 0.00413265 3.19871e-06 0.000387293 -0.00387716 -0.00323231 -0.00324675 0.000859345 0.0038904 -0.00651176 -0.000420761 -0.00188775 -0.00618881 0.00110164 -0.00143015 -0.00529268 -0.00575889
internal_weight=129348 54085 46756 75263 51743 17248 34495 19597 7329 27159 25851 19123 13517 9970 23520 14069 2298 1042 3547 4620 10252 24243 5186 6512 4312 1144 3168 1804 1025 2082
internal_count=129348 54085 46756 75263 51743 17248 34495 19597 7329 27159 25851 19123 13517 9970 23520 14069 2298 1042 3547 4620 10252 24243 5186 6512 4312 1144 3168 1804 1025 2082
is_linear=0
shrinkage=0.05


Tree=31
num_leaves=31
num_cat=0
split_feature=9 0 0 4 3 7 0 3 0 0 0 7 0 10 3 10 10 8 11 1 3 4 8 11 0 7 11 9 9 9
split_gain=142.966 52.4051 49.9538 33.6621 28.9382 22.687 21.25 28.1486 37.6377 27.919 19.8225 43.5212 23.1642 27.1722 39.3244 18.6088 17.9093 17.5758 16.9205 15.4468 19.126 19.6304 16.6333 14.1665 14.1168 14.1133 13.7975 13.5156 12.0586 26.8581
threshold=26.989322916666673 39.500000000000007 14.500000000000002 -0.9260227363677036 1.0000000180025095e-35 27.212500000000006 25.500000000000004 -0.2270106897347694 50.500000000000007 36.500000000000007 72.500000000000014 23.112500000000004 81.500000000000014 1.0000000180025095e-35 0.54940630780725741 1.0000000180025095e-35 1.0000000180025095e-35 30.950000000000003 1.0871761346197866 2.5000000000000004 -0.98046803196378884 -0.36648370705903521 33.850000000000001 1.2099088115144543 75.500000000000014 23.837500000000006 1.0022599257946228 11.53671875 35.273437500000007 34.057291666666679
decision_type=2 2 2 2 2 2 2 2 2 2 2 2 2 2 2 2 2 2 2 2 2 2 2 2 2 2 2 2 2 2
left_child=6 2 5 4 18 23 25 -8 9 15 -10 12 13 -12 -15 -9 -7 -6 -3 20 22 -22 -5 -2 -13 -1 27 -11 29 -19
right_child=1 3 -4 19 17 16 7 8 10 26 11 24 -14 14 -16 -17 -18 28 -20 -21 21 -23 -24 -25 -26 -27 -28 -29 -30 -31
leaf_value=0.35888576242479703 0.012317563180959728 0.0091262885542150226 0.11605860804382583 -0.10258655753785054 -0.24875189354621485 -0.02030431416370199 0.16570849295460188 -0.045213483202343502 0.24481430690080011 -0.20603705518273616 0.13456903341338755 0.078196038504308119 0.19714273348953393 -0.096606812837147518 0.081121700495569382 0.20867983442525234 -0.10112981071315569 -0.094156418552070242 -0.12498197583950599 0.0099518140032857569 -0.05767655038099289 0.07999017119483133 0.090197104026301142 -0.18880075893507675 -0.10910186169146985 -0.024353297638896973 -0.10100466490031546 -0.0010552611500301624 0.053640734027813053 -0.28291521107235174
leaf_weight=17052 5772 3892 16331 616 56 2138 19319 1936 9215 112 1430 291 5327 855 715 2673 1835 4062 1512 14517 7769 2408 168 50 1019 1013 3038 2716 392 1119
leaf_count=17052 5772 3892 16331 616 56 2138 19319 1936 9215 112 1430 291 5327 855 715 2673 1835 4062 1512 14517 7769 2408 168 50 1019 1013 3038 2716 392 1119
internal_value=0.00134088 -0.000374619 0.00133507 -0.00159801 -0.0039051 -0.001488 0.00295161 0.0024078 0.00143162 -0.00097136 0.00276682 0.00118138 0.00251411 -0.001 -0.0055414 0.00194077 -0.00440096 -0.00641411 -0.00129164 -0.000598948 -0.00201578 -0.00143608 -0.00954082 0.000499828 -0.00729008 0.004416 -0.00325946 -0.00074611 -0.00613404 -0.00677379
internal_weight=129348 62637 26126 36511 11033 9795 66711 48646 29327 10475 18852 9637 8327 3000 1570 4609 3973 5629 5404 25478 10961 10177 784 5822 1310 18065 5866 2828 5573 5181
internal_count=129348 62637 26126 36511 11033 9795 66711 48646 29327 10475 18852 9637 8327 3000 1570 4609 3973 5629 5404 25478 10961 10177 784 5822 1310 18065 5866 2828 5573 5181
is_linear=0
shrinkage=0.05


Tree=32
num_leaves=31
num_cat=0
split_feature=9 0 0 7 0 0 3 0 3 10 0 0 0 1 11 3 0 0 10 9 8 10 4 11 8 11 8 7 0 10
split_gain=137.512 50.5595 31.5813 38.7586 25.8448 29.2486 33.9714 25.9377 22.5353 19.4357 19.0607 16.6134 16.6103 17.5805 16.2912 15.8055 13.5027 29.1344 32.1882 31.3382 26.9991 12.1429 11.9788 11.8263 11.6381 11.4041 14.5329 10.9731 14.8727 10.5476
threshold=26.247916666666669 76.500000000000014 3.5000000000000004 29.912500000000005 24.500000000000004 51.500000000000007 -0.51297808981038739 36.500000000000007 0.79904096188274243 1.0000000180025095e-35 43.500000000000007 15.500000000000002 68.500000000000014 4.5000000000000009 1.1135526900622577 -0.52032787705993211 72.500000000000014 82.500000000000014 1.0000000180025095e-35 12.200520833333334 31.950000000000003 1.0000000180025095e-35 -0.16799793862756093 0.98966156713236464 17.650000000000002 0.80519389663381347 33.550000000000004 26.987500000000004 87.500000000000014 1.0000000180025095e-35
decision_type=2 2 2 2 2 2 2 2 2 2 2 2 2 2 2 2 2 2 2 2 2 2 2 2 2 2 2 2 2 2
left_child=4 2 -2 11 -1 6 -6 9 12 24 -9 14 13 -5 29 -3 -7 18 -18 -20 -21 -12 -19 -23 -8 26 -17 -27 -29 -4
right_child=1 15 3 8 5 16 7 10 -10 -11 21 -13 -14 -15 -16 25 17 22 19 20 -22 23 -24 -25 -26 27 -28 28 -30 -31
leaf_value=0.36093392388310974 -0.081584371041479115 -0.0086672330192430619 0.12788262380579804 -0.057647847491245408 0.16513928425694058 0.26204330417362803 -0.23978795820704679 -0.094299008482787133 0.099017583970153686 0.20817336217987067 0.11408815384509566 0.10464724531958512 0.075683430844837821 0.013276224696018022 -0.10951177997519884 -0.11116201634432066 0.15784559693993327 -0.076083690555617867 -0.11236361509430384 -0.0039369378985692821 -0.15225048699188282 0.061223064838443121 0.24753781356388849 -0.088283547047692243 -0.0028947533766215824 -0.0081498426057058579 -1.4057284135452648 -0.066195939184914065 -0.13639928756522615 -0.0084601095765904615
leaf_weight=16100 2816 4180 2578 13854 5049 13520 228 3199 3760 3060 1616 17326 2843 5859 697 76 2840 208 430 2940 230 728 8164 1312 2196 1779 76 4533 2718 4433
leaf_count=16100 2816 4180 2578 13854 5049 13520 228 3199 3760 3060 1616 17326 2843 5859 697 76 2840 208 430 2940 230 728 8164 1312 2196 1779 76 4533 2718 4433
internal_value=0.00135905 -0.000200805 0.000478714 0.000761441 0.00306292 0.00245626 0.00084196 -0.000571764 -0.000578355 0.00199125 -0.00262217 0.00216985 -0.00117574 -0.00169102 0.000238713 -0.0029554 0.00344699 0.00240413 -0.000124223 -0.00326389 -0.00154574 -0.000155908 0.00434902 -0.00272059 -0.00135314 -0.00411566 -0.0176974 -0.00388704 -0.00475038 0.000963486
internal_weight=129348 67528 54166 51350 61820 45720 17388 12339 26316 5484 6855 25034 22556 19713 7708 13362 28332 14812 6440 3600 3170 3656 8372 2040 2424 9182 152 9030 7251 7011
internal_count=129348 67528 54166 51350 61820 45720 17388 12339 26316 5484 6855 25034 22556 19713 7708 13362 28332 14812 6440 3600 3170 3656 8372 2040 2424 9182 152 9030 7251 7011
is_linear=0
shrinkage=0.05


Tree=33
num_leaves=31
num_cat=0
split_feature=9 0 9 0 0 3 0 0 0 10 0 4 3 1 8 3 10 3 11 10 0 0 9 8 3 11 3 10 8 8
split_gain=132.086 45.138 28.4028 25.1239 27.1352 31.4444 23.4965 19.8961 40.7647 18.7504 16.661 16.0794 15.9905 16.8294 15.8252 15.6269 14.1535 14.799 16.5831 13.1581 19.4225 38.2768 29.2889 28.2442 11.5342 11.4087 13.1536 11.0481 10.7939 10.6968
threshold=26.247916666666669 77.500000000000014 33.187500000000007 24.500000000000004 51.500000000000007 -0.51297808981038739 36.500000000000007 36.500000000000007 11.500000000000002 1.0000000180025095e-35 44.500000000000007 -0.84313311835787952 0.9053161325100999 2.5000000000000004 40.650000000000013 -0.9954993026558282 1.0000000180025095e-35 -0.65234524191686594 1.0923437463937298 1.0000000180025095e-35 72.500000000000014 83.500000000000014 13.074218750000002 30.550000000000004 0.534952257794027 1.0871761346197866 -0.082689790342551819 1.0000000180025095e-35 17.650000000000002 39.45000000000001
decision_type=2 2 2 2 2 2 2 2 2 2 2 2 2 2 2 2 2 2 2 2 2 2 2 2 2 2 2 2 2 2
left_child=3 2 7 -1 5 -5 9 8 16 28 -8 25 13 15 29 -9 -2 18 -18 -6 -21 22 24 -24 -22 26 -3 -17 -7 -4
right_child=1 11 14 4 19 6 10 12 -10 -11 -12 -13 -14 -15 -16 27 17 -19 -20 20 21 -23 23 -25 -26 -27 -28 -29 -30 -31
leaf_value=0.34288722768895358 0.061255441490636775 -0.0111389522604349 -0.054063422893239933 0.15688232004409297 0.28531600965016002 -0.22779856029669451 -0.087270491682197859 -0.089883513953600558 0.13612363870631827 0.1977646940708768 0.0030296384330179642 -0.028081540752620551 0.13985971182002868 0.016032999425699555 0.00028314211797425402 0.015242503692965082 -0.077177308815357948 -0.012983949287670705 -0.16154982595047551 0.20290224244925242 -0.10323325838399598 0.1539513180316778 0.044317573619008496 -0.11396262151899494 0.12443470564514314 -0.16537049097061532 -0.12218980142896266 -0.053791351067233595 -0.0027500157077911518 -0.13930513686673351
leaf_weight=16100 2712 1827 1398 5049 12496 228 3656 246 15409 3060 3199 7293 2460 13157 3178 3567 1296 3210 180 7556 682 4320 2563 616 99 1134 2407 5809 2196 2245
leaf_count=16100 2712 1827 1398 5049 12496 228 3656 246 15409 3060 3199 7293 2460 13157 3178 3567 1296 3210 180 7556 682 4320 2563 616 99 1134 2407 5809 2196 2245
internal_value=0.00137683 -0.000151937 0.000469043 0.00304675 0.0024486 0.00089372 -0.000466407 0.000897682 0.00196804 0.00197301 -0.00241794 -0.00284298 -6.95351e-05 -0.00048312 -0.00255021 -0.00207233 -0.00108272 -0.00274648 -0.00689024 0.00340287 0.00244569 0.000772947 -0.00277778 -0.000646429 -0.0114533 -0.0049199 -0.00372697 -0.00174595 -0.00131188 -0.00479962
internal_weight=129348 67528 54867 61820 45720 17388 12339 48046 22807 5484 6855 12661 25239 22779 6821 9622 7398 4686 1476 28332 15836 8280 3960 3179 781 5368 4234 9376 2424 3643
internal_count=129348 67528 54867 61820 45720 17388 12339 48046 22807 5484 6855 12661 25239 22779 6821 9622 7398 4686 1476 28332 15836 8280 3960 3179 781 5368 4234 9376 2424 3643
is_linear=0
shrinkage=0.05


Tree=34
num_leaves=31
num_cat=0
split_feature=9 0 11 3 0 9 4 0 3 0 0 0 0 7 0 10 0 4 9 8 0 0 0 10 3 7 0 10 0 0
split_gain=127.306 40.6081 28.8222 30.038 24.8434 27.7156 18.5139 18.4755 21.1681 19.2662 14.7125 18.9363 14.3908 13.1187 14.6077 12.7621 12.6602 11.8067 11.7965 11.7216 12.069 20.367 11.5569 11.0003 10.4208 10.0756 19.265 20.5141 13.5781 12.3364
threshold=26.247916666666669 76.500000000000014 1.0236468970418959 0.78325454425165997 24.500000000000004 11.53671875 0.19126587156512342 49.500000000000007 -0.59869031648930193 36.500000000000007 3.5000000000000004 36.500000000000007 1.5000000000000002 27.587500000000006 87.500000000000014 1.0000000180025095e-35 43.500000000000007 -0.94703994556331683 33.875000000000007 31.950000000000003 74.500000000000014 84.500000000000014 52.500000000000007 1.0000000180025095e-35 -0.99372698525316483 30.887500000000006 20.500000000000004 1.0000000180025095e-35 35.500000000000007 67.500000000000014
decision_type=2 2 2 2 2 2 2 2 2 2 2 2 2 2 2 2 2 2 2 2 2 2 2 2 2 2 2 2 2 2
left_child=4 2 10 6 -1 22 12 8 -7 15 -2 -12 -4 -3 -15 -10 -11 18 -13 -9 -21 -22 -6 -16 -19 26 27 -14 -28 -27
right_child=1 13 3 -5 5 7 -8 19 9 16 11 17 25 14 23 -17 -18 24 -20 20 21 -23 -24 -25 -26 29 28 -29 -30 -31
leaf_value=0.32574286630450616 -0.063323325648167436 -0.012971359963476994 -0.12131538132928162 0.073825322279337358 -0.11500276092883036 0.16506090890456188 -0.25252315615582382 0.17526610076537852 -0.0059962058610206976 -0.068450907080070719 0.11936472410059601 -0.022100860048346833 0.035274196244551324 -0.050764325063594157 -0.085330007560473459 0.21771556857816662 0.014407020754980357 -0.050289287145427713 -0.20667694880318918 0.10454235328483748 -0.14160609408084118 0.034154677982378749 0.017133832439267048 -0.14053816926497123 0.045547342665398574 -0.073154311327218627 0.15394999239568455 -0.06343503171027208 -0.022342907729979777 0.050418171087018487
leaf_weight=16100 1608 4986 492 4221 1512 4125 77 25664 2292 2975 13276 3508 1489 5466 1489 2808 2550 600 359 800 320 352 2322 1421 11635 7578 2815 2821 2326 1361
leaf_count=16100 1608 4986 492 4221 1512 4125 77 25664 2292 2975 13276 3508 1489 5466 1489 2808 2550 600 359 800 320 352 2322 1421 11635 7578 2815 2821 2326 1361
internal_value=0.00137335 -0.000127502 0.000481483 -0.000852027 0.00301278 0.00241798 -0.0017013 0.00279043 0.0013661 0.000185883 0.00147906 0.00173395 -0.00160153 -0.00259617 -0.00380492 0.00240196 -0.00185973 0.000581294 -0.001827 0.00356464 -0.000774456 -0.00571429 -0.00165102 -0.00666667 0.00134246 -0.00137575 -0.000237541 -0.00270302 0.00182941 -0.00257915
internal_weight=129348 67528 54166 23180 61820 45720 18959 41886 14750 10625 30986 29378 18882 13362 8376 5100 5525 16102 3867 27136 1472 672 3834 2910 12235 18390 9451 4310 5141 8939
internal_count=129348 67528 54166 23180 61820 45720 18959 41886 14750 10625 30986 29378 18882 13362 8376 5100 5525 16102 3867 27136 1472 672 3834 2910 12235 18390 9451 4310 5141 8939
is_linear=0
shrinkage=0.05


Tree=35
num_leaves=31
num_cat=0
split_feature=4 0 0 7 0 0 4 11 0 10 3 7 0 3 0 8 11 0 1 10 3 9 0 8 11 0 3 3 11 3
split_gain=121.75 43.877 27.5325 32.8289 26.9077 25.4092 26.2004 17.5064 16.3317 16.045 16.1619 17.431 34.4316 15.4509 15.6901 15.3298 13.2829 13.1213 12.7144 11.9668 12.4188 11.1339 10.8576 10.3179 10.1415 10.0504 9.61563 13.6854 11.3224 11.5425
threshold=-0.15101602693478741 76.500000000000014 4.5000000000000009 30.887500000000006 25.500000000000004 52.500000000000007 0.97461712852231652 1.0916629031903622 36.500000000000007 1.0000000180025095e-35 -0.99372698525316483 13.812500000000002 84.500000000000014 0.9053161325100999 68.500000000000014 29.150000000000002 0.99880428533532839 20.500000000000004 5.5000000000000009 1.0000000180025095e-35 0.039769539193789977 30.140625000000004 46.500000000000007 29.850000000000005 0.92664623957318337 35.500000000000007 1.0000000180025095e-35 0.38243310158943505 1.0871761346197866 -0.87395131947920313
decision_type=2 2 2 2 2 2 2 2 2 2 2 2 2 2 2 2 2 2 2 2 2 2 2 2 2 2 2 2 2 2
left_child=1 2 15 7 -2 6 8 -4 -6 -7 24 12 -12 14 18 -1 -10 19 21 -9 -21 -5 -23 -13 -11 -19 28 -28 -3 -30
right_child=4 26 3 13 5 9 -8 17 16 10 11 23 -14 -15 -16 -17 -18 25 -20 20 -22 22 -24 -25 -26 -27 27 -29 29 -31
leaf_value=-0.43569894074268523 0.27654981271974066 -0.0078801908706374029 0.070651117531715366 -0.011334206466400662 0.13468959937551206 0.25912058826449286 -0.081312316891431993 0.020309872179539744 0.061461083581390602 0.16127776694557072 -0.070624117604651579 0.18370794656064965 0.16844417426192992 0.18329035814729283 0.083355318234352715 -0.063931244608418661 -0.034247364399589052 0.13708640222057195 0.048756493513096189 -0.13174383713153659 -0.018303889173816836 -0.036072769943509823 -0.10525523204142447 0.0241175182867196 -0.074751525861190035 -0.057506380738311602 -0.1359726020609143 -0.057715842686918234 -0.17598008466845685 -0.10473806894145446
leaf_weight=75 18070 4854 22553 5368 6479 13115 2862 629 4832 301 1325 9259 1326 1570 2455 3190 4592 1328 2505 624 512 3780 4679 3741 817 968 2033 4271 76 1159
leaf_count=75 18070 4854 22553 5368 6479 13115 2862 629 4832 301 1325 9259 1326 1570 2455 3190 4592 1328 2505 624 512 3780 4679 3741 817 968 2033 4271 76 1159
internal_value=0.00137644 -0.000206853 0.000450474 0.000759086 0.00286268 0.00225071 0.000808687 0.00191516 0.00160127 0.0031562 0.00213161 0.00254648 -0.00114862 -0.000752321 -0.00115053 -0.00398928 0.000272708 -0.00110687 -0.00171075 -0.00434844 -0.00741197 -0.00230455 -0.0034348 0.0033 -0.00367621 0.00138502 -0.00287138 -0.00424016 -0.00145426 -0.00572874
internal_weight=129348 62629 50236 46971 66719 48649 18765 26614 15903 29884 16769 15651 2651 20357 18787 3265 9424 4061 16332 1765 1136 13827 8459 13000 1118 2296 12393 6304 6089 1235
internal_count=129348 62629 50236 46971 66719 48649 18765 26614 15903 29884 16769 15651 2651 20357 18787 3265 9424 4061 16332 1765 1136 13827 8459 13000 1118 2296 12393 6304 6089 1235
is_linear=0
shrinkage=0.05


Tree=36
num_leaves=31
num_cat=0
split_feature=9 9 0 0 0 3 0 0 0 0 10 11 10 4 8 10 4 10 11 3 1 11 3 3 11 11 3 0 9 0
split_gain=115.248 36.7176 32.2735 39.083 24.9041 25.4214 28.2606 20.6785 19.2203 34.4696 30.2355 17.9277 17.731 17.2368 31.1796 16.2563 15.58 15.3322 22.7169 18.96 15.6678 16.5038 18.0628 14.3764 15.6132 13.8114 12.9354 12.9237 12.4539 11.8619
threshold=26.247916666666669 33.187500000000007 36.500000000000007 14.500000000000002 23.500000000000004 -0.2270106897347694 52.500000000000007 35.500000000000007 72.500000000000014 84.500000000000014 1.0000000180025095e-35 1.1250574444522627 1.0000000180025095e-35 0.84199059757024453 29.750000000000004 1.0000000180025095e-35 -0.99465740988130902 1.0000000180025095e-35 0.80519389663381347 0.30983042691905771 2.5000000000000004 1.0326169115782082 0.29342972903661901 -0.65234524191686594 1.1102543501962845 0.80519389663381347 1.0000000180025095e-35 16.500000000000004 11.53671875 85.500000000000014
decision_type=2 2 2 2 2 2 2 2 2 2 2 2 2 2 2 2 2 2 2 2 2 2 2 2 2 2 2 2 2 2
left_child=4 2 3 15 -1 -6 7 12 -8 10 -10 29 -7 14 -12 25 26 18 -18 20 21 22 -19 24 -17 -2 -4 -13 -9 -3
right_child=1 11 16 -5 5 6 8 28 9 -11 13 27 -14 -15 -16 23 17 19 -20 -21 -22 -23 -24 -25 -26 -27 -28 -29 -30 -31
leaf_value=0.30862795769509149 -0.35272167663536125 -0.038753926184560798 -0.015633693902503267 0.14655031361450119 0.15476874822973477 -0.037895837364604071 0.22696411179010167 -0.12741035506631349 0.092913676450851856 0.18306940966983665 0.090810481971775769 -0.23758400461812715 0.20183534067264142 -0.083803870989835383 -0.10968762543922091 -0.067553977067722717 -0.4222344021430055 -0.034245975555901732 0.038175236797461258 0.021721532486969369 -0.012435279081809731 -0.11215752464288671 -0.23558389583411468 -0.009627100716777753 -0.15518602991793987 0.085016359447723622 -0.17098715137971732 -0.13936607999864867 -0.031302159098442063 -0.16568685014861398
leaf_weight=15456 60 6829 944 13562 17495 2088 8017 901 2088 4411 984 136 2724 1140 600 1725 236 4246 12443 7242 8168 2006 59 4010 120 3330 989 632 5916 791
leaf_count=15456 60 6829 944 13562 17495 2088 8017 901 2088 4411 984 136 2724 1140 600 1725 236 4246 12443 7242 8168 2006 59 4010 120 3330 989 632 5916 791
internal_value=0.00137528 -5.27187e-05 0.000386371 0.00186061 0.00293513 0.00235571 0.00144428 -0.000460487 0.00272912 0.00117261 -0.00175395 -0.00314855 0.00204904 -0.00522394 -0.00184975 -0.000646295 -0.000539041 -0.000293604 0.00108802 -0.00110009 -0.00214483 -0.004016 -0.00227062 -0.00224167 -0.00589431 0.00210914 -0.00490688 -0.0104297 -0.00223192 -0.0024147
internal_weight=129348 67528 59140 22807 61820 46364 28869 11629 17240 9223 4812 8388 4812 2724 1584 9245 36333 34400 12679 21721 14479 6311 4305 5855 1845 3390 1933 768 6817 7620
internal_count=129348 67528 59140 22807 61820 46364 28869 11629 17240 9223 4812 8388 4812 2724 1584 9245 36333 34400 12679 21721 14479 6311 4305 5855 1845 3390 1933 768 6817 7620
is_linear=0
shrinkage=0.05


Tree=37
num_leaves=31
num_cat=0
split_feature=4 0 0 0 7 0 3 0 10 8 10 0 0 9 8 3 11 3 9 0 0 11 3 7 10 9 11 8 10 1
split_gain=111.079 38.2668 25.7904 25.3363 29.637 22.4528 23.2641 16.8921 20.8825 15.5947 14.5677 16.956 37.9938 26.2589 17.2424 13.2738 13.0014 11.6799 11.1918 10.8401 10.3581 10.3129 10.0964 9.95219 10.5056 9.62751 10.4533 13.7512 9.31774 9.00638
threshold=-0.15101602693478741 77.500000000000014 23.500000000000004 6.5000000000000009 30.887500000000006 52.500000000000007 -0.35846811432664222 35.500000000000007 1.0000000180025095e-35 29.150000000000002 1.0000000180025095e-35 71.500000000000014 81.500000000000014 13.074218750000002 28.550000000000004 0.39827038710620805 1.0916629031903622 -0.97694226132849327 11.53671875 20.500000000000004 44.500000000000007 1.1102543501962845 0.534952257794027 30.412500000000005 1.0000000180025095e-35 33.187500000000007 1.1054431876437014 38.850000000000001 1.0000000180025095e-35 5.5000000000000009
decision_type=2 2 2 2 2 2 2 2 2 2 2 2 2 2 2 2 2 2 2 2 2 2 2 2 2 2 2 2 2 2
left_child=1 3 -2 9 16 6 23 8 -8 -1 -7 17 13 22 -15 29 -5 -12 -9 28 -20 -11 -13 -4 -25 -3 -27 -28 -18 -6
right_child=2 25 5 4 15 10 7 18 -10 21 11 12 -14 14 -16 -17 19 -19 20 -21 -22 -23 -24 24 -26 26 27 -29 -30 -31
leaf_value=-0.35632236121352961 0.271196437740025 -0.045672041376329825 0.12302821547394863 0.070247361662900284 -0.048673634385498724 0.23898686885279644 -0.040600205984492689 -0.12032154580315856 0.19159966917920804 -0.037075503743975051 -0.023563258531757884 -0.094532770376089564 0.097455444117939161 0.051658826781809525 -0.071222345763090403 0.023010634693943228 0.019873540460643976 0.21246578227080978 -0.058744186401674482 0.030782432749078645 0.018129451803819085 -0.11733898579161434 0.088922094336488663 0.12122917759196926 -0.07406079066359271 -0.11781784723498452 -0.21346610187723969 -0.15009716082128555 -0.077373676237107059 0.045612214992363939
leaf_weight=105 16680 10176 7250 21906 10141 13115 2244 918 2820 3961 874 620 5460 1850 1340 8424 555 6535 3312 2355 2944 504 90 292 375 1279 72 216 994 1941
leaf_count=105 16680 10176 7250 21906 10141 13115 2244 918 2820 3961 874 620 5460 1850 1340 8424 555 6535 3312 2355 2944 504 90 292 375 1279 72 216 994 1941
internal_value=0.00137412 -0.000138195 0.00279373 0.000455528 0.000805985 0.00222616 0.000936492 -0.000429809 0.0017812 -0.00309628 0.00309597 0.00211969 0.000705128 -0.0030641 -0.00112853 -0.000612991 0.00193336 0.00390674 -0.00199052 -0.000724897 -0.00123402 -0.00264838 -0.0117606 0.0030485 -0.0027961 -0.00271098 -0.00635928 -0.0149653 -0.00397353 -0.00167522
internal_weight=129348 62629 66719 50886 46316 50039 20155 12238 5064 4570 29884 16769 9360 3900 3190 20506 25810 7409 7174 3904 6256 4465 710 7917 667 11743 1567 288 1549 12082
internal_count=129348 62629 66719 50886 46316 50039 20155 12238 5064 4570 29884 16769 9360 3900 3190 20506 25810 7409 7174 3904 6256 4465 710 7917 667 11743 1567 288 1549 12082
is_linear=0
shrinkage=0.05


Tree=38
num_leaves=31
num_cat=0
split_feature=9 9 0 0 0 9 8 10 0 3 0 11 4 0 4 3 11 10 0 7 3 7 3 3 1 11 4 0 9 10
split_gain=106.938 31.2568 27.1835 38.7019 24.673 23.826 17.9868 16.8748 16.5364 18.9889 16.2506 16.0442 19.3205 14.9182 14.8489 13.8225 13.963 13.6833 12.0165 26.1034 16.7185 11.6691 11.3181 11.1075 14.6389 11.0624 11.5151 10.8406 10.8398 12.4444
threshold=26.247916666666669 33.187500000000007 35.500000000000007 15.500000000000002 23.500000000000004 11.341666666666669 40.650000000000013 1.0000000180025095e-35 51.500000000000007 -0.59869031648930193 36.500000000000007 1.0226926418345352 -0.99983123799342477 43.500000000000007 -0.97874870457683594 -0.65234524191686594 1.1102543501962845 1.0000000180025095e-35 72.500000000000014 22.662500000000005 0.21022171450811275 24.687500000000004 0.039769539193789977 -0.89015004145349408 1.5000000000000002 0.80519389663381347 -0.99628250747696534 80.500000000000014 14.300520833333335 1.0000000180025095e-35
decision_type=2 2 2 2 2 2 2 2 2 2 2 2 2 2 2 2 2 2 2 2 2 2 2 2 2 2 2 2 2 2
left_child=4 2 3 7 21 -6 -3 25 9 -7 17 12 -4 -12 22 16 -9 -11 -10 27 -21 -1 -13 24 -16 -2 -27 28 29 -20
right_child=1 6 11 -5 5 8 -8 15 18 10 13 14 -14 -15 23 -17 -18 -19 19 20 -22 -23 -24 -25 -26 26 -28 -29 -30 -31
leaf_value=0.28363607049279471 -0.32708168668943771 -0.1117837027679785 -0.46520843295557823 0.15159948313227067 -0.034888308124778833 0.14310915817733816 -0.0121398228461711 -0.064308165915656967 0.22691268370428191 -0.0084039904804495899 -0.064738790364929744 -0.032054289432571541 0.011547719195525465 0.020366603278422418 -0.12354954868012227 -0.0081749536544961816 -0.14227033770832517 0.19351068802590571 0.068363058040545197 0.024945298033344221 -0.087013855677432486 -0.2814194883726821 -0.17400127606509461 -0.018685649807429632 -0.032900811422772007 -0.12970231099666754 0.11334270037492233 0.2188934593951738 0.085220421689076051 -0.067092899647810469
leaf_weight=15391 64 4472 120 12330 3456 4620 3916 1840 12512 2535 3017 596 21933 3448 360 4276 128 3068 504 1595 1134 65 710 12271 960 128 3424 7599 2372 504
leaf_count=15391 64 4472 120 12330 3456 4620 3916 1840 12512 2535 3017 596 21933 3448 360 4276 128 3068 504 1595 1134 65 710 12271 960 128 3424 7599 2372 504
internal_value=0.00136948 -6.07137e-06 0.000399053 0.00178233 0.00287205 0.00229532 -0.00286242 -0.000552738 0.00261699 0.00138663 0.000343056 -0.000431664 0.000424659 -0.00136504 -0.00169934 -0.00212684 -0.00559451 0.00231394 0.00340008 0.00237744 -0.0019989 0.0046021 -0.00679173 -0.00120999 -0.00556818 0.00216538 0.0025366 0.00346525 0.00110947 -0.00323413
internal_weight=129348 67528 59140 22190 61820 46364 8388 9860 42908 16688 12068 36950 22053 6465 14897 6244 1968 5603 26220 13708 2729 15456 1306 13591 1320 3616 3552 10979 3380 1008
internal_count=129348 67528 59140 22190 61820 46364 8388 9860 42908 16688 12068 36950 22053 6465 14897 6244 1968 5603 26220 13708 2729 15456 1306 13591 1320 3616 3552 10979 3380 1008
is_linear=0
shrinkage=0.05


Tree=39
num_leaves=31
num_cat=0
split_feature=4 0 0 0 7 9 0 11 0 9 0 4 3 4 3 0 0 10 0 10 7 11 3 7 1 10 8 7 0 9
split_gain=104.167 33.6729 24.479 24.2748 22.7046 21.9864 20.7986 18.9253 18.6139 16.3634 16.3316 15.5813 14.7941 13.4343 12.6121 14.0527 12.0607 13.5195 13.3125 11.3839 21.8695 11.3177 21.8673 10.8123 10.332 10.0673 10.0543 9.78636 9.34904 9.00893
threshold=-0.15101602693478741 76.500000000000014 2.5000000000000004 24.500000000000004 31.212500000000006 11.53671875 19.500000000000004 1.1135526900622577 34.500000000000007 28.272656250000001 52.500000000000007 0.27487873330147788 -0.59869031648930193 -0.99273797715557011 0.9053161325100999 68.500000000000014 35.500000000000007 1.0000000180025095e-35 43.500000000000007 1.0000000180025095e-35 25.512500000000006 0.97407968238158804 -0.95754239937548935 30.412500000000005 5.5000000000000009 1.0000000180025095e-35 29.250000000000004 21.762500000000006 85.500000000000014 30.140625000000004
decision_type=2 2 2 2 2 2 2 2 2 2 2 2 2 2 2 2 2 2 2 2 2 2 2 2 2 2 2 2 2 2
left_child=1 2 26 27 6 28 7 19 -8 -9 12 -12 23 -11 15 24 17 -14 -18 -4 -21 22 -22 -7 29 -25 -1 -2 -5 -6
right_child=3 -3 4 5 14 10 8 9 -10 13 11 -13 16 -15 -16 -17 18 -19 -20 20 21 -23 -24 25 -26 -27 -28 -29 -30 -31
leaf_value=-0.37558968601125775 0.2889954094988858 -0.053609274043430515 0.076287582857945319 -0.045190582990968252 -0.0069801871927761168 0.14140316759878135 0.19620986298912912 -0.14764153188191517 0.026019394682116104 -0.14632069885530838 0.027701039709340222 0.16303038554548449 -0.01500321853677903 -0.043637029648485461 0.1769700532727628 0.089207756265425861 -0.054466118825924482 0.19246141995214289 0.024711643126525844 0.074229980786762947 -0.28506268093029646 -0.065526983805443556 0.027505205122488226 0.10801226080350378 0.046440590604599846 -0.069952254986801396 -0.069380765678500086 0.030152371927167673 0.18094127903691801 -0.064256774673788347
leaf_weight=57 15326 12393 3818 3294 4663 5241 8744 51 9805 68 6880 20682 2156 920 1477 2257 3440 2574 3870 2053 53 2518 1284 292 2324 375 1901 2049 540 8243
leaf_count=57 15326 12393 3818 3294 4663 5241 8744 51 9805 68 6880 20682 2156 920 1477 2257 3440 2574 3870 2053 53 2518 1284 292 2324 375 1901 2049 540 8243
internal_value=0.00135905 -0.000105462 0.00047038 0.00273378 0.000692655 0.00216784 0.00156478 -0.000183465 0.00257938 -0.00659769 0.00247418 0.00323852 0.00130042 -0.00517206 -0.000655452 -0.00103019 0.000294851 0.00226216 -0.000978112 0.000501748 -0.000873392 -0.00309338 0.000624533 0.0033497 -0.00157584 -0.00264618 -0.00501021 0.00434101 -0.00146844 -0.00212847
internal_weight=129348 62629 50236 66719 48278 49344 29314 10765 18549 1039 45510 27562 17948 988 18964 17487 12040 4730 7310 9726 5908 3855 1337 5908 15230 667 1958 17375 3834 12906
internal_count=129348 62629 50236 66719 48278 49344 29314 10765 18549 1039 45510 27562 17948 988 18964 17487 12040 4730 7310 9726 5908 3855 1337 5908 15230 667 1958 17375 3834 12906
is_linear=0
shrinkage=0.05


Tree=40
num_leaves=31
num_cat=0
split_feature=9 11 0 9 4 4 8 3 0 10 3 4 0 0 0 0 10 11 0 8 0 10 0 0 0 0 0 11 10 3
split_gain=99.4537 33.9101 25.5191 27.8219 25.1597 18.7899 17.0551 19.8128 16.3578 16.015 15.4465 16.4804 14.7726 22.2561 14.551 12.0541 11.971 14.6717 11.9141 11.5052 11.4168 26.1666 21.5123 13.671 10.284 12.5132 12.6191 9.96465 12.5393 9.68218
threshold=25.097135416666671 1.0226926418345352 22.500000000000004 13.695833333333336 -0.91249077947840473 -0.99983123799342477 39.550000000000004 0.21862473630160603 46.500000000000007 1.0000000180025095e-35 0.9053161325100999 0.19126587156512342 39.500000000000007 10.500000000000002 85.500000000000014 36.500000000000007 1.0000000180025095e-35 0.80519389663381347 79.500000000000014 36.850000000000001 71.500000000000014 1.0000000180025095e-35 53.500000000000007 37.500000000000007 6.5000000000000009 35.500000000000007 19.500000000000004 0.96159218389975776 1.0000000180025095e-35 0.9962888416657264
decision_type=2 2 2 2 2 2 2 2 2 2 2 2 2 2 2 2 2 2 2 2 2 2 2 2 2 2 2 2 2 2
left_child=2 5 -1 14 18 19 12 -8 15 29 11 24 13 -7 20 -5 17 -14 -3 -2 22 -22 23 27 -11 26 -26 28 -4 -6
right_child=1 4 3 8 9 6 7 -9 -10 10 -12 -13 16 -15 -16 -17 -18 -19 -20 -21 21 -23 -24 -25 25 -27 -28 -29 -30 -31
leaf_value=0.33225516392375171 -0.030057174486268014 -0.047700414577327842 -0.1737114497939185 0.10009127573498154 0.050803056243001188 -0.0080523367183152131 -0.19571929505018493 -0.031339366521395032 0.15612172712916722 -0.08318062430660586 0.070991740607113996 -0.20800640523509684 -0.32490488559352054 0.14862907082339452 0.19132129735161102 -0.010868758152164659 -0.0068832945226200513 0.075685487017090561 -0.12643698585653548 -0.48646134340127589 0.080405559384372799 -0.07447078204665801 0.14796728331701284 -0.081118603955490809 -0.022752793855991951 -0.046633357382231892 0.11579988039844391 0.068454544549023555 0.073840308608134855 -0.13833037452318883
leaf_weight=13202 96 8048 75 5936 8058 4615 288 2004 20772 810 2208 96 280 12163 1500 4240 14308 8904 1616 96 924 1176 2700 2400 1507 6913 1854 2115 60 384
leaf_count=13202 96 8048 75 5936 8058 4615 288 2004 20772 810 2208 96 280 12163 1500 4240 14308 8904 1616 96 924 1176 2700 2400 1507 6913 1854 2115 60 384
internal_value=0.00135248 0.000158119 0.00296189 0.00235787 -0.00108687 0.00107522 0.00114562 -0.00304974 0.00312427 -0.000146587 -0.00122199 -0.00197674 0.00138441 0.00251758 0.000191781 0.00148192 0.00057509 0.00198389 -0.00321089 -0.0145312 -0.000534391 -0.00378571 0.000394558 -0.00166667 -0.00179809 -0.00137045 0.0011321 0.00113333 -0.012037 0.00155887
internal_weight=129348 74248 55100 41898 31494 42754 42562 2292 30948 21830 13388 11180 40270 16778 10950 10176 23492 9184 9664 192 9450 2100 7350 4650 11084 10274 3361 2250 135 8442
internal_count=129348 74248 55100 41898 31494 42754 42562 2292 30948 21830 13388 11180 40270 16778 10950 10176 23492 9184 9664 192 9450 2100 7350 4650 11084 10274 3361 2250 135 8442
is_linear=0
shrinkage=0.05


Tree=41
num_leaves=31
num_cat=0
split_feature=4 0 9 0 9 0 3 0 0 8 0 8 0 0 0 0 10 8 11 7 10 3 3 7 3 1 9 10 1 11
split_gain=95.0787 37.3362 23.3127 23.0947 21.9635 16.1742 15.299 13.704 12.9648 12.819 12.4868 12.4348 12.0749 13.5779 16.3697 16.1897 14.2285 15.092 12.3678 11.7559 11.675 11.0392 10.9542 13.9555 11.4305 14.5172 10.8791 9.64418 10.721 10.0833
threshold=1.0000000180025095e-35 76.500000000000014 29.979947916666667 22.500000000000004 13.695833333333336 9.5000000000000018 0.63920241694561786 85.500000000000014 35.500000000000007 30.550000000000004 52.500000000000007 29.850000000000005 68.500000000000014 46.500000000000007 20.500000000000004 33.500000000000007 1.0000000180025095e-35 37.050000000000004 1.1163525015609757 21.762500000000006 1.0000000180025095e-35 0.82899317702918729 -0.51297808981038739 28.112500000000004 0.9916835347852474 4.5000000000000009 30.140625000000004 1.0000000180025095e-35 4.5000000000000009 0.92664623957318337
decision_type=2 2 2 2 2 2 2 2 2 2 2 2 2 2 2 2 2 2 2 2 2 2 2 2 2 2 2 2 2 2
left_child=1 2 5 19 7 9 12 -5 -7 27 22 -12 13 14 16 -16 18 26 -4 -2 -13 -10 -6 -24 25 -25 -18 -1 -29 -30
right_child=3 -3 6 4 10 8 -8 -9 21 -11 11 20 -14 -15 15 -17 17 -19 -20 -21 -22 -23 23 24 -26 -27 -28 28 29 -31
leaf_value=0.11077946634376157 0.3073919784814706 -0.05030591993190079 0.0081363699466057184 -0.0096793239710184168 0.090096916284448617 0.12027374593516715 0.034893383860599508 0.18175523248403069 0.011742599546369829 -0.0041888717729330381 0.19452990466958367 0.18699365585398478 0.089590341793307701 -0.09627276070534202 0.14738308629781924 -0.040025820298643627 -0.18268085722265434 -0.14107551045001879 -0.17473736050129965 -0.0016862952763350232 -0.0030565927025426811 0.12697667091531334 0.031333938665008179 -0.14054972884101555 0.040238597504887418 0.02460864079124591 -0.0075299422097990943 -0.09478721522362997 -0.034475761867244617 -0.33912290662504896
leaf_weight=190 13602 13343 2247 9450 6300 11058 5441 1500 14290 3546 15565 2236 1642 4535 2691 2680 84 876 231 1233 3483 3152 7923 255 256 116 903 370 50 100
leaf_count=190 13602 13343 2247 9450 6300 11058 5441 1500 14290 3546 15565 2236 1642 4535 2691 2680 84 876 231 1233 3483 3152 7923 255 256 116 903 370 50 100
internal_value=0.00134938 5.03494e-05 0.00063473 0.00276401 0.00222199 0.0014724 -0.000651664 0.000260274 0.00190175 -0.00140273 0.00281646 0.00359284 -0.00143527 -0.00190321 -0.000848435 0.000997021 -0.00313177 -0.00643317 -0.000649717 0.00448433 0.00159906 0.00105263 0.0017037 0.000538012 -0.00664274 -0.0122507 -0.00219352 -0.00753521 -0.0110577 -0.0223333
internal_weight=129348 67429 54086 61919 47084 32756 21330 10950 28500 4256 36134 21284 15889 14247 9712 5371 4341 1863 2478 14835 5719 17442 14850 8550 627 371 987 710 520 150
internal_count=129348 67429 54086 61919 47084 32756 21330 10950 28500 4256 36134 21284 15889 14247 9712 5371 4341 1863 2478 14835 5719 17442 14850 8550 627 371 987 710 520 150
is_linear=0
shrinkage=0.05


Tree=42
num_leaves=31
num_cat=0
split_feature=9 11 0 0 4 4 0 0 4 4 0 0 10 4 8 0 10 3 11 0 9 3 10 11 0 3 8 0 0 0
split_gain=91.4294 30.8578 26.2961 24.0878 22.4224 17.6318 16.4051 25.4517 15.6163 13.2069 12.2415 29.5088 21.6351 22.3432 13.8075 11.338 11.3238 17.8584 11.2477 11.1775 10.0435 18.5946 10.5366 12.2387 9.3011 9.17182 10.0897 8.61591 9.18635 12.9755
threshold=25.097135416666671 1.0226926418345352 22.500000000000004 52.500000000000007 -0.91249077947840473 0.96407344085605606 37.500000000000007 7.5000000000000009 0.19126587156512342 -0.99983123799342477 71.500000000000014 81.500000000000014 1.0000000180025095e-35 0.92843842216862604 29.850000000000005 35.500000000000007 1.0000000180025095e-35 0.9053161325100999 0.99415218657029769 79.500000000000014 34.057291666666679 0.21862473630160603 1.0000000180025095e-35 0.80519389663381347 74.500000000000014 0.9962888416657264 44.000000000000007 4.5000000000000009 35.500000000000007 18.500000000000004
decision_type=2 2 2 2 2 2 2 2 2 2 2 2 2 2 2 2 2 2 2 2 2 2 2 2 2 2 2 2 2 2
left_child=2 6 -1 5 19 15 7 -2 16 -8 -5 12 -12 14 -14 -4 25 27 -17 -3 22 -22 23 -11 -16 26 -6 -18 29 -29
right_child=1 4 3 10 8 -7 9 -9 -10 20 11 -13 13 -15 24 18 17 -19 -20 -21 21 -23 -24 -25 -26 -27 -28 28 -30 -31
leaf_value=0.30152250162770999 -0.029805794701429168 -0.044469273537095844 0.11232329689769416 0.20868438106421219 0.063309860985295216 -0.052167018262256407 -0.41487383898735325 0.11909525260570197 -0.12599210601322991 -0.30517696970456321 0.084820562691414692 0.17281457457819721 0.015536543432012074 -0.079018944087405674 0.040755952219055223 0.070806906702176112 -0.089249466072133354 0.093105377653440596 -0.024371987807283509 -0.11759984056711326 -0.23083317463798381 -0.045477014789838906 -0.0053318716148585601 0.067210190885807861 -0.1236493952309536 -0.13237875067729352 -0.11285065721204 -0.029331592619549943 -0.043845263614578696 0.096673949239837742
leaf_weight=13202 3562 8048 5876 10902 7674 3660 116 13358 288 290 2550 8036 1990 810 117 3655 580 2016 4029 1616 174 811 15047 9396 273 384 384 1621 6913 1970
leaf_count=13202 3562 8048 5876 10902 7674 3660 116 13358 288 290 2550 8036 1990 810 117 3655 580 2016 4029 1616 174 811 15047 9396 273 384 384 1621 6913 1970
internal_value=0.00134436 0.000199197 0.00288748 0.00227433 -0.000988442 0.000839141 0.00107405 0.00228428 -0.000100779 0.000281412 0.00327579 0.00228513 -0.000452961 -0.00319749 -0.000756302 0.00167035 5.38485e-05 -0.000866412 0.000406039 -0.00299358 0.000357337 -0.00459391 0.000554522 0.0018408 -0.00935897 0.00148188 0.00184165 -0.00165373 -0.00132616 0.000725425
internal_weight=129348 74248 55100 41898 31494 17220 42754 16920 21830 25834 24678 13776 5740 3190 2380 13560 21542 13100 7684 9664 25718 985 24733 9686 390 8442 8058 11084 10504 3591
internal_count=129348 74248 55100 41898 31494 17220 42754 16920 21830 25834 24678 13776 5740 3190 2380 13560 21542 13100 7684 9664 25718 985 24733 9686 390 8442 8058 11084 10504 3591
is_linear=0
shrinkage=0.05


Tree=43
num_leaves=31
num_cat=0
split_feature=4 0 0 9 0 9 0 0 0 10 11 0 0 8 7 10 3 7 0 10 0 0 1 3 1 9 11 10 11 1
split_gain=88.9117 33.6201 24.0057 20.7953 20.1261 18.9368 13.6517 22.0824 16.9229 13.7502 13.4243 13.0028 12.5707 11.0873 11.0203 10.4022 10.3287 11.9565 10.2145 19.8885 14.7177 11.6646 9.96517 9.91424 12.7095 9.77646 9.18152 9.17486 14.6468 8.97593
threshold=1.0000000180025095e-35 76.500000000000014 22.500000000000004 13.695833333333336 2.5000000000000004 29.860156250000006 33.500000000000007 21.500000000000004 66.500000000000014 1.0000000180025095e-35 1.1102543501962845 85.500000000000014 52.500000000000007 30.250000000000004 21.762500000000006 1.0000000180025095e-35 -0.59869031648930193 28.112500000000004 73.500000000000014 1.0000000180025095e-35 53.500000000000007 37.500000000000007 1.0000000180025095e-35 0.9916835347852474 4.5000000000000009 33.187500000000007 0.73745831416842689 1.0000000180025095e-35 0.96159218389975776 4.5000000000000009
decision_type=2 2 2 2 2 2 2 2 2 2 2 2 2 2 2 2 2 2 2 2 2 2 2 2 2 2 2 2 2 2
left_child=1 4 14 11 -1 10 7 9 29 -7 -6 18 16 -14 -2 -15 -5 -18 20 -20 21 27 -12 24 -19 -11 -3 28 -4 -8
right_child=2 26 3 12 5 6 8 -9 -10 25 22 -13 13 15 -16 -17 17 23 19 -21 -22 -23 -24 -25 -26 -27 -28 -29 -30 -31
leaf_value=-0.063651289328574126 0.27857310057882595 -0.16536077236234092 -0.16193356019255808 0.08863855720429413 0.055652668617943463 0.024279937542604869 -0.068592623118514162 0.18544052573580491 0.060791680243993229 -0.026230447459090547 -0.12143785334337896 0.16402674213092042 0.17716689682761491 0.16547230413495259 -0.00011643284179402136 -0.0054566452439751877 0.029458383164825769 -0.13230364300860012 0.060853414945984632 -0.073746354296747904 0.10183890432080694 -0.076564494470250682 -0.018048746256445182 0.035223212998607721 0.023445918207024873 -0.11949537939639528 -0.045336661803838399 0.11555783724322616 -0.027483866916333418 0.0020824271643421939
leaf_weight=2108 13602 57 75 5640 28077 3154 6950 3516 2915 1824 148 1500 16081 2021 1233 3182 8583 255 792 1008 3000 2400 2144 256 116 586 13286 1260 915 2664
leaf_count=2108 13602 57 75 5640 28077 3154 6950 3516 2915 1824 148 1500 16081 2021 1233 3182 8583 255 792 1008 3000 2400 2144 256 116 586 13286 1260 915 2664
internal_value=0.00133547 7.92687e-05 0.00270345 0.00215084 0.000633806 0.000828043 -0.000303346 0.00117291 -0.00137321 -0.000787203 0.00163308 0.000242009 0.00272929 0.00350827 0.00445736 0.00150202 0.00161279 0.000580891 -0.000444444 -0.00383333 0.000352941 -0.0014086 -0.00204625 -0.00608453 -0.0113073 -0.00363071 -0.00216855 0.00117778 -0.00242424 -0.00238506
internal_weight=129348 67429 61919 47084 54086 51978 21609 9080 12529 5564 30369 10950 36134 21284 14835 5203 14850 9210 9450 1800 7650 4650 2292 627 371 2410 13343 2250 990 9614
internal_count=129348 67429 61919 47084 54086 51978 21609 9080 12529 5564 30369 10950 36134 21284 14835 5203 14850 9210 9450 1800 7650 4650 2292 627 371 2410 13343 2250 990 9614
is_linear=0
shrinkage=0.05


Tree=44
num_leaves=31
num_cat=0
split_feature=4 0 0 9 4 11 0 0 0 9 0 0 7 10 0 3 0 0 8 1 10 3 11 11 3 0 10 0 0 3
split_gain=83.1231 30.695 24.4256 19.3051 18.778 17.2206 12.8466 12.6208 11.8058 11.3177 11.0777 11.3802 10.8453 10.2679 9.79597 9.53648 9.42077 18.7295 10.4348 9.6029 8.97686 8.71518 10.6843 8.0408 8.01975 7.89982 21.0234 15.5463 11.0452 8.02795
threshold=1.0000000180025095e-35 76.500000000000014 22.500000000000004 13.695833333333336 -0.91249077947840473 0.96902556631768955 6.5000000000000009 86.500000000000014 52.500000000000007 22.358333333333338 35.500000000000007 19.500000000000004 21.612500000000004 1.0000000180025095e-35 35.500000000000007 0.9053161325100999 20.500000000000004 33.500000000000007 30.650000000000002 2.5000000000000004 1.0000000180025095e-35 -0.15101209918632377 1.0871761346197866 1.0359848163709104 1.0000000180025095e-35 71.500000000000014 1.0000000180025095e-35 53.500000000000007 34.500000000000007 0.54940630780725741
decision_type=2 2 2 2 2 2 2 2 2 2 2 2 2 2 2 2 2 2 2 2 2 2 2 2 2 2 2 2 2 2
left_child=1 4 12 7 5 -1 -6 25 14 -10 11 -8 -2 -11 20 -12 18 -18 -7 -19 -5 22 -20 -15 -3 27 -27 28 -4 -28
right_child=2 24 3 8 6 16 10 -9 9 13 15 -13 -14 23 -16 -17 17 19 21 -21 -22 -23 -24 -25 -26 26 29 -29 -30 -31
leaf_value=0.03633784339123667 0.26616762889742346 -0.019354860695363102 0.064110638645599502 0.023883108538398378 -0.032469780862712204 -0.46880115140149226 0.022723922095186821 0.19016608511287725 0.17957198348864511 0.17524708644126008 0.0084217355579173595 0.17032217524199167 0.0011798252008179376 0.02807803663733215 0.0096807998373631965 0.11441784381590084 0.1197284627688659 -0.10466451334709047 0.1474089105460378 -0.015978080253992041 0.20151582404896559 -0.084277896487402734 -0.068617660221999277 -0.060220426292800125 -0.061700658114045265 0.074470569260009473 -0.070697936276486781 0.12552672108046334 -0.061857725462729551 0.097602606330137454
leaf_weight=5822 13507 6526 1800 2886 3365 63 6246 1350 13888 2795 16725 7694 1328 3698 8415 2952 1911 2267 546 4020 3549 2013 462 903 6817 990 1125 2700 2850 135
leaf_count=5822 13507 6526 1800 2886 3365 63 6246 1350 13888 2795 16725 7694 1328 3698 8415 2952 1911 2267 546 4020 3549 2013 462 903 6817 990 1125 2700 2850 135
internal_value=0.00132503 0.000110413 0.00264773 0.00209031 0.000640277 -0.000729654 0.00127386 0.000251142 0.00264765 0.00340256 0.0015687 0.00264706 0.00441692 0.00182261 0.00156566 0.000804747 -0.00186935 -0.000983166 -0.00422503 -0.00230078 0.00303419 -0.00380503 -9.92045e-06 0.000370572 -0.0020374 -0.000385416 -0.00297778 0.000408163 -0.00134409 -0.0072619
internal_weight=129348 67429 61919 47084 54086 17104 36982 10950 36134 21284 33617 13940 14835 7396 14850 19677 11282 8198 3084 6287 6435 3021 1008 4601 13343 9600 2250 7350 4650 1260
internal_count=129348 67429 61919 47084 54086 17104 36982 10950 36134 21284 33617 13940 14835 7396 14850 19677 11282 8198 3084 6287 6435 3021 1008 4601 13343 9600 2250 7350 4650 1260
is_linear=0
shrinkage=0.05


Tree=45
num_leaves=31
num_cat=0
split_feature=9 0 11 0 0 10 0 0 4 4 3 10 9 4 4 10 3 3 8 11 7 0 0 0 0 9 4 1 0 8
split_gain=79.3297 26.4908 26.4147 21.1194 17.0214 18.5255 16.4432 20.5985 16.3788 16.167 13.4098 12.1984 15.2995 11.5082 10.0567 9.51478 16.9887 9.4993 9.38796 8.58744 8.324 8.06705 17.6211 7.95758 19.0288 11.1982 12.5162 8.25647 7.92605 7.88354
threshold=25.097135416666671 22.500000000000004 1.0174574584294211 49.500000000000007 35.500000000000007 1.0000000180025095e-35 40.500000000000007 10.500000000000002 -0.91249077947840473 0.19126587156512342 -0.59869031648930193 1.0000000180025095e-35 13.074218750000002 -0.99983123799342477 0.99995376255531909 1.0000000180025095e-35 0.9053161325100999 0.9962888416657264 17.650000000000002 0.73745831416842689 26.787500000000005 86.500000000000014 71.500000000000014 71.500000000000014 81.500000000000014 22.233333333333338 0.93158198870884079 1.0000000180025095e-35 44.500000000000007 44.000000000000007
decision_type=2 2 2 2 2 2 2 2 2 2 2 2 2 2 2 2 2 2 2 2 2 2 2 2 2 2 2 2 2 2
left_child=1 -1 6 4 5 18 7 -2 -4 15 -6 -5 14 -8 21 17 -17 29 -3 20 -15 22 -13 -14 25 26 -25 -28 -12 -10
right_child=2 3 8 11 10 -7 13 -9 9 -11 28 12 23 19 -16 16 -18 -19 -20 -21 -22 -23 -24 24 -26 -27 27 -29 -30 -31
leaf_value=0.26071734710853689 -0.01090977691975703 -0.16367889908179528 -0.051746270535200534 0.20356110015062581 0.085928265919612501 0.17909526738292342 -0.39444423200996853 0.11575594456702375 0.053430586400751136 -0.11621722133442854 -0.056692006878902239 0.038438742446238988 0.16395079921002109 -0.15812503651562651 -0.18966502466057827 -0.024431985585912974 0.090768957849152801 -0.12619134633748005 0.0052900347047417327 0.0086275278318227542 0.015421455059310196 0.11925052177385571 -0.050619639853733092 0.055639655575075476 0.13331343879968022 -0.079794699788538301 -0.12365753006338019 -0.061581587610416481 0.0079287971350913752 -0.10373340350429244
leaf_weight=13202 4722 247 10144 11730 1694 4147 110 12880 8058 288 4077 1518 5452 56 92 11564 2208 384 3068 23396 54 621 1035 1440 3472 700 50 290 2265 384
leaf_count=13202 4722 247 10144 11730 1694 4147 110 12880 8058 288 4077 1518 5452 56 92 11564 2208 384 3068 23396 54 621 1035 1440 3472 700 50 290 2265 384
internal_value=0.00131034 0.00274773 0.000243643 0.00213232 0.000667183 0.00238676 0.00108787 0.00224463 -0.00080987 -6.86007e-05 -0.000929567 0.00299242 0.00203136 0.000225695 -0.000985915 8.14233e-05 -0.000739907 0.00136302 -0.000399698 0.0003012 -0.0136364 -0.000513547 -0.00175676 0.00289548 0.00163138 -0.00171371 0.000393259 -0.00823529 -0.00198518 0.00171286
internal_weight=129348 55100 74248 41898 15498 7462 41218 17602 33030 22886 8036 26400 14670 23616 3266 22598 13772 8826 3315 23506 110 3174 2553 11404 5952 2480 1780 340 6342 8442
internal_count=129348 55100 74248 41898 15498 7462 41218 17602 33030 22886 8036 26400 14670 23616 3266 22598 13772 8826 3315 23506 110 3174 2553 11404 5952 2480 1780 340 6342 8442
is_linear=0
shrinkage=0.05


Tree=46
num_leaves=31
num_cat=0
split_feature=9 0 11 3 0 0 0 4 4 0 0 10 3 8 0 10 0 1 8 9 4 8 10 3 0 9 1 11 9 11
split_gain=78.0423 24.8324 24.1059 19.5702 19.132 15.5237 21.2267 14.4891 14.7795 13.5806 30.7799 19.0968 13.6818 18.6504 12.8226 20.3548 11.9541 9.67118 11.5016 9.41149 9.19587 9.00829 8.64327 16.1189 7.98772 7.9604 9.96552 7.78653 9.35244 7.60523
threshold=25.097135416666671 21.500000000000004 1.0174574584294211 -0.35846811432664222 52.500000000000007 37.500000000000007 12.500000000000002 -0.91249077947840473 0.19126587156512342 70.500000000000014 83.500000000000014 1.0000000180025095e-35 0.54940630780725741 29.750000000000004 35.500000000000007 1.0000000180025095e-35 75.500000000000014 4.5000000000000009 27.350000000000005 27.237760416666671 -0.15101602693478741 14.100000000000001 1.0000000180025095e-35 0.9053161325100999 79.500000000000014 27.252864583333338 3.5000000000000004 1.0022599257946228 11.53671875 1.0202540345051931
decision_type=2 2 2 2 2 2 2 2 2 2 2 2 2 2 2 2 2 2 2 2 2 2 2 2 2 2 2 2 2 2
left_child=1 20 5 -3 14 6 -2 24 22 21 11 -11 -13 -14 15 -5 -15 18 -7 -20 -1 -6 29 -24 -4 26 -21 28 -16 -9
right_child=2 3 7 4 9 17 -8 8 -10 10 -12 12 13 16 27 -17 -18 -19 19 25 -22 -23 23 -25 -26 -27 -28 -29 -30 -31
leaf_value=-0.10273924208583188 -0.0051990703064835019 0.12889851594177376 -0.034296976370423934 -0.034353845641478913 -0.09144300776913071 -0.12939853919904126 0.1307367080899377 -0.040531835926687194 -0.11040636026770666 0.0502923213134428 0.14244629729576999 -0.068361323798373869 0.051115172429571636 0.03648228763913277 -0.13861123005888776 0.15366919955339231 -0.12459190454331977 0.043670755093841475 0.041518510480843145 -0.23610293535579063 0.26367377789286622 0.18419395678812533 -0.023210386306616961 0.086230509956695303 -0.10122784717322164 -0.017653073583129814 0.013779440474365887 -0.056105476896672349 0.018580499268789831 0.037567739018915997
leaf_weight=66 5580 13541 8448 2450 144 58 10732 192 288 2275 4692 1339 1053 160 136 3024 256 7116 4176 58 12562 6891 11564 2208 1696 13440 58 3417 3094 8634
leaf_count=66 5580 13541 8448 2450 144 58 10732 192 288 2275 4692 1339 1053 160 136 3024 256 7116 4176 58 12562 6891 11564 2208 1696 13440 58 3417 3094 8634
internal_value=0.001303 0.00272868 0.00024499 0.00214989 0.00141561 0.00105148 0.00225049 -0.000761429 -6.42312e-05 0.00250744 0.00130179 -0.00139386 -0.00415242 -0.000820286 -9.8589e-05 0.00169346 -0.00978365 0.000266201 -0.000356942 -0.000284232 0.00467532 0.00418266 7.92107e-05 -0.000703601 -0.00233438 -0.000923576 -0.0139655 -0.00157439 0.000185759 0.0013007
internal_weight=129348 55100 74248 42472 28931 41218 16312 33030 22886 16810 9775 5083 2808 1469 12121 5474 416 24906 17790 17732 12628 7035 22598 13772 10144 13556 116 6647 3230 8826
internal_count=129348 55100 74248 42472 28931 41218 16312 33030 22886 16810 9775 5083 2808 1469 12121 5474 416 24906 17790 17732 12628 7035 22598 13772 10144 13556 116 6647 3230 8826
is_linear=0
shrinkage=0.05


Tree=47
num_leaves=31
num_cat=0
split_feature=4 0 0 0 4 0 7 3 0 0 11 9 0 4 7 10 7 8 1 11 0 0 0 10 11 10 9 9 0 3
split_gain=75.9369 25.9184 23.1326 17.8545 18.8747 16.6341 15.6753 14.773 14.1505 15.4227 14.608 15.9203 11.5293 11.4442 11.4065 10.8512 18.4899 11.4908 9.90543 9.35253 9.18339 17.3763 13.6713 12.6111 10.5937 12.7366 9.77676 16.872 11.8127 11.1772
threshold=1.0000000180025095e-35 76.500000000000014 22.500000000000004 85.500000000000014 0.97263757644091875 2.5000000000000004 30.887500000000006 0.9053161325100999 19.500000000000004 34.500000000000007 1.1218908147696223 28.272656250000001 68.500000000000014 -0.99273797715557011 20.112500000000004 1.0000000180025095e-35 25.512500000000006 29.150000000000002 4.5000000000000009 0.96359846643765257 73.500000000000014 53.500000000000007 36.500000000000007 1.0000000180025095e-35 0.99880428533532839 1.0000000180025095e-35 14.300520833333335 22.233333333333338 78.500000000000014 0.83849049182116964
decision_type=2 2 2 2 2 2 2 2 2 2 2 2 2 2 2 2 2 2 2 2 2 2 2 2 2 2 2 2 2 2
left_child=1 5 14 4 20 -1 8 12 10 -10 15 -12 18 -13 -2 -7 -17 -18 -8 -19 21 22 -4 -22 -24 -26 -25 -28 -29 -30
right_child=2 -3 3 -5 -6 6 7 -9 9 -11 11 13 -14 -15 -16 16 17 19 -20 -21 23 -23 24 26 25 -27 27 28 29 -31
leaf_value=-0.057723731144657058 0.25464828123292094 -0.040657800118615861 0.094202794678190718 0.18445773591845713 -0.015147891169847437 0.069748861684938476 -0.039480850739017671 0.15130242962742479 0.14819344868078452 0.025096324316106172 -0.13529743257270627 -0.1315538936040079 0.080963957652054303 -0.026464519558859673 0.023128332160916681 0.062516593487457681 -0.36489436501571276 0.029174076250037297 0.017786192743350106 -0.051385855621868474 0.089704422860150179 0.16073625063938374 0.043602505619240256 -0.064561631958441626 0.040902487599259879 -0.055944074198319919 0.067658259985773739 -0.10081257560890107 0.068785176677015267 -0.077927756517529784
leaf_weight=2108 12529 13343 7490 6450 6930 4101 11647 2284 9278 9968 51 51 2455 755 2306 2591 100 1030 4831 2836 2796 10699 4777 576 1836 2482 1752 540 504 252
leaf_count=2108 12529 13343 7490 6450 6930 4101 11647 2284 9278 9968 51 51 2455 755 2306 2591 100 1030 4831 2836 2796 10699 4777 576 1836 2482 1752 540 504 252
internal_value=0.00129952 0.00013859 0.00256375 0.00202128 0.00163336 0.000625486 0.00080207 -0.000243437 0.0015232 0.0023527 0.000136778 -0.00614352 -0.000701685 -0.00442928 0.00428547 0.000641772 -0.000619948 -0.00276601 -0.00117793 -0.00233316 0.002122 0.00252236 0.00150889 0.000420561 0.000206157 -0.0015887 -0.00152594 -0.000396981 -0.00472222 -0.00068783
internal_weight=129348 67429 61919 47084 40634 54086 51978 21217 30761 19246 11515 857 18933 806 14835 10658 6557 3966 16478 3866 33704 27284 16585 6420 9095 4318 3624 3048 1296 756
internal_count=129348 67429 61919 47084 40634 54086 51978 21217 30761 19246 11515 857 18933 806 14835 10658 6557 3966 16478 3866 33704 27284 16585 6420 9095 4318 3624 3048 1296 756
is_linear=0
shrinkage=0.05


Tree=48
num_leaves=31
num_cat=0
split_feature=9 0 11 0 0 10 0 0 4 9 3 10 3 3 0 9 9 8 1 8 4 3 9 8 0 0 10 3 4 9
split_gain=73.9719 26.8141 23.3982 20.2546 15.0905 21.7639 13.7621 21.1945 12.6409 11.3202 10.3406 9.5045 11.0097 11.6988 14.3254 11.6836 11.8559 10.1478 9.42052 11.3086 9.27308 9.16642 9.02208 8.51621 8.07765 25.6232 8.20376 9.34295 8.37973 8.44934
threshold=24.729427083333338 21.500000000000004 1.0174574584294211 49.500000000000007 35.500000000000007 1.0000000180025095e-35 36.500000000000007 13.500000000000002 -0.91249077947840473 10.710937500000002 -0.59869031648930193 1.0000000180025095e-35 -0.89785546691630314 -0.98930078251469888 11.500000000000002 29.979947916666667 30.140625000000004 33.750000000000007 4.5000000000000009 27.350000000000005 -0.082691941062253513 0.9962888416657264 27.237760416666671 17.650000000000002 71.500000000000014 80.500000000000014 1.0000000180025095e-35 0.78857998149907527 0.92191100909954782 22.233333333333338
decision_type=2 2 2 2 2 2 2 2 2 2 2 2 2 2 2 2 2 2 2 2 2 2 2 2 2 2 2 2 2 2
left_child=1 20 6 4 5 23 7 -2 -4 -5 -6 21 13 -13 -15 17 -17 -14 19 -8 -1 -10 -21 -3 -11 26 27 -26 29 -28
right_child=2 3 8 9 10 -7 18 -9 11 24 -12 12 15 14 -16 16 -18 -19 -20 22 -22 -23 -24 -25 25 -27 28 -29 -30 -31
leaf_value=-0.10072810965591393 -0.0023431828520084738 -0.14474417611439772 -0.044920180304302178 -0.015163701444023292 0.07033742530061142 0.16305460378992009 -0.12151245023712226 0.13223215211813041 0.036998170092575236 0.16324907622214962 -0.034088373833882864 0.0024398054073594649 -0.010380830711894107 -0.13573602926696895 -0.050995554379821277 -0.21742356348323996 -0.03843040269958465 0.10252151829245607 0.046392461386341628 0.039545094233283389 0.2527508562623168 -0.11972727596562052 -0.017623542718721096 0.00044926389562229474 0.090589754789456522 0.14362846976863708 0.021953212183422013 -0.085621900029357795 -0.061500438262016212 -0.076564632912356961
leaf_weight=66 6121 266 10144 1380 1596 4298 59 10058 8442 11634 6230 1056 5760 180 1260 96 3404 2976 7474 4484 12232 384 13790 3262 1863 7935 1476 315 585 522
leaf_count=66 6121 266 10144 1380 1596 4298 59 10058 8442 11634 6230 1056 5760 180 1260 96 3404 2976 7474 4484 12232 384 13790 3262 1863 7935 1476 315 585 522
internal_value=0.00128212 0.0027022 0.000275341 0.00209274 0.000674674 0.00222719 0.00106297 0.00220626 -0.000705893 0.00295605 -0.000877843 -7.04642e-05 -0.000847814 -0.0038742 -0.00680556 -0.000230467 -0.00267143 0.000747482 0.000346224 -0.000263732 0.00475199 0.00122706 -0.00019317 -0.000683106 0.00320592 0.00233381 -0.000566057 0.00169422 -0.00247193 -0.000930931
internal_weight=129348 53660 75688 41362 15652 7826 41986 16179 33702 25710 7826 23558 14732 2496 1440 12236 3500 8736 25807 18333 12298 8826 18274 3528 24330 12696 4761 2178 2583 1998
internal_count=129348 53660 75688 41362 15652 7826 41986 16179 33702 25710 7826 23558 14732 2496 1440 12236 3500 8736 25807 18333 12298 8826 18274 3528 24330 12696 4761 2178 2583 1998
is_linear=0
shrinkage=0.05


Tree=49
num_leaves=31
num_cat=0
split_feature=4 0 0 0 7 0 3 0 3 10 7 7 1 9 1 0 0 0 10 0 3 11 1 3 10 9 8 10 11 10
split_gain=72.0653 28.0073 20.619 19.8985 21.6035 19.8033 16.5613 15.9003 15.7592 15.6155 16.7996 15.1638 10.5872 10.393 10.3049 10.2643 10.169 9.86387 19.3059 10.7119 9.51936 10.6909 9.80732 9.03784 8.03752 10.6772 11.9597 7.97639 7.91616 7.67454
threshold=0.24164313636530552 21.500000000000004 75.500000000000014 2.5000000000000004 30.087500000000006 52.500000000000007 -0.59869031648930193 20.500000000000004 0.9053161325100999 1.0000000180025095e-35 25.612500000000004 27.737500000000004 4.5000000000000009 13.695833333333336 4.5000000000000009 69.500000000000014 35.500000000000007 34.500000000000007 1.0000000180025095e-35 43.500000000000007 -0.94139628442229062 0.96359846643765257 1.5000000000000002 -0.52032787705993211 1.0000000180025095e-35 13.946875000000002 20.050000000000004 1.0000000180025095e-35 0.78920070979102952 1.0000000180025095e-35
decision_type=2 2 2 2 2 2 2 2 2 2 2 2 2 2 2 2 2 2 2 2 2 2 2 2 2 2 2 2 2 2
left_child=2 -2 3 -1 7 6 -3 9 12 28 -11 17 15 29 -13 -6 -9 18 -8 -19 22 -22 -12 27 -21 26 -26 -4 -5 -7
right_child=1 5 23 4 8 13 11 16 -10 10 20 14 -14 -15 -16 -17 -18 19 -20 24 21 -23 -24 -25 25 -27 -28 -29 -30 -31
leaf_value=-0.054881340203887033 0.25539487108569148 0.096914796056392291 0.091724986075301926 -0.31699152338962633 -0.033889954513413631 0.13619515448691175 -0.025598874872609579 0.14006862746589621 0.11044882024792778 0.031777821316896986 0.050205959491006459 -0.11972449220582909 0.027137169987138516 0.12428592171816338 0.02949541582953645 0.057575114914974218 0.038535201191082502 -0.05365153160543959 0.14730415466979671 0.11877263816793426 0.032598055213046644 -0.048240225472035984 -0.1787746805968464 -0.044811732456386824 -0.0572242268190448 0.031723544289054426 -0.10697186647217903 -0.019884330684242557 0.090531893725833604 -0.0025892452484720203
leaf_weight=2405 12012 4061 1820 54 14987 2838 2535 9829 3138 4224 90 166 6858 17027 64 1601 8558 3684 2860 1754 992 3145 188 10945 720 1019 63 3260 4839 3612
leaf_count=2405 12012 4061 1820 54 14987 2838 2535 9829 3138 4224 90 166 6858 17027 64 1601 8558 3684 2860 1754 992 3145 188 10945 720 1019 63 3260 4839 3612
internal_value=0.0012798 0.00270963 0.000305656 0.000725521 0.000908757 0.00207942 0.00077573 0.00178561 -0.000144071 0.000484777 -0.000793494 -0.000102992 -0.000589439 0.00301934 -0.0128261 -0.00127261 0.00274297 0.000128611 0.00174699 -0.00107735 -0.00295017 -0.00234832 -0.0119065 -0.00129017 0.000880203 -0.00146504 -0.00585568 0.000452756 0.00274167 0.00131008
internal_weight=129348 52415 76933 60908 58503 40403 16926 31919 26584 13532 8639 12865 23446 23477 230 16588 18387 12635 5395 7240 4415 4137 278 16025 3556 1802 783 5080 4893 6450
internal_count=129348 52415 76933 60908 58503 40403 16926 31919 26584 13532 8639 12865 23446 23477 230 16588 18387 12635 5395 7240 4415 4137 278 16025 3556 1802 783 5080 4893 6450
is_linear=0
shrinkage=0.05


Tree=50
num_leaves=31
num_cat=0
split_feature=4 0 9 3 10 4 3 11 0 11 0 0 10 7 3 8 1 3 8 11 8 11 8 1 3 0 10 0 10 3
split_gain=69.3259 28.0922 19.6993 19.3251 18.3377 24.7212 22.9779 17.9277 15.9559 14.2363 12.6307 27.6193 20.0356 14.3598 12.8956 19.4389 12.5808 12.4935 10.6616 18.0964 10.6374 9.97167 9.83842 9.44464 8.52042 8.44335 18.3701 10.6185 8.88066 8.38863
threshold=0.24164313636530552 21.500000000000004 33.187500000000007 -0.2270106897347694 1.0000000180025095e-35 -0.99983123799342477 0.30983042691905771 0.78920070979102952 86.500000000000014 1.0267603807040537 73.500000000000014 53.500000000000007 1.0000000180025095e-35 27.812500000000004 0.54940630780725741 29.750000000000004 2.5000000000000004 -0.34235669412071207 32.95000000000001 1.0959530445469128 41.150000000000013 1.0959530445469128 14.100000000000001 4.5000000000000009 -0.03977009085991149 37.500000000000007 1.0000000180025095e-35 44.500000000000007 1.0000000180025095e-35 0.29342972903661901
decision_type=2 2 2 2 2 2 2 2 2 2 2 2 2 2 2 2 2 2 2 2 2 2 2 2 2 2 2 2 2 2
left_child=2 -2 4 -3 5 -1 9 -7 10 29 11 13 -12 25 -14 -16 18 -9 19 -11 -4 -20 24 -15 -13 26 -5 -27 -29 -6
right_child=1 3 20 8 6 7 -8 17 -10 16 12 22 14 23 15 -17 -18 -19 21 -21 -22 -23 -24 -25 -26 27 -28 28 -30 -31
leaf_value=-0.40526570428662129 0.24262512753140728 0.10593323386597019 -0.075906596204551979 -0.039286102423278201 0.00076203176548947805 -0.40096277345491887 0.033425797084339397 0.1165509768657173 0.16914207623779975 0.010448559098713874 0.04564481823997682 -0.11017938517343735 -0.07030035353555901 -0.1111264826964144 0.037179720859547606 -0.092523214682152258 -0.015915279689419162 0.023224254790379661 -0.15709812751531493 -0.089592673259739519 0.0077375814829019384 -0.041569866062643568 0.14432733813370427 0.021992569716835494 0.011879831683110222 -0.07693518695048962 0.11346488459206559 0.13291982840967931 -0.038588228243940828 -0.17022652069730779
leaf_weight=96 12012 15465 5424 2496 17721 288 16105 11040 3033 1632 2028 60 1235 175 897 221 5740 13242 857 1056 2964 672 6580 68 100 2297 2896 1404 1448 96
leaf_count=96 12012 15465 5424 2496 17721 288 16105 11040 3033 1632 2028 60 1235 175 897 221 5740 13242 857 1056 2964 672 6580 68 100 2297 2896 1404 1448 96
internal_value=0.00126241 0.00266479 0.000306956 0.00203364 0.000586841 0.00167761 -2.63222e-05 0.00177656 0.00117251 -0.000897602 0.000701895 0.00130221 -0.00169938 -0.000267062 -0.0048385 -0.000948121 -0.00241187 0.00192365 -0.00448542 -0.00258929 -0.00198021 -0.00781884 0.00381306 -0.012284 -0.0084375 9.96129e-06 0.0013928 -0.00143814 0.000599579 -5.13553e-05
internal_weight=129348 52415 76933 40403 68545 24666 43879 24570 24938 27774 21905 17524 4381 10784 2353 1118 9957 24282 4217 2688 8388 1529 6740 243 160 10541 5392 5149 2852 17817
internal_count=129348 52415 76933 40403 68545 24666 43879 24570 24938 27774 21905 17524 4381 10784 2353 1118 9957 24282 4217 2688 8388 1529 6740 243 160 10541 5392 5149 2852 17817
is_linear=0
shrinkage=0.05


Tree=51
num_leaves=31
num_cat=0
split_feature=4 0 0 0 8 10 7 9 10 3 3 0 11 11 0 9 11 11 8 11 4 4 0 9 1 9 9 1 11 3
split_gain=65.5076 27.426 19.0457 39.2676 17.5509 17 18.109 16.718 13.768 17.9285 11.6622 11.5546 11.3531 11.1423 10.948 10.1846 13.7845 9.24734 10.0731 9.2038 9.17683 9.10131 8.90351 11.1975 8.50988 8.49811 9.10705 8.48565 12.9697 9.77727
threshold=0.24164313636530552 21.500000000000004 35.500000000000007 21.500000000000004 20.200000000000006 1.0000000180025095e-35 26.887500000000006 30.108333333333338 1.0000000180025095e-35 0.30983042691905771 0.29342972903661901 87.500000000000014 0.78920070979102952 1.2099088115144543 50.500000000000007 34.42239583333334 1.1589671265514687 0.73745831416842689 29.850000000000005 0.80519389663381347 0.97648852793709995 -0.98801846520836312 6.5000000000000009 26.680729166666669 3.5000000000000004 29.157031250000006 33.552604166666676 2.5000000000000004 1.0891277928364806 -0.9954993026558282
decision_type=2 2 2 2 2 2 2 2 2 2 2 2 2 2 2 2 2 2 2 2 2 2 2 2 2 2 2 2 2 2
left_child=2 -2 3 5 11 15 13 8 12 10 17 20 -4 22 -6 19 -17 -10 -19 -1 -3 25 23 24 -7 -8 -27 28 29 -20
right_child=1 4 7 -5 14 6 21 -9 9 -11 -12 -13 -14 -15 -16 16 -18 18 27 -21 -22 -23 -24 -25 -26 26 -28 -29 -30 -31
leaf_value=-0.16711355486134116 0.23049387115483741 0.025897400297158948 -1.1401419477479053 0.14077981027286543 0.035412725392063429 -0.036064051115974848 -0.12250702395170271 -0.036804037874053758 -0.11604021183979243 0.039535178651820824 -0.21428638794484198 0.18174662306039774 0.063927997498811964 -0.17644369601019216 0.11601305420866792 -0.013217232471430052 -0.22886491400799966 0.054851533817618342 -0.069801236507378545 0.08181436020199695 -0.030975233566160394 -0.045141527160079298 0.023398587541062218 -0.0072562093814698362 -0.093516815103055456 -0.048433738375609853 -0.1540817832183686 -0.012474359936984654 -0.12446305830227616 -0.026889788009467466
leaf_weight=110 12012 6468 120 11240 10846 330 50 15981 60 7737 60 1376 9536 77 16829 770 66 2220 360 5962 4884 2414 5546 1508 273 470 62 7183 900 3898
leaf_count=110 12012 6468 120 11240 10846 330 50 15981 60 7737 60 1376 9536 77 16829 770 66 2220 360 5962 4884 2414 5546 1508 273 470 62 7183 900 3898
internal_value=0.00125197 0.00261519 0.000323203 0.00133804 0.00199156 -0.000133802 -0.00137931 -0.000286651 0.000371641 -0.000308234 -0.00133472 0.000454903 0.00195008 -0.000100853 0.00269828 0.00180081 -0.00337321 -0.00124444 -0.00116372 0.00251318 -6.95911e-05 -0.00467957 8.94608e-05 -0.00267409 -0.00843284 -0.0102921 -0.00843985 -0.0017215 -0.00326871 -0.00211602
internal_weight=129348 52415 76933 28878 40403 17638 10730 48055 32074 22418 14681 12728 9656 7734 27675 6908 836 14621 14561 6072 11352 2996 7657 2111 603 582 532 12341 5158 4258
internal_count=129348 52415 76933 28878 40403 17638 10730 48055 32074 22418 14681 12728 9656 7734 27675 6908 836 14621 14561 6072 11352 2996 7657 2111 603 582 532 12341 5158 4258
is_linear=0
shrinkage=0.05


Tree=52
num_leaves=31
num_cat=0
split_feature=8 0 0 0 4 9 7 0 0 10 4 0 0 4 10 4 1 10 9 4 3 0 8 7 4 11 11 4 9 11
split_gain=62.7046 21.7001 27.9897 15.9302 21.4443 15.3085 13.5229 12.8336 12.5365 17.6604 13.0423 12.7327 21.3688 11.1619 10.6689 9.85608 9.17724 8.72591 13.4633 8.33247 11.2477 9.58025 7.98916 8.86331 7.90742 9.64666 7.56562 11.9851 7.57217 7.5652
threshold=31.150000000000002 35.500000000000007 21.500000000000004 28.500000000000004 -0.074115882986646633 10.710937500000002 26.987500000000004 10.500000000000002 48.500000000000007 1.0000000180025095e-35 0.42763731121559989 71.500000000000014 80.500000000000014 0.089118976521498999 1.0000000180025095e-35 -0.98801846520836312 4.5000000000000009 1.0000000180025095e-35 31.046614583333337 0.14037931941357643 0.36648264796514479 53.500000000000007 39.650000000000013 31.112500000000004 0.92843842216862604 0.7641759112864478 0.98634410489382296 -0.49812626372919411 27.127864583333338 1.0226926418345352
decision_type=2 2 2 2 2 2 2 2 2 2 2 2 2 2 2 2 2 2 2 2 2 2 2 2 2 2 2 2 2 2
left_child=3 2 6 4 7 -5 -2 26 10 -10 -7 -11 24 -14 -8 -16 17 18 -3 20 -19 -21 -22 -24 25 -13 28 29 -1 -28
right_child=1 16 -4 5 -6 8 14 -9 9 11 -12 12 13 -15 15 -17 -18 19 -20 21 22 -23 23 -25 -26 -27 27 -29 -30 -31
leaf_value=-0.063768599116317104 0.022654483873515992 0.038400908380719682 0.127133166259599 -0.04034894500309219 0.17696484378360658 0.11459405404005606 0.00016438536087596517 0.077772068634103575 0.1631912769046972 0.081270598000432528 -0.0072888114885524373 -0.1338120649481461 -0.031138128754835844 0.080671277680297596 -0.087272792029318341 -0.037736121752396323 0.010799308763129685 -0.043751901658230653 -0.055573454861777886 -0.11260901538471935 0.018972342276393682 -0.046252837240108577 -0.16803629640496742 -0.037984448761829 -0.063005496353032611 -0.02110600384740248 -0.41935039121395806 -0.12617508520857018 0.14451763767338793 0.012652065647726397
leaf_weight=396 8816 6840 9308 2010 16733 4280 3161 1926 12831 8759 8800 63 1500 4215 560 2065 11592 9034 5278 306 5031 714 159 824 549 2817 66 143 363 209
leaf_count=396 8816 6840 9308 2010 16733 4280 3161 1926 12831 8759 8800 63 1500 4215 560 2065 11592 9034 5278 306 5031 714 159 824 549 2817 66 143 363 209
internal_value=0.00123226 0.000114464 0.00130489 0.00231648 0.0035002 0.00180408 -6.09504e-05 -0.000317435 0.00199982 0.00255157 0.000703364 0.00153689 0.000231846 0.00210411 -0.00193916 -0.00429524 -0.000601086 -0.00108813 -7.50947e-05 -0.00185213 -0.00155569 -0.00622549 0.000119721 -0.00400305 -0.0028886 -0.00184028 -0.00443076 -0.00983254 -0.00145586 -0.00372727
internal_weight=129348 63688 23910 65660 19836 45824 14602 3103 43814 30734 13080 17903 9144 5715 5786 2625 39778 28186 12118 16068 15048 1020 6014 983 3429 2880 1177 418 759 275
internal_count=129348 63688 23910 65660 19836 45824 14602 3103 43814 30734 13080 17903 9144 5715 5786 2625 39778 28186 12118 16068 15048 1020 6014 983 3429 2880 1177 418 759 275
is_linear=0
shrinkage=0.05


Tree=53
num_leaves=31
num_cat=0
split_feature=8 0 0 0 4 8 7 11 0 11 10 4 3 10 11 0 9 8 0 10 3 3 3 0 4 11 4 4 3 3
split_gain=59.7068 23.6735 30.6557 17.1484 29.29 17.9849 15.5518 12.7135 11.5494 11.2758 11.1778 10.3076 13.064 9.12963 12.7779 9.63234 12.0472 8.8143 8.80923 12.2676 12.0116 25.1131 12.2957 8.98529 10.6215 9.11673 8.59651 8.27812 8.14349 10.5781
threshold=29.950000000000003 35.500000000000007 21.500000000000004 21.500000000000004 -0.14250536273956091 20.200000000000006 26.987500000000004 1.0226926418345352 87.500000000000014 1.2217849585321277 1.0000000180025095e-35 -0.61236746317008228 -0.83847110675477843 1.0000000180025095e-35 0.80519389663381347 4.5000000000000009 26.680729166666669 32.050000000000004 44.500000000000007 1.0000000180025095e-35 0.68432406471780916 0.86548282553247169 0.77788564761185042 37.500000000000007 0.79773375822167203 0.99415218657029769 -0.98801846520836312 -0.95998493203694346 -0.9954993026558282 -0.99866806308218525
decision_type=2 2 2 2 2 2 2 2 2 2 2 2 2 2 2 2 2 2 2 2 2 2 2 2 2 2 2 2 2 2
left_child=3 2 6 4 11 8 9 28 -5 13 -8 27 -13 14 -2 16 17 -15 19 20 -7 22 -22 -21 -25 -26 -12 -1 29 -3
right_child=1 7 -4 5 -6 18 10 -9 -10 -11 26 12 -14 15 -16 -17 -18 -19 -20 23 21 -23 -24 24 25 -27 -28 -29 -30 -31
leaf_value=-0.40971305269913227 -0.25695773500945313 0.02636130086004719 0.12724147599165903 -0.0018216688862496601 0.22591809562345994 0.022875876778755366 0.00038244667867698163 -0.027644976848403925 0.16953405785290693 -0.19150267628456011 -0.082909152427852129 -0.10635246309268448 -0.12893530912507431 -0.052905093328997593 0.11416824599741199 0.021262132967326677 -0.011819224043273485 -0.12615140639074454 0.099947517323171933 0.1663565936416756 -0.086791178173103681 0.083485188082232611 -0.1962921359538207 0.042923146014896052 0.023496034230540613 -0.10184513538898464 -0.038403604716636536 0.050797845146780311 0.0096612848494349417 -0.08759515768031842
leaf_weight=66 83 240 10918 11352 11704 2944 3189 20435 1376 55 560 308 66 270 3724 5947 1013 125 20243 3584 368 460 207 1211 154 203 2166 374 25703 300
leaf_count=66 83 240 10918 11352 11704 2944 3189 20435 1376 55 560 308 66 270 3724 5947 1013 125 20243 3584 368 460 207 1211 154 203 2166 374 25703 300
internal_value=0.00121602 0.000297613 0.00144563 0.00247254 0.0040973 0.00198945 0.00012608 -0.000392262 0.000419548 0.00122002 -0.00194844 -0.00507371 -0.0111765 0.0013313 0.00331889 0.000302515 -0.00341619 -0.0108228 0.00266971 0.00138046 -0.000704951 -0.00533816 -0.0123043 0.00299107 -0.000165816 -0.0077451 -0.00429934 0.000113637 0.000335899 -0.00574074
internal_weight=129348 74728 28050 54620 12518 42102 17132 46678 12728 11217 5915 814 374 11162 3807 7355 1408 395 29374 9131 3979 1035 575 5152 1568 357 2726 440 26243 540
internal_count=129348 74728 28050 54620 12518 42102 17132 46678 12728 11217 5915 814 374 11162 3807 7355 1408 395 29374 9131 3979 1035 575 5152 1568 357 2726 440 26243 540
is_linear=0
shrinkage=0.05


Tree=54
num_leaves=31
num_cat=0
split_feature=4 0 0 0 3 0 0 8 3 7 0 10 7 11 8 1 9 7 0 8 0 1 0 1 0 3 0 10 0 10
split_gain=57.2593 28.0777 18.4708 17.4511 16.9643 18.7394 23.2442 16.5526 16.468 15.4091 21.9447 17.5839 12.2593 12.0506 13.1395 14.1123 13.0046 11.7318 11.5503 10.624 10.5644 9.19452 8.68212 8.11323 7.79519 7.7552 7.72082 20.8834 9.3307 8.64351
threshold=0.24164313636530552 20.500000000000004 75.500000000000014 84.500000000000014 -0.35846811432664222 74.500000000000014 53.500000000000007 29.750000000000004 0.9053161325100999 30.312500000000004 17.500000000000004 1.0000000180025095e-35 27.587500000000006 0.91718490123342256 30.250000000000004 4.5000000000000009 26.801041666666674 12.062500000000002 79.500000000000014 29.950000000000003 67.500000000000014 5.5000000000000009 37.500000000000007 4.5000000000000009 22.500000000000004 -0.52032787705993211 37.500000000000007 1.0000000180025095e-35 43.500000000000007 1.0000000180025095e-35
decision_type=2 2 2 2 2 2 2 2 2 2 2 2 2 2 2 2 2 2 2 2 2 2 2 2 2 2 2 2 2 2
left_child=2 -2 8 4 -3 6 12 18 9 10 11 -1 26 -13 15 19 -17 -8 -7 -15 21 -11 24 -14 -12 -4 27 -6 -28 -30
right_child=1 3 25 -5 5 7 17 -9 -10 20 22 13 23 14 -16 16 -18 -19 -20 -21 -22 -23 -24 -25 -26 -27 28 -29 29 -31
leaf_value=0.050630948758780464 0.20980090201607454 0.079381213033393169 0.0083100416543238631 0.1614359649597745 -0.035815707445024769 -0.053008786822507925 -0.071602815706801964 -0.11931671673910063 0.068312082368053681 -0.02919791555470326 0.026244678031516595 0.050278958683204603 -0.10391317777186218 0.0051730042306671825 -0.027998847154207876 -0.36837389668724208 -0.044296503099300825 0.12126952885140425 0.014151884280266331 -0.10587308156938049 0.064435237177112664 0.037481984682827117 0.020117255925965177 0.011775746284243039 0.14340472376916855 -0.040656239770993891 -0.071867036535524273 0.10714740873057459 0.095068630747144306 -0.038231496155141848
leaf_weight=4198 11466 12351 5080 6006 2788 1680 288 170 8664 16527 3332 1319 191 306 5342 108 108 7125 1680 90 2995 2971 7226 71 7722 10945 2064 3212 1637 1686
leaf_count=4198 11466 12351 5080 6006 2788 1680 288 170 8664 16527 3332 1319 191 306 5342 108 108 7125 1680 90 2995 2971 7226 71 7722 10945 2064 3212 1637 1686
internal_value=0.00120713 0.00248164 0.000338801 0.00186928 0.00144135 0.000626771 0.00124646 -0.00271955 0.000736192 0.000401386 0.00114803 -0.00056621 -0.000146364 -0.00205349 -0.00301142 -0.00995098 -0.0202315 0.00343518 -0.0019494 -0.00434343 -0.000586182 -0.00101087 0.00222374 -0.0108397 0.00310476 -0.00117161 9.96753e-05 0.00133333 -0.00127436 0.000365634
internal_weight=129348 52415 76933 40949 34943 22592 19062 3530 60908 52244 29751 11471 11649 7273 5954 612 216 7413 3360 396 22493 19498 18280 262 11054 16025 11387 6000 5387 3323
internal_count=129348 52415 76933 40949 34943 22592 19062 3530 60908 52244 29751 11471 11649 7273 5954 612 216 7413 3360 396 22493 19498 18280 262 11054 16025 11387 6000 5387 3323
is_linear=0
shrinkage=0.05


Tree=55
num_leaves=31
num_cat=0
split_feature=8 0 0 0 4 8 7 11 10 0 11 4 0 3 4 9 8 3 11 4 9 8 9 10 11 4 7 3 9 3
split_gain=55.6378 20.5508 31.4517 18.724 26.1382 16.3925 14.7603 11.5659 11.2325 10.9417 9.70424 8.97721 8.92466 8.8366 7.87989 7.60772 12.6615 11.625 7.48238 10.2666 7.45616 13.7433 9.29286 8.3998 12.9535 13.1388 8.90263 7.95391 7.68235 7.19809
threshold=29.950000000000003 34.500000000000007 22.500000000000004 20.500000000000004 -0.14250536273956091 20.200000000000006 26.887500000000006 1.0226926418345352 1.0000000180025095e-35 87.500000000000014 1.2099088115144543 -0.61236746317008228 6.5000000000000009 -0.83847110675477843 0.97648852793709995 25.782291666666669 32.050000000000004 0.98049069993378934 1.1163525015609757 -0.93237865822738086 34.265104166666674 40.850000000000001 35.062239583333344 1.0000000180025095e-35 0.80519389663381347 -0.99983123799342477 28.112500000000004 -0.9954993026558282 28.427604166666669 -0.099819732675876835
decision_type=2 2 2 2 2 2 2 2 2 2 2 2 2 2 2 2 2 2 2 2 2 2 2 2 2 2 2 2 2 2
left_child=3 2 6 4 11 9 10 20 18 14 12 -1 15 -13 -5 16 -2 -18 29 -20 23 22 -22 24 26 -26 -3 -25 -27 -8
right_child=1 7 -4 5 -6 -7 8 -9 -10 -11 -12 13 -14 -15 -16 -17 17 -19 19 -21 21 -23 -24 27 25 28 -28 -29 -30 -31
leaf_value=0.0015439859823863213 -0.01806779639443622 -1.2692076783058834 0.13837404501146555 0.022555050441744367 0.21393743968466988 0.07177606318726544 0.14476446983640076 -0.026765179117488699 -0.049402894684613674 0.15298555671227371 -0.15032184018031466 -0.096298720338098803 0.046909112498435983 -0.1234108288101648 -0.027460141070499745 0.0077559650678438261 -0.11364804611206453 -0.049728268383266279 -0.16292211523041336 0.021556073268355604 -0.14494486561423456 0.03046193282144425 -0.26963609135427713 -0.061972506167545106 -0.44853214615103154 0.16343400738866676 -0.087087213416897777 -0.00046998536252668664 0.022987115806013755 -0.0139333976300169
leaf_weight=420 462 51 9359 6566 11172 29771 1303 20776 3069 1376 81 294 8371 63 4958 2279 56 119 175 188 303 610 61 427 61 3782 193 14971 6222 1809
leaf_count=420 462 51 9359 6566 11172 29771 1303 20776 3069 1376 81 294 8371 63 4958 2279 56 119 175 188 303 610 61 427 61 3782 193 14971 6222 1809
internal_value=0.00118819 0.000301627 0.00139544 0.00240114 0.00415056 0.00191125 0.000168044 -0.000326927 -0.00172372 0.000422481 0.00125704 -0.00471686 0.00138079 -0.0105462 -8.0701e-05 -0.00100137 -0.00583202 -0.0172857 0.000223022 -0.00657025 0.000361868 -0.00393224 -0.0116209 0.000524565 0.00162916 0.00190512 -0.0097541 -0.000214963 0.00204618 0.00101542
internal_weight=129348 74728 27271 54620 11949 42671 17912 47457 6544 12900 11368 777 11287 357 11524 2916 637 175 3475 363 26681 974 364 25707 10309 10065 244 15398 10004 3112
internal_count=129348 74728 27271 54620 11949 42671 17912 47457 6544 12900 11368 777 11287 357 11524 2916 637 175 3475 363 26681 974 364 25707 10309 10065 244 15398 10004 3112
is_linear=0
shrinkage=0.05


Tree=56
num_leaves=31
num_cat=0
split_feature=8 0 4 0 0 4 0 11 7 10 9 10 8 11 0 4 11 3 0 9 3 8 0 1 1 11 1 0 11 3
split_gain=51.4636 21.8083 21.6087 19.22 29.3763 15.8254 13.7708 12.1503 14.5938 11.1284 11.0197 17.3786 14.5076 14.3906 10.8476 7.78885 9.19294 9.95751 7.64391 7.57642 7.4567 11.8409 7.45449 7.76258 7.3214 10.0459 7.28995 6.9611 10.1421 11.0217
threshold=29.650000000000002 20.500000000000004 -0.091258822863740666 34.500000000000007 22.500000000000004 0.92843842216862604 2.5000000000000004 0.97366293224832023 25.612500000000004 1.0000000180025095e-35 30.108333333333338 1.0000000180025095e-35 33.750000000000007 0.80519389663381347 87.500000000000014 -0.99628250747696534 1.0635821354874333 1.0000000180025095e-35 87.500000000000014 29.923697916666672 -0.38242426011641079 33.750000000000007 65.500000000000014 5.5000000000000009 2.5000000000000004 1.0891277928364806 5.5000000000000009 49.500000000000007 0.7641759112864478 -0.94705910369513524
decision_type=2 2 2 2 2 2 2 2 2 2 2 2 2 2 2 2 2 2 2 2 2 2 2 2 2 2 2 2 2 2
left_child=1 2 26 4 6 27 -2 -8 -9 20 11 13 19 -5 -7 16 17 -12 22 24 -10 -22 23 -17 25 -13 -1 -3 29 -29
right_child=3 5 -4 10 -6 14 7 8 9 -11 15 12 -14 -15 -16 18 -18 -19 -20 -21 21 -23 -24 -25 -26 -27 -28 28 -30 -31
leaf_value=-0.024249671786478567 -0.048621160740793853 0.036619896258943359 0.2141059646012464 -0.69377130307479662 0.13006882416611035 -0.0030691416044899759 0.065014958049281882 0.035070677597640786 0.14264883084288099 -0.046534247037812192 -0.034571246563657947 -0.030679423946717462 0.040550526322750136 0.066917127779052732 0.16390924941949825 -0.048098392571705131 -0.018494389230594457 -0.26629556033865515 -0.068669371786166902 -0.1111023856230258 -0.1745716896340179 -0.0041347027988422177 0.021519334327986996 0.077658549668961213 -0.005582713534132454 -0.10833945849439458 -0.32343995337962811 -0.11072513618094314 0.10675699518136453 0.011398395529446893
leaf_weight=630 2402 11165 10731 183 9623 10854 5079 4613 907 3401 366 5915 4693 10305 1296 6307 1033 546 1881 61 61 1955 5157 958 10540 854 126 92 17430 184
leaf_count=630 2402 11165 10731 183 9623 10854 5079 4613 907 3401 366 5915 4693 10305 1296 6307 1033 546 1881 61 61 1955 5157 958 10540 854 126 92 17430 184
internal_value=0.00117582 0.0023823 0.00430791 0.00035138 0.00139457 0.00184308 0.00022478 0.000754246 -0.000184237 -0.00174415 -0.000248058 0.000282787 -0.000513756 0.00195843 0.000329218 -0.00131155 -0.00428021 -0.0079386 -0.000907851 -0.0011802 0.000518303 -0.0011756 -0.000458058 -0.00149002 -0.0011182 -0.00240139 -0.00386243 0.00248017 0.00309669 -0.00641304
internal_weight=129348 52508 11487 76840 28041 41021 18418 16016 10937 6324 48799 32551 22063 10488 12150 16248 1945 912 14303 17370 2923 2016 12422 7265 17309 6769 756 28871 17706 276
internal_count=129348 52508 11487 76840 28041 41021 18418 16016 10937 6324 48799 32551 22063 10488 12150 16248 1945 912 14303 17370 2923 2016 12422 7265 17309 6769 756 28871 17706 276
is_linear=0
shrinkage=0.05


Tree=57
num_leaves=31
num_cat=0
split_feature=8 0 4 0 0 8 11 0 11 0 7 10 8 0 11 3 1 4 11 9 3 10 3 0 11 4 0 4 9 3
split_gain=48.6588 22.8559 19.8949 18.0658 28.1778 15.3487 12.5247 11.7905 10.4322 10.0637 8.12246 12.3464 8.04684 8.00924 9.41472 9.92029 7.99712 7.79055 7.70848 7.67127 7.30106 7.2012 23.3072 10.9838 8.16207 10.5928 7.06943 6.89429 6.43141 14.1592
threshold=29.650000000000002 20.500000000000004 -0.091258822863740666 34.500000000000007 22.500000000000004 20.200000000000006 1.1250574444522627 1.5000000000000002 1.0226926418345352 88.500000000000014 26.537500000000005 1.0000000180025095e-35 30.650000000000002 49.500000000000007 0.7641759112864478 -0.94705910369513524 4.5000000000000009 0.48126256173783166 1.1265970327176902 34.42239583333334 -0.98664820696349753 1.0000000180025095e-35 0.68432406471780916 37.500000000000007 0.99415218657029769 0.79773375822167203 45.500000000000007 0.97648852793709995 34.265104166666674 0.21022171450811275
decision_type=2 2 2 2 2 2 2 2 2 2 2 2 2 2 2 2 2 2 2 2 2 2 2 2 2 2 2 2 2 2
left_child=1 2 -1 4 6 9 7 -2 16 27 -9 -12 -13 17 15 -15 28 -7 -8 -20 -18 22 -19 -23 -25 -26 -24 -3 -5 -30
right_child=3 5 -4 8 -6 13 18 10 -10 -11 11 12 -14 14 -16 -17 20 21 19 -21 -22 23 26 24 25 -27 -28 -29 29 -31
leaf_value=-0.061999034331808714 -0.051250465877075428 0.020051126835073173 0.20340066637118343 0.0013598235659670777 0.12356538295780524 0.12227311754408127 -0.1534451651886686 0.038908657550085123 -0.023200395494151389 0.17274499388121325 0.036163059025910875 -0.098959821756295141 -0.032345243986955353 -0.10518887937189583 0.10511287247225989 0.010828475752974177 -0.063257539514032152 0.022462456209137973 -0.023313720422264806 -0.16670557790204843 0.045366931470480334 0.14342254415578515 -0.1241275112435925 0.040347228163332666 0.0060403202900729987 -0.085181880842486235 0.05447118224130492 -0.025225218145469342 -0.25272081828921439 -0.08049336303388531
leaf_weight=756 1483 6664 10731 18895 9623 3393 92 9331 21203 1204 3260 63 2924 92 16970 184 183 3074 1173 92 7788 2125 675 720 432 348 108 5032 61 669
leaf_count=756 1483 6664 10731 18895 9623 3393 92 9331 21203 1204 3260 63 2924 92 16970 184 183 3074 1173 92 7788 2125 675 720 432 348 108 5032 61 669
internal_value=0.00116345 0.0023366 0.00430791 0.000361791 0.00137317 0.00178457 0.000227495 0.000595217 -0.000219369 0.000356589 0.00100077 -0.000394589 -0.00271677 0.00243964 0.00310971 -0.00605072 0.000421438 0.00137701 -0.00439573 -0.00337945 0.00175699 0.000475809 -0.001028 0.00207586 -0.0012 -0.00474359 -0.00872925 -9.14841e-05 -0.000121019 -0.00472603
internal_weight=129348 52508 11487 76840 28041 41021 18418 17061 48799 12900 15578 6247 2987 28121 17246 276 27596 10875 1357 1265 7971 7482 3857 3625 1500 780 783 11696 19625 730
internal_count=129348 52508 11487 76840 28041 41021 18418 17061 48799 12900 15578 6247 2987 28121 17246 276 27596 10875 1357 1265 7971 7482 3857 3625 1500 780 783 11696 19625 730
is_linear=0
shrinkage=0.05


Tree=58
num_leaves=31
num_cat=0
split_feature=8 0 3 10 0 4 9 8 0 3 7 3 0 8 0 0 0 0 9 9 1 0 8 0 3 3 9 3 3 10
split_gain=47.8585 21.5048 13.0076 13.0058 31.9231 20.1436 14.4723 18.4274 12.6721 12.2076 12.1129 11.7482 11.1997 10.9615 11.4451 10.4859 19.4594 12.7332 10.1422 9.61699 11.8528 13.2064 9.19611 9.02406 8.48571 8.29616 8.17263 10.3396 12.9526 7.92959
threshold=31.950000000000003 29.500000000000004 -0.93545489084327571 1.0000000180025095e-35 44.500000000000007 0.52583933546504591 15.127864583333336 29.250000000000004 76.500000000000014 -0.99372698525316483 24.337500000000006 0.63920241694561786 14.500000000000002 37.050000000000004 20.500000000000004 88.500000000000014 70.500000000000014 54.500000000000007 14.9234375 26.398958333333336 4.5000000000000009 16.500000000000004 17.150000000000002 39.500000000000007 -0.0053757284505435614 0.68432406471780916 32.128645833333344 0.60555468348150676 0.58481550752069722 1.0000000180025095e-35
decision_type=2 2 2 2 2 2 2 2 2 2 2 2 2 2 2 2 2 2 2 2 2 2 2 2 2 2 2 2 2 2
left_child=1 2 10 4 5 -3 15 -8 11 -9 -1 13 -12 19 26 16 17 18 23 20 21 -2 24 -5 -7 -24 27 28 -15 -28
right_child=8 3 -4 6 -6 22 7 9 -10 -11 12 -13 -14 14 -16 -17 -18 -19 -20 -21 -22 -23 25 -25 -26 -27 29 -29 -30 -31
leaf_value=0.064810107702213071 -0.27151724984784698 0.13287900151437218 0.12130390582267268 0.035404331673277299 0.12925812943591986 -0.097134513800267455 0.064734774300795439 -0.066959758400522401 -0.030802795902082736 0.0071754212258878227 -0.084032342038891941 0.035775568265307388 0.040630982010336283 -0.068752665751827313 -0.014809769594000231 0.11928626292083572 -0.050282790018707016 0.075827300692196273 -0.16175085911081014 0.012503035337468302 0.011717426404659628 -0.099609157743428045 -0.034511150971677812 -0.064452719917806309 -0.27788324138669357 -0.11040788171472489 -0.010712855293616555 0.12138949218486371 -0.38651685079817677 -0.071247744877496202
leaf_weight=1681 51 1470 20100 1050 15810 105 11876 924 10987 10362 647 13902 642 147 6240 756 1944 1728 75 21591 231 180 2655 1575 60 360 1302 63 63 771
leaf_count=1681 51 1470 20100 1050 15810 105 11876 924 10987 10362 647 13902 642 147 6240 756 1944 1728 75 21591 231 180 2655 1575 60 360 1302 63 63 771
internal_value=0.00114026 0.0019744 0.00324014 0.00139901 0.00237292 -0.00126882 0.000741169 0.00134747 3.13357e-05 -9.92378e-05 0.000151515 0.00040648 -0.00349496 -0.000140507 -0.00165618 -0.00122896 -0.00188952 -5.87171e-05 -0.0022037 0.000449599 -0.00668831 -0.014697 -0.00350629 -0.00168571 -0.015 -0.00287728 -0.00463342 -0.0127656 -0.0180952 -0.00356247
internal_weight=129348 73820 23070 50750 20460 4650 30290 23162 55528 11286 2970 44541 1289 30639 8586 7128 6372 4428 2700 22053 462 231 3180 2625 165 3015 2346 273 210 2073
internal_count=129348 73820 23070 50750 20460 4650 30290 23162 55528 11286 2970 44541 1289 30639 8586 7128 6372 4428 2700 22053 462 231 3180 2625 165 3015 2346 273 210 2073
is_linear=0
shrinkage=0.05


Tree=59
num_leaves=31
num_cat=0
split_feature=8 0 4 0 0 0 4 11 7 10 10 3 1 3 8 3 4 7 0 11 0 0 4 0 9 8 4 4 3 8
split_gain=45.5195 23.4369 20.2003 16.995 26.2407 15.5887 15.0434 12.5811 10.8851 10.2514 9.58189 14.8356 9.36153 8.87642 21.5194 8.21172 8.09756 9.73718 7.70456 12.1802 10.7718 10.0038 7.92011 7.62257 10.3084 9.88483 7.31034 6.95805 6.7833 21.2523
threshold=29.650000000000002 20.500000000000004 -0.14250536273956091 34.500000000000007 22.500000000000004 86.500000000000014 0.92843842216862604 0.97366293224832023 25.512500000000006 1.0000000180025095e-35 1.0000000180025095e-35 -0.34235669412071207 3.5000000000000004 -0.38242426011641079 33.45000000000001 -0.9954993026558282 -0.61236746317008228 25.612500000000004 73.500000000000014 0.7641759112864478 79.500000000000014 53.500000000000007 0.62420859727530387 4.5000000000000009 25.782291666666669 32.050000000000004 -0.59867820553660911 -0.95998493203694346 -0.36647417525074694 32.750000000000007
decision_type=2 2 2 2 2 2 2 2 2 2 2 2 2 2 2 2 2 2 2 2 2 2 2 2 2 2 2 2 2 2
left_child=1 2 16 4 7 6 18 15 23 13 11 -5 26 -10 -15 -2 27 -18 21 -20 22 -3 -21 24 25 -9 28 -1 29 -12
right_child=3 5 -4 10 -6 -7 -8 8 9 -11 12 -13 -14 14 -16 -17 17 -19 19 20 -22 -23 -24 -25 -26 -27 -28 -29 -30 -31
leaf_value=-0.3576946150038241 -0.082148182109453904 0.03523512430139579 0.18313121325593482 0.074997992060699653 0.11611424105193024 0.1605257259656061 -0.0040948182326720059 -0.036619780579639424 0.11895276592571387 -0.048585105033932381 -0.066315023222810077 -0.014707724428956528 0.0035914052660182363 -0.23109828423724804 -0.010177211702304984 0.051856862673057405 -0.052691323364318227 -0.21840297900463793 -0.11878833755811741 -0.066291469792696497 0.076079995297774886 0.13323645388454661 0.0066545754846883175 0.036365368341459786 0.017780798734734076 -0.10566464605737823 -0.0089221514573896831 0.057213468164469761 -0.03542247153632385 -0.12508274822438609
leaf_weight=63 115 12705 10878 7808 9623 4923 10692 265 1057 4103 1891 12011 12813 50 2342 5728 173 79 78 906 2653 7696 1368 4119 544 95 7503 294 6285 488
leaf_count=63 115 12705 10878 7808 9623 4923 10692 265 1057 4103 1891 12011 12813 50 2342 5728 173 79 78 906 2653 7696 1368 4119 544 95 7503 294 6285 488
internal_value=0.0011248 0.00225947 0.00425568 0.000349428 0.00133037 0.00170047 0.00134052 0.00022478 -0.000666004 -0.00186573 -0.000214246 0.000632979 -0.000793651 0.00014352 -0.00154264 0.00214188 -0.00460591 -0.0114683 0.00200268 0.000244755 0.000555105 0.00243395 -0.0019701 0.00113777 -0.00301991 -0.00958333 -0.00159368 0.000238095 -0.0025831 -0.00485708
internal_weight=129348 52508 11487 76840 28041 41021 36098 18418 12575 7552 48799 19819 28980 3449 2392 5843 609 252 25406 5005 4927 20401 2274 5023 904 360 16167 357 8664 2379
internal_count=129348 52508 11487 76840 28041 41021 36098 18418 12575 7552 48799 19819 28980 3449 2392 5843 609 252 25406 5005 4927 20401 2274 5023 904 360 16167 357 8664 2379
is_linear=0
shrinkage=0.05


Tree=60
num_leaves=31
num_cat=0
split_feature=8 0 4 0 0 0 4 0 11 11 9 11 1 10 9 8 8 3 3 11 3 3 7 10 9 9 3 0 11 0
split_gain=42.9853 23.6098 19.7229 15.4695 25.0424 14.955 14.1423 11.407 10.1767 8.92166 8.24209 8.59178 8.00898 7.00209 11.472 13.0553 10.661 8.68089 7.33031 9.16089 6.58802 6.41523 6.25127 6.241 6.37102 6.13854 14.2434 6.0995 12.6665 10.924
threshold=29.650000000000002 20.500000000000004 -0.091258822863740666 34.500000000000007 7.5000000000000009 87.500000000000014 0.92843842216862604 23.500000000000004 1.1218908147696223 1.0267603807040537 29.235937500000002 0.97407968238158804 4.5000000000000009 1.0000000180025095e-35 25.782291666666669 32.050000000000004 30.250000000000004 0.89017062131308955 -0.11692013674435776 0.85658788097574401 0.60555468348150676 -0.98664820696349753 20.812500000000004 1.0000000180025095e-35 29.327864583333341 34.265104166666674 0.21022171450811275 73.500000000000014 0.7641759112864478 79.500000000000014
decision_type=2 2 2 2 2 2 2 2 2 2 2 2 2 2 2 2 2 2 2 2 2 2 2 2 2 2 2 2 2 2
left_child=1 2 -1 4 13 6 27 8 10 12 -6 -12 25 18 15 17 -16 -15 -2 -20 -21 -14 -17 -13 -25 -5 -27 -3 -29 -30
right_child=3 5 -4 9 7 -7 -8 -9 -10 -11 11 23 21 14 16 22 -18 -19 19 20 -22 -23 -24 24 -26 26 -28 28 29 -31
leaf_value=-0.053251965795540881 0.096475288144491675 0.062066115974802549 0.17800888087937922 0.00018369342000956385 0.058817882987979922 0.16718053178121545 -0.0037007403564654237 0.11927166975029482 -0.04160772607567622 -0.022235952289588454 0.063278749528243472 0.017922277300724654 -0.057212392528959571 0.024963116987696505 -0.089428749390428261 -0.049452345927885187 -0.019329527817179174 -0.071984328853700749 -0.26957910042328076 -0.061001571905607205 0.029388917829724512 0.04355663474493749 -0.11421971546762773 -0.098329433940323813 -0.030861065946946084 -0.23780925142969675 -0.074992820181043543 -0.11287629738169301 -0.022489134518634546 0.078139265291189572
leaf_weight=756 1232 20401 10731 19627 6277 4376 10854 8821 992 20166 1544 2000 183 232 88 86 3167 184 56 648 664 8093 50 80 1920 61 669 84 2274 3032
leaf_count=756 1232 20401 10731 19627 6277 4376 10854 8821 992 20166 1544 2000 183 232 88 86 3167 184 56 648 664 8093 50 80 1920 61 669 84 2274 3032
internal_value=0.0011016 0.00220424 0.0042078 0.000348126 0.00128401 0.00164318 0.00131328 0.00209716 0.00114454 -0.000189655 0.00155275 0.000147908 0.000377711 -0.00146168 -0.00282769 -0.00949275 -0.00169739 -0.00509615 0.000538462 -0.00198099 -0.00113567 0.00168922 -0.0229412 -0.001075 -0.00305 -0.000155475 -0.00465753 0.00195049 0.000454546 0.000759518
internal_weight=129348 52508 11487 76840 28041 41021 36645 21634 12813 48799 11821 5544 28633 6407 3807 552 3255 416 2600 1368 1312 8276 136 4000 2000 20357 730 25791 5390 5306
internal_count=129348 52508 11487 76840 28041 41021 36645 21634 12813 48799 11821 5544 28633 6407 3807 552 3255 416 2600 1368 1312 8276 136 4000 2000 20357 730 25791 5390 5306
is_linear=0
shrinkage=0.05


Tree=61
num_leaves=31
num_cat=0
split_feature=9 0 0 0 0 9 11 7 0 10 3 0 0 10 4 4 0 9 0 3 11 10 4 3 3 3 3 3 4 11
split_gain=40.5341 34.6374 18.9737 17.2161 18.8081 16.0562 15.5417 11.4033 18.5047 16.5008 10.5679 10.7084 9.90483 23.5091 9.45113 9.38596 10.1119 9.04412 18.0005 8.96988 8.61617 8.58384 9.13214 8.88798 8.14459 21.8089 7.36557 7.22321 13.765 12.9401
threshold=22.358333333333338 20.500000000000004 52.500000000000007 74.500000000000014 3.5000000000000004 29.235937500000002 0.73745831416842689 14.212500000000004 87.500000000000014 1.0000000180025095e-35 -0.52032787705993211 77.500000000000014 35.500000000000007 1.0000000180025095e-35 -0.27694043983797384 0.45847758937963173 43.500000000000007 26.585416666666671 86.500000000000014 0.9962888416657264 0.96359846643765257 1.0000000180025095e-35 0.49626980634301188 -0.2270106897347694 0.75580964594513067 0.86548282553247169 0.38243310158943505 -0.96235977360714686 -0.25206183926700709 0.92423624745419519
decision_type=2 2 2 2 2 2 2 2 2 2 2 2 2 2 2 2 2 2 2 2 2 2 2 2 2 2 2 2 2 2
left_child=1 -1 12 4 -2 27 -5 8 9 -4 11 14 13 24 -8 -14 -17 18 19 -12 -7 -18 -23 -24 -3 -26 -22 28 29 -6
right_child=3 2 7 6 5 20 10 -9 -10 -11 17 -13 15 -15 -16 16 21 -19 -20 -21 26 22 23 -25 25 -27 -28 -29 -30 -31
leaf_value=0.17975628802547405 -0.036074419707975348 -0.012771849145028097 0.064226861543541056 -0.12113280506464841 -0.17797958637644307 0.047214531756555864 0.027070638929261877 0.10169334718918058 0.14711102548269508 -0.047323025965611831 -0.061560168820373642 0.02943441230023109 0.23828053234256413 0.11850212639824063 -0.083832141134106003 -0.057909417409264918 0.081510617048489914 -0.026606826265043501 0.014816637003591669 -0.17950272672088013 -0.023758861656541355 -0.12896455568894569 0.057398940730311543 -0.052228043133596427 -0.19342349172234935 0.021755583700146779 0.013061613815753464 0.049843953076622448 0.01576501904619771 -0.089950430875771467
leaf_weight=9933 3500 2865 1459 84 142 5234 450 15021 2019 1839 672 5706 680 3750 501 3464 1863 10002 693 252 12676 81 639 1314 195 285 9328 27317 7100 284
leaf_count=9933 3500 2865 1459 84 142 5234 450 15021 2019 1839 672 5706 680 3750 501 3464 1863 10002 693 252 12676 81 639 1314 195 285 9328 27317 7100 284
internal_value=0.00108111 0.00228456 0.00155381 0.000430124 0.000809 0.00101005 -0.000923202 0.00255138 0.000561407 -0.00174651 -0.000824578 0.000763858 0.000213399 0.00157505 -0.00414826 -0.000988061 -0.00150727 -0.00173466 -0.00520408 -0.00977273 0.000100595 0.000239928 -0.0020059 -0.0013236 -0.00147235 -0.0075 -0.000333121 0.00172101 0.000349455 -0.00838028
internal_weight=129348 45407 35474 83941 65581 62081 18360 20338 5317 3298 18276 6657 15136 7095 951 8041 7361 11619 1617 924 27238 3897 2034 1953 3345 480 22004 34843 7526 426
internal_count=129348 45407 35474 83941 65581 62081 18360 20338 5317 3298 18276 6657 15136 7095 951 8041 7361 11619 1617 924 27238 3897 2034 1953 3345 480 22004 34843 7526 426
is_linear=0
shrinkage=0.05


Tree=62
num_leaves=31
num_cat=0
split_feature=8 0 4 0 0 0 8 10 3 3 8 11 10 9 11 3 1 1 3 1 9 8 9 3 4 4 3 4 3 0
split_gain=40.3527 23.6677 18.78 14.9267 14.7547 23.5406 14.3513 10.3831 11.191 10.0522 12.9135 8.9865 8.57066 13.1388 11.1131 8.01188 7.62361 7.50781 6.90351 8.78705 8.84624 8.65398 6.68756 7.57576 6.66562 6.57815 6.54283 6.82604 9.21941 11.2391
threshold=29.650000000000002 20.500000000000004 -0.091258822863740666 88.500000000000014 34.500000000000007 15.500000000000002 20.200000000000006 1.0000000180025095e-35 -0.099819732675876835 0.60555468348150676 33.650000000000013 1.1589671265514687 1.0000000180025095e-35 31.046614583333337 0.80519389663381347 0.54940630780725741 3.5000000000000004 1.5000000000000002 -0.89015004145349408 1.5000000000000002 28.856770833333339 30.250000000000004 33.187500000000007 0.54940630780725741 0.99748108949426018 -0.59867820553660911 -0.99372698525316483 0.14037931941357643 0.88220160189607266 52.500000000000007
decision_type=2 2 2 2 2 2 2 2 2 2 2 2 2 2 2 2 2 2 2 2 2 2 2 2 2 2 2 2 2 2
left_child=1 2 -1 6 5 7 24 8 -2 10 -10 15 13 14 -6 -12 25 -17 19 -9 21 -21 -20 -24 -3 -14 -27 -28 -29 -30
right_child=4 3 -4 -5 12 -7 -8 18 9 -11 11 -13 16 -15 -16 17 -18 -19 22 20 -22 -23 23 -25 -26 26 27 28 29 -31
leaf_value=-0.048338646493896353 0.13391079535246203 0.0072873573791424756 0.16149135907694584 0.17403374278236028 -0.66471331170136638 0.06775428377831097 0.046929674421548578 0.020425435889566759 -0.19202117789049611 0.040178527607097385 -0.00085860760777355593 -0.20111325876559902 -0.048084787815508866 -0.031127438822392925 0.053048939458098687 -0.0060287721992298747 0.0032651968475098467 -0.11210226853126781 -0.0031960861916401915 -0.085374427698796218 -0.09717085049313938 -0.043326065966359378 -0.15770236243958913 0.021442192958908618 -0.043992161572694505 -0.054960646734352983 0.016775433036080187 0.0037702447247734724 -0.12779414990948754 -0.041100144730853917
leaf_weight=756 2496 9656 10731 3829 183 15227 25496 384 96 1360 1056 64 8664 7745 11891 64 12813 64 5844 112 64 720 330 160 2040 610 5124 1098 198 473
leaf_count=756 2496 9656 10731 3829 183 15227 25496 384 96 1360 1056 64 8664 7745 11891 64 12813 64 5844 112 64 720 330 160 2040 610 5124 1098 198 473
internal_value=0.00107686 0.0021452 0.00415121 0.00158346 0.000346825 0.00126083 0.00127743 -0.000318402 0.00140385 -0.000824704 -0.00389137 -0.00253205 -0.000178385 0.000622887 0.00165397 -0.00154561 -0.000726363 -0.0133594 -0.00149461 -0.00484375 -0.0075558 -0.00617788 -0.000817808 -0.00642857 -0.000172708 -0.00144832 -0.000364521 7.47137e-05 -0.00260317 -0.00722057
internal_weight=129348 52508 11487 41021 76840 28041 37192 12814 5200 2704 1344 1248 48799 19819 12074 1184 28980 128 7614 1280 896 832 6334 490 11696 16167 7503 6893 1769 671
internal_count=129348 52508 11487 41021 76840 28041 37192 12814 5200 2704 1344 1248 48799 19819 12074 1184 28980 128 7614 1280 896 832 6334 490 11696 16167 7503 6893 1769 671
is_linear=0
shrinkage=0.05


Tree=63
num_leaves=31
num_cat=0
split_feature=4 0 0 0 0 3 0 0 7 3 0 10 11 9 3 3 0 11 3 8 1 11 1 9 3 9 11 4 4 11
split_gain=38.6294 30.6392 17.7832 23.4505 23.3665 15.9328 13.8545 12.1153 11.3231 11.9346 10.9241 23.2107 10.0438 10.0158 9.41171 16.5261 9.19255 9.66184 8.58727 12.3743 8.04446 9.65815 7.75401 10.821 8.05241 8.67471 7.59842 9.48819 13.9107 7.64091
threshold=0.24164313636530552 20.500000000000004 82.500000000000014 73.500000000000014 53.500000000000007 -0.03977009085991149 75.500000000000014 1.5000000000000002 29.912500000000005 0.39827038710620805 35.500000000000007 1.0000000180025095e-35 1.0037329538813851 20.617187500000004 0.75580964594513067 0.86548282553247169 23.500000000000004 0.97407968238158804 -0.85671820900978868 28.250000000000004 4.5000000000000009 1.1589671265514687 1.5000000000000002 33.361458333333339 0.63920241694561786 33.875000000000007 1.0037329538813851 -0.72694848937061807 -0.8142754349318998 0.99909664317366975
decision_type=2 2 2 2 2 2 2 2 2 2 2 2 2 2 2 2 2 2 2 2 2 2 2 2 2 2 2 2 2 2
left_child=6 -2 3 4 10 18 7 -1 16 20 11 14 -12 -7 -3 -16 17 -9 19 -5 -10 -22 -19 26 25 -25 27 28 -24 -29
right_child=1 2 -4 5 -6 13 -8 8 9 -11 12 -13 -14 -15 15 -17 -18 22 -20 -21 21 -23 23 24 -26 -27 -28 29 -30 -31
leaf_value=-0.051353024663215112 0.13748140664786754 -0.0037401302230661718 0.11053540226795033 -0.16009455767251099 0.096833934529534815 -0.048276190228874361 -0.019987797641587261 0.049072662662840265 -0.028040628190511951 0.035563142410713788 0.014651515598328037 0.11521800872790185 -0.043158655672119808 -0.099265466352474296 -0.18609880085731037 0.018321320783388464 0.064637947778703256 0.028088774239453187 0.049750468973220933 -0.022011833125024118 0.027379590685718293 -0.17805825759538763 -0.060608218613313038 -0.21074389260146417 0.033888008553421591 -0.05648837719610416 0.0029795731698472228 0.014069113888622723 -0.27181829734835455 -0.042469972759843419
leaf_weight=1603 11466 3345 7098 81 10919 2376 16025 5835 11804 10607 5526 4395 4302 261 195 255 15417 2904 1764 432 4883 151 312 145 127 264 5756 880 110 110
leaf_count=1603 11466 3345 7098 81 10919 2376 16025 5835 11804 10607 5526 4395 4302 261 195 255 15417 2904 1764 432 4883 151 312 145 127 264 5756 880 110 110
internal_value=0.00104942 0.00209625 0.00145657 0.000979439 0.00152175 -0.00221408 0.000336202 0.000680371 0.000796307 5.19222e-05 0.000415696 0.00176435 -0.000708181 -0.00485969 -0.00110013 -0.00788889 0.00143754 0.000615156 0.000849803 -0.00484405 -0.000775626 0.000897894 -0.000283748 -0.00111371 -0.00796642 -0.0113814 -0.000601283 -0.0038881 -0.0101659 -0.00121212
internal_weight=129348 52415 40949 33851 28937 4914 76933 60908 59305 27445 18018 8190 9828 2637 3795 450 31860 16443 2277 513 16838 5034 10608 7704 536 409 7168 1412 422 990
internal_count=129348 52415 40949 33851 28937 4914 76933 60908 59305 27445 18018 8190 9828 2637 3795 450 31860 16443 2277 513 16838 5034 10608 7704 536 409 7168 1412 422 990
is_linear=0
shrinkage=0.05


Tree=64
num_leaves=31
num_cat=0
split_feature=9 0 11 0 7 0 10 10 4 3 11 0 0 11 0 10 4 0 3 0 4 4 4 1 7 3 3 0 0 9
split_gain=37.755 34.8759 16.014 15.7199 11.958 18.6108 18.9793 10.6222 19.3881 11.8722 12.0637 10.7468 14.6481 14.544 8.72477 21.103 8.85728 9.24881 8.27922 8.12325 7.90992 7.10976 7.09609 8.25067 6.93628 6.43292 7.05457 10.5644 11.6028 10.2034
threshold=22.358333333333338 20.500000000000004 1.0174574584294211 52.500000000000007 14.212500000000004 88.500000000000014 1.0000000180025095e-35 1.0000000180025095e-35 -0.99983123799342477 -0.21861968191509915 0.80519389663381347 72.500000000000014 7.5000000000000009 0.73745831416842689 35.500000000000007 1.0000000180025095e-35 0.45847758937963173 43.500000000000007 -0.87395131947920313 37.500000000000007 0.49626980634301188 0.99988440732898443 -0.34234976856068178 2.5000000000000004 26.537500000000005 0.99939377080793557 0.93237596376505805 74.500000000000014 85.500000000000014 26.947656250000005
decision_type=2 2 2 2 2 2 2 2 2 2 2 2 2 2 2 2 2 2 2 2 2 2 2 2 2 2 2 2 2 2
left_child=1 -1 7 14 5 6 -5 8 -2 -10 24 12 22 -13 15 -3 -16 -18 -6 -14 -19 -8 -9 -24 -11 26 -4 -28 29 -29
right_child=2 3 25 4 18 -7 21 11 9 10 -12 13 19 -15 16 -17 17 20 -20 -21 -22 -23 23 -25 -26 -27 27 28 -30 -31
leaf_value=0.15592877999387583 -0.33824694064990274 -0.026780875015427599 -0.011518903023800471 0.072208895713718232 -0.056995126820042687 0.15111156017701369 -0.039653178728667304 -0.0036827045630460076 0.11072598586783432 -0.83788080695076139 0.025078682502279973 -0.11302505488383104 0.056199346730894828 -0.017760244072431694 0.22196071906701673 0.10683229426499448 -0.055504003003145543 -0.11391993058896716 0.09765395406532025 0.0078801300146648361 0.011114383900952693 -0.19698911448489487 -0.021373193475283551 -0.088649925565396262 -0.054443617158930528 -0.092282850511291661 0.054768715482576828 -0.13291513218225709 0.051867238948592256 -0.045504684110519805
leaf_weight=9933 96 3345 30627 1565 301 1790 1892 1450 10464 139 8352 92 9038 6833 680 3750 3464 99 14720 10557 3798 70 448 512 245 384 3675 220 490 319
leaf_count=9933 96 3345 30627 1565 301 1790 1892 1450 10464 139 8352 92 9038 6833 680 3750 3464 99 14720 10557 3798 70 448 512 245 384 3675 220 490 319
internal_value=0.00101849 0.00217995 0.000390215 0.00144669 0.00235471 0.000316908 -0.00179047 0.000984531 0.00189314 0.00200521 0.00064446 0.0003785 0.000919109 -0.00133935 0.000226612 0.00150458 -0.000901007 -0.00140538 0.00307603 0.00137152 0.000265589 -0.00506626 -0.00275934 -0.00609375 -0.00802083 -0.000412292 -0.000342334 0.00146046 -0.00301749 -0.00807978
internal_weight=129348 45407 83941 35474 20338 5317 3527 48226 19296 19200 8736 28930 22005 6925 15136 7095 8041 7361 15021 19595 3897 1962 2410 960 384 35715 35331 4704 1029 539
internal_count=129348 45407 83941 35474 20338 5317 3527 48226 19296 19200 8736 28930 22005 6925 15136 7095 8041 7361 15021 19595 3897 1962 2410 960 384 35715 35331 4704 1029 539
is_linear=0
shrinkage=0.05


Tree=65
num_leaves=31
num_cat=0
split_feature=9 0 0 11 0 0 3 3 0 0 11 0 4 7 0 0 10 3 4 3 3 8 0 7 0 10 3 3 3 7
split_gain=36.8474 34.1299 15.5004 15.34 13.0989 21.1763 13.9391 10.2823 9.86153 16.8899 8.40516 9.02722 8.39156 8.18596 6.48499 6.32988 7.28311 8.82974 6.01697 5.97404 6.70437 9.3198 8.46561 13.5771 9.78307 5.90952 6.2501 7.35447 5.87866 6.74286
threshold=22.358333333333338 20.500000000000004 83.500000000000014 1.0174574584294211 73.500000000000014 53.500000000000007 -0.03977009085991149 -0.85671820900978868 36.500000000000007 7.5000000000000009 0.73745831416842689 69.500000000000014 0.97461712852231652 12.062500000000002 26.500000000000004 79.500000000000014 1.0000000180025095e-35 0.65883702558178847 0.39629089145655322 0.99939377080793557 0.93237596376505805 33.95000000000001 74.500000000000014 23.837500000000006 4.5000000000000009 1.0000000180025095e-35 -0.11692013674435776 0.66527693225344786 0.91248814248966237 12.662500000000003
decision_type=2 2 2 2 2 2 2 2 2 2 2 2 2 2 2 2 2 2 2 2 2 2 2 2 2 2 2 2 2 2
left_child=1 -1 4 8 5 12 7 -6 9 25 11 -10 28 -7 -14 -8 -17 -18 -12 20 -5 22 24 -24 -22 26 -2 -28 29 -3
right_child=3 2 -4 19 6 13 15 -9 10 -11 18 -13 14 -15 -16 16 17 -19 -20 -21 21 -23 23 -25 -26 -27 27 -29 -30 -31
leaf_value=0.14813234099418224 0.1397389027282735 0.067833093930556282 0.12502602399605953 -0.010942957872609833 -0.14931507048664514 -0.07007533065131348 -0.064154472934090198 0.05649247079862646 -0.0045497057950053994 0.067217158818053707 0.00630658305583277 -0.10642722367350164 0.061179417891454084 0.10510634672958719 -0.054750293573596842 0.076242209507966743 -0.075773997886779632 0.034674367106094908 0.098171320499123749 -0.087668707985727568 -0.057845783929109433 0.080755711231911886 -0.01441077613488502 -0.1747645903715167 0.022314986653047108 -0.029567140845700637 -0.084137434065111205 0.03794550129380525 0.1842142998788063 -0.0011785899201384486
leaf_weight=9933 952 2475 5676 30627 80 241 1710 1800 132 14566 27459 104 636 9218 2862 544 352 244 1947 384 90 2976 269 109 1260 2410 384 272 1023 8613
leaf_count=9933 952 2475 5676 30627 80 241 1710 1800 132 14566 27459 104 636 9218 2862 544 352 244 1947 384 90 2976 269 109 1260 2410 384 272 1023 8613
internal_value=0.00102043 0.00216784 0.00144247 0.000399745 0.000986308 0.00144168 -0.00142706 0.00191489 0.000981421 0.00188442 0.000415289 -0.00898305 0.000310398 0.00330849 -0.00184677 -0.00363158 -0.000745614 -0.00456376 0.000490716 -0.000385692 -0.000318276 0.0014392 -0.00148148 -0.00809524 0.000370371 -0.000985565 0.00136194 -0.00239329 0.000933449 0.000598846
internal_weight=129348 45407 35474 83941 29798 25068 4730 1880 48226 18584 29642 236 15609 9459 3498 2850 1140 596 29406 35715 35331 4704 1728 378 1350 4018 1608 656 12111 11088
internal_count=129348 45407 35474 83941 29798 25068 4730 1880 48226 18584 29642 236 15609 9459 3498 2850 1140 596 29406 35715 35331 4704 1728 378 1350 4018 1608 656 12111 11088
is_linear=0
shrinkage=0.05


Tree=66
num_leaves=31
num_cat=0
split_feature=9 0 0 8 11 10 4 3 0 11 0 0 11 0 3 9 10 0 11 4 3 4 3 3 0 1 0 10 0 8
split_gain=36.0705 33.6755 14.1974 14.1178 13.8361 10.0252 17.5084 10.1749 9.51334 13.0877 11.1866 8.57707 8.04397 7.5061 13.872 10.125 9.16665 11.3166 9.63908 10.3513 8.89082 8.66634 9.40829 9.27066 7.93951 6.65052 6.46275 17.1391 10.813 6.04591
threshold=22.358333333333338 20.500000000000004 88.500000000000014 20.200000000000006 1.0174574584294211 1.0000000180025095e-35 -0.99983123799342477 -0.21861968191509915 72.500000000000014 0.73745831416842689 10.500000000000002 36.500000000000007 0.81414011311459489 46.500000000000007 -0.87395131947920313 21.109114583333337 1.0000000180025095e-35 37.500000000000007 0.99415218657029769 0.79773375822167203 -0.43733984355855576 0.7487283477006671 0.88220160189607266 0.77788564761185042 26.500000000000004 5.5000000000000009 70.500000000000014 1.0000000180025095e-35 56.500000000000007 20.050000000000004
decision_type=2 2 2 2 2 2 2 2 2 2 2 2 2 2 2 2 2 2 2 2 2 2 2 2 2 2 2 2 2 2
left_child=1 -1 3 26 5 6 -2 -8 10 -10 -7 -12 25 16 15 -15 21 -18 -19 -20 -21 22 23 -5 -25 -9 28 -28 29 -3
right_child=4 2 -4 13 -6 8 7 12 9 -11 11 -13 -14 14 -16 -17 17 18 19 20 -22 -23 -24 24 -26 -27 27 -29 -30 -31
leaf_value=0.14072572394447322 -0.32164992277020027 -0.0083795897732683814 0.18254200038134194 -0.054739826348373745 -0.006629369246339255 -0.023621227555889933 0.10316817536489015 -0.03367547476727973 -0.10205244095596469 -0.017273069312541297 0.061530306507502089 0.0081155449683044979 0.024949444353467513 -0.12749012035032622 0.074099983002460609 0.035961177197117083 0.12224456084199418 0.044328479531588999 -0.0047993664144539072 -0.10527707191886718 -0.066346021321803478 0.025861421297643877 0.050534567651366394 -0.22261663255820674 -0.10830260376285306 -1.1053988577339624 0.039996994047674948 -0.045136114607508299 0.088315612410708691 -0.10372523900272484
leaf_weight=9933 96 6012 3311 962 35715 3314 10464 384 92 6833 7833 10858 8256 168 12347 126 2618 711 414 90 171 2132 442 66 220 96 1368 1728 2408 180
leaf_count=9933 96 6012 3311 962 35715 3314 10464 384 92 6833 7833 10858 8256 168 12347 126 2618 711 414 90 171 2132 442 66 220 96 1368 1728 2408 180
internal_value=0.000999552 0.0021348 0.00141428 0.00109334 0.000385449 0.000937876 0.00182058 0.00192708 0.000349119 -0.00126715 0.00085776 0.00133246 0.000667354 0.00188523 0.00263864 -0.00809524 0.000668285 0.00234016 -0.00131313 -0.00559259 -0.0133908 -0.0010832 -0.0037574 -0.00597756 -0.0138811 -0.005625 -0.000292407 -0.00225129 0.000412791 -0.000692829
internal_weight=129348 45407 35474 32163 83941 48226 19296 19200 28930 6925 22005 18691 8736 20467 12641 294 7826 4004 1386 675 261 3822 1690 1248 286 480 11696 3096 8600 6192
internal_count=129348 45407 35474 32163 83941 48226 19296 19200 28930 6925 22005 18691 8736 20467 12641 294 7826 4004 1386 675 261 3822 1690 1248 286 480 11696 3096 8600 6192
is_linear=0
shrinkage=0.05


Tree=67
num_leaves=31
num_cat=0
split_feature=9 0 0 4 0 0 7 10 0 3 0 9 0 0 10 0 11 0 0 4 0 3 5 1 10 3 1 3 10 0
split_gain=33.8288 31.0924 15.9114 13.0012 12.2472 10.499 10.6952 10.2511 11.7724 9.96737 8.79719 8.69827 8.53804 8.44736 18.0924 12.0579 10.4697 8.93458 15.8392 8.63963 7.78543 7.20126 11.5579 7.18797 6.543 8.26707 6.38218 6.29236 10.0458 14.8838
threshold=23.805729166666669 20.500000000000004 89.500000000000014 0.99748108949426018 74.500000000000014 1.5000000000000002 30.687500000000004 1.0000000180025095e-35 18.500000000000004 0.9053161325100999 40.500000000000007 13.074218750000002 35.500000000000007 44.500000000000007 1.0000000180025095e-35 37.500000000000007 0.99415218657029769 70.500000000000014 80.500000000000014 0.62420859727530387 66.500000000000014 0.99466373373798567 1.0000000180025095e-35 5.5000000000000009 1.0000000180025095e-35 -0.45274443793211405 5.5000000000000009 0.534952257794027 1.0000000180025095e-35 34.500000000000007
decision_type=2 2 2 2 2 2 2 2 2 2 2 2 2 2 2 2 2 2 2 2 2 2 2 2 2 2 2 2 2 2
left_child=1 -1 3 11 5 -2 7 21 -9 20 -11 27 -10 14 -13 -16 -17 -15 19 -19 23 -7 -23 -8 -21 -26 -5 28 -3 -30
right_child=4 2 -4 26 -6 6 9 8 12 10 -12 13 -14 17 15 16 -18 18 -20 24 -22 22 -24 -25 25 -27 -28 -29 29 -31
leaf_value=0.11505273560916152 -0.047015255822855179 0.052621966098181851 0.18509968417912873 -0.055408955548801632 -0.016363381446608694 0.081451297804292472 -0.02421918087457775 -0.0098010096492736811 0.063385255093438161 -0.067839339403788293 0.14166252489151401 -0.03219254396308268 0.0060390524505554823 0.093193094564497203 0.11069704384483758 0.04324871966749215 -0.065760461495469311 -0.068066638538874832 0.088113458265682676 0.075802104243632457 0.061644573640614611 0.0026715691225531169 -0.26132572464576054 0.036965044281791919 0.047163638302884794 -0.0486760129267233 0.062210398426808082 0.096472325929815902 0.088240771264278928 -0.051242453314433126
leaf_weight=10983 1649 2760 3138 1932 17310 12115 14901 8423 7913 223 2707 4296 7771 9983 3485 770 665 1300 3456 1330 2966 364 88 2711 450 760 414 1035 700 2750
leaf_count=10983 1649 2760 3138 1932 17310 12115 14901 8423 7913 223 2707 4296 7771 9983 3485 770 665 1300 3456 1330 2966 364 88 2711 450 760 414 1035 700 2750
internal_value=0.000973266 0.00198847 0.00133005 0.00103309 0.000329223 0.000658327 0.000766176 0.00129983 0.000696271 -6.63602e-05 0.00266212 0.00128334 0.00150599 0.00170315 0.000480686 0.00255081 -0.00130662 0.00235517 0.00102522 -0.0011849 -0.000454855 0.00245763 -0.00373894 -0.000853963 0.000511811 -0.00214876 -0.00256607 -0.000251898 -0.000853462 -0.00265217
internal_weight=129348 50207 39224 36086 79141 61831 60182 36674 24107 23508 2930 33740 15684 26495 9216 4920 1435 17279 7296 3840 20578 12567 452 17612 2540 1210 2346 7245 6210 3450
internal_count=129348 50207 39224 36086 79141 61831 60182 36674 24107 23508 2930 33740 15684 26495 9216 4920 1435 17279 7296 3840 20578 12567 452 17612 2540 1210 2346 7245 6210 3450
is_linear=0
shrinkage=0.05


Tree=68
num_leaves=31
num_cat=0
split_feature=9 0 0 4 11 8 3 10 4 11 1 0 11 0 0 3 0 10 0 11 4 3 7 4 7 8 1 3 3 11
split_gain=34.9874 31.8483 13.903 14.0413 13.6074 9.50328 13.6667 10.2394 14.5228 9.29675 8.75521 7.79397 12.6909 9.90866 11.3865 6.98647 7.00085 8.59287 9.04924 7.79732 7.1456 10.2857 6.99869 6.96955 11.6741 25.2283 6.82524 6.6688 13.3626 6.35593
threshold=22.358333333333338 20.500000000000004 89.500000000000014 0.92843842216862604 1.0174574584294211 39.550000000000004 0.21022171450811275 1.0000000180025095e-35 -0.99983123799342477 0.78920070979102952 4.5000000000000009 72.500000000000014 0.73745831416842689 13.500000000000002 35.500000000000007 -0.87395131947920313 47.500000000000007 1.0000000180025095e-35 37.500000000000007 0.99415218657029769 0.83258597624099873 -0.43733984355855576 13.412500000000003 -0.34234976856068178 25.912500000000005 31.750000000000004 2.5000000000000004 0.68432406471780916 0.86548282553247169 0.96501014288629994
decision_type=2 2 2 2 2 2 2 2 2 2 2 2 2 2 2 2 2 2 2 2 2 2 2 2 2 2 2 2 2 2
left_child=1 -1 3 15 5 7 10 8 -2 -10 -7 13 -13 23 -15 -3 17 27 -19 -20 -21 -22 -18 -9 26 -26 -25 -17 29 -29
right_child=4 2 -4 -5 -6 6 -8 11 9 -11 -12 12 -14 14 -16 16 22 18 19 20 21 -23 -24 24 25 -27 -28 28 -30 -31
leaf_value=0.12793680096679055 -0.30455286251805647 -0.039306374883176558 0.18594630549898883 -0.0051152091449226849 -0.0064872254444881018 -0.19125688637133997 -0.025471164302992885 0.0045546320591401401 -0.25782152462639835 0.068064179020894858 -0.016716698567884845 -0.097139759209319165 -0.01325215854135124 0.079403669816138889 0.0098076315595390928 0.012333787121338827 -0.021119155292096365 0.11615171492646639 0.071415193899417626 -0.0045210859112061828 -0.099387751718789732 -0.072245708900098432 0.079281986644214583 0.013337374888101203 -0.23677343811764751 0.17816849168034815 -0.037811340759729674 -0.19891659962130734 0.047218484848968505 -0.063848877645227703
leaf_weight=9933 96 483 2838 11178 35715 96 2004 2442 288 17376 96 92 6677 6476 10903 2646 867 2754 710 560 70 280 11900 724 78 68 810 135 513 540
leaf_count=9933 96 483 2838 11178 35715 96 2004 2442 288 17376 96 92 6677 6476 10903 2646 867 2754 710 560 70 280 11900 724 78 68 810 135 513 540
internal_value=0.000961669 0.00207975 0.00137904 0.00108714 0.000356858 0.000904699 -0.00230874 0.00105801 0.00199887 0.00210428 -0.0150521 0.000466926 -0.0010127 0.000932747 0.00145549 0.00183568 0.00197259 0.000833334 0.00234797 -0.000617284 -0.00368132 -0.00928571 0.00270502 -0.00127123 -0.00375 -0.0172603 -0.00246415 -0.000894627 -0.00400673 -0.00862963
internal_weight=129348 45407 35474 32636 83941 48226 2196 46030 17760 17664 192 28270 6769 21501 17379 21458 20975 8208 4374 1620 910 350 12767 4122 1680 146 1534 3834 1188 675
internal_count=129348 45407 35474 32636 83941 48226 2196 46030 17760 17664 192 28270 6769 21501 17379 21458 20975 8208 4374 1620 910 350 12767 4122 1680 146 1534 3834 1188 675
is_linear=0
shrinkage=0.05


Tree=69
num_leaves=31
num_cat=0
split_feature=9 0 0 0 0 3 11 0 0 3 4 0 10 3 8 3 11 0 10 4 3 4 3 3 1 11 11 4 3 4
split_gain=32.8104 32.097 14.0274 13.2872 19.3138 13.3622 12.7745 9.05976 12.3823 8.66738 7.62121 8.48397 10.4057 17.509 7.35453 8.64 7.18908 7.75359 7.12429 5.88171 5.71667 5.56328 5.5469 6.73207 5.68007 5.83649 6.075 5.47797 5.79733 5.45722
threshold=22.358333333333338 20.500000000000004 83.500000000000014 73.500000000000014 53.500000000000007 -0.03977009085991149 1.0174574584294211 36.500000000000007 11.500000000000002 -0.85671820900978868 0.44312301391210612 28.500000000000004 1.0000000180025095e-35 0.76696112484652035 14.100000000000001 -0.03977009085991149 0.73745831416842689 69.500000000000014 1.0000000180025095e-35 0.97461712852231652 0.83849049182116964 0.39629089145655322 -0.11692013674435776 0.66527693225344786 3.5000000000000004 0.97613136811415224 0.99909664317366975 -0.91249077947840473 0.99939377080793557 0.14037931941357643
decision_type=2 2 2 2 2 2 2 2 2 2 2 2 2 2 2 2 2 2 2 2 2 2 2 2 2 2 2 2 2 2
left_child=1 -1 3 4 10 9 7 8 18 -5 -3 12 13 -12 15 -6 17 -9 22 -13 -15 -18 -2 24 -24 -26 -27 -8 29 -29
right_child=6 2 -4 5 14 -7 27 16 -10 -11 11 19 -14 20 -16 -17 21 -19 -20 -21 -22 -23 23 -25 25 26 -28 28 -30 -31
leaf_value=0.12153996091845159 0.14227411733620424 0.13927430340599675 0.10756119298301399 -0.13010616027369368 -0.092494362999977875 -0.044695853695628049 -0.027950270113117986 -0.0094422629986558801 0.067939613086663117 0.051308607374103747 0.014782527066791465 -0.0012951225304037939 0.15345325446707023 -0.20569923057409484 0.090978876266146952 0.018139571472879368 0.0049324064567024106 -0.091112168423714279 -0.019296428690679351 -0.051173465356690852 -0.05669956637414944 0.088715346974590381 0.0016526390344691645 0.058813012303934042 -0.038708660936710798 -0.1570567306473506 -0.051007200775252615 0.0072572180612862905 -0.084196595753126491 -0.021333209534671299
leaf_weight=9933 1428 1221 5676 80 60 2850 10144 132 12557 1800 1544 8250 1824 64 9299 100 27459 104 3615 2650 56 1947 312 408 144 60 60 22115 384 3072
leaf_count=9933 1428 1221 5676 80 60 2850 10144 132 12557 1800 1544 8250 1824 64 9299 100 27459 104 3615 2650 56 1947 312 408 144 60 60 22115 384 3072
internal_value=0.000941955 0.00202469 0.00132125 0.000887308 0.00134594 -0.00154334 0.000356262 0.000887074 0.00175258 0.00172872 0.000265552 -5.62967e-05 0.00209002 -0.000769231 0.00312877 -0.0075 0.000344444 -0.00834746 -0.000110337 -0.000743119 -0.0191667 0.000414201 0.0019942 -0.000894309 -0.004375 -0.00977273 -0.0179167 -0.000360493 2.95258e-05 0.000122484
internal_weight=129348 45407 35474 29798 25068 4730 83941 48226 18584 1880 15609 14388 3488 1664 9459 160 29642 236 6027 10900 120 29406 2412 984 576 264 120 35715 25571 25187
internal_count=129348 45407 35474 29798 25068 4730 83941 48226 18584 1880 15609 14388 3488 1664 9459 160 29642 236 6027 10900 120 29406 2412 984 576 264 120 35715 25571 25187
is_linear=0
shrinkage=0.05


Tree=70
num_leaves=31
num_cat=0
split_feature=9 0 0 4 11 8 3 10 4 11 0 11 0 0 1 3 0 10 0 11 0 9 0 10 4 3 9 0 4 7
split_gain=31.4599 30.5384 13.7531 13.4074 11.505 8.80594 11.1484 9.25035 11.4316 7.68229 7.04771 9.92942 8.46604 10.7467 6.75 6.68167 6.45643 7.65269 7.918 7.28138 6.89172 8.1106 9.34459 8.7631 6.4889 8.33143 6.38673 8.81831 6.37973 11.2583
threshold=22.358333333333338 21.500000000000004 89.500000000000014 0.92843842216862604 1.0174574584294211 39.550000000000004 0.21022171450811275 1.0000000180025095e-35 -0.99983123799342477 0.78920070979102952 72.500000000000014 0.73745831416842689 14.500000000000002 35.500000000000007 4.5000000000000009 -0.87395131947920313 47.500000000000007 1.0000000180025095e-35 37.500000000000007 0.99415218657029769 72.500000000000014 14.300520833333335 79.500000000000014 1.0000000180025095e-35 0.83258597624099873 -0.43733984355855576 21.109114583333337 43.500000000000007 -0.34234976856068178 25.912500000000005
decision_type=2 2 2 2 2 2 2 2 2 2 2 2 2 2 2 2 2 2 2 2 2 2 2 2 2 2 2 2 2 2
left_child=1 -1 3 15 5 7 14 8 -2 -10 12 -12 28 -14 -7 26 17 -17 -19 -20 -18 23 -23 -22 -21 -26 27 -3 -9 -30
right_child=4 2 -4 -5 -6 6 -8 10 9 -11 11 -13 13 -15 -16 16 20 18 19 24 21 22 -24 -25 25 -27 -28 -29 29 -31
leaf_value=0.11320956302507064 -0.28957183971498907 0.06647913053220976 0.17127093057488879 -0.0065416072925815307 -0.0057341250456471801 -0.18194066237560769 -0.023952878723064997 0.005118772228201323 -0.24512787227671198 0.062792182459207244 -0.087727162827668237 -0.012836170937118968 0.078542953447435587 0.0090123560106958062 -0.019277844293823575 -0.020243217389115949 0.10818549850811648 0.10376761297485237 0.067909190330966707 -0.0042302754891268366 0.051265053881474003 -0.008917607058478879 0.1157326541352505 -0.070236925323123575 -0.094353608006331066 -0.068568667328573127 0.036418991921626287 -0.11297615656934852 -0.020214334769618342 -0.16008333208035019
leaf_weight=10406 96 88 2838 11016 35715 96 2004 2615 288 17376 92 6677 6183 10903 96 3692 7599 2592 710 560 408 1743 2490 527 70 280 204 184 1648 152
leaf_count=10406 96 88 2838 11016 35715 96 2004 2615 288 17376 92 6677 6183 10903 96 3692 7599 2592 710 560 408 1743 2490 527 70 280 204 184 1648 152
internal_value=0.000922627 0.00198284 0.00127582 0.000981407 0.000349114 0.00085286 -0.00224044 0.00100043 0.00189471 0.00198822 0.000438628 -0.000968385 0.000881587 0.00138593 -0.01375 0.00171821 0.00185308 0.00073001 0.00218661 -0.000555555 0.00254837 0.00113971 0.00207064 -0.00307487 -0.00351648 -0.00885714 -0.00413866 -0.00915441 -0.00107021 -0.00336111
internal_weight=129348 45407 35001 32163 83941 48226 2196 46030 17760 17664 28270 6769 21501 17086 192 21147 20671 7904 4212 1620 12767 5168 4233 935 910 350 476 272 4415 1800
internal_count=129348 45407 35001 32163 83941 48226 2196 46030 17760 17664 28270 6769 21501 17086 192 21147 20671 7904 4212 1620 12767 5168 4233 935 910 350 476 272 4415 1800
is_linear=0
shrinkage=0.05


Tree=71
num_leaves=31
num_cat=0
split_feature=9 0 0 8 0 0 9 11 3 0 4 4 3 4 11 0 7 10 0 0 3 3 3 10 9 8 4 8 11 0
split_gain=29.5872 30.208 13.1501 12.2771 11.2841 12.0052 10.0298 8.94061 8.57036 9.77981 8.7104 8.19698 7.43796 13.5173 13.5628 15.3347 8.23802 6.73837 8.61544 12.0881 6.61704 25.2672 11.5582 6.26854 9.40133 10.3582 14.4771 10.8524 7.72117 7.63471
threshold=22.358333333333338 19.500000000000004 90.500000000000014 20.200000000000006 74.500000000000014 1.5000000000000002 29.235937500000002 0.73745831416842689 -0.52032787705993211 77.500000000000014 -0.27694043983797384 -0.074115882986646633 -0.96235977360714686 -0.25206183926700709 0.92423624745419519 35.500000000000007 29.112500000000004 1.0000000180025095e-35 65.500000000000014 32.500000000000007 -0.65234524191686594 -0.73866753694953124 -0.70291267844185523 1.0000000180025095e-35 25.593489583333341 33.050000000000004 0.071972700440407641 30.950000000000003 0.98278088755484905 59.500000000000007
decision_type=2 2 2 2 2 2 2 2 2 2 2 2 2 2 2 2 2 2 2 2 2 2 2 2 2 2 2 2 2 2
left_child=1 -1 3 -3 5 -2 12 -6 9 10 -9 -11 13 14 15 -7 -16 18 19 -8 21 -19 -23 -15 -25 26 -26 -28 -29 -30
right_child=4 2 -4 -5 7 6 17 8 -10 11 -12 -13 -14 23 16 -17 -18 20 -20 -21 -22 22 -24 24 25 -27 27 28 29 -31
leaf_value=0.11543013247858612 -0.044923596485297708 -0.0034349612637270136 0.1895206079713897 0.038304142191110391 -0.084076526693428036 -0.20585692656357435 0.047067942563916498 0.02413650529466772 -0.027711246281396464 -0.00084514846372962587 -0.081980682841012731 0.084276951571332415 0.037480543967350045 0.072060439149702157 0.18158734524420245 -0.03927572769097696 -0.46537212712232701 0.020031173527678692 0.2931245463144157 -0.027300216777603078 -0.0042456270821704736 -0.15070492829731788 -0.090351287034127328 0.10842282442115198 -0.0088600743586497565 0.066928264338938753 0.17525319959190178 0.20936094249054152 -0.094892404089024815 -0.052277980868154411
leaf_weight=9460 1749 12212 2365 21370 84 68 6169 450 11619 3312 501 2394 28087 2628 192 78 100 1095 1791 6565 11657 292 438 1168 1971 584 146 73 580 150
leaf_count=9460 1749 12212 2365 21370 84 68 6169 450 11619 3312 501 2394 28087 2628 192 78 100 1095 1791 6565 11657 292 438 1168 1971 584 146 73 580 150
internal_value=0.000902913 0.00193109 0.00126951 0.00101572 0.000346732 0.000653467 0.000765447 -0.00074891 -0.000674108 0.000756347 -0.00393796 0.00153873 0.00131961 -5.29851e-05 -0.00858447 -0.0210274 -0.00236301 5.65932e-05 0.000803787 0.000347102 -0.000748405 -0.00354794 -0.0107534 0.000458904 -0.000639983 -0.00193493 -0.00315068 -0.00822445 -0.0105044 -0.0120548
internal_weight=129348 45407 35947 33582 83941 65581 63832 18360 18276 6657 951 5706 35825 7738 438 146 292 28007 14525 12734 13482 1825 730 7300 4672 3504 2920 949 803 730
internal_count=129348 45407 35947 33582 83941 65581 63832 18360 18276 6657 951 5706 35825 7738 438 146 292 28007 14525 12734 13482 1825 730 7300 4672 3504 2920 949 803 730
is_linear=0
shrinkage=0.05


Tree=72
num_leaves=31
num_cat=0
split_feature=9 0 0 11 4 0 0 3 0 0 10 9 0 10 3 3 11 9 8 0 10 3 3 11 4 8 3 3 4 4
split_gain=27.9243 29.7336 13.3929 11.1799 11.1763 7.89342 10.7649 6.3179 5.91135 10.9158 11.0249 16.922 7.93574 13.5415 14.3059 7.7239 7.65041 7.5586 7.55244 5.98293 6.31305 6.19068 5.83649 5.51172 5.45458 11.0434 5.42938 5.13802 5.04404 4.71274
threshold=22.358333333333338 19.500000000000004 90.500000000000014 1.0174574584294211 0.97263757644091875 36.500000000000007 8.5000000000000018 0.91248814248966237 52.500000000000007 70.500000000000014 1.0000000180025095e-35 15.329166666666669 36.500000000000007 1.0000000180025095e-35 0.76696112484652035 0.78857998149907527 0.96501014288629994 20.617187500000004 18.250000000000004 43.500000000000007 1.0000000180025095e-35 0.25206111083856975 0.85673801594079257 0.73745831416842689 0.99995376255531909 17.450000000000003 -0.95244167294248061 -0.85671820900978868 0.39629089145655322 -0.91249077947840473
decision_type=2 2 2 2 2 2 2 2 2 2 2 2 2 2 2 2 2 2 2 2 2 2 2 2 2 2 2 2 2 2
left_child=1 -1 4 5 7 6 -2 8 12 -10 15 18 13 14 -3 -11 -16 -13 -12 -14 -21 27 -19 26 -6 -26 -7 -22 -25 -5
right_child=3 2 -4 29 24 23 -8 -9 9 10 11 17 19 -15 16 -17 -18 22 -20 20 21 -23 -24 28 25 -27 -28 -29 -30 -31
leaf_value=0.10965862585465645 -0.0054811228712942431 0.006974876763809589 0.18004457757282025 -0.025795560009056164 -0.0069689685820223772 -0.089133444747088356 0.055290935890361381 0.14029622459122137 0.11220103430411242 0.11130155616592484 0.010106359951006547 0.0491312932162353 -0.046748247067003069 0.095314993916756852 -0.19685212206282007 -0.086567562139080678 -0.050126256912887523 -0.023582181885088749 -0.05803901511368928 0.087082355171065037 -0.058065455431037263 -0.06499524310634168 -0.092262432376776601 0.0039342089800082905 -0.021541029112947051 -0.19115813706632515 -0.019005018748300188 0.051537919820523762 0.081799156913650722 0.000317798949223573
leaf_weight=9460 4521 2346 2365 10144 7526 59 14063 2201 5975 2820 280 1840 2324 3009 102 280 187 360 980 1395 72 864 80 27459 213 71 177 657 1947 25571
leaf_count=9460 4521 2346 2365 10144 7526 59 14063 2201 5975 2820 280 1840 2324 3009 102 280 187 360 980 1395 72 864 80 27459 213 71 177 657 1947 25571
internal_value=0.000872762 0.00187163 0.00121526 0.000332436 0.000959145 0.000829014 0.00163689 0.00146128 0.00122205 0.00195997 0.000564759 -0.00134181 0.000372399 0.00167789 -0.000939279 0.00274194 -0.011436 0.00122807 -0.00599206 -0.00101468 0.000465194 -0.0016855 -0.00465909 0.000322516 -0.000697823 -0.0075 -0.00728814 0.00170782 0.000383595 -0.000338093
internal_weight=129348 45407 35947 83941 33582 48226 18584 25772 23571 12615 6640 3540 10956 5644 2635 3100 289 2280 1260 5312 2988 1593 440 29642 7810 284 236 729 29406 35715
internal_count=129348 45407 35947 83941 33582 48226 18584 25772 23571 12615 6640 3540 10956 5644 2635 3100 289 2280 1260 5312 2988 1593 440 29642 7810 284 236 729 29406 35715
is_linear=0
shrinkage=0.05


Tree=73
num_leaves=31
num_cat=0
split_feature=9 0 0 0 0 3 10 3 0 7 9 0 9 0 3 11 3 3 11 0 0 0 10 11 4 7 3 4 7 8
split_gain=27.6004 28.2048 13.1103 11.9203 16.6343 12.3838 10.6473 17.1723 11.2366 12.4108 11.7028 8.51379 9.17663 9.3971 8.0614 7.80175 10.3809 8.85503 7.56758 7.94875 13.0003 7.48838 12.1547 11.1411 10.0985 7.05475 6.38484 5.83089 5.82785 5.79618
threshold=22.358333333333338 19.500000000000004 83.500000000000014 73.500000000000014 54.500000000000007 -0.03977009085991149 1.0000000180025095e-35 -0.34235669412071207 3.5000000000000004 22.062500000000004 26.680729166666669 73.500000000000014 26.423697916666669 79.500000000000014 -0.87395131947920313 1.1250574444522627 0.30983042691905771 0.29342972903661901 0.94932709307190133 21.500000000000004 34.500000000000007 28.500000000000004 1.0000000180025095e-35 0.98689016727972323 0.44312301391210612 12.062500000000002 -0.34235669412071207 -0.35042475891464198 30.212500000000006 32.050000000000004
decision_type=2 2 2 2 2 2 2 2 2 2 2 2 2 2 2 2 2 2 2 2 2 2 2 2 2 2 2 2 2 2
left_child=1 -1 3 4 21 14 7 -2 10 -10 29 18 13 27 -5 -9 17 28 -11 -20 -21 22 23 -3 -23 -6 -15 -13 -17 -8
right_child=6 2 -4 5 25 -7 8 15 9 11 -12 12 -14 26 -16 16 -18 -19 19 20 -22 24 -24 -25 -26 -27 -28 -29 -30 -31
leaf_value=0.10417569456192398 0.073147415364331447 -0.08194992004684315 0.095395935324825543 -0.12095173269131204 -0.062788498024025516 -0.044459902797914903 -0.080000766377613858 0.0075552174208766525 0.042643507128487246 0.030595738070377146 -0.019721889786447174 0.07436832177048372 -0.013645661597046983 0.024976128879114656 0.045955860001098144 -0.13666871940620454 -0.02467637432090334 -0.21872160548606662 -0.024863248687126253 0.062518408779430587 -0.0083492077958026 0.17109240140388018 0.13209333114639962 0.028203105747754614 -0.011981442165052611 0.087244532080104395 -0.046535434262593163 -0.095212216300446975 -0.049195399602259715 -0.091908075948960236
leaf_weight=9460 14112 711 5676 70 237 2850 424 17372 3593 8818 1600 96 9022 685 1810 83 1150 96 5535 4484 15292 962 2250 1296 11336 8749 659 615 205 100
leaf_count=9460 14112 711 5676 70 237 2850 424 17372 3593 8818 1600 96 9022 685 1810 83 1150 96 5535 4484 15292 962 2250 1296 11336 8749 659 615 205 100
internal_value=0.000864258 0.00185731 0.00121804 0.000804566 0.00123155 -0.00150106 0.000327075 0.00102641 -0.000126367 2.85868e-05 -0.00368644 -0.000196213 -0.00140065 -0.00441606 0.00164894 4.12569e-05 -0.00337679 -0.0104948 0.000194703 -0.000244755 0.000224009 0.000291453 0.0020989 -0.000729945 -0.0003342 0.0029635 -0.00195685 -0.0090647 -0.00611111 -0.0101718
internal_weight=129348 45407 35947 30271 25541 4730 83941 33018 50923 48799 2124 45206 11077 2055 1880 18906 1534 384 34129 25311 19776 16555 4257 2007 12298 8986 1344 711 288 524
internal_count=129348 45407 35947 30271 25541 4730 83941 33018 50923 48799 2124 45206 11077 2055 1880 18906 1534 384 34129 25311 19776 16555 4257 2007 12298 8986 1344 711 288 524
is_linear=0
shrinkage=0.05


Tree=74
num_leaves=31
num_cat=0
split_feature=8 0 4 0 8 0 0 11 3 1 11 0 0 9 4 8 8 7 3 1 9 10 11 8 3 9 9 8 3 7
split_gain=26.2657 17.9858 14.8612 13.4569 11.692 11.1988 20.8317 10.8959 7.91918 7.36527 6.61441 6.29316 6.20462 7.28306 6.10191 10.6715 6.06313 11.0267 13.5603 6.02685 7.23624 6.60042 7.52351 8.90642 6.00198 5.88752 14.8656 9 15.9014 6.01283
threshold=29.650000000000002 21.500000000000004 -0.091258822863740666 90.500000000000014 20.200000000000006 34.500000000000007 23.500000000000004 0.97366293224832023 -0.9954993026558282 4.5000000000000009 0.97505701307780457 75.500000000000014 52.500000000000007 32.288020833333341 0.99995376255531909 17.450000000000003 28.950000000000003 24.087500000000006 -0.11692013674435776 1.5000000000000002 33.187500000000007 1.0000000180025095e-35 1.1589671265514687 42.800000000000004 0.59177612190863982 32.080989583333341 31.714583333333341 37.150000000000013 0.60555468348150676 27.737500000000004
decision_type=2 2 2 2 2 2 2 2 2 2 2 2 2 2 2 2 2 2 2 2 2 2 2 2 2 2 2 2 2 2
left_child=1 2 16 4 14 6 7 8 -2 12 -9 -11 -7 -14 -3 -16 17 -1 -19 -12 25 22 23 -22 -25 26 29 -28 -29 -21
right_child=5 3 -4 -5 -6 9 -8 10 -10 11 19 -13 13 -15 15 -17 -18 18 -20 20 21 -23 -24 24 -26 -27 27 28 -30 -31
leaf_value=0.044976640381175451 -0.082077959731973918 -0.0023819497600187658 0.087839231558939454 0.14757288071044536 0.034827838788343189 -0.029408072586257918 0.091871194093625777 -0.082894312252158112 0.040652479896686827 0.034106852395855647 0.017013472618211962 -0.013740972479984653 0.0043600494486595942 -0.055872892912021965 -0.022294035949115054 -0.18362782616299259 -0.00041595217600719458 -0.31798179033387491 -0.014281696474892023 -0.0022943721560572889 0.034315746704613209 -0.12502530788065025 -0.12990578784064563 -0.10825158723307407 0.0019629726292440179 0.062641573063843298 0.0063658581883764727 -0.28686342537682585 0.0071825155705210865 -0.10624552728427286
leaf_weight=93 120 11592 11242 2735 25871 10027 8821 96 5978 9930 3408 4845 19986 4011 207 69 528 96 75 6669 648 474 96 96 72 648 96 120 72 627
leaf_count=93 120 11592 11242 2735 25871 10027 8821 96 5978 9930 3408 4845 19986 4011 207 69 528 96 75 6669 648 474 96 96 72 648 96 120 72 627
internal_value=0.000853821 0.00171574 0.00341283 0.00121115 0.000965712 0.000264836 0.00106112 0.000137877 0.00188422 -0.000192729 -0.000673678 0.000739425 -0.000597519 -0.000161062 -0.00033367 -0.00768116 -0.00320707 -0.00939394 -0.0169298 -0.000577307 -0.00121751 -0.00455988 -0.00207237 -0.000514706 -0.0107738 -0.000654762 -0.00104562 -0.0121875 -0.0184375 -0.000605811
internal_weight=129348 52508 12034 40474 37739 76840 28041 19220 6098 48799 13122 14775 34024 23997 11868 276 792 264 171 13026 9618 1386 912 816 168 8232 7584 288 192 7296
internal_count=129348 52508 12034 40474 37739 76840 28041 19220 6098 48799 13122 14775 34024 23997 11868 276 792 264 171 13026 9618 1386 912 816 168 8232 7584 288 192 7296
is_linear=0
shrinkage=0.05


Tree=75
num_leaves=31
num_cat=0
split_feature=9 0 0 4 10 3 0 7 9 11 0 9 0 11 3 3 9 11 4 8 0 8 9 3 4 4 3 4 10 0
split_gain=24.0177 25.7497 12.4986 10.4067 9.30262 15.7765 9.52487 13.1997 12.014 11.5268 8.25764 8.73316 8.85802 7.50699 9.45336 8.68056 7.47524 8.02147 6.85644 14.1936 15.7866 9.8566 14.628 9.43351 7.85983 6.60971 6.19559 7.07629 8.52058 11.269
threshold=22.358333333333338 19.500000000000004 90.500000000000014 0.97263757644091875 1.0000000180025095e-35 -0.34235669412071207 5.5000000000000009 22.062500000000004 26.680729166666669 1.0653535727147359 73.500000000000014 26.423697916666669 79.500000000000014 1.1250574444522627 0.30983042691905771 0.29342972903661901 29.235937500000002 1.1423394090148442 0.029024409397335523 31.150000000000002 57.500000000000007 33.050000000000004 25.782291666666669 0.80926549319045582 0.1573897509163161 -0.074115882986646633 0.89017062131308955 0.63755505330306683 1.0000000180025095e-35 42.500000000000007
decision_type=2 2 2 2 2 2 2 2 2 2 2 2 2 2 2 2 2 2 2 2 2 2 2 2 2 2 2 2 2 2
left_child=1 -1 3 26 5 -2 8 -8 9 -6 16 12 -12 -7 15 -15 17 18 23 -20 21 24 -23 -9 -21 -14 27 28 29 -3
right_child=4 2 -4 -5 6 13 7 10 -10 -11 11 -13 25 14 -16 -17 -18 -19 19 20 -22 22 -24 -25 -26 -27 -28 -29 -30 -31
leaf_value=0.094574948255880864 0.068602803243627081 -0.12193722216091912 0.15889390789241517 -0.0099665455605007468 -0.066864870756077679 0.0070925932827036429 0.046416169090978787 0.017869008150646539 -0.01197268456087968 -0.23264335011666942 -0.086374433064011061 -0.01300223810448789 -0.073849228228556427 -0.11474200532434349 -0.023920790938707928 -0.20709847658776501 -0.012677186427419574 -0.079438949348557455 0.046049872796273768 -0.097413285674327013 0.038607886656730123 -0.12613078974410127 0.031436352726262135 0.15890037601167736 -0.048047748550358788 0.0036381825612589627 0.11692116627824894 0.031780480708313096 0.011854378189969358 -0.02333801955099651
leaf_weight=9460 14112 345 2365 7810 726 17372 3413 12450 2399 60 711 9022 411 288 1150 96 12515 648 2547 468 672 82 406 2940 520 933 2627 19595 2485 720
leaf_count=9460 14112 345 2365 7810 726 17372 3413 12450 2399 60 711 9022 411 288 1150 96 12515 648 2547 468 672 82 406 2940 520 933 2627 19595 2485 720
internal_value=0.000832947 0.00175931 0.0011485 0.000901078 0.00033184 0.000985523 -9.20015e-05 8.46288e-05 -0.0027394 -0.00810433 -0.00014608 -0.00132843 -0.00427007 4.12569e-05 -0.0033116 -0.0101042 0.000247835 0.000830319 0.00100697 -0.000665602 -0.00365922 -0.00655149 -0.000737705 0.00151722 -0.00942308 -0.00188244 0.00138561 0.00112443 -0.000929577 -0.00467136
internal_weight=129348 45407 35947 33582 83941 33018 50923 47738 3185 786 44325 11077 2055 18906 1534 384 33248 20733 20085 4695 2148 1476 488 15390 988 1344 25772 23145 3550 1065
internal_count=129348 45407 35947 33582 83941 33018 50923 47738 3185 786 44325 11077 2055 18906 1534 384 33248 20733 20085 4695 2148 1476 488 15390 988 1344 25772 23145 3550 1065
is_linear=0
shrinkage=0.05


Tree=76
num_leaves=31
num_cat=0
split_feature=0 4 0 9 10 0 9 9 9 4 0 4 0 8 0 0 0 7 10 8 1 11 3 11 8 8 1 11 3 3
split_gain=22.7374 16.1627 19.2641 14.9202 15.5768 22.546 13.1725 11.1582 10.8824 9.67419 9.63032 9.36568 9.05613 8.17782 7.9041 12.8637 7.82787 7.60036 12.4774 9.14413 7.25806 7.21339 11.3544 7.32462 7.20774 7.17198 9.19077 7.13894 7.31683 10.1799
threshold=33.500000000000007 0.65071284653328287 23.500000000000004 29.235937500000002 1.0000000180025095e-35 44.500000000000007 15.127864583333336 20.992708333333336 14.9234375 0.52583933546504591 27.500000000000004 0.99995376255531909 2.5000000000000004 35.250000000000007 70.500000000000014 90.500000000000014 54.500000000000007 25.612500000000004 1.0000000180025095e-35 29.150000000000002 1.5000000000000002 0.84409739968617681 0.49065764355977465 0.83052972725518914 33.750000000000007 18.850000000000005 1.0000000180025095e-35 1.0037329538813851 0.50557357885840837 0.46039464932087154
decision_type=2 2 2 2 2 2 2 2 2 2 2 2 2 2 2 2 2 2 2 2 2 2 2 2 2 2 2 2 2 2
left_child=1 2 12 4 5 9 8 -8 11 13 -3 14 -1 -2 16 25 27 -14 -19 -20 -13 22 23 -7 -9 -16 -27 -6 29 -29
right_child=3 10 -4 -5 6 21 7 24 -10 -11 -12 20 17 -15 15 -17 -18 18 19 -21 -22 -23 -24 -25 -26 26 -28 28 -30 -31
leaf_value=-0.028778669332047986 0.053892766591271415 0.091218522568198068 0.087000704486523806 -0.016561694188964873 0.034756839314462377 0.18417853614316626 0.045295120338605332 -0.0050696806856328127 -0.098979515625042619 -0.064211102087024172 0.0063992470931107347 -0.019761367809736009 0.025122135121922448 -0.15423194559859046 -0.019307732832836669 0.05317245369259458 0.0510855325664612 0.033527513307881583 -0.19994397400838232 -0.0191203476508616 -0.17541433125086114 0.086078434277228222 -0.18449203001632097 -0.12134751005605074 0.047955136173312096 -0.095831152362816224 -0.045729947162419987 -0.064089106725241068 0.16823241821971144 -0.24198923728931307
leaf_weight=2903 1661 10640 9690 23750 840 408 7315 19959 186 2332 2280 62 10500 55 1140 515 1648 4510 115 5200 62 18052 255 51 2976 180 740 1071 189 63
leaf_count=2903 1661 10640 9690 23750 840 408 7315 19959 186 2332 2280 62 10500 55 1140 515 1648 4510 115 5200 62 18052 255 51 2976 180 740 1071 189 63
internal_value=0.000818644 0.00171343 0.00112522 0.000327506 0.000748829 0.0017761 0.000114492 0.000558678 -0.00189217 -0.0016082 0.00321207 -0.00155146 0.000343982 0.00124126 -0.00128719 -0.00342718 0.000158751 0.000717097 -0.000282443 -0.0019238 -0.0151613 0.00250613 -0.00242297 0.00227669 1.63507e-05 -0.00519417 -0.00847826 -0.00181923 -0.00410809 -0.0056261
internal_weight=129348 45838 32918 83510 59760 22814 36946 30250 6696 4048 12920 6510 23228 1716 6386 2575 3811 20325 9825 5315 124 18766 714 459 22935 2060 920 2163 1323 1134
internal_count=129348 45838 32918 83510 59760 22814 36946 30250 6696 4048 12920 6510 23228 1716 6386 2575 3811 20325 9825 5315 124 18766 714 459 22935 2060 920 2163 1323 1134
is_linear=0
shrinkage=0.05


Tree=77
num_leaves=31
num_cat=0
split_feature=8 0 4 10 0 4 9 8 3 9 9 4 8 0 0 0 0 9 0 0 0 11 11 3 0 0 3 1 3 0
split_gain=21.4792 14.7717 12.9138 10.5905 23.8459 14.9202 13.4317 9.67281 11.3705 9.43799 9.20534 10.8849 13.7655 9.05181 14.5408 8.57683 8.33609 11.5365 8.26291 8.24617 7.57416 6.93779 6.88305 6.66847 6.44149 11.2259 21.7103 6.41719 6.32648 6.29104
threshold=31.950000000000003 28.500000000000004 0.65071284653328287 1.0000000180025095e-35 45.500000000000007 0.51113019672828186 15.127864583333336 17.150000000000002 -0.0053757284505435614 20.992708333333336 26.585416666666671 -0.36648370705903521 32.350000000000001 70.500000000000014 91.500000000000014 85.500000000000014 56.500000000000007 14.9234375 37.500000000000007 3.5000000000000004 6.5000000000000009 1.1443318593415424 0.95583780249162331 0.68432406471780916 80.500000000000014 73.500000000000014 0.78857998149907527 5.5000000000000009 0.79904096188274243 93.500000000000014
decision_type=2 2 2 2 2 2 2 2 2 2 2 2 2 2 2 2 2 2 2 2 2 2 2 2 2 2 2 2 2 2
left_child=1 2 19 4 5 -3 13 8 -7 28 20 15 27 16 -15 22 17 -5 -11 -1 -2 -20 -12 -9 25 -6 -27 -13 -8 -17
right_child=10 3 -4 6 24 7 9 23 -10 18 11 12 -14 14 -16 29 -18 -19 21 -21 -22 -23 -24 -25 -26 26 -28 -29 -30 -31
leaf_value=-0.025479547881217996 -0.066107826385212481 0.090420487952095827 0.085650371285638557 -0.018924328550979513 0.088715200525069079 -0.078612274827451256 0.026475583006744009 -0.029452059854955626 -0.25796436345796392 0.082188439914736885 0.031559449007760941 -0.041607048813797641 0.051100833078090505 -0.043656967950092912 0.10384423926031337 -0.060957822293654276 0.054945528246206632 -0.16058020387202132 -0.0013974283414083088 0.030681449330600154 -0.021312040046360264 -0.13355290132169878 -0.0042790559804747027 -0.089381989024206243 0.15616445555394409 0.015160827693023149 -0.14542176857740657 -0.10165356975732401 0.2029667636207588 0.038424486715785626
leaf_weight=1556 259 1615 11020 2940 8680 119 6096 3043 68 2097 8488 384 7968 2268 432 3633 1512 84 13221 9725 3293 290 30501 425 4650 1932 238 96 1809 906
leaf_count=1556 259 1615 11020 2940 8680 119 6096 3043 68 2097 8488 384 7968 2268 432 3633 1512 84 13221 9725 3293 290 30501 425 4650 1932 238 96 1809 906
internal_value=0.00080125 0.00136007 0.00243509 0.000894719 0.00176697 -0.00113852 0.000305539 -0.00290698 -0.013984 0.000885255 5.83491e-05 0.000226643 0.00186908 -0.00157822 -0.00387037 -9.21244e-05 -0.000213845 -0.0017295 0.000172348 0.0012459 -0.00240428 -0.000280882 0.000147349 -0.00230969 0.00275484 0.00208756 -0.00112903 -0.00635417 0.00229285 -0.00214915
internal_weight=129348 73820 22301 51519 20770 5270 30749 3655 187 23513 55528 51976 8448 7236 2700 43528 4536 3024 15608 11281 3552 13511 38989 3468 15500 10850 2170 480 7905 4539
internal_count=129348 73820 22301 51519 20770 5270 30749 3655 187 23513 55528 51976 8448 7236 2700 43528 4536 3024 15608 11281 3552 13511 38989 3468 15500 10850 2170 480 7905 4539
is_linear=0
shrinkage=0.05


Tree=78
num_leaves=31
num_cat=0
split_feature=9 0 0 0 0 0 0 10 7 8 3 8 10 3 4 3 6 3 0 9 8 4 4 0 10 3 8 3 11 8
split_gain=20.768 23.304 12.4002 13.3081 19.3685 9.03683 19.3401 8.04908 9.58535 10.6875 8.21868 7.63945 7.59766 11.8066 8.96327 9.69525 7.20071 7.17696 7.08589 10.1209 8.55133 7.70417 6.70616 7.43519 17.415 10.9787 6.87471 10.5077 6.47212 6.36952
threshold=22.358333333333338 19.500000000000004 82.500000000000014 71.500000000000014 54.500000000000007 34.500000000000007 23.500000000000004 1.0000000180025095e-35 25.612500000000004 29.150000000000002 -0.11692013674435776 14.100000000000001 1.0000000180025095e-35 0.78857998149907527 0.84199059757024453 -0.76141707087277943 1.0000000180025095e-35 -0.03977009085991149 7.5000000000000009 26.680729166666669 32.45000000000001 0.19126587156512342 0.44312301391210612 35.500000000000007 1.0000000180025095e-35 0.75580964594513067 17.650000000000002 0.01505151768384008 0.96501014288629994 30.050000000000004
decision_type=2 2 2 2 2 2 2 2 2 2 2 2 2 2 2 2 2 2 2 2 2 2 2 2 2 2 2 2 2 2
left_child=1 -1 3 4 22 6 7 10 18 -10 -2 17 13 -5 15 -14 -7 -6 19 20 -9 -22 -3 24 25 26 27 -24 -27 -25
right_child=5 2 -4 12 11 16 -8 8 9 -11 -12 -13 14 -15 -16 -17 -18 -19 -20 -21 21 -23 23 29 -26 28 -28 -29 -30 -31
leaf_value=0.082422550623084914 0.080283119763020272 0.099404368587464431 0.076403749110066352 0.036196476981904348 -0.090220479880198254 -0.004138416020102848 0.082702466034570571 -0.026760280986947424 -0.28676774679865358 -0.020798269486253056 -0.0031747640226395986 0.092149486113897575 -0.10906957256757187 -0.083418041868357357 -0.050052493014826983 0.013636972894538383 0.046184497986964043 0.012596549379640011 0.025654836993893895 0.032740028522536484 -0.065325541256032696 -0.15318132982073299 -0.011298566158104425 -0.01562350165888326 0.071729144069364578 -0.17951689486662536 0.0029367784286722688 -0.18624819258795453 -0.051395989494597664 -0.13107976446393693
leaf_weight=9460 4152 1295 6149 2156 51 50202 9635 830 133 6111 4104 7904 165 297 1375 1210 3108 85 4611 895 96 64 192 8227 3648 80 2752 112 192 57
leaf_count=9460 4152 1295 6149 2156 51 50202 9635 830 133 6111 4104 7904 165 297 1375 1210 3108 85 4611 895 96 64 192 8227 3648 80 2752 112 192 57
internal_value=0.00078888 0.0016503 0.00106921 0.000647359 0.00113336 0.000322906 0.00100731 0.00015622 -0.000631868 -0.00203075 0.00137234 0.00314677 -0.00165001 0.000373013 -0.00345455 -0.0006 -7.03431e-05 -0.00860294 0.000712746 -0.00187003 -0.00535354 -0.0159375 0.000155542 -0.000137614 0.00106508 -0.00155048 -0.000693717 -0.00782895 -0.0111765 -0.00115041
internal_weight=129348 45407 35947 29798 24595 83941 30631 20996 12740 6244 8256 8040 5203 2453 2750 1375 53310 136 6496 1885 990 160 16555 15260 6976 3328 3056 304 272 8284
internal_count=129348 45407 35947 29798 24595 83941 30631 20996 12740 6244 8256 8040 5203 2453 2750 1375 53310 136 6496 1885 990 160 16555 15260 6976 3328 3056 304 272 8284
is_linear=0
shrinkage=0.05


Tree=79
num_leaves=31
num_cat=0
split_feature=9 0 0 0 0 4 10 9 0 4 4 0 0 10 3 0 3 3 1 11 10 9 7 8 0 3 4 3 8 8
split_gain=20.3354 13.501 14.4355 18.3828 26.803 13.7553 8.89679 13.9344 10.902 8.63485 8.49746 12.1014 8.59797 8.12929 11.8667 12.5453 7.80879 7.44402 9.19703 7.06035 6.75178 6.50989 6.77419 6.37605 6.32528 6.22963 5.95578 8.03774 6.50165 6.17723
threshold=29.235937500000002 33.500000000000007 52.500000000000007 70.500000000000014 80.500000000000014 0.089118976521498999 1.0000000180025095e-35 14.627864583333336 91.500000000000014 -0.27694043983797384 0.65071284653328287 7.5000000000000009 27.500000000000004 1.0000000180025095e-35 0.78857998149907527 74.500000000000014 -0.89015004145349408 -0.62588817255938378 4.5000000000000009 0.96902556631768955 1.0000000180025095e-35 29.327864583333341 38.562500000000007 14.100000000000001 87.500000000000014 -0.03977009085991149 0.93158198870884079 -0.77245553105869302 27.450000000000003 22.250000000000004
decision_type=2 2 2 2 2 2 2 2 2 2 2 2 2 2 2 2 2 2 2 2 2 2 2 2 2 2 2 2 2 2
left_child=1 10 17 16 9 -6 -7 8 -8 -5 11 20 -12 14 -11 -16 -4 -3 -19 21 -1 -2 -23 25 -21 -18 27 28 -15 -28
right_child=19 2 3 4 5 6 7 -9 -10 13 12 -13 -14 26 15 -17 23 18 -20 24 -22 22 -24 -25 -26 -27 29 -29 -30 -31
leaf_value=0.02907254547559518 -0.066902790175020918 0.020877968505357405 0.0023163336599174383 0.020655820879403854 -0.0055635801671970178 0.17170498419719846 -0.039318906570838343 0.061484269095370504 0.089328067780792178 0.015226042804440138 0.07910295224971442 0.038383553519794458 0.0048779041499881839 -0.10924022849412834 0.027873871065527567 -0.15121475482407148 -0.093634295264767617 -0.033586397195535793 0.019300105226275982 -0.0077640839244632462 -0.023684267830863193 0.038247564354352226 -0.1197118062124215 0.082495743515538331 -0.051792222057055221 0.012467210199365298 -0.047037933084820321 -0.014895143213845569 -0.068198801189662719 -0.12511032905367853
leaf_weight=1424 668 5909 3024 2360 5248 4170 1089 3555 396 2650 10640 15173 2280 120 200 300 54 8797 3610 26040 3245 7528 216 14178 2374 90 730 2200 1020 60
leaf_count=1424 668 5909 3024 2360 5248 4170 1089 3555 396 2650 10640 15173 2280 120 200 300 54 8797 3610 26040 3245 7528 216 14178 2374 90 730 2200 1020 60
internal_value=0.000774577 0.0011701 0.000722892 0.0012395 0.000346087 0.00170771 0.00287188 0.00145833 -0.00260943 -0.00169606 0.00198584 0.00133605 0.00298375 -0.00254808 -0.00063492 -0.0077 0.00248069 -0.000446058 -0.00114169 -0.000219138 -0.000889912 0.00105326 0.00146178 0.00296816 -0.000595833 -0.0075 -0.00400726 -0.00308383 -0.00649123 -0.00791139
internal_weight=129348 92522 59760 41444 24098 14458 9210 5040 1485 9640 32762 19842 12920 7280 3150 500 17346 18316 12407 36826 4669 8412 7744 14322 28414 144 4130 3340 1140 790
internal_count=129348 92522 59760 41444 24098 14458 9210 5040 1485 9640 32762 19842 12920 7280 3150 500 17346 18316 12407 36826 4669 8412 7744 14322 28414 144 4130 3340 1140 790
is_linear=0
shrinkage=0.05


Tree=80
num_leaves=31
num_cat=0
split_feature=9 0 0 4 0 0 11 3 10 7 1 3 8 3 4 4 1 9 1 11 8 8 6 3 11 3 7 8 3 7
split_gain=18.8568 21.5509 11.3563 9.45356 8.12169 18.0431 7.43009 6.81621 6.77858 8.56518 7.77279 7.60524 10.4286 15.9354 7.13767 8.70969 8.40414 11.0492 14.5045 10.4934 6.86869 15.0241 6.74765 6.53893 8.4943 7.58016 9.67497 7.66225 6.47269 6.40211
threshold=22.358333333333338 18.500000000000004 90.500000000000014 0.99748108949426018 34.500000000000007 23.500000000000004 1.1218908147696223 0.9053161325100999 1.0000000180025095e-35 25.812500000000004 1.0000000180025095e-35 -0.94139628442229062 31.750000000000004 -0.96902457013955734 0.011826144619637555 0.34033495509342487 1.5000000000000002 24.140364583333337 4.5000000000000009 1.0653535727147359 31.250000000000004 32.750000000000007 1.0000000180025095e-35 0.091259403071267925 1.084488025415445 0.15951094710994371 27.387500000000006 40.850000000000001 -0.11692013674435776 19.962500000000006
decision_type=2 2 2 2 2 2 2 2 2 2 2 2 2 2 2 2 2 2 2 2 2 2 2 2 2 2 2 2 2 2
left_child=1 -1 3 7 5 6 8 -3 28 14 -11 12 13 -12 -10 16 -16 18 -18 20 -19 29 -6 -13 25 26 -25 -27 -2 -22
right_child=4 2 -4 -5 22 -7 -8 -9 9 10 11 23 -14 -15 15 -17 17 19 -20 -21 21 -23 -24 24 -26 27 -28 -29 -30 -31
leaf_value=0.076888007620850379 0.083963279539301064 0.016054515181359363 0.13885970855278323 -0.033282677606501929 -0.0040906599424691617 0.077839825942388752 -0.032781693016217341 0.11033990722148149 0.031385966928997193 0.029737275649117142 0.060874949533678793 -0.0069430055687211244 -0.007509874044047753 -0.18769521626395988 0.02809424845715407 0.029461167773344316 -0.11432139888770401 0.068358348064517807 -0.060542959386812138 -0.20199183440155208 -0.0023046490929713426 0.047942521601020721 0.043656964957580362 -0.0047920335049590384 0.059689100682497477 -0.054621910187235279 -0.19173386734140793 -0.22943804627731718 0.00062372981015026768 -0.091901700357435515
leaf_weight=8987 3912 29231 2365 2448 50202 9635 1488 2376 4258 756 51 2741 145 99 491 744 72 330 96 72 90 232 3108 51 222 961 80 98 3768 239
leaf_count=8987 3912 29231 2365 2448 50202 9635 1488 2376 4258 756 51 2741 145 99 491 744 72 330 96 72 90 232 3108 51 222 961 80 98 3768 239
internal_value=0.000756796 0.00157762 0.00103652 0.000803847 0.000312779 0.000961608 0.000139551 0.00103569 0.000399324 -0.000351708 -0.00186972 -0.00266637 -0.0104237 -0.0196667 0.000840882 -0.00136095 -0.00341554 -0.00578691 -0.017619 -0.00372274 -0.00223906 -0.00560606 -6.00261e-05 -0.00211534 -0.0048796 -0.00655462 -0.0179008 -0.00515109 0.00155599 -0.0124772
internal_weight=129348 45407 36420 34055 83941 30631 20996 31607 19508 11828 5204 4448 295 150 6624 2366 1622 1131 168 963 891 561 53310 4153 1412 1190 131 1059 7680 329
internal_count=129348 45407 36420 34055 83941 30631 20996 31607 19508 11828 5204 4448 295 150 6624 2366 1622 1131 168 963 891 561 53310 4153 1412 1190 131 1059 7680 329
is_linear=0
shrinkage=0.05


Tree=81
num_leaves=31
num_cat=0
split_feature=0 4 0 0 4 10 0 0 3 0 1 3 11 0 3 0 0 8 10 7 11 0 4 9 0 0 3 8 3 9
split_gain=17.7443 12.4507 16.1182 12.0819 17.3939 12.3385 17.2969 19.4574 13.3142 11.47 10.0386 9.95868 9.42416 8.20876 15.0725 8.16429 7.6967 13.8894 12.6812 8.36591 7.56245 7.29886 7.01362 8.21843 7.00803 9.94501 9.30463 6.64201 6.50279 6.03116
threshold=33.500000000000007 0.65071284653328287 24.500000000000004 52.500000000000007 0.071972700440407641 1.0000000180025095e-35 69.500000000000014 79.500000000000014 -0.2102246306142678 91.500000000000014 4.5000000000000009 0.65883702558178847 0.90935105492399704 75.500000000000014 0.85673801594079257 26.500000000000004 63.500000000000007 38.650000000000013 1.0000000180025095e-35 40.912500000000016 1.0022599257946228 1.5000000000000002 0.88917497572200743 20.617187500000004 80.500000000000014 72.500000000000014 0.74443451080969758 27.950000000000003 -0.75015329512557205 31.937760416666674
decision_type=2 2 2 2 2 2 2 2 2 2 2 2 2 2 2 2 2 2 2 2 2 2 2 2 2 2 2 2 2 2
left_child=1 2 21 10 13 24 -7 22 -9 11 20 12 -10 14 16 -3 17 -5 -18 -19 -2 -1 23 -8 25 -6 -27 -13 -22 -30
right_child=3 15 -4 4 5 6 7 8 9 -11 -12 27 -14 -15 -16 -17 18 19 -20 -21 28 -23 -24 -25 -26 26 -28 -29 29 -31
leaf_value=-0.036771153868663808 -0.0039385421786517719 0.073742598094640871 0.079487126055839644 -0.0036977466797283756 0.086454259388170529 0.065049182753209658 0.0080182355120371092 0.09990441557902649 -0.09954802020123131 0.091877231089718223 0.019903935378143042 0.082659787014553468 -0.037064591562919184 -0.020464977360187833 0.17130103925643203 0.010734664510597758 0.22086901471224596 -0.18954018911255299 -0.011312681304141699 0.011247729296912281 0.016838836721939188 0.0082175609187822036 -0.05229756600183303 -0.062374187771203821 0.16005125069655873 0.011103981358512848 -0.082928058303990609 -0.016983802509660282 -0.055708915109852292 -0.00053704482167731622
leaf_weight=1935 9173 10260 8721 5726 5600 5779 1180 2256 60 796 7594 636 1236 14545 2341 2660 3012 817 4481 340 1387 22262 1030 1190 4200 1904 336 456 5959 1476
leaf_count=1935 9173 10260 8721 5726 5600 5779 1180 2256 60 796 7594 636 1236 14545 2341 2660 3012 817 4481 340 1387 22262 1030 1190 4200 1904 336 456 5959 1476
internal_value=0.000738628 0.00152908 0.00101282 0.000304754 0.000704494 0.00164278 0.000666598 -0.000723982 0.00113051 -0.000951633 -0.000600062 -0.00268425 -0.00564815 -9.56431e-05 0.000660107 0.00284443 5.42573e-05 -0.00115284 0.00116309 -0.00614952 -0.0012434 0.000348597 -0.00369118 -0.00219409 0.00282807 0.00194515 -0.000870536 0.000833334 -0.0022886 -0.00287492
internal_weight=129348 45838 32918 83510 57921 26659 14619 8840 5440 3184 25589 2388 1296 31262 16717 12920 14376 6883 7493 1157 17995 24197 3400 2370 12040 7840 2240 1092 8822 7435
internal_count=129348 45838 32918 83510 57921 26659 14619 8840 5440 3184 25589 2388 1296 31262 16717 12920 14376 6883 7493 1157 17995 24197 3400 2370 12040 7840 2240 1092 8822 7435
is_linear=0
shrinkage=0.05


Tree=82
num_leaves=31
num_cat=0
split_feature=8 0 7 0 4 0 0 11 11 4 4 10 9 1 11 3 1 0 10 4 8 9 3 1 11 9 8 9 7 7
split_gain=17.2488 10.1408 15.2968 10.0156 8.55088 7.95227 12.8954 7.27926 11.2226 7.05693 6.32133 8.37692 9.37729 6.30801 5.87109 6.144 5.86811 5.71013 12.642 7.11111 10.7037 5.68424 5.63723 5.83227 5.46174 7.76114 5.37085 21.0225 17.3229 5.94002
threshold=31.150000000000002 19.500000000000004 18.262500000000006 91.500000000000014 0.99748108949426018 33.500000000000007 23.500000000000004 0.97366293224832023 0.9763748118454606 -0.099822328936730861 0.99855310097228334 1.0000000180025095e-35 10.96640625 4.5000000000000009 1.0267603807040537 0.99865421017599998 3.5000000000000004 73.500000000000014 1.0000000180025095e-35 0.99958851518450398 18.650000000000002 13.074218750000002 0.9193901325473397 1.5000000000000002 1.1178088744719634 34.42239583333334 31.950000000000003 26.680729166666669 21.462500000000006 25.112500000000004
decision_type=2 2 2 2 2 2 2 2 2 2 2 2 2 2 2 2 2 2 2 2 2 2 2 2 2 2 2 2 2 2
left_child=1 2 10 4 21 6 7 -2 -9 -8 -1 -12 -13 -7 -11 -16 17 -6 -19 -20 -21 -3 23 -10 -15 -26 -25 28 -28 -29
right_child=5 3 -4 -5 16 13 9 8 22 14 11 12 -14 24 15 -17 -18 18 19 20 -22 -23 -24 26 25 -27 27 29 -30 -31
leaf_value=0.076380692378316448 0.031157985703743493 -0.0049658001820184032 8.0576685994918404e-05 0.12507996430965523 -0.03072600338738344 -0.012733736690350082 0.10874500700835051 -0.074038755722039537 0.012912804288596716 0.02634624603780536 0.1650354367342601 -0.041138792840632453 0.011993511981568181 0.018460929051694556 -0.051323708827832028 -0.25506320955240719 0.0075139178381022163 -0.00045982719479127355 -0.11383709368408584 -0.1624284911809859 0.016186619667811899 0.023653022518322932 0.027634241620601119 0.027867711999637362 -0.047187168970049181 -0.25322263366216163 -0.011906958254217724 0.038672376798933421 -0.20135493412057903 -0.031201924132824906
leaf_weight=8919 4778 7560 4241 2736 972 29126 5670 144 2400 680 260 120 140 10996 250 50 1152 162 54 54 54 39236 1776 864 922 62 65 982 79 4844
leaf_count=8919 4778 7560 4241 2736 972 29126 5670 144 2400 680 260 120 140 10996 250 50 1152 162 54 54 54 39236 1776 864 922 62 65 982 79 4844
internal_value=0.000727418 0.00129607 0.00250731 0.000977299 0.000813703 0.000141157 0.000894961 0.000123023 -0.000576475 0.00274436 0.00362803 -0.00173077 -0.00807692 -0.000272953 -0.00117347 -0.007 -0.00206699 -0.004375 -0.0101235 -0.02 -0.0125926 0.000964399 -0.000395095 -0.000891271 0.000692822 -0.00287602 -0.00163594 -0.00216918 -0.0210417 -0.00170271
internal_weight=129348 65660 13680 51980 49244 63688 22582 15932 11154 6650 9439 520 260 41106 980 300 2448 1296 324 162 108 46796 11010 9234 11980 984 6834 5970 144 5826
internal_count=129348 65660 13680 51980 49244 63688 22582 15932 11154 6650 9439 520 260 41106 980 300 2448 1296 324 162 108 46796 11010 9234 11980 984 6834 5970 144 5826
is_linear=0
shrinkage=0.05


Tree=83
num_leaves=31
num_cat=0
split_feature=8 0 7 0 4 0 0 11 11 5 0 1 6 11 4 4 11 9 0 9 1 4 0 10 3 7 0 0 10 9
split_gain=16.139 15.5966 13.5954 9.56752 8.89964 8.25746 14.7936 7.32452 7.68708 6.93566 6.58334 6.35521 6.54287 5.88109 5.74875 5.56352 5.27004 5.6129 5.262 5.10612 7.37056 9.48197 8.34545 8.2451 5.32263 6.67361 5.38379 5.10589 6.13151 9.08672
threshold=28.550000000000004 18.500000000000004 25.412500000000005 90.500000000000014 0.86439018870140905 33.500000000000007 23.500000000000004 0.7641759112864478 0.97366293224832023 1.0000000180025095e-35 3.5000000000000004 5.5000000000000009 1.0000000180025095e-35 0.97505701307780457 -0.099822328936730861 0.99958851518450398 1.1218908147696223 34.42239583333334 75.500000000000014 13.209375 3.5000000000000004 0.99748108949426018 73.500000000000014 1.0000000180025095e-35 -0.48314718476766422 18.112500000000004 49.500000000000007 60.500000000000007 1.0000000180025095e-35 34.265104166666674
decision_type=2 2 2 2 2 2 2 2 2 2 2 2 2 2 2 2 2 2 2 2 2 2 2 2 2 2 2 2 2 2
left_child=1 2 10 4 -3 6 7 -2 -9 11 15 12 27 -10 -8 -1 -15 -18 -13 -6 21 24 -23 -24 25 -21 -26 -7 -29 -30
right_child=5 3 -4 -5 19 9 14 8 13 -11 -12 18 -14 16 -16 -17 17 -19 -20 20 -22 22 23 -25 26 -27 -28 28 29 -31
leaf_value=0.013366625881268272 -0.10585694104813122 0.029810051100731802 -0.27810885060679608 0.11562586275320311 -0.013769746782776605 -0.024107830229127616 0.10666356224009693 0.02717884579800697 -0.06452978027113164 0.058301546652847494 0.085361599042252295 0.051546438607128875 0.037761186918075867 0.00085722264677013825 0.0088652372088085813 -0.055057053710550009 -0.025676566791498545 -0.11576219420772837 -0.015076278127383495 0.01109554229417912 0.071030784267642311 -0.041991825111347428 -0.10153674150195907 -0.11159405507992762 -0.02016712380146149 -0.17083756643026604 0.036863772956860726 0.022447496602316767 -0.011548840826984916 -0.40707495245229242
leaf_weight=1864 120 18359 95 2425 7848 17318 6610 6842 96 3410 7200 5392 2291 12162 2030 56 1392 96 2579 72 3456 330 51 51 2015 72 2665 9133 13249 69
leaf_count=1864 120 18359 95 2425 7848 17318 6610 6842 96 3410 7200 5392 2291 12162 2030 56 1392 96 2579 72 3456 330 51 51 2015 72 2665 9133 13249 69
internal_value=0.000703838 0.00144859 0.00329083 0.000994002 0.000783098 0.000285002 0.000958839 0.000233726 0.000305518 -8.50469e-05 0.00348684 -0.000233755 -0.000479077 -0.000376109 0.00269676 0.000885417 -0.000289377 -0.00309812 0.00106072 -5.7367e-05 0.000775941 -0.000403348 -0.0075 -0.02 0.000232173 -0.00923611 0.000523504 -0.000628756 -0.000131174 -0.000815438
internal_weight=129348 46559 9215 37344 34919 82789 29348 20708 20588 53441 9120 50031 42060 13746 8640 1920 13650 1488 7971 16560 8712 5256 432 102 4824 144 4680 39769 22451 13318
internal_count=129348 46559 9215 37344 34919 82789 29348 20708 20588 53441 9120 50031 42060 13746 8640 1920 13650 1488 7971 16560 8712 5256 432 102 4824 144 4680 39769 22451 13318
is_linear=0
shrinkage=0.05


Tree=84
num_leaves=31
num_cat=0
split_feature=9 0 0 0 0 9 10 4 8 3 4 4 10 8 0 7 9 9 10 0 7 0 0 3 8 0 9 11 0 4
split_gain=15.1466 18.976 9.85981 7.90299 14.8935 7.21431 8.49563 9.74856 7.80358 7.75497 11.0842 6.47462 9.19617 11.3746 5.71847 12.1984 10.1903 5.69307 13.4164 8.431 5.655 10.0433 8.46978 5.4311 5.21917 5.08075 8.99666 8.16666 6.18717 6.61871
threshold=20.992708333333336 18.500000000000004 82.500000000000014 71.500000000000014 55.500000000000007 33.361458333333339 1.0000000180025095e-35 -0.99983123799342477 41.150000000000013 0.99466373373798567 1.0000000180025095e-35 0.9989598388634241 1.0000000180025095e-35 17.850000000000005 5.5000000000000009 21.912500000000005 26.680729166666669 14.627864583333336 1.0000000180025095e-35 91.500000000000014 29.312500000000004 19.500000000000004 30.500000000000004 0.65233619298682533 14.100000000000001 73.500000000000014 26.680729166666669 0.7641759112864478 79.500000000000014 -0.12545862287572049
decision_type=2 2 2 2 2 2 2 2 2 2 2 2 2 2 2 2 2 2 2 2 2 2 2 2 2 2 2 2 2 2
left_child=1 11 3 4 -3 6 7 -2 23 -9 20 -1 -13 -14 16 -16 -8 18 -4 -20 21 -11 -23 -7 -6 -17 27 -27 29 -29
right_child=5 2 17 -5 24 8 14 9 -10 10 -12 12 13 -15 15 25 -18 -19 19 -21 -22 22 -24 -25 -26 26 -28 28 -30 -31
leaf_value=0.077286083201387912 -0.26686738741235122 0.0019128399659113114 0.23184854202644686 -0.015991104515250164 -0.069430376722621895 -0.057910094021578706 -0.060239230903622855 0.032079879300443849 0.013759604548256258 0.029333762130972069 0.029798339793242496 0.21500345785842181 -0.044390692762415335 -0.0055843788902335996 0.033898423867954074 0.004314427860433393 -0.0038847137243329007 0.12254955016342993 -0.037039532436824056 0.061289526056484002 -0.0061044765635780091 -0.30389266591305275 -0.15602295344379588 0.097974125365914322 0.085165318682976499 -0.073061109978005273 -0.0043090296526663635 0.057017588163079093 -0.010141095827308391 -0.084015052805994916
leaf_weight=7695 96 15799 1209 4697 128 4101 930 28890 2868 120 576 209 76 133 4384 32664 2259 3055 891 396 187 66 203 287 6703 99 8266 162 1529 670
leaf_count=7695 96 15799 1209 4697 128 4101 930 28890 2868 120 576 209 76 133 4384 32664 2259 3055 891 396 187 66 203 287 6703 99 8266 162 1529 670
internal_value=0.000684124 0.0014785 0.000944097 0.000553848 0.000941229 0.000315595 0.000450734 0.0011162 -0.00119487 0.00116703 -0.0028559 0.00364415 -0.00241627 -0.00983254 5.71985e-05 0.000194039 -0.00199279 0.00286525 0.00109375 -0.00245921 -0.00776042 -0.0111954 -0.0165613 -0.00252051 0.00289196 -5.99215e-05 -0.0010041 -0.00365854 -0.00306861 -0.00653846
internal_weight=129348 40991 32878 27327 22630 88357 81101 30138 7256 30042 1152 8113 418 209 50963 47774 3189 5551 2496 1287 576 389 269 4388 6831 43390 10726 2460 2361 832
internal_count=129348 40991 32878 27327 22630 88357 81101 30138 7256 30042 1152 8113 418 209 50963 47774 3189 5551 2496 1287 576 389 269 4388 6831 43390 10726 2460 2361 832
is_linear=0
shrinkage=0.05


Tree=85
num_leaves=31
num_cat=0
split_feature=9 0 0 0 0 4 10 9 0 10 0 4 3 4 11 9 3 1 10 3 0 3 6 10 0 3 4 9 7 0
split_gain=15.2531 9.56917 13.808 14.8121 22.2495 11.4571 9.81579 11.2575 8.34318 8.87833 7.93388 7.89742 7.86821 7.61066 6.57542 6.47725 6.30935 7.05632 6.18306 9.53585 10.8 5.44676 7.70599 7.51083 33.6493 20.3084 9.45467 11.2446 9.33889 8.38414
threshold=29.235937500000002 34.500000000000007 52.500000000000007 70.500000000000014 80.500000000000014 1.0000000180025095e-35 1.0000000180025095e-35 14.627864583333336 2.5000000000000004 1.0000000180025095e-35 91.500000000000014 0.99748108949426018 -0.89015004145349408 -0.27694043983797384 0.96902556631768955 29.327864583333341 -0.62588817255938378 4.5000000000000009 1.0000000180025095e-35 0.78857998149907527 74.500000000000014 -0.93545489084327571 1.0000000180025095e-35 1.0000000180025095e-35 18.500000000000004 0.74443451080969758 0.49626980634301188 22.632552083333337 20.487500000000004 27.500000000000004
decision_type=2 2 2 2 2 2 2 2 2 2 2 2 2 2 2 2 2 2 2 2 2 2 2 2 2 2 2 2 2 2
left_child=1 8 16 12 13 -6 -7 10 9 -1 -8 -11 -4 -5 15 -2 -3 -18 19 -15 -21 22 -10 24 -23 26 -26 -28 -29 -27
right_child=14 2 3 4 5 6 7 -9 21 11 -12 -13 -14 18 -16 -17 17 -19 -20 20 -22 23 -24 -25 25 29 27 28 -30 -31
leaf_value=0.055679248128852221 -0.061372428697667264 0.01581565001830966 -0.00093756461934158388 0.018508057012335086 -0.0086061576729325635 0.14123925199278067 -0.033003794467254439 0.047093413545975155 0.0094247829366347607 -0.026577254928335865 0.05822504975366051 -0.058459833778118808 0.069823576859674566 0.011333841850203195 -0.01043751201592126 0.029137970488039316 -0.033584307755874593 0.013779839195711397 -0.043040836597409156 0.022534088354707091 -0.14277397977573891 0.11393667096239479 -0.094691377342470712 0.050364556023161915 0.12728915328233645 -0.11449290803347006 -0.013553664522363408 -0.11639306627311373 -0.033091948443465309 -0.030935576421620693
leaf_weight=1104 668 5598 3024 2360 4783 4320 1089 3870 4224 1736 396 51 14322 2650 28414 7744 8334 3420 4130 200 300 5120 128 16243 928 549 3072 64 80 427
leaf_count=1104 668 5598 3024 2360 4783 4320 1089 3870 4224 1736 396 51 14322 2650 28414 7744 8334 3420 4130 200 300 5120 128 16243 928 549 3072 64 80 427
internal_value=0.000674073 0.00101662 0.000631506 0.0011273 0.000325338 0.00156592 0.00255556 0.00112512 0.00168802 -0.000880318 -0.00257576 -0.0030582 0.00224144 -0.00153527 -0.000186553 0.00104137 -0.000552674 -0.00121065 -0.00233516 -0.000666666 -0.007 0.00192881 0.000289522 0.0021982 0.0011377 -0.00172852 -0.000200289 -0.00148321 -0.0151389 -0.00821721
internal_weight=129348 92522 58796 41444 24098 14458 9675 5355 33726 2891 1485 1787 17346 9640 36826 8412 17352 11754 7280 3150 500 30835 4352 26483 10240 5120 4144 3216 144 976
internal_count=129348 92522 58796 41444 24098 14458 9675 5355 33726 2891 1485 1787 17346 9640 36826 8412 17352 11754 7280 3150 500 30835 4352 26483 10240 5120 4144 3216 144 976
is_linear=0
shrinkage=0.05


Tree=86
num_leaves=31
num_cat=0
split_feature=9 0 0 4 9 4 10 10 3 0 7 9 11 11 11 3 3 9 9 1 0 11 3 0 3 0 0 11 3 4
split_gain=15.4836 17.8229 9.92243 7.63253 6.72336 6.61811 10.614 6.44448 11.6461 5.96625 11.0841 8.29979 5.90709 6.06525 9.34497 9.73 6.40262 10.1622 11.5029 10.4727 7.76525 6.45044 8.20396 6.03391 5.86373 8.22635 5.36288 7.88766 5.80022 10.1503
threshold=20.992708333333336 18.500000000000004 84.500000000000014 0.86439018870140905 10.334114583333335 0.9989598388634241 1.0000000180025095e-35 1.0000000180025095e-35 -0.15101209918632377 5.5000000000000009 21.912500000000005 26.680729166666669 0.85658788097574401 0.96902556631768955 0.96985539426879674 0.99466373373798567 0.38243310158943505 35.273437500000007 35.062239583333344 1.0000000180025095e-35 48.500000000000007 1.1054431876437014 -0.048361574224334618 24.500000000000004 -0.87395131947920313 59.500000000000007 73.500000000000014 0.73745831416842689 0.9053161325100999 0.089118976521498999
decision_type=2 2 2 2 2 2 2 2 2 2 2 2 2 2 2 2 2 2 2 2 2 2 2 2 2 2 2 2 2 2
left_child=1 4 3 24 5 -1 -7 8 -2 11 -11 -9 -10 -14 -15 16 17 18 19 -16 -20 22 23 -21 25 -3 28 -28 -12 -30
right_child=7 2 -4 -5 -6 6 -8 9 12 10 26 -13 13 14 15 -17 -18 -19 20 21 -22 -23 -24 -25 -26 -27 27 -29 29 -31
leaf_value=0.01804038463447313 0.04770462922187671 0.024655052422326032 0.072301099313515901 -0.0031166428766773264 0.075156594559472878 0.18454949746849569 -0.036349367005041704 -0.056533448721700109 -0.11498614103655141 0.029964498411236679 -0.0017864892912925372 -0.0082083912925627472 0.037997903541232468 -0.24928101709391798 -0.17107278764940545 -0.13243890522475393 0.016682536178239251 0.076070173753750928 -0.02757492437305652 -0.21836152033717018 -0.22053933561372704 -0.073184885457328805 0.053508017773585187 -0.09314418598798424 0.029916982534848403 -0.12664350084483084 -0.062377674581723677 -0.015395846562350452 0.10389959858110268 -0.023412116002006586
leaf_weight=266 17664 82 4697 15180 7657 76 114 930 864 4384 30080 2399 4224 192 288 576 8058 864 98 50 94 672 1344 142 12869 50 88 11152 3051 1143
leaf_count=266 17664 82 4697 15180 7657 76 114 930 864 4384 30080 2399 4224 192 288 576 8058 864 98 50 94 672 1344 142 12869 50 88 11152 3051 1143
internal_value=0.00064972 0.00145288 0.000934972 0.000580356 0.00355171 -0.00234649 -0.00947368 0.000277115 0.000802733 -6.97952e-05 6.69367e-05 -0.00211925 -0.00011279 9.69765e-05 -0.000461302 -0.000288856 2.584e-05 -0.00174268 -0.00325893 -0.00235176 -0.0150521 -0.00118207 0.000605469 -0.0090625 0.0014695 -0.00901515 -0.000164345 -0.0011121 0.000146467 0.00188841
internal_weight=129348 40991 32878 28181 8113 456 190 88357 35130 53227 49898 3329 17466 16602 12378 12186 11610 3552 2688 2496 192 2208 1536 192 13001 132 45514 11240 34274 4194
internal_count=129348 40991 32878 28181 8113 456 190 88357 35130 53227 49898 3329 17466 16602 12378 12186 11610 3552 2688 2496 192 2208 1536 192 13001 132 45514 11240 34274 4194
is_linear=0
shrinkage=0.05


Tree=87
num_leaves=31
num_cat=0
split_feature=9 0 0 4 9 4 10 10 3 8 8 4 3 0 0 0 11 4 3 4 3 8 9 0 3 11 3 9 11 3
split_gain=13.9985 16.9039 9.08187 8.26656 6.47283 6.13841 10.2316 6.12764 10.1684 5.74292 9.01202 10.8644 10.9285 6.72316 13.0477 6.48584 6.4887 5.98897 5.90953 9.69773 5.45352 6.54975 13.256 8.00362 7.22149 9.14163 6.83256 6.21447 5.64272 5.61565
threshold=20.992708333333336 18.500000000000004 89.500000000000014 0.86439018870140905 10.334114583333335 0.9989598388634241 1.0000000180025095e-35 1.0000000180025095e-35 -0.15101209918632377 37.350000000000001 33.750000000000007 -0.39827153806311183 -0.44504625642270151 6.5000000000000009 37.500000000000007 14.500000000000002 1.1538549292311382 -0.32613736746952143 0.77244481603295057 -0.98521978256641018 0.63920241694561786 40.350000000000001 35.062239583333344 49.500000000000007 0.47559651477048942 1.0326169115782082 0.15951094710994371 32.882812500000007 0.96902556631768955 0.14250626876356556
decision_type=2 2 2 2 2 2 2 2 2 2 2 2 2 2 2 2 2 2 2 2 2 2 2 2 2 2 2 2 2 2
left_child=1 4 3 -3 5 -1 -7 8 -2 10 13 12 -12 17 15 -15 -17 -9 19 -14 21 22 24 -24 25 26 27 28 29 -10
right_child=7 2 -4 -5 -6 6 -8 9 20 -11 11 -13 18 14 -16 16 -18 -19 -20 -21 -22 -23 23 -25 -26 -27 -28 -29 -30 -31
leaf_value=0.017138365402749402 0.045319397760783274 0.029921499937074582 0.098003078478360359 -0.0015991955083706584 0.071398764831499206 0.17532202259507024 -0.034531898654789471 -0.0067524969034498533 -0.0015943502662057276 -0.026162680118536698 -0.16971376680175584 0.09857405090484167 -0.025687975792622976 -0.0068548524869599644 -0.012175665330511523 0.043284223228594362 -0.050422827891076764 -0.045609432943107153 -0.03020638464260202 0.051632147395548916 0.017771940783791778 0.020265656366409437 -0.024689206087800977 -0.2101895721688356 -0.16254944978748467 -0.074709384796727701 0.077534452310129509 0.20190286655016237 -0.16965996608515199 -0.11376545745529106
leaf_weight=266 17664 13986 2562 16330 7657 76 114 1390 1152 5965 96 3072 2297 2945 21384 8337 138 1190 1344 5069 8444 2976 100 92 766 1440 1632 384 384 96
leaf_count=266 17664 13986 2562 16330 7657 76 114 1390 1152 5965 96 3072 2297 2945 21384 8337 138 1190 1344 5069 8444 2976 100 92 766 1440 1632 384 384 96
internal_value=0.000633098 0.00139677 0.00089239 0.000650812 0.00344077 -0.00234649 -0.00921053 0.000278812 0.000791347 -5.94621e-05 0.000125048 0.00131672 0.000423575 -0.000274983 -8.16972e-05 0.00128284 0.00198525 -0.00273256 0.000608496 0.00116481 -6.41244e-05 -0.000918865 -0.00186404 -0.0147917 -0.00144004 -0.000758648 0.000572917 -0.00137401 -0.00272059 -0.00108974
internal_weight=129348 40991 32878 30316 8113 456 190 88357 35130 53227 47262 11878 8806 35384 32804 11420 8475 2580 8710 7366 17466 9022 6046 192 5854 5088 3648 2016 1632 1248
internal_count=129348 40991 32878 30316 8113 456 190 88357 35130 53227 47262 11878 8806 35384 32804 11420 8475 2580 8710 7366 17466 9022 6046 192 5854 5088 3648 2016 1632 1248
is_linear=0
shrinkage=0.05


Tree=88
num_leaves=31
num_cat=0
split_feature=0 0 4 10 0 0 3 4 0 0 3 4 11 1 0 4 10 0 3 0 10 8 7 8 0 3 11 11 4 3
split_gain=13.0377 10.6937 12.9426 10.8785 16.5171 15.6046 14.1504 10.475 12.1248 10.2648 8.52919 8.29164 8.2204 8.0338 7.78028 7.59681 8.71951 7.04319 14.0956 7.42516 12.1183 11.8859 7.40765 7.00733 6.81036 7.92158 6.40304 6.08962 5.86655 6.71596
threshold=33.500000000000007 52.500000000000007 0.071972700440407641 1.0000000180025095e-35 69.500000000000014 79.500000000000014 -0.2102246306142678 0.67644692717078936 24.500000000000004 92.500000000000014 0.65883702558178847 0.99855310097228334 0.90935105492399704 4.5000000000000009 81.500000000000014 0.55478649335567887 1.0000000180025095e-35 75.500000000000014 0.85673801594079257 63.500000000000007 1.0000000180025095e-35 38.650000000000013 40.912500000000016 27.950000000000003 72.500000000000014 0.74443451080969758 1.0022599257946228 1.1218908147696223 0.88917497572200743 -0.77245553105869302
decision_type=2 2 2 2 2 2 2 2 2 2 2 2 2 2 2 2 2 2 2 2 2 2 2 2 2 2 2 2 2 2
left_child=7 13 17 14 -5 28 -7 8 27 10 12 -9 -8 26 24 -10 -17 18 19 21 -21 -3 -23 -12 -4 -26 -2 -1 29 -6
right_child=1 2 3 4 5 6 9 11 15 -11 23 -13 -14 -15 -16 16 -18 -19 -20 20 -22 22 -24 -25 25 -27 -28 -29 -30 -31
leaf_value=0.0059883584183598806 -0.0050118998899750973 -0.0046527258107966632 0.073980469353941522 0.056171922764462347 -0.067593718987345439 0.087753363934584952 -0.090839824174190162 0.056715090911188398 0.073831175687544257 0.097337266443169021 0.071545943346615334 -0.017505314039776464 -0.033683905203722546 0.015183286993528673 0.14036649317568539 -0.10004630798344345 0.065373013216074721 -0.017127122712723607 0.1611473810390999 0.20509968718770361 -0.010523097559871311 -0.17337743631915301 0.010064608622975944 -0.02095660740610894 0.014628841806380572 -0.069216153787394957 -0.035441801659097709 -0.025308072399769784 -0.04932401716240991 -0.0029329459831022239
leaf_weight=22972 9173 5726 5600 5779 740 2256 65 11492 8343 597 689 884 1339 7594 3920 234 288 14545 2341 3012 4481 817 340 494 2142 378 8822 1625 1030 1630
leaf_count=22972 9173 5726 5600 5779 740 2256 65 11492 8343 597 689 884 1339 7594 3920 234 288 14545 2341 3012 4481 817 340 494 2142 378 8822 1625 1030 1630
internal_value=0.000619183 0.000247276 0.000623349 0.00143272 0.000516109 -0.00084276 0.000818015 0.00129674 0.000837069 -0.00132852 -0.00269231 0.00253959 -0.00532764 -0.00060397 0.00254568 0.00242245 -0.00342912 -6.68541e-05 0.000633188 4.73012e-05 0.00113639 -0.00113831 -0.00576059 0.000435334 0.00166256 -0.000496032 -0.00117949 0.000265683 -0.0035 -0.0021308
internal_weight=129348 83510 57921 26659 14619 8840 5440 45838 33462 3184 2587 12376 1404 25589 12040 8865 522 31262 16717 14376 7493 6883 1157 1183 8120 2520 17995 24597 3400 2370
internal_count=129348 83510 57921 26659 14619 8840 5440 45838 33462 3184 2587 12376 1404 25589 12040 8865 522 31262 16717 14376 7493 6883 1157 1183 8120 2520 17995 24597 3400 2370
is_linear=0
shrinkage=0.05


Tree=89
num_leaves=31
num_cat=0
split_feature=9 0 0 4 0 0 7 10 3 10 3 11 3 7 0 8 9 3 9 8 7 8 8 3 11 1 7 3 11 1
split_gain=11.4593 14.3987 8.92822 7.82884 6.7892 6.04304 8.42752 12.2509 7.56525 5.62935 9.05589 5.93834 6.43276 5.68827 9.04498 5.3311 5.36718 5.02946 10.7568 12.2264 11.5863 9.15082 10.5139 9.871 9.58115 12.3984 6.61038 6.44155 5.7159 5.56916
threshold=20.992708333333336 18.500000000000004 91.500000000000014 0.99748108949426018 2.5000000000000004 54.500000000000007 11.862500000000002 1.0000000180025095e-35 -0.87395131947920313 1.0000000180025095e-35 -0.34235669412071207 1.1178088744719634 -0.32614396506100213 22.387500000000006 6.5000000000000009 18.250000000000004 9.2812500000000018 -0.96235977360714686 25.370572916666671 28.050000000000004 25.112500000000004 33.150000000000013 31.150000000000002 -0.99372698525316483 0.96595727420028521 4.5000000000000009 22.962500000000006 -0.96902457013955734 1.2099088115144543 1.5000000000000002
decision_type=2 2 2 2 2 2 2 2 2 2 2 2 2 2 2 2 2 2 2 2 2 2 2 2 2 2 2 2 2 2
left_child=1 4 3 5 -1 -3 7 -7 -8 10 -2 -12 -13 14 -11 16 -9 18 -15 20 -20 22 23 24 25 -21 -24 -28 -25 -26
right_child=9 2 -4 -5 -6 6 8 15 -10 13 11 12 -14 17 -16 -17 -18 -19 19 21 -22 -23 26 28 29 -27 27 -29 -30 -31
leaf_value=-0.00053102762665376295 0.044059093273440181 0.0028196868761584276 0.12172155564301906 -0.026351589209388737 0.071145525890911596 0.096302367719902512 -0.10207929000592429 -0.069811053119696001 0.042689861824605727 -0.036101445948526704 0.0062986551048209889 -0.2476817562431084 -0.029467079070483695 0.1216525941337333 0.026913947601631599 -0.051023025049569085 -0.0014066034592663569 -0.00022711801997887901 0.0090778186095217071 -0.016717375024307004 -0.13619260748399123 0.074454707590244251 -0.17852324947139886 0.062629267676859432 -0.23760725109139147 -0.10684581008274417 -0.043412249739582319 -0.15501196079275847 -0.065734838200198348 0.078230797368022076
leaf_weight=1281 15552 14148 1708 2482 6832 686 74 77 12821 831 17852 96 1630 827 4872 406 476 41515 73 192 119 473 74 1520 76 192 1828 96 192 347
leaf_count=1281 15552 14148 1708 2482 6832 686 74 77 12821 831 17852 96 1630 827 4872 406 476 41515 73 192 119 473 74 1520 76 192 1828 96 192 347
internal_value=0.000610678 0.00130163 0.000836122 0.000643247 0.00318809 0.000876325 0.00159216 -0.00177812 0.0020221 0.00029013 0.000781384 6.58905e-05 -0.00273465 -3.4099e-05 0.001458 -0.00542753 -0.00223327 -0.000213155 -0.00156515 -0.00241027 -0.0147917 -0.00193387 -0.00262674 -0.000478364 -0.00503717 -0.0107552 -0.00533534 -0.00477131 0.00167056 0.000153664
internal_weight=129348 40991 32878 31170 8113 28688 14540 1645 12895 88357 35130 19578 1726 53227 5703 959 553 47524 6009 5182 192 4990 4517 2519 807 384 1998 1924 1712 423
internal_count=129348 40991 32878 31170 8113 28688 14540 1645 12895 88357 35130 19578 1726 53227 5703 959 553 47524 6009 5182 192 4990 4517 2519 807 384 1998 1924 1712 423
is_linear=0
shrinkage=0.05


Tree=90
num_leaves=31
num_cat=0
split_feature=0 0 0 4 0 10 0 4 10 0 0 3 3 7 8 11 0 1 0 8 11 7 8 3 3 10 0 9 3 0
split_gain=11.4254 10.3912 10.2191 7.13734 7.58585 8.17788 7.34538 7.29238 8.71951 7.11115 13.8509 16.169 11.8579 12.3932 9.56102 10.121 9.04049 7.25478 6.45934 6.04594 6.00848 5.9658 5.93522 8.94925 5.28575 5.05627 6.27367 5.34923 5.30848 5.32335
threshold=33.500000000000007 3.5000000000000004 92.500000000000014 0.67644692717078936 21.500000000000004 1.0000000180025095e-35 24.500000000000004 0.55478649335567887 1.0000000180025095e-35 51.500000000000007 73.500000000000014 0.81925054981890411 -0.0053757284505435614 24.337500000000006 38.650000000000013 0.93041277635383546 76.500000000000014 4.5000000000000009 67.500000000000014 42.800000000000004 0.99415218657029769 40.912500000000016 17.650000000000002 0.01505151768384008 -0.77245553105869302 1.0000000180025095e-35 63.500000000000007 28.427604166666669 0.49065764355977465 68.500000000000014
decision_type=2 2 2 2 2 2 2 2 2 2 2 2 2 2 2 2 2 2 2 2 2 2 2 2 2 2 2 2 2 2
left_child=1 -1 9 6 -5 22 19 -8 -9 17 11 14 13 16 25 -16 24 20 21 -3 -2 -17 23 -6 -12 26 27 -11 29 -27
right_child=2 3 -4 4 5 -7 7 8 -10 10 12 -13 -14 -15 15 18 -18 -19 -20 -21 -22 -23 -24 -25 -26 28 -28 -29 -30 -31
leaf_value=-0.0096174044020159947 -0.0016947693848769945 0.0090318099069392407 0.071554604941096597 0.066203973518693865 -0.011335713509863911 0.069159956473938689 0.070161967601318348 -0.096628355436074384 0.061963378211462007 0.052563822298894919 -0.10817767435289249 0.11240914674314982 -0.023012015759063174 -0.010094942795802466 -0.36894191118581965 -0.12253415496998293 0.074038289538355825 0.015011582528761681 0.11356507082360745 -0.046503858020275617 -0.031941373010707416 0.044768863697179653 -0.005296902185970339 -0.2146860277378366 -0.0016252222688118952 0.0096691682432907839 0.12150058194262835 -0.032573329376844172 0.063484731242645656 -0.025740601877650482
leaf_weight=5392 7556 20451 4042 6552 144 2184 8343 234 288 3444 150 4681 13030 7541 87 1183 4330 7194 601 210 9490 423 1956 84 546 8571 4240 1644 2243 2514
leaf_count=5392 7556 20451 4042 6552 144 2184 8343 234 288 3444 150 4681 13030 7541 87 1183 4330 7194 601 210 9490 423 1956 84 546 8571 4240 1644 2243 2514
internal_value=0.00059483 0.00122911 0.000246677 0.00150398 0.00259615 0.000982143 0.00110005 0.002304 -0.00342912 0.000121936 0.000435287 0.00117124 -0.00041665 0.00067916 0.000665331 -0.00241064 0.00260247 -0.000591997 -0.00175125 0.000583467 -0.00115394 -0.00340598 -0.00118132 -0.00881579 -0.00268678 0.000976783 0.00186964 0.000685928 0.000351891 -9.69777e-05
internal_weight=129348 45838 83510 40446 10920 4368 29526 8865 522 79468 55228 29631 25597 12567 24950 2294 5026 24240 2207 20661 17046 1606 2184 228 696 22656 9328 5088 13328 11085
internal_count=129348 45838 83510 40446 10920 4368 29526 8865 522 79468 55228 29631 25597 12567 24950 2294 5026 24240 2207 20661 17046 1606 2184 228 696 22656 9328 5088 13328 11085
is_linear=0
shrinkage=0.05


Tree=91
num_leaves=31
num_cat=0
split_feature=9 4 8 3 4 11 0 7 10 8 9 0 0 0 0 0 10 9 8 10 8 9 0 0 11 11 11 8 3 0
split_gain=10.5122 8.30333 17.0139 7.61102 11.4907 9.03125 20.876 9.58996 12.6331 8.74889 10.3955 7.15837 9.93893 10.8934 17.835 9.93315 7.28339 8.89145 8.30168 7.08583 7.535 10.6272 10.2349 7.82031 8.79875 10.8001 7.49321 6.8028 6.79498 6.60126
threshold=29.235937500000002 0.99995376255531909 17.450000000000003 -0.96235977360714686 -0.25206183926700709 0.92423624745419519 38.500000000000007 27.887500000000006 1.0000000180025095e-35 33.150000000000013 25.370572916666671 92.500000000000014 70.500000000000014 54.500000000000007 36.500000000000007 81.500000000000014 1.0000000180025095e-35 14.627864583333336 32.45000000000001 1.0000000180025095e-35 31.150000000000002 27.127864583333338 60.500000000000007 49.500000000000007 0.95864859668410973 0.92664623957318337 1.1443318593415424 14.100000000000001 -0.62588817255938378 2.5000000000000004
decision_type=2 2 2 2 2 2 2 2 2 2 2 2 2 2 2 2 2 2 2 2 2 2 2 2 2 2 2 2 2 2
left_child=1 3 -3 4 5 6 -1 -7 -9 10 -6 12 13 14 29 -14 18 -18 -17 -12 23 22 -22 -21 25 -25 -26 -15 -16 -5
right_child=-2 2 -4 11 9 7 -8 8 -10 -11 19 -13 15 27 28 16 17 -19 -20 20 21 -23 -24 24 26 -27 -28 -29 -30 -31
leaf_value=-0.19913639304525449 -0.0025633446530939907 -0.0031806923406093833 -0.10975251493885391 -0.0070757905998770666 0.11978420784920077 0.15879370237949342 -0.025192782554958139 -0.46557290107560095 0.11477209870980901 0.10204318797927306 0.015170439183094676 0.10623021870547754 -0.015655533874903267 -0.079206896667243051 0.030151546488794586 0.10526680053420057 -0.028657262314244966 0.014374100558145543 -0.080060709675750699 0.026405522101911508 -0.096602134098229001 -0.026712168909432156 -0.009211404813504756 -0.039133782252508242 0.05326927697877492 -0.11973771251047718 -0.12005326756550889 0.067717749093811785 -0.017271435241252797 0.03288449546619561
leaf_weight=78 36826 288 96 2561 1152 218 114 96 70 1344 2496 2560 9394 112 3690 3190 1067 4719 418 1350 427 1344 245 322 598 138 184 13546 11682 29023
leaf_count=78 36826 288 96 2561 1152 218 114 96 70 1344 2496 2560 9394 112 3690 3190 1067 4719 418 1350 427 1344 245 322 598 138 184 13546 11682 29023
internal_value=0.000594443 0.000878818 -0.00645833 0.000909397 -0.000380306 -0.00723958 -0.0160937 -0.0028125 -0.0118675 3.12502e-05 -0.000577761 0.00106952 0.000985618 0.00129706 0.000935557 -1.9161e-05 0.00113051 3.11098e-05 0.00289357 -0.00129223 -0.00245443 -0.00474702 -0.00988095 -0.000671296 -0.00353462 -0.00902174 -0.000306905 0.0025399 -0.000461228 0.00161538
internal_weight=129348 92522 384 92138 10176 576 192 384 166 9600 8256 81962 79402 60614 46956 18788 9394 5786 3608 7104 4608 2016 672 2592 1242 460 782 13658 15372 31584
internal_count=129348 92522 384 92138 10176 576 192 384 166 9600 8256 81962 79402 60614 46956 18788 9394 5786 3608 7104 4608 2016 672 2592 1242 460 782 13658 15372 31584
is_linear=0
shrinkage=0.05


Tree=92
num_leaves=31
num_cat=0
split_feature=9 0 0 9 1 8 3 3 3 0 11 11 3 3 4 8 9 7 0 9 9 11 0 9 4 4 9 10 0 4
split_gain=10.5983 13.2467 9.62684 7.61273 8.71974 6.79923 5.81406 5.9669 6.20768 5.84843 5.11113 5.90501 6.03749 7.94657 7.66181 5.73812 5.98003 9.74214 5.39066 6.21595 5.92796 7.17604 5.46741 5.16668 10.2722 4.97765 4.95438 9.15716 5.7747 4.8151
threshold=20.992708333333336 18.500000000000004 84.500000000000014 10.334114583333335 5.5000000000000009 17.450000000000003 0.9053161325100999 -0.62588817255938378 -0.79384350655589164 46.500000000000007 1.0145048597912061 0.80519389663381347 -0.082689790342551819 0.38243310158943505 0.17435360825960186 29.250000000000004 25.370572916666671 25.112500000000004 35.500000000000007 25.482812500000005 26.352343750000006 0.87215561018691867 64.500000000000014 27.961718750000006 -0.65883892954715351 0.1573897509163161 13.074218750000002 1.0000000180025095e-35 92.500000000000014 0.29137697329261131
decision_type=2 2 2 2 2 2 2 2 2 2 2 2 2 2 2 2 2 2 2 2 2 2 2 2 2 2 2 2 2 2
left_child=1 3 6 4 5 -1 7 8 9 -3 11 15 18 -14 -15 16 29 -18 -13 -20 21 22 -21 -17 -25 -22 27 -4 -29 -2
right_child=10 2 26 -5 -6 -7 -8 -9 -10 -11 -12 12 13 14 -16 23 17 -19 19 20 25 -23 -24 24 -26 -27 -28 28 -30 -31
leaf_value=0.023484177936268225 0.055675350773195464 0.070014374128306522 0.20641435530768992 0.060058687660482092 -0.056828694178633399 -0.027603132005309197 0.094755273778726737 0.00075083156644089937 0.074503114055173611 -0.084479041315183426 -0.0028101223523455659 0.037945825699009859 -0.025626940529662884 0.019517386060996768 -0.036386907762262714 0.040016248691627357 0.014451032754472667 -0.12066340243213035 0.054460341752966046 -0.21730631966366476 0.0030627623676160545 -0.026795854734189935 -0.049419933661341786 -0.34899627771662284 0.1567104511708339 0.14513465333464862 0.097292111181971286 -0.035584573709695477 0.059483347312246408 -0.041861010147643915
leaf_weight=323 192 84 605 7657 76 57 1584 24485 1914 114 39075 10711 5746 12080 960 864 73 119 4860 58 11085 960 62 288 192 840 3311 568 213 192
leaf_count=323 192 84 605 7657 76 57 1584 24485 1914 114 39075 10711 5746 12080 960 864 73 119 4860 58 11085 960 62 288 192 840 3311 568 213 192
internal_value=0.000578594 0.00124308 0.000796581 0.00305251 -0.00322368 -0.000131579 0.000447287 0.000272023 0.00282197 -0.00560606 0.000270324 0.000608945 0.000719142 2.28896e-05 0.000705522 -0.00210937 -0.00628472 -0.0134896 0.00117686 0.000645116 7.49713e-05 -0.00347222 -0.015 -0.00031994 -0.00447917 0.000396227 0.00289227 0.000382396 -0.00319462 -0.00268229
internal_weight=129348 40991 32878 8113 456 380 28181 26597 2112 198 88357 49282 47362 18786 13040 1920 576 192 28576 17865 13005 1080 120 1344 480 11925 4697 1386 781 384
internal_count=129348 40991 32878 8113 456 380 28181 26597 2112 198 88357 49282 47362 18786 13040 1920 576 192 28576 17865 13005 1080 120 1344 480 11925 4697 1386 781 384
is_linear=0
shrinkage=0.05


Tree=93
num_leaves=31
num_cat=0
split_feature=9 0 0 9 1 8 4 10 3 0 0 11 4 0 3 7 0 0 0 3 9 8 11 0 8 3 4 3 6 4
split_gain=10.0768 11.9418 9.91871 7.56487 8.52042 6.85667 6.15179 5.25915 7.3434 5.53612 13.2491 7.16171 5.41152 9.06344 10.8455 6.27339 5.9737 5.31406 5.2212 5.186 5.11417 11.9001 5.07857 5.56483 5.09261 6.57385 10.1778 4.94713 8.05593 6.74994
threshold=20.992708333333336 19.500000000000004 86.500000000000014 10.334114583333335 5.5000000000000009 17.450000000000003 0.99748108949426018 1.0000000180025095e-35 -0.15101209918632377 14.500000000000002 35.500000000000007 1.1500756134737387 0.5403928698825039 44.500000000000007 -0.75015329512557205 27.387500000000006 17.500000000000004 25.500000000000004 2.5000000000000004 0.9053161325100999 21.584114583333339 30.050000000000004 0.73745831416842689 76.500000000000014 29.250000000000004 -0.99372698525316483 -0.091258822863740666 -0.89785546691630314 1.0000000180025095e-35 -0.25206183926700709
decision_type=2 2 2 2 2 2 2 2 2 2 2 2 2 2 2 2 2 2 2 2 2 2 2 2 2 2 2 2 2 2
left_child=1 3 6 4 5 -1 19 8 12 27 11 -11 15 14 16 -2 -14 -18 -5 -3 21 -12 23 -22 -24 26 -26 28 29 -9
right_child=7 2 -4 18 -6 -7 -8 9 -10 10 20 -13 13 -15 -16 -17 17 -19 -20 -21 22 -23 24 -25 25 -27 -28 -29 -30 -31
leaf_value=0.02224183720728996 0.084739635417062809 0.0081866705921030715 0.063000074160499492 0.0039888804624992336 -0.052598153058481693 -0.025794295672970674 -0.027571112785108695 -0.06594990245130386 8.8757044068451597e-05 0.034501103735559299 -0.026115186326055081 -0.03472157138448672 -0.017701249384415616 0.057179029027338214 0.0037567103962204656 0.028717009210106066 -0.10127996737959453 -0.098580906341958097 0.067363282274724517 0.091979689807487497 -0.030968886374332608 -0.12348580189948746 0.03300228587811254 -0.060581095335708879 -0.12044135520513602 -0.0045375276765093281 -0.037025762468450109 -0.0066647004641651117 -0.10581076227815289 -0.0106859943676712
leaf_weight=340 5874 24722 3843 1209 80 60 2278 345 17466 11221 660 441 180 1173 585 9582 80 190 6851 1608 164 60 2997 76 60 28144 1080 6659 60 1260
leaf_count=340 5874 24722 3843 1209 80 60 2278 345 17466 11221 660 441 180 1173 585 9582 80 190 6851 1608 164 60 2997 76 60 28144 1080 6659 60 1260
internal_value=0.000557334 0.00120526 0.000767465 0.00286885 -0.00322917 -0.00025 0.000447078 0.000256743 0.000731569 -5.6644e-05 0.000162907 0.00161293 0.00145041 -0.000865036 -0.00427536 0.00178119 -0.0101111 -0.0148148 0.00323201 0.000662742 -0.000345808 -0.00451389 -0.000253528 -0.0075 -0.000199653 -0.00040056 -0.00412281 -0.00124099 -0.00367868 -0.00300623
internal_weight=129348 40991 32451 8540 480 400 28608 88357 35130 53227 44903 11662 17664 2208 1035 15456 450 270 8060 26330 33241 720 32521 240 32281 29284 1140 8324 1665 1605
internal_count=129348 40991 32451 8540 480 400 28608 88357 35130 53227 44903 11662 17664 2208 1035 15456 450 270 8060 26330 33241 720 32521 240 32281 29284 1140 8324 1665 1605
is_linear=0
shrinkage=0.05


Tree=94
num_leaves=31
num_cat=0
split_feature=9 0 0 9 1 8 4 0 11 11 3 3 4 9 9 4 11 0 0 9 10 0 3 1 7 3 8 3 4 9
split_gain=9.11783 11.6667 8.9768 6.90332 7.37042 6.14294 5.47271 5.30041 4.99755 4.97094 5.23476 6.86365 6.48988 4.87056 8.99467 8.07305 6.72222 7.17825 6.26042 4.74033 7.82094 5.78717 4.68604 10.0627 8.16587 4.57137 8.69027 8.51692 8.27008 8.07502
threshold=20.992708333333336 19.500000000000004 86.500000000000014 10.334114583333335 5.5000000000000009 17.450000000000003 0.86439018870140905 4.5000000000000009 1.0145048597912061 0.7641759112864478 -0.082689790342551819 0.38243310158943505 0.17435360825960186 25.482812500000005 26.352343750000006 -0.12545862287572049 0.95864859668410973 64.500000000000014 41.500000000000007 13.074218750000002 1.0000000180025095e-35 92.500000000000014 -0.98664820696349753 4.5000000000000009 25.012500000000006 0.93237596376505805 33.95000000000001 0.88220160189607266 0.46611290379786346 24.729427083333338
decision_type=2 2 2 2 2 2 2 2 2 2 2 2 2 2 2 2 2 2 2 2 2 2 2 2 2 2 2 2 2 2
left_child=1 3 6 4 5 -1 -3 -5 9 -2 13 -12 -13 -11 15 16 17 -15 22 20 -4 -22 23 -16 -25 27 29 -10 -29 -27
right_child=8 2 19 7 -6 -7 -8 -9 25 10 11 12 -14 14 18 -17 -18 -19 -20 -21 21 -23 -24 24 -26 26 -28 28 -30 -31
leaf_value=0.021129745346924775 -0.03651953346227995 0.021415460888983062 0.19041521579726089 0.011839995804911041 -0.049968245405557547 -0.024504580889322357 -0.0034110371274490439 0.07110258416939319 -0.0037944373464138207 0.043563103036297422 -0.024613002089609436 0.017459551802866652 -0.03391961048198372 -0.15357105071456234 0.018026742700974308 -0.010820783449571521 0.034606493607164168 -0.012532101006793521 0.0047998173861394829 0.098568659085996047 -0.036319061877810005 0.053359176238609578 0.06675423744574803 -0.099225548709221401 -0.048011906360838401 0.019933530178104161 0.069339632279719315 -0.044174239770154194 -0.10404342686590835 -0.050475336657836684
leaf_weight=340 768 13198 495 2015 80 60 15410 6045 31880 7872 5746 12656 960 195 714 1536 96 93 10893 2709 426 213 7543 81 129 1440 3264 1243 96 1152
leaf_count=340 768 13198 495 2015 80 60 15410 6045 31880 7872 5746 12656 960 195 714 1536 96 93 10893 2709 426 213 7543 81 129 1440 3264 1243 96 1152
internal_value=0.000543804 0.00116013 0.000727405 0.00280445 -0.00302083 -0.00025 0.000422609 0.00315136 0.000257874 0.000592712 0.000655893 1.85933e-05 0.000630141 0.00107917 0.00068609 -0.00257812 -0.0090625 -0.0128819 0.00100981 0.00299636 0.000282187 -0.00337246 0.00202964 -0.00133117 -0.0109524 -0.000164427 0.00112363 -0.000391493 -0.00429798 -0.00103781
internal_weight=129348 40991 32451 8540 480 400 28608 8060 88357 49282 48514 19362 13616 29152 21280 1920 384 288 19360 3843 1134 639 8467 924 210 39075 5856 33219 1339 2592
internal_count=129348 40991 32451 8540 480 400 28608 8060 88357 49282 48514 19362 13616 29152 21280 1920 384 288 19360 3843 1134 639 8467 924 210 39075 5856 33219 1339 2592
is_linear=0
shrinkage=0.05


Tree=95
num_leaves=31
num_cat=0
split_feature=9 0 0 0 4 3 4 0 0 3 0 10 7 10 11 3 4 9 6 1 3 8 1 3 3 1 9 8 4 8
split_gain=9.01262 7.65986 10.9825 16.5233 9.94019 9.8489 11.9231 9.16933 12.7309 9.75754 8.67927 9.10652 11.6557 7.53627 11.5556 9.04442 6.03315 6.09147 5.45323 5.75869 5.38326 5.30466 5.32397 6.06065 13.3852 6.02083 5.03135 4.89679 4.84612 9.99278
threshold=29.235937500000002 91.500000000000014 72.500000000000014 79.500000000000014 -0.28519997588938989 -0.05695216311707673 -0.074115882986646633 57.500000000000007 36.500000000000007 0.13398903995667991 3.5000000000000004 1.0000000180025095e-35 10.012500000000001 1.0000000180025095e-35 0.84918515311012011 0.65883702558178847 0.66367808336324663 18.314583333333335 1.0000000180025095e-35 1.0000000180025095e-35 0.77788564761185042 33.650000000000013 5.5000000000000009 -0.73866753694953124 -0.71504373327588355 1.5000000000000002 30.108333333333338 32.050000000000004 -0.58481178939031186 31.350000000000005
decision_type=2 2 2 2 2 2 2 2 2 2 2 2 2 2 2 2 2 2 2 2 2 2 2 2 2 2 2 2 2 2
left_child=1 2 7 4 -4 6 -5 8 10 -9 11 -1 -13 14 -7 -15 -6 -18 19 28 -16 22 23 -2 25 -25 -23 -26 29 -10
right_child=21 -3 3 5 16 13 -8 9 18 -11 -12 12 -14 15 20 -17 17 -19 -20 -21 -22 26 -24 24 27 -27 -28 -29 -30 -31
leaf_value=0.049559702656111003 -0.00025582701637490336 0.072789147805615642 0.027805978210352252 -0.014291247373250257 -0.067378008581350721 -0.94161353819428906 0.074686608492642137 0.018964567867653017 -0.22490160950295085 0.1051305706941683 0.026791935434678456 -0.055814553185797533 -0.018502534483281052 -0.045729766937163838 0.10910507940389301 -0.00012425581627444903 -0.031384809613923301 0.078089608599017049 0.07669029390403416 -0.0033479650392062433 -0.023573202554336321 0.033795574525730912 0.042663226354290304 -0.10222765175898388 0.30184432980583265 -0.05368309059844803 -0.0037960179223519709 -0.057697098172125087 -0.024149679869526201 -0.049728882095348585
leaf_weight=1472 2016 3854 1638 2292 2506 60 3816 8370 147 6088 31799 256 2127 1428 1356 1992 2135 469 1134 16523 624 5746 947 96 192 96 25141 2592 2163 273
leaf_count=1472 2016 3854 1638 2292 2506 60 3816 8370 147 6088 31799 256 2127 1428 1356 1992 2135 469 1134 16523 624 5746 947 96 192 96 25141 2592 2163 273
internal_value=0.000530662 0.000793973 0.000699125 -0.000391461 -0.00235774 0.000755533 0.00213491 0.000983057 0.00069274 0.00210541 0.00126129 -0.000979248 -0.00288922 -0.000787546 0.00161765 -0.00222222 -0.00344423 -0.00175883 -0.000308794 -0.000508741 0.00227273 -0.000130886 -0.00149941 -0.00215144 -0.00358535 -0.0163542 0.000132256 -0.00270474 -0.00270422 -0.00761905
internal_weight=129348 92522 88668 18316 6748 11568 6108 70352 55894 14458 35654 3855 2383 5460 2040 3420 5110 2604 20240 19106 1980 36826 5939 4992 2976 192 30887 2784 2583 420
internal_count=129348 92522 88668 18316 6748 11568 6108 70352 55894 14458 35654 3855 2383 5460 2040 3420 5110 2604 20240 19106 1980 36826 5939 4992 2976 192 30887 2784 2583 420
is_linear=0
shrinkage=0.05


Tree=96
num_leaves=31
num_cat=0
split_feature=9 0 0 0 7 7 0 3 4 10 3 0 0 11 4 0 3 7 0 0 9 8 4 0 0 0 8 11 11 8
split_gain=9.12368 11.6405 9.34507 6.07066 6.64134 5.27421 7.26685 9.62863 5.03484 4.83066 6.58757 5.85492 13.9481 6.0467 5.3719 8.95943 9.86328 6.20065 5.60333 5.68443 4.67198 8.66717 4.98491 4.47525 6.51052 4.90652 5.10648 8.2748 9.18403 4.59201
threshold=20.992708333333336 18.500000000000004 85.500000000000014 5.5000000000000009 5.0875000000000012 19.012500000000006 43.500000000000007 -0.87395131947920313 0.5403928698825039 1.0000000180025095e-35 -0.15101209918632377 16.500000000000004 35.500000000000007 1.1500756134737387 0.5403928698825039 44.500000000000007 -0.75015329512557205 27.387500000000006 17.500000000000004 25.500000000000004 21.584114583333339 30.050000000000004 0.63755505330306683 75.500000000000014 64.500000000000014 91.500000000000014 34.45000000000001 1.0226926418345352 1.0598548649382187 32.250000000000007
decision_type=2 2 2 2 2 2 2 2 2 2 2 2 2 2 2 2 2 2 2 2 2 2 2 2 2 2 2 2 2 2
left_child=1 3 5 4 -1 -3 8 -8 -7 10 14 -11 13 -13 17 16 18 -2 -16 -20 21 22 -14 24 -12 26 27 -25 -29 -30
right_child=9 2 -4 -5 -6 6 7 -9 -10 11 23 12 20 -15 15 -17 -18 -19 19 -21 -22 -23 -24 25 -26 -27 -28 28 29 -31
leaf_value=-0.052176503554218295 0.078051430615489734 -0.0011839941169299753 0.053433139901003623 0.063856671129337378 0.012171991927874805 0.092534926170262433 -0.086530464349565392 0.041445576780410713 -0.04750132127984967 -0.013064513196703365 -0.00088091322224525832 0.038020010600794303 -0.037982662867095125 -0.035876898866912268 -0.020890923807658474 0.051593640896362092 -8.753646334180577e-05 0.026769111174128186 -0.099496933510995325 -0.095935771822703589 -0.0038816171990647868 -0.11127474762498386 0.13102380043774431 -0.039245438702945251 0.14698145359454154 0.037052200319648634 -0.032509363938053613 -0.24432587627005975 -0.10607786290974988 0.11736281506799051
leaf_weight=57 5874 19002 4270 5551 2505 339 82 8098 1087 9431 11826 10156 480 399 180 1173 585 9582 80 190 32521 60 180 416 2002 728 2254 96 80 64
leaf_count=57 5874 19002 4270 5551 2505 339 82 8098 1087 9431 11826 10156 480 399 180 1173 585 9582 80 190 32521 60 180 416 2002 728 2254 96 80 64
internal_value=0.00052409 0.00114062 0.000722064 0.00283681 0.000823575 0.000396393 0.00135124 0.00192543 -0.0019425 0.000238068 0.00069314 -6.22802e-05 0.000181067 0.00176457 0.00137398 -0.000932971 -0.00432367 0.00170355 -0.00988889 -0.0144444 -0.000321741 -0.00430556 -0.00265151 4.58051e-06 0.0004151 -0.0015558 -0.00247423 -0.00635671 -0.01375 -0.00576389
internal_weight=129348 40991 32878 8113 2562 28608 9606 8180 1426 88357 35130 53227 43796 10555 17664 2208 1035 15456 450 270 33241 720 660 17466 13828 3638 2910 656 240 144
internal_count=129348 40991 32878 8113 2562 28608 9606 8180 1426 88357 35130 53227 43796 10555 17664 2208 1035 15456 450 270 33241 720 660 17466 13828 3638 2910 656 240 144
is_linear=0
shrinkage=0.05


Tree=97
num_leaves=31
num_cat=0
split_feature=9 4 3 8 8 4 4 9 8 11 7 10 9 0 0 0 0 0 0 3 4 4 3 3 11 1 10 0 11 4
split_gain=8.32644 7.59472 7.42583 9.59766 13.2501 9.22535 7.13437 13.5342 7.79175 11.9172 6.60836 6.4381 9.52778 8.968 6.16762 7.58513 10.8216 15.6441 9.21284 8.90275 9.57868 7.01937 6.42241 5.87703 5.84366 5.83838 5.82224 10.5159 7.92116 10.4386
threshold=29.235937500000002 0.99748108949426018 -0.95754239937548935 33.150000000000013 31.150000000000002 -0.25206183926700709 -0.074115882986646633 26.352343750000006 29.050000000000004 0.8675741480979452 24.587500000000006 1.0000000180025095e-35 27.127864583333338 60.500000000000007 92.500000000000014 70.500000000000014 54.500000000000007 35.500000000000007 79.500000000000014 0.15101559051660998 0.30778899014954286 -0.40613878790836594 0.9916835347852474 -0.62588817255938378 1.1423394090148442 4.5000000000000009 1.0000000180025095e-35 42.500000000000007 0.98966156713236464 0.071972700440407641
decision_type=2 2 2 2 2 2 2 2 2 2 2 2 2 2 2 2 2 2 2 2 2 2 2 2 2 2 2 2 2 2
left_child=1 2 3 4 6 -6 7 8 9 10 -1 -7 13 -13 15 16 17 22 21 20 -20 -17 24 -19 -4 -26 27 -25 -28 -30
right_child=-2 -3 14 -5 5 11 -8 -9 -10 -11 -12 12 -14 -15 -16 18 -18 23 19 -21 -22 -23 -24 26 25 -27 28 -29 29 -31
leaf_value=0.0062308256073946621 -0.0027452653834273556 -0.016145292283753641 0.030428749469280855 0.096370749117604654 -0.26546773730170553 0.021226456906397045 0.047285833221894696 0.012504187882076124 -0.12844573500930589 0.023082003034090581 -0.11118283658782283 -0.092516137884838381 -0.024109367342889799 -0.0078638124978030917 0.090593711418551409 0.034848771192319515 0.062344752964183014 0.026449895967946876 -0.0053235249308706111 -0.0050789481436522696 0.075967298692419527 -0.027797826272888123 -0.015945549924097333 -0.044117270313686674 -0.020599386965673767 -0.13291837210890955 0.0033419442413444266 0.069023886439936982 0.0032171150027703968 -0.054052630726791687
leaf_weight=86 36826 3264 27526 1344 192 864 3264 2112 192 384 202 427 1344 245 2455 1845 13098 3800 2184 5213 3250 5526 1548 1617 324 72 2964 2772 1558 2850
leaf_count=86 36826 3264 27526 1344 192 864 3264 2112 192 384 202 427 1344 245 2455 1845 13098 3800 2184 5213 3250 5526 1548 1617 324 72 2964 2772 1558 2850
internal_value=0.000498191 0.000751281 0.000837908 -0.000400713 -0.00097079 -0.00365885 0.000352564 -0.00141801 -0.00668981 -0.00415179 -0.0118403 -0.00295139 -0.00449901 -0.00936012 0.00100583 0.000926301 0.00120413 0.000836202 2.99702e-05 0.000970696 0.00238682 -0.00132886 0.0015134 -0.000446308 0.0016872 -0.00434343 -0.000998639 0.000443154 -0.00185703 -0.003201
internal_weight=129348 92522 89258 10656 9312 3072 6240 2976 864 672 288 2880 2016 672 78602 76147 58129 45031 18018 10647 5434 7371 29470 15561 27922 396 11761 4389 7372 4408
internal_count=129348 92522 89258 10656 9312 3072 6240 2976 864 672 288 2880 2016 672 78602 76147 58129 45031 18018 10647 5434 7371 29470 15561 27922 396 11761 4389 7372 4408
is_linear=0
shrinkage=0.05


Tree=98
num_leaves=31
num_cat=0
split_feature=9 0 0 9 1 10 9 0 7 0 3 8 8 7 4 0 0 0 6 1 4 5 4 3 8 0 3 3 11 0
split_gain=8.50285 10.3996 8.39503 6.39661 9.33373 5.63437 13.0327 6.32137 5.30991 6.27503 9.47619 4.73723 6.71601 11.1632 4.69917 4.69056 7.30419 7.9636 6.18649 5.99175 5.09194 4.81625 4.71542 5.57711 4.65056 4.31343 4.23921 5.59736 4.20195 4.19986
threshold=20.992708333333336 18.500000000000004 82.500000000000014 11.341666666666669 5.5000000000000009 1.0000000180025095e-35 15.127864583333336 92.500000000000014 19.012500000000006 43.500000000000007 -0.87395131947920313 17.250000000000004 17.650000000000002 6.7375000000000016 0.51113019672828186 5.5000000000000009 33.500000000000007 24.500000000000004 1.0000000180025095e-35 5.5000000000000009 -0.099822328936730861 1.0000000180025095e-35 -0.99761278905001471 0.039769539193789977 30.650000000000002 93.500000000000014 0.85673801594079257 0.93845596220871974 0.97333803263008212 4.5000000000000009
decision_type=2 2 2 2 2 2 2 2 2 2 2 2 2 2 2 2 2 2 2 2 2 2 2 2 2 2 2 2 2 2
left_child=1 3 8 4 11 -4 7 -7 -3 14 -11 -1 13 -13 -10 24 17 28 19 21 -19 25 23 -21 26 -18 -2 -28 -17 -5
right_child=15 2 5 29 -6 6 -8 -9 9 10 -12 12 -14 -15 -16 16 18 20 -20 22 -22 -23 -24 -25 -26 -27 27 -29 -30 -31
leaf_value=0.023340833315681667 -0.021835903369170698 -0.0024500613372232753 0.12654917747376324 0.013041901048019736 -0.048773732484083329 -0.034350290687026004 0.079812698051744707 0.048943157236470317 0.10321681845279036 -0.085012051534465949 0.037856743455721903 0.00033354361915643245 0.0052286383577362016 -0.12279808027841882 -0.042796623572357577 0.024868437305411994 -0.010805112297914612 0.08993499952188605 0.039120173403921953 0.020688472247181459 0.0057526605932226842 0.039207768762664463 0.029765130125391955 -0.17423773274872745 -0.0060792061294775001 0.050980990795513249 -0.082161680373061416 -0.024647156868238037 -0.0011201348943275179 0.067609975151287832
leaf_weight=532 972 17824 2613 1895 76 1080 1534 324 308 78 7999 64 190 50 1118 6042 41187 6039 3407 182 2259 2976 7789 124 4385 1372 54 114 11455 5306
leaf_count=532 972 17824 2613 1895 76 1080 1534 324 308 78 7999 64 190 50 1118 6042 41187 6039 3407 182 2259 2976 7789 124 4385 1372 54 114 11455 5306
internal_value=0.000496645 0.00109183 0.00069621 0.00269506 -0.00125 0.00246892 0.000966644 -0.00251424 0.000336115 0.00129065 0.00183051 0.00027512 -0.00470395 -0.0142982 -0.00176718 0.000220526 0.000314613 0.00101279 -1.13942e-06 -0.000132388 0.0022885 -0.000355221 0.00112106 -0.00496732 -0.00119005 -0.0004912 -0.00403509 -0.011369 0.000407784 0.0031947
internal_weight=129348 40991 32878 8113 912 5551 2938 1404 27327 9503 8077 836 304 114 1426 88357 82832 25795 57037 53630 8298 45535 8095 306 5525 42559 1140 168 17497 7201
internal_count=129348 40991 32878 8113 912 5551 2938 1404 27327 9503 8077 836 304 114 1426 88357 82832 25795 57037 53630 8298 45535 8095 306 5525 42559 1140 168 17497 7201
is_linear=0
shrinkage=0.05


Tree=99
num_leaves=31
num_cat=0
split_feature=4 9 0 0 10 8 3 8 8 1 0 0 0 11 9 1 11 9 0 0 0 3 0 4 11 7 0 0 0 0
split_gain=8.4417 12.4321 10.5146 10.2257 17.0368 8.76152 14.8663 7.70152 7.74175 9.63021 7.68118 8.50603 7.24369 5.85105 5.76732 6.82828 5.71703 4.98604 4.86525 5.21152 5.68601 5.83208 12.1419 8.07494 5.85006 6.521 9.68281 8.66225 5.60526 6.23746
threshold=0.66367808336324663 18.314583333333335 26.500000000000004 48.500000000000007 1.0000000180025095e-35 25.450000000000003 -0.40614700388750385 22.750000000000004 22.950000000000003 5.5000000000000009 69.500000000000014 91.500000000000014 56.500000000000007 0.90935105492399704 11.341666666666669 5.5000000000000009 0.97407968238158804 17.913281250000004 1.0000000180025095e-35 74.500000000000014 93.500000000000014 0.75014288946266361 83.500000000000014 -0.48313741114591585 0.73745831416842689 25.012500000000006 87.500000000000014 78.500000000000014 61.500000000000007 35.500000000000007
decision_type=2 2 2 2 2 2 2 2 2 2 2 2 2 2 2 2 2 2 2 2 2 2 2 2 2 2 2 2 2 2
left_child=7 2 5 -4 -5 14 -7 -1 9 -9 12 13 -6 -12 15 16 -2 -10 -19 28 21 24 23 -23 -21 27 -27 -26 29 -20
right_child=1 -3 3 4 10 6 -8 8 17 -11 11 -13 -14 -15 -16 -17 -18 18 19 20 -22 22 -24 -25 25 26 -28 -29 -30 -31
leaf_value=0.14076993941150592 -0.10447489261488414 0.073998324995571019 -0.023295250408551679 0.07584876576136157 -0.025529591165669576 -0.11691667404769959 0.017190576242987879 -0.14939343064617294 0.12345208245364264 0.009121128264729687 -0.073088249606752406 0.044760943698677835 0.061864774065159549 -0.024988457302715001 0.048015644765993126 -0.035149017766541453 0.011702225378854016 -0.045059559974209781 0.0099745299589203834 -0.050584657862139296 0.050942476730560418 0.0082831850398545209 0.00070767379154239828 -0.071356654615101114 -0.048250958075144325 0.0063676510437264385 -0.055170256654715401 0.059015661895298992 0.033552834840010308 -0.0064828214790017607
leaf_weight=960 81 6431 6710 6956 1256 81 162 96 768 96 132 628 2041 3322 6696 108 1107 955 33467 76 1910 513 2460 1701 333 7769 3323 1976 12408 24826
leaf_count=960 81 6431 6710 6956 1256 81 162 96 768 96 132 628 2041 3322 6696 108 1107 955 33467 76 1910 513 2460 1701 333 7769 3323 1976 12408 24826
internal_value=0.000481569 0.00113564 0.000698429 0.000105726 0.000859784 0.00221311 -0.00713992 0.00023212 0.000185969 -0.00984375 -0.000813796 -0.0022636 0.000981195 -0.00323683 0.0024975 -0.000555555 0.000538721 0.00020679 0.000173196 0.000210551 -0.000500723 -0.000773786 -0.00229568 -0.00498193 -0.000245974 -0.000167525 -0.000670753 0.00224989 0.000412371 0.000206972
internal_weight=129348 35711 29280 21045 14335 8235 243 93637 92677 192 7379 4082 3297 3454 7992 1296 1188 92485 91717 90762 20061 18151 4674 2214 13477 13401 11092 2309 70701 58293
internal_count=129348 35711 29280 21045 14335 8235 243 93637 92677 192 7379 4082 3297 3454 7992 1296 1188 92485 91717 90762 20061 18151 4674 2214 13477 13401 11092 2309 70701 58293
is_linear=0
shrinkage=0.05


Tree=100
num_leaves=31
num_cat=0
split_feature=9 4 0 0 11 4 8 11 8 0 7 0 0 0 0 0 6 1 4 4 3 9 5 3 3 10 0 11 9 8
split_gain=8.36962 9.42671 10.1853 8.74836 4.35866 5.5705 13.5469 8.39592 5.823 5.7245 5.11421 4.47001 4.33739 4.31212 5.63837 8.15858 5.7245 5.43488 4.91234 4.63919 5.57711 4.63455 4.4697 4.24729 4.74544 21.2225 9.47542 7.87522 5.98261 6.47623
threshold=20.992708333333336 0.99748108949426018 18.500000000000004 82.500000000000014 1.0536951534388417 0.99995376255531909 17.450000000000003 0.97407968238158804 18.950000000000003 16.500000000000004 13.812500000000002 7.5000000000000009 3.5000000000000004 4.5000000000000009 33.500000000000007 24.500000000000004 1.0000000180025095e-35 5.5000000000000009 -0.099822328936730861 -0.99761278905001471 0.039769539193789977 26.680729166666669 1.0000000180025095e-35 0.9053161325100999 0.74443451080969758 1.0000000180025095e-35 27.500000000000004 0.9664579307749962 18.009635416666672 23.750000000000004
decision_type=2 2 2 2 2 2 2 2 2 2 2 2 2 2 2 2 2 2 2 2 2 2 2 2 2 2 2 2 2 2
left_child=1 2 12 23 5 7 -7 8 -3 -10 -11 -9 -1 21 15 -15 17 22 -17 20 -19 -2 -16 24 28 26 27 -26 29 -4
right_child=13 4 3 -5 -6 6 -8 11 9 10 -12 -13 -14 14 16 18 -18 19 -20 -21 -22 -23 -24 -25 25 -27 -28 -29 -30 -31
leaf_value=0.0063899268678355272 -0.034516015533753372 0.026333737352326272 0.0079896834583219802 0.049345567729607479 -0.045255993649941977 0.32277123894484278 -0.096522554293042254 -0.028543891995393346 0.039849408277364863 -0.19775326803071469 -0.054098023902215998 0.060067117801185815 0.056139270564784828 0.004072260842665102 -0.0085490668107823225 0.084939523047845467 0.03680187282661742 0.022104871099194012 0.0049663010656149122 0.028570920168171844 -0.16720348785329109 -0.0062139201828644818 0.037505334550934244 0.089235148883748172 -0.19274681450978351 0.0463089609731379 -0.057750561965777707 -0.070570895236462511 0.040290771848103119 -0.029618419554541753
leaf_weight=1572 1235 288 14848 5109 1152 96 96 96 85 123 272 1056 5895 18417 42559 6039 3407 182 2259 7789 124 3370 2976 1536 54 1472 935 99 4287 1920
leaf_count=1572 1235 288 14848 5109 1152 96 96 96 85 123 272 1056 5895 18417 42559 6039 3407 182 2259 7789 124 3370 2976 1536 54 1472 935 99 4287 1920
internal_value=0.000476931 0.00106743 0.00129046 0.000882353 -0.00151042 -0.000160985 -0.00828125 0.000651042 -0.00339844 -0.00677083 -0.0093038 0.00335069 0.00294429 0.000202984 0.000284889 0.000884335 4.12032e-06 -0.000122133 0.00218607 0.00107165 -0.00496732 -0.00128664 -0.000334358 0.000499185 0.000333475 -0.00169922 -0.00699448 -0.0185294 0.000580622 0.000154461
internal_weight=129348 40991 37727 30260 3264 2112 192 1920 768 480 395 1152 7467 88357 83752 26715 57037 53630 8298 8095 306 4605 45535 25151 23615 2560 1088 153 21055 16768
internal_count=129348 40991 37727 30260 3264 2112 192 1920 768 480 395 1152 7467 88357 83752 26715 57037 53630 8298 8095 306 4605 45535 25151 23615 2560 1088 153 21055 16768
is_linear=0
shrinkage=0.05


Tree=101
num_leaves=31
num_cat=0
split_feature=4 9 10 8 4 0 0 0 3 0 0 7 4 11 3 1 8 8 1 11 11 3 3 11 8 11 9 1 11 5
split_gain=8.19215 11.6901 10.2451 10.2293 11.1811 10.978 10.8168 18.4693 11.4613 9.80998 13.7177 11.2745 8.07385 7.53339 7.37217 7.15982 7.03688 8.13362 9.1875 6.66099 9.75333 7.85285 9.60295 6.89666 12.7904 6.68318 8.0819 6.52288 6.2069 6.08046
threshold=0.66367808336324663 18.314583333333335 1.0000000180025095e-35 25.050000000000004 0.86439018870140905 22.500000000000004 19.500000000000004 42.500000000000007 0.25206111083856975 37.500000000000007 5.5000000000000009 10.012500000000001 0.98332250088165762 1.067458542709339 -0.55657520495441892 1.0000000180025095e-35 22.750000000000004 22.950000000000003 5.5000000000000009 0.99466861273465434 0.99547686574958993 0.54940630780725741 0.28519915169571858 1.065666172741313 16.300000000000001 0.90935105492399704 14.9234375 5.5000000000000009 1.0863116984423709 1.0000000180025095e-35
decision_type=2 2 2 2 2 2 2 2 2 2 2 2 2 2 2 2 2 2 2 2 2 2 2 2 2 2 2 2 2 2
left_child=16 2 3 6 -5 -6 -2 8 13 10 11 12 -4 -8 -12 -7 -1 18 -18 25 -21 22 23 -22 -25 26 -11 28 -26 -24
right_child=1 -3 9 4 5 15 7 -9 -10 19 14 -13 -14 -15 -16 -17 17 -19 -20 20 21 -23 29 24 27 -27 -28 -29 -30 -31
leaf_value=0.13040265647987931 0.13343290432079777 0.069031727861710246 -0.015314876388898219 0.0043533939830710782 -0.11447777939398947 -0.18026084973119361 -0.089204580119346899 0.077878704270614774 0.032644679586511578 -0.0019377862094607215 -0.043332339124724097 0.0052473965163055839 -0.079088857431783316 0.055946472028341993 0.034082840667518668 0.0026332985896614764 -0.14063974369040533 0.0037917363294992534 0.0042033144073062622 -0.13081901197888471 0.00049186776982019869 0.042947990724103609 -0.066447332948001925 0.018454240615770705 -0.078811111133675615 0.026109469773562734 -0.12877942648545149 -0.10356508960634113 -0.021226362018814813 0.12525559305319786
leaf_weight=960 2780 6431 259 576 69 73 1449 7367 1357 232 128 539 144 391 4896 146 96 92485 96 58 2610 928 1450 406 290 2552 116 58 290 116
leaf_count=960 2780 6431 259 576 69 73 1449 7367 1357 232 128 539 144 391 4896 146 96 92485 96 58 2610 928 1450 406 290 2552 116 58 290 116
internal_value=0.000466107 0.00111044 0.000686476 0.00164977 -0.00362268 -0.0116667 0.00199116 0.00126089 -0.00191273 -0.000221603 0.00135434 -0.00418259 -0.0105087 -0.0044837 0.00239252 -0.00618721 0.000220372 0.000176258 -0.0101042 -0.00125412 -0.00217854 -0.00198601 -0.00273946 -0.00133552 -0.00477011 0.000724138 -0.00577586 -0.00918495 -0.00758621 -0.00601533
internal_weight=129348 35711 29280 14208 864 288 13344 10564 3197 15072 5966 942 403 1840 5024 219 93637 92677 192 9106 6206 6148 5220 3654 1044 2900 348 638 580 1566
internal_count=129348 35711 29280 14208 864 288 13344 10564 3197 15072 5966 942 403 1840 5024 219 93637 92677 192 9106 6206 6148 5220 3654 1044 2900 348 638 580 1566
is_linear=0
shrinkage=0.05


Tree=102
num_leaves=31
num_cat=0
split_feature=4 9 10 0 8 0 3 0 0 7 4 3 11 8 8 1 8 3 11 11 3 3 1 8 11 8 0 3 0 0
split_gain=8.66714 10.4711 10.0505 8.42238 17.4015 15.5026 9.65648 8.41098 12.3949 9.90086 7.37296 6.77904 6.59216 6.56082 7.71434 8.75521 6.53089 7.11111 6.23104 9.90774 6.14877 7.4563 6.6211 20.6897 6.15253 11.156 6.14086 8.28716 6.3345 6.12715
threshold=0.67644692717078936 18.314583333333335 1.0000000180025095e-35 17.500000000000004 25.450000000000003 44.500000000000007 0.25206111083856975 37.500000000000007 5.5000000000000009 10.012500000000001 0.98332250088165762 -0.55657520495441892 1.067458542709339 22.750000000000004 22.950000000000003 5.5000000000000009 17.150000000000002 0.16799745313369893 0.99466861273465434 0.99547686574958993 0.54940630780725741 0.26866988313759588 1.0000000180025095e-35 19.050000000000004 1.065666172741313 16.300000000000001 78.500000000000014 -0.42180583328916638 43.500000000000007 69.500000000000014
decision_type=2 2 2 2 2 2 2 2 2 2 2 2 2 2 2 2 2 2 2 2 2 2 2 2 2 2 2 2 2 2
left_child=13 2 3 4 -2 6 12 8 9 10 -4 -10 16 -1 15 -15 17 -5 -9 -20 21 24 23 -23 26 -26 27 28 -21 -30
right_child=1 -3 7 5 -6 -7 -8 18 11 -11 -12 -13 -14 14 -16 -17 -18 -19 19 20 -22 22 -24 -25 25 -27 -28 -29 29 -31
leaf_value=0.12388252365588565 0.1368887137966403 0.072344697356709148 -0.014549132569453966 -0.071346294786657438 -0.10577589247784869 0.069675348979126125 0.031355298302625553 0.011816819343333691 -0.041165722168487531 0.0045623217866914657 -0.07513441456019479 0.032575715987938909 0.065954257473966563 -0.13360775650588533 0.0036516161417558938 0.0039931486869409661 -0.05929782250195044 -0.21992762326643553 -0.12427806137994112 -0.086487015574110163 0.031930959319909913 -0.16596306571607544 -0.044545954884308493 -0.044269873983062841 0.017531528584982331 -0.055906018525387027 0.03707148157947375 0.0082207173911981717 -0.0073244621228390986 -0.048297800276882658
leaf_weight=960 2574 5855 259 108 72 7497 1674 2900 128 533 144 4864 459 96 93253 96 1674 54 58 72 870 58 1392 174 406 638 748 1312 312 108
leaf_count=960 2574 5855 259 108 72 7497 1674 2900 128 533 144 4864 459 96 93253 96 1674 54 58 72 870 58 1392 174 406 638 748 1312 312 108
internal_value=0.000459536 0.00113227 0.00074395 0.00170139 0.00424414 0.0011146 -0.00141219 -0.000158253 0.00130567 -0.00397436 -0.00988834 0.00229567 -0.00351852 0.000210529 0.000168281 -0.00984375 -0.00485839 -0.0144444 -0.00111737 -0.00201854 -0.00182266 -0.00247126 -0.00528325 -0.0131034 -0.00120133 -0.00443487 0.000121474 -0.00145787 -0.00699187 -0.00464286
internal_weight=129348 34943 29088 14112 2646 11466 3969 14976 5928 936 403 4992 2295 94405 93445 192 1836 162 9048 6148 6090 5220 1624 232 3596 1044 2552 1804 492 420
internal_count=129348 34943 29088 14112 2646 11466 3969 14976 5928 936 403 4992 2295 94405 93445 192 1836 162 9048 6148 6090 5220 1624 232 3596 1044 2552 1804 492 420
is_linear=0
shrinkage=0.05


Tree=103
num_leaves=31
num_cat=0
split_feature=4 9 10 0 8 0 3 0 9 0 4 11 0 8 8 8 1 7 0 3 11 8 3 0 8 4 4 8 11 7
split_gain=8.38827 9.71414 9.49502 8.40674 16.3663 13.8826 8.80246 8.01026 7.7836 8.33072 8.2134 7.69977 7.55819 6.3268 6.25739 6.92245 7.92187 6.15961 13.184 7.77463 6.11863 5.63615 6.25 4.82152 4.77855 4.46652 4.42384 5.46052 6.77798 6.46694
threshold=0.67644692717078936 18.314583333333335 1.0000000180025095e-35 17.500000000000004 25.450000000000003 44.500000000000007 0.25206111083856975 69.500000000000014 12.070312500000002 8.5000000000000018 0.98332250088165762 1.065666172741313 89.500000000000014 16.300000000000001 22.750000000000004 22.950000000000003 5.5000000000000009 18.412500000000005 54.500000000000007 -0.55657520495441892 1.067458542709339 17.150000000000002 0.16799745313369893 83.500000000000014 23.050000000000004 0.99958851518450398 0.99988440732898443 18.250000000000004 0.90935105492399704 10.762500000000001
decision_type=2 2 2 2 2 2 2 2 2 2 2 2 2 2 2 2 2 2 2 2 2 2 2 2 2 2 2 2 2 2
left_child=14 2 3 4 -2 6 20 8 9 10 -4 17 26 -12 -1 16 -16 19 24 -10 21 22 -5 -7 -19 -22 27 -9 -29 -30
right_child=1 -3 7 5 -6 23 -8 12 11 -11 13 -13 -14 -15 15 -17 -18 18 -20 -21 25 -23 -24 -25 -26 -27 -28 28 29 -31
leaf_value=0.11768839747309166 0.13004427810680774 0.06872746248887425 -0.0058803099604238518 -0.067778980047324924 -0.10048709785395614 0.042540422167556768 0.029787533387494132 0.0031299127930990104 -0.042469217139353206 -0.0079576895061366122 -0.024221651382261657 -0.044184348445943405 0.020354289568421877 -0.1065637112521864 -0.12692736868059126 0.0034690353346682763 0.0037934912525944319 -0.01992981179486885 0.07079242354836833 0.039444663164317072 0.11415404183276441 -0.056332931376853114 -0.20893124210311337 0.14713479529089921 -0.048997128772857994 -0.18778215865985967 -0.11731388364156033 -0.071841373972301878 -0.058096271450245554 -0.027298614922416226
leaf_weight=960 2574 5855 216 108 72 5733 1674 840 156 2501 81 280 936 72 96 93253 96 634 1098 5399 405 1674 54 1764 483 54 60 60 141 2019
leaf_count=960 2574 5855 216 108 72 5733 1674 840 156 2501 81 280 936 72 96 93253 96 634 1098 5399 405 1674 54 1764 483 54 60 60 141 2019
internal_value=0.000447553 0.00110938 0.000735355 0.00166596 0.00420635 0.00107971 -0.00131141 -0.00014156 0.000563187 -0.00167247 -0.00868564 0.00136025 -0.00203895 -0.017549 0.000202585 0.000161325 -0.00932292 0.0016538 -0.000575621 0.00254275 -0.00332244 -0.00461329 -0.0135185 0.00234561 -0.00440018 0.00184096 -0.00322115 -0.00295752 -0.00425676 -0.0037963
internal_weight=129348 34943 29088 14112 2646 11466 3969 14976 10920 2870 369 8050 4056 153 94405 93445 192 7770 2215 5555 2295 1836 162 7497 1117 459 3120 3060 2220 2160
internal_count=129348 34943 29088 14112 2646 11466 3969 14976 10920 2870 369 8050 4056 153 94405 93445 192 7770 2215 5555 2295 1836 162 7497 1117 459 3120 3060 2220 2160
is_linear=0
shrinkage=0.05


Tree=104
num_leaves=31
num_cat=0
split_feature=4 9 0 0 10 0 4 8 3 0 8 8 1 0 3 0 8 11 1 11 3 0 10 0 0 6 11 4 10 0
split_gain=8.59234 8.91284 8.99401 7.71321 10.814 7.82232 7.22722 6.76665 12.5938 6.06064 5.96598 6.53537 7.52083 5.02564 4.98964 9.96002 5.75041 6.48916 7.71492 7.29561 7.10035 4.50431 4.27696 4.20949 6.21737 5.75572 5.69496 6.35399 8.28809 7.55569
threshold=0.67644692717078936 18.314583333333335 26.500000000000004 50.500000000000007 1.0000000180025095e-35 68.500000000000014 0.99995376255531909 25.450000000000003 -0.40614700388750385 92.500000000000014 22.750000000000004 22.950000000000003 5.5000000000000009 56.500000000000007 -0.2102246306142678 76.500000000000014 18.450000000000003 1.065666172741313 1.0000000180025095e-35 1.0052470737456287 0.61915405168109316 83.500000000000014 1.0000000180025095e-35 7.5000000000000009 35.500000000000007 1.0000000180025095e-35 0.97333803263008212 0.55478649335567887 1.0000000180025095e-35 17.500000000000004
decision_type=2 2 2 2 2 2 2 2 2 2 2 2 2 2 2 2 2 2 2 2 2 2 2 2 2 2 2 2 2 2
left_child=10 2 7 -4 21 13 9 -2 -9 14 -1 12 -12 -6 15 -7 -16 18 19 20 -18 -5 -3 -13 26 -26 27 -25 29 -29
right_child=1 22 3 4 5 6 -8 8 -10 -11 11 23 -14 -15 16 -17 17 -19 -20 -21 -22 -23 -24 24 25 -27 -28 28 -30 -31
leaf_value=0.11180397759943653 0.029286092981422221 0.039072800803693276 -0.018197710249854945 0.039234420335266577 -0.017376984529652195 -0.039529559948121268 -0.113699013467631 -0.097840765387265105 0.029461386661758307 0.063412386572887725 -0.1205810002465621 -0.010442577023126166 0.003603816689964727 0.063829830398166393 -0.0040230989182190409 0.084783178155844199 -0.099527483050532731 -0.045469725285902034 -0.024349957903642173 0.0092586011188105864 -0.029355330378486189 0.13977805552635444 0.094293389592899984 0.044433602858719626 -0.002605455257069577 0.036584349084833954 0.0053014768864489154 0.0083978409780982588 0.1370544315632912 -0.14930062255703336
leaf_weight=960 7965 3360 7272 4851 936 296 54 81 135 462 96 7775 96 1872 1032 592 120 120 1392 72 72 1764 2495 9221 54898 3357 17722 60 112 108
leaf_count=960 7965 3360 7272 4851 936 296 54 81 135 462 96 7775 96 1872 1032 592 120 120 1392 72 72 1764 2495 9221 54898 3357 17722 60 112 108
internal_value=0.000440981 0.00111081 0.000752544 0.000202564 0.000903924 -0.000462963 -0.00182574 0.00215805 -0.00657407 -0.00158971 0.000193051 0.000152764 -0.0090625 0.0015812 -0.00226461 0.00100225 -0.00329772 -0.00502252 -0.00420894 -0.0120455 -0.0171354 0.0023545 0.00289069 0.000171737 0.000273053 -1.84532e-05 0.000896852 0.00188454 -0.00553571 -0.0125595
internal_weight=129348 34943 29088 20907 13635 7020 4212 8181 216 4158 94405 93445 192 2808 3696 888 2808 1776 1656 264 192 6615 5855 93253 85478 58255 27223 9501 280 168
internal_count=129348 34943 29088 20907 13635 7020 4212 8181 216 4158 94405 93445 192 2808 3696 888 2808 1776 1656 264 192 6615 5855 93253 85478 58255 27223 9501 280 168
is_linear=0
shrinkage=0.05


Tree=105
num_leaves=31
num_cat=0
split_feature=9 0 0 0 10 7 4 11 8 3 7 11 3 3 8 3 9 9 10 7 0 0 11 4 10 11 4 1 11 9
split_gain=8.60601 8.09426 9.2103 6.82655 6.00277 15.1375 8.05201 4.28881 4.68768 7.54211 7.76937 5.82819 5.56513 4.60132 7.91743 7.60899 7.48019 6.97475 5.10794 4.60503 7.74708 7.18021 4.32091 5.33117 4.47504 7.95671 6.5677 7.59687 6.46323 6.13637
threshold=20.992708333333336 17.500000000000004 84.500000000000014 6.5000000000000009 1.0000000180025095e-35 10.012500000000001 0.98332250088165762 1.0145048597912061 39.550000000000004 0.39827038710620805 30.137500000000006 1.0056949036199556 0.21862473630160603 0.93237596376505805 33.95000000000001 0.88220160189607266 25.152343750000004 22.971614583333338 1.0000000180025095e-35 29.312500000000004 21.500000000000004 83.500000000000014 0.80519389663381347 0.30778899014954286 1.0000000180025095e-35 1.0037329538813851 -0.99628250747696534 1.0000000180025095e-35 0.83052972725518914 21.109114583333337
decision_type=2 2 2 2 2 2 2 2 2 2 2 2 2 2 2 2 2 2 2 2 2 2 2 2 2 2 2 2 2 2
left_child=1 3 -3 4 -1 6 -6 8 22 10 11 -10 -12 15 16 -9 -15 -17 -19 20 -18 -22 23 -2 26 28 -24 -28 -26 -30
right_child=7 2 -4 -5 5 -7 -8 13 9 -11 12 -13 -14 14 -16 17 19 18 -20 -21 21 -23 24 -25 25 -27 27 -29 29 -31
leaf_value=0.062287770370890255 -0.024188258535073379 0.0053335855501683406 0.044885505607955414 0.050778269469617693 -0.013607203972499449 0.013871758784148772 -0.065660767466164324 -0.0053645355363891745 -0.057486407444527876 0.031172980592407692 -0.084213980246477749 -0.24019669153872314 -0.015146871449359495 0.0065198920625624147 0.06447605797809057 -0.079996503289212081 0.010894516610534751 -0.091154784232108224 -0.0066851112000000769 0.0095465115595562977 -0.15703963183091396 -0.029984331384831656 -0.088723126660873564 -0.067921772341553735 0.19141155849965127 0.048267836392306765 -0.013458533059748543 0.04977511137376317 -0.071254191187959739 -0.0015658629376898922
leaf_weight=1407 1824 28608 4697 4697 308 1104 170 31880 116 1056 258 57 709 2016 3264 192 132 286 861 181 191 72 672 96 662 2976 2784 14400 192 23480
leaf_count=1407 1824 28608 4697 4697 308 1104 170 31880 116 1056 258 57 709 2016 3264 192 132 286 861 181 191 72 672 96 662 2976 2784 14400 192 23480
internal_value=0.000440595 0.00103937 0.000701847 0.00250195 0.000633991 -0.00147914 -0.00891213 0.000162806 0.000472992 -0.00178506 -0.00460526 -0.0143642 -0.00285936 -0.000228407 0.00106387 -0.000456215 -0.000999228 -0.00414862 -0.00267219 -0.00602431 -0.00905063 -0.0140114 0.000578304 -0.00174479 0.000677058 0.000274625 0.00129256 0.00148219 -2.38348e-05 -0.000160105
internal_weight=129348 40991 33305 7686 2989 1582 478 88357 49282 2196 1140 173 967 39075 5856 33219 2592 1339 1147 576 395 263 47086 1920 45166 27310 17856 17184 24334 23672
internal_count=129348 40991 33305 7686 2989 1582 478 88357 49282 2196 1140 173 967 39075 5856 33219 2592 1339 1147 576 395 263 47086 1920 45166 27310 17856 17184 24334 23672
is_linear=0
shrinkage=0.05


Tree=106
num_leaves=31
num_cat=0
split_feature=9 0 0 0 0 4 3 4 0 0 10 7 10 3 3 0 3 3 9 0 3 4 3 4 3 5 10 8 9 3
split_gain=7.695 6.88702 7.35016 12.6499 9.97626 8.34563 8.06986 10.5718 7.17672 6.81622 6.93031 8.01271 6.08313 6.26246 5.90118 5.72355 7.78533 6.41196 5.81512 5.41531 7.25176 5.53286 8.43146 5.14129 5.02525 6.95088 7.41422 4.98543 5.01151 4.59032
threshold=29.235937500000002 91.500000000000014 70.500000000000014 79.500000000000014 59.500000000000007 -0.40613878790836594 -0.05695216311707673 -0.074115882986646633 37.500000000000007 3.5000000000000004 1.0000000180025095e-35 10.012500000000001 1.0000000180025095e-35 0.65883702558178847 0.15101559051660998 43.500000000000007 -0.95754239937548935 -0.89015004145349408 25.754687500000003 73.500000000000014 0.47559651477048942 0.66367808336324663 -0.26037633224328088 0.63755505330306683 0.9916835347852474 1.0000000180025095e-35 1.0000000180025095e-35 33.650000000000013 30.108333333333338 0.89787622492179153
decision_type=2 2 2 2 2 2 2 2 2 2 2 2 2 2 2 2 2 2 2 2 2 2 2 2 2 2 2 2 2 2
left_child=1 2 4 5 8 -4 7 -5 9 10 -1 -12 23 -14 -6 17 18 -10 -17 20 -7 -21 -23 -8 -11 -26 -27 -2 -29 -18
right_child=27 -3 3 6 14 19 12 -9 15 24 11 -13 13 -15 -16 16 29 -19 -20 21 -22 22 -24 -25 25 26 -28 28 -30 -31
leaf_value=0.033274956446111559 -0.025478379129739954 0.060225833759485259 0.031259373794632665 -0.014027336172855124 0.023358099936818186 -0.030740230871232999 -0.028685721043172331 0.063812139637961535 0.037260221330536934 0.021484264828177196 -0.046970269423924439 -0.01758717298297445 -0.03813595152889955 -0.00030663067891591173 0.10955950324011564 0.060358082477826425 0.0061458797214635841 -0.039071156304428561 -0.055168803862214823 -0.064138050284430634 0.079670911686631485 0.057310400797806166 -0.044434319963707974 0.074813228305516968 -0.0031666716436308385 -0.28425157182249883 -0.026150822897844924 0.029824755617217976 -0.0044081840783429067 0.073850868392864241
leaf_weight=1472 5939 3854 1845 2292 6193 1497 720 3816 1008 31301 256 2127 1428 1992 4409 368 11503 4776 1408 2322 780 696 1536 1320 1258 68 136 5746 25141 2141
leaf_count=1472 5939 3854 1845 2292 6193 1497 720 3816 1008 31301 256 2127 1428 1992 4409 368 11503 4776 1408 2322 780 696 1536 1320 1258 68 136 5746 25141 2141
internal_value=0.000430158 0.000673462 0.000583525 -0.000253408 0.000831141 -0.00169663 0.000829011 0.0020776 0.00057262 0.000996505 -0.000992218 -0.00265841 -0.000567765 -0.00185672 0.00224109 -0.000159404 0.00034371 -0.00150069 -0.00277027 -0.00250256 -0.000511638 -0.00349802 -0.00172043 0.00159314 0.0012305 -0.00163475 -0.0101961 -0.000181122 7.39795e-05 0.000749047
internal_weight=129348 92522 88668 20244 68424 8676 11568 6108 57822 36618 3855 2383 5460 3420 10602 21204 15420 5784 1776 6831 2277 4554 2232 2040 32763 1462 204 36826 30887 13644
internal_count=129348 92522 88668 20244 68424 8676 11568 6108 57822 36618 3855 2383 5460 3420 10602 21204 15420 5784 1776 6831 2277 4554 2232 2040 32763 1462 204 36826 30887 13644
is_linear=0
shrinkage=0.05


Tree=107
num_leaves=31
num_cat=0
split_feature=4 4 10 11 3 11 0 0 8 9 4 0 0 8 3 7 3 7 11 11 9 8 8 1 1 0 3 8 1 8
split_gain=7.67162 8.81113 7.95704 12.013 6.99341 8.94173 8.30869 9.39762 7.85005 7.68402 6.94498 6.62519 8.53795 11.452 8.4375 6.15863 7.98539 6.01218 6.97666 8.6983 10.1237 5.83721 6.52247 6.75 5.80564 5.3257 5.22625 5.40573 6.69728 21.0729
threshold=0.67644692717078936 0.84199059757024453 1.0000000180025095e-35 0.99415218657029769 -0.2102246306142678 0.99547686574958993 3.5000000000000004 39.500000000000007 16.300000000000001 9.9703125000000004 0.95936279103287792 83.500000000000014 17.500000000000004 25.450000000000003 -0.43733984355855576 16.787500000000005 -0.42180583328916638 14.412500000000003 0.97407968238158804 0.97260028685364042 13.209375 22.750000000000004 22.950000000000003 5.5000000000000009 1.0000000180025095e-35 24.500000000000004 -0.19337636264337835 18.250000000000004 1.0000000180025095e-35 19.050000000000004
decision_type=2 2 2 2 2 2 2 2 2 2 2 2 2 2 2 2 2 2 2 2 2 2 2 2 2 2 2 2 2 2
left_child=21 -2 11 10 15 -6 -7 -8 -9 -10 -4 12 13 -3 -15 -5 -17 18 19 20 -14 -1 23 -23 25 -12 -11 -28 29 -29
right_child=1 2 3 4 5 6 7 8 9 26 24 -13 17 14 -16 16 -18 -19 -20 -21 -22 22 -24 -25 -26 -27 27 28 -30 -31
leaf_value=0.10495229469299572 0.043040250803198066 0.12655772106127788 0.11087398769572486 0.035829085959215946 -0.066739607477547577 -0.038925484748225478 0.0064597798495800059 0.015844191995216434 -0.10291477073497515 -0.1731592741640868 0.044638752086335387 0.14491369219014297 -0.11698129906855236 -0.098661768385123597 -0.0075955649626351374 -0.042933197639925272 0.0358378182623528 0.033388976455404965 -0.0062633712739269118 -0.28632695751918313 0.027070541774209214 -0.11886192933815623 0.0027303590571549873 0.002082733336547786 0.016211980725791313 -0.070938737235559102 0.0024823889820073659 -0.16269255056692539 -0.038089704942412483 -0.045361805310009357
leaf_weight=960 10943 2106 1536 1325 96 260 2340 672 56 56 75 1500 194 54 90 335 452 4715 2958 81 302 96 93253 96 1728 213 672 56 1960 168
leaf_count=960 10943 2106 1536 1325 96 260 2340 672 56 56 75 1500 194 54 90 335 452 4715 2958 81 302 96 93253 96 1728 213 672 56 1960 168
internal_value=0.000417788 0.00105071 0.000514584 -0.000395833 -0.00142164 -0.00225221 -0.00201923 -0.0016388 -0.00322802 -0.00433288 0.00204392 0.001425 0.000980953 0.00371111 -0.00993056 0.00107008 -0.00243329 0.000236364 -0.00132249 -0.00635182 -0.00387097 0.000183518 0.000143668 -0.0090625 0.000114087 -0.00645833 -0.00398008 -0.00368347 -0.00489011 -0.0130804
internal_weight=129348 34943 24000 12000 8448 6336 6240 5980 3640 2968 3552 12000 10500 2250 144 2112 787 8250 3535 577 496 94405 93445 192 2016 288 2912 2856 2184 224
internal_count=129348 34943 24000 12000 8448 6336 6240 5980 3640 2968 3552 12000 10500 2250 144 2112 787 8250 3535 577 496 94405 93445 192 2016 288 2912 2856 2184 224
is_linear=0
shrinkage=0.05


Tree=108
num_leaves=31
num_cat=0
split_feature=9 0 0 0 10 7 4 10 4 9 0 0 7 4 11 11 3 4 1 3 7 6 11 1 8 11 4 0 9 9
split_gain=7.28131 7.56326 8.44248 5.97842 4.72691 12.3462 7.10597 4.36517 6.23083 8.98354 6.52376 8.62838 6.04099 6.32209 5.54694 5.4258 8.25071 5.50267 5.13603 7.64001 7.7223 8.81 8.34523 9.93976 5.49365 4.94769 10.5211 5.49127 4.77714 12.2912
threshold=20.992708333333336 17.500000000000004 83.500000000000014 6.5000000000000009 1.0000000180025095e-35 10.012500000000001 0.98332250088165762 1.0000000180025095e-35 0.51113019672828186 21.584114583333339 16.500000000000004 35.500000000000007 16.912500000000005 0.46611290379786346 1.1500756134737387 0.99142420047150093 0.99466373373798567 -0.99938741687870725 1.5000000000000002 -0.89785546691630314 25.512500000000006 1.0000000180025095e-35 0.99142420047150093 4.5000000000000009 32.150000000000013 0.99415218657029769 -0.62587551141915865 24.500000000000004 26.680729166666669 26.49270833333334
decision_type=2 2 2 2 2 2 2 2 2 2 2 2 2 2 2 2 2 2 2 2 2 2 2 2 2 2 2 2 2 2
left_child=1 3 -3 4 -1 6 -6 15 9 12 18 14 -9 -14 -12 17 25 -2 -11 20 21 -20 23 -22 -24 26 27 -17 29 -21
right_child=7 2 -4 -5 5 -7 -8 8 -10 10 11 -13 13 -15 -16 16 -18 -19 19 28 22 -23 24 -25 -26 -27 -28 -29 -30 -31
leaf_value=0.055580516683490504 -0.22078759717752439 0.004615687351566985 0.039314153429522929 0.045963622921248198 -0.010972124030048618 0.013168161182743599 -0.059635693848589716 0.020121369364369625 0.050084155900120109 0.005123838177848181 0.029051957446211658 -0.0052358588288593383 -0.02460486373717077 -0.071573646144655584 -0.037089748569639418 -0.19005301911284694 -0.1133696625048831 0.033522843844694734 -0.015733873218161134 -0.019477623126693898 -0.1749701363386699 -0.12303874335640248 0.0036832239874899082 -0.017749799852320235 -0.055149974912445415 0.0083647232261273487 -0.0082987676154506317 -0.1306864916418545 -0.0064973189901564839 -0.28894837791092925
leaf_weight=1407 96 28181 5124 4697 308 1104 170 158 1920 2533 9624 31561 311 299 399 50 576 14688 918 901 75 51 147 74 61 18810 768 142 4144 51
leaf_count=1407 96 28181 5124 4697 308 1104 170 158 1920 2533 9624 31561 311 299 399 50 576 14688 918 901 75 51 147 74 61 18810 768 142 4144 51
internal_value=0.000400779 0.000951551 0.000625282 0.00236534 0.000617263 -0.0012579 -0.00797071 0.000145263 -0.000140248 -0.000244898 -0.000163339 0.000100279 -0.00561198 -0.00786885 0.00137833 0.000577854 4.81669e-05 0.00130682 -0.00138749 -0.00213952 -0.00552036 -0.00320433 -0.0118067 -0.0208389 -0.00533654 0.000220031 -0.00328125 -0.01375 -0.00125981 -0.00445378
internal_weight=129348 40991 33305 7686 2989 1582 478 88357 53227 51307 50539 41584 768 610 10023 35130 20346 14784 8955 6422 1326 969 357 149 208 19770 960 192 5096 952
internal_count=129348 40991 33305 7686 2989 1582 478 88357 53227 51307 50539 41584 768 610 10023 35130 20346 14784 8955 6422 1326 969 357 149 208 19770 960 192 5096 952
is_linear=0
shrinkage=0.05


Tree=109
num_leaves=31
num_cat=0
split_feature=9 0 0 0 0 3 0 3 4 4 0 10 10 0 3 0 7 3 7 3 1 9 9 8 7 11 3 11 9 4
split_gain=7.05291 6.0943 6.13941 12.4274 8.6531 8.72303 7.83193 7.5241 9.9368 7.41322 5.90418 7.90351 6.88414 30.6934 20.9329 15.1907 13.8947 8.36466 6.47187 6.32428 8.42276 7.69232 8.51613 6.745 14.2495 7.93325 5.76328 7.34722 5.71909 6.03355
threshold=29.235937500000002 91.500000000000014 71.500000000000014 79.500000000000014 57.500000000000007 0.15101559051660998 37.500000000000007 -0.05695216311707673 -0.074115882986646633 -0.27694043983797384 6.5000000000000009 1.0000000180025095e-35 1.0000000180025095e-35 18.500000000000004 0.75580964594513067 30.500000000000004 24.587500000000006 0.25206111083856975 10.012500000000001 -0.93545489084327571 1.5000000000000002 25.782291666666669 24.470572916666672 33.050000000000004 23.262500000000006 0.89108496733767706 0.83849049182116964 1.080551319040673 28.678645833333334 -0.83375966452616657
decision_type=2 2 2 2 2 2 2 2 2 2 2 2 2 2 2 2 2 2 2 2 2 2 2 2 2 2 2 2 2 2
left_child=1 2 4 9 6 -6 10 8 -5 -4 11 -1 13 -12 16 26 17 -15 -13 20 -14 22 -22 24 -23 -26 -16 -28 -21 -30
right_child=-2 -3 3 7 5 -7 -8 -9 -10 -11 12 18 19 14 15 -17 -18 -19 -20 28 21 23 -24 -25 25 -27 27 -29 29 -31
leaf_value=0.037091218670481638 -0.0034939255323466183 0.056213725385912239 0.023146917675088363 -0.013322060668456662 0.015793795702152304 0.093491846058084013 -0.0059042942580241125 -0.0061161342900452765 0.059154551016467584 -0.035757507199291792 0.083053022197422083 -0.028517972371577452 0.070627876539054585 -0.047211043098049424 -0.14495447149633342 -0.0073966340827765591 0.15214879900009276 0.027321542764486631 -0.011259530925730347 0.037323333638185623 -0.060741068121233248 -0.17622166028681702 0.056345453812343661 0.17615289756598351 -0.13795564115491191 -0.030962001207803975 -0.070874652087933462 -0.10352166774136179 -0.038571502538658764 0.035732631866432364
leaf_weight=2576 36826 3854 1888 2292 7882 5612 19276 5460 3816 5824 4416 478 806 3098 120 413 1443 1330 3691 14250 62 56 682 155 93 874 504 84 620 867
leaf_count=2576 36826 3854 1888 2292 7882 5612 19276 5460 3816 5824 4416 478 806 3098 120 413 1443 1330 3691 14250 62 56 682 155 93 874 504 84 620 867
internal_value=0.000394595 0.000627527 0.000542924 -0.000246369 0.000762236 0.00189862 0.000487888 0.000790111 0.00199574 -0.00180109 0.000917309 -0.000418829 0.00121899 0.000253331 -0.00180778 -0.00806869 -0.000612332 -0.0020009 -0.00176421 0.0018156 -0.000406891 -0.00220604 0.00177419 -0.00471986 -0.00619257 -0.00477249 -0.0125141 -0.0104762 0.00220086 -0.000749832
internal_weight=129348 92522 88668 19280 69388 13494 55894 11568 6108 7712 36618 6745 29873 11408 6992 1121 5871 4428 4169 18465 2728 1922 744 1178 1023 967 708 588 15737 1487
internal_count=129348 92522 88668 19280 69388 13494 55894 11568 6108 7712 36618 6745 29873 11408 6992 1121 5871 4428 4169 18465 2728 1922 744 1178 1023 967 708 588 15737 1487
is_linear=0
shrinkage=0.05


Tree=110
num_leaves=31
num_cat=0
split_feature=9 0 9 3 0 0 0 3 4 4 0 10 11 3 3 5 10 11 0 10 10 0 7 4 4 4 3 0 11 3
split_gain=6.68867 5.69397 5.468 13.7603 5.24105 10.7396 9.45506 6.97249 10.6468 6.29588 5.97424 5.85137 6.04057 6.0147 5.23573 6.93428 5.92982 5.17216 5.11955 7.45711 7.13057 21.2947 16.5427 10.5479 8.82381 12.1253 7.14282 7.02593 8.52042 6.61909
threshold=29.235937500000002 92.500000000000014 9.2812500000000018 -0.091260668982868151 70.500000000000014 79.500000000000014 59.500000000000007 -0.11692013674435776 -0.074115882986646633 -0.45273527932988084 37.500000000000007 1.0000000180025095e-35 0.83812870703902109 0.65883702558178847 0.9916835347852474 1.0000000180025095e-35 1.0000000180025095e-35 1.1423394090148442 7.5000000000000009 1.0000000180025095e-35 1.0000000180025095e-35 17.500000000000004 24.587500000000006 0.7487283477006671 0.5403928698825039 0.63755505330306683 0.25206111083856975 27.500000000000004 0.99466861273465434 -0.93545489084327571
decision_type=2 2 2 2 2 2 2 2 2 2 2 2 2 2 2 2 2 2 2 2 2 2 2 2 2 2 2 2 2 2
left_child=1 2 3 -1 6 9 10 8 -7 -6 14 12 -9 -13 17 -16 -17 18 19 -4 21 -20 23 24 -23 27 -25 28 -26 -22
right_child=-2 -3 4 -5 5 7 -8 11 -10 -11 -12 13 -14 -15 15 16 -18 -19 20 -21 29 22 -24 26 25 -27 -28 -29 -30 -31
leaf_value=-0.085898604730912098 -0.0033192292557289375 0.064982249339620185 0.044348230470991824 -0.01394424752513506 0.02940974009164575 -0.013652215752238942 0.050361797568800354 -0.91957013506931118 0.061882362016845376 -0.030118261110417328 -0.0024229317040210777 -0.032397314524970931 0.035855884576432746 0.00088305410226651674 -0.0037381769028107825 -0.25979459049231796 -0.041941447390746234 -0.030538459814774616 0.09005889566407245 -0.010923921377943728 -0.0032958896621908167 -0.025133572314321569 0.10964288890358348 -0.036758370318776115 -0.15006691715663245 -0.046813111261215103 0.055164173117124085 -0.080378388452013172 -0.07252905947289684 0.040789575993178728
leaf_weight=93 36826 2890 2744 1023 1764 2431 10470 52 3965 6804 20940 1599 2171 2158 1406 76 152 646 3430 4389 2520 1213 1558 1960 100 719 1100 150 60 13939
leaf_count=93 36826 2890 2744 1023 1764 2431 10470 52 3965 6804 20940 1599 2171 2158 1406 76 152 646 3430 4389 2520 1213 1558 1960 100 719 1100 150 60 13939
internal_value=0.000391502 0.00061834 0.000547907 -0.00293011 0.000591758 -9.93123e-05 0.000805955 0.00084276 0.00199031 -0.00146008 0.000552695 -0.000384615 0.00164867 -0.0015877 0.000941873 -0.00182375 -0.00991228 0.00107275 0.00115725 -3.29453e-05 0.00147463 0.000442177 -0.00116618 -0.00249717 -0.00510259 -0.00850826 -0.000588235 -0.0167742 -0.0240625 0.00212012
internal_weight=129348 92522 89632 1116 88516 20944 67572 12376 6396 8568 57102 5980 2223 3757 36162 1634 228 34528 33882 7133 26749 10290 6860 5302 2242 1029 3060 310 160 16459
internal_count=129348 92522 89632 1116 88516 20944 67572 12376 6396 8568 57102 5980 2223 3757 36162 1634 228 34528 33882 7133 26749 10290 6860 5302 2242 1029 3060 310 160 16459
is_linear=0
shrinkage=0.05


Tree=111
num_leaves=31
num_cat=0
split_feature=9 3 3 0 0 10 4 9 0 0 7 4 11 11 4 0 4 0 3 1 3 4 11 3 11 1 0 11 11 1
split_gain=6.76523 6.17468 7.67296 6.27483 7.06348 4.23431 6.31787 8.57205 5.53532 8.12239 5.43751 5.81389 5.20202 6.80021 5.3719 10.5456 9.40261 7.26189 6.3778 5.27066 5.53445 11.7115 7.084 4.9377 4.92915 5.82025 4.72896 4.53891 4.45746 4.40957
threshold=20.992708333333336 -0.87395131947920313 -0.62588817255938378 17.500000000000004 85.500000000000014 1.0000000180025095e-35 0.51113019672828186 21.584114583333339 16.500000000000004 35.500000000000007 16.912500000000005 0.45847758937963173 1.1250574444522627 1.1338093104982068 0.5403928698825039 43.500000000000007 0.689015599449598 16.500000000000004 -0.15101209918632377 4.5000000000000009 -0.89785546691630314 -0.10837475778693638 0.888018781778247 -0.94139628442229062 1.0221204649632492 4.5000000000000009 25.500000000000004 1.2071527841224958 0.85658788097574401 1.5000000000000002
decision_type=2 2 2 2 2 2 2 2 2 2 2 2 2 2 2 2 2 2 2 2 2 2 2 2 2 2 2 2 2 2
left_child=1 -1 -3 -4 -5 12 7 10 29 27 -7 -12 14 -14 18 16 17 -16 19 20 21 22 -2 -24 25 26 -19 -10 -20 -9
right_child=5 2 3 4 -6 6 -8 8 9 -11 11 -13 13 -15 15 -17 -18 24 28 -21 -22 -23 23 -25 -26 -27 -28 -29 -30 -31
leaf_value=-0.062738516180667059 -0.12779672209908519 0.053473790057685128 0.02277834002533 0.0026415695674072304 0.035808153466947552 0.016454079509322084 0.047653644047268934 0.0046982605870750415 0.024166068471251138 -0.0053570738626358728 0.0084233006958488437 -0.064100657238403025 -0.24567188979149443 -0.020273854603168478 -0.011357636937113239 0.031882831308755952 0.050865170870404985 -0.082686018957166041 -0.12167729880050381 0.099237867020756917 0.06336005489519253 0.040422094363403493 -0.0088260658036261718 -0.098491512587524699 -0.032244363366979674 -0.17765333007031786 -0.076386781387708699 -0.10063596033809341 0.0076540122567768003 -0.021340071640648703
leaf_weight=192 192 2880 7110 26859 3950 158 1920 2533 9909 31561 164 446 96 2110 289 1248 308 99 864 4512 6144 2496 864 384 108 54 198 114 15164 6422
leaf_count=192 192 2880 7110 26859 3950 158 1920 2533 9909 31561 164 446 96 2110 289 1248 308 99 864 4512 6144 2496 864 384 108 54 198 114 15164 6422
internal_value=0.000393821 0.000924715 0.000966813 0.000777842 0.000468857 0.000147527 -0.000133673 -0.000239051 -0.000159382 8.34457e-05 -0.00548177 -0.00762295 0.000573584 -0.00177697 0.000731078 -0.00159722 -0.00527462 -0.00830214 0.000906271 0.00166255 0.00102679 -0.000436992 -0.00402778 -0.00265224 -0.0122113 -0.0150855 -0.0123401 0.00132346 0.000217744 -0.00128699
internal_weight=129348 40991 40799 37919 30809 88357 53227 51307 50539 41584 768 610 35130 2206 32924 2304 1056 748 30620 14592 10080 3936 1440 1248 459 351 297 10023 16028 8955
internal_count=129348 40991 40799 37919 30809 88357 53227 51307 50539 41584 768 610 35130 2206 32924 2304 1056 748 30620 14592 10080 3936 1440 1248 459 351 297 10023 16028 8955
is_linear=0
shrinkage=0.05


Tree=112
num_leaves=31
num_cat=0
split_feature=9 0 8 9 3 0 0 0 4 3 10 3 11 8 7 9 0 3 4 0 10 11 10 0 7 4 0 9 4 0
split_gain=6.43202 5.29531 5.06729 4.77652 10.2082 5.13423 10.5364 7.59441 7.56187 9.85811 8.53267 6.00798 9.41561 6.12306 6.59128 5.94856 5.85086 6.00199 5.53691 5.12293 6.89635 5.40228 5.18031 21.051 18.5955 11.8207 10.1661 5.56144 5.49107 5.46856
threshold=29.235937500000002 92.500000000000014 34.350000000000001 9.2812500000000018 -0.091260668982868151 70.500000000000014 79.500000000000014 59.500000000000007 0.071972700440407641 -0.2102246306142678 1.0000000180025095e-35 0.65883702558178847 0.90935105492399704 18.250000000000004 10.762500000000001 27.834114583333335 37.500000000000007 0.99865421017599998 -0.40613878790836594 7.5000000000000009 1.0000000180025095e-35 0.89108496733767706 1.0000000180025095e-35 18.500000000000004 24.587500000000006 0.70138038092733435 25.500000000000004 23.512760416666673 0.48126256173783166 14.500000000000002
decision_type=2 2 2 2 2 2 2 2 2 2 2 2 2 2 2 2 2 2 2 2 2 2 2 2 2 2 2 2 2 2
left_child=1 2 3 4 -1 7 18 16 -8 -10 -11 12 -12 -14 -15 -9 17 19 -7 20 21 -5 23 -21 25 26 28 -24 -25 -29
right_child=-2 -3 -4 5 -6 6 8 15 9 10 11 -13 13 14 -16 -17 -18 -19 -20 22 -22 -23 27 24 -26 -27 -28 29 -30 -31
leaf_value=-0.082648667106441476 -0.0031872869140063399 0.060803848822455223 0.064362180239321054 -0.045251035828737123 -0.01418044085165992 0.021618916493957207 -0.019098032349404381 0.057637305283436774 0.064997904748765253 0.044995508716992066 -0.082858905850562506 0.0051286879201763343 0.014974250799730672 -0.053973571083028186 -0.024743234922233452 -0.011914308021030265 -0.003266158284953156 -0.036346279069393653 -0.031115769428481228 0.076270512912249011 -0.011726934544644874 0.052615551200304367 0.038277479822701112 -0.054531853298275659 0.14595117305497066 -0.017734364845748248 -0.031505936325631152 -0.012184745420646417 -0.087042603369927071 0.031580817702515515
leaf_weight=93 36826 2890 4648 240 1023 1737 3926 8283 3237 2067 65 1183 403 211 634 1639 19840 570 6381 3740 4373 2480 7890 493 1428 3210 1014 1983 315 6526
leaf_count=93 36826 2890 4648 240 1023 1737 3926 8283 3237 2067 65 1183 403 211 634 1639 19840 570 6381 3740 4373 2480 7890 493 1428 3210 1014 1983 315 6526
internal_value=0.00038725 0.000609693 0.000541771 0.00045385 -0.0027957 0.000497091 -0.000205604 0.000714888 0.000753028 0.00165385 0.000156695 -0.0018109 -0.00413938 -0.00317308 -0.00559172 0.00198649 0.000481683 0.000877357 -0.00159029 0.000963434 -0.000230509 0.00174632 0.00128182 0.000397059 -0.00133127 -0.00276033 -0.00597695 0.00183212 -0.0101609 0.00094547
internal_weight=129348 92522 89632 84984 1116 83868 19844 64024 11726 7800 4563 2496 1313 1248 845 9922 54102 34262 8118 33692 7093 2720 26599 10200 6460 5032 1822 16399 808 8509
internal_count=129348 92522 89632 84984 1116 83868 19844 64024 11726 7800 4563 2496 1313 1248 845 9922 54102 34262 8118 33692 7093 2720 26599 10200 6460 5032 1822 16399 808 8509
is_linear=0
shrinkage=0.05


Tree=113
num_leaves=31
num_cat=0
split_feature=9 0 4 11 8 11 1 3 9 0 8 9 7 0 3 9 8 4 7 3 11 8 3 0 8 7 0 0 0 3
split_gain=6.1411 5.01916 5.08965 4.70241 4.74931 7.50608 13.1328 5.66322 10.5775 11.1157 5.39653 7.25895 4.63032 4.57143 4.55766 8.81149 11.5882 6.9442 6.37973 7.91518 5.35927 10.3005 8.34711 5.08229 4.48148 4.45849 4.31133 8.61555 9.3757 6.60678
threshold=29.235937500000002 91.500000000000014 0.99748108949426018 0.96902556631768955 33.650000000000013 0.98558548189595652 1.0000000180025095e-35 -0.30983472475487867 29.732812500000005 23.500000000000004 33.45000000000001 29.327864583333341 33.112500000000004 23.500000000000004 -0.95754239937548935 25.593489583333341 33.150000000000013 -0.21022037796396451 30.387500000000006 -0.96902457013955734 0.888018781778247 29.150000000000002 -0.96902457013955734 64.500000000000014 32.750000000000007 25.212500000000006 70.500000000000014 54.500000000000007 36.500000000000007 0.9053161325100999
decision_type=2 2 2 2 2 2 2 2 2 2 2 2 2 2 2 2 2 2 2 2 2 2 2 2 2 2 2 2 2 2
left_child=1 2 14 -2 5 6 -5 10 -9 -10 11 13 -12 -7 15 17 18 -1 20 -20 21 23 -23 -17 -11 -3 27 28 -16 -29
right_child=3 25 -4 4 -6 7 -8 8 9 24 12 -13 -14 -15 26 16 -18 -19 19 -21 -22 22 -24 -25 -26 -27 -28 29 -30 -31
leaf_value=-0.055474829013124088 0.016785794875452481 0.066290395648763017 -0.01398690143462708 -0.094305582395910789 -0.0035428695020583347 -0.092966657575805328 -0.034675640518801849 -0.02002330519575762 -0.29369606973360107 -0.20866147869974433 -0.041779253297866227 0.04192869426722301 -0.24252215598962154 -0.021692671544481096 0.016354537804149537 -0.14259988028408366 0.081968985491346374 0.078778866979577311 -0.039913567735336136 -0.42980418578053198 -0.010388128936207877 0.07933522933571184 -0.14838459185624528 -0.010065566789319198 -0.05197769300835723 -0.011299891670324321 0.00055908477879557615 0.033775511619816012 -0.0078267660127100645 0.13888399378414215
leaf_weight=92 8412 2925 3128 96 24107 168 288 659 72 72 331 1920 53 504 30289 195 1288 1840 870 94 5327 350 75 81 144 929 17199 11034 14742 2064
leaf_count=92 8412 2925 3128 96 24107 168 288 659 72 72 331 1920 53 504 30289 195 1288 1840 870 94 5327 350 75 81 144 929 17199 11034 14742 2064
internal_value=0.000382611 0.000599966 0.000523188 -0.000163471 -0.000470894 -0.00200023 -0.00867187 -0.00134718 -0.00471489 -0.0127083 -0.000275537 0.000543982 -0.00580729 -0.00392857 0.000595628 -0.000395613 -0.00110507 0.00264493 -0.00190789 -0.00568465 -0.00130391 -0.00541369 -0.000529412 -0.0129348 -0.00703704 0.00236637 0.000730008 0.000935764 0.000607471 0.00206444
internal_weight=129348 92522 88668 36826 28414 4307 384 3923 947 288 2976 2592 384 672 85540 10212 8280 1932 6992 964 6028 701 425 276 216 3854 75328 58129 45031 13098
internal_count=129348 92522 88668 36826 28414 4307 384 3923 947 288 2976 2592 384 672 85540 10212 8280 1932 6992 964 6028 701 425 276 216 3854 75328 58129 45031 13098
is_linear=0
shrinkage=0.05


Tree=114
num_leaves=31
num_cat=0
split_feature=7 0 3 3 9 0 9 8 8 0 3 0 3 0 0 10 7 7 0 8 9 11 0 0 4 11 3 3 3 8
split_gain=5.90294 7.95332 6.41447 6.90647 10.8084 6.6435 5.99417 7.91105 6.77132 5.82101 8.2249 7.1575 7.20458 14.9409 9.67503 6.04021 6.28523 6.51255 5.78987 5.23884 5.22122 5.17472 5.16452 5.14209 5.05431 4.70878 4.61746 5.82745 4.41705 8.15033
threshold=27.387500000000006 87.500000000000014 0.39827038710620805 1.0000000180025095e-35 28.997135416666673 53.500000000000007 35.273437500000007 39.650000000000013 39.750000000000007 86.500000000000014 0.99939377080793557 70.500000000000014 -0.0053757284505435614 76.500000000000014 74.500000000000014 1.0000000180025095e-35 10.512500000000001 21.912500000000005 57.500000000000007 14.100000000000001 12.483854166666669 0.90935105492399704 93.500000000000014 79.500000000000014 1.0000000180025095e-35 1.2217849585321277 0.21022171450811275 0.91248814248966237 0.14250626876356556 37.150000000000013
decision_type=2 2 2 2 2 2 2 2 2 2 2 2 2 2 2 2 2 2 2 2 2 2 2 2 2 2 2 2 2 2
left_child=9 2 3 -2 5 -5 7 28 -9 10 11 18 13 -13 -14 -11 20 -18 25 -20 -17 26 -3 -23 -12 -1 -16 -28 29 -6
right_child=1 22 -4 4 6 -7 -8 8 -10 15 24 12 14 -15 21 16 17 -19 19 -21 -22 23 -24 -25 -26 -27 27 -29 -30 -31
leaf_value=0.0086517356318342991 0.003098317944715471 -0.058937256060361681 0.018541470463348673 -0.13578688619781631 -0.076006534334057019 -0.033097840713583737 0.10124364106533726 -0.19348163831726448 -0.04268690075917566 0.080036380280092134 -0.10985951237887898 -0.033490918496100468 0.026540773910044359 0.035389899313313433 -0.074335772964872079 -0.010200321835668723 0.042372152615470865 -0.0082771886077849886 -0.075757412806321228 0.052094124623332072 -0.069907451996766026 -0.057097465219349955 0.037734286236161402 -0.0081879288770441636 -0.0023388554681990181 -0.11779834119946769 -0.041222551019308877 -0.15587371471764844 0.012565586128309792 0.025283274151656095
leaf_weight=48402 25165 2452 16277 332 1072 339 701 350 1375 3321 308 1986 1331 4058 60 401 2170 2526 104 6463 114 1678 687 2573 313 78 309 84 3369 950
leaf_count=48402 25165 2452 16277 332 1072 339 701 350 1375 3321 308 1986 1331 4058 60 401 2170 2526 104 6463 114 1678 687 2573 313 78 309 84 3369 950
internal_value=0.000375653 -2.93013e-05 0.000124174 -0.000269961 -0.0015033 -0.00759314 -0.000980555 -0.00141512 -0.00436232 0.000657389 0.000502384 0.000555374 -0.000546817 0.000673395 -0.00176885 0.00188819 0.000826137 0.00140119 0.000797228 0.0021905 -0.00441748 -0.00283376 -0.00247053 -0.0022924 -0.00522544 0.000608499 -0.00791391 -0.00594148 -0.000472083 -0.00231949
internal_weight=129348 53069 49930 33653 8488 671 7817 7116 1725 76279 67747 67126 12079 6044 6035 8532 5211 4696 55047 6567 515 4704 3139 4251 621 48480 453 393 5391 2022
internal_count=129348 53069 49930 33653 8488 671 7817 7116 1725 76279 67747 67126 12079 6044 6035 8532 5211 4696 55047 6567 515 4704 3139 4251 621 48480 453 393 5391 2022
is_linear=0
shrinkage=0.05


Tree=115
num_leaves=31
num_cat=0
split_feature=4 4 10 11 3 5 6 3 4 0 0 11 0 0 8 11 3 1 7 11 7 3 8 1 8 0 11 8 9 11
split_gain=5.74006 8.62352 7.92067 11.64 7.24267 11.3952 7.47737 7.16051 6.72482 6.1572 7.98513 6.02327 5.77569 5.82004 7.63063 6.27982 6.30901 5.58862 5.62118 11.3519 5.48187 7.22318 5.39787 5.38106 18.3348 5.3257 5.11116 5.10063 5.94386 5.09621
threshold=0.67644692717078936 0.84199059757024453 1.0000000180025095e-35 0.99415218657029769 -0.43733984355855576 1.0000000180025095e-35 1.0000000180025095e-35 -0.2102246306142678 0.95936279103287792 19.500000000000004 41.500000000000007 0.99547686574958993 2.5000000000000004 39.500000000000007 16.300000000000001 1.065666172741313 0.26866988313759588 1.0000000180025095e-35 10.512500000000001 0.96159218389975776 16.787500000000005 -0.43733984355855576 22.750000000000004 1.0000000180025095e-35 19.050000000000004 24.500000000000004 1.1265970327176902 19.950000000000003 12.703645833333335 1.0326169115782082
decision_type=2 2 2 2 2 2 2 2 2 2 2 2 2 2 2 2 2 2 2 2 2 2 2 2 2 2 2 2 2 2
left_child=22 -2 4 8 5 6 -3 20 -4 -6 -11 -9 -13 -14 -15 16 -16 25 19 -19 -5 -22 -1 24 -18 -10 -17 28 29 -25
right_child=1 2 3 7 9 -7 -8 11 17 10 -12 12 13 14 15 26 23 18 -20 -21 21 -23 -24 27 -26 -27 -28 -29 -30 -31
leaf_value=0.092569075732536185 0.037564832483516435 0.0062603840162843072 0.097197193604055834 0.028686767093719753 0.10732312555514285 -0.16838626675757123 -0.086894864382564441 -0.064471103696114446 0.035178473004363602 -0.022822688861844565 0.053989910667172403 -0.041391329364178352 0.00055672454699197003 0.015201076568885134 0.0027063019639997289 -0.061200927824196352 -0.1564624790347599 -0.094529558321876109 0.025843734734362012 0.014565782513481907 -0.046243145084422309 0.013032541655824452 0.0023135896783956339 -0.014591813646984687 -0.043296462492020168 -0.071079074186994828 0.015824091308758708 -0.072556515188635054 0.18973955178417576 -0.1016463906899739
leaf_weight=960 10943 960 1536 1325 2260 96 96 96 75 2486 6102 195 2405 672 840 448 56 97 1495 136 252 535 93445 616 168 213 112 280 224 224
leaf_count=960 10943 960 1536 1325 2260 96 96 96 75 2486 6102 195 2405 672 840 448 56 97 1495 136 252 535 93445 616 168 213 112 280 224 224
internal_value=0.000378746 0.000926223 0.000395834 -0.0005125 0.00130417 -0.00246528 -0.000965909 -0.00152225 0.00188908 0.00170446 0.00109339 -0.00236269 -0.00217147 -0.00189826 -0.00315934 -0.00424865 -0.00313953 -9.92045e-06 0.00106481 -0.0061588 0.000999053 -0.00230623 0.000176103 -0.00501275 -0.0121875 -0.00645833 -0.00901786 -0.00381696 -0.00223684 -0.00416667
internal_weight=129348 34943 24000 12000 12000 1152 1056 8448 3552 10848 8588 6336 6240 6045 3640 2968 2408 2016 1728 233 2112 787 94405 1568 224 288 560 1344 1064 840
internal_count=129348 34943 24000 12000 12000 1152 1056 8448 3552 10848 8588 6336 6240 6045 3640 2968 2408 2016 1728 233 2112 787 94405 1568 224 288 560 1344 1064 840
is_linear=0
shrinkage=0.05


Tree=116
num_leaves=31
num_cat=0
split_feature=0 11 4 7 8 3 0 11 3 4 10 9 7 9 0 8 9 0 1 1 7 0 3 3 1 11 4 3 11 0
split_gain=5.46016 5.35305 6.71464 5.55207 5.84674 4.67687 7.73665 6.52567 6.12526 6.20195 6.18626 7.0659 11.2803 9.2582 5.6844 5.67801 5.18322 5.5806 5.74586 8.91125 5.26848 4.94281 4.7611 16.0383 6.39488 8.8063 7.45851 5.79931 5.79329 5.67214
threshold=93.500000000000014 1.0145048597912061 0.9989598388634241 7.9125000000000014 14.100000000000001 0.93237596376505805 74.500000000000014 1.0627860117078571 0.87397152483179585 0.46611290379786346 1.0000000180025095e-35 17.789062500000004 13.612500000000002 18.633333333333336 85.500000000000014 19.150000000000002 11.53671875 25.500000000000004 3.5000000000000004 1.5000000000000002 11.437500000000002 42.500000000000007 0.52033990680116082 0.44505654568748165 2.5000000000000004 1.0571501552533558 -0.97315270831292444 0.3342611484689354 1.067458542709339 79.500000000000014
decision_type=2 2 2 2 2 2 2 2 2 2 2 2 2 2 2 2 2 2 2 2 2 2 2 2 2 2 2 2 2 2
left_child=1 -1 3 -3 -5 8 -7 14 10 -10 11 15 13 -13 -8 16 -6 -18 19 21 -21 -19 23 24 25 26 -12 28 -27 -25
right_child=-2 2 -4 4 5 6 7 -9 9 -11 22 12 -14 -15 -16 -17 17 18 -20 20 -22 -23 -24 29 -26 27 -28 -29 -30 -31
leaf_value=0.0095219269822611561 0.059697357829561953 0.028453154442178254 -0.03985084172998133 -0.09544159596048378 0.075057414844184822 0.036022472481821464 -0.086514151282472584 0.017472309842433285 -0.028956295833590197 -0.080076142564463493 -0.11850169408721485 -0.1117982078511659 0.0030535583841960882 0.00098878931566427132 -0.0018076834840623679 0.093698576488558671 0.044296753198751329 -0.088917858851578296 0.030885211691507319 -0.0086807022586838749 -0.20320882740650165 0.097711242929168093 0.010164174853246451 -0.079442597505545803 0.00013512356596355205 -0.09500825467944625 0.015921674422390213 0.074531791844832634 -0.039212698767169762 -0.096668016730167505
leaf_weight=72979 2694 1848 940 103 792 4800 319 665 1499 94 275 112 13333 87 232 3105 188 51 258 59 203 153 6124 483 10675 612 2828 282 3458 97
leaf_count=72979 2694 1848 940 103 792 4800 319 665 1499 94 275 112 13333 87 232 3105 188 51 258 59 203 153 6124 483 10675 612 2828 282 3458 97
internal_value=0.000359805 0.000312426 -6.66044e-05 8.05935e-06 -8.97084e-05 -6.55716e-05 0.00124335 -0.00231908 -0.000241467 -0.00328625 -0.000129125 0.000567308 -1.77356e-05 -0.0118342 -0.00634301 0.00221356 -0.000105634 -0.00267544 -0.00466851 -0.00798283 -0.014084 -0.000147059 -0.000643472 -0.00103955 -0.000777716 -0.00190141 0.000133742 -0.00335248 -0.00383292 -0.00922414
internal_weight=129348 126654 53675 52735 50887 50784 6016 1216 44768 1593 43175 18341 13532 199 551 4809 1704 912 724 466 262 204 24834 18710 18130 7455 3103 4352 4070 580
internal_count=129348 126654 53675 52735 50887 50784 6016 1216 44768 1593 43175 18341 13532 199 551 4809 1704 912 724 466 262 204 24834 18710 18130 7455 3103 4352 4070 580
is_linear=0
shrinkage=0.05


Tree=117
num_leaves=31
num_cat=0
split_feature=4 4 8 11 10 0 8 0 0 9 3 8 1 10 3 0 0 0 8 3 0 9 9 7 4 10 0 11 0 0
split_gain=5.21012 7.66523 8.17253 7.51943 5.15278 6.31644 5.14989 4.91074 5.2169 6.27687 5.23546 4.81901 7.11407 5.21173 4.67719 4.85621 4.46266 4.44157 4.42429 6.6815 5.00011 8.50909 4.86161 4.31823 4.01622 17.5456 13.4168 9.39201 8.21354 9.30608
threshold=0.67644692717078936 0.97461712852231652 20.900000000000002 0.96159218389975776 1.0000000180025095e-35 9.5000000000000018 22.750000000000004 21.500000000000004 50.500000000000007 17.489322916666669 0.67167992559793654 25.050000000000004 1.0000000180025095e-35 1.0000000180025095e-35 0.26866988313759588 74.500000000000014 56.500000000000007 1.5000000000000002 19.750000000000004 0.65883702558178847 87.500000000000014 13.511197916666669 14.060937500000003 14.212500000000004 0.5403928698825039 1.0000000180025095e-35 43.500000000000007 0.99060004174370953 16.500000000000004 27.500000000000004
decision_type=2 2 2 2 2 2 2 2 2 2 2 2 2 2 2 2 2 2 2 2 2 2 2 2 2 2 2 2 2 2
left_child=6 7 3 -3 -5 -6 -1 -2 10 11 -9 13 -13 -10 -15 16 -16 -8 -17 20 21 -20 -22 -23 -19 26 27 28 -26 -30
right_child=1 2 -4 4 5 -7 17 8 9 -11 -12 12 -14 14 15 18 -18 24 19 -21 22 23 -24 -25 25 -27 -28 -29 29 -31
leaf_value=0.086923107374783093 0.034447878310067563 -0.054108251931907027 0.065086237689021692 0.020102672958170427 -0.025633275165305641 -0.0094414978391301543 -0.032294836974757539 0.0044458186462556356 0.065186553442430115 0.078876916989763526 -0.050409768737538635 -0.16514596514618055 0.020213560861739872 0.022557498418077408 -0.088959503238931315 -0.0076863740635452135 0.043094622804137173 0.0045416332383851126 -0.011762391772253047 0.00080996038657195628 -0.046396774751086438 -0.089836900914980075 0.036080317355703384 -0.074238241278300657 -0.025634592039277978 0.023527688729586008 -0.015400807895676886 -0.045644055009034346 -0.13859331428225052 -0.095420497311316743
leaf_weight=960 5676 768 1920 3456 420 3612 1947 6786 3690 3374 696 90 135 1575 366 735 1098 86046 65 210 56 62 72 81 150 2820 1456 756 110 160
leaf_count=960 5676 768 1920 3456 420 3612 1947 6786 3690 3374 696 90 135 1575 366 735 1098 86046 65 210 56 62 72 81 150 2820 1456 756 110 160
internal_value=0.000351687 0.00087328 -0.000282036 -0.000965358 -0.000482105 -0.00169643 0.000158625 0.00134796 0.000964067 0.00162762 -6.54903e-05 0.000883425 -0.00633333 0.00108614 -9.25924e-05 -0.0013388 0.000628415 0.000121194 -0.00358704 -0.00699634 -0.011369 -0.0161538 -0.00359375 -0.022972 0.000171479 -0.00114453 -0.00408055 -0.00805272 -0.0140476 -0.0192593
internal_weight=129348 34943 10176 8256 7488 4032 94405 24767 19091 11609 7482 8235 225 8010 4320 2745 1464 93445 1281 546 336 208 128 143 91498 5452 2632 1176 420 270
internal_count=129348 34943 10176 8256 7488 4032 94405 24767 19091 11609 7482 8235 225 8010 4320 2745 1464 93445 1281 546 336 208 128 143 91498 5452 2632 1176 420 270
is_linear=0
shrinkage=0.05


Tree=118
num_leaves=31
num_cat=0
split_feature=4 9 10 8 4 0 0 0 1 3 11 3 11 8 4 11 3 11 8 10 8 3 0 0 11 6 7 11 8 0
split_gain=5.21703 7.00244 7.31668 8.86098 15.6056 11.9914 8.06261 13.2228 7.41781 6.52663 6.51124 7.53798 6.04692 5.29249 5.1314 6.41293 5.74902 6.68567 4.87272 4.5162 4.30731 4.52899 4.24506 4.20269 4.11776 4.96035 4.59656 4.58129 14.4455 6.58894
threshold=0.67644692717078936 18.314583333333335 1.0000000180025095e-35 25.050000000000004 0.86439018870140905 22.500000000000004 19.500000000000004 42.500000000000007 1.0000000180025095e-35 0.25206111083856975 0.99415218657029769 0.54940630780725741 1.067458542709339 19.150000000000002 0.88117331841669433 1.0326169115782082 -0.2102246306142678 0.99547686574958993 22.750000000000004 1.0000000180025095e-35 17.150000000000002 0.15101559051660998 1.5000000000000002 74.500000000000014 0.7641759112864478 1.0000000180025095e-35 22.212500000000006 0.91718490123342256 24.050000000000004 27.500000000000004
decision_type=2 2 2 2 2 2 2 2 2 2 2 2 2 2 2 2 2 2 2 2 2 2 2 2 2 2 2 2 2 2
left_child=18 2 3 6 -5 -6 -2 9 -7 12 -4 14 20 -9 15 -12 -16 -18 -1 23 21 -8 -19 -3 26 27 -20 28 29 -26
right_child=1 19 10 4 5 8 7 13 -10 -11 11 -13 -14 -15 16 -17 17 22 24 -21 -22 -23 -24 -25 25 -27 -28 -29 -30 -31
leaf_value=0.082576952006043758 0.087019923995191942 0.0055848922706601915 0.016567051492938609 0.028945806355873106 -0.10525339202076622 -0.15924511192241336 -0.058639458715137371 0.010696792258291912 -0.0044337692557638161 0.021576570042115412 -0.023869368838947847 0.039031048076294567 0.054405075658714733 0.085830215711175106 0.017477644789263478 -0.11218475437195384 -0.061251569968465348 -0.045840639322678858 -0.064422470977681848 0.076015309317520915 -0.062168556713281954 -0.18758400628211999 -0.010869646472542432 0.13954445101173976 -0.1187158870163658 0.025170340069912263 -0.031624680939699258 -0.0015607338528232633 0.023231449358841836 -0.082214032485759772
leaf_weight=960 2780 2625 4704 480 69 73 69 2809 146 1357 1248 1440 391 4558 1728 192 96 116 56 2495 1311 69 5452 735 56 5277 712 73984 13224 136
leaf_count=960 2780 2625 4704 480 69 73 69 2809 146 1357 1248 1440 391 4558 1728 192 96 116 56 2495 1311 69 5452 735 56 5277 712 73984 13224 136
internal_value=0.000347048 0.000868987 0.00055143 0.00136834 -0.00385417 -0.0130556 0.00166892 0.00103843 -0.00732877 -0.00164686 -0.000218349 -0.000923871 -0.00358696 0.00220375 -0.00147079 -0.00420139 -0.000938853 -0.00170904 0.000153859 0.00244663 -0.00507591 -0.0134783 -0.00148348 0.00125 0.000117449 0.000147664 -0.00352865 5.77805e-05 0.000907871 -0.0127083
internal_weight=129348 34943 29088 14112 768 288 13344 10564 219 3197 14976 10272 1840 7367 8832 1440 7392 5664 94405 5855 1449 138 5568 3360 93445 92677 768 87400 13416 192
internal_count=129348 34943 29088 14112 768 288 13344 10564 219 3197 14976 10272 1840 7367 8832 1440 7392 5664 94405 5855 1449 138 5568 3360 93445 92677 768 87400 13416 192
is_linear=0
shrinkage=0.05


Tree=119
num_leaves=31
num_cat=0
split_feature=0 0 0 9 0 0 0 0 0 10 3 3 3 4 3 1 11 4 9 3 8 1 9 8 1 3 3 4 11 3
split_gain=5.1224 5.2877 6.96961 5.08328 7.59005 5.88763 5.24954 10.1491 11.5465 9.73505 7.75225 6.36938 5.94765 5.59764 5.4524 4.81289 4.72822 4.50091 6.56319 6.12834 8.45927 4.97045 5.42785 7.3859 4.93573 6.29429 7.03141 6.17544 4.44382 4.34552
threshold=93.500000000000014 31.500000000000004 7.5000000000000009 28.395052083333336 87.500000000000014 64.500000000000014 53.500000000000007 69.500000000000014 80.500000000000014 1.0000000180025095e-35 -0.2102246306142678 0.15101559051660998 0.65883702558178847 0.46611290379786346 0.73283908552571664 5.5000000000000009 1.0635821354874333 0.42763731121559989 23.317968750000002 0.67167992559793654 26.150000000000002 1.5000000000000002 23.512760416666673 29.750000000000004 1.0000000180025095e-35 -0.80924678377697201 -0.30983472475487867 0.17435360825960186 0.7641759112864478 -0.05695216311707673
decision_type=2 2 2 2 2 2 2 2 2 2 2 2 2 2 2 2 2 2 2 2 2 2 2 2 2 2 2 2 2 2
left_child=1 2 -1 6 5 15 17 11 -9 14 13 16 -12 28 -10 -5 -8 18 -3 -19 -21 -22 23 -23 25 -20 -27 -28 -11 -18
right_child=-2 3 -4 4 -6 -7 7 8 9 10 12 -13 -14 -15 -16 -17 29 19 24 20 21 22 -24 -25 -26 26 27 -29 -30 -31
leaf_value=-0.0038173160297523636 0.057143712902185374 0.13986675051923023 0.015627241186211581 -0.025471029201894081 -0.050648537051205846 0.014192601697716243 0.022807571299375766 -0.017786768686621053 0.087830245793045728 -0.038808036050969621 -0.024554722322787131 0.072039976651417939 0.0025970157739431737 0.071231014072839036 -0.0065214581894765524 0.028425647211695455 -0.020019793401855092 -0.0073451846610325727 0.020507535932007808 -0.01540774432452597 -0.013652555699454739 -0.074964971020275301 0.040370425455106371 -0.11076674585878338 0.0085140006059459105 -0.23825076277186752 -0.057577057207336392 -0.098983864776877595 0.0069546358508237776 -0.076824230856287146
leaf_weight=10783 2694 1034 32357 13711 2941 11239 6735 9438 3575 52 1638 6011 2002 1092 806 2433 848 8734 440 1056 220 286 66 88 6446 88 352 66 1989 128
leaf_count=10783 2694 1034 32357 13711 2941 11239 6735 9438 3575 52 1638 6011 2002 1092 806 2433 848 8734 440 1056 220 286 66 88 6446 88 352 66 1989 128
internal_value=0.000336998 0.000291108 0.000740612 5.89125e-05 -0.000457723 -0.000198481 0.00035345 0.000721863 1.99108e-05 0.00110902 -7.89899e-05 0.00177525 -0.00164835 0.00174433 0.00294567 -0.000810208 0.000824147 -0.000316274 0.000543556 -0.00100957 -0.00374126 -0.00818182 -0.01125 -0.0135829 2.16452e-05 -0.00335095 -0.00715415 -0.00444976 0.000198432 -0.00242828
internal_weight=129348 126654 43140 83514 30324 27383 53190 34314 20592 11154 6773 13722 3640 3133 4381 16144 7711 18876 8426 10450 1716 660 440 374 7392 946 506 418 2041 976
internal_count=129348 126654 43140 83514 30324 27383 53190 34314 20592 11154 6773 13722 3640 3133 4381 16144 7711 18876 8426 10450 1716 660 440 374 7392 946 506 418 2041 976
is_linear=0
shrinkage=0.05


Tree=120
num_leaves=31
num_cat=0
split_feature=9 3 3 10 4 8 11 10 3 7 0 0 9 3 8 11 3 3 5 8 3 9 9 8 8 3 10 4 3 11
split_gain=5.28887 5.99127 6.51572 13.5122 5.9105 7.00148 7.34169 5.63824 4.31037 5.67172 4.23185 5.70423 5.0855 4.51372 4.20036 5.79635 7.43143 4.18023 3.91926 4.62143 5.84028 4.79642 5.61759 7.73569 5.6264 5.74151 4.91411 5.63791 6.03517 9.79719
threshold=20.617187500000004 0.83849049182116964 0.74443451080969758 1.0000000180025095e-35 0.97461712852231652 20.900000000000002 0.96159218389975776 1.0000000180025095e-35 0.76696112484652035 14.612500000000002 27.500000000000004 50.500000000000007 17.489322916666669 -0.79384350655589164 24.050000000000004 1.0015760182812448 -0.48314718476766422 0.67167992559793654 1.0000000180025095e-35 44.000000000000007 0.57077594689671507 35.424479166666679 34.42239583333334 39.250000000000007 39.650000000000013 0.022575936829235418 1.0000000180025095e-35 0.51113019672828186 0.97508442350096236 0.93309361111522005
decision_type=2 2 2 2 2 2 2 2 2 2 2 2 2 2 2 2 2 2 2 2 2 2 2 2 2 2 2 2 2 2
left_child=1 2 4 8 10 6 -6 -3 -4 -10 -1 17 14 -14 -13 16 -16 -12 19 21 -21 22 26 -24 -25 -26 -2 28 -28 -30
right_child=18 7 3 -5 5 -7 -8 -9 9 -11 11 12 13 -15 15 -17 -18 -19 -20 20 -22 -23 23 24 25 -27 27 -29 29 -31
leaf_value=0.03118991245100336 0.012155331385447955 0.0057542804157331541 -0.021583318311411213 0.020122124171965378 -0.051460094147965575 0.060846022691928674 -0.0036579047761961881 0.11634470015374371 -0.11412191494331994 -0.069587010199397017 -0.00016681517253305613 0.021362420008966019 -0.047839806413028707 0.070609251670719533 -0.14816431408083194 0.0071117942361414487 -0.033948940598493654 -0.054416744390238796 0.025372330064196702 -0.3131101239257289 -0.011330151544180609 0.084444336430481867 -0.16412057947762948 0.13861920203708575 0.12289341192761982 -0.081945791701391116 -0.0073455735548680944 0.039974442886009535 -0.052288772300611353 0.033955821129859676
leaf_weight=6972 29946 1344 384 1440 768 1920 7488 1920 149 523 5175 7335 90 2879 90 585 225 552 5851 96 192 1152 96 288 288 1536 43632 2016 384 4032
leaf_count=6972 29946 1344 384 1440 768 1920 7488 1920 149 523 5175 7335 90 2879 90 585 225 552 5851 96 192 1152 96 288 288 1536 43632 2016 384 4032
internal_value=0.000338931 0.000818168 0.000634997 -0.00183093 0.000815605 -0.000193593 -0.000826066 0.00287071 -0.00612689 -0.00854167 0.00124524 0.000818322 0.00147447 0.00324857 0.000834851 -0.00238889 -0.00785714 -0.000465339 0.00012563 3.81316e-05 -0.00628472 5.99738e-05 1.5082e-05 -0.00247283 -0.00184186 -0.00286732 8.37397e-05 -0.000219319 -0.000328005 0.00143342
internal_weight=129348 39839 36575 2496 34079 10176 8256 3264 1056 672 23903 16931 11204 2969 8235 900 315 5727 89509 83658 288 83370 82218 2208 2112 1824 80010 50064 48048 4416
internal_count=129348 39839 36575 2496 34079 10176 8256 3264 1056 672 23903 16931 11204 2969 8235 900 315 5727 89509 83658 288 83370 82218 2208 2112 1824 80010 50064 48048 4416
is_linear=0
shrinkage=0.05


Tree=121
num_leaves=31
num_cat=0
split_feature=9 3 10 3 10 4 10 11 3 3 0 9 5 1 4 0 0 11 11 0 9 4 7 11 7 7 1 0 1 3
split_gain=5.04271 5.8484 5.76814 5.70076 12.0532 5.30269 4.82423 9.55937 9.56573 6.50345 7.65852 11.1692 10.5657 9.84615 5.61323 5.32425 6.85292 5.59636 7.87741 6.57698 5.08723 5.98154 4.89801 4.79968 4.72508 4.40443 4.37335 4.54934 4.26112 4.33403
threshold=20.617187500000004 0.83849049182116964 1.0000000180025095e-35 0.74443451080969758 1.0000000180025095e-35 0.85561368268953431 1.0000000180025095e-35 0.99415218657029769 0.47559651477048942 -0.43733984355855576 25.500000000000004 17.006770833333338 1.0000000180025095e-35 2.5000000000000004 0.95936279103287792 16.500000000000004 81.500000000000014 0.97407968238158804 0.97260028685364042 33.500000000000007 13.209375 0.98486764554468398 14.612500000000002 0.99547686574958993 7.9125000000000014 12.462500000000004 1.0000000180025095e-35 24.500000000000004 1.0000000180025095e-35 0.21862473630160603
decision_type=2 2 2 2 2 2 2 2 2 2 2 2 2 2 2 2 2 2 2 2 2 2 2 2 2 2 2 2 2 2
left_child=1 3 -3 5 -5 -1 9 14 23 10 11 -7 -12 -13 -8 -11 17 18 20 -20 21 -17 -23 25 -10 -9 27 -16 29 -25
right_child=-2 2 -4 4 -6 6 7 8 24 15 12 13 -14 -15 26 16 -18 -19 19 -21 -22 22 -24 28 -26 -27 -28 -29 -30 -31
leaf_value=0.026821347338020791 0.0020181134719932511 0.0054665663949459769 0.11052746514605638 -0.065348769248266589 0.019116017963367263 -0.01636870320667972 0.084108313432814358 -0.084808382323840123 0.0041343788554343069 0.10454246395543126 0.034517181127032635 -0.10235422654494225 -0.14688456081559828 -0.02213568328540956 0.034556706800879751 0.03282921632968476 0.11459711157472115 0.021532013589050297 -0.26485166143908667 -0.10783534162403617 0.023644776356221999 -0.1313150380617624 -0.016487017963600886 -0.0079120157033295748 -0.095542408036262502 -0.017978171412556514 0.011060284494751249 -0.068816101740832178 -0.0027719522938558145 -0.061767758360418139
leaf_weight=11231 89509 1344 1920 1056 1440 156 1440 69 63 1853 630 52 70 52 75 130 1526 5720 51 144 845 128 67 576 225 123 1728 213 6528 384
leaf_count=11231 89509 1344 1920 1056 1440 156 1440 69 63 1853 630 52 70 52 75 130 1526 5720 51 144 845 128 67 576 225 123 1728 213 6528 384
internal_value=0.00032888 0.000796832 0.00282476 0.000615858 -0.0016907 0.000784794 0.000347514 -0.000379026 -0.00133158 0.00107405 -0.00286458 -0.0101923 -0.000142857 -0.0228846 0.00181713 0.0014354 0.000912205 0.000257587 -0.00261905 -0.0119231 -0.00106838 -0.00638462 -0.0119231 -0.000996094 -0.0102778 -0.00880208 0.000114087 -0.00559028 -0.00079594 -0.00390625
internal_weight=129348 39839 3264 36575 2496 34079 22848 11424 7968 11424 960 260 700 104 3456 10464 8611 7085 1365 195 1170 325 195 7680 288 192 2016 288 7488 960
internal_count=129348 39839 3264 36575 2496 34079 22848 11424 7968 11424 960 260 700 104 3456 10464 8611 7085 1365 195 1170 325 195 7680 288 192 2016 288 7488 960
is_linear=0
shrinkage=0.05


Tree=122
num_leaves=31
num_cat=0
split_feature=9 3 10 0 0 0 3 10 3 7 3 3 8 0 0 8 3 0 9 8 11 1 5 8 3 3 7 9 9 0
split_gain=4.83902 5.69296 5.55904 5.29859 6.30874 7.86543 6.30378 7.40982 7.99278 10.2359 5.03667 4.94451 5.80117 4.64049 6.75232 10.456 5.00337 4.91433 4.52996 4.23015 12.1 7.12595 3.76955 4.60921 5.84028 4.45652 5.35982 4.35617 9.30275 9.63333
threshold=20.617187500000004 0.83849049182116964 1.0000000180025095e-35 92.500000000000014 26.500000000000004 44.500000000000007 -0.35846811432664222 1.0000000180025095e-35 -0.29343379936893921 19.312500000000004 -0.79384350655589164 0.73283908552571664 19.150000000000002 75.500000000000014 54.500000000000007 26.150000000000002 0.49065764355977465 66.500000000000014 18.726562500000004 20.050000000000004 1.0154463617330631 3.5000000000000004 1.0000000180025095e-35 44.000000000000007 0.57077594689671507 0.99939377080793557 27.987500000000004 35.273437500000007 35.062239583333344 79.500000000000014
decision_type=2 2 2 2 2 2 2 2 2 2 2 2 2 2 2 2 2 2 2 2 2 2 2 2 2 2 2 2 2 2
left_child=1 3 -3 4 -1 -6 10 8 9 -8 -7 12 -10 14 15 19 17 -16 -13 -9 -21 -22 23 27 -25 -24 -27 28 -2 -30
right_child=22 2 -4 -5 5 6 7 13 11 -11 -12 18 -14 -15 16 -17 -18 -19 -20 20 21 -23 25 24 -26 26 -28 -29 29 -31
leaf_value=0.016044640328831176 0.00070404613908624095 0.0051932380751987979 0.10500109188875394 0.063524024035560261 -0.021399836641070979 -0.046932518808157034 0.0071033112283975242 -0.0011883664594089676 0.0025229071714017379 -0.1247457434130709 0.042248252773479988 -0.061858776848120245 0.080367078598122532 -0.020829969611392125 0.027517071929835848 -0.093075063932374302 0.067802800299480576 -0.022318215609266806 0.068172519762534231 -0.016117253617604767 -0.04427541204683761 -0.17794407862611528 0.031520518438227028 -0.2975555234030422 -0.01086454964057154 -0.11181769447265673 0.12747931991880659 0.067602879410730482 -0.048773979498718818 -0.24530886648829842
leaf_weight=10287 81546 1344 1920 1143 6858 96 121 930 2544 71 4271 432 3504 2499 1140 60 1092 855 192 360 70 50 5563 96 192 193 95 1440 320 64
leaf_count=10287 81546 1344 1920 1143 6858 96 121 930 2544 71 4271 432 3504 2499 1140 60 1092 855 192 360 70 50 5563 96 192 193 95 1440 320 64
internal_value=0.000319603 0.000778007 0.0027788 0.000599453 0.000491364 6.46254e-05 0.000606168 8.62071e-05 0.00125583 -0.00880208 0.00226357 0.00154526 0.00198247 -0.00105159 -0.000102041 -0.00289116 0.00122611 -0.000263158 -0.00269231 -0.00202128 -0.00583333 -0.0195833 0.000115575 2.97642e-05 -0.00628472 0.00134251 -0.00472222 5.15775e-05 3.66185e-06 -0.00776042
internal_weight=129348 39839 3264 36575 35432 25145 18287 13920 6864 192 4367 6672 6048 7056 4557 1470 3087 1995 624 1410 480 120 89509 83658 288 5851 288 83370 81930 384
internal_count=129348 39839 3264 36575 35432 25145 18287 13920 6864 192 4367 6672 6048 7056 4557 1470 3087 1995 624 1410 480 120 89509 83658 288 5851 288 83370 81930 384
is_linear=0
shrinkage=0.05


Tree=123
num_leaves=31
num_cat=0
split_feature=0 0 0 6 1 0 9 0 0 11 0 4 3 0 0 3 3 3 9 11 11 4 11 4 3 6 11 11 8 9
split_gain=4.96072 5.52859 5.63319 4.89267 5.03899 4.85577 4.82398 6.26559 5.87377 5.96093 5.61563 5.09783 5.88622 4.25823 11.709 7.24347 6.04481 4.54863 7.21941 4.18762 5.57485 4.04387 3.86523 3.82991 3.76955 6.58771 8.40278 5.17374 9.0088 6.66667
threshold=1.5000000000000002 31.500000000000004 93.500000000000014 1.0000000180025095e-35 5.5000000000000009 72.500000000000014 28.395052083333336 87.500000000000014 53.500000000000007 0.73745831416842689 64.500000000000014 -0.9260227363677036 -0.36647417525074694 69.500000000000014 78.500000000000014 -0.03977009085991149 0.15101559051660998 -0.75015329512557205 25.992708333333336 0.95301643267371083 0.99167509322876013 -0.99761278905001471 1.1250574444522627 -0.99938741687870725 -0.89785546691630314 1.0000000180025095e-35 1.0165369992544311 1.0267603807040537 32.150000000000013 27.01979166666667
decision_type=2 2 2 2 2 2 2 2 2 2 2 2 2 2 2 2 2 2 2 2 2 2 2 2 2 2 2 2 2 2
left_child=-1 22 3 4 6 21 8 10 -3 -10 -8 12 -11 16 17 -16 -13 18 19 -15 -21 23 24 -6 25 27 -27 -2 -29 -30
right_child=1 2 -4 -5 5 -7 7 -9 9 11 -12 13 -14 14 15 -17 -18 -19 -20 20 -22 -23 -24 -25 -26 26 -28 28 29 -31
leaf_value=-0.021300946932337847 0.0074212679363216882 -0.010092952748815416 0.052740028397657374 0.024506089595365897 0.067325024394932639 -0.0067865360447986276 -0.024964919835553403 -0.052826547588762207 -0.040233840967905568 -0.11689524064648418 0.0090181804500524924 0.008178827116265424 -0.025254357519557926 -0.056756784618041595 0.045464525810497432 -0.0014140671306039393 0.062994843277783735 -0.0091554102357136683 -0.0074544603565876531 -0.15317711124113262 -0.072368021138886338 0.040073807476650181 -0.016095373866936723 -0.12537144816582166 0.01450261676237667 -0.1083804766424243 -0.02217521716624565 0.0092871143131583647 -0.16050885103287765 -0.035274158078717144
leaf_weight=2695 4110 15114 2694 4461 81 3986 13153 2395 160 80 9159 5855 680 297 4890 5070 4768 4500 747 108 324 7563 1980 123 33485 60 120 420 90 180
leaf_count=2695 4110 15114 2694 4461 81 3986 13153 2395 160 80 9159 5855 680 297 4890 5070 4768 4500 747 108 324 7563 1980 123 33485 60 120 420 90 180
internal_value=0.000313805 0.000358973 0.000132702 6.01099e-05 -3.08019e-05 0.000924445 -0.000197622 -0.00075343 0.000124786 0.000560246 -0.00049256 0.000616604 -0.00342105 0.000732144 0.000215236 0.00126506 0.00150758 -0.00153447 -0.00394309 -0.00748285 -0.010625 0.0016525 0.000841266 -0.00529412 0.000952164 -0.000331325 -0.00972222 2.08335e-05 -0.00398551 -0.0111111
internal_weight=129348 126653 86208 83514 79053 11753 67300 24707 42593 27479 22312 27319 760 26559 15936 9960 10623 5976 1476 729 432 7767 40445 204 38465 4980 180 4800 690 270
internal_count=129348 126653 86208 83514 79053 11753 67300 24707 42593 27479 22312 27319 760 26559 15936 9960 10623 5976 1476 729 432 7767 40445 204 38465 4980 180 4800 690 270
is_linear=0
shrinkage=0.05


Tree=124
num_leaves=31
num_cat=0
split_feature=0 9 3 10 0 0 0 3 10 3 7 3 8 3 9 0 0 8 3 0 10 4 0 0 8 8 9 11 8 11
split_gain=4.64182 4.34989 5.67673 5.58769 5.16519 5.93399 6.82641 5.68167 6.95676 6.38149 7.96656 4.80559 5.38663 4.49707 4.16827 4.03182 6.00897 8.94879 5.36717 4.22406 3.61006 5.36275 4.77836 9.10636 5.4357 6.46011 4.81616 10.5716 4.79546 10.4084
threshold=1.0000000180025095e-35 20.617187500000004 0.83849049182116964 1.0000000180025095e-35 92.500000000000014 26.500000000000004 44.500000000000007 -0.35846811432664222 1.0000000180025095e-35 -0.29343379936893921 19.312500000000004 0.73283908552571664 19.150000000000002 -0.79384350655589164 18.726562500000004 75.500000000000014 54.500000000000007 26.150000000000002 0.49065764355977465 66.500000000000014 1.0000000180025095e-35 0.51113019672828186 17.500000000000004 35.500000000000007 30.150000000000002 30.050000000000004 21.584114583333339 1.0408832752351278 36.45000000000001 0.99854175964657033
decision_type=2 2 2 2 2 2 2 2 2 2 2 2 2 2 2 2 2 2 2 2 2 2 2 2 2 2 2 2 2 2
left_child=-1 2 4 -4 5 -2 -7 13 9 10 -9 12 -11 -8 -13 16 17 -10 19 -18 -3 22 24 -24 25 -22 27 -25 -26 -30
right_child=1 20 3 -5 -6 6 7 8 15 11 -12 14 -14 -15 -16 -17 18 -19 -20 -21 21 -23 23 26 28 -27 -28 -29 29 -31
leaf_value=-0.029980982844024274 0.016177279438835134 0.010883872834119759 0.0051358113060254668 0.099985594478143258 0.059049556469714992 -0.020670318610458063 -0.045161606137515103 0.0072527933044175602 -0.023062788484888443 0.0022786982314643538 -0.11891739759823139 -0.060764090639511575 0.075753178567858306 0.039903763742606214 0.061614151610518988 -0.019768659783283862 0.024048540802967575 -0.088282101757166442 0.064664299777180564 -0.021325957431328653 -0.024897129443289128 0.041921849466223626 0.021516355986655605 -0.063604207138380803 -0.00094016520301908361 -0.066819175509626655 -0.0048120254221846338 0.072878170516022356 -0.10203132972158653 -0.014219672537269462
leaf_weight=1347 9906 35429 1330 1900 1143 6858 96 121 1410 2544 71 432 3504 4271 192 2499 1140 60 1092 855 1462 2090 9695 420 6155 85 31561 240 289 1151
leaf_count=1347 9906 35429 1330 1900 1143 6858 96 121 1410 2544 71 432 3504 4271 192 2499 1140 60 1092 855 1462 2090 9695 420 6155 85 31561 240 289 1151
internal_value=0.000310326 0.000341052 0.000777953 0.00278638 0.000598718 0.000490856 8.25216e-05 0.000587029 9.3391e-05 0.00122669 -0.00776042 0.00148531 0.00191634 0.00216052 -0.00269231 -0.00100907 -0.000123985 -0.0027551 0.00112893 -0.000413534 0.000146596 -0.000114021 -0.000215637 1.02588e-05 -0.00125137 -0.00395281 -0.000393998 -0.00462121 -0.000701119 -0.00329861
internal_weight=129348 128001 39424 3230 36194 35051 25145 18287 13920 6864 192 6672 6048 4367 624 7056 4557 1470 3087 1995 88577 53148 51058 41916 9142 1547 32221 660 7595 1440
internal_count=129348 128001 39424 3230 36194 35051 25145 18287 13920 6864 192 6672 6048 4367 624 7056 4557 1470 3087 1995 88577 53148 51058 41916 9142 1547 32221 660 7595 1440
is_linear=0
shrinkage=0.05


Tree=125
num_leaves=31
num_cat=0
split_feature=0 11 4 7 8 3 0 0 3 10 9 7 9 11 8 3 1 7 3 4 0 0 0 3 3 3 1 11 4 3
split_gain=4.47754 4.51242 6.00737 4.97275 5.36744 3.91804 7.20463 6.29477 5.45427 5.34198 6.32814 10.3256 6.20404 5.98891 5.26059 6.41404 7.1739 6.88438 5.02564 4.80422 4.75151 4.57531 4.82344 8.78906 3.97353 11.4491 4.98887 6.56122 6.15646 5.25539
threshold=93.500000000000014 1.0145048597912061 0.9989598388634241 7.9125000000000014 14.100000000000001 0.93237596376505805 74.500000000000014 83.500000000000014 0.88220160189607266 1.0000000180025095e-35 17.789062500000004 14.812500000000002 18.633333333333336 1.0376678341700196 19.150000000000002 0.36648264796514479 3.5000000000000004 10.512500000000001 0.9962888416657264 0.46611290379786346 20.500000000000004 44.500000000000007 20.500000000000004 0.99939377080793557 0.52033990680116082 0.47559651477048942 2.5000000000000004 1.0571501552533558 -0.97315270831292444 0.3342611484689354
decision_type=2 2 2 2 2 2 2 2 2 2 2 2 2 2 2 2 2 2 2 2 2 2 2 2 2 2 2 2 2 2
left_child=1 -1 3 -3 -5 8 21 18 9 10 14 12 20 -14 15 -6 17 -17 -8 -10 -12 22 -7 -24 25 26 27 28 -11 -29
right_child=-2 2 -4 4 5 6 7 -9 19 24 11 -13 13 -15 -16 16 -18 -19 -20 -21 -22 -23 23 -25 -26 -27 -28 29 -30 -31
leaf_value=0.0079927454493988019 0.049531828758464291 0.025365625200573949 -0.037318997029025996 -0.090888386875297378 0.03489751049427655 0.024205670135994336 -0.053548390252601802 0.024541023602414475 -0.031469511926121373 -0.11363024043191372 -0.10010949263774155 0.0025547401768896867 -0.060946706400856955 0.15231353303758433 0.079500820087133106 0.01135382667806807 0.046303072828927629 -0.116662962763947 -0.12072880116664203 -0.068175777867067675 -0.036790690125565455 0.12515907437825399 -0.0048948507219652212 -0.15146066250394863 0.0078844388304521729 -0.091457106304413727 -0.0018631545422669515 -0.047053655295854292 0.011824513388810234 0.071762020131915558
leaf_weight=72979 2694 1848 940 103 1236 1344 468 640 1405 275 80 13244 56 97 3105 77 211 180 108 94 55 1920 1440 96 6218 503 10675 4070 2905 282
leaf_count=72979 2694 1848 940 103 1236 1344 468 640 1405 275 80 13244 56 97 3105 77 211 180 108 94 55 1920 1440 96 6218 503 10675 4070 2905 282
internal_value=0.000310326 0.000267422 -8.05774e-05 -9.95525e-06 -0.000102482 -7.93555e-05 0.00111868 -0.00231908 -0.00024035 -0.000137627 0.00051006 -4.36002e-05 -0.00940972 -0.00251634 0.002068 -0.000164319 -0.00514957 -0.0107588 -0.00611111 -0.00320547 -0.0172222 0.00198958 0.000729167 -0.0011849 -0.000614169 -0.000978086 -0.000772505 -0.00175783 -3.14464e-05 -0.0030193
internal_weight=129348 126654 53675 52735 50887 50784 6016 1216 44768 43269 18341 13532 288 153 4809 1704 468 257 576 1499 135 4800 2880 1536 24928 18710 18207 7532 3180 4352
internal_count=129348 126654 53675 52735 50887 50784 6016 1216 44768 43269 18341 13532 288 153 4809 1704 468 257 576 1499 135 4800 2880 1536 24928 18710 18207 7532 3180 4352
is_linear=0
shrinkage=0.05


Tree=126
num_leaves=31
num_cat=0
split_feature=0 0 4 0 9 9 0 0 4 8 10 3 8 1 7 4 10 7 4 4 8 4 0 9 4 9 11 8 1 0
split_gain=4.4233 4.78097 5.43176 6.17128 6.09677 8.48156 7.52083 3.97344 9.60561 9.05336 8.49158 10.4063 7.6153 9.88558 8.58383 6.36481 5.20852 6.13309 7.25926 9.01471 5.45375 6.30451 14.8516 11.5088 11.2011 6.18259 13.7408 4.19695 3.96274 11.9314
threshold=1.5000000000000002 31.500000000000004 -0.84313311835787952 91.500000000000014 35.273437500000007 35.062239583333344 79.500000000000014 24.500000000000004 -0.15101602693478741 27.750000000000004 1.0000000180025095e-35 0.75580964594513067 28.250000000000004 5.5000000000000009 15.612500000000002 -0.013976481981245173 1.0000000180025095e-35 25.912500000000005 -0.7614016681079937 -0.70900320270980455 42.800000000000004 -0.5129677127369543 20.500000000000004 27.01979166666667 -0.35042475891464198 29.979947916666667 1.065666172741313 37.250000000000007 1.0000000180025095e-35 60.500000000000007
decision_type=2 2 2 2 2 2 2 2 2 2 2 2 2 2 2 2 2 2 2 2 2 2 2 2 2 2 2 2 2 2
left_child=-1 7 4 -4 5 28 -7 9 -9 -2 11 -10 13 -11 -15 -13 20 18 -18 27 21 -14 24 -24 25 -23 -27 -20 29 -3
right_child=1 2 3 -5 -6 6 -8 8 10 12 -12 15 16 14 -16 -17 17 -19 19 -21 -22 22 23 -25 -26 26 -28 -29 -30 -31
leaf_value=-0.019692666873098522 0.017729888000460142 -0.11986202148438191 0.0034694218093546895 0.039488722620483308 0.098837474659670591 -0.066786901904119136 -0.23443077336049464 0.090921893330789552 -0.010404571298875816 -0.020945181194519186 0.030865392845284959 -0.23264834884096564 0.05707516361770032 -0.055908086294545981 -0.26953578555874153 -0.065347800009311591 0.090025305679518774 -0.019717594761112789 -0.12486905713458157 0.00020496856063330923 -0.040228918738377889 -0.025887048987385881 -0.090252238282007458 0.013960024351210722 0.044975824585950931 -0.088241463273736276 0.12571860869520932 -0.020672932381939325 -0.0073004033770540837 0.01071883622043085
leaf_weight=2695 10235 1160 62819 4192 960 192 64 4578 1764 437 2730 56 4715 64 51 315 1268 5161 100 5509 230 266 312 232 2166 95 57 104 15421 1400
leaf_count=2695 10235 1160 62819 4192 960 192 64 4578 1764 437 2730 56 4715 64 51 315 1268 5161 100 5509 230 266 312 232 2166 95 57 104 15421 1400
internal_value=0.000306847 0.000349498 0.000139082 0.00035151 -0.000602438 -0.000806876 -0.00984375 0.000797997 0.00169597 0.000524482 0.000149024 -0.00221311 -7.53598e-05 -0.00586956 -0.018913 -0.0098248 8.28594e-05 -0.00057157 0.000394643 -0.000364957 0.00106714 0.00128969 -0.000450767 -0.00795956 0.00113003 -0.00636364 -0.0144079 -0.0106863 -0.000678216 -0.0025
internal_weight=129348 126653 86208 67011 19197 18237 256 40445 9443 31002 4865 2135 20767 552 115 371 20215 12142 6981 5713 8073 7843 3128 544 2584 418 152 204 17981 2560
internal_count=129348 126653 86208 67011 19197 18237 256 40445 9443 31002 4865 2135 20767 552 115 371 20215 12142 6981 5713 8073 7843 3128 544 2584 418 152 204 17981 2560
is_linear=0
shrinkage=0.05


Tree=127
num_leaves=31
num_cat=0
split_feature=0 0 0 11 9 0 0 7 0 0 0 10 3 3 0 0 8 4 9 3 7 3 0 10 11 4 7 3 3 8
split_gain=4.11606 3.9215 5.04565 4.57884 4.40369 6.21672 4.96878 4.67918 4.80166 8.77043 9.97827 8.62811 8.5182 7.37774 11.3419 7.71104 7.27586 8.11146 6.55854 5.53839 5.26371 5.25597 4.29679 5.28547 7.76715 7.10709 9.95888 6.88223 5.33852 5.02052
threshold=93.500000000000014 1.0000000180025095e-35 33.500000000000007 1.1250574444522627 28.395052083333336 87.500000000000014 63.500000000000007 33.612500000000004 83.500000000000014 72.500000000000014 55.500000000000007 1.0000000180025095e-35 0.42958674266195179 -0.0053757284505435614 76.500000000000014 74.500000000000014 35.250000000000007 -0.13398942717002907 14.627864583333336 -0.77245553105869302 19.812500000000004 0.9962888416657264 9.5000000000000018 1.0000000180025095e-35 0.83812870703902109 0.98332250088165762 10.287500000000003 -0.36647417525074694 -0.89015004145349408 23.650000000000002
decision_type=2 2 2 2 2 2 2 2 2 2 2 2 2 2 2 2 2 2 2 2 2 2 2 2 2 2 2 2 2 2
left_child=1 -1 3 22 7 6 -6 8 9 10 16 -10 -12 14 19 -15 -4 -18 -13 -11 -20 -17 23 24 27 28 -27 -3 -25 -26
right_child=-2 2 4 -5 5 -7 -8 -9 11 13 12 18 -14 15 -16 21 17 -19 20 -21 -22 -23 -24 25 29 26 -28 -29 -30 -31
leaf_value=-0.027855374358598247 0.045515701454070044 0.059953192894752684 -0.0038977233863914753 -0.016261291557505254 -0.017685955572387377 -0.047199990004451853 0.012424506268241153 0.14247236247037298 0.062459710622906874 -0.066301905033657405 0.009298189826410291 -0.018926798229314975 0.067967641522032107 0.025973334847286901 0.028392190188473311 -0.036199781027780535 0.0080369354298428647 -0.15238748453699563 0.038539814486196276 -0.0057626239988523608 -0.0039776789264176554 -0.11383065575081429 0.016492521124323877 -0.029411299012811115 0.092696847844073144 -0.041343764411203188 0.01055051648496317 -0.12188344827273717 0.00087585638880397919 0.0081742440342187708
leaf_weight=1347 2694 63 18384 2178 14674 2941 11727 746 3370 828 9413 990 4794 830 3101 3483 61 58 1391 944 2829 252 30774 999 1161 222 156 99 5284 3555
leaf_count=1347 2694 63 18384 2178 14674 2941 11727 746 3370 828 9413 990 4794 830 3101 3483 61 58 1391 944 2829 252 30774 999 1161 222 156 99 5284 3555
internal_value=0.000300662 0.000259526 0.000288372 0.000715988 5.296e-05 -0.000435894 -0.000192985 0.000331624 0.000273813 5.43325e-05 0.000441761 0.00135198 0.00143838 -0.00128841 6.46421e-05 -0.00273275 -0.000323461 -0.0126471 7.67756e-05 -0.00312641 0.000936019 -0.00370147 0.000831069 8.23314e-06 0.00125871 -0.000907521 -0.00756614 -0.00950617 -0.000506923 0.0016285
internal_weight=129348 126654 125307 44491 80816 29342 26401 51474 50728 42148 32710 8580 14207 9438 4873 4565 18503 119 5210 1772 4220 3735 42313 11539 4878 6661 378 162 6283 4716
internal_count=129348 126654 125307 44491 80816 29342 26401 51474 50728 42148 32710 8580 14207 9438 4873 4565 18503 119 5210 1772 4220 3735 42313 11539 4878 6661 378 162 6283 4716
is_linear=0
shrinkage=0.05


Tree=128
num_leaves=31
num_cat=0
split_feature=9 8 8 0 9 4 10 7 7 1 3 3 9 0 8 1 9 11 3 9 8 8 11 11 1 3 8 4 10 7
split_gain=3.81846 5.13258 4.32319 4.09831 4.02013 4.69462 3.62307 3.84934 3.59158 4.00897 5.51245 10.7399 7.33507 7.39096 4.28805 5.7837 4.00492 3.67782 3.58379 8.95554 7.40201 6.36096 7.1575 9.23364 11.837 8.32 9.00952 5.70661 6.29427 7.55217
threshold=29.235937500000002 34.250000000000007 33.650000000000013 3.5000000000000004 30.108333333333338 -0.88220415136009767 1.0000000180025095e-35 12.262500000000001 33.412500000000016 5.5000000000000009 -0.73866753694953124 -0.69057362043749781 29.570052083333341 53.500000000000007 32.050000000000004 2.5000000000000004 29.979947916666667 0.9040579196039068 -0.96235977360714686 25.370572916666671 33.150000000000013 31.150000000000002 0.95864859668410973 0.92664623957318337 4.5000000000000009 -0.99166060804803513 29.450000000000003 -0.25206183926700709 1.0000000180025095e-35 25.012500000000006
decision_type=2 2 2 2 2 2 2 2 2 2 2 2 2 2 2 2 2 2 2 2 2 2 2 2 2 2 2 2 2 2
left_child=1 3 8 6 5 -4 -1 -8 9 10 16 12 13 -12 -13 -16 -2 -17 19 -5 21 22 23 25 -25 -21 -27 -23 -29 -30
right_child=2 -3 4 18 -6 -7 7 -9 -10 -11 11 14 -14 -15 15 17 -18 -19 -20 20 -22 27 -24 24 -26 26 -28 28 29 -31
leaf_value=0.011015653872972576 0.021614703827009075 0.057205137097160567 0.095541505443035912 0.099704845436130937 -0.0029052211515289308 0.0031805837215791049 -0.025957898169401535 -0.017536765526077355 -0.23574829441045467 0.042779636324779484 -0.10682638087222336 0.26955638974790491 -0.092369140791101645 0.094248137243097552 0.037265235918979706 -0.14979327004472431 -0.052901280370486518 -0.058877107797172847 0.0079115645368815057 0.085073551499994737 0.078668706292266036 -0.26291141264340795 0.029950596792296516 -0.014714395392707802 -0.090025850780304839 -0.087026130333909435 0.0082292083552417024 0.022037436364814839 -0.067167345256235675 -0.029068844138911549
leaf_weight=1404 1721 4990 2196 1104 25141 3550 429 1814 55 927 108 192 96 84 672 96 274 1714 74777 644 644 184 2392 184 184 460 552 828 424 1508
leaf_count=1404 1721 4990 2196 1104 25141 3550 429 1814 55 927 108 192 96 84 672 96 274 1714 74777 644 644 184 2392 184 184 460 552 828 424 1508
internal_value=0.000292931 0.000464322 -0.000137674 0.000375406 9.98804e-05 0.00129307 -0.00126542 -0.00251226 -0.00137313 -0.00125425 -0.00181864 -0.00318704 -0.0123611 -0.00671875 -0.00219895 -0.00275584 0.000213033 -0.00422652 0.000446743 -0.000489679 -0.00107196 -0.00152174 -0.000321558 -0.00250988 -0.00967391 -0.000917874 -0.00374506 -0.00332201 -0.00275362 -0.00431677
internal_weight=129348 92522 36826 87532 30887 5746 3647 2243 5939 5884 4957 2962 288 192 2674 2482 1995 1810 83885 9108 8004 7360 4416 2024 368 1656 1012 2944 2760 1932
internal_count=129348 92522 36826 87532 30887 5746 3647 2243 5939 5884 4957 2962 288 192 2674 2482 1995 1810 83885 9108 8004 7360 4416 2024 368 1656 1012 2944 2760 1932
is_linear=0
shrinkage=0.05


Tree=129
num_leaves=31
num_cat=0
split_feature=0 11 4 7 1 9 8 3 0 0 3 4 0 0 3 7 10 1 1 8 3 0 4 8 9 11 8 9 11 3
split_gain=3.67775 3.76504 5.08487 4.29985 5.18376 12.5447 4.67284 3.91679 5.27349 6.91901 4.77866 4.84122 4.33184 3.88197 7.30485 3.7143 15.5918 3.702 3.96677 7.38584 6.73612 9.7243 12.0675 8.03903 11.6647 5.78571 5.31235 5.71063 4.67848 8.15581
threshold=94.500000000000014 1.0145048597912061 0.9989598388634241 9.7125000000000039 5.5000000000000009 12.070312500000002 14.100000000000001 0.93237596376505805 74.500000000000014 79.500000000000014 0.88220160189607266 0.46611290379786346 46.500000000000007 20.500000000000004 0.99939377080793557 20.312500000000004 1.0000000180025095e-35 2.5000000000000004 1.5000000000000002 44.000000000000007 0.54940630780725741 20.500000000000004 0.81800285027139286 37.550000000000004 33.552604166666676 1.0632854705466908 19.150000000000002 11.53671875 1.0923437463937298 -0.67803021058859214
decision_type=2 2 2 2 2 2 2 2 2 2 2 2 2 2 2 2 2 2 2 2 2 2 2 2 2 2 2 2 2 2
left_child=1 -1 3 4 -3 -6 -5 10 12 -10 17 -12 13 -9 15 16 -15 18 28 20 21 22 23 -20 -25 -26 27 -23 -8 -30
right_child=-2 2 -4 6 5 -7 7 8 9 -11 11 -13 -14 14 -16 -17 -18 -19 19 -21 -22 26 -24 24 25 -27 -28 -29 29 -31
leaf_value=0.0072751523254060355 0.065738730296192524 0.025214285073097836 -0.03613379361069495 -0.097455397617098496 -0.046065642952752998 0.040150365852301681 0.0088648901536134816 0.022519857400039093 -0.093153162302075015 0.0051733286088101529 -0.030866841977525102 -0.064358520405802602 0.11993914469801768 -0.10092954963290438 -0.13874168872427786 0.016327821177303321 0.049993165815210516 0.0035801279514423032 -0.024237029785978137 -0.28735887707380559 0.026479413727731906 -0.02046015625710201 -0.07583089600917918 -0.25947700821570813 0.16685439238561781 -0.14958473651505744 -0.016085719410355911 -0.20073038468969889 -0.099528574037312301 -0.005784608621814704
leaf_weight=73754 1347 3091 950 69 144 289 7173 1344 320 960 1420 95 1792 89 104 1291 180 25239 693 95 1598 190 88 60 63 63 3632 175 665 2375
leaf_count=73754 1347 3091 950 69 144 289 7173 1344 320 960 1420 95 1792 89 104 1291 180 25239 693 95 1598 190 88 60 63 63 3632 175 665 2375
internal_value=0.0002852 0.00025785 -5.83441e-05 6.28572e-06 0.0016941 -0.00342956 -0.000113214 -9.51632e-05 0.00109375 -0.00175781 -0.000260865 -0.0030198 0.00185417 0.000694814 -0.000919471 -6.41024e-05 -0.00540892 -0.000161604 -0.000735032 -0.00168469 -0.0014843 -0.00239323 -0.00689245 -0.00512514 -0.0143548 -0.00571429 -0.00130473 -0.00705479 -0.000116028 -0.00175987
internal_weight=129348 128001 54247 53297 3524 433 49773 49704 6080 1280 43624 1515 4800 3008 1664 1560 269 42109 16870 6657 6562 4964 967 879 186 126 3997 365 10213 3040
internal_count=129348 128001 54247 53297 3524 433 49773 49704 6080 1280 43624 1515 4800 3008 1664 1560 269 42109 16870 6657 6562 4964 967 879 186 126 3997 365 10213 3040
is_linear=0
shrinkage=0.05


Tree=130
num_leaves=31
num_cat=0
split_feature=0 9 0 8 7 9 11 11 11 11 0 3 11 0 9 8 3 1 7 11 7 4 4 9 8 10 4 0 11 11
split_gain=3.48341 3.3359 5.41521 4.74057 3.96206 3.5362 3.44062 4.17916 4.59723 6.18959 14.0124 4.63006 4.45145 18.3153 3.84338 4.36527 6.81494 7.2092 3.62379 4.3658 3.48598 3.42888 4.11563 4.92531 9.51444 10.911 10.758 11.5226 6.81463 16.2398
threshold=94.500000000000014 29.235937500000002 86.500000000000014 34.250000000000007 33.51250000000001 26.680729166666669 0.96902556631768955 0.99576273781117763 1.0174574584294211 1.0186930070003879 24.500000000000004 0.70290292807158605 0.99415218657029769 20.500000000000004 35.062239583333344 33.650000000000013 -0.73866753694953124 1.5000000000000002 38.562500000000007 0.93041277635383546 29.912500000000005 0.99748108949426018 0.67644692717078936 18.009635416666672 25.050000000000004 1.0000000180025095e-35 0.86439018870140905 22.500000000000004 1.0037329538813851 1.0052470737456287
decision_type=2 2 2 2 2 2 2 2 2 2 2 2 2 2 2 2 2 2 2 2 2 2 2 2 2 2 2 2 2 2
left_child=1 3 6 21 -4 -5 18 12 -9 10 -10 -11 14 -14 15 16 -8 -18 -3 -20 -19 22 -1 24 25 -24 -26 -28 -27 -30
right_child=-2 2 4 5 -6 -7 7 8 9 11 -12 -13 13 -15 -16 -17 17 20 19 -21 -22 -23 23 -25 26 28 27 -29 29 -31
leaf_value=0.0018492199331764582 0.062451793781382353 0.021341070728025564 -0.035950103800237339 -0.11454065408973664 -0.12532230919413223 0.057582798187747156 0.0048059040020176861 0.035958626291389718 -0.079702329561093146 -0.011526804255846996 -0.010829676282627265 0.020066469385497318 -0.33113163864720502 -0.0060841990476540337 -0.089817996472957823 -0.00083769699088058654 -0.091923646744895671 -0.0072235127900943221 -0.32390388618896254 0.0020935165925194343 -0.10284861809153314 -0.0096387215142672913 0.036542858784870805 0.034935258975013365 0.01101794316191552 0.012464471417153095 -0.096059448462710362 -0.09265660065259626 -0.12436844461391124 -0.0075334638823955488
leaf_weight=52042 1347 7409 3001 95 72 4843 435 3214 50 14555 124 3717 63 198 87 2866 87 176 78 138 172 3230 11495 6459 380 5320 69 216 95 7315
leaf_count=52042 1347 7409 3001 95 72 4843 435 3214 50 14555 124 3717 63 198 87 2866 87 176 78 138 172 3230 11495 6459 380 5320 69 216 95 7315
internal_value=0.000280561 0.000253944 -0.00015065 0.000414978 -0.00215913 0.00192183 3.43135e-05 -0.000241998 3.46262e-05 -0.000269435 -0.00965517 -0.000180057 -0.00170911 -0.00802682 -0.00127779 -0.00103587 -0.00413793 -0.00856322 0.000967213 -0.00541667 -0.00534483 0.000329077 0.00039099 0.000843568 0.000524307 0.000686275 -0.00537594 -0.0127193 -0.000322074 -0.00130229
internal_weight=129348 128001 36442 91559 3073 4938 33369 25744 21660 18446 174 18272 4084 261 3823 3736 870 435 7625 216 348 86621 83391 31349 24890 24225 665 285 12730 7410
internal_count=129348 128001 36442 91559 3073 4938 33369 25744 21660 18446 174 18272 4084 261 3823 3736 870 435 7625 216 348 86621 83391 31349 24890 24225 665 285 12730 7410
is_linear=0
shrinkage=0.05


Tree=131
num_leaves=31
num_cat=0
split_feature=0 0 0 6 1 0 10 3 0 0 3 0 11 0 11 7 11 1 4 9 7 0 9 11 4 0 8 11 10 7
split_gain=3.51649 3.19619 5.8316 4.73414 4.34886 4.4694 6.11523 6.05401 5.81503 9.34054 5.34247 7.86904 7.1497 4.20274 4.2187 4.17201 3.94997 4.05877 9.15144 8.82759 6.10441 7.99808 4.59223 6.30608 6.08878 5.61435 5.81157 3.9487 3.99135 6.77056
threshold=94.500000000000014 31.500000000000004 8.5000000000000018 1.0000000180025095e-35 5.5000000000000009 60.500000000000007 1.0000000180025095e-35 0.76140650896573492 74.500000000000014 82.500000000000014 0.54219432480460406 74.500000000000014 0.73745831416842689 72.500000000000014 0.95165181534458754 36.912500000000016 1.0230935316253413 1.0000000180025095e-35 -0.96904977397942549 31.820312500000004 38.787500000000016 55.500000000000007 28.953906250000006 0.99948647577224803 -0.065537083312030994 46.500000000000007 22.350000000000005 0.80519389663381347 1.0000000180025095e-35 10.012500000000001
decision_type=2 2 2 2 2 2 2 2 2 2 2 2 2 2 2 2 2 2 2 2 2 2 2 2 2 2 2 2 2 2
left_child=1 2 27 4 5 16 7 -7 -9 -10 12 15 -8 -6 -15 -12 17 18 19 -3 -19 -22 23 24 -20 26 -25 -1 -29 -30
right_child=-2 3 -4 -5 13 6 10 8 9 -11 11 -13 -14 14 -16 -17 -18 20 22 -21 21 -23 -24 25 -26 -27 -28 28 29 -31
leaf_value=-0.075980010542886139 0.059329204092313459 -0.095935233093164304 0.013213826955617809 0.023288377205327601 0.033182415427382712 0.033258964020774988 -0.047405859378554516 0.03655264438656132 -0.088377876467419236 -0.00060321841936213398 0.058968364977313149 -0.0073023437749231215 -0.010242138471074651 -0.040375206444307019 0.006630671038823705 -0.10769872229939344 -0.025648678563075705 0.0044886033122943023 -0.10620503633730427 -0.26250689289222601 -0.015154451742366518 -0.14726504514518998 0.061580256013616455 -0.027672012530478809 0.012857469243572565 -0.054060035735191886 -0.12677777723177752 0.012800131540903771 -0.022647061099933433 -0.0045904620235802133
leaf_weight=216 1347 261 31008 4533 7767 13088 68 1036 592 888 2507 3844 14694 770 3406 189 11677 15648 493 87 156 83 783 105 1740 266 180 5040 631 6245
leaf_count=216 1347 261 31008 4533 7767 13088 68 1036 592 888 2507 3844 14694 770 3406 189 11677 15648 493 87 156 83 783 105 1740 266 180 5040 631 6245
internal_value=0.000268578 0.000241834 0.000592258 6.36926e-05 -2.50222e-05 -0.000178767 0.000194548 0.000946552 -0.00129968 -0.00331081 -0.000356304 0.000833334 -0.000883349 0.000855313 -0.00042385 0.0029043 -0.000616443 -0.000186345 -0.00162835 -0.00936782 0.000169006 -0.00776151 -0.000873283 -0.00182471 -0.000642633 -0.00661524 -0.0114912 -0.000337125 -0.000215676 -0.000999127
internal_weight=129348 128001 43140 84861 80328 68385 36906 15604 2516 1480 21302 6540 14762 11943 4176 2696 31479 19802 3915 348 15887 239 3567 2784 2233 551 285 12132 11916 6876
internal_count=129348 128001 43140 84861 80328 68385 36906 15604 2516 1480 21302 6540 14762 11943 4176 2696 31479 19802 3915 348 15887 239 3567 2784 2233 551 285 12132 11916 6876
is_linear=0
shrinkage=0.05


Tree=132
num_leaves=31
num_cat=0
split_feature=0 7 0 0 6 11 1 0 4 0 9 0 0 11 11 9 3 1 8 3 11 11 0 0 3 8 7 9 11 11
split_gain=3.30373 5.26396 3.22147 4.81899 3.83645 3.80969 3.57914 4.05908 4.22124 3.81475 6.21375 6.65839 7.83782 6.22581 4.94515 4.76287 4.27859 4.07263 4.53488 5.78139 9.42309 16.3768 5.88803 3.67556 3.67304 6.53437 3.67499 4.05966 3.92925 3.61123
threshold=92.500000000000014 25.012500000000006 33.500000000000007 6.5000000000000009 1.0000000180025095e-35 1.1163525015609757 5.5000000000000009 72.500000000000014 -0.99761278905001471 51.500000000000007 32.288020833333341 66.500000000000014 83.500000000000014 0.92960870096613757 0.73745831416842689 32.651041666666671 0.091259403071267925 1.5000000000000002 41.350000000000001 0.19337368024598436 1.0751037620239305 1.0610300454257775 60.500000000000007 57.500000000000007 -0.90529520250134576 34.750000000000007 30.387500000000006 27.401302083333334 1.0003514375846063 1.0022599257946228
decision_type=2 2 2 2 2 2 2 2 2 2 2 2 2 2 2 2 2 2 2 2 2 2 2 2 2 2 2 2 2 2
left_child=2 -2 3 -1 6 -5 9 8 -8 24 14 13 -13 -12 -11 16 -14 -15 19 -19 21 22 -21 -10 25 26 -4 28 -28 -26
right_child=1 -3 4 5 -6 -7 7 -9 23 10 11 12 15 17 -16 -17 -18 18 -20 20 -22 -23 -24 -25 29 -27 27 -29 -30 -31
leaf_value=-0.0045276293285017649 0.056303978105449681 -0.0037235023940059273 0.052262427209066778 0.012677840699182942 0.021735879741800426 -0.013469880346870048 -0.091335377279353328 -0.0073891396404879399 0.016339736926339065 -0.044238803638510564 -0.26773955839233593 0.048533009979601631 -0.2777163538703602 0.023608490817061234 0.0046247635260804705 -0.06562092108595953 -0.053627902513138703 -0.070239489128091914 0.011035254402683138 -0.11775015693529021 -0.038422632216366652 -0.4058453590174847 0.0043311818047453987 0.087061847219825933 -0.0044314191594661025 -0.087070804797125534 -0.049403768182885888 0.022018134468736256 -0.015409595762389533 -0.028977707986607006
leaf_weight=9435 2189 1853 1670 34270 4245 2133 194 3796 4431 164 104 1786 54 465 40036 829 63 309 255 117 193 60 78 2762 8240 126 98 443 147 8803
leaf_count=9435 2189 1853 1670 34270 4245 2133 194 3796 4431 164 104 1786 54 465 40036 829 63 309 255 117 193 60 78 2762 8240 126 98 443 147 8803
internal_value=0.000265486 0.00167244 0.000220101 0.000553907 2.75584e-05 0.000814906 -5.49697e-05 0.000770366 0.00145323 -0.000199094 5.65005e-05 -0.00174704 -0.000252562 -0.00432954 0.00025 -0.00393235 -0.0133761 -0.00349695 -0.00527668 -0.00721929 -0.0108482 -0.0171569 -0.0101282 0.00164952 -0.000781738 0.00101449 0.00160729 -0.00146802 -0.00663265 -0.00104354
internal_weight=129348 4042 125306 45838 79468 36403 75223 11183 7387 64040 44513 4313 2732 1581 40200 946 117 1477 1012 757 448 255 195 7193 19527 2484 2358 688 245 17043
internal_count=129348 4042 125306 45838 79468 36403 75223 11183 7387 64040 44513 4313 2732 1581 40200 946 117 1477 1012 757 448 255 195 7193 19527 2484 2358 688 245 17043
is_linear=0
shrinkage=0.05


Tree=133
num_leaves=31
num_cat=0
split_feature=0 0 9 0 0 3 0 0 3 10 0 3 1 8 9 9 8 1 7 4 11 4 9 3 8 9 3 8 8 1
split_gain=3.09028 3.19397 3.91955 7.18242 6.8737 9.44691 12.4131 9.08803 8.55719 6.47347 6.39179 6.19278 5.74748 5.47125 5.01341 7.08262 5.51406 6.03563 4.87824 7.95636 4.27511 4.2598 6.57397 5.58163 6.66851 9.56806 4.40382 4.48807 4.02409 6.15089
threshold=1.0000000180025095e-35 31.500000000000004 28.395052083333336 85.500000000000014 72.500000000000014 -0.0053757284505435614 77.500000000000014 55.500000000000007 0.15101559051660998 1.0000000180025095e-35 74.500000000000014 -0.89015004145349408 4.5000000000000009 32.95000000000001 14.300520833333335 25.438020833333336 19.750000000000004 1.5000000000000002 17.662500000000005 -0.28519997588938989 1.0653535727147359 0.42763731121559989 23.317968750000002 0.67167992559793654 29.650000000000002 23.512760416666673 0.80926549319045582 23.050000000000004 31.350000000000005 2.5000000000000004
decision_type=2 2 2 2 2 2 2 2 2 2 2 2 2 2 2 2 2 2 2 2 2 2 2 2 2 2 2 2 2 2
left_child=-1 -2 3 4 7 6 11 21 -9 -5 -7 13 -12 -6 16 -16 -11 -18 -14 -20 -21 22 -3 -23 26 -26 27 -25 29 -4
right_child=1 2 28 9 5 10 -8 8 -10 14 12 -13 18 -15 15 -17 17 -19 19 20 -22 23 -24 24 25 -27 -28 -29 -30 -31
leaf_value=-0.025472182612986574 0.0079605782931484025 0.11896564775504422 -0.091731308495516931 0.064372987988690969 -0.070466189224937401 0.021743028353201636 0.033468170967261526 0.0054656057109832975 0.057970591985495791 -0.0053342540128852797 -0.022614366476209916 -0.0068893603966816101 -0.046050482722854169 0.064710818861214991 0.03895947612906861 -0.019691193959389817 -0.06113867889383099 -0.0063113944249071161 -0.0096156907049361039 -0.10116063463371022 -0.052262430635525152 -0.0048846022624161141 0.0010737426211557253 0.093846362477943951 -0.095945115568310257 0.034039346541184866 0.022257360036781238 -0.051907040475174249 -0.0047931334562550144 0.15248510848084265
leaf_weight=1347 41793 1128 320 3370 650 830 3544 8193 6388 760 3234 1470 694 95 2390 1890 70 100 198 355 84 9528 8063 144 120 72 600 936 30854 128
leaf_count=1347 41793 1128 320 3370 650 830 3544 8193 6388 760 3234 1470 694 95 2390 1890 70 100 198 355 84 9528 8063 144 120 72 600 936 30854 128
internal_value=0.000255435 0.000280506 0.000106603 0.000361163 0.000115054 -0.000966469 0.000441917 0.000458035 0.00141314 0.00168998 -0.00246988 -0.00249436 -0.00320372 -0.00620805 0.000585413 0.00130841 -0.00274194 -0.0108824 -0.0059692 -0.00912873 -0.0128815 -0.000218299 0.000582635 -0.000864035 -0.00336004 -0.0121875 -0.00235119 -0.00425926 -0.000339914 -0.00504464
internal_weight=129348 128001 86208 54906 46326 11154 5759 35172 14581 8580 5395 2215 4565 745 5210 4280 930 170 1331 637 439 20591 9191 11400 1872 192 1680 1080 31302 448
internal_count=129348 128001 86208 54906 46326 11154 5759 35172 14581 8580 5395 2215 4565 745 5210 4280 930 170 1331 637 439 20591 9191 11400 1872 192 1680 1080 31302 448
is_linear=0
shrinkage=0.05


Tree=134
num_leaves=31
num_cat=0
split_feature=9 3 9 3 0 0 0 3 0 10 3 0 0 3 0 8 11 3 8 3 11 4 0 8 3 5 3 0 11 3
split_gain=2.91089 12.1918 3.83507 5.21565 4.62892 5.98242 5.43521 4.62115 4.54371 3.8021 3.73279 8.06433 6.36364 4.1139 3.98449 3.62366 3.53956 6.51383 6.2004 6.2779 5.53042 6.42149 5.2014 5.05954 4.82165 4.17601 5.81712 8.85113 9.849 10.4203
threshold=9.2812500000000018 -0.074117382312902977 20.617187500000004 0.87397152483179585 84.500000000000014 26.500000000000004 43.500000000000007 -0.79384350655589164 69.500000000000014 1.0000000180025095e-35 -0.03977009085991149 74.500000000000014 74.500000000000014 0.49065764355977465 78.500000000000014 27.950000000000003 0.94341039438002372 0.94425825643485939 30.250000000000004 0.99907018497641664 0.80519389663381347 0.30778899014954286 26.500000000000004 38.850000000000001 0.97508442350096236 1.0000000180025095e-35 0.86548282553247169 13.500000000000002 0.98278088755484905 0.9053161325100999
decision_type=2 2 2 2 2 2 2 2 2 2 2 2 2 2 2 2 2 2 2 2 2 2 2 2 2 2 2 2 2 2
left_child=1 -1 3 4 5 15 -7 -8 -9 -5 11 -10 13 -12 -14 -2 17 20 -19 -20 21 -4 -21 -22 25 26 -18 28 -28 -30
right_child=2 -3 16 9 -6 6 7 8 10 -11 12 -13 14 -15 -16 -17 24 18 19 22 23 -23 -24 -25 -26 -27 27 -29 29 -31
leaf_value=-0.061786836526723211 0.014804894162291724 0.0010406181716735318 -0.021808909685501282 0.0086423318348492918 0.025498563894272016 -0.018222637002043091 -0.045770225091215769 0.019605037749191472 -0.033577673957850496 0.089294373558436613 -0.012410919666338243 0.044336711430652952 -0.06314842886664683 0.06641131591984005 -0.013003419796471431 -0.056979910248868365 -0.0025067587404063118 0.015570760276530267 -0.076190446097676001 -0.047162542967915173 0.024419914802400355 -0.058717890697178067 0.023639528098688856 -0.055242355077608774 0.019803114265250329 0.025355234984399178 -0.064168026755728566 -0.0093743180604366864 -0.064000736747952688 -0.0028605715514958578
leaf_weight=192 10071 960 1824 1056 4136 6392 82 9723 715 1536 620 1430 924 535 1386 81 52688 480 288 108 17062 96 276 665 6528 4123 84 4587 224 476
leaf_count=192 10071 960 1824 1056 4136 6392 82 9723 715 1536 620 1430 924 535 1386 81 52688 480 288 108 17062 96 276 665 6528 4123 84 4587 224 476
internal_value=0.000253889 -0.00224826 0.000276374 0.000692352 0.000536778 0.000333083 -0.000133672 0.000374635 0.000437944 0.0028588 -0.000695187 0.000944056 -0.00170996 0.00132035 -0.00322511 0.0013357 9.65827e-05 0.000668061 -0.00298611 -0.00608631 0.000882323 -0.00166667 -0.00190104 0.0011584 -7.64079e-05 -0.000212119 -0.000321311 -0.00188885 -0.00679847 -0.00485714
internal_weight=129348 1152 128196 38687 36095 31959 21807 15415 15333 2592 5610 2145 3465 1155 2310 10152 89509 20799 1152 672 19647 1920 384 17727 68710 62182 58059 5371 784 700
internal_count=129348 1152 128196 38687 36095 31959 21807 15415 15333 2592 5610 2145 3465 1155 2310 10152 89509 20799 1152 672 19647 1920 384 17727 68710 62182 58059 5371 784 700
is_linear=0
shrinkage=0.05


Tree=135
num_leaves=31
num_cat=0
split_feature=0 7 4 4 9 8 4 0 10 11 3 4 1 11 0 0 3 0 5 0 1 10 0 1 9 8 3 1 8 3
split_gain=2.85915 3.2823 2.91459 3.75102 4.58806 7.81649 10.3592 11.2984 10.0312 6.29414 7.65578 6.91781 6.51835 11.1206 5.7146 8.52595 5.66643 5.61638 6.37346 5.65385 5.18545 5.12414 5.01103 4.97532 4.80339 4.40296 4.33507 6.62727 4.2241 6.49275
threshold=93.500000000000014 25.012500000000006 0.99748108949426018 0.67644692717078936 18.009635416666672 25.050000000000004 0.86439018870140905 22.500000000000004 1.0000000180025095e-35 0.99880428533532839 0.54940630780725741 0.88117331841669433 1.0000000180025095e-35 1.0072311150830457 19.500000000000004 42.500000000000007 -0.27694604220087021 38.500000000000007 1.0000000180025095e-35 12.500000000000002 1.0000000180025095e-35 1.0000000180025095e-35 10.500000000000002 3.5000000000000004 12.200520833333334 22.950000000000003 -0.43733984355855576 2.5000000000000004 17.250000000000004 0.15101559051660998
decision_type=2 2 2 2 2 2 2 2 2 2 2 2 2 2 2 2 2 2 2 2 2 2 2 2 2 2 2 2 2 2
left_child=2 -2 3 -1 5 8 -7 -8 14 24 11 22 13 -13 -5 16 23 18 -14 -20 -9 -6 -11 -16 -10 -12 27 -19 29 -18
right_child=1 -3 -4 4 21 6 7 20 9 10 25 12 17 -15 15 -17 28 26 19 -21 -22 -23 -24 -25 -26 -27 -28 -29 -30 -31
leaf_value=0.0013192001547945441 0.065120938626262045 -0.0001879804701303096 -0.010582435309864132 0.070113420719515568 0.010261488512160201 0.0072644866031775701 -0.093685196093035383 -0.13719849400109682 -0.059571721079956834 -0.046755219455919386 0.06010100031597973 -0.081568762130562675 0.017751587240556255 -0.013499674587859545 -0.10050868275655522 0.045647250201948118 0.048978695163898037 0.0051052138361508187 -0.036735237219885662 -0.015475631699416362 -0.0078802359124827744 0.047524875234880214 -0.034094757847973549 -0.021577347572192804 0.017528724028157146 -0.0059044277743848274 -0.015406330592259841 -0.083708774359656957 0.0052912185839459674 -0.17580118434631517
leaf_weight=92439 1464 1230 3196 2420 3478 376 69 71 188 121 846 188 1989 376 253 6171 92 55 52 104 142 2913 913 207 4230 564 2915 55 2162 69
leaf_count=92439 1464 1230 3196 2420 3478 376 69 71 188 121 846 188 1989 376 253 6171 92 55 52 104 142 2913 913 207 4230 564 2915 55 2162 69
internal_value=0.00025157 0.0018634 0.000217285 0.000255877 0.000731649 0.000421878 -0.00495441 -0.0121986 0.000569462 -0.000402509 -0.00122402 -0.00192228 -0.00124346 -0.00634752 0.00164586 0.00106321 -0.00123428 -0.000686654 0.0012704 -0.00846154 -0.00650235 0.00192536 -0.00568665 -0.00630435 0.00111815 0.00212766 -0.00207438 -0.0118182 -0.000230305 -0.00804348
internal_weight=129348 2694 126654 123458 31019 24628 658 282 23970 12596 8178 6768 5734 564 11374 8954 2783 5170 2145 156 213 6391 1034 460 4418 1410 3025 110 2323 161
internal_count=129348 2694 126654 123458 31019 24628 658 282 23970 12596 8178 6768 5734 564 11374 8954 2783 5170 2145 156 213 6391 1034 460 4418 1410 3025 110 2323 161
is_linear=0
shrinkage=0.05


Tree=136
num_leaves=31
num_cat=0
split_feature=3 3 8 8 1 10 0 7 11 11 1 3 8 11 11 7 0 3 9 8 8 3 3 11 7 0 8 9 11 1
split_gain=2.79966 3.99111 9.39029 8.7296 5.684 5.96946 7.80073 5.56592 5.32628 8.53838 9.6901 9.21212 9.13649 4.78807 6.84637 4.65603 5.98966 3.82585 3.60123 5.10513 4.39569 4.30898 7.28176 6.5703 6.76862 5.06489 4.68514 11.0121 7.2548 6.20782
threshold=-0.99940763397299126 -0.96235977360714686 33.150000000000013 31.250000000000004 1.5000000000000002 1.0000000180025095e-35 25.500000000000004 30.812500000000004 0.95864859668410973 0.92664623957318337 4.5000000000000009 -0.99166060804803513 29.450000000000003 0.96159218389975776 1.0003514375846063 24.462500000000006 24.500000000000004 -0.96902457013955734 29.235937500000002 35.45000000000001 33.650000000000013 -0.57078386445773377 -0.73866753694953124 0.7641759112864478 22.662500000000005 55.500000000000007 29.750000000000004 27.557552083333338 0.96615771278393059 4.5000000000000009
decision_type=2 2 2 2 2 2 2 2 2 2 2 2 2 2 2 2 2 2 2 2 2 2 2 2 2 2 2 2 2 2
left_child=-1 2 3 8 17 -6 13 -8 9 11 -11 -2 15 -7 -15 -13 -17 -5 19 21 -20 22 23 24 -3 -26 27 -25 -28 -30
right_child=1 18 -4 4 5 6 7 -9 -10 10 -12 12 -14 14 -16 16 -18 -19 20 -21 -22 -23 -24 26 25 -27 28 -29 29 -31
leaf_value=0.043402409829430173 0.099984651298747784 -0.06607172614512645 0.07389632273629379 -0.0016752555359948345 -0.0049742274628575877 -0.14582720372458741 -0.03129456554158809 -0.071293318270012493 0.018326884569147973 -0.016024290388325296 -0.084768308483291158 -0.00012131174016214164 0.011582092269743445 -0.032365210696198514 -0.15552855468212318 -0.14802473961856735 -0.093047473695093003 -0.38769268018773678 -0.019579475976576183 0.093044896071927952 0.0021391050186296279 0.0026082960335443283 0.04583492735763342 -0.0037785943080167646 0.090530588763497649 -0.046392376290700928 0.073048441385296467 -0.13143603751274099 -0.017022894864690063 0.038228412112526339
leaf_weight=1152 768 51 1344 960 384 52 565 205 2976 192 192 121 576 130 104 57 302 96 5939 1536 30887 59211 7199 5568 81 60 3072 96 3072 2400
leaf_count=1152 768 51 1344 960 384 52 565 205 2976 192 192 121 576 130 104 57 302 96 5939 1536 30887 59211 7199 5568 81 60 3072 96 3072 2400
internal_value=0.000245771 0.00022372 -0.000790115 -0.00146484 -0.00389423 -0.0059375 -0.00787879 -0.00525974 -0.000295139 -0.0021558 -0.00893229 -0.000729166 -0.00375947 -0.0149301 -0.0118803 -0.00885417 -0.0117131 -0.00110795 0.00030049 0.000484298 -0.00011052 0.000430021 0.00103454 0.000385417 -0.00880208 -0.00315603 0.000509572 -0.000605579 0.00124883 0.000157164
internal_weight=129348 128196 9024 7680 2496 1440 1056 770 5184 2208 384 1824 1056 286 234 480 359 1056 119172 82346 36826 80810 21599 14400 192 141 14208 5664 8544 5472
internal_count=129348 128196 9024 7680 2496 1440 1056 770 5184 2208 384 1824 1056 286 234 480 359 1056 119172 82346 36826 80810 21599 14400 192 141 14208 5664 8544 5472
is_linear=0
shrinkage=0.05


Tree=137
num_leaves=31
num_cat=0
split_feature=11 9 9 3 0 0 4 9 9 0 0 0 4 10 3 7 8 9 3 10 9 11 4 4 8 4 9 11 11 1
split_gain=2.76878 3.16898 2.8125 2.67221 2.67042 3.34265 3.85801 4.82094 6.89526 7.72005 4.22458 3.68342 10.113 7.95443 9.27265 6.19519 7.96697 7.09456 6.8699 6.26872 7.41082 6.70221 5.86422 5.36169 5.15922 5.07556 6.93314 4.95839 5.0785 3.97294
threshold=1.2071527841224958 34.603385416666676 32.651041666666671 -0.99940763397299126 1.5000000000000002 31.500000000000004 -0.84313311835787952 35.273437500000007 35.062239583333344 79.500000000000014 91.500000000000014 24.500000000000004 -0.15101602693478741 1.0000000180025095e-35 0.75580964594513067 17.062500000000004 30.450000000000003 27.666406250000005 0.85673801594079257 1.0000000180025095e-35 28.737760416666671 1.1423394090148442 -0.013976481981245173 -0.031174269516803289 42.800000000000004 0.30778899014954286 24.729427083333338 0.93825018639968583 1.0693501317157568 2.5000000000000004
decision_type=2 2 2 2 2 2 2 2 2 2 2 2 2 2 2 2 2 2 2 2 2 2 2 2 2 2 2 2 2 2
left_child=3 2 -2 -1 -5 11 7 8 -7 -10 -8 15 -13 14 -14 -6 17 18 -17 24 21 23 -16 -21 -18 26 29 -20 -29 -25
right_child=1 -3 -4 4 5 6 10 -9 9 -11 -12 12 13 -15 22 16 19 -19 27 20 -22 -23 -24 25 -26 -27 -28 28 -30 -31
leaf_value=0.041232289337958167 -0.051794824162304444 -0.15534236132507326 0.060248606196337345 -0.0153721125669368 0.012792073255911772 -0.014042571106166022 0.002532802951494341 0.093370855880821835 -0.036096753086954328 -0.22321656898539063 0.03206595587356835 0.087418349243401541 -0.015381785714086627 0.025766569799154433 -0.22427486955154549 -0.011160736142233051 0.033452943688293733 -0.074785279674972255 0.012844904569425065 0.041528138554319527 -0.019693378451915555 -0.131338189805799 -0.065538120396921126 -0.0057398034646252739 -0.037648501640060145 0.06156272535925842 -0.011148455152784311 -0.057649753006982267 -0.0039027540569227439 -0.081122353853400067
leaf_weight=1152 480 96 288 2653 10352 17725 61799 960 192 64 4124 4515 1736 2674 56 2955 6582 69 127 3291 5024 69 315 60 230 263 1123 203 90 81
leaf_count=1152 480 96 288 2653 10352 17725 61799 960 192 64 4124 4515 1736 2674 56 2955 6582 69 127 3291 5024 69 315 60 230 263 1123 203 90 81
internal_value=0.000239973 -0.00258102 -0.00151042 0.000258943 0.000237254 0.000270655 9.3326e-05 -0.00053561 -0.000719926 -0.00886719 0.000274032 0.000648625 0.00152001 -8.26185e-05 -0.00238016 0.000383204 -0.000127188 -0.00231707 -0.00199259 0.000323806 -0.000478761 0.00090751 -0.00955526 0.0011291 0.00149149 -0.00131958 -0.00263449 -0.00797619 -0.0115529 -0.0130851
internal_weight=129348 864 768 128484 127332 124679 84864 18941 17981 256 65923 39815 9296 4781 2107 30519 20167 3444 3375 16723 9911 4887 371 4818 6812 1527 1264 420 293 141
internal_count=129348 864 768 128484 127332 124679 84864 18941 17981 256 65923 39815 9296 4781 2107 30519 20167 3444 3375 16723 9911 4887 371 4818 6812 1527 1264 420 293 141
is_linear=0
shrinkage=0.05


Tree=138
num_leaves=31
num_cat=0
split_feature=8 3 0 1 9 9 4 7 9 0 8 1 8 3 4 8 8 1 11 3 4 3 8 8 0 3 0 9 8 11
split_gain=2.74464 4.3776 4.43238 3.38983 2.6942 3.90173 2.96917 5.58313 4.73307 7.29622 11.4521 5.56071 5.23889 5.15865 4.3463 3.25462 7.02103 9.73146 5.11546 5.20937 5.09176 6.46693 5.12257 6.12192 17.9841 5.20935 5.89315 9.02564 10.3911 5.09964
threshold=44.000000000000007 0.58481550752069722 58.500000000000007 1.5000000000000002 35.424479166666679 33.361458333333339 -0.98801846520836312 27.387500000000006 32.882812500000007 23.500000000000004 33.350000000000001 5.5000000000000009 36.150000000000013 0.14250626876356556 -0.99465740988130902 33.750000000000007 33.45000000000001 5.5000000000000009 0.89600948955585458 -0.69057362043749781 -0.26867065956352881 0.77244481603295057 37.550000000000004 36.550000000000004 20.500000000000004 0.79383249484937135 75.500000000000014 29.296614583333341 35.750000000000007 1.058143950967068
decision_type=2 2 2 2 2 2 2 2 2 2 2 2 2 2 2 2 2 2 2 2 2 2 2 2 2 2 2 2 2 2
left_child=4 2 3 -2 5 6 7 -1 9 10 -9 -12 -11 14 -14 16 -8 18 -18 -20 21 29 23 25 -25 -23 -27 -28 -29 -17
right_child=1 -3 -4 -5 -6 -7 15 8 -10 12 11 -13 13 -15 -16 20 17 -19 19 -21 -22 22 -24 24 -26 26 27 28 -30 -31
leaf_value=0.035911864802617564 -0.025417164546203547 0.020833579005195044 0.051504075820312738 -0.43346508347065149 0.070265645333153604 -0.021730799344848284 0.0037635503731792484 -0.14379609757308692 0.038377459897252338 -0.00044834772945062619 -0.033110944032307583 -0.075746904953957264 -0.092173169968235852 -0.097939441008997319 0.14828743479742884 0.036018635205760076 0.2934326982592213 -0.59816738769572109 0.0083980751177167596 -0.051624652690657559 0.05386760554137543 -0.073617710145345891 0.014782300229030099 -0.078266682143810745 -0.036494445985917029 0.01720763749167227 0.010927875661249184 -0.26799944333326503 -0.03969475905815556 -0.0054714483703679345
leaf_weight=863 59 192 74 59 1152 5720 88577 71 942 2492 504 73 775 72 144 9173 280 192 864 1152 4896 384 2008 189 675 1974 300 80 140 5272
leaf_count=863 59 192 74 59 1152 5720 88577 71 942 2492 504 73 775 72 144 9173 280 192 864 1152 4896 384 2008 189 675 1974 300 80 140 5272
internal_value=0.000236494 -0.00398437 -0.00932292 -0.015339 0.000249062 0.000227365 0.000287161 -0.000803571 -0.00143603 -0.00216534 -0.00703704 -0.00470537 -0.00125897 -0.00433401 -0.00332427 0.000342901 0.000203975 -0.00241559 -0.00151132 -0.00239087 0.000847117 0.00049641 -0.000921739 -0.00201497 -0.00570602 -0.00090688 -7.2173e-05 -0.00480769 -0.0125 0.00106092
internal_weight=129348 384 192 118 128964 127812 122092 5936 5073 4131 648 577 3483 991 919 116156 91065 2488 2296 2016 25091 20195 5750 3742 864 2878 2494 520 220 14445
internal_count=129348 384 192 118 128964 127812 122092 5936 5073 4131 648 577 3483 991 919 116156 91065 2488 2296 2016 25091 20195 5750 3742 864 2878 2494 520 220 14445
is_linear=0
shrinkage=0.05


Tree=139
num_leaves=31
num_cat=0
split_feature=0 4 8 3 8 0 4 9 11 9 0 11 8 7 10 11 7 11 8 7 9 11 0 4 8 8 10 0 9 8
split_gain=2.72571 2.62329 3.40821 6.87959 8.17124 7.6365 6.53948 4.97848 4.17957 12.3789 13.4676 5.74738 5.75655 4.31956 4.13153 4.03514 3.51842 3.31338 6.39474 6.56287 6.86227 5.6856 4.66194 4.24261 7.6 3.2556 4.71705 4.80597 4.14845 5.21976
threshold=94.500000000000014 0.99748108949426018 23.650000000000002 -0.55657520495441892 20.900000000000002 42.500000000000007 0.98174098242282837 16.131770833333338 1.082566854600657 13.946875000000002 16.500000000000004 0.96159218389975776 20.050000000000004 10.762500000000001 1.0000000180025095e-35 0.92213553241242552 8.8875000000000011 0.97407968238158804 18.950000000000003 13.812500000000002 13.946875000000002 1.0536951534388417 24.500000000000004 0.99995376255531909 17.450000000000003 18.250000000000004 1.0000000180025095e-35 4.5000000000000009 12.070312500000002 18.850000000000005
decision_type=2 2 2 2 2 2 2 2 2 2 2 2 2 2 2 2 2 2 2 2 2 2 2 2 2 2 2 2 2 2
left_child=1 2 3 5 6 -1 16 -4 11 10 -10 13 -13 14 -8 -6 -5 18 -3 20 22 23 -20 -19 -25 -18 -27 -28 -29 -30
right_child=-2 17 7 4 15 -7 8 -9 9 -11 -12 12 -14 -15 -16 -17 25 21 19 -21 -22 -23 -24 24 -26 26 27 28 29 -31
leaf_value=-0.063936542073329578 0.053211408379497727 0.015964242051299971 -0.027070145428595954 0.026344234786815936 -0.02566904548436549 0.018166114670238234 -0.021824615625960782 0.0019156479260134633 -0.050934697780902094 0.026180077225290633 -0.049880183205858637 0.01163635361328566 -0.032465078016954786 -0.017132678346589648 -0.088138891529646532 0.04653989255842117 0.028124950157518348 0.033379449330205632 0.019412948803264385 -0.03255504724726687 -0.34357845993280245 -0.031654357512318876 -0.1260222496976704 0.24769897239631677 -0.052034841100073295 0.019992392640934945 -0.034860786042491425 -0.040184444995435824 0.10061260016563936 -0.019036838293412208
leaf_weight=129 1347 285 95 2466 570 156 141 101021 51 285 234 2185 475 346 83 7220 2635 1140 50 304 56 1140 65 95 95 3593 131 494 547 1914
leaf_count=129 1347 285 95 2466 570 156 141 101021 51 285 234 2185 475 346 83 7220 2635 1140 50 304 56 1140 65 95 95 3593 131 494 547 1914
internal_value=0.000238427 0.000214881 0.000251301 0.000791588 0.000885751 -0.00692982 0.000224647 0.000124906 -0.00157895 -0.00552632 -0.0128947 -0.000882353 9.39851e-05 -0.0054386 -0.0108482 0.00220796 0.000806452 -0.00119195 -0.00407895 -0.00763158 -0.0154678 -0.000303644 -0.00847826 0.00191729 -0.005 0.000361821 -0.000225333 -0.00165911 -0.00124365 -0.000404307
internal_weight=129348 128001 124771 23655 23370 285 15580 101116 3800 570 285 3230 2660 570 224 7790 11780 3230 760 475 171 2470 115 1330 190 9314 6679 3086 2955 2461
internal_count=129348 128001 124771 23655 23370 285 15580 101116 3800 570 285 3230 2660 570 224 7790 11780 3230 760 475 171 2470 115 1330 190 9314 6679 3086 2955 2461
is_linear=0
shrinkage=0.05


Tree=140
num_leaves=31
num_cat=0
split_feature=0 0 4 9 9 0 0 10 7 0 4 10 3 11 8 8 1 11 10 7 4 0 9 4 8 4 4 9 8 8
split_gain=2.81642 4.53277 3.51424 4.57821 6.96497 7.72005 4.09534 3.53985 3.35194 3.07232 9.44278 6.64912 8.16847 6.08213 6.05145 5.27517 7.02535 4.10732 3.86119 8.01683 4.90144 16.2373 11.2312 7.93088 5.20599 4.83125 9.76093 5.73764 4.41774 4.08595
threshold=4.5000000000000009 31.500000000000004 -0.84313311835787952 35.273437500000007 35.062239583333344 79.500000000000014 91.500000000000014 1.0000000180025095e-35 25.212500000000006 24.500000000000004 -0.099822328936730861 1.0000000180025095e-35 0.76696112484652035 1.0400758936931782 27.750000000000004 28.250000000000004 5.5000000000000009 0.7641759112864478 1.0000000180025095e-35 25.912500000000005 -0.5129677127369543 19.500000000000004 27.01979166666667 -0.35042475891464198 42.800000000000004 -0.75013812021657655 -0.70900320270980455 30.529427083333335 34.650000000000013 43.20000000000001
decision_type=2 2 2 2 2 2 2 2 2 2 2 2 2 2 2 2 2 2 2 2 2 2 2 2 2 2 2 2 2 2
left_child=-1 9 3 4 -3 -6 -4 -8 -9 14 -11 12 -12 -14 -2 16 -16 -17 20 25 24 23 -23 28 -19 -20 27 -27 -22 -26
right_child=1 2 6 -5 5 -7 7 8 -10 10 11 -13 13 -15 15 17 -18 18 19 -21 21 22 -24 -25 29 26 -28 -29 -30 -31
leaf_value=-0.0069103827028104041 0.016176383656213194 -0.012374596539029678 0.0024432196977439346 0.08582269057874431 -0.033301157861664765 -0.21106498296517973 0.070746792695747698 0.024103974065868668 -0.037383345639717187 0.078379260766864203 -0.01531148448117243 0.023545447131035752 -0.083334854117485771 -0.1573752398623427 -0.015238841775106907 -0.070934353399795397 -0.20227912275271376 0.054266816791962727 0.078733923522691665 -0.022094442680613606 -0.0064366085433088666 -0.072973324993997044 0.0047951251043096017 0.058212199013704918 -0.07953419821414752 -0.12570815528975282 0.0036721163982694235 -0.017355227057624042 -0.076463146598282919 -0.0086120040976130699
leaf_weight=6740 8900 17981 62819 960 192 64 1756 1691 745 4697 1757 2653 259 77 380 100 100 4080 1162 4354 195 390 290 1710 60 72 4818 71 135 140
leaf_count=6740 8900 17981 62819 960 192 64 1756 1691 745 4697 1757 2653 259 77 380 100 100 4080 1162 4354 195 390 290 1710 60 72 4818 71 135 140
internal_value=0.000238427 0.00029313 9.5583e-05 -0.000500859 -0.000678017 -0.00886719 0.000266449 0.00177958 0.000545977 0.000760989 0.00153712 -3.58195e-05 -0.00214286 -0.00928571 0.000489112 -3.68276e-05 -0.00520833 0.000104398 0.000162213 -0.000445261 0.00107143 -0.000588235 -0.00727941 0.00164216 0.00212617 0.000721052 4.13225e-05 -0.0128322 -0.00545455 -0.00575
internal_weight=129348 122608 86208 19197 18237 256 67011 4192 2436 36400 9443 4746 2093 336 26957 18057 480 17577 17477 10477 7000 2720 680 2040 4280 6123 4961 143 330 200
internal_count=129348 122608 86208 19197 18237 256 67011 4192 2436 36400 9443 4746 2093 336 26957 18057 480 17577 17477 10477 7000 2720 680 2040 4280 6123 4961 143 330 200
is_linear=0
shrinkage=0.05


Tree=141
num_leaves=31
num_cat=0
split_feature=0 0 1 6 0 10 3 3 0 11 7 0 0 1 11 3 8 8 8 0 1 4 9 4 3 7 3 11 7 0
split_gain=2.70082 4.32356 3.26107 3.69725 3.98689 5.18175 5.60141 5.27027 6.5066 5.95963 4.92081 4.32459 8.88562 4.00123 3.58949 3.42794 3.41169 10.826 3.39966 3.35431 3.17671 10.4135 8.3058 8.37053 4.28571 3.17443 3.14881 3.12696 4.47723 7.76409
threshold=4.5000000000000009 31.500000000000004 5.5000000000000009 1.0000000180025095e-35 59.500000000000007 1.0000000180025095e-35 0.76140650896573492 0.54219432480460406 75.500000000000014 0.73745831416842689 36.912500000000016 74.500000000000014 78.500000000000014 2.5000000000000004 1.0693501317157568 0.9053161325100999 27.950000000000003 29.550000000000004 44.000000000000007 63.500000000000007 1.0000000180025095e-35 -0.97507822412530132 30.603125000000002 -0.99052477729077237 0.12545942051955489 34.537500000000016 0.022575936829235418 1.0230935316253413 38.787500000000016 55.500000000000007
decision_type=2 2 2 2 2 2 2 2 2 2 2 2 2 2 2 2 2 2 2 2 2 2 2 2 2 2 2 2 2 2
left_child=-1 -2 3 4 18 6 19 9 10 -7 -9 15 -13 -12 16 -8 -10 -18 20 -6 21 22 24 26 -3 -23 -24 28 -22 -30
right_child=1 2 -4 -5 5 7 11 8 14 -11 13 12 -14 -15 -16 -17 17 -19 -20 -21 27 25 23 -25 -26 -27 -28 -29 29 -31
leaf_value=-0.0065648635676697556 0.0089164379066341316 0.061305097065900684 0.014718636156631066 0.021824793169255566 -0.015103753377172674 -0.042273219661646204 -0.032106872637963572 0.051118282194364068 0.012193344075811 -0.009513297977110282 -0.0099104425507192933 -0.094719669095732151 -0.011940595425206885 -0.14638299906253263 0.055901314565938137 0.10493419270908944 -0.075001940431379269 -0.02362876727536032 -0.42396199204734181 0.037262858235887902 0.0044129062645075273 -0.022472551402238281 -0.091948566673771728 -0.33884558708310658 -0.11062723804333086 0.056755278349541374 -0.34780971394156585 -0.019899392846741148 -0.0095220979647759243 -0.11836230106243591
leaf_weight=6740 36400 140 12837 3901 1540 72 525 2864 1100 15558 160 296 1258 57 727 585 100 1917 56 12318 15116 3906 84 56 84 656 84 9988 156 67
leaf_count=6740 36400 140 12837 3901 1540 72 525 2864 1100 15558 160 296 1258 57 727 585 100 1917 56 12318 15116 3906 84 56 84 656 84 9988 156 67
internal_value=0.000232628 0.000286197 9.3263e-05 -3.5368e-05 -0.000119476 0.000214577 0.000887302 -0.000278209 0.000870036 -0.000786948 0.00258195 -0.00121246 -0.00291506 -0.00467742 -0.000502081 0.00117117 -0.00123997 -0.00246158 -0.000548975 0.00129095 -0.000526255 -0.00167665 -0.00895089 -0.0157589 -0.00214286 -0.000962297 -0.0101786 -0.000298693 0.000149619 -0.00688341
internal_weight=129348 122608 86208 73371 69470 39077 16522 22555 6925 15630 3081 2664 1554 217 3844 1110 3117 2017 30393 13858 30337 5010 448 224 224 4562 168 25327 15339 223
internal_count=129348 122608 86208 73371 69470 39077 16522 22555 6925 15630 3081 2664 1554 217 3844 1110 3117 2017 30393 13858 30337 5010 448 224 224 4562 168 25327 15339 223
is_linear=0
shrinkage=0.05


Tree=142
num_leaves=31
num_cat=0
split_feature=0 3 3 8 8 11 11 1 3 8 10 1 0 8 11 0 9 7 0 7 7 9 11 3 0 3 8 7 3 11
split_gain=2.65736 2.60931 3.32028 8.27967 7.19014 5.99505 8.14506 9.16053 8.23872 8.86223 5.40476 4.86471 4.79599 4.71731 4.31158 9.20931 3.39649 5.09351 3.72702 3.88222 3.25293 3.20025 3.16367 7.1129 5.53975 5.89203 4.68349 4.44123 5.51795 4.28935
threshold=94.500000000000014 -0.99940763397299126 -0.96235977360714686 33.150000000000013 31.150000000000002 0.95864859668410973 0.92664623957318337 4.5000000000000009 -0.99372698525316483 29.150000000000002 1.0000000180025095e-35 1.0000000180025095e-35 62.500000000000007 33.050000000000004 0.97505701307780457 42.500000000000007 25.782291666666669 24.462500000000006 24.500000000000004 26.887500000000006 29.612500000000004 27.557552083333338 0.95301643267371083 -0.082689790342551819 75.500000000000014 0.92602006027323147 17.550000000000004 20.637500000000006 0.99907018497641664 0.94542443323476821
decision_type=2 2 2 2 2 2 2 2 2 2 2 2 2 2 2 2 2 2 2 2 2 2 2 2 2 2 2 2 2 2
left_child=1 -1 3 4 5 6 8 20 -3 16 14 -12 13 -13 15 -6 -10 -18 -19 -20 -8 -11 23 -4 -25 26 -26 -27 29 -29
right_child=-2 2 22 -5 10 -7 7 -9 9 21 11 12 -14 -15 -16 -17 17 18 19 -21 -22 -23 -24 24 25 27 -28 28 -30 -31
leaf_value=0.039554901353661562 0.048022416386839219 0.13655898624376411 0.027532898458575164 0.067552480465744788 0.3237213739241403 0.026443239665801047 0.027026481273663468 -0.081396195921011022 -0.031762591767344667 0.044016060690045322 -0.0064399966773461123 -0.080865864663324349 -0.024975572756061458 0.011493379869160918 0.030194549152667817 -0.35856923725416107 0.02493318434878523 -0.14200955275306967 -0.036532680604087979 -0.15329311822790295 -0.085565364877086325 -0.1232695136381113 0.0014678684604517347 0.0059719268752384327 -0.054905083402834648 0.035772961909399333 -0.0093226885154919018 -0.097862837803545502 -0.028640262356334292 -0.092809741884914088
leaf_weight=1140 1347 570 13472 1330 86 2660 140 190 285 570 475 756 448 126 760 104 50 57 91 87 50 95 91647 10251 57 96 2029 163 159 57
leaf_count=1140 1347 570 13472 1330 86 2660 140 190 285 570 475 756 448 126 760 104 50 57 91 87 50 95 91647 10251 57 96 2029 163 159 57
internal_value=0.000229536 0.000206288 0.000184888 -0.000744681 -0.00138158 -0.000221878 -0.00216247 -0.00881579 -0.000761773 -0.00305668 -0.00342105 -0.0050277 -0.00657895 -0.00871882 -0.000368421 -0.00710526 -0.00763158 -0.0114912 -0.0145745 -0.0110112 -0.00105263 0.000864662 0.000255277 0.000738853 -0.000104589 -0.00218469 -0.00104027 -0.00721053 -0.0096438 -0.0147727
internal_weight=129348 128001 126861 8930 7600 4845 2185 380 1805 1235 2755 1805 1330 882 950 190 570 285 235 178 190 665 117931 26284 12812 2561 2086 475 379 220
internal_count=129348 128001 126861 8930 7600 4845 2185 380 1805 1235 2755 1805 1330 882 950 190 570 285 235 178 190 665 117931 26284 12812 2561 2086 475 379 220
is_linear=0
shrinkage=0.05


Tree=143
num_leaves=31
num_cat=0
split_feature=11 9 3 9 9 3 8 8 3 0 4 11 11 9 11 9 8 0 7 1 4 7 1 9 0 8 9 4 4 8
split_gain=2.63409 2.50595 10.421 2.48278 2.65842 2.3712 2.60495 6.24209 8.15345 7.06894 6.04118 6.75166 5.03133 4.88832 4.42463 4.225 6.05 4.86 5.22502 3.44003 3.88025 3.54362 3.27338 8.98257 3.19066 4.00758 3.01595 7.60999 6.35706 8.4728
threshold=1.2071527841224958 9.2812500000000018 -0.074117382312902977 34.603385416666676 32.651041666666671 -0.99940763397299126 23.650000000000002 20.900000000000002 -0.55657520495441892 42.500000000000007 0.98174098242282837 0.96159218389975776 1.065666172741313 16.131770833333338 0.92213553241242552 13.946875000000002 17.250000000000004 15.500000000000002 13.037500000000003 1.0000000180025095e-35 0.97461712852231652 7.9125000000000014 2.5000000000000004 14.300520833333335 62.500000000000007 20.450000000000003 18.009635416666672 0.66367808336324663 0.86439018870140905 25.050000000000004
decision_type=2 2 2 2 2 2 2 2 2 2 2 2 2 2 2 2 2 2 2 2 2 2 2 2 2 2 2 2 2 2
left_child=1 2 -1 4 -2 -3 7 10 9 -9 19 -12 -13 -8 -10 16 -14 -18 -19 20 -7 -21 23 -16 -17 -26 28 -28 -15 -30
right_child=3 5 -4 -5 -6 6 13 8 14 -11 11 12 15 26 22 24 17 18 -20 21 -22 -23 -24 -25 25 -27 27 -29 29 -31
leaf_value=-0.060462232999477096 -0.048466647938065141 0.037671667575523149 0.0020048014781436523 -0.14790057986419641 0.05690912694959685 -0.0078393413945619609 -0.026252058408026357 -0.061169053184395007 -0.019372689180367969 0.018198849977289499 -0.051927746705666383 0.0020988633495595431 0.068483007656499478 -0.0019881613529442151 -0.070812403658542009 0.025306843681632069 -0.039882907321587627 -0.0035706830840095899 -0.065564575796822941 0.032270838380501925 -0.050588833334986538 0.0095694457593052638 0.066115554373896587 0.028263626540181993 -0.048618562518039955 0.034536242460674597 0.0010150890254441429 0.029780601932931406 -0.011622079600716637 -0.088349461761995735
leaf_weight=192 480 1152 960 96 288 1440 96 129 768 159 768 3936 96 2880 96 252 80 208 192 1399 96 8969 4032 3264 66 66 89413 6911 576 288
leaf_count=192 480 1152 960 96 288 1440 96 129 768 159 768 3936 96 2880 96 252 80 208 192 1399 96 8969 4032 3264 66 66 89413 6911 576 288
internal_value=0.000228376 0.000246879 -0.00207465 -0.00252315 -0.00157552 0.000267883 0.000247266 0.000693035 0.0018099 -0.00645833 0.000155966 -0.00118821 -0.000504493 0.000131485 0.00210172 -0.00375 -0.00645833 -0.00875 -0.0065 0.000795531 -0.00141276 0.00112269 0.002477 0.0013244 0.0003125 -0.00598485 0.000142303 0.000196421 -0.00125 -0.00501157
internal_weight=129348 128484 1152 864 768 127332 126180 26016 8448 288 17568 5664 4896 100164 8160 960 576 480 400 11904 1536 10368 7392 3360 384 132 100068 96324 3744 864
internal_count=129348 128484 1152 864 768 127332 126180 26016 8448 288 17568 5664 4896 100164 8160 960 576 480 400 11904 1536 10368 7392 3360 384 132 100068 96324 3744 864
is_linear=0
shrinkage=0.05


Tree=144
num_leaves=31
num_cat=0
split_feature=0 0 0 9 0 0 11 0 3 0 4 4 3 10 0 3 3 3 9 7 11 11 1 9 7 1 3 8 11 8
split_gain=2.46831 4.04938 3.18547 4.62289 5.17454 6.05471 4.99863 4.50149 10.5693 6.04387 14.5056 9.88277 10.0755 6.43745 5.52941 8.95484 6.73484 7.51957 4.90394 4.34359 6.35605 7.16759 6.78536 6.75015 4.29483 4.24677 4.57126 7.30119 4.09332 5.03102
threshold=4.5000000000000009 33.500000000000007 52.500000000000007 32.882812500000007 67.500000000000014 77.500000000000014 0.92960870096613757 70.500000000000014 0.9053161325100999 78.500000000000014 -0.44505783185115427 0.089118976521498999 -0.2102246306142678 1.0000000180025095e-35 74.500000000000014 0.3504237462291826 0.06553689391773225 -0.77245553105869302 29.296614583333341 40.912500000000016 1.0315188957178159 1.0863116984423709 2.5000000000000004 33.62916666666667 38.562500000000007 4.5000000000000009 -0.75015329512557205 34.850000000000001 0.90935105492399704 22.050000000000004
decision_type=2 2 2 2 2 2 2 2 2 2 2 2 2 2 2 2 2 2 2 2 2 2 2 2 2 2 2 2 2 2
left_child=-1 -2 25 7 6 -6 -5 8 -4 10 -9 -11 -13 -14 15 -12 17 -16 -18 20 -8 22 24 -24 -22 26 27 -3 29 -15
right_child=1 2 3 4 5 -7 19 9 -10 11 14 12 13 28 16 -17 18 -19 -20 -21 21 -23 23 -25 -26 -27 -28 -29 -30 -31
leaf_value=-0.0065750270500126691 0.008131835874860464 0.01940855947205115 0.010049452431071094 -0.4048516690385231 0.12530353257357837 -0.037061892495608033 0.0010860550669746125 0.039323934420927437 0.1059025773098153 -0.01005493258822775 -0.037966565350595873 0.051497969514662949 0.029411818261984909 -0.061815206575347781 -0.046995709626489253 0.041463261717678536 -0.0587128418368843 0.020461649776506295 -0.16138734962495091 0.02930628900912351 -0.32799293110525707 -0.051095555347490357 -1.2474525078839582 -0.18132451128429425 -0.045335147702714663 0.011486240046114708 -0.020350576819516797 -0.10039388703750801 -0.0039782097573558568 -0.023717406116663498
leaf_weight=6740 39098 3534 19717 59 1017 1836 434 3566 2682 10734 1928 4318 2771 85 856 1268 1452 800 88 387 52 327 50 91 139 7594 14366 95 3162 102
leaf_count=6740 39098 3534 19717 59 1017 1836 434 3566 2682 10734 1928 4318 2771 85 856 1268 1452 800 88 387 52 327 50 91 139 7594 14366 95 3162 102
internal_value=0.00022683 0.000278041 8.14276e-05 0.000286684 -0.00127277 -1.22676e-05 -0.00360949 0.000414635 0.000955177 2.56989e-05 -0.000990158 0.000503495 0.00159897 0.000294118 -0.00241552 -0.000944931 -0.00388611 -0.00167271 -0.00626623 -0.00304054 -0.00465233 -0.00774659 -0.0129217 -0.0212411 -0.0067801 -0.000383172 -0.000801611 0.000783963 -0.00118095 -0.00836898
internal_weight=129348 122608 83510 57921 4392 2853 1539 53529 22399 31130 9958 21172 10438 6120 6392 3196 3196 1656 1540 1480 1093 659 332 141 191 25589 17995 3629 3349 187
internal_count=129348 122608 83510 57921 4392 2853 1539 53529 22399 31130 9958 21172 10438 6120 6392 3196 3196 1656 1540 1480 1093 659 332 141 191 25589 17995 3629 3349 187
is_linear=0
shrinkage=0.05


Tree=145
num_leaves=31
num_cat=0
split_feature=11 9 9 3 11 3 7 8 8 7 11 1 3 7 0 0 0 3 8 11 3 1 5 1 11 11 0 11 8 9
split_gain=2.39311 2.55917 2.47925 2.35342 2.62064 5.77275 8.27287 4.84164 4.8151 3.74587 3.61782 2.84601 5.67187 2.51248 2.37957 2.71206 4.10742 3.44079 6.4951 8.20923 8.53125 7.8125 3.3122 3.74314 3.56518 4.41152 3.47346 3.40214 5.14286 4.26499
threshold=1.2071527841224958 34.603385416666676 32.651041666666671 -0.99940763397299126 0.80519389663381347 -0.78326540922535159 22.662500000000005 33.550000000000004 35.350000000000001 11.662500000000003 0.82284707828887094 1.0000000180025095e-35 0.47559651477048942 30.537500000000005 93.500000000000014 33.500000000000007 7.5000000000000009 -0.86546281643016554 28.950000000000003 1.0286377156291111 -0.98664820696349753 3.5000000000000004 1.0000000180025095e-35 5.5000000000000009 0.99750193819539412 1.000843247572776 51.500000000000007 0.8817286741633612 32.550000000000004 32.288020833333341
decision_type=2 2 2 2 2 2 2 2 2 2 2 2 2 2 2 2 2 2 2 2 2 2 2 2 2 2 2 2 2 2
left_child=3 2 -2 -1 5 6 -5 9 13 -7 -6 12 -11 -9 15 16 17 18 21 -20 -21 -12 23 26 -24 -26 -17 28 -28 -29
right_child=1 -3 -4 4 10 7 -8 8 -10 11 14 -13 -14 -15 -16 22 -18 -19 19 20 -22 -23 24 -25 25 -27 27 29 -30 -31
leaf_value=0.035444314829690696 -0.046449907334904769 -0.14054447119570312 0.055916765226898014 -0.064614190483570672 0.14118144110957156 -0.065004338308053508 -0.038503726810676951 -0.7307283813449188 0.01362774253881259 -0.22250181683327175 -0.083103851412937024 0.056824502616105166 0.22557784402201508 -0.0099120285454779248 0.033823945380348434 -0.012146175156679302 0.0089380152812128019 -0.00011594623118302272 0.0019763280788617369 0.0034408118510797247 -0.1100788870898794 0.0026246964538356194 0.087959176552817778 0.012524007944219179 -0.075793535977746351 0.02791153260220481 -0.046540210562388731 0.0043181534855388009 0.042773969450299008 -0.031405592761922396
leaf_weight=1152 480 96 288 51 950 55 429 138 192 96 80 1001 96 54 2590 18644 33682 8914 1096 96 112 64 1680 11133 300 2340 1512 37191 711 4125
leaf_count=1152 480 96 288 51 950 55 429 138 192 96 80 1001 96 54 2590 18644 33682 8914 1096 96 112 64 1680 11133 300 2340 1512 37191 711 4125
internal_value=0.000215234 -0.00240741 -0.00144531 0.00023287 0.000212515 -0.00153409 -0.00635417 -0.000116421 -0.00502604 0.00139423 0.000241974 0.0019824 -0.00359375 -0.010625 0.000218476 0.000186555 0.000499955 -0.000370585 -0.00263122 -0.0015184 -0.010625 -0.0127083 8.75901e-06 -7.05165e-05 0.00135417 0.000208334 -0.000221684 2.28533e-05 -0.00188259 0.000125375
internal_weight=129348 864 768 128484 127332 2112 480 1632 384 1248 125220 1193 192 192 124270 121680 44044 10362 1448 1304 208 144 77636 73316 4320 2640 62183 43539 2223 41316
internal_count=129348 864 768 128484 127332 2112 480 1632 384 1248 125220 1193 192 192 124270 121680 44044 10362 1448 1304 208 144 77636 73316 4320 2640 62183 43539 2223 41316
is_linear=0
shrinkage=0.05


Tree=146
num_leaves=31
num_cat=0
split_feature=11 3 3 4 4 8 7 4 0 3 11 0 3 7 0 8 7 0 9 9 0 9 9 11 11 3 3 9 8 7
split_gain=2.45164 4.50737 11.6626 4.7259 7.40855 7.40058 7.54962 7.30721 6.83522 6.3023 10.5456 7.35117 4.76378 3.92844 5.22131 3.7339 8.16729 8.50737 4.5669 6.81161 6.62655 4.1492 7.75353 3.68325 3.88656 6.15666 6.78168 5.39727 3.47222 3.36626
threshold=0.94187976625705427 -0.99697703579879204 -0.9954993026558282 -0.27694043983797384 -0.8142754349318998 29.450000000000003 24.087500000000006 -0.19337245081799007 53.500000000000007 -0.44504625642270151 0.91987271837397533 85.500000000000014 -0.15101209918632377 28.812500000000004 53.500000000000007 30.750000000000004 27.412500000000005 77.500000000000014 27.912500000000005 28.471614583333338 64.500000000000014 31.046614583333337 32.651041666666671 0.93825018639968583 0.89108496733767706 0.9893236546938301 0.99907018497641664 13.209375 34.050000000000004 27.087500000000006
decision_type=2 2 2 2 2 2 2 2 2 2 2 2 2 2 2 2 2 2 2 2 2 2 2 2 2 2 2 2 2 2
left_child=1 -1 -3 4 9 6 -6 -5 -8 10 11 13 -11 -4 -15 16 17 -14 -17 20 -20 -21 -23 24 -9 27 -27 -26 -12 -28
right_child=-2 2 3 7 5 -7 8 23 -10 12 28 -13 15 14 -16 18 -18 -19 19 21 -22 22 -24 -25 25 26 29 -29 -30 -31
leaf_value=0.11260914645292648 0.0014445950149518392 -0.08164743411659571 -0.029423402913859611 -0.073370317891590639 0.061623426009291271 0.064523399760069475 -0.18288029575858344 -0.015733976928100874 -0.0040534740007538437 0.07579306179085378 0.062263805727034507 -0.21449695759325038 0.17816963360640822 -0.2094923403179112 -0.044199452451264554 0.14307064931670105 -0.12950724283708134 -0.080836693350440372 -0.09919599055884265 0.029261710737045418 -0.72945060589804533 -0.1015306457805647 0.00045708545708697643 -0.071289407868414853 -0.026311412532127404 -0.071389871665544932 -0.027364401456423122 0.026510841536228676 -0.1235880401445219 0.12075564624398415
leaf_weight=960 103653 96 264 768 133 5471 81 3264 74 2000 480 50 166 94 72 480 68 54 195 2586 93 288 1046 96 384 192 379 5568 96 197
leaf_count=960 103653 96 264 768 133 5471 81 3264 74 2000 480 50 166 94 72 480 68 54 195 2586 93 288 1046 96 384 192 379 5568 96 197
internal_value=0.000211755 0.000648959 0.000518496 0.000586266 0.00120042 0.00256902 -0.00524306 -0.000194506 -0.0127419 0.000219124 -0.00338068 -0.00885417 0.000764048 -0.00674419 -0.0127711 -6.43085e-05 -0.00559028 -0.000909091 0.000275171 -0.000251901 -0.00767361 0.000293368 -0.00197151 0.000163691 0.000257412 0.000944941 -0.00326823 0.00148858 0.00118056 -0.000555555
internal_weight=129348 25695 24735 24639 13791 5759 288 10848 155 8032 1056 480 6976 430 166 4976 288 220 4688 4208 288 3920 1334 10080 9984 6720 768 5952 576 576
internal_count=129348 25695 24735 24639 13791 5759 288 10848 155 8032 1056 480 6976 430 166 4976 288 220 4688 4208 288 3920 1334 10080 9984 6720 768 5952 576 576
is_linear=0
shrinkage=0.05


Tree=147
num_leaves=31
num_cat=0
split_feature=11 3 3 4 4 4 3 11 0 8 7 0 7 7 9 4 9 0 0 8 8 1 9 1 11 9 0 7 0 1
split_gain=2.65198 4.46053 9.05756 4.68145 6.94991 6.42509 5.79746 7.5656 8.99181 5.70199 6.12433 5.71865 4.64621 3.56905 3.33276 8.86136 5.0635 7.02224 4.84715 5.3339 4.40496 4.20952 4.2711 6.27891 4.83472 3.91375 3.16571 8.10196 3.14747 7.0265
threshold=0.94187976625705427 -0.99697703579879204 -0.9954993026558282 -0.27694043983797384 -0.19337245081799007 -0.8142754349318998 -0.47558551945199218 0.91987271837397533 75.500000000000014 29.450000000000003 24.087500000000006 53.500000000000007 31.212500000000006 27.387500000000006 26.111979166666668 0.32410992729244009 23.805729166666669 6.5000000000000009 74.500000000000014 29.850000000000005 28.950000000000003 3.5000000000000004 18.109895833333336 4.5000000000000009 0.93155087118158786 13.209375 53.500000000000007 29.112500000000004 77.500000000000014 5.5000000000000009
decision_type=2 2 2 2 2 2 2 2 2 2 2 2 2 2 2 2 2 2 2 2 2 2 2 2 2 2 2 2 2 2
left_child=1 -1 -3 5 -5 6 7 8 26 10 -7 -12 -9 28 15 16 18 -18 -6 -20 -19 -17 25 24 -24 -23 27 -4 -8 -30
right_child=-2 2 3 4 14 9 13 12 -10 -11 11 -13 -14 -15 -16 21 17 20 19 -21 -22 22 23 -25 -26 -27 -28 -29 29 -31
leaf_value=0.10697868913027951 0.0013723652642038738 -0.077565062410765495 -0.033269774529646044 -0.069701801997010565 0.022805391306583104 0.058542254708826014 0.084971085390372181 0.036353249073454719 -0.20377210955023975 0.061297229772065621 -0.17373628097065374 -0.0038508003007160516 -0.12776759504642499 -0.00027467574123388237 0.043930907271108738 0.022753870337992765 -0.063842519836976891 0.027053756963600753 -0.12036508755982366 0.00073012495934011512 -0.054034135210787142 -0.043915919227272948 0.065445411790112304 -0.065841123412294825 -0.085258794074538236 0.016832600634050073 0.089738457347288761 -0.22416468439996323 0.015267738746999566 -0.74657685211332214
leaf_weight=960 103653 96 110 768 525 133 1781 323 60 5471 81 74 61 5121 1152 3936 56 178 63 84 534 288 480 480 96 2208 66 52 397 61
leaf_count=960 103653 96 110 768 525 133 1781 323 60 5471 81 74 61 5121 1152 3936 56 178 63 84 534 288 480 480 96 2208 66 52 397 61
internal_value=0.000211755 0.000666472 0.000536689 0.000596412 -0.000180678 0.00120767 0.000293825 -0.00415179 -0.0102778 0.0024822 -0.004375 -0.011129 0.000442709 0.000699728 0.000168651 -0.00015793 -0.00375 -0.00652344 -0.000580357 -0.00860544 -0.00518258 0.000532853 -0.00071509 -0.00338068 0.000138889 0.00041266 -0.00574561 -0.00950617 0.0023649 -0.00133188
internal_weight=129348 25695 24735 24639 10848 13791 8032 672 288 5759 288 155 384 7360 10080 8928 1440 768 672 147 712 7488 3552 1056 576 2496 228 162 2239 458
internal_count=129348 25695 24735 24639 10848 13791 8032 672 288 5759 288 155 384 7360 10080 8928 1440 768 672 147 712 7488 3552 1056 576 2496 228 162 2239 458
is_linear=0
shrinkage=0.05


Tree=148
num_leaves=31
num_cat=0
split_feature=11 3 3 4 4 4 7 3 11 0 8 7 0 0 11 3 3 9 7 11 4 0 1 8 8 3 3 9 1 8
split_gain=2.86972 4.00408 6.78964 4.29879 6.71096 5.81322 5.6671 8.10965 4.1832 4.92868 3.76555 4.8905 4.40251 3.39354 3.16083 5.26292 5.84028 3.96187 3.36626 3.36061 9.025 3.07613 8.15413 3.15887 3.05813 5.56054 5.58103 3.7409 6.4098 8.12402
threshold=0.94187976625705427 -0.99697703579879204 -0.9954993026558282 -0.27694043983797384 -0.19337245081799007 -0.8142754349318998 27.312500000000004 -0.46038400545438724 0.90595883210605288 75.500000000000014 29.450000000000003 24.587500000000006 53.500000000000007 53.500000000000007 0.89108496733767706 0.9893236546938301 0.99907018497641664 13.209375 27.087500000000006 0.93155087118158786 0.46611290379786346 78.500000000000014 5.5000000000000009 35.350000000000001 27.850000000000005 -0.87395131947920313 -0.62588817255938378 23.176562500000006 5.5000000000000009 29.050000000000004
decision_type=2 2 2 2 2 2 2 2 2 2 2 2 2 2 2 2 2 2 2 2 2 2 2 2 2 2 2 2 2 2
left_child=1 -1 -3 5 -5 6 21 8 9 13 11 -7 -13 -8 -6 17 -17 -16 -18 -19 -21 23 -23 -4 25 -2 -27 28 29 -26
right_child=24 2 3 4 14 10 7 -9 -10 -11 -12 12 -14 -15 15 16 18 19 -20 20 -22 22 -24 -25 27 26 -28 -29 -30 -31
leaf_value=0.10162975467376588 -0.047566860262317386 -0.073686809290227015 0.088411798063549651 -0.066216711897159913 -0.014099119452226888 0.018650495398104771 -0.18901840356408295 0.00070242072512330758 -0.034231843689109351 -0.16822548035139467 0.058232368283462323 -0.17185560285078927 -0.0061487079193137915 0.026088169371579345 -0.023026518535336282 -0.065069629259018255 -0.025532032920358452 0.031880881182490356 0.11741957069232445 -0.054982575333331223 0.042863300393603448 0.017503263437343857 -0.70646342516424065 -0.06808139604864076 -0.0070802802674490503 0.051913410660931802 0.003994146678348404 -0.00014481809983829083 0.047411901668009827 -0.05720010435464782
leaf_weight=960 288 96 1830 768 3264 163 75 5102 310 60 5471 65 60 66 384 192 379 4704 197 384 576 407 63 119 2208 2112 34367 62662 1056 960
leaf_count=960 288 96 1830 768 3264 163 75 5102 310 60 5471 65 60 66 384 192 379 4704 197 384 576 407 63 119 2208 2112 34367 62662 1056 960
internal_value=0.000212914 0.000685931 0.000562968 0.000614676 -0.000129978 0.00120042 0.000331175 -0.000540709 -0.00654599 -0.0121642 0.00241275 -0.00315972 -0.0106 -0.00705674 0.000213294 0.000825998 -0.00307292 0.0013211 -0.000555555 0.00165431 -0.00104167 0.00235428 -0.0012766 0.00322986 9.56559e-05 0.000461963 0.000516599 -0.000105702 -0.00154593 -0.00267045
internal_weight=129348 25695 24735 24639 10848 13791 8032 5613 511 201 5759 288 125 141 10080 6816 768 6048 576 5664 960 2419 470 1949 103653 36767 36479 66886 4224 3168
internal_count=129348 25695 24735 24639 10848 13791 8032 5613 511 201 5759 288 125 141 10080 6816 768 6048 576 5664 960 2419 470 1949 103653 36767 36479 66886 4224 3168
is_linear=0
shrinkage=0.05


Tree=149
num_leaves=31
num_cat=0
split_feature=11 8 4 4 3 3 4 3 11 0 8 8 7 0 7 4 9 1 9 0 8 11 3 3 9 11 4 7 11 8
split_gain=2.78036 3.9318 4.0055 6.23012 4.2561 5.37737 4.18092 5.54543 8.60114 5.92562 3.75874 3.27798 4.31339 3.71082 3.11179 3.76527 4.97663 4.60238 3.57996 3.90081 3.10174 2.91219 4.22561 5.25174 3.85596 3.18686 8.25069 3.04369 2.86684 9.20421
threshold=0.94187976625705427 38.850000000000001 -0.27694043983797384 -0.19337245081799007 -0.99697703579879204 -0.9954993026558282 -0.84774213365954088 -0.44504625642270151 0.91987271837397533 85.500000000000014 39.850000000000001 29.450000000000003 24.587500000000006 53.500000000000007 27.387500000000006 -0.98801846520836312 28.997135416666673 1.0000000180025095e-35 31.046614583333337 24.500000000000004 34.45000000000001 0.89108496733767706 0.9893236546938301 0.99907018497641664 13.209375 0.93155087118158786 0.46611290379786346 27.087500000000006 0.80519389663381347 33.550000000000004
decision_type=2 2 2 2 2 2 2 2 2 2 2 2 2 2 2 2 2 2 2 2 2 2 2 2 2 2 2 2 2 2
left_child=1 2 6 -4 -5 -6 7 8 9 -1 -3 12 -8 -14 28 18 17 -17 19 20 -16 -7 24 -24 -23 -26 -27 -25 29 -9
right_child=-2 10 3 4 5 21 11 14 -10 -11 -12 -13 13 -15 15 16 -18 -19 -20 -21 -22 22 23 27 25 26 -28 -29 -30 -31
leaf_value=-0.074459839210361076 0.0013208418126210604 -0.10942534877005226 -0.062905876302301433 0.096548266940078287 -0.070002468825715869 -0.013394163479615601 0.017717970628199489 0.12344579253169141 0.013464416874397537 -0.17847250627805411 0.015991916325208851 0.059008607254904893 -0.16326282270824938 -0.0058412725233476541 -0.11143820266613375 -0.094553354136167417 0.092471502705522943 0.0017634755208645785 -0.060446517754633666 0.0068544072757797045 0.035636369271022351 -0.021875192608568982 -0.061816147796066846 -0.024255431274340811 0.030286837123365246 -0.052233446566664891 0.040720135373923168 0.11154859215770774 0.063334927643782235 -0.68770847460344831
leaf_weight=430 103653 377 768 960 96 3264 163 182 576 50 288 5471 65 60 72 176 1785 1051 192 864 52 384 192 379 4704 384 576 197 1853 84
leaf_count=430 103653 377 768 960 96 3264 163 182 576 50 288 5471 65 60 72 176 1785 1051 192 864 52 384 192 379 4704 384 576 197 1853 84
internal_value=0.000208662 0.000674256 0.00077507 0.000110887 0.000411279 0.000111046 0.00137742 0.000588435 -0.00276515 -0.00770833 -0.0031203 0.0023867 -0.0028125 -0.0098 0.00114958 0.00036021 0.00129814 -0.00115322 -0.0020339 -0.000819838 -0.0091129 0.000223214 0.000811326 -0.00268229 0.00125496 0.00158369 -0.00104167 -0.000295139 0.00271118 -0.00214286
internal_weight=129348 25695 25030 11904 11136 10176 13126 7367 1056 480 665 5759 288 125 6311 4192 3012 1227 1180 988 124 10080 6816 768 6048 5664 960 576 2119 266
internal_count=129348 25695 25030 11904 11136 10176 13126 7367 1056 480 665 5759 288 125 6311 4192 3012 1227 1180 988 124 10080 6816 768 6048 5664 960 576 2119 266
is_linear=0
shrinkage=0.05


Tree=150
num_leaves=31
num_cat=0
split_feature=0 11 8 4 0 3 11 3 1 8 8 0 4 0 8 8 0 7 4 9 3 3 1 11 4 0 8 8 7 8
split_gain=2.71554 2.59119 3.44413 3.83534 4.77635 4.68859 4.75601 4.577 4.45967 6.66667 8.07424 10.4593 4.65939 4.59264 4.05959 5.34815 4.04167 12.0724 15.1664 3.95761 3.43538 4.70257 3.73844 3.47813 3.27584 4.21842 3.09607 3.30996 2.9993 2.99697
threshold=93.500000000000014 0.94187976625705427 38.850000000000001 -0.29342786347392819 38.500000000000007 -0.99697703579879204 0.89108496733767706 -0.9954993026558282 1.0000000180025095e-35 31.950000000000003 30.550000000000004 53.500000000000007 -0.96904977397942549 58.500000000000007 26.750000000000004 25.650000000000002 23.500000000000004 25.012500000000006 0.30778899014954286 14.9234375 0.9893236546938301 0.99907018497641664 3.5000000000000004 0.93041277635383546 -0.99052477729077237 6.5000000000000009 21.650000000000002 25.550000000000004 27.087500000000006 39.850000000000001
decision_type=2 2 2 2 2 2 2 2 2 2 2 2 2 2 2 2 2 2 2 2 2 2 2 2 2 2 2 2 2 2
left_child=1 2 3 4 24 -5 14 -8 9 10 -6 -12 13 -11 15 19 17 18 -16 -7 22 -22 -9 -24 25 -1 -21 -28 -23 -4
right_child=-2 -3 29 5 8 6 7 20 -10 12 11 -13 -14 -15 16 -17 -18 -19 -20 26 21 28 23 -25 -26 -27 27 -29 -30 -31
leaf_value=-0.093358149575023017 0.030219383136204536 0.00075247753844875313 -0.10808237669888426 0.090910504475240406 0.047591504940322049 0.039252439463222606 -0.065891871764811358 0.032116364279079837 0.019282978586306343 -0.12852893786198855 -0.23985650375878276 -0.089895815271090862 0.10224588896682177 -0.00065883881150191419 0.0074567763221879794 0.047312819283673979 -0.028566011234803474 -0.13702800990171016 -0.084085055281506726 -0.13659516345537789 -0.060304385152017893 -0.023501003334197933 0.0080563932405041498 -0.035874078977525863 0.065782489272063302 0.0092399155055633755 -0.019507532372417771 -0.095634558198701106 0.10597116254982258 0.013130531164959611
leaf_weight=84 2694 101491 371 940 110 470 94 3384 6208 120 60 160 550 210 279 564 1190 57 72 94 188 367 2350 564 4780 384 940 94 197 282
leaf_count=84 2694 101491 371 940 110 470 94 3384 6208 120 60 160 550 210 279 564 1190 57 72 94 188 367 2350 564 4780 384 940 94 197 282
internal_value=0.000199771 0.000166359 0.000620554 0.000716034 0.00132086 6.92336e-05 -0.000222854 0.000534715 0.000504179 -0.00227273 -0.00833333 -0.0138636 1.86265e-10 -0.00469697 -0.00166223 -0.000249769 -0.00357322 -0.00786765 -0.00440171 -0.00172716 0.000680851 -0.0025133 0.00106224 -0.000250515 0.00247523 -0.00151709 -0.00333333 -0.00254352 -0.000230496 -0.00296325
internal_weight=129348 126654 25163 24510 12666 11844 10904 7144 7418 1210 330 220 880 330 3760 2162 1598 408 351 1598 7050 752 6298 2914 5248 468 1128 1034 564 653
internal_count=129348 126654 25163 24510 12666 11844 10904 7144 7418 1210 330 220 880 330 3760 2162 1598 408 351 1598 7050 752 6298 2914 5248 468 1128 1034 564 653
is_linear=0
shrinkage=0.05


Tree=151
num_leaves=31
num_cat=0
split_feature=11 9 3 3 11 8 1 3 7 8 1 4 1 8 3 11 0 10 9 4 3 3 0 0 7 10 8 8 3 3
split_gain=2.56061 3.25484 2.95057 4.31973 6.69939 6.26161 6.55102 5.74781 4.83569 3.83507 3.22864 3.9781 4.35169 3.6 2.89751 5.97068 6.29031 4.23047 2.8792 4.30478 3.15389 5.03151 3.41019 6.08265 2.99576 9.86133 3.07033 2.70279 5.23191 5.01419
threshold=0.94187976625705427 13.209375 -0.99697703579879204 -0.8821812062722818 0.888018781778247 27.850000000000005 4.5000000000000009 -0.52766804058324157 20.487500000000004 30.550000000000004 2.5000000000000004 -0.59867820553660911 1.5000000000000002 25.750000000000004 -0.48314718476766422 0.91343951757766584 76.500000000000014 1.0000000180025095e-35 30.817708333333339 -0.98801846520836312 0.9893236546938301 0.99818282439137029 74.500000000000014 82.500000000000014 27.487500000000004 1.0000000180025095e-35 38.850000000000001 27.850000000000005 -0.87395131947920313 -0.62588817255938378
decision_type=2 2 2 2 2 2 2 2 2 2 2 2 2 2 2 2 2 2 2 2 2 2 2 2 2 2 2 2 2 2
left_child=1 -1 -3 4 8 -6 -7 10 -4 -8 11 12 -5 -13 15 16 -9 -17 20 -20 -16 -22 -23 -24 25 -21 -26 28 -2 -30
right_child=27 2 3 7 5 6 9 14 -10 -11 -12 13 -14 -15 18 17 -18 -19 19 24 21 22 23 -25 26 -27 -28 -29 29 -31
leaf_value=-0.021976863640502733 -0.045292183216754774 0.087175328369312188 -0.081217467655521569 -0.11145962944197051 -0.051234796632938562 0.037223241422544566 -0.048571999560366307 -0.074755686148322245 -0.039403331357043415 0.065295982487013529 0.082156089050740067 -0.044737388365037448 0.041126462198157611 0.051156150965432613 0.020218166034590354 -0.04726287146964156 -0.16563246477526627 0.088085733222918572 -0.054681615725578038 0.11683773532379314 -0.055710121148662445 0.018590308969905694 -0.13798800587439547 0.0064554196838848901 0.057488099092739157 -0.057806204261724115 -0.051331668027644488 -0.0015258341636558584 0.049214074160331134 0.0036697045701819548
leaf_weight=480 288 960 50 192 192 2208 576 231 1294 192 2880 192 191 960 11498 384 57 384 192 75 192 600 64 104 879 50 618 66886 2112 34367
leaf_count=480 288 960 50 192 192 2208 576 231 1294 192 2880 192 191 960 11498 384 57 384 192 75 192 600 64 104 879 50 618 66886 2112 34367
internal_value=0.00019436 0.000641175 0.000718818 0.000611214 -0.000784574 0.000470328 0.00103495 0.000930203 -0.00374256 -0.00294271 0.00251982 0.000667753 -0.00374674 0.00213542 0.000472338 -0.00205492 -0.00819444 0.000247396 0.000659333 -0.00120176 0.000930326 -0.00182292 -1.30206e-05 -0.00630952 -0.000363748 -0.0078 0.000257181 8.35964e-05 0.000427965 0.000480962
internal_weight=129348 25695 25215 24255 4512 3168 2976 19743 1344 768 4415 1535 383 1152 15328 1056 288 768 14272 1814 12458 960 768 168 1622 125 1497 103653 36767 36479
internal_count=129348 25695 25215 24255 4512 3168 2976 19743 1344 768 4415 1535 383 1152 15328 1056 288 768 14272 1814 12458 960 768 168 1622 125 1497 103653 36767 36479
is_linear=0
shrinkage=0.05


Tree=152
num_leaves=31
num_cat=0
split_feature=11 3 3 11 3 8 7 3 3 0 7 11 11 3 0 0 10 7 4 0 0 9 8 11 8 7 3 7 11 8
split_gain=2.67772 3.10186 3.5813 6.1418 4.19429 6.15583 3.73344 2.71359 5.19351 11.0888 4.33494 5.25677 8.39274 5.56218 3.68821 4.2753 3.6618 8.06539 4.14074 5.5595 4.06077 3.64464 3.39321 3.37696 6.25931 3.71859 3.27725 3.25907 3.20333 3.19039
threshold=0.94187976625705427 -0.99697703579879204 -0.93545489084327571 0.888018781778247 -0.52766804058324157 29.650000000000002 20.487500000000004 0.95998215779580554 0.94978112945126536 10.500000000000002 33.712500000000013 0.98966156713236464 1.0693501317157568 0.97875492728876534 86.500000000000014 19.500000000000004 1.0000000180025095e-35 22.662500000000005 -0.031174269516803289 53.500000000000007 29.500000000000004 25.152343750000004 33.050000000000004 1.0393064066417959 24.650000000000002 32.812500000000007 0.99818282439137029 29.612500000000004 1.0400758936931782 36.550000000000004
decision_type=2 2 2 2 2 2 2 2 2 2 2 2 2 2 2 2 2 2 2 2 2 2 2 2 2 2 2 2 2 2
left_child=1 -1 3 6 5 -4 -3 8 -2 -10 11 -9 13 -13 15 21 17 -17 29 20 -20 28 -19 24 -11 -26 27 -22 -15 -18
right_child=7 2 4 -5 -6 -7 -8 10 9 23 -12 12 -14 14 -16 16 18 22 19 -21 26 -23 -24 -25 25 -27 -28 -29 -30 -31
leaf_value=0.082816561950846565 0.00057538725220833973 -0.077156594272744849 0.0017266618324290771 0.013177968081769617 0.0051441283971602192 0.08967477608607774 -0.037433164789190898 0.066065242736799507 -0.056062082764997204 0.094938807962474087 0.15229207981237122 -0.047607148590730286 0.039138592289908937 -0.038017353818265529 0.091931070088183867 -0.18777436629099512 0.062785684837233749 0.15537220323307019 -0.0018670023867696191 0.0034824254622607097 -0.055724577621564048 0.072873867183352203 -0.069374437178579357 0.064321320269060275 -0.051061117654669058 0.24110468873122845 -0.07729987043450974 -0.1872493116132998 0.019684246918583972 -0.045697660109935097
leaf_weight=960 94245 50 2592 1824 15808 3167 1294 1586 132 170 862 411 2348 120 324 94 519 113 110 335 86 520 397 340 447 63 103 58 80 190
leaf_count=960 94245 50 2592 1824 15808 3167 1294 1586 132 170 862 411 2348 120 324 94 519 113 110 335 86 520 397 340 447 63 103 58 80 190
internal_value=0.00019204 0.000648959 0.000540732 -0.00102904 0.000771317 0.00192655 -0.00359375 7.87726e-05 3.51183e-06 -0.00333333 0.000948401 0.000557209 -0.000139463 -0.0017052 -0.00096917 -0.00156881 -0.00275561 -0.00600993 -0.00135261 -0.00410405 -0.00844538 0.00173611 -0.00352941 -0.00156863 -0.00360294 -0.00637255 -0.012004 -0.016875 -0.004 0.00133286
internal_weight=129348 25695 24735 3168 21567 5759 1344 103653 95397 1152 8256 7394 5808 3460 3049 2725 2005 604 1401 692 357 720 510 1020 680 510 247 144 200 709
internal_count=129348 25695 24735 3168 21567 5759 1344 103653 95397 1152 8256 7394 5808 3460 3049 2725 2005 604 1401 692 357 720 510 1020 680 510 247 144 200 709
is_linear=0
shrinkage=0.05


Tree=153
num_leaves=31
num_cat=0
split_feature=0 11 3 3 3 11 8 1 7 8 0 8 3 0 4 8 3 3 0 7 11 11 3 1 8 11 10 0 0 10
split_gain=2.48444 2.44169 3.0093 3.50834 6.1443 5.80013 5.23206 5.82955 3.76842 3.47412 2.89251 3.93767 3.50916 6.34405 2.86125 2.86012 2.80337 4.18044 10.6006 3.76034 4.40759 6.93027 5.98525 3.52078 3.18611 3.55378 6.81684 2.96053 7.9948 2.95825
threshold=94.500000000000014 0.94187976625705427 -0.99697703579879204 -0.8821812062722818 -0.59869031648930193 0.888018781778247 28.250000000000004 4.5000000000000009 20.487500000000004 30.550000000000004 76.500000000000014 17.450000000000003 0.91248814248966237 84.500000000000014 -0.62587551141915865 31.350000000000005 0.95998215779580554 0.94978112945126536 9.5000000000000018 33.712500000000013 0.98966156713236464 1.0693501317157568 0.97875492728876534 3.5000000000000004 33.95000000000001 1.0353027724959731 1.0000000180025095e-35 18.500000000000004 40.500000000000007 1.0000000180025095e-35
decision_type=2 2 2 2 2 2 2 2 2 2 2 2 2 2 2 2 2 2 2 2 2 2 2 2 2 2 2 2 2 2
left_child=1 2 -1 5 14 8 -7 -8 -4 -9 -6 -12 -13 15 -5 -14 17 29 -19 20 -18 22 -22 -20 -24 26 27 -26 -29 -3
right_child=-2 16 3 4 10 6 7 9 -10 -11 11 12 13 -15 -16 -17 19 18 23 -21 21 -23 24 -25 25 -27 -28 28 -30 -31
leaf_value=0.078423640000627182 0.042346395876830652 0.0063804501146519435 -0.07329876455910804 0.11781791630955724 0.0095530282411717127 -0.04682786260291312 0.042428278167983689 -0.045649170874231267 -0.035141108932716512 0.060961781942491571 -0.050086428041634823 -0.0013813267990883578 -0.070198692305527166 0.005480558303134926 0.018025791220250335 -0.14972311264051671 0.062535441118593035 -0.053572664575484798 -0.059655339342257009 0.14467747582175203 -0.045319891728001854 0.03573362499759087 -0.028882747477462081 -9.4172363937842935e-05 0.020736208687495102 0.08527310833570205 0.047115886600441061 -0.20769284237139374 -0.053070700958439271 -0.0023630535514519773
leaf_weight=950 1347 39989 50 1900 12833 285 2090 570 1280 190 54 2569 112 210 2280 56 1569 120 170 862 406 2320 1608 850 57 530 647 66 105 53273
leaf_count=950 1347 39989 50 1900 12833 285 2090 570 1280 190 54 2569 112 210 2280 56 1569 120 170 862 406 2320 1608 850 57 530 647 66 105 53273
internal_value=0.000191267 0.000168788 0.000607378 0.000500225 0.000782952 -0.000767077 0.000406699 0.00105263 -0.00353383 -0.00269737 0.000332828 -0.00106464 -0.000819477 -0.00531746 0.00248804 -0.0125595 6.00556e-05 -1.68427e-05 -0.00302632 0.000948593 0.000580186 -6.18573e-05 -0.00149313 -0.00137255 -0.000725191 0.00101424 -0.000942857 -0.00837719 -0.0116667 1.9944e-05
internal_weight=129348 128001 25429 24479 20014 4465 3135 2850 1330 760 15834 3001 2947 378 4180 168 102572 94402 1140 8170 7308 5739 3419 1020 3013 1405 875 228 171 93262
internal_count=129348 128001 25429 24479 20014 4465 3135 2850 1330 760 15834 3001 2947 378 4180 168 102572 94402 1140 8170 7308 5739 3419 1020 3013 1405 875 228 171 93262
is_linear=0
shrinkage=0.05


Tree=154
num_leaves=31
num_cat=0
split_feature=11 9 9 3 8 9 7 3 4 7 11 7 9 0 8 1 8 8 7 11 3 11 3 7 9 3 7 4 11 0
split_gain=2.34189 2.55917 2.3241 10 2.29906 2.84453 2.79642 2.68889 2.52151 4.33598 4.13741 4.93614 3.92556 5.68238 15.4518 6.65175 5.87917 3.834 3.79307 3.36422 2.90909 3.96592 3.82614 2.8355 2.64981 4.12552 4.37386 3.34201 5.38274 3.2967
threshold=1.2071527841224958 34.603385416666676 9.2812500000000018 -0.074117382312902977 43.550000000000004 35.424479166666679 30.812500000000004 0.58481550752069722 -0.98801846520836312 27.387500000000006 1.0632854705466908 39.01250000000001 32.982031250000013 23.500000000000004 34.45000000000001 3.5000000000000004 36.150000000000013 39.650000000000013 32.812500000000007 1.0226926418345352 0.14250626876356556 0.96902556631768955 0.074116354202380205 35.26250000000001 35.062239583333344 0.29342972903661901 30.137500000000006 -0.97874870457683594 1.058143950967068 82.500000000000014
decision_type=2 2 2 2 2 2 2 2 2 2 2 2 2 2 2 2 2 2 2 2 2 2 2 2 2 2 2 2 2 2
left_child=2 -2 3 -1 5 8 -7 -6 9 -4 11 12 13 14 15 -11 -15 -14 -19 -16 21 -18 -23 -24 27 -26 -27 28 -10 -28
right_child=1 -3 4 -5 7 6 -8 -9 24 10 -12 -13 17 16 19 -17 20 18 -20 -21 -22 22 23 -25 25 26 29 -29 -30 -31
leaf_value=-0.058709336138962266 -0.014982106790808081 -0.13402602087259793 0.02548096670803476 0.00071053616898301855 -0.099704068299057189 -0.037157825734207693 0.1062284387214133 0.018205263333729248 0.06060971634202568 -0.063674767017155173 0.012486388795628502 -0.57088849217633586 0.22101537460945586 -0.0004633949723979677 0.017394617323539318 -0.16534965541998078 0.058317354863476112 0.046277658036581883 -0.1034693899411475 -0.075869540461998522 -0.079299637588464103 -0.068966676124416634 -0.15546279546159419 -1.118394450940061 -0.077624332716018873 -0.075567601838448781 0.036880440465726798 0.003363398309924874 -0.088340245889709484 -0.19619283494537945
leaf_weight=192 768 96 870 960 288 125 931 192 2556 104 1866 58 373 1939 297 66 144 105 136 94 72 566 142 64 96 59 273 115768 96 52
leaf_count=192 768 96 870 960 288 125 931 192 2556 104 1866 58 373 1939 297 66 144 105 136 94 72 566 142 64 96 59 273 115768 96 52
internal_value=0.000187015 -0.00240741 0.000204461 -0.00203125 0.000224688 0.000237758 0.00282197 -0.00322917 0.000216064 -0.000713457 -0.00118984 -0.00206731 -0.00186251 -0.00251147 -0.00712121 -0.0197059 -0.00162795 0.0018241 -0.00309129 -0.00164962 -0.00476721 -0.00400655 -0.00542746 -0.0112621 0.000269975 -0.0034375 -0.00111979 0.000285003 0.00203997 0.00115385
internal_weight=129348 864 128484 1152 127332 126852 1056 480 125796 6896 6026 4160 4102 3488 561 170 2927 614 241 391 988 916 772 206 118900 480 384 118420 2652 325
internal_count=129348 864 128484 1152 127332 126852 1056 480 125796 6896 6026 4160 4102 3488 561 170 2927 614 241 391 988 916 772 206 118900 480 384 118420 2652 325
is_linear=0
shrinkage=0.05


Tree=155
num_leaves=31
num_cat=0
split_feature=0 11 9 0 3 10 4 3 6 4 11 4 3 4 0 0 3 4 7 9 11 9 7 11 0 8 11 8 3 7
split_gain=2.4414 2.3508 3.01269 2.78954 3.34677 5.05075 5.73614 3.39828 4.1727 3.31572 7.78378 2.90973 5.05784 3.62966 3.06396 4.08159 5.40882 3.23489 4.94082 3.7347 3.01341 2.87698 3.41812 4.69568 2.80055 4.09435 5.28382 2.89286 2.71962 3.57871
threshold=1.0000000180025095e-35 0.94187976625705427 13.209375 37.500000000000007 0.78857998149907527 1.0000000180025095e-35 0.5969655492110445 -0.8821812062722818 1.0000000180025095e-35 -0.22700609751797865 0.89222405554218354 -0.80417042486635371 -0.44504625642270151 -0.62587551141915865 86.500000000000014 73.500000000000014 0.9893236546938301 -0.58481178939031186 28.687500000000004 28.678645833333334 0.92180858479239347 29.25026041666667 27.587500000000006 0.8675741480979452 9.5000000000000018 29.150000000000002 0.83812870703902109 28.350000000000005 0.95998215779580554 33.712500000000013
decision_type=2 2 2 2 2 2 2 2 2 2 2 2 2 2 2 2 2 2 2 2 2 2 2 2 2 2 2 2 2 2
left_child=-1 2 -2 4 7 6 -6 8 9 10 -4 12 20 -13 15 17 -17 18 -15 -20 21 22 -5 -24 25 26 -11 -28 -3 -30
right_child=1 28 3 11 5 -7 -8 -9 -10 24 -12 13 -14 14 -16 16 -18 -19 19 -21 -22 -23 23 -25 -26 -27 27 -29 29 -31
leaf_value=-0.02304828006663185 -0.021933113646211588 0.00025254113007635307 -0.11565502576498421 -0.12561512454084889 -0.013834196134509187 0.018298019761692177 -0.089915674236783039 0.03883584105905194 -0.02776139994585591 0.078149305769715405 0.061074846997656931 0.067096580755644994 -0.0012579508775267376 -0.21188074104335028 0.03074489767346348 -0.012135904736965695 -0.11339320504977597 0.017027201420973723 0.03154326880486398 -0.12589515840068119 0.0033648265496933716 -0.13871334640834918 -0.1741072144886936 0.028031966996676705 0.035298959729064869 0.02707729427618304 -0.046652215484961158 -0.11023697506351367 0.0097608513535861214 0.13727543211516799
leaf_weight=1347 475 94403 111 87 555 814 74 6162 111 63 222 1856 4219 52 1305 1755 130 4824 272 72 232 116 93 226 1260 198 81 63 7308 862
leaf_count=1347 475 94403 111 87 555 814 74 6162 111 63 222 1856 4219 52 1305 1755 130 4824 272 72 232 116 93 226 1260 198 81 63 7308 862
internal_value=0.000176192 0.000198475 0.000628835 0.000703924 0.00136607 -0.000855856 -0.00422099 0.00175372 2.13373e-05 0.000545546 -0.00400901 0.000281843 -0.000710838 0.000762712 0.000321047 -8.7966e-05 -0.00208223 0.000632184 -0.00371212 -0.0015407 -0.00448276 -0.00659004 -0.00460591 -0.00221003 0.00145646 -0.00216049 -0.00707729 -0.0123611 9.17885e-05 0.000966952
internal_weight=129348 128001 25428 24953 9714 1443 629 8271 2109 1998 333 15239 4973 10266 8410 7105 1885 5220 396 344 754 522 406 319 1665 405 207 144 102573 8170
internal_count=129348 128001 25428 24953 9714 1443 629 8271 2109 1998 333 15239 4973 10266 8410 7105 1885 5220 396 344 754 522 406 319 1665 405 207 144 102573 8170
is_linear=0
shrinkage=0.05


Tree=156
num_leaves=31
num_cat=0
split_feature=11 3 3 3 11 8 1 0 3 8 8 6 6 3 3 0 7 11 11 3 0 0 11 0 4 1 8 1 0 11
split_gain=2.33253 2.86293 2.91876 5.99579 5.20518 5.51727 4.80453 3.36777 6.6746 3.21007 3.11665 3.20001 3.07268 2.58048 3.6809 9.675 3.55283 3.90077 5.85504 4.83646 3.24657 3.98739 4.95267 4.47647 5.84869 5.03821 5.42857 4.14215 4.08028 4.05523
threshold=0.94187976625705427 -0.99697703579879204 -0.8821812062722818 -0.52766804058324157 0.888018781778247 27.850000000000005 4.5000000000000009 11.500000000000002 -0.96902457013955734 30.550000000000004 31.050000000000004 1.0000000180025095e-35 1.0000000180025095e-35 0.95998215779580554 0.94978112945126536 9.5000000000000018 33.712500000000013 0.98966156713236464 1.0693501317157568 0.97875492728876534 86.500000000000014 75.500000000000014 1.0226926418345352 56.500000000000007 -0.031174269516803289 2.5000000000000004 31.550000000000004 1.0000000180025095e-35 20.500000000000004 1.0091361572373578
decision_type=2 2 2 2 2 2 2 2 2 2 2 2 2 2 2 2 2 2 2 2 2 2 2 2 2 2 2 2 2 2
left_child=1 -1 4 10 7 -6 -7 8 -3 -8 11 -4 -12 14 -2 -16 17 -15 19 -19 21 23 -23 24 27 29 -27 28 -21 -26
right_child=13 2 3 -5 5 6 9 -9 -10 -11 12 -13 -14 16 15 -17 -18 18 -20 20 -22 22 -24 -25 25 26 -28 -29 -30 -31
leaf_value=0.073839518269281673 0.00047002700182961505 -0.04121765103259574 -0.0013299362571358251 0.0044216065428608949 -0.046657124732679307 0.031719159710077181 -0.046805070637484417 -0.020120539143364216 -0.10783804421727759 0.05763256596166353 0.13742475525066974 0.059016335754037932 -0.058569848115996449 0.058978996060854438 -0.051074828318709714 -0.012007899846870965 0.13041166050940997 -0.043617009057967053 0.034738768942359777 0.022915922562518311 0.087452118672764451 0.0065130366561456923 -0.087407042262534623 0.10719003288951363 0.15765608906793654 -0.078385740201129303 -0.06574913204268075 0.039457494739259767 -0.19436455916673198 -0.069840376355120276
leaf_weight=960 94245 96 1632 15808 192 2208 576 1176 72 192 1919 768 96 1586 120 1032 862 411 2348 63 324 165 231 495 205 57 342 926 70 171
leaf_count=960 94245 96 1632 15808 192 2208 576 1176 72 192 1919 768 96 1586 120 1032 862 411 2348 63 324 165 231 495 205 57 342 926 70 171
internal_value=0.000175805 0.000602257 0.000498282 0.000754834 -0.000651596 0.000454546 0.000984543 -0.00325893 -0.00988095 -0.00242187 0.00238392 0.00116667 0.00383375 7.00898e-05 -3.3018e-06 -0.0028125 0.00091812 0.000563971 -3.61568e-05 -0.00134393 -0.000657592 -0.00122018 -0.00585859 -0.000431515 -0.00157034 -0.00487097 -0.00878446 0.000845137 -0.00740601 -0.000718085
internal_weight=129348 25695 24735 20223 4512 3168 2976 1344 168 768 4415 2400 2015 103653 95397 1152 8256 7394 5808 3460 3049 2725 396 2329 1834 775 399 1059 133 376
internal_count=129348 25695 24735 20223 4512 3168 2976 1344 168 768 4415 2400 2015 103653 95397 1152 8256 7394 5808 3460 3049 2725 396 2329 1834 775 399 1059 133 376
is_linear=0
shrinkage=0.05


Tree=157
num_leaves=31
num_cat=0
split_feature=0 11 9 4 4 9 0 4 3 3 7 3 11 10 9 7 0 0 6 4 3 0 3 8 9 0 3 3 7 7
split_gain=2.34872 2.27709 2.94885 3.61241 3.22892 4.35492 3.35209 3.34426 4.3814 3.34353 3.18888 6.0765 2.86626 3.15183 6.39188 8.22954 3.96522 3.77209 5.46298 3.40937 3.32641 3.27874 3.14369 2.7261 2.71404 3.94796 2.63913 4.29868 2.9365 2.59809
threshold=94.500000000000014 0.94187976625705427 30.817708333333339 -0.98801846520836312 -0.27694043983797384 27.557552083333338 36.500000000000007 -0.80417042486635371 -0.44504625642270151 -0.99697703579879204 27.487500000000004 0.75014288946266361 0.89108496733767706 1.0000000180025095e-35 17.649479166666669 15.212500000000004 74.500000000000014 63.500000000000007 1.0000000180025095e-35 -0.22700609751797865 0.87397152483179585 33.500000000000007 0.99818282439137029 38.850000000000001 25.593489583333341 16.500000000000004 0.9893236546938301 0.99907018497641664 26.212500000000006 21.912500000000005
decision_type=2 2 2 2 2 2 2 2 2 2 2 2 2 2 2 2 2 2 2 2 2 2 2 2 2 2 2 2 2 2
left_child=1 2 4 -4 6 9 24 8 -8 -6 11 -5 13 14 -11 -16 19 18 22 21 -18 -15 29 -12 25 -1 -14 -28 -29 -17
right_child=-2 -3 3 10 5 -7 7 -9 -10 12 23 -13 26 16 15 17 20 -19 -20 -21 -22 -23 -24 -25 -26 -27 27 28 -30 -31
leaf_value=-0.093099855586129515 0.039477971370885379 0.00075629713774566433 -0.05179753508595443 -0.052839637444022841 0.069749025885273319 -0.090118681200865108 -0.064288330015652873 0.034461989576567917 0.0078534703904699962 0.033930931512283373 0.050536779719104835 0.10353583423727966 0.011161670036225552 -0.10911760883853841 -0.094795148730679485 -0.042875681208081412 -0.010426525631690107 0.0051880228176875102 0.059495637043552367 0.027445009249474423 -0.10794462560964874 0.00148112221669823 0.016341452495761653 -0.049629772810771494 0.053960868682196551 0.020319802767858237 -0.053383490737099693 -0.022300866571634513 0.087673028292606356 -0.1062320954097395
leaf_weight=51 1347 102572 190 69 950 190 754 3190 3301 475 870 55 6175 68 61 136 400 341 128 1575 60 82 64 612 4497 60 190 351 219 315
leaf_count=51 1347 102572 190 69 950 190 754 3190 3301 475 870 55 6175 68 61 136 400 341 128 1575 60 82 64 612 4497 60 190 351 219 315
internal_value=0.000176192 0.000154335 0.000577884 -0.00137528 0.000726315 0.000140068 0.00130895 0.000638371 -0.000314426 0.000263158 -0.000603985 -0.00830645 9.39868e-06 -0.00111336 -0.00286184 -0.00504785 0.000102975 -0.00394309 -0.00619751 0.0012029 -0.00402174 -0.006 -0.00849515 4.0486e-05 0.00236328 -0.00536036 0.000609229 -0.00217105 1.86265e-10 -0.00996674
internal_weight=129348 128001 25429 1796 23633 11780 11853 7245 4055 11590 1606 124 10640 3705 1520 1045 2185 984 643 1725 460 150 515 1482 4608 111 6935 760 570 451
internal_count=129348 128001 25429 1796 23633 11780 11853 7245 4055 11590 1606 124 10640 3705 1520 1045 2185 984 643 1725 460 150 515 1482 4608 111 6935 760 570 451
is_linear=0
shrinkage=0.05


Tree=158
num_leaves=31
num_cat=0
split_feature=0 11 9 3 0 0 10 7 7 0 0 11 11 0 5 3 0 10 8 8 3 10 3 3 0 0 0 3 0 9
split_gain=2.26376 2.29915 2.99769 2.59322 3.24659 6.76935 5.01361 13.7906 6.24132 4.82045 6.86004 5.81659 5.28765 4.35668 4.14233 4.10482 3.4251 3.2242 4.15401 3.11705 8.17707 8.67386 6.39866 7.82738 6.70204 5.76636 6.51862 4.94818 8.17333 5.06157
threshold=1.0000000180025095e-35 0.94187976625705427 13.209375 0.95998215779580554 42.500000000000007 20.500000000000004 1.0000000180025095e-35 20.487500000000004 31.212500000000006 73.500000000000014 85.500000000000014 1.0165369992544311 1.0627860117078571 24.500000000000004 1.0000000180025095e-35 0.99939377080793557 30.500000000000004 1.0000000180025095e-35 32.250000000000007 23.750000000000004 0.54940630780725741 1.0000000180025095e-35 -0.2102246306142678 -0.55657520495441892 42.500000000000007 16.500000000000004 83.500000000000014 0.94978112945126536 13.500000000000002 18.009635416666672
decision_type=2 2 2 2 2 2 2 2 2 2 2 2 2 2 2 2 2 2 2 2 2 2 2 2 2 2 2 2 2 2
left_child=-1 2 -2 19 5 -5 7 13 15 -6 11 -11 -13 -7 -9 -8 -17 18 -14 20 21 25 23 24 -23 -3 -27 29 -29 -21
right_child=1 3 -4 4 9 6 8 14 -10 10 -12 12 17 -15 -16 16 -18 -19 -20 27 -22 22 -24 -25 -26 26 -28 28 -30 -31
leaf_value=-0.021367150195388328 -0.021615621792854176 0.083792242416638324 0.010067638774349118 0.019299008270786667 0.086120102352701788 -0.10764711587359305 0.024524489840845456 0.011569628844417435 -0.08359174024641354 0.035093504275706726 0.052281363016559161 -0.07967815966961099 -0.093834467026745999 -0.073278617768619631 -0.19370596361494508 0.014936173086000652 -0.11627965866510943 0.02124817350535076 -0.0089405369033724504 -0.018113534929262706 0.040568644815134003 -0.058963878011108362 -0.010944529363533293 0.031490751857364635 0.01813330866928128 0.00077876744623776493 0.10705113252548182 -0.05166613070964976 -0.020167144502744389 -0.00010781003341040156
leaf_weight=1347 475 1664 24953 1720 2666 79 1014 416 111 348 860 300 60 90 75 50 57 228 96 3325 3610 126 8075 1900 159 6968 1248 130 820 66378
leaf_count=1347 475 1664 24953 1720 2666 79 1014 416 111 348 860 300 60 90 75 50 57 228 96 3325 3610 126 8075 1900 159 6968 1248 130 820 66378
internal_value=0.000171939 0.000193397 0.000619003 8.78888e-05 0.000942473 -0.000177187 -0.00224101 -0.00575758 -0.000357143 0.00182975 -0.000100423 -0.00284884 -0.00552632 -0.0180769 -0.00151731 0.000762712 -0.0085514 -0.00164062 -0.00717949 1.39298e-05 0.000509474 0.000116683 -0.000901559 0.00149886 -0.00622807 0.00117409 0.000630477 -0.000152647 -0.00373684 -0.000103797
internal_weight=129348 128001 25428 102573 8170 3612 1892 660 1232 4558 1892 1032 684 169 491 1121 107 384 156 94403 23750 20140 10260 2185 285 9880 8216 70653 950 69703
internal_count=129348 128001 25428 102573 8170 3612 1892 660 1232 4558 1892 1032 684 169 491 1121 107 384 156 94403 23750 20140 10260 2185 285 9880 8216 70653 950 69703
is_linear=0
shrinkage=0.05


Tree=159
num_leaves=31
num_cat=0
split_feature=0 7 0 3 4 8 0 4 9 1 3 0 7 9 8 8 8 8 10 3 0 0 0 0 7 1 5 11 1 0
split_gain=2.19934 3.68906 3.05704 5.16351 9.18643 4.19907 6.04731 10.1159 4.47465 3.69206 3.63834 9.62938 5.01194 5.97481 7.93631 5.40903 5.73771 4.54876 4.36074 4.1354 3.87692 5.11047 3.82535 3.77748 5.67966 3.35678 3.25583 3.17378 3.85648 3.30563
threshold=92.500000000000014 25.012500000000006 73.500000000000014 -0.0053757284505435614 0.62420859727530387 33.750000000000007 77.500000000000014 -0.27694043983797384 28.369010416666672 1.0000000180025095e-35 0.9053161325100999 44.500000000000007 30.212500000000006 25.782291666666669 29.650000000000002 30.950000000000003 30.650000000000002 33.550000000000004 1.0000000180025095e-35 0.89787622492179153 31.500000000000004 18.500000000000004 24.500000000000004 42.500000000000007 17.987500000000004 4.5000000000000009 1.0000000180025095e-35 1.0145048597912061 5.5000000000000009 13.500000000000002
decision_type=2 2 2 2 2 2 2 2 2 2 2 2 2 2 2 2 2 2 2 2 2 2 2 2 2 2 2 2 2 2
left_child=2 -2 10 4 5 6 7 -4 -8 -9 19 12 13 14 18 16 -16 26 20 27 21 -12 -23 24 -21 -26 -17 28 -1 -30
right_child=1 -3 3 -5 -6 -7 8 9 -10 -11 11 -13 -14 -15 15 17 -18 -19 -20 23 -22 22 -24 -25 25 -27 -28 -29 29 -31
leaf_value=0.003466020465210249 0.040988073102272371 -0.0051110769481982283 -0.0041389709353464857 -0.013230719103769592 0.03511057169440638 0.048932461663616714 0.0087888598047560114 -0.099179339157202548 -0.033155059350155808 -0.055698917250594997 0.0057191808472836355 0.071986203615764105 -0.059493286861222898 0.039077360764525296 -0.023405309637111599 -0.0019324704118737802 -0.075094081070908203 -0.042318522456285729 0.058275003921359772 0.017066608955063803 0.11128548229086932 -0.076900285209347538 -0.018462581664431762 0.02456892486777186 -0.030391912540904044 -0.085742987881488819 -0.11612260631558585 -0.0024831879473827447 -0.007875991910515313 0.042499707113310976
leaf_weight=43770 2189 1853 892 13030 3458 1642 3690 96 2205 584 266 4321 557 2414 403 1452 90 124 945 80 182 84 98 181 67 111 90 36783 1453 6238
leaf_count=43770 2189 1853 892 13030 3458 1642 3690 96 2205 584 266 4321 557 2414 403 1452 90 124 945 80 182 84 98 181 67 111 90 36783 1453 6238
internal_value=0.000178124 0.00132608 0.000141095 -0.000346329 0.000376781 -0.000456142 -0.000959555 -0.00371501 -0.000224767 -0.00830882 0.000266225 0.0011228 -6.33853e-05 0.000348081 -0.000905195 -0.00287402 -0.00747464 -0.0015126 0.00179365 0.000159726 -0.00142857 -0.00392857 -0.0103846 -0.00468109 -0.00856589 -0.0135393 -0.000771725 0.000183809 0.000437322 0.0014699
internal_weight=129348 4042 125306 25597 12567 9109 7467 1572 5895 680 99709 11026 6705 6148 3734 2159 493 1666 1575 88683 630 448 182 439 258 178 1542 88244 51461 7691
internal_count=129348 4042 125306 25597 12567 9109 7467 1572 5895 680 99709 11026 6705 6148 3734 2159 493 1666 1575 88683 630 448 182 439 258 178 1542 88244 51461 7691
is_linear=0
shrinkage=0.05


Tree=160
num_leaves=31
num_cat=0
split_feature=0 11 9 0 0 3 11 8 8 1 7 1 9 11 11 11 8 3 3 7 1 3 0 8 0 0 7 11 11 11
split_gain=2.18129 2.09413 2.70409 2.29123 4.33766 3.03504 4.86181 10.9537 5.02579 6.62169 4.90424 3.30844 5.34311 4.27909 3.92825 4.38003 5.00521 4.76895 2.97619 2.90439 2.80806 3.54708 5.41805 5.996 5.72662 8.70344 3.81832 3.16085 3.11004 3.61396
threshold=94.500000000000014 1.2071527841224958 34.603385416666676 33.500000000000007 8.5000000000000018 -0.86546281643016554 1.0307298263784668 32.150000000000013 29.250000000000004 3.5000000000000004 22.387500000000006 5.5000000000000009 12.070312500000002 1.1250574444522627 1.0221204649632492 1.0167822857346078 38.150000000000013 0.94978112945126536 -0.98664820696349753 25.612500000000004 5.5000000000000009 0.93845596220871974 42.500000000000007 29.750000000000004 75.500000000000014 79.500000000000014 30.387500000000006 1.1855674041436206 1.1649345393363679 1.0321746889846761
decision_type=2 2 2 2 2 2 2 2 2 2 2 2 2 2 2 2 2 2 2 2 2 2 2 2 2 2 2 2 2 2
left_child=1 3 -3 4 5 6 8 18 9 10 -1 -7 -13 14 15 16 17 -14 -8 -10 21 28 23 -23 -24 26 -26 -22 29 -5
right_child=-2 2 -4 20 -6 11 7 -9 19 -11 -12 12 13 -15 -16 -17 -18 -19 -20 -21 27 22 24 -25 25 -27 -28 -29 -30 -31
leaf_value=-0.066682869691434249 0.036516930981506233 -0.013737317654172243 -0.12697754074297737 -0.00021861188521547431 0.0090277959285213136 0.0033273705792466013 0.014839043562994725 -0.15170457795891387 0.022949364715850379 0.015315305295302617 -0.041689052103263721 -0.032235681506005892 0.0053288484299174 -0.20827959109278585 0.018985483891120567 -0.22788732991669899 -0.32342327043881425 -0.052594319267274176 -0.067009151267989439 -0.016207212971952278 0.012953567036818754 0.1172535152251018 0.066047639840509709 -0.055414658629665672 -0.058415973205656273 0.017346858461581946 -0.12836489267443291 -0.1613359468693859 0.064814886594492957 -0.014247784798143318
leaf_weight=87 1347 760 95 44301 33481 8724 135 63 729 171 147 63 675 54 522 81 60 72 54 414 12112 216 3366 702 355 1530 53 122 732 18125
leaf_count=87 1347 760 95 44301 33481 8724 135 63 729 171 147 63 675 54 522 81 60 72 54 414 12112 216 3366 702 355 1530 53 122 732 18125
internal_value=0.000177351 0.000156288 -0.00230994 0.000172872 0.000457041 -0.000356402 -0.00225 -0.00869048 -0.00120155 -0.00598765 -0.011453 -2.38999e-05 -0.00217092 -0.00155738 -0.00102837 -0.0030518 -0.00193928 -0.000823293 -0.00267196 0.000494313 1.4336e-05 -0.000108821 0.00103022 -0.00251634 0.00164404 -0.000521156 -0.0070098 0.000712768 -0.000221033 -0.000259026
internal_weight=129348 128001 855 127146 45532 12051 1800 252 1548 405 234 10251 1527 1464 1410 888 807 747 189 1143 81614 69380 6222 918 5304 1938 408 12234 63158 62426
internal_count=129348 128001 855 127146 45532 12051 1800 252 1548 405 234 10251 1527 1464 1410 888 807 747 189 1143 81614 69380 6222 918 5304 1938 408 12234 63158 62426
is_linear=0
shrinkage=0.05


Tree=161
num_leaves=31
num_cat=0
split_feature=9 3 4 3 11 11 8 11 0 11 9 8 8 9 7 7 0 8 0 1 11 11 8 1 7 8 8 3 3 0
split_gain=2.00244 8.78906 2.12695 5.77641 8.22316 8.54963 6.125 5.21102 4.39349 4.04802 3.84209 5.01243 4.15101 6.34008 3.91905 3.41494 5.50649 5.07174 3.59717 6.38483 3.33741 4.87298 8.16815 4.68589 5.88821 4.17568 6.46684 5.236 4.10427 5.59804
threshold=9.2812500000000018 -0.074117382312902977 -0.91939278948206182 1.0000000180025095e-35 1.0871761346197866 1.0923437463937298 36.850000000000001 0.8675741480979452 83.500000000000014 1.1064219518172318 35.273437500000007 39.650000000000013 39.250000000000007 34.42239583333334 30.012500000000006 33.01250000000001 81.500000000000014 39.750000000000007 60.500000000000007 1.5000000000000002 1.1135526900622577 1.0357773587453021 35.650000000000013 2.5000000000000004 35.812500000000007 34.350000000000001 32.150000000000013 0.039769539193789977 0.099822040462190967 64.500000000000014
decision_type=2 2 2 2 2 2 2 2 2 2 2 2 2 2 2 2 2 2 2 2 2 2 2 2 2 2 2 2 2 2
left_child=1 -1 3 4 -2 6 -6 -5 -7 -10 11 12 13 20 -13 -16 17 18 19 -17 21 25 -23 24 -24 26 -9 -27 -28 -30
right_child=2 -3 -4 7 5 8 -8 10 9 -11 -12 14 -14 -15 15 16 -18 -19 -20 -21 -22 22 23 -25 -26 27 28 -29 29 -31
leaf_value=-0.054320024719564354 0.029997466162870259 0.0016437042789812192 0.0035441298345516184 -0.11058955441730743 -0.15301929894388802 0.012200045491623013 0.00090492874338680496 0.066392621266565768 -0.12702897002287686 -0.039886126262379556 0.063282073789091495 -0.10078112944397111 0.11802921552941936 -0.15353435417015113 0.0033401030119423166 -0.32156033818677665 -0.15281810758779985 -0.02411716794313697 -0.074651468656495121 -0.11153579392181064 0.031769662732619088 -0.00111029667945715 -0.13218702271360147 -0.070653681813016331 -0.38755846670402744 -0.18602777707024545 0.052413823389459206 0.025499606261717135 -0.067242237770791732 -0.001938078338172189
leaf_weight=192 7636 960 107729 96 384 1764 192 480 72 180 768 222 384 96 554 65 79 753 83 61 960 768 314 377 58 96 192 2585 845 403
leaf_count=192 7636 960 107729 96 384 1764 192 480 72 180 768 222 384 96 554 65 79 753 83 61 960 768 314 377 58 96 192 2585 845 403
internal_value=0.000174259 -0.00190104 0.000192908 -0.000274344 0.000566093 -0.00186728 -0.00723958 -0.00111388 -0.000332341 -0.00650794 -0.00100414 -0.00128267 -0.000715798 -0.000986897 -0.00364062 -0.00277429 -0.00446206 -0.00341996 -0.010311 -0.0156349 -0.000813789 -0.00124387 -0.00370138 -0.00741656 -0.0113978 -0.000433601 -0.00221354 0.000841104 -0.00388889 -0.0049359
internal_weight=129348 1152 128196 20467 10228 2592 576 10239 2016 252 10143 9375 7558 7174 1817 1595 1041 962 209 126 7078 6118 1517 749 372 4601 1920 2681 1440 1248
internal_count=129348 1152 128196 20467 10228 2592 576 10239 2016 252 10143 9375 7558 7174 1817 1595 1041 962 209 126 7078 6118 1517 749 372 4601 1920 2681 1440 1248
is_linear=0
shrinkage=0.05


Tree=162
num_leaves=31
num_cat=0
split_feature=0 0 11 4 3 1 1 0 4 10 8 9 4 4 10 1 3 4 11 8 1 8 11 3 3 3 3 9 8 0
split_gain=1.94529 2.32441 3.10946 3.23182 3.69231 5.12121 3.26667 3.24009 8.7821 5.76424 4.43015 5.6723 5.2041 9.41685 4.95268 4.25212 3.58145 5.11878 3.07512 3.05763 2.98295 6.22222 2.77883 2.92527 4.39315 6.94625 2.72222 2.64375 13.8618 6.39088
threshold=1.0000000180025095e-35 33.500000000000007 1.1250574444522627 0.99855310097228334 0.048362692321690152 5.5000000000000009 5.5000000000000009 24.500000000000004 -0.099822328936730861 1.0000000180025095e-35 22.650000000000002 13.695833333333336 0.98332250088165762 0.9863035000474919 1.0000000180025095e-35 1.0000000180025095e-35 0.67167992559793654 1.0000000180025095e-35 1.0337793342305288 42.800000000000004 2.5000000000000004 17.250000000000004 1.0359848163709104 -0.94705910369513524 0.25206111083856975 0.1849296026015865 0.28519915169571858 27.557552083333338 30.050000000000004 85.500000000000014
decision_type=2 2 2 2 2 2 2 2 2 2 2 2 2 2 2 2 2 2 2 2 2 2 2 2 2 2 2 2 2 2
left_child=-1 2 3 7 6 -6 -5 10 -9 16 11 12 18 -14 -15 -12 22 -18 26 -17 21 -16 23 -10 25 -25 -2 29 -29 -3
right_child=1 27 -4 4 5 -7 -8 8 9 -11 15 -13 13 14 20 19 17 -19 -20 -21 -22 -23 -24 24 -26 -27 -28 28 -30 -31
leaf_value=-0.020309295078844158 -0.025371657012397388 0.0002989373707993882 -0.012267610729348542 0.00012999375534542001 -0.19555646904688506 -0.014644654522504725 -0.026331243772890187 0.065853069450703905 0.11208106420639317 0.017670929757297373 0.019166088930750075 0.044711087294597857 -0.079144333203531286 0.08357484231472817 -0.003842797482348813 -0.001298403295769684 -0.17885593667227817 -0.040544385815856218 0.037352439636799677 -0.038545465157423138 -0.0029106224863219166 -0.039317539257193786 0.066245937666947544 -0.046838654814946507 0.036289092874114755 -0.1821710609806021 0.0051667091625210871 -0.17292772147746446 -0.0033052477585685577 0.019553115597257503
leaf_weight=1347 240 38788 2178 660 66 66 66 5589 234 3222 3576 2208 96 240 96 21094 54 495 864 192 264 72 333 900 432 54 1200 310 36952 7460
leaf_count=1347 240 38788 2178 660 66 66 66 5589 234 3222 3576 2208 96 240 96 21094 54 495 864 192 264 72 333 900 432 54 1200 310 36952 7460
internal_value=0.000171553 0.000191444 0.000483356 0.000578191 -0.00245921 -0.0101515 -0.00106061 0.000641057 0.00136259 -1.39761e-05 0.000370248 0.00168561 0.000296224 -0.00326823 -0.0011756 9.0902e-05 -0.00181455 -0.00538251 0.00148438 -0.000177112 -0.004375 -0.00958333 -0.000811572 -0.00166667 -0.00253968 -0.00443396 6.94446e-05 3.5924e-05 -0.000277494 0.000288445
internal_weight=129348 128001 44491 42313 858 132 726 41455 11313 5724 30142 5280 3072 768 672 24862 2502 549 2304 21286 432 168 1953 1620 1386 954 1440 83510 37262 46248
internal_count=129348 128001 44491 42313 858 132 726 41455 11313 5724 30142 5280 3072 768 672 24862 2502 549 2304 21286 432 168 1953 1620 1386 954 1440 83510 37262 46248
is_linear=0
shrinkage=0.05


Tree=163
num_leaves=31
num_cat=0
split_feature=0 0 0 4 4 10 4 7 9 1 3 1 8 1 4 3 0 3 11 3 0 3 8 11 3 8 8 11 4 4
split_gain=1.88922 2.12864 4.28125 16.519 9.62805 7.47802 6.3816 6.36559 9.22446 6.32637 4.78873 4.13806 4.19351 3.78125 3.73602 4.58717 3.43692 4.99164 8.34186 3.34041 8.01515 4.39185 4.8061 4.21185 3.93463 3.71728 10.2379 4.01476 3.65768 4.23731
threshold=94.500000000000014 73.500000000000014 78.500000000000014 -0.44505783185115427 -0.34234976856068178 1.0000000180025095e-35 -0.36648370705903521 10.762500000000001 12.483854166666669 3.5000000000000004 0.7210268013660811 4.5000000000000009 18.250000000000004 1.5000000000000002 0.66367808336324663 -0.0053757284505435614 86.500000000000014 -0.091260668982868151 0.90935105492399704 0.9053161325100999 47.500000000000007 0.94425825643485939 36.550000000000004 1.0299448977757397 0.89787622492179153 30.250000000000004 31.050000000000004 0.93309361111522005 0.17435360825960186 -0.065537083312030994
decision_type=2 2 2 2 2 2 2 2 2 2 2 2 2 2 2 2 2 2 2 2 2 2 2 2 2 2 2 2 2 2
left_child=1 19 3 -3 6 10 -4 8 11 -10 -6 -7 -13 -8 -5 -16 17 -9 -19 24 21 22 -21 25 -1 -23 -27 -28 29 -29
right_child=-2 2 4 14 5 7 13 16 9 -11 -12 12 -14 -15 15 -17 -18 18 -20 20 -22 23 -24 -25 -26 26 27 28 -30 -31
leaf_value=0.0024912832901440502 0.033728820767951459 0.039333450429220457 -0.016371301169102476 -0.04799914944874227 0.060991554012310656 0.005623838898482756 -0.013569977198625339 0.016585593347112178 -0.067703226976463401 -0.0010774534784765402 -0.0050118961753921358 -0.0041461402015144201 -0.03666063425731704 -0.16588998828020718 0.0088227828905563088 -0.049399493371341502 0.018347390442533775 -0.099509576768328015 -0.012580542197691797 0.037953197420072769 0.070143321554095403 0.013217168433236457 -0.059676073053112844 0.010205999163391868 -0.042845272486794157 -0.071639137119474991 -0.069243573873877862 -0.038457014353941887 -0.051080665328838953 0.025479042587647962
leaf_weight=88244 1347 2737 9208 2135 4144 466 64 1539 96 53 1120 94 85 64 860 1000 2997 96 1534 1584 3874 864 96 2496 439 192 144 624 144 1008
leaf_count=88244 1347 2737 9208 2135 4144 466 64 1539 96 53 1120 94 85 64 860 1000 2997 96 1534 1584 3874 864 96 2496 439 192 144 624 144 1008
internal_value=0.000167687 0.000148085 -0.000234695 -0.00133541 0.000108998 0.0010324 -0.00110004 -4.31033e-05 -0.00425693 -0.0154698 0.00245441 -0.00166667 -0.00812849 -0.0121875 -0.00338548 -0.00174731 0.000499514 -0.000648469 -0.00257669 0.000256697 0.00107745 8.5291e-05 0.00232143 -0.000601242 0.000154652 -0.00187164 -0.00300189 -0.00190104 -0.00125 -0.00057598
internal_weight=129348 128001 28292 6732 21560 12224 9336 6960 794 149 5264 645 179 128 3995 1860 6166 3169 1630 99709 11026 7152 1680 5472 88683 2976 2112 1920 1776 1632
internal_count=129348 128001 28292 6732 21560 12224 9336 6960 794 149 5264 645 179 128 3995 1860 6166 3169 1630 99709 11026 7152 1680 5472 88683 2976 2112 1920 1776 1632
is_linear=0
shrinkage=0.05


Tree=164
num_leaves=31
num_cat=0
split_feature=9 3 8 4 8 8 3 8 0 4 9 3 4 3 8 11 11 11 8 0 7 10 0 8 9 0 1 11 9 1
split_gain=1.90789 8.40278 2.08457 1.98655 7.52083 2.14449 5.24856 6.81769 6.39033 4.61878 4.57219 6.97921 5.34875 5.16544 4.56124 4.49244 4.17899 5.1743 4.10764 10.544 10.4514 4.04982 4.7044 5.19635 4.67328 4.38222 4.0274 3.97267 3.53117 3.40531
threshold=9.2812500000000018 -0.074117382312902977 14.100000000000001 0.99995376255531909 17.450000000000003 23.650000000000002 -0.55657520495441892 20.900000000000002 42.500000000000007 0.98174098242282837 18.009635416666672 -0.42180583328916638 0.66367808336324663 -0.49813634056773481 25.850000000000005 0.92213553241242552 0.96159218389975776 1.065666172741313 25.050000000000004 22.500000000000004 16.787500000000005 1.0000000180025095e-35 74.500000000000014 25.050000000000004 19.116666666666671 16.500000000000004 1.5000000000000002 1.0711909405400801 22.358333333333338 2.5000000000000004
decision_type=2 2 2 2 2 2 2 2 2 2 2 2 2 2 2 2 2 2 2 2 2 2 2 2 2 2 2 2 2 2
left_child=1 -1 -3 5 -5 6 8 9 -2 -8 11 13 -12 -7 -13 -9 -11 -18 20 -20 -15 22 23 25 -25 -14 -21 -19 -26 -17
right_child=3 2 -4 4 -6 10 7 15 -10 16 12 14 21 18 -16 29 17 27 19 26 -22 -23 -24 24 28 -27 -28 -29 -30 -31
leaf_value=-0.051583056523776476 -0.056205977346023984 -0.016942019226696421 0.024279893393068585 0.22691839641482636 -0.048444312761002403 -0.010432340796754702 0.0069082459593137399 -0.016060647705523935 0.017045015702671706 -0.048404928196483885 0.0007517434210971047 0.014219987247890156 0.058576864709706813 0.020244585167979317 -0.053135903134851226 0.016042288348747102 0.0032141898064332527 -0.046717928745515259 -0.088606932634102395 -0.093422773374442727 -0.065582827722300827 0.03457723108157125 0.094900231102646768 0.11426101898633595 -0.0057528054719075405 -0.1201195018819381 0.1056178909751011 -0.010988332359938775 -0.073638418725185895 0.0564736239744155
leaf_weight=192 129 672 288 96 96 864 11904 768 159 768 91429 2112 51 201 192 3360 3744 288 69 146 183 3263 798 450 2025 174 73 672 150 4032
leaf_count=192 129 672 288 96 96 864 11904 768 159 768 91429 2112 51 201 192 3360 3744 288 69 146 183 3263 798 450 2025 174 73 672 150 4032
internal_value=0.000168074 -0.00185764 5.20835e-05 0.000186277 -0.00489583 0.0001939 0.000600991 0.000676692 -0.00611111 0.000116828 9.1016e-05 -0.00160156 0.000157108 -0.00421224 0.000138889 0.00186887 -0.00108553 -0.000527211 -0.0075 -0.0120139 -0.00411458 0.00149834 0.000353619 -0.000596491 2.85716e-05 -0.00788889 -0.00664384 -0.00380208 -0.000931034 0.00224702
internal_weight=129348 1152 960 128196 192 128004 25824 25536 288 17376 102180 3840 98340 1536 2304 8160 5472 4704 672 288 384 6911 3648 2850 2625 225 219 960 2175 7392
internal_count=129348 1152 960 128196 192 128004 25824 25536 288 17376 102180 3840 98340 1536 2304 8160 5472 4704 672 288 384 6911 3648 2850 2625 225 219 960 2175 7392
is_linear=0
shrinkage=0.05


Tree=165
num_leaves=31
num_cat=0
split_feature=8 3 0 9 9 0 7 11 3 11 11 9 10 7 1 0 9 9 7 0 3 0 1 7 3 4 4 0 0 0
split_gain=1.89039 3.55556 2.54422 2.45726 4.78456 8.80208 4.12297 2.04861 4.63751 3.64597 3.0859 5.41753 8.44511 6.25065 4.93528 5.09139 3.44173 3.64644 5.24471 3.49038 3.05778 4.15501 2.92521 2.90624 2.88754 4.93817 6.21778 5.72207 10.2351 7.72248
threshold=44.000000000000007 0.57077594689671507 78.500000000000014 35.273437500000007 35.062239583333344 79.500000000000014 30.087500000000006 1.0871761346197866 0.78325454425165997 1.0751037620239305 1.09763366194496 28.312500000000004 1.0000000180025095e-35 29.812500000000004 4.5000000000000009 86.500000000000014 34.42239583333334 9.2812500000000018 7.1875000000000009 17.500000000000004 -0.66528616069191593 51.500000000000007 4.5000000000000009 9.1875000000000018 -0.091260668982868151 -0.91939278948206182 -0.86548532668110156 74.500000000000014 57.500000000000007 80.500000000000014
decision_type=2 2 2 2 2 2 2 2 2 2 2 2 2 2 2 2 2 2 2 2 2 2 2 2 2 2 2 2 2 2
left_child=3 -2 -3 4 7 -6 -5 9 10 24 11 23 -13 14 15 20 17 18 -12 -18 -14 -22 -21 -9 -1 -26 -27 28 -28 -29
right_child=1 2 -4 6 5 -7 -8 8 -10 -11 16 12 13 -15 -16 -17 19 -19 -20 22 21 -23 -24 -25 25 26 27 29 -30 -31
leaf_value=0.0063121277791657968 -0.22031888705804745 0.012967426185265194 -0.10394036257957547 -0.055030564013279715 -0.021834763045177355 -0.18894802544263301 0.062802516745524853 -0.042760817579891454 0.03440168244677598 0.019665767426465707 0.0092101588582130349 0.0047610781535983599 -0.14026303038256085 -0.049215101562807236 -0.23127428502071432 -0.18859499447203032 -0.11932359359539083 -0.0008672485418716523 -0.082811966570049578 0.042654031597468965 0.0053873713290860624 -0.1227512904532321 -0.15840876917744218 0.027997846850664299 -0.019036970362163896 0.056976343691808921 -0.0018660762761512129 -0.038717685470914212 0.035828566364664909 -0.0013374217419135301
leaf_weight=50738 96 237 51 98 320 64 1438 52 2103 4605 146 672 171 343 55 72 54 9684 142 156 168 55 78 716 8131 2007 28340 2927 8305 7324
leaf_count=50738 96 237 51 98 320 64 1438 52 2103 4605 146 672 171 343 55 72 54 9684 142 156 168 55 78 716 8131 2007 28340 2927 8305 7324
internal_value=0.00016962 -0.00333333 -0.000555555 0.00018005 0.000156088 -0.00541667 0.00216797 0.000172932 -0.000382832 0.000245469 -0.000746577 -0.00240017 -0.00411458 -0.00738426 -0.0108349 -0.00916309 -0.000375243 -0.000219615 -0.00576389 -0.00576389 -0.00692893 -0.00307175 -0.00311966 0.00102865 0.000186598 -5.75094e-05 0.000132201 1.55665e-05 0.000307682 -0.00102868
internal_weight=129348 384 288 128964 127428 384 1536 127044 14667 112377 12564 2304 1536 864 521 466 10260 9972 288 288 394 223 234 768 107772 57034 48903 46896 36645 10251
internal_count=129348 384 288 128964 127428 384 1536 127044 14667 112377 12564 2304 1536 864 521 466 10260 9972 288 288 394 223 234 768 107772 57034 48903 46896 36645 10251
is_linear=0
shrinkage=0.05


Tree=166
num_leaves=31
num_cat=0
split_feature=0 0 0 4 10 3 11 4 4 10 11 1 3 1 11 10 7 4 0 9 4 3 11 8 11 1 4 3 3 11
split_gain=1.85951 2.18244 3.59824 9.36754 6.21352 5.17278 6.12221 4.19315 4.26985 19.9637 5.78704 4.69444 3.87879 3.86406 6.17714 3.34116 8.19881 5.50648 17.2727 12.3708 10.3828 8.27089 5.41917 5.38234 15.8661 14.6253 5.11881 7.42641 5.05766 4.93132
threshold=1.0000000180025095e-35 31.500000000000004 24.500000000000004 -0.099822328936730861 1.0000000180025095e-35 0.76696112484652035 1.0400758936931782 0.65071284653328287 0.61067742788105683 1.0000000180025095e-35 0.98138839572728742 4.5000000000000009 0.23537774960157334 1.0000000180025095e-35 1.1218908147696223 1.0000000180025095e-35 16.012500000000006 -0.5129677127369543 19.500000000000004 25.992708333333336 -0.39036009226888674 0.86548282553247169 1.0554868164159037 37.050000000000004 1.0072311150830457 5.5000000000000009 -0.79382744783423187 0.3342611484689354 -0.01397611846945947 0.97613136811415224
decision_type=2 2 2 2 2 2 2 2 2 2 2 2 2 2 2 2 2 2 2 2 2 2 2 2 2 2 2 2 2 2
left_child=-1 2 7 -4 5 -5 -7 8 13 10 -10 -12 -9 14 -2 17 -17 26 20 -20 21 -19 -23 -18 25 -25 27 -15 -26 -29
right_child=1 -3 3 4 -6 6 -8 12 9 -11 11 -13 -14 15 -16 16 23 18 19 -21 -22 22 -24 24 28 -27 -28 29 -30 -31
leaf_value=-0.019814034380531708 0.02385876088124415 0.00065721740312895674 0.066125139233177352 -0.017696449206370663 0.01920341215342003 -0.078948814848291554 -0.14646163301627721 0.0020188456138262455 -0.075408722891660798 0.056497214912733101 -0.0038263448735960945 -0.070588115156309097 0.024030734051197704 0.030110393645714429 -0.046976134299393811 0.050218408244803447 -0.007554125231155358 -0.0078922498586460887 -0.084637184955965727 -0.018942938482203645 0.030558195947122765 -0.069276786564044887 -0.080656648070188589 -0.046586732026180286 -0.085644610532256055 -0.32249862297914139 0.094633653564104553 0.062447832476225866 -0.0064577138803956109 -0.062399447648431944
leaf_weight=1347 3072 86208 4697 1757 2653 259 77 5616 72 264 72 72 3504 2232 144 672 9891 171 335 325 2204 76 57 168 72 70 1488 216 1077 480
leaf_count=1347 3072 86208 4697 1757 2653 259 77 5616 72 264 72 72 3504 2232 144 672 9891 171 335 325 2204 76 57 168 72 70 1488 216 1077 480
internal_value=0.000166528 0.000185975 0.000482497 0.00134121 -0.000225453 -0.0022623 -0.00794643 0.000231839 -0.000124838 -0.00479167 -0.0160648 -0.0102778 0.00114035 -2.63734e-05 0.0015796 -0.000290775 -0.000811715 0.000530063 -0.00106061 -0.00825758 0.000833334 -0.00782895 -0.0171805 -0.00113141 -0.00404831 -0.0157983 0.0016712 0.00045765 -0.00161445 -0.00405172
internal_weight=129348 128001 41793 9443 4746 2093 336 32350 23230 480 216 144 9120 22750 3216 19534 11950 7584 3168 660 2508 304 133 11278 1387 238 4416 2928 1149 696
internal_count=129348 128001 41793 9443 4746 2093 336 32350 23230 480 216 144 9120 22750 3216 19534 11950 7584 3168 660 2508 304 133 11278 1387 238 4416 2928 1149 696
is_linear=0
shrinkage=0.05


Tree=167
num_leaves=31
num_cat=0
split_feature=11 0 0 0 1 3 8 3 0 0 11 11 11 0 7 11 11 1 3 8 9 1 9 8 10 0 3 0 9 3
split_gain=1.90657 1.80936 3.64814 2.7555 4.33372 3.61746 7.67354 3.56252 4.13238 5.1118 3.90745 3.6892 4.07882 4.65246 3.03855 4.30086 4.35181 3.80491 3.73407 3.57903 3.0771 2.95464 2.94365 3.85998 3.60602 8.61041 8.45111 7.70097 3.99669 4.13404
threshold=1.2071527841224958 33.500000000000007 7.5000000000000009 52.500000000000007 4.5000000000000009 -0.75015329512557205 34.850000000000001 0.97875492728876534 69.500000000000014 86.500000000000014 0.94757355787554809 1.0226926418345352 1.0598548649382187 75.500000000000014 35.38750000000001 1.0022599257946228 1.0095531556613402 3.5000000000000004 0.98372640911059162 44.000000000000007 29.860156250000006 4.5000000000000009 28.369010416666672 31.250000000000004 1.0000000180025095e-35 67.500000000000014 0.7210268013660811 78.500000000000014 26.423697916666669 0.15101559051660998
decision_type=2 2 2 2 2 2 2 2 2 2 2 2 2 2 2 2 2 2 2 2 2 2 2 2 2 2 2 2 2 2
left_child=1 2 -1 4 5 6 -3 22 -9 10 -10 -12 13 -13 15 -7 18 20 -17 -16 -18 -15 24 -24 26 -26 27 28 29 -5
right_child=-2 3 -4 7 -6 14 -8 8 9 -11 11 12 -14 21 19 16 17 -19 -20 -21 -22 -23 23 -25 25 -27 -28 -29 -30 -31
leaf_value=-0.0038889924689967724 -0.030251502167615404 0.018020695523775981 0.0079144179116653109 -0.013549449123363068 0.0095853710958997314 -0.0089128410112104383 -0.096819991194273314 0.1326820760674938 -0.086911453027326252 0.081959467883860937 0.044029396083224502 0.015482266367338815 0.01714628428404007 -0.071175735518822614 0.021669613569514308 -0.047482661815492169 -0.0065586178220955922 -0.074299517651458799 -0.092052304720501271 -0.25536439464988664 -0.065037769625539726 -0.10321750586745111 -0.095886889049062785 -0.0048166507144918793 0.024099435048611881 -0.0066260696488356606 -0.025898629910561112 0.057928788767071283 0.12461849241878112 0.04312706479223935
leaf_weight=10711 864 3496 34821 4160 7594 6412 95 1224 170 648 476 96 306 99 1862 618 3362 1101 110 57 711 77 172 20431 7106 13272 1804 4607 936 1950
leaf_count=10711 864 3496 34821 4160 7594 6412 95 1224 170 648 476 96 306 99 1862 618 3362 1101 110 57 711 77 172 20431 7106 13272 1804 4607 936 1950
internal_value=0.000164981 0.000180723 0.000433981 4.17111e-05 -0.000391848 -0.000817998 0.000600112 0.000233254 0.00188308 0.000405983 -0.0014951 -0.000360531 -0.00304498 -0.0075 -0.00117579 -0.00146419 -0.00243816 -0.00192887 -0.00605769 0.000674831 -0.00122391 -0.0123295 0.000139425 -0.000331748 0.000426334 6.87034e-06 0.00106153 0.00155454 0.000515186 4.91e-05
internal_weight=129348 128484 45532 82952 25418 17824 3591 57534 3096 1872 1224 1054 578 272 14233 12314 5902 5174 728 1919 4073 176 54438 20603 33835 20378 13457 11653 7046 6110
internal_count=129348 128484 45532 82952 25418 17824 3591 57534 3096 1872 1224 1054 578 272 14233 12314 5902 5174 728 1919 4073 176 54438 20603 33835 20378 13457 11653 7046 6110
is_linear=0
shrinkage=0.05


Tree=168
num_leaves=31
num_cat=0
split_feature=0 10 7 0 3 4 8 0 4 0 3 10 4 0 9 11 9 0 10 3 8 0 7 11 0 11 11 8 8 8
split_gain=1.74824 3.36959 2.94634 1.97665 4.13561 7.5887 3.67119 4.34361 7.23323 3.30632 6.80682 8.07375 4.84204 3.96794 5.7288 3.69034 3.57931 3.56188 3.18826 4.83397 4.63216 4.47299 3.40988 3.14038 3.49397 3.1307 3.1184 3.81192 6.87509 5.09103
threshold=92.500000000000014 1.0000000180025095e-35 25.512500000000006 73.500000000000014 -0.0053757284505435614 0.62420859727530387 33.750000000000007 77.500000000000014 -0.27694043983797384 60.500000000000007 0.3342611484689354 1.0000000180025095e-35 0.48126256173783166 66.500000000000014 27.127864583333338 1.0923437463937298 15.609895833333335 35.500000000000007 1.0000000180025095e-35 -0.2102246306142678 16.300000000000001 75.500000000000014 10.012500000000001 1.1250574444522627 8.5000000000000018 0.93825018639968583 1.017018146119014 25.150000000000002 24.350000000000005 21.950000000000003
decision_type=2 2 2 2 2 2 2 2 2 2 2 2 2 2 2 2 2 2 2 2 2 2 2 2 2 2 2 2 2 2
left_child=3 -2 -3 9 5 6 7 8 -5 17 11 12 -11 14 -13 -16 -14 23 -7 21 -21 -20 -22 24 -1 -26 27 28 29 -18
right_child=1 2 -4 4 -6 18 -8 -9 -10 10 -12 13 16 -15 15 -17 26 -19 19 20 22 -23 -24 -25 25 -27 -28 -29 -30 -31
leaf_value=-0.0029449129541208904 0.054858574656738338 0.019768025479011644 -0.033246229634616174 -0.0018416248641898527 -0.01122154927912496 0.084240339076127491 0.045355792849894466 -0.0027932686396696001 -0.062759866188339758 0.11060510456735631 0.046416319865665315 0.054799325755547336 0.040264501665560011 -0.028822552466378312 -0.044232949622668959 0.064879998840729119 -0.14039016674495045 -0.0044658085886504001 -0.02445998223419979 0.023715474632815006 -0.039047863674235017 0.04489466133835858 -0.016818015644776623 -0.013704794420824057 0.023429549532188596 0.0054201127882246951 0.041372381511882772 -0.012222172075761185 -0.15184348956560836 0.020445737240426708
leaf_weight=11538 1701 1340 1001 892 13030 1729 1642 5895 680 2743 6620 1422 871 3366 1186 282 52 33671 134 171 58 1139 227 2376 7060 27560 299 442 78 143
leaf_count=11538 1701 1340 1001 892 13030 1729 1642 5895 680 2743 6620 1422 871 3366 1186 282 52 33671 134 171 58 1139 227 2376 7060 27560 299 442 78 143
internal_value=0.000166528 0.00119001 -4.05808e-05 0.000133513 -0.000258429 0.000388717 -0.000368317 -0.000839025 -0.0031743 0.000234132 0.00085809 8.91218e-05 0.00167243 -0.00108216 0.000276817 -0.00191417 -0.000278514 0.000101271 0.00238288 0.000864662 -0.00355263 0.00244698 -0.00745614 0.000375407 0.000466658 0.000717793 -0.00229783 -0.00409091 -0.00873626 -0.00371795
internal_weight=129348 4042 2341 125306 25597 12567 9109 7467 1572 99709 17504 10884 4628 6256 2890 1468 1885 82205 3458 1729 456 1273 285 48534 46158 34620 1014 715 273 195
internal_count=129348 4042 2341 125306 25597 12567 9109 7467 1572 99709 17504 10884 4628 6256 2890 1468 1885 82205 3458 1729 456 1273 285 48534 46158 34620 1014 715 273 195
is_linear=0
shrinkage=0.05


Tree=169
num_leaves=31
num_cat=0
split_feature=0 0 0 4 10 3 11 4 4 10 11 1 3 1 11 3 3 8 9 9 10 3 1 7 3 4 4 7 1 1
split_gain=1.62612 1.86331 3.25624 8.86592 5.19203 4.14736 4.25338 3.78194 4.26591 19.1523 6.02083 4.34028 3.59669 3.22972 5.59682 3.17969 7.05458 5.40094 6.37212 4.65939 6.05681 5.00216 5.19697 5.05452 4.06721 3.83661 7.27273 3.59667 4.71728 3.48726
threshold=1.0000000180025095e-35 31.500000000000004 24.500000000000004 -0.099822328936730861 1.0000000180025095e-35 0.67167992559793654 1.0400758936931782 0.65071284653328287 0.61067742788105683 1.0000000180025095e-35 0.98138839572728742 4.5000000000000009 0.23537774960157334 1.0000000180025095e-35 1.1218908147696223 -0.57078386445773377 -0.55657520495441892 25.450000000000003 18.633333333333336 14.060937500000003 1.0000000180025095e-35 0.048362692321690152 3.5000000000000004 6.7375000000000016 -0.43733984355855576 0.98332250088165762 0.9863035000474919 10.012500000000001 5.5000000000000009 3.5000000000000004
decision_type=2 2 2 2 2 2 2 2 2 2 2 2 2 2 2 2 2 2 2 2 2 2 2 2 2 2 2 2 2 2
left_child=-1 2 7 -4 5 -5 -7 8 13 10 -10 -12 15 14 -2 -9 -17 19 -19 20 21 -18 -23 -24 -21 -22 -27 28 29 -28
right_child=1 -3 3 4 -6 6 -8 12 9 -11 11 -13 -14 -15 -16 16 17 18 -20 24 25 22 23 -25 -26 26 27 -29 -30 -31
leaf_value=-0.018383282509971809 0.022185723279658984 0.00069412233852408174 0.06184519698506824 -0.016336977188825597 0.017112798899177696 -0.066959489072384179 -0.13923153057589288 0.021275780475181735 -0.072305013282072159 0.053613921233595152 -0.0043017541649106716 -0.066817856414641746 0.022512762764295861 -0.00345973426481401 -0.044412481707154831 -0.04416995594051068 0.07876253145394467 -0.074415121403168236 -0.0049674957644663406 -0.0070895977603778488 0.0031058201802389006 0.20828194562308316 -0.055942193125240153 -0.021161352676363755 0.049985808869099028 -0.077252895732723134 -0.016876370660577521 0.0071652444460036865 -0.024701214758010022 0.011500484529709304
leaf_weight=1347 3072 86208 4697 1645 2653 371 77 1248 72 264 72 72 3504 19534 144 96 768 120 192 624 336 96 53 115 1176 72 338 162 57 163
leaf_count=1347 3072 86208 4697 1645 2653 371 77 1248 72 264 72 72 3504 19534 144 96 768 120 192 624 336 96 53 115 1176 72 338 162 57 163
internal_value=0.000158023 0.00017621 0.000450195 0.00126708 -0.000257058 -0.00211897 -0.00638393 0.000211747 -0.000126991 -0.00479167 -0.0158333 -0.00993056 0.00107456 -2.85712e-05 0.00143968 0.000290242 -0.000345696 -4.44755e-05 -0.0063782 0.000454546 -0.00111111 0.00165698 -0.0042803 -0.00958333 0.00233333 -0.00364362 -0.00554293 -0.00402778 -0.0059319 -0.00438124
internal_weight=129348 128001 41793 9443 4746 2093 448 32350 23230 480 216 144 9120 22750 3216 5616 4368 4272 312 3960 2160 1032 264 168 1800 1128 792 720 558 501
internal_count=129348 128001 41793 9443 4746 2093 448 32350 23230 480 216 144 9120 22750 3216 5616 4368 4272 312 3960 2160 1032 264 168 1800 1128 792 720 558 501
is_linear=0
shrinkage=0.05


Tree=170
num_leaves=31
num_cat=0
split_feature=11 9 9 11 11 7 7 9 1 0 1 8 0 0 0 1 3 0 8 0 0 11 11 3 11 10 7 11 3 8
split_gain=1.703 1.81481 2.22222 1.72579 5.34845 3.44688 3.22933 2.92331 2.91699 3.27901 1.76944 2.86123 1.56567 1.6655 3.16812 3.07804 3.09246 4.39402 5.55608 4.09509 2.82223 2.97972 3.555 2.6081 3.28902 5.16259 3.5 3.2257 8.15112 4.5206
threshold=1.2071527841224958 34.603385416666676 32.651041666666671 1.1649345393363679 1.1538549292311382 27.887500000000006 38.562500000000007 28.836718750000006 5.5000000000000009 68.500000000000014 4.5000000000000009 38.45000000000001 94.500000000000014 33.500000000000007 8.5000000000000018 5.5000000000000009 0.93845596220871974 42.500000000000007 29.750000000000004 69.500000000000014 85.500000000000014 0.94757355787554809 0.99547686574958993 -0.86546281643016554 0.83812870703902109 1.0000000180025095e-35 25.612500000000004 1.0307298263784668 -0.98664820696349753 29.250000000000004
decision_type=2 2 2 2 2 2 2 2 2 2 2 2 2 2 2 2 2 2 2 2 2 2 2 2 2 2 2 2 2 2
left_child=3 2 -2 4 12 -6 10 -5 -9 -10 -7 -12 13 14 23 16 -15 18 -18 -19 21 -21 -23 27 25 26 -25 29 -29 -1
right_child=1 -3 -4 7 5 6 -8 8 9 -11 11 -13 -14 15 -16 -17 17 19 -20 20 -22 22 -24 24 -26 -27 -28 28 -30 -31
leaf_value=-0.043112904673130656 -0.041112392869030047 -0.10595252761211654 0.056048313295543786 -0.087842520127969226 -0.050107420943984751 0.057233277744644706 -0.21008651793895436 0.080815865666841624 0.027347685691962432 -0.3987321111614972 0.0014301230628818247 -0.13625661471484454 0.032264021711443394 -0.0030294064793198951 0.0077709638535516691 0.01267217362910931 0.10978276682492823 0.065580977171888974 -0.051316207701102068 -0.070089312969649264 0.033667557218698331 0.057608502705827153 -0.023028644907925132 -0.1070661890347942 0.0015719296577147966 0.0040001828230157403 -0.064316639317232929 0.0048454677954106011 -0.11003876733100854 0.0039122889031476694
leaf_weight=405 480 96 288 96 121 249 51 1056 138 54 155 96 1317 61999 32956 12112 216 2754 702 208 918 400 1024 63 9741 195 63 144 108 1143
leaf_count=405 480 96 288 96 121 249 51 1056 138 54 155 96 1317 61999 32956 12112 216 2754 702 208 918 400 1024 63 9741 195 63 144 108 1143
internal_value=0.000152225 -0.00206018 -0.00125 0.000167103 0.000148262 -0.00430059 -0.0026225 0.0019494 0.00259615 -0.00307292 -0.0014 -0.00436255 0.000171901 0.000153854 0.000398055 1.76144e-05 -0.000112795 0.000949856 -0.00224401 0.00150264 5.88237e-05 -0.00118873 -0.000372191 -0.000302647 1.09324e-05 -0.00496885 -0.0128571 -0.00205556 -0.00730159 -0.00120155
internal_weight=129348 864 768 128484 127140 672 551 1344 1248 192 500 251 126468 125151 44818 80333 68221 6222 918 5304 2550 1632 1424 11862 10062 321 126 1800 252 1548
internal_count=129348 864 768 128484 127140 672 551 1344 1248 192 500 251 126468 125151 44818 80333 68221 6222 918 5304 2550 1632 1424 11862 10062 321 126 1800 252 1548
is_linear=0
shrinkage=0.05


Tree=171
num_leaves=31
num_cat=0
split_feature=0 7 10 3 4 7 8 11 11 0 11 11 8 1 8 10 0 11 0 0 0 0 11 4 3 0 3 4 8 8
split_gain=1.5705 2.40038 2.26224 1.83039 1.54193 2.61976 4.35163 5.54472 4.59606 5.01775 3.33458 3.07424 3.0383 5.14702 2.98911 3.7353 3.51047 2.94609 2.59849 2.15339 1.66429 2.74188 2.65215 2.59348 3.11382 2.2745 5.47439 5.93211 5.53605 3.82308
threshold=93.500000000000014 25.012500000000006 1.0000000180025095e-35 -0.21861968191509915 0.99748108949426018 14.212500000000004 18.950000000000003 0.97407968238158804 0.97366293224832023 22.500000000000004 1.065666172741313 0.99466861273465434 17.450000000000003 2.5000000000000004 19.150000000000002 1.0000000180025095e-35 12.500000000000002 0.97366293224832023 26.500000000000004 39.500000000000007 35.500000000000007 4.5000000000000009 0.93825018639968583 -0.48313741114591585 -0.082689790342551819 43.500000000000007 -0.89015004145349408 -0.61915584096709908 34.750000000000007 35.050000000000004
decision_type=2 2 2 2 2 2 2 2 2 2 2 2 2 2 2 2 2 2 2 2 2 2 2 2 2 2 2 2 2 2
left_child=4 -2 -3 -4 20 6 11 8 9 -8 17 -6 -13 -14 18 -16 -17 19 -9 -7 21 -1 23 24 -23 26 28 -28 -22 -29
right_child=1 2 3 -5 5 10 7 14 -10 -11 -12 12 13 -15 15 16 -18 -19 -20 -21 25 22 -24 -25 -26 -27 27 29 -30 -31
leaf_value=-0.0055800386399088115 0.041679451059980499 0.052769685692170692 -0.05393883595420406 0.0058085091160992993 0.027645036033343274 0.1556357352116674 0.017458525274405192 -0.0095849682325875336 -0.33813222762334427 -0.10926675260645197 -0.053959811930704482 -0.0014246500792143458 -0.094227426227794855 0.0072684774202139927 0.19201602262627568 -0.050006787357143326 -0.0046099260398687553 0.076616250740484698 -0.13456798689670663 -0.021958113878135045 0.051660629181030572 0.082883011566973655 0.0035856164901903118 0.0046655539867660962 0.010810887352941207 0.0016368413301812328 0.010158161773973679 -0.025275087432166089 -0.10688489378156296 -0.056379946405651062
leaf_weight=6570 1464 521 365 344 321 84 50 54 58 76 99 882 144 121 175 52 161 620 63 236 1376 2248 32757 4061 1674 65648 3685 4800 64 575
leaf_count=6570 1464 521 365 344 321 84 50 54 58 76 99 882 144 121 175 52 161 620 63 236 1376 2248 32757 4061 1674 65648 3685 4800 64 575
internal_value=0.000149133 0.00134373 -0.000284553 -0.00212271 0.000123723 -0.000960576 -0.0019541 -0.00523222 -0.012663 -0.00730159 0.00110202 -0.000415531 -0.00162598 -0.00632075 -0.00252475 -0.000412371 -0.00485915 0.00202128 -0.00952991 -0.001875 0.000151793 0.000384697 0.000537555 0.00135475 0.0022718 7.09164e-06 -0.00067619 -0.00113135 0.0021875 -0.0021907
internal_weight=129348 2694 1230 709 126654 3196 2157 689 184 126 1039 1468 1147 265 505 388 213 940 117 320 123458 47310 40740 7983 3922 76148 10500 9060 1440 5375
internal_count=129348 2694 1230 709 126654 3196 2157 689 184 126 1039 1468 1147 265 505 388 213 940 117 320 123458 47310 40740 7983 3922 76148 10500 9060 1440 5375
is_linear=0
shrinkage=0.05


Tree=172
num_leaves=31
num_cat=0
split_feature=0 11 9 9 11 11 7 9 1 0 7 0 0 4 10 4 8 9 10 0 7 7 4 0 3 3 9 3 3 11
split_gain=1.62541 1.59674 1.9 1.86982 1.60764 3.97194 3.04272 2.92799 2.6435 3.08228 2.48281 1.43197 2.75648 8.9363 4.87916 4.11003 4.05817 10.9028 8.24962 24.463 10.7491 9.36182 9.01708 7.33297 6.98573 13.5362 10.189 5.23272 4.37639 10.5017
threshold=94.500000000000014 1.2071527841224958 34.603385416666676 32.651041666666671 1.1649345393363679 1.1538549292311382 27.887500000000006 28.836718750000006 5.5000000000000009 68.500000000000014 38.562500000000007 33.500000000000007 24.500000000000004 -0.099822328936730861 1.0000000180025095e-35 0.65071284653328287 30.450000000000003 27.666406250000005 1.0000000180025095e-35 18.500000000000004 24.687500000000004 16.012500000000006 0.61067742788105683 13.500000000000002 0.85673801594079257 0.93845596220871974 23.317968750000002 -0.83847110675477843 -0.11692013674435776 1.0916629031903622
decision_type=2 2 2 2 2 2 2 2 2 2 2 2 2 2 2 2 2 2 2 2 2 2 2 2 2 2 2 2 2 2
left_child=1 4 3 -3 5 11 -7 -6 -9 -10 -8 12 15 -14 -15 16 17 18 19 22 27 -20 -1 24 -23 -26 -27 -21 29 -18
right_child=-2 2 -4 -5 7 6 10 8 9 -11 -12 -13 13 14 -16 -17 28 -19 21 20 -22 23 -24 -25 25 26 -28 -29 -30 -31
leaf_value=0.016865747127578792 0.030277653466762033 -0.038627494000822493 -0.10200035080930901 0.051466212824165469 -0.08355034926950422 -0.048375993688981336 -0.018077082758247872 0.075277000979116604 0.025770639621179099 -0.39129870474822204 -0.19966403410851541 0.00042752118345082884 0.054582582806872719 -0.028437124045197659 0.012021191874830939 0.0078380763653693956 0.025728468007350846 -0.080164369932792134 0.051865949608825471 -0.064684398434403295 0.096822792560540549 -0.015050712172084382 -0.045304896426500887 0.017443061804962912 -0.051813785592345299 0.026897069922723824 -0.064077092066286465 -0.093486010034608769 -0.0057008663445520316 -0.032927147829349669
leaf_weight=1216 1347 475 95 285 95 119 495 1045 138 52 51 80333 5769 2691 3411 9500 6858 75 945 119 67 1257 171 1098 88 156 56 252 9814 1275
leaf_count=1216 1347 475 95 285 95 119 495 1045 138 52 51 80333 5769 2691 3411 9500 6858 75 945 119 67 1257 171 1098 88 156 56 252 9814 1275
internal_value=0.000154158 0.000135976 -0.00201754 -0.00118421 0.000150457 0.000132177 -0.0037218 0.0018797 0.00253036 -0.00289474 -0.00214286 0.000152656 0.000379089 0.00103235 -0.00030154 0.000143716 -0.000211754 -0.0014 -0.00113825 -0.00387671 -0.0141781 0.00025 -0.000623648 -0.00127119 -0.00347784 -0.0103333 -0.00349057 -0.0175067 0.000152393 0.00101008
internal_weight=129348 128001 855 760 127146 125816 665 1330 1235 190 546 125151 44818 11871 6102 32947 23447 5500 5425 1825 438 3600 1387 2655 1557 300 212 371 17947 8133
internal_count=129348 128001 855 760 127146 125816 665 1330 1235 190 546 125151 44818 11871 6102 32947 23447 5500 5425 1825 438 3600 1387 2655 1557 300 212 371 17947 8133
is_linear=0
shrinkage=0.05


Tree=173
num_leaves=31
num_cat=0
split_feature=10 0 0 7 4 0 3 0 8 4 9 4 4 3 9 4 11 0 0 3 7 7 3 9 9 9 0 4 3 1
split_gain=1.7511 6.37489 9.51095 14.1502 20.8604 11.8302 8.19741 7.77882 11.1293 7.14684 6.61681 6.49834 6.36013 5.72723 12.7275 15.4272 7.0412 8.80358 5.67454 6.41196 7.35738 5.32066 5.4809 5.05884 7.44023 5.54466 5.41292 4.8216 6.22963 7.28995
threshold=1.0000000180025095e-35 17.500000000000004 63.500000000000007 24.337500000000006 0.7487283477006671 31.500000000000004 0.25206111083856975 25.500000000000004 33.050000000000004 -0.82413948779581736 16.601302083333337 0.52583933546504591 -0.022575793296316496 0.79904096188274243 21.109114583333337 0.22491561436810906 1.0086109360742508 13.500000000000002 72.500000000000014 1.0000000180025095e-35 24.812500000000004 13.037500000000003 0.01505151768384008 29.296614583333341 25.782291666666669 23.317968750000002 53.500000000000007 0.85561368268953431 -0.39036798905311365 2.5000000000000004
decision_type=2 2 2 2 2 2 2 2 2 2 2 2 2 2 2 2 2 2 2 2 2 2 2 2 2 2 2 2 2 2
left_child=1 10 3 4 7 -5 21 8 -3 -7 -1 12 -9 -2 -15 23 17 -17 -4 20 -20 22 -6 24 25 -16 -27 -12 29 -29
right_child=13 2 18 5 6 9 -8 11 -10 -11 27 -13 -14 14 15 16 -18 -19 19 -21 -22 -23 -24 -25 -26 26 -28 28 -30 -31
leaf_value=0.081629824420043781 -0.0022924452581983084 -0.071171243178335453 0.075912465320346512 0.085656011556067238 -0.030668215211541779 -0.035943139745446655 0.036607004847935269 -0.15589576429449348 0.0026824568943445474 0.012783158967921697 0.013741108797791751 -0.070410862690897094 0.010076970464895968 0.068194545956177383 0.051817240177204016 -0.064757320240009672 -0.019743301364498998 -0.033309553155202003 0.06246185370763202 -0.0099963970562674601 -0.00081110339724049731 -0.0073611514260075121 -0.093717003957393061 -0.013234789950364759 0.062824315828689581 -0.029972835013603219 0.01647702307602416 -0.082168424602140674 0.15046485444523811 -0.030802130041450104
leaf_weight=2214 61010 1009 5103 3631 1077 4288 2503 64 307 8051 7722 1054 834 2592 864 56 1824 328 3019 6645 3375 2827 433 1728 4507 1134 879 54 90 126
leaf_count=2214 61010 1009 5103 3631 1077 4288 2503 64 307 8051 7722 1054 834 2592 864 56 1824 328 3019 6645 3375 2827 433 1728 4507 1134 879 54 90 126
internal_value=0.000154931 0.000370779 0.00011081 -0.000500805 -0.00196478 0.000425799 -0.000394737 -0.00525092 -0.00822188 -0.000312424 0.00149716 -0.00324795 -0.000122494 -1.86842e-06 0.0009136 0.00018993 -0.00355978 -0.00971354 0.000989968 0.000436767 0.00156709 -0.00170971 -0.00410596 0.00109855 0.00166847 -0.000318039 -0.00175609 0.000827077 -0.00574074 -0.0111111
internal_weight=129348 54426 44220 26078 10108 15970 6840 3268 1316 12339 10206 1952 898 74922 13912 11320 2208 384 18142 13039 6394 4337 1510 9112 7384 2877 2013 7992 270 180
internal_count=129348 54426 44220 26078 10108 15970 6840 3268 1316 12339 10206 1952 898 74922 13912 11320 2208 384 18142 13039 6394 4337 1510 9112 7384 2877 2013 7992 270 180
is_linear=0
shrinkage=0.05


Tree=174
num_leaves=31
num_cat=0
split_feature=10 0 0 7 4 0 4 3 11 1 8 9 4 3 9 4 11 0 0 3 0 3 7 1 0 9 9 9 0 7
split_gain=1.67362 6.06002 8.99968 12.5196 18.6746 10.3701 7.50827 6.90706 6.35681 9.03354 7.79759 5.78996 5.75248 5.71184 11.7288 13.9292 6.38363 7.63002 5.471 7.28978 5.09288 5.80922 7.00309 4.73221 4.56279 4.45422 6.39438 4.84036 4.70709 4.26562
threshold=1.0000000180025095e-35 17.500000000000004 63.500000000000007 24.337500000000006 0.7487283477006671 32.500000000000007 0.51113019672828186 0.23537774960157334 0.96985539426879674 1.5000000000000002 25.750000000000004 16.601302083333337 -0.82413948779581736 0.79904096188274243 21.109114583333337 0.22491561436810906 1.0086109360742508 13.500000000000002 27.500000000000004 0.87397152483179585 72.500000000000014 1.0000000180025095e-35 24.812500000000004 3.5000000000000004 7.5000000000000009 29.296614583333341 25.782291666666669 23.317968750000002 53.500000000000007 13.037500000000003
decision_type=2 2 2 2 2 2 2 2 2 2 2 2 2 2 2 2 2 2 2 2 2 2 2 2 2 2 2 2 2 2
left_child=1 11 3 4 6 -5 18 29 9 -8 -10 -1 -7 -2 -15 25 17 -17 19 -3 -4 22 -22 -11 -13 26 27 -16 -29 -6
right_child=13 2 20 5 7 12 8 -9 10 23 -12 24 -14 14 15 16 -18 -19 -20 -21 21 -23 -24 -25 -26 -27 -28 28 -30 -31
leaf_value=0.077548333199041794 -0.0021778229952880064 -0.016657882426569137 0.072116842054328653 0.079491841059044388 -0.048187702688049207 -0.034220475893423037 -0.036240264785108098 0.033293666827147614 0.017488467336444963 -0.15307118261010794 -0.060727806913301874 -0.0061523625668396384 0.011050889297894094 0.064784818658368645 0.049226378168343986 -0.061519454228009411 -0.018756136296274727 -0.031644075497442407 0.0089572787002649076 -0.062101578895260759 0.059338761022249734 -0.0094965772034546828 -0.00077054822737850851 -0.1083450258832408 0.02381708561910029 -0.012573050452846761 0.05968310003725498 -0.028474193262922755 0.0156531719222231 -0.0073760767860118334
leaf_weight=2214 61010 564 5103 3937 1482 4154 166 2595 340 54 764 3552 7879 2592 864 56 1824 328 673 471 3019 6645 3375 236 4440 1728 4507 1134 879 2763
leaf_count=2214 61010 564 5103 3937 1482 4154 166 2595 340 54 764 3552 7879 2592 864 56 1824 328 673 471 3019 6645 3375 236 4440 1728 4507 1134 879 2763
internal_value=0.000163435 0.000374454 0.000120986 -0.000473963 -0.00185101 0.000397621 -0.00496022 -0.000365497 -0.00746795 -0.0124342 -0.00541667 0.00147266 -0.000331172 1.01441e-05 0.000924382 0.000229682 -0.00333333 -0.00919271 -0.00266979 -0.00495169 0.000976188 0.000452105 0.001528 -0.0177586 0.000845846 0.00109306 0.00162784 -0.000213764 -0.00155738 -0.00160777
internal_weight=129348 54426 44220 26078 10108 15970 3268 6840 1560 456 1104 10206 12033 74922 13912 11320 2208 384 1708 1035 18142 13039 6394 290 7992 9112 7384 2877 2013 4245
internal_count=129348 54426 44220 26078 10108 15970 3268 6840 1560 456 1104 10206 12033 74922 13912 11320 2208 384 1708 1035 18142 13039 6394 290 7992 9112 7384 2877 2013 4245
is_linear=0
shrinkage=0.05


Tree=175
num_leaves=31
num_cat=0
split_feature=7 0 6 4 4 9 3 9 0 0 4 0 9 4 3 11 11 9 9 0 8 7 10 1 9 11 1 11 11 3
split_gain=1.67823 4.61388 3.83972 3.10625 3.10796 3.05173 3.00656 3.0014 4.8799 6.66515 5.30361 4.67935 4.70731 15.0356 4.56244 3.85033 4.03598 6.4085 5.65668 4.31134 3.73921 3.6484 3.54498 3.57283 4.81684 5.63661 9.40643 10.2338 5.33124 4.5201
threshold=27.312500000000004 87.500000000000014 1.0000000180025095e-35 -0.96234030595689413 -0.7614016681079937 33.187500000000007 0.99761913169647187 26.680729166666669 83.500000000000014 69.500000000000014 -0.57077231802681661 58.500000000000007 26.49270833333334 -0.52765736634565841 -0.9954993026558282 0.94757355787554809 0.95864859668410973 28.722135416666671 28.272656250000001 16.500000000000004 29.050000000000004 25.412500000000005 1.0000000180025095e-35 3.5000000000000004 27.557552083333338 0.99060004174370953 2.5000000000000004 0.98229519356535999 1.0916629031903622 -0.54220184589352438
decision_type=2 2 2 2 2 2 2 2 2 2 2 2 2 2 2 2 2 2 2 2 2 2 2 2 2 2 2 2 2 2
left_child=5 2 6 -3 -5 7 -2 8 9 11 -10 12 14 -14 -1 20 17 18 -17 -20 -9 -18 -23 24 -24 26 29 -28 -27 -26
right_child=1 3 -4 4 -6 -7 -8 15 10 -11 -12 -13 13 -15 -16 16 21 -19 19 -21 -22 22 23 -25 25 28 27 -29 -30 -31
leaf_value=0.086178193674008724 -0.0011625380714085172 0.0088398190117709666 0.033761888485012347 -0.078881987001621051 -0.008958317965999732 -0.044882351634584462 0.094784453102995866 -0.095525874930529581 -0.080142890799547284 -0.012485032568759749 0.016130816005554764 0.02811324372723626 -0.24078828002926872 -0.0020804811053369916 0.000143245486381657 -0.026764601975991533 0.031644386007073672 0.023741078242366095 -0.12248104261074909 -0.097659150836107794 0.042544786647245474 0.03593399566495252 0.036292153911954145 0.0074949730212356992 0.070926768319444222 0.0058388725828956572 -0.032365220592666465 -0.10380655919421972 -0.050964308540462668 -0.094008084558171223
leaf_weight=791 46985 965 2639 1263 984 257 702 58 156 9151 7932 5460 70 299 34438 246 4035 265 51 80 4861 2338 589 2358 182 1184 100 94 626 189
leaf_count=791 46985 965 2639 1263 984 257 702 58 156 9151 7932 5460 70 299 34438 246 4035 265 51 80 4861 2338 589 2358 182 1184 100 94 626 189
internal_value=0.000171166 -4.31467e-05 7.41169e-05 -0.00188045 -0.00289942 0.000322517 -2.8624e-05 0.000341019 0.000169563 -1.40411e-05 0.00130935 0.000257928 4.88793e-05 -0.00556911 0.000107724 0.00092026 0.000448651 -0.00341121 -0.00759947 -0.0159924 0.00210307 0.000660539 1.95824e-05 -0.000693348 -0.00184885 -0.00285263 -0.00721239 -0.016134 -0.00149171 -0.00254717
internal_weight=129348 53538 50326 3212 2247 75810 47687 75553 58297 50209 8088 41058 35598 369 35229 17256 12337 642 377 131 4919 11695 7660 5322 2964 2375 565 194 1810 371
internal_count=129348 53538 50326 3212 2247 75810 47687 75553 58297 50209 8088 41058 35598 369 35229 17256 12337 642 377 131 4919 11695 7660 5322 2964 2375 565 194 1810 371
is_linear=0
shrinkage=0.05


Tree=176
num_leaves=31
num_cat=0
split_feature=3 9 4 10 11 0 0 0 4 3 11 3 1 7 0 9 1 11 11 8 0 3 9 0 8 0 1 8 9 9
split_gain=1.68329 6.34426 8.8363 4.69444 4.35648 4.65802 8.59178 5.52474 4.24526 4.00417 3.75535 3.6357 3.15599 3.12989 3.32916 2.98225 2.90688 3.81206 6.80494 4.81667 4.68435 3.76031 5.59446 15.2257 3.69182 3.79949 3.80172 3.58886 8.4043 3.66094
threshold=0.9193901325473397 21.782552083333339 0.17435360825960186 1.0000000180025095e-35 1.0627860117078571 75.500000000000014 85.500000000000014 44.500000000000007 0.071972700440407641 0.94978112945126536 1.0376678341700196 0.94425825643485939 2.5000000000000004 18.862500000000004 13.500000000000002 28.953906250000006 2.5000000000000004 1.0916629031903622 1.0959530445469128 31.950000000000003 21.500000000000004 0.86548282553247169 30.289583333333336 20.500000000000004 44.000000000000007 57.500000000000007 1.5000000000000002 37.150000000000013 31.046614583333337 31.714583333333341
decision_type=2 2 2 2 2 2 2 2 2 2 2 2 2 2 2 2 2 2 2 2 2 2 2 2 2 2 2 2 2 2
left_child=16 3 4 9 5 7 8 11 12 -2 13 -3 15 -4 -15 -7 17 24 20 -20 -19 -18 -23 -24 27 26 -26 28 -1 -30
right_child=1 2 10 -5 -6 6 -8 -9 -10 -11 -12 -13 -14 14 -16 -17 21 18 19 -21 -22 22 23 -25 25 -27 -28 -29 29 -31
leaf_value=-0.00076123972619783964 0.050695919356235242 0.036264821692637103 0.0080169593308582632 0.07238922133416599 0.053056836242281552 -0.012442803950519592 0.022097017852589662 0.07468771715629384 0.038521105579450238 -0.020330092915793831 -0.012876693249802493 -0.012397547948988109 -0.079417947923907814 -0.051908978305220593 -0.043813529767732166 -0.11382742202386216 0.005071474695770112 -0.13432639129508081 -0.049704384133579298 -0.0016310956171442016 -0.081919014157286418 -0.0089063070075474388 -0.073319958873892727 -0.017581743453272295 -0.019244376765731538 0.026727136273329507 -0.38165046231680677 0.023903857946671485 -0.11926335228468088 -0.036301776117093419
leaf_weight=37725 480 495 101 1440 2112 220 730 2263 150 480 1056 2790 300 60 415 60 65548 66 768 3072 222 2011 63 225 58 76 58 4967 377 960
leaf_count=37725 480 495 101 1440 2112 220 730 2263 150 480 1056 2790 300 60 415 60 65548 66 768 3072 222 2011 63 225 58 76 58 4967 377 960
internal_value=0.000160343 0.000696472 0.000177642 0.00302083 0.000783991 0.000184076 -0.00232877 0.00084535 -0.00616438 0.0003125 -0.00321078 -0.000464231 -0.00810345 -0.00645833 -0.00815789 -0.00428571 9.96594e-05 -0.000196591 -0.00164971 -0.00109375 -0.0090625 0.000310773 -0.00167682 -0.00819444 -6.09437e-05 -0.00697917 -0.0126724 -3.0775e-05 -0.000191746 -0.00408751
internal_weight=129348 13152 10752 2400 9120 7008 1460 5548 730 960 1632 3285 580 576 475 280 116196 48349 4128 3840 288 67847 2299 288 44221 192 116 44029 39062 1337
internal_count=129348 13152 10752 2400 9120 7008 1460 5548 730 960 1632 3285 580 576 475 280 116196 48349 4128 3840 288 67847 2299 288 44221 192 116 44029 39062 1337
is_linear=0
shrinkage=0.05


Tree=177
num_leaves=31
num_cat=0
split_feature=3 9 4 10 7 3 11 0 0 11 8 9 9 0 8 7 8 9 1 1 11 11 0 8 3 9 0 8 3 3
split_gain=1.67924 6.50044 7.68515 4.41 4.09659 3.75 3.45458 3.27681 4.11935 3.16126 3.44775 5.1216 4.00523 3.97907 3.79398 2.96542 5.18633 2.69064 2.89434 2.5978 3.60946 6.89419 4.68435 4.43496 3.52966 5.64895 13.275 3.30176 3.35816 3.27947
threshold=0.9193901325473397 21.782552083333339 0.17435360825960186 1.0000000180025095e-35 33.312500000000007 0.94978112945126536 1.0376678341700196 13.500000000000002 31.500000000000004 1.0627860117078571 35.050000000000004 26.947656250000005 27.703125000000004 34.500000000000007 35.45000000000001 30.937500000000004 35.95000000000001 29.557031250000005 5.5000000000000009 2.5000000000000004 1.0916629031903622 1.0959530445469128 21.500000000000004 31.950000000000003 0.86548282553247169 30.359635416666674 24.500000000000004 38.45000000000001 -0.67803021058859214 0.82899317702918729
decision_type=2 2 2 2 2 2 2 2 2 2 2 2 2 2 2 2 2 2 2 2 2 2 2 2 2 2 2 2 2 2
left_child=19 3 4 5 9 -2 7 -4 -9 10 11 -3 -12 14 -14 -11 -17 18 -15 20 -1 22 -22 -23 29 -26 -27 28 -25 -21
right_child=1 2 6 -5 -6 -7 -8 8 -10 15 12 -13 13 17 -16 16 -18 -19 -20 24 21 23 -24 27 25 26 -28 -29 -30 -31
leaf_value=-0.00077038889581943436 0.048161123388423766 -0.0032412502792471005 -0.037564573133611903 0.068769760267457847 0.10566744311988284 -0.01931358827000388 -0.012232858587312087 0.017686353516645107 -0.043141919194087067 0.050549368517627903 -0.15655481548479389 0.072236900423360673 -0.038495607062071044 0.011800830401371094 0.025731266811856609 0.16448229571349174 -0.10180568853273626 -0.064379553723784094 -0.059646337671895693 0.0038561424769859294 -0.12761007173032698 -0.04721916492690046 -0.077823063449422469 -0.034624052215036671 -0.00879556363231602 -0.07040381020895789 -0.017111434594344065 -0.028282596458462594 0.023721527234865605 0.051706876442737186
leaf_weight=44221 480 3943 84 1440 1324 480 1056 108 384 1384 71 908 105 287 560 101 112 257 68 63628 66 768 222 288 2107 50 142 864 1920 1920
leaf_count=44221 480 3943 84 1440 1324 480 1056 108 384 1384 71 908 105 287 560 101 112 257 68 63628 66 768 222 288 2107 50 142 864 1920 1920
internal_value=0.000153385 0.000688869 0.000163691 0.00304167 0.000729167 0.000416667 -0.00299632 -0.00611111 -0.00455285 0.000292458 -0.000218583 0.00040301 -0.00245549 -0.00181284 0.000864662 0.00227614 -0.00321596 -0.00472222 -0.00190141 9.27745e-05 -0.000187284 -0.00160126 -0.0090625 -0.00104167 0.000292349 -0.00163332 -0.00984375 -0.000192057 0.000833334 0.000359889
internal_weight=129348 13152 10752 2400 9120 960 1632 576 492 7796 6199 4851 1348 1277 665 1597 213 612 355 116196 48349 4128 288 3840 67847 2299 192 3072 2208 65548
internal_count=129348 13152 10752 2400 9120 960 1632 576 492 7796 6199 4851 1348 1277 665 1597 213 612 355 116196 48349 4128 288 3840 67847 2299 192 3072 2208 65548
is_linear=0
shrinkage=0.05


Tree=178
num_leaves=31
num_cat=0
split_feature=3 9 4 10 7 3 11 11 8 9 9 0 8 7 7 0 0 1 4 11 4 0 10 0 0 0 4 0 6 4
split_gain=1.84013 6.24092 7.13136 4.34028 3.58027 3.50417 3.22082 3.11811 3.14646 5.05942 4.10871 3.23542 3.4386 2.69069 2.6721 2.79053 2.49362 2.42752 5.66231 2.79762 3.29074 5.43107 3.21096 3.87103 5.88776 3.1395 3.06866 3.26419 5.07287 4.761
threshold=0.9193901325473397 21.782552083333339 0.17435360825960186 1.0000000180025095e-35 33.312500000000007 0.94978112945126536 1.0376678341700196 1.0627860117078571 35.050000000000004 26.947656250000005 27.703125000000004 35.500000000000007 35.45000000000001 23.112500000000004 18.862500000000004 13.500000000000002 42.500000000000007 1.5000000000000002 0.12332734741173625 0.98966156713236464 0.089118976521498999 57.500000000000007 1.0000000180025095e-35 21.500000000000004 31.500000000000004 76.500000000000014 0.089118976521498999 24.500000000000004 1.0000000180025095e-35 0.071972700440407641
decision_type=2 2 2 2 2 2 2 2 2 2 2 2 2 2 2 2 2 2 2 2 2 2 2 2 2 2 2 2 2 2
left_child=-1 3 4 5 7 -2 14 8 9 17 -10 12 13 -12 -4 -16 -6 -3 19 26 22 -22 23 -21 -25 -26 27 29 -29 -19
right_child=1 2 6 -5 16 -7 -8 -9 10 -11 11 -13 -14 -15 15 -17 -18 18 -20 20 21 -23 -24 24 25 -27 -28 28 -30 -31
leaf_value=0.0010737700692229906 0.04575306721900322 0.031587392728411504 0.007852104457954423 0.065331272254084971 -0.030194007544586315 -0.018347908856504138 -0.011621215657946557 0.040477789658553587 -0.14872707471055477 0.068625055402193255 -0.046480895782429005 -0.037796613837911233 0.023143961786039603 0.010712921936607729 -0.047435300733279152 -0.039465757319641331 0.11980926864539654 -0.011513580737300827 -0.05250209721488034 0.030634952776219988 -0.10475564809448519 0.023188062258546374 0.0060684578440266014 -0.13736744270650866 -0.0079835450812987523 -0.091221640971722751 0.16305632172275203 0.044078555820364532 -0.089077280821829696 -0.050654485691722241
leaf_weight=116196 480 864 101 1440 83 480 1056 1597 71 908 58 593 576 50 60 415 1241 200 192 110 116 76 921 50 192 95 384 622 71 50
leaf_count=116196 480 864 101 1440 83 480 1056 1597 71 908 58 593 576 50 60 415 1241 200 192 110 116 76 921 50 192 95 384 622 71 50
internal_value=0.000154931 0.000715481 0.000200893 0.00302083 0.000745614 0.000416667 -0.00284314 0.000337353 -0.000170189 0.000423624 -0.00230712 -0.00165623 0.000687135 -0.0075 -0.00585069 -0.00742105 0.00314955 -0.000351255 -0.00100844 -0.00045549 -0.00189103 -0.00802083 -0.0010307 -0.00450783 -0.00716617 -0.00440767 0.0012321 -0.000302227 0.00146465 -0.0052
internal_weight=129348 13152 10752 2400 9120 960 1632 7796 6199 4851 1348 1277 684 108 576 475 1324 3943 3079 2887 1560 192 1368 447 337 287 1327 943 693 250
internal_count=129348 13152 10752 2400 9120 960 1632 7796 6199 4851 1348 1277 684 108 576 475 1324 3943 3079 2887 1560 192 1368 447 337 287 1327 943 693 250
is_linear=0
shrinkage=0.05


Tree=179
num_leaves=31
num_cat=0
split_feature=3 9 4 10 7 3 11 0 0 0 11 9 1 7 1 11 4 0 0 0 4 7 1 3 10 7 0 4 3 11
split_gain=1.78346 5.74879 6.20248 4.1684 3.5495 3.15104 2.76771 2.93031 3.55762 2.47123 2.44707 3.18135 3.52531 3.37603 3.12598 4.81014 4.75274 8.46612 4.35506 5.7462 4.10112 2.71288 2.37427 3.17681 5.23507 5.63852 8.52888 3.09159 3.08006 3.06116
threshold=0.9193901325473397 21.782552083333339 0.17435360825960186 1.0000000180025095e-35 33.312500000000007 0.94978112945126536 1.0376678341700196 13.500000000000002 31.500000000000004 42.500000000000007 1.0627860117078571 29.923697916666672 1.0000000180025095e-35 30.887500000000006 2.5000000000000004 0.91425880925186409 0.10623888086365087 25.500000000000004 76.500000000000014 86.500000000000014 0.071972700440407641 23.412500000000005 2.5000000000000004 0.86548282553247169 1.0000000180025095e-35 18.862500000000004 20.500000000000004 0.42763731121559989 0.82899317702918729 1.0916629031903622
decision_type=2 2 2 2 2 2 2 2 2 2 2 2 2 2 2 2 2 2 2 2 2 2 2 2 2 2 2 2 2 2
left_child=22 3 4 5 10 -2 7 -4 -9 -6 11 14 -13 -14 15 -3 18 -18 21 20 -20 -16 29 28 25 -25 -27 -28 -24 -1
right_child=1 2 6 -5 9 -7 -8 8 -10 -11 -12 12 13 -15 16 -17 17 -19 19 -21 -22 -23 23 24 -26 26 27 -29 -30 -31
leaf_value=-0.00078555795448850786 0.043465413858052707 -0.078322656706716801 -0.033314579440268034 0.062064708641380029 -0.02868430716735661 -0.017430513413679238 -0.011040154875048877 0.017285769277994197 -0.039011535368400491 0.11381880521312737 0.038453900175625944 -0.081916871645988376 2.2939070886118449e-05 -0.083555625502798297 -0.012528741347958033 0.03077987688533004 -0.058208801330220078 -0.010324386808411405 -0.076808293486069532 0.010257816849387714 0.054558672416019083 0.043960949024636126 0.00360964684967579 0.022381842773788404 0.0013991124212810145 -0.077745690401831768 -0.03880359338319217 -0.079528763026694968 0.049067844117139055 -0.021246713039781213
leaf_weight=44221 480 96 84 1440 83 480 1056 108 384 1241 1597 64 251 53 983 2575 52 140 280 306 60 1339 63628 233 1533 84 355 94 1920 4128
leaf_count=44221 480 96 84 1440 83 480 1056 108 384 1241 1597 64 251 53 983 2575 52 140 280 306 60 1339 63628 233 1533 84 355 94 1920 4128
internal_value=0.000152225 0.000704076 0.000210194 0.00291667 0.000718202 0.000364584 -0.00262868 -0.00541667 -0.00394309 0.00311178 0.000311698 -0.000137925 -0.00464674 -0.00240132 0.00014663 0.00140584 -0.000917721 -0.00854167 -0.000424528 -0.00405573 -0.00852941 0.000585702 8.97623e-05 0.000280558 -0.00154632 -0.00492167 -0.00775797 -0.00502227 0.000344633 -0.000177977
internal_weight=129348 13152 10752 2400 9120 960 1632 576 492 1324 7796 6199 368 304 5831 2671 3160 192 2968 646 340 2322 116196 67847 2299 766 533 449 65548 48349
internal_count=129348 13152 10752 2400 9120 960 1632 576 492 1324 7796 6199 368 304 5831 2671 3160 192 2968 646 340 2322 116196 67847 2299 766 533 449 65548 48349
is_linear=0
shrinkage=0.05


Tree=180
num_leaves=31
num_cat=0
split_feature=3 8 9 10 0 0 7 8 7 7 11 8 8 0 9 0 0 3 9 0 0 4 8 7 7 0 4 7 7 10
split_gain=1.71336 5.21665 6.36113 3.27633 3.10139 3.76 3.39237 2.93289 3.73634 4.69664 6.06632 4.95172 3.68669 3.47549 3.22144 3.1774 2.61016 2.46519 2.3101 13.5301 2.8761 3.43651 3.67572 3.0858 2.96348 2.39428 3.06447 2.27576 5.62974 2.26704
threshold=0.9193901325473397 29.650000000000002 26.585416666666671 1.0000000180025095e-35 25.500000000000004 18.500000000000004 16.612500000000004 35.050000000000004 33.712500000000013 30.887500000000006 1.0299448977757397 35.45000000000001 35.95000000000001 76.500000000000014 29.923697916666672 82.500000000000014 75.500000000000014 0.99700008544936913 26.398958333333336 67.500000000000014 54.500000000000007 -0.048362832084465616 33.550000000000004 29.012500000000006 21.162500000000005 86.500000000000014 0.24164313636530552 22.662500000000005 20.637500000000006 1.0000000180025095e-35
decision_type=2 2 2 2 2 2 2 2 2 2 2 2 2 2 2 2 2 2 2 2 2 2 2 2 2 2 2 2 2 2
left_child=-1 3 18 4 5 6 -2 -4 9 10 11 16 -11 14 -13 -15 -9 -5 20 -20 21 -3 29 25 -24 -22 -27 28 -19 -23
right_child=1 2 7 17 -6 -7 -8 8 -10 12 -12 13 -14 15 -16 -17 -18 27 19 -21 23 22 24 -25 -26 26 -28 -29 -30 -31
leaf_value=0.0010076860068900118 0.024618106493685978 0.02132520470579595 0.058414488031717775 0.061210268216742997 0.016436305625697076 -0.064273374789869081 -0.038993970604415729 -0.11913653493768905 0.088064002539553612 0.023478185499033567 0.045586835575532315 0.062856528375857562 -0.066368805612927337 -0.14605553385492454 -0.058671342090790529 -0.0091345784628557025 -0.027320800233784096 0.075949050508231308 0.06277419838482079 -0.14738505912540631 -0.017901005873166592 0.00054923474296602779 -0.014600754286574395 0.05451399343566108 -0.078258167988151772 0.049004117010356618 -0.036021067632386029 0.13463535697154225 -0.091286141019519845 -0.022450915711146862
leaf_weight=116196 167 440 1536 1632 840 84 61 121 998 148 1279 332 258 60 70 130 60 57 136 56 959 825 81 705 84 387 81 79 56 1430
leaf_count=116196 167 440 1536 1632 840 84 61 121 998 148 1279 332 258 60 70 130 60 57 136 56 959 825 81 705 84 387 81 79 56 1430
internal_value=0.000147973 0.000688869 0.000150354 0.00253024 0.000442709 -0.0038141 -0.000482456 0.00142428 0.00061632 -0.000431245 0.000540936 -0.00295602 -0.00534483 -0.000743243 0.00189055 -0.00631579 -0.0101934 0.00384868 -0.00107639 -0.00645833 -0.000869391 -0.00190559 -0.00264463 0.000520638 -0.00984848 -0.000816398 0.00211538 -0.00151042 -0.00606195 -0.00211752
internal_weight=129348 13152 10176 2976 1152 312 228 4992 3456 2458 2052 773 406 592 402 190 181 1824 5184 192 4992 2860 2420 2132 165 1427 468 192 113 2255
internal_count=129348 13152 10176 2976 1152 312 228 4992 3456 2458 2052 773 406 592 402 190 181 1824 5184 192 4992 2860 2420 2132 165 1427 468 192 113 2255
is_linear=0
shrinkage=0.05


Tree=181
num_leaves=31
num_cat=0
split_feature=3 8 9 4 9 0 0 7 8 7 11 8 7 8 0 0 3 10 4 11 8 11 8 0 0 7 3 7 7 10
split_gain=2.12265 4.76588 6.51292 2.68806 3.05817 13.5301 2.91854 2.71848 2.61098 3.27145 3.79162 4.81056 3.92377 3.89461 3.74915 3.2179 2.91338 2.58081 2.5535 3.10308 4.09074 2.60786 2.5037 2.44719 2.6417 2.78955 2.22315 2.27576 5.62974 2.16422
threshold=0.9193901325473397 29.750000000000004 26.585416666666671 0.17435360825960186 26.398958333333336 67.500000000000014 53.500000000000007 19.012500000000006 35.050000000000004 33.712500000000013 1.0307298263784668 35.45000000000001 30.937500000000004 35.95000000000001 34.500000000000007 44.500000000000007 0.99761913169647187 1.0000000180025095e-35 -0.048362832084465616 0.99909664317366975 31.550000000000004 0.9376564614392775 30.250000000000004 28.500000000000004 18.500000000000004 16.612500000000004 0.99700008544936913 22.662500000000005 20.637500000000006 1.0000000180025095e-35
decision_type=2 2 2 2 2 2 2 2 2 2 2 2 2 2 2 2 2 2 2 2 2 2 2 2 2 2 2 2 2 2
left_child=29 17 3 4 6 -6 18 -5 -4 10 11 15 -12 -14 -13 -10 -16 23 -3 21 -21 22 -20 24 25 -2 -19 28 -28 -1
right_child=1 2 8 7 5 -7 -8 -9 9 -11 12 14 13 -15 16 -17 -18 26 19 20 -22 -23 -24 -25 -26 -27 27 -29 -30 -31
leaf_value=0.0056310071264879585 0.030826144770497006 0.019836230096853508 0.055493763630131289 0.0045485834385390993 0.059635488465579312 -0.14001580616913573 0.026873771218677331 -0.029601908912943599 -0.11615841939424412 0.08366080241257523 0.041347441201903166 0.028885997989216091 0.1102596834129782 -0.073047757611335362 -0.051855768731091739 -0.027676391299577163 0.049565594840762478 0.052683486903399294 0.055081497421648057 -0.049039865803621484 -0.033988065605716093 0.022016602880403295 -0.041207255515876035 0.01738362777484069 -0.04818002765851713 -0.03704427207419457 0.072151597982819893 0.12790358912296582 -0.086721833968544382 -0.0011922951037802547
leaf_weight=49914 186 432 1536 293 136 56 1470 1147 134 998 1237 385 77 174 255 84 112 1728 54 108 432 648 216 871 130 61 57 79 56 66282
leaf_count=49914 186 432 1536 293 136 56 1470 1147 134 998 1237 385 77 174 255 84 112 1728 54 108 432 648 216 871 130 61 57 79 56 66282
internal_value=0.000151452 0.000753498 0.000217348 -0.0010597 -0.000320946 -0.00645833 2.97621e-05 -0.00288194 0.00149439 0.00073206 -0.000248169 -0.00268041 0.00133737 -0.00436255 -0.000784574 -0.00922018 -0.00440054 0.00244318 -0.00126984 -0.00227023 -0.00527778 -0.000501089 -0.00462963 0.000673077 -0.00269231 0.00034413 0.00359375 -0.00151042 -0.00606195 8.33077e-05
internal_weight=129348 13152 9984 4992 3552 192 3360 1440 4992 3456 2458 970 1488 251 752 218 367 3168 1890 1458 540 918 270 1248 377 247 1920 192 113 116196
internal_count=129348 13152 9984 4992 3552 192 3360 1440 4992 3456 2458 970 1488 251 752 218 367 3168 1890 1458 540 918 270 1248 377 247 1920 192 113 116196
is_linear=0
shrinkage=0.05


Tree=182
num_leaves=31
num_cat=0
split_feature=3 8 9 11 0 7 9 0 4 0 7 8 3 8 7 4 0 1 8 7 11 9 7 8 8 1 3 9 4 7
split_gain=2.18766 4.54493 6.08488 2.65991 3.06706 4.98178 2.42747 13.5301 2.55721 2.77094 3.65935 2.8217 2.68396 5.08296 3.6215 2.65342 3.80386 3.95031 2.29347 2.73642 2.94076 4.65022 3.55347 2.89308 2.47707 2.16386 2.89788 3.98984 4.39473 4.33654
threshold=0.9193901325473397 29.650000000000002 26.585416666666671 0.98315999032224444 28.500000000000004 20.812500000000004 26.398958333333336 67.500000000000014 0.17435360825960186 86.500000000000014 26.337500000000006 32.150000000000013 0.99761913169647187 31.050000000000004 22.212500000000006 -0.013976481981245173 57.500000000000007 1.5000000000000002 35.050000000000004 34.212500000000013 1.0627860117078571 27.703125000000004 30.887500000000006 38.850000000000001 35.95000000000001 2.5000000000000004 0.88220160189607266 30.359635416666674 0.44312301391210612 24.212500000000006
decision_type=2 2 2 2 2 2 2 2 2 2 2 2 2 2 2 2 2 2 2 2 2 2 2 2 2 2 2 2 2 2
left_child=25 3 6 4 5 -2 8 -8 9 10 12 -12 13 -3 -14 -13 17 -17 -4 20 21 -20 -22 -23 -24 -1 -27 28 -28 -30
right_child=1 2 18 -5 -6 -7 7 -9 -10 -11 11 15 14 -15 -16 16 -18 -19 19 -21 22 23 24 -25 -26 26 27 -29 29 -31
leaf_value=-0.0020699111761879304 -0.0044507833269008205 -0.053744491473086957 0.052719075448625058 0.052705208504240257 0.041641567351139858 -0.040669955489992346 0.056653714042300622 -0.13301501586067843 -0.017052051644945301 0.055897272923472879 0.11417766864016601 0.078185371278660529 -0.0070122044976428351 0.0094029120027513992 -0.079342415622183027 0.029422241941812047 0.016662326160570201 -0.10369988552141568 -0.13153570484042518 0.083516610118292589 0.057672050921500101 -0.0017997486485712023 0.20983437486145401 -0.047255008111238332 -0.066206513429004965 0.0040418753945342676 -0.0034903675679153357 -0.049407440518432683 -0.010933915427409383 -0.090111361013447022
leaf_weight=48349 472 56 1536 1248 1206 50 136 56 1632 315 636 197 518 855 299 85 225 174 75 913 894 1235 57 126 156 66124 1435 96 117 75
leaf_count=48349 472 56 1536 1248 1206 50 136 56 1632 315 636 197 518 855 299 85 225 174 75 913 894 1235 57 126 156 66124 1435 96 117 75
internal_value=0.000149906 0.000761101 0.000258451 0.00247984 0.00120949 -0.00199234 -0.000941358 -0.00645833 -0.000729166 5.9524e-05 -0.000402299 0.00158314 -0.00191551 -4.93961e-05 -0.00399633 -0.000653451 -0.00264463 -0.00677606 0.00150441 0.000789931 -5.30867e-05 -0.00154596 0.00188347 -0.000878031 -0.00392019 8.07259e-05 0.000262871 -0.00176146 -0.00117701 -0.00828125
internal_weight=129348 13152 10176 2976 1728 522 5184 192 4992 3360 3045 1317 1728 911 817 681 484 259 4992 3456 2543 1436 1107 1361 213 116196 67847 1723 1627 192
internal_count=129348 13152 10176 2976 1728 522 5184 192 4992 3360 3045 1317 1728 911 817 681 484 259 4992 3456 2543 1436 1107 1361 213 116196 67847 1723 1627 192
is_linear=0
shrinkage=0.05


Tree=183
num_leaves=31
num_cat=0
split_feature=3 8 9 0 7 8 0 9 0 1 0 0 0 8 9 1 0 0 3 0 3 11 11 10 3 4 0 0 7 8
split_gain=2.46044 3.99509 6.36101 2.71628 7.07499 2.61068 2.68667 2.51681 12.7154 2.4527 2.39031 4.08919 2.53217 3.32079 4.31237 9.06604 2.38362 4.00327 2.61378 3.8484 4.40833 2.26633 3.20045 2.11769 10.2134 15.6154 4.71548 9.31569 5.61439 6.74672
threshold=0.9193901325473397 30.250000000000004 26.585416666666671 24.500000000000004 20.112500000000004 31.050000000000004 36.500000000000007 26.398958333333336 67.500000000000014 3.5000000000000004 72.500000000000014 81.500000000000014 52.500000000000007 35.050000000000004 27.703125000000004 4.5000000000000009 34.500000000000007 40.500000000000007 0.95998215779580554 17.500000000000004 0.94978112945126536 0.93656793184022147 0.96717358864259573 1.0000000180025095e-35 0.76696112484652035 -0.48313741114591585 18.500000000000004 63.500000000000007 27.387500000000006 33.350000000000001
decision_type=2 2 2 2 2 2 2 2 2 2 2 2 2 2 2 2 2 2 2 2 2 2 2 2 2 2 2 2 2 2
left_child=23 3 5 4 -2 6 9 21 -9 -3 12 -12 13 -4 15 -15 18 -18 19 20 -16 -7 -23 24 26 -26 28 -28 -1 -30
right_child=1 2 10 -5 -6 7 -8 8 -10 -11 11 -13 -14 14 16 -17 17 -19 -20 -21 -22 22 -24 -25 25 -27 27 -29 29 -31
leaf_value=0.038574688843398888 0.0054860207865799968 -0.0019749356059061331 0.061370922654551713 0.042305071768513738 -0.037448022333072838 -0.018635120850583716 -0.015479979877809844 0.053821028340185012 -0.1263642650676445 -0.050807175175272334 -0.036433286767793081 0.024612304899281075 0.14186418305202023 -0.16315128791326083 0.024246960408087923 0.096976090901452747 -0.058610755949034893 0.017707370870091076 0.063971278733383014 0.030552369208456588 -0.050784879125295328 0.060842234964333032 -0.0082600493810142585 -0.0011335434510802347 0.017160300934783577 -0.04771823168741867 -0.0069392175017339063 0.026167998358151798 -0.089181882849713082 0.0048765621763737456
leaf_weight=6693 844 74 848 2556 56 384 354 136 56 148 468 728 1040 53 72 53 204 408 840 170 108 768 2784 66282 2110 2206 21375 15198 258 2074
leaf_count=6693 844 74 848 2556 56 384 354 136 56 148 468 728 1040 53 72 53 204 408 840 170 108 768 2784 66282 2110 2206 21375 15198 258 2074
internal_value=0.000143334 0.000791515 0.000271246 0.00225116 -0.000111111 -0.00104804 -0.00420139 -0.000608042 -0.00619792 -0.00851351 0.00151442 -0.000434782 0.00212856 0.00133527 0.000178197 -0.00962264 0.000754717 -0.00178105 0.00205882 -0.00157143 -0.00666667 -0.000335366 5.91218e-05 6.99682e-05 0.000315944 -0.0020088 0.000535989 0.000283406 0.00155956 -0.000553173
internal_weight=129348 13152 9696 3456 900 4704 576 4128 192 222 4992 1196 3796 2756 1908 106 1802 612 1190 350 180 3936 3552 116196 49914 4316 45598 36573 9025 2332
internal_count=129348 13152 9696 3456 900 4704 576 4128 192 222 4992 1196 3796 2756 1908 106 1802 612 1190 350 180 3936 3552 116196 49914 4316 45598 36573 9025 2332
is_linear=0
shrinkage=0.05


Tree=184
num_leaves=31
num_cat=0
split_feature=3 8 9 10 3 7 3 7 3 8 11 9 0 0 0 0 3 10 0 7 7 9 0 4 0 7 11 3 8 7
split_gain=2.40981 3.70741 4.93424 3.05603 2.41429 3.08646 2.74497 2.38463 2.0207 2.00989 2.67506 4.16941 3.53517 3.17922 3.13971 2.55716 2.02419 4.45988 6.41286 1.96552 4.79719 1.92975 11.8752 2.20642 2.65068 3.32347 2.86104 2.83906 4.45814 3.99338
threshold=0.9193901325473397 29.650000000000002 26.585416666666671 1.0000000180025095e-35 0.94978112945126536 23.262500000000006 0.95998215779580554 21.162500000000005 0.99700008544936913 35.050000000000004 1.0627860117078571 27.703125000000004 73.500000000000014 42.500000000000007 35.500000000000007 81.500000000000014 0.97508442350096236 1.0000000180025095e-35 20.500000000000004 22.812500000000004 20.637500000000006 26.398958333333336 68.500000000000014 0.17435360825960186 87.500000000000014 25.612500000000004 0.9111617968768696 0.99761913169647187 31.050000000000004 22.212500000000006
decision_type=2 2 2 2 2 2 2 2 2 2 2 2 2 2 2 2 2 2 2 2 2 2 2 2 2 2 2 2 2 2
left_child=-1 3 21 4 -2 6 -6 -8 -5 -4 11 -11 13 14 16 -14 17 -13 -19 20 -10 23 -23 24 25 27 -27 28 -3 -29
right_child=1 2 9 8 5 -7 7 -9 19 10 -12 12 15 -15 -16 -17 -18 18 -20 -21 -22 22 -24 -25 -26 26 -28 29 -30 -31
leaf_value=0.00083998240313972741 0.037347430153625023 -0.048892045475361107 0.04788986683355842 0.052433779962452937 -0.039615883209333819 0.05466692271177024 0.0081554893974924089 -0.035005934672598826 0.066834028523428873 -0.11174288681571749 0.042585544189662566 0.060057880530617253 -0.08856629451093373 0.11772005537652211 -0.041655829786180869 -0.0089341291372369552 0.059229523345335239 -0.052521749950145524 0.025838410975318329 0.11858098957959824 -0.085708033026125952 0.040748441682107645 -0.12334576499819719 -0.015773794526463457 0.059688539392193964 -0.06412731228652431 0.041953559568801563 -0.0069884141451975815 0.010462064119264229 -0.081871279739135744
leaf_weight=116196 480 53 1536 1632 146 173 268 85 57 96 1536 144 152 589 133 266 360 105 75 76 59 138 54 1632 280 91 1349 524 808 255
leaf_count=116196 480 53 1536 1632 146 173 268 85 57 96 1536 144 152 589 133 266 360 105 75 76 59 138 54 1632 280 91 1349 524 808 255
internal_value=0.00013483 0.000776308 0.000322327 0.00232863 0.0003125 -0.00162202 -0.00361723 -0.00123229 0.00360197 0.00144431 0.000775463 -0.00046875 6.57897e-05 0.001266 -0.000752754 -0.00397129 0.000614035 -0.00225309 -0.0075 -0.00125 -0.00534483 -0.000758102 -0.00567708 -0.00056891 0.000163691 -0.00025974 0.00149306 -0.00179878 0.000180023 -0.00398588
internal_weight=129348 13152 10176 2976 1152 672 499 353 1824 4992 3456 1920 1824 1406 817 418 684 324 180 192 116 5184 192 4992 3360 3080 1440 1640 861 779
internal_count=129348 13152 10176 2976 1152 672 499 353 1824 4992 3456 1920 1824 1406 817 418 684 324 180 192 116 5184 192 4992 3360 3080 1440 1640 861 779
is_linear=0
shrinkage=0.05


Tree=185
num_leaves=31
num_cat=0
split_feature=3 11 3 11 11 1 3 8 11 10 0 0 3 0 0 3 0 8 1 7 0 7 1 1 3 3 8 8 1 11
split_gain=2.31435 2.9319 2.66078 2.62985 3.91465 3.04301 3.03679 2.92223 3.82071 4.40167 3.59744 9.09805 2.50229 7.12868 2.37247 2.24951 2.26893 4.48326 2.24507 3.45967 3.75525 2.19126 1.94897 1.93578 2.78413 3.87516 12 3.2987 2.97415 4.24097
threshold=0.95998215779580554 1.0702111354222905 0.99053107487289871 0.99909664317366975 0.93309361111522005 3.5000000000000004 0.97696484778429815 33.95000000000001 1.0353027724959731 1.0000000180025095e-35 50.500000000000007 19.500000000000004 0.94978112945126536 10.500000000000002 89.500000000000014 0.9193901325473397 67.500000000000014 30.250000000000004 3.5000000000000004 21.162500000000005 59.500000000000007 24.812500000000004 4.5000000000000009 2.5000000000000004 0.42958674266195179 0.41398981800788198 18.850000000000005 18.450000000000003 1.5000000000000002 1.0216048461695417
decision_type=2 2 2 2 2 2 2 2 2 2 2 2 2 2 2 2 2 2 2 2 2 2 2 2 2 2 2 2 2 2
left_child=12 3 -3 4 5 21 -5 -8 9 10 11 -9 15 -14 -15 23 -17 -18 -6 -20 22 -2 -21 24 25 28 -27 -26 -1 -30
right_child=1 2 -4 6 18 -7 7 8 -10 -11 -12 -13 13 14 -16 16 17 -19 19 20 -22 -23 -24 -25 27 26 -28 -29 29 -31
leaf_value=-0.00083587280991368113 -0.0024736514259599742 0.043523815866961621 -0.0044242174286991641 -0.028311688362666079 0.04851440702522318 0.0017650839455295234 -0.017016965083907116 0.019893202320592319 0.070544376172169257 0.031431066997849332 0.0044041420224229817 -0.10995093557355343 -0.033432463419373608 -0.00022923461883720566 -0.027560370201614056 0.02495160599082738 0.04292309193210235 -0.035446258708239219 0.03743526181442413 -0.019386006316558142 0.034096121867778204 -0.07331002129528004 -0.18761824359421075 0.0030518956751689062 0.12833626980230603 0.32442925845673232 -0.11403997639507771 0.0032942011242008151 -0.0025768283400776333 -0.028640332821799577
leaf_weight=23424 95 2112 480 480 1824 480 1440 60 672 768 135 93 132 948 72 1972 308 504 252 90 85 97 53 67847 384 96 96 12940 6813 4596
leaf_count=23424 95 2112 480 480 1824 480 1440 60 672 768 135 93 132 948 72 1972 308 504 252 90 85 97 53 67847 384 96 96 12940 6813 4596
internal_value=0.000129418 0.000893012 0.00231867 0.000335145 0.00143817 -0.00191964 -0.000564693 -3.15638e-06 0.0013831 -0.000492424 -0.00576389 -0.0110131 7.08389e-05 -0.00224826 -0.000833333 9.32932e-05 0.00149784 -0.000726601 0.00241753 -0.000625 -0.00508772 -0.00723958 -0.010035 5.96408e-05 -0.000182113 -0.000416131 -0.0075 0.000433053 -0.000377085 -0.00103909
internal_weight=129348 9216 2592 6624 2976 672 3648 3168 1728 1056 288 153 120132 1152 1020 118980 2784 812 2304 480 228 192 143 116196 48349 35025 192 13324 34833 11409
internal_count=129348 9216 2592 6624 2976 672 3648 3168 1728 1056 288 153 120132 1152 1020 118980 2784 812 2304 480 228 192 143 116196 48349 35025 192 13324 34833 11409
is_linear=0
shrinkage=0.05


Tree=186
num_leaves=31
num_cat=0
split_feature=3 8 9 11 0 7 0 0 0 8 0 9 3 0 0 8 10 3 4 9 8 9 4 8 11 3 0 11 0 0
split_gain=2.37075 3.36874 4.6751 2.6443 2.63962 3.18915 2.27323 4.23635 2.55444 2.72537 3.46551 7.28053 6.77824 2.38194 2.09429 4.02797 1.85581 8.97989 13.3262 4.43976 8.5751 8.23195 10.9937 6.31538 6.19953 5.44002 4.87069 4.47391 4.20528 8.23048
threshold=0.9193901325473397 29.650000000000002 26.585416666666671 0.98315999032224444 28.500000000000004 20.812500000000004 72.500000000000014 81.500000000000014 52.500000000000007 35.050000000000004 34.500000000000007 28.230989583333336 0.99053107487289871 40.500000000000007 74.500000000000014 27.350000000000005 1.0000000180025095e-35 0.76696112484652035 -0.48313741114591585 12.070312500000002 18.850000000000005 15.127864583333336 0.49626980634301188 16.300000000000001 1.0086109360742508 0.56369777965491019 68.500000000000014 1.067458542709339 18.500000000000004 63.500000000000007
decision_type=2 2 2 2 2 2 2 2 2 2 2 2 2 2 2 2 2 2 2 2 2 2 2 2 2 2 2 2 2 2
left_child=16 3 -3 4 5 -2 8 -8 9 -4 -11 12 -12 -13 -6 -16 17 28 -19 23 -21 26 -23 -18 -24 -25 27 -22 -1 -30
right_child=1 2 6 -5 14 -7 7 -9 -10 10 11 13 -14 -15 15 -17 19 18 -20 20 21 22 24 25 -26 -27 -28 -29 29 -31
leaf_value=0.02145424546633912 -0.0049384891870520205 -0.0066740955613625698 0.054500816850587747 0.044084452927936973 0.078913842960096584 -0.031762864938370348 -0.033279637363398583 0.022872518536389636 0.13215627345662012 0.020224698601614435 0.019350348492441979 -0.053297617689799397 -0.089817143315070944 0.056599605161427681 0.026349097532957961 -0.059198942696300105 0.0096280175035223028 0.01610648049495839 -0.045539029279414424 0.034880231791078686 -0.0056731315837891755 -0.0042559551325717015 0.029577473213940577 -0.0217010896265331 -0.00079346973121864292 0.1084872883631481 -0.031222946855035624 -0.037158543178056579 -0.0065700483602894036 0.024786549355641407
leaf_weight=9025 472 5184 848 1248 828 50 468 728 1040 1260 54 168 90 336 294 84 1248 2110 2206 2400 2898 44395 7103 2496 4128 192 1215 207 21375 15198
leaf_count=9025 472 5184 848 1248 828 50 468 728 1040 1260 54 168 90 336 294 84 1248 2110 2206 2400 2898 44395 7103 2496 4128 192 1215 207 21375 15198
internal_value=0.000128645 0.000764903 0.000332154 0.00224462 0.000978009 -0.00199234 0.00142428 -0.000476588 0.00202318 0.00122642 0.000178197 -0.00279321 -0.0127083 3.96827e-05 0.00226368 -0.000820106 5.66286e-05 0.000286894 -0.00189296 -0.000116774 -1.39542e-05 -0.000131285 3.19996e-05 -0.00174543 0.00142953 -0.00311012 -0.0022338 -0.00118357 0.000493224 0.000254696
internal_weight=129348 13152 10176 2976 1728 522 4992 1196 3796 2756 1908 648 144 504 1206 378 116196 49914 4316 66282 62346 59946 55626 3936 11231 2688 4320 3105 45598 36573
internal_count=129348 13152 10176 2976 1728 522 4992 1196 3796 2756 1908 648 144 504 1206 378 116196 49914 4316 66282 62346 59946 55626 3936 11231 2688 4320 3105 45598 36573
is_linear=0
shrinkage=0.05


Tree=187
num_leaves=31
num_cat=0
split_feature=3 11 11 11 3 8 11 10 0 0 1 7 0 3 7 3 0 1 3 0 0 8 8 1 7 7 3 1 11 11
split_gain=2.66512 2.67024 2.44176 3.05607 2.89912 2.70464 3.67215 3.71879 2.99511 7.96079 2.61161 3.45967 3.2432 2.25234 2.34525 2.23937 6.90675 2.13226 2.12413 2.10287 1.84114 4.14151 1.84725 5.18571 1.83358 1.81699 1.67499 1.67335 2.64638 6.36744
threshold=0.95998215779580554 1.0702111354222905 0.99909664317366975 0.94757355787554809 0.97696484778429815 33.95000000000001 1.0353027724959731 1.0000000180025095e-35 50.500000000000007 19.500000000000004 3.5000000000000004 21.162500000000005 59.500000000000007 0.99818282439137029 26.212500000000006 0.94978112945126536 11.500000000000002 4.5000000000000009 0.9193901325473397 89.500000000000014 67.500000000000014 30.250000000000004 31.950000000000003 2.5000000000000004 36.912500000000016 19.812500000000004 0.99274428880883148 2.5000000000000004 1.0916629031903622 1.0959530445469128
decision_type=2 2 2 2 2 2 2 2 2 2 2 2 2 2 2 2 2 2 2 2 2 2 2 2 2 2 2 2 2 2
left_child=15 2 3 13 24 -6 7 8 9 -7 -5 -12 17 -2 -15 18 -17 -13 27 -18 -20 -22 23 -23 25 -4 -3 28 -1 -30
right_child=1 26 4 10 5 6 -8 -9 -10 -11 11 12 -14 14 -16 16 19 -19 20 -21 21 22 -24 -25 -26 -27 -28 -29 29 -31
leaf_value=-0.00058284681266535562 -0.043341602827991682 0.039455600841564548 0.018747694406763264 0.06149378746312284 -0.015832412051643992 0.017715926833909375 0.068394623450350037 0.030507395472442474 0.0030403089944823951 -0.10546462372495707 0.034565829999726343 -0.016828562753811956 0.032699897856751398 -0.010140415119874922 0.087238571582480801 -0.030852158873922272 -0.00033532280082283571 -0.17790362663643244 0.02349765679501533 -0.027340662498911501 0.03938626055416572 4.5543785006713083e-05 -0.017170972648242602 -0.099953984371740731 0.155433700261981 -0.041502605191509827 -0.0057038159255347973 0.0029788970914134904 -0.10103755309079365 -0.01250264077945616
leaf_weight=44221 192 2208 64 1536 1440 60 672 768 135 93 252 90 85 494 274 144 936 53 1972 72 308 84 364 56 50 366 384 67847 288 3840
leaf_count=44221 192 2208 64 1536 1440 60 672 768 135 93 252 90 85 494 274 144 936 53 1972 72 308 84 364 56 50 366 384 67847 288 3840
internal_value=0.000138696 0.000958116 0.000425725 0.00148858 -0.000441338 0.000107323 0.00144097 -0.000397727 -0.00524306 -0.0100327 0.00259425 -0.000625 -0.00508772 -0.000833333 0.000377604 7.58334e-05 -0.00211806 -0.00968531 9.70753e-05 -0.000654762 0.00146193 -0.000541872 -0.00333333 -0.00821429 -0.0040625 -0.00511628 0.00231867 6.43742e-05 -0.000160396 -0.00137112
internal_weight=129348 9216 6624 2976 3648 3168 1728 1056 288 153 2016 480 228 960 768 120132 1152 143 118980 1008 2784 812 504 140 480 430 2592 116196 48349 4128
internal_count=129348 9216 6624 2976 3648 3168 1728 1056 288 153 2016 480 228 960 768 120132 1152 143 118980 1008 2784 812 504 140 480 430 2592 116196 48349 4128
is_linear=0
shrinkage=0.05


Tree=188
num_leaves=31
num_cat=0
split_feature=3 9 8 10 0 0 9 3 7 0 9 11 11 8 1 0 1 11 0 8 8 8 3 9 10 11 11 7 7 3
split_gain=2.60485 2.53254 3.58565 2.71729 2.4806 6.40249 5.76051 4.64516 3.18594 3.4031 2.52621 2.49492 3.01492 2.39765 2.32024 2.32383 2.10057 4.00108 2.42454 3.45882 3.40136 2.28571 2.13387 2.02314 2.14646 1.97767 1.79066 1.78543 2.13531 1.65112
threshold=0.95998215779580554 28.028125000000003 29.950000000000003 1.0000000180025095e-35 19.500000000000004 50.500000000000007 27.666406250000005 0.99466373373798567 29.712500000000006 87.500000000000014 26.947656250000005 1.0165369992544311 0.9510013064145737 31.250000000000004 5.5000000000000009 76.500000000000014 4.5000000000000009 1.0022599257946228 33.500000000000007 33.150000000000013 32.550000000000004 33.550000000000004 0.9916835347852474 26.947656250000005 1.0000000180025095e-35 0.93309361111522005 0.99909664317366975 23.712500000000006 21.162500000000005 0.94978112945126536
decision_type=2 2 2 2 2 2 2 2 2 2 2 2 2 2 2 2 2 2 2 2 2 2 2 2 2 2 2 2 2 2
left_child=29 2 3 27 25 6 10 -8 9 11 16 12 13 -7 15 -13 17 22 20 -20 -19 -22 -6 24 -17 -4 -18 28 -2 -1
right_child=1 -3 4 -5 5 8 7 -9 -10 -11 -12 14 -14 -15 -16 23 26 18 19 -21 21 -23 -24 -25 -26 -27 -28 -29 -30 -31
leaf_value=0.0011803683716122176 -0.00022381128564719009 0.041790859578730168 -0.0071321182772229501 0.04033822777023216 -0.065974030867312627 0.046133333898928125 -0.01696619876552086 -0.11912386152055632 0.063806327237452429 0.038479177819177812 0.048354391135773375 0.018786630704985666 0.044504938037315214 -0.072001193617631257 -0.050775432574924187 -0.091674041933530515 -0.076110451351850947 -0.10912758466903279 -0.015017156505039953 -0.072935978945827193 0.0087002202222732881 -0.054057165521002641 0.0041455856499771704 0.01737938476654562 -0.046292887505620967 0.019756965011322864 0.016930973106114657 0.039782674443514333 -0.037896141278632188 -0.012949617531680209
leaf_weight=118980 317 2208 80 1344 93 51 62 62 966 424 186 170 338 94 100 88 62 98 170 85 56 56 372 55 99 980 341 155 104 1152
leaf_count=118980 317 2208 80 1344 93 51 62 62 966 424 186 170 338 94 100 88 62 98 170 85 56 56 372 55 99 980 341 155 104 1152
internal_value=0.000131738 0.00094184 0.000476598 0.00231771 -0.00021816 -0.000784508 -0.00318624 -0.0135484 0.000870021 -0.000637773 -0.00234036 -0.00223618 0.000341615 -0.00568965 -0.00466797 -0.00300971 -0.00310203 -0.0044086 -0.00768817 -0.00441176 -0.0116667 -0.00571429 -0.00112903 -0.00615702 -0.00863636 0.00193396 -8.68484e-05 -0.000555555 -0.00224466 6.95903e-05
internal_weight=129348 9216 7008 1920 5088 4028 1643 124 2385 1419 1519 995 483 145 512 412 1333 930 465 255 210 112 465 242 187 1060 403 576 421 120132
internal_count=129348 9216 7008 1920 5088 4028 1643 124 2385 1419 1519 995 483 145 512 412 1333 930 465 255 210 112 465 242 187 1060 403 576 421 120132
is_linear=0
shrinkage=0.05


Tree=189
num_leaves=31
num_cat=0
split_feature=3 0 0 0 0 0 8 9 8 3 6 1 3 9 7 8 3 9 4 7 11 8 3 7 3 1 10 11 8 8
split_gain=2.47677 2.42969 5.46967 4.77909 4.33132 3.60978 4.68614 4.8018 3.28576 7.43776 3.26667 2.9078 2.86113 2.74286 6.63062 2.50352 2.30865 2.025 2.01162 3.94826 2.00821 2.46603 3.15104 2.04515 2.39021 1.97167 1.84645 1.57255 2.80647 5.31293
threshold=0.95998215779580554 88.500000000000014 75.500000000000014 78.500000000000014 51.500000000000007 19.500000000000004 29.650000000000002 28.230989583333336 35.050000000000004 0.99053107487289871 1.0000000180025095e-35 4.5000000000000009 0.98049069993378934 25.037239583333335 19.512500000000006 29.850000000000005 0.98372640911059162 25.152343750000004 -0.031174269516803289 23.962500000000006 0.96717358864259573 33.550000000000004 0.99374995976406788 18.412500000000005 0.99374995976406788 5.5000000000000009 1.0000000180025095e-35 0.94187976625705427 20.350000000000005 18.950000000000003
decision_type=2 2 2 2 2 2 2 2 2 2 2 2 2 2 2 2 2 2 2 2 2 2 2 2 2 2 2 2 2 2
left_child=27 2 4 12 5 13 -7 8 18 -10 -11 -5 -4 14 -2 -16 -13 25 19 26 23 22 -22 -20 -25 -18 -8 28 29 -1
right_child=1 -3 3 11 -6 6 7 -9 9 10 -12 16 -14 -15 15 -17 17 -19 20 -21 21 -23 -24 24 -26 -27 -28 -29 -30 -31
leaf_value=-0.00024223682799091821 0.012278186128807163 0.046499641071487366 -0.097308364337571257 0.0082548613638817585 0.05503368850331547 0.052731003920931857 -0.06991723547901392 0.035771386146036879 0.045997674643337982 -0.095649232146019808 -0.020920801715413648 0.011833362789855927 -0.034990213581603327 0.045985733153699228 -0.029620912972911386 -0.011206489379619728 -0.084765695446134465 -0.096369765967454821 -0.058321797540467506 0.067589807349144701 -0.0079312581976426003 -0.064312579922800428 -0.074260006160089542 -0.072611764169140683 0.042930453743974778 0.011870388996453296 -0.004346625098857762 -0.00025430460247686875 0.0078052054125924038 -0.074710761268943812
leaf_weight=960 659 672 81 700 2304 544 60 608 96 96 64 80 207 1080 56 125 70 60 50 313 384 96 256 59 339 50 107 95397 23487 288
leaf_count=960 659 672 81 700 2304 544 60 608 96 96 64 80 207 1080 56 125 70 60 50 313 384 96 256 59 339 50 107 95397 23487 288
internal_value=0.00012478 0.000914714 0.000687032 -0.00237179 0.00121025 0.000382612 -0.000680338 -0.00158623 -0.0028125 -0.00808594 -0.0146875 -0.000677083 -0.00802083 0.00208333 -5.95236e-05 -0.00853591 -0.00519231 -0.00833333 -0.0020012 0.000729167 -0.00310811 -0.00471467 -0.00359375 -0.00046875 0.000728643 -0.00458333 -0.00547904 6.41796e-05 0.000419446 -0.00189103
internal_weight=129348 9216 8544 1248 7296 4992 3072 2528 1920 256 160 960 288 1920 840 181 260 180 1664 480 1184 736 640 448 398 120 167 120132 24735 1248
internal_count=129348 9216 8544 1248 7296 4992 3072 2528 1920 256 160 960 288 1920 840 181 260 180 1664 480 1184 736 640 448 398 120 167 120132 24735 1248
is_linear=0
shrinkage=0.05


Tree=190
num_leaves=31
num_cat=0
split_feature=3 11 4 7 0 0 0 0 8 9 7 1 11 11 4 7 0 7 4 11 10 5 8 0 0 9 11 11 4 11
split_gain=2.4695 2.39385 2.45109 2.26714 2.13875 3.10792 3.79602 3.08731 3.61733 3.15312 3.9706 3.02896 2.67313 2.42404 2.14053 5.35815 2.54649 3.58594 3.1659 4.43077 3.01995 3.57094 3.56089 4.12765 3.51225 2.38652 1.77465 2.98267 1.76945 1.59739
threshold=0.95998215779580554 1.0702111354222905 -0.20180761162458913 36.912500000000016 87.500000000000014 75.500000000000014 53.500000000000007 19.500000000000004 29.950000000000003 25.037239583333335 21.162500000000005 4.5000000000000009 0.94757355787554809 1.0216048461695417 0.14037931941357643 28.812500000000004 40.500000000000007 30.737500000000004 0.04621408538533487 0.98966156713236464 1.0000000180025095e-35 1.0000000180025095e-35 31.650000000000002 31.500000000000004 27.500000000000004 25.23463541666667 0.99909664317366975 1.0226926418345352 -0.13398942717002907 0.94187976625705427
decision_type=2 2 2 2 2 2 2 2 2 2 2 2 2 2 2 2 2 2 2 2 2 2 2 2 2 2 2 2 2 2
left_child=29 2 3 -2 5 6 7 9 -9 10 26 12 -7 -14 16 25 17 20 -18 -20 21 24 23 -22 -10 -16 -4 -28 -3 -1
right_child=1 28 4 -5 -6 11 -8 8 14 -11 -12 -13 13 -15 15 -17 18 -19 19 -21 22 -23 -24 -25 -26 -27 27 -29 -30 -31
leaf_value=0.0060600970736863508 -0.050174516836540478 0.075856278414331513 0.017806685893324011 0.14291709928624255 0.044551552294519237 -0.078210497455083808 0.065682901765183488 0.052187694638810289 -0.046211093838380131 0.041924693211387837 -0.035089179095384913 -0.04747476514021607 0.046013602794572922 -0.046657518790437953 0.026150494143845411 -0.062349944139725749 0.05540722538931913 -0.057428537504700575 0.050950287692757314 -0.1610172118536381 0.0012914682317798913 -0.12877491030201943 0.022758421758351459 -0.10070919306487131 0.011359340477693713 -0.061919999085992772 -0.035505747616063947 0.0036157152922264278 0.0077723595169761185 -0.00024158937235366288
leaf_weight=24735 142 960 340 50 536 72 1474 374 104 780 52 240 312 180 119 128 481 50 65 65 72 58 489 54 160 59 58 110 1632 95397
leaf_count=24735 142 960 340 50 536 72 1474 374 104 780 52 240 312 180 119 128 481 50 65 65 72 58 489 54 160 59 58 110 1632 95397
internal_value=0.00012594 0.000914714 0.000410628 -0.00515625 0.000576804 0.0003019 0.000758052 -0.000113322 -0.00123354 0.00179104 -0.00107143 -0.00258706 -0.000585106 0.000731707 -0.0021166 -0.00594771 -0.00138298 -0.00295339 0.00115385 -0.00576923 -0.0022572 -0.00618012 -0.000203252 -0.00769841 -0.00371212 -0.000337078 0.000275591 -0.00392857 0.00220293 6.54282e-05
internal_weight=129348 9216 6624 192 6432 5896 5092 3618 2278 1340 560 804 564 492 1904 306 1598 987 611 130 937 322 615 126 264 178 508 168 2592 120132
internal_count=129348 9216 6624 192 6432 5896 5092 3618 2278 1340 560 804 564 492 1904 306 1598 987 611 130 937 322 615 126 264 178 508 168 2592 120132
is_linear=0
shrinkage=0.05


Tree=191
num_leaves=31
num_cat=0
split_feature=3 9 8 10 11 4 9 0 1 0 9 7 4 0 10 0 3 6 7 7 8 9 8 0 7 0 7 3 8 8
split_gain=2.39002 2.3733 2.55664 3.01112 2.05382 1.95556 2.08828 1.93244 5.49673 1.91808 1.83211 2.1699 2.40622 2.38946 3.65799 5.75713 2.86145 2.65312 1.78714 2.67324 2.86673 2.69071 1.75104 4.19136 4.03151 2.1493 1.71804 1.70526 1.68421 1.63088
threshold=0.95998215779580554 28.028125000000003 29.650000000000002 1.0000000180025095e-35 0.9111617968768696 0.17435360825960186 27.666406250000005 50.500000000000007 1.0000000180025095e-35 27.500000000000004 26.947656250000005 29.312500000000004 0.029024409397335523 21.500000000000004 1.0000000180025095e-35 28.500000000000004 0.99865421017599998 1.0000000180025095e-35 27.012500000000006 34.312500000000007 35.95000000000001 28.230989583333336 33.550000000000004 50.500000000000007 20.637500000000006 76.500000000000014 30.812500000000004 0.99818282439137029 32.850000000000001 31.450000000000003
decision_type=2 2 2 2 2 2 2 2 2 2 2 2 2 2 2 2 2 2 2 2 2 2 2 2 2 2 2 2 2 2
left_child=-1 2 3 9 -4 6 10 8 -8 -2 11 12 13 17 15 -15 -17 -6 -3 20 -20 -22 25 24 -24 -7 -23 -5 -27 -14
right_child=1 18 4 27 5 22 7 -9 -10 -11 -12 -13 29 14 -16 16 -18 -19 19 -21 21 26 23 -25 -26 28 -28 -29 -30 -31
leaf_value=0.00084478028397779619 -0.027456704831826825 0.082525562758247045 -0.037375224501302332 0.052912352444982193 0.018115027429715304 0.0032417864015012129 -0.12087617181413979 0.011663072698590356 -0.0038507030634413321 0.006932841949398541 0.061339433694244709 0.059248269302538514 -0.0048205372601924134 -0.10075729895707344 -0.006603042789821662 -0.069298266514510709 -0.020579136283432661 -0.011343761659346613 0.052422688203843992 0.08924336129927854 -0.061325498519981231 0.0093336245563182246 -0.0097003946122038043 0.052900562852971816 -0.063000112325447263 -0.066337973703518877 -0.049619162806373934 -0.035496460348615276 -0.0016889835410143295 0.045645031875507024
leaf_weight=120132 140 853 192 1056 374 616 51 180 153 340 576 887 382 56 577 102 203 66 248 561 51 292 50 90 52 76 203 96 76 617
leaf_count=120132 140 853 192 1056 374 616 51 180 153 340 576 887 382 56 577 102 203 66 248 561 51 292 50 90 52 76 203 96 76 617
internal_value=0.000122461 0.000898438 0.00044806 0.00218137 -7.81248e-05 0.000109954 0.000572917 -0.00294271 -0.00627451 -0.00114583 0.000924479 0.000465686 -0.000321834 -0.00167634 -0.00310235 -0.00704986 -0.00434426 0.00136364 0.0023279 0.00119926 -0.000667506 -0.00269231 -0.00192708 -0.00619792 -0.0131373 -0.000859375 -0.00156566 0.00356771 -0.00618421 0.00154655
internal_weight=129348 9216 7008 1632 5376 5184 4224 384 204 480 3840 3264 2377 1378 938 361 305 440 2208 1355 794 546 960 192 102 768 495 1152 152 999
internal_count=129348 9216 7008 1632 5376 5184 4224 384 204 480 3840 3264 2377 1378 938 361 305 440 2208 1355 794 546 960 192 102 768 495 1152 152 999
is_linear=0
shrinkage=0.05


Tree=192
num_leaves=31
num_cat=0
split_feature=3 0 0 0 0 0 8 9 8 3 7 9 7 8 1 9 4 3 5 7 1 11 0 0 3 0 3 8 1 3
split_gain=2.37804 2.31102 3.14837 3.84355 3.56077 3.55715 3.95179 3.71307 3.23535 7.1422 3.28941 2.61114 5.34696 2.41253 2.1671 1.94915 1.86052 2.55644 1.68662 1.62919 1.62456 3.07769 4.29758 1.57544 6.07442 3.60796 3.28234 3.44747 6.56566 4.55111
threshold=0.95998215779580554 90.500000000000014 74.500000000000014 50.500000000000007 81.500000000000014 19.500000000000004 29.950000000000003 28.230989583333336 35.050000000000004 0.99053107487289871 29.612500000000004 25.037239583333335 19.812500000000004 30.850000000000005 4.5000000000000009 26.947656250000005 0.071972700440407641 0.98049069993378934 1.0000000180025095e-35 15.012500000000001 4.5000000000000009 1.0598548649382187 35.500000000000007 9.5000000000000018 0.94978112945126536 31.500000000000004 -0.8821812062722818 29.250000000000004 3.5000000000000004 -0.94705910369513524
decision_type=2 2 2 2 2 2 2 2 2 2 2 2 2 2 2 2 2 2 2 2 2 2 2 2 2 2 2 2 2 2
left_child=23 2 3 5 16 11 19 8 15 -10 -11 12 -2 -14 -6 20 18 -18 -4 -7 21 -8 -23 24 26 -25 27 28 29 -1
right_child=1 -3 4 -5 14 6 7 -9 9 10 -12 -13 13 -15 -16 -17 17 -19 -20 -21 -22 22 -24 25 -26 -27 -28 -29 -30 -31
leaf_value=-0.046891743590078076 0.0065985343861874914 0.061497783505866821 -0.065562139511503692 0.051501662941742521 0.022112808486964352 -0.026764551483476021 -0.02152356723768294 0.031158383003591441 0.038104032761832281 -0.060990988270237925 -0.086113835084798182 0.04165330937707596 -0.028210129105286242 -0.011820838773548094 -0.017139339130649137 0.03811127958338268 -0.058276670599169904 0.052049751373737553 0.0054919751303473992 0.048140749315897929 0.0016922611474801633 -0.093952162988907018 -0.030029590091900416 0.0072222587366657966 -0.026316795422156144 -0.0006235761118460444 -2.1669111727552322e-05 -0.0092731161144470678 0.015839483878488249 -0.061785667817528644
leaf_weight=150 695 480 329 2304 630 69 744 589 93 82 73 1080 51 94 234 186 98 168 77 551 403 96 90 27548 120 80064 10520 1470 170 90
leaf_count=150 695 480 329 2304 630 69 744 589 93 82 73 1080 51 94 234 186 98 168 77 551 403 96 90 27548 120 80064 10520 1470 170 90
internal_value=0.000118982 0.000893012 0.000707418 0.00114583 -0.00134766 0.00035335 -0.000729166 -0.00166384 -0.00280985 -0.00810484 -0.0146774 0.00203125 -5.95236e-05 -0.0087931 0.000775463 -0.00194536 -0.00407738 -0.000827067 -0.0062069 0.00282258 -0.0026144 -0.00376344 -0.00951613 5.96013e-05 -0.000471246 0.000121362 -0.000362903 -0.00228723 -0.00634146 -0.0116667
internal_weight=129348 9216 8736 7200 1536 4896 2976 2356 1767 248 155 1920 840 145 864 1519 672 266 406 620 1333 930 186 120132 12520 107612 12400 1880 410 240
internal_count=129348 9216 8736 7200 1536 4896 2976 2356 1767 248 155 1920 840 145 864 1519 672 266 406 620 1333 930 186 120132 12520 107612 12400 1880 410 240
is_linear=0
shrinkage=0.05


Tree=193
num_leaves=31
num_cat=0
split_feature=3 0 0 0 11 0 0 8 9 9 7 4 8 8 3 4 8 8 11 11 4 10 7 4 10 7 10 0 7 8
split_gain=2.31176 2.19232 2.82295 3.45337 3.19565 3.15308 2.93399 3.95924 3.47502 2.62976 4.93392 2.52424 6.99038 4.59559 2.52102 1.87715 1.68701 1.66653 1.58093 2.25164 1.95069 2.53353 1.55912 3.98204 7.61892 4.96971 2.62863 4.62726 3.48363 2.18449
threshold=0.95998215779580554 90.500000000000014 74.500000000000014 53.500000000000007 0.9111617968768696 78.500000000000014 19.500000000000004 29.650000000000002 28.230989583333336 25.037239583333335 19.512500000000006 -0.15101602693478741 35.250000000000007 36.250000000000007 0.98049069993378934 0.04621408538533487 29.850000000000005 33.95000000000001 1.0165369992544311 1.0627860117078571 0.17435360825960186 1.0000000180025095e-35 25.012500000000006 0.04621408538533487 1.0000000180025095e-35 28.812500000000004 1.0000000180025095e-35 27.500000000000004 22.387500000000006 32.45000000000001
decision_type=2 2 2 2 2 2 2 2 2 2 2 2 2 2 2 2 2 2 2 2 2 2 2 2 2 2 2 2 2 2
left_child=-1 2 3 6 -4 14 9 -8 11 10 -2 -9 22 -14 -6 17 -12 -16 -7 -20 -21 -22 26 -24 -25 -26 27 -13 -28 -30
right_child=1 -3 4 -5 5 18 7 8 -10 -11 16 12 13 -15 15 -17 -18 -19 19 20 21 -23 23 24 25 -27 28 -29 29 -31
leaf_value=0.00077066424411618636 0.01055797641233467 0.058422894330573273 -0.08550316908923386 0.054061666386470301 -0.089140585946106479 0.027599296470180848 0.047311995091794797 0.048694115873822302 0.031279249038454152 0.039570643908222555 -0.025611293044334467 -0.059464116329444684 -0.09841001862142916 -0.020872870920678757 -0.067874018468950428 0.086342145847527474 -0.01200083054281189 -0.0056480002069001188 -0.030656710335896988 0.062693520772371628 -0.054922161630769399 0.061268573625636473 0.028569138439956166 0.1140066853082683 0.0090869399191753526 -0.076974618136573289 0.010329077000082853 -0.0080482860825498714 -0.084592870108539192 -0.0087007374460893166
leaf_weight=120132 659 480 64 2016 108 420 578 170 646 1080 56 160 68 68 76 96 125 88 300 240 60 84 531 167 87 202 330 135 55 67
leaf_count=120132 659 480 64 2016 108 420 578 170 646 1080 56 160 68 68 76 96 125 88 300 240 60 84 531 167 87 202 330 135 55 67
internal_value=0.00011357 0.000876736 0.000695971 0.00111111 -0.00125 -0.000774456 0.000428241 -0.000484068 -0.00129188 0.00197917 -0.000119047 -0.00230392 -0.00283422 -0.01375 -0.00478261 -0.00211538 -0.00743094 -0.00536585 0.000561594 -0.000921052 0.00161458 -0.00298611 -0.00197809 -0.000673759 -0.00410088 -0.00901384 -0.00370147 -0.00737288 -0.00130531 -0.00852459
internal_weight=129348 9216 8736 7200 1536 1472 5184 3264 2686 1920 840 2040 1870 136 368 260 181 164 1104 684 384 144 1734 987 456 289 747 295 452 122
internal_count=129348 9216 8736 7200 1536 1472 5184 3264 2686 1920 840 2040 1870 136 368 260 181 164 1104 684 384 144 1734 987 456 289 747 295 452 122
is_linear=0
shrinkage=0.05


Tree=194
num_leaves=31
num_cat=0
split_feature=3 11 4 7 9 4 3 0 3 8 0 9 11 3 1 10 3 4 9 8 9 7 8 3 8 9 4 9 8 0
split_gain=2.70018 2.08837 2.50455 2.26714 2.02262 1.78149 1.54895 4.97981 1.7726 1.59664 2.99294 1.92203 1.76694 3.14456 2.28571 1.59199 7.89188 11.5242 4.1551 7.77415 6.6 10.4696 5.44095 4.90488 4.75513 6.33181 7.46373 7.76412 9.58227 7.15083
threshold=0.95998215779580554 1.0702111354222905 -0.20180761162458913 36.912500000000016 28.028125000000003 -0.13398942717002907 0.94978112945126536 10.500000000000002 0.9193901325473397 29.650000000000002 67.500000000000014 24.140364583333337 0.98278088755484905 0.93237596376505805 2.5000000000000004 1.0000000180025095e-35 0.76696112484652035 -0.48313741114591585 12.070312500000002 18.850000000000005 15.127864583333336 17.062500000000004 16.300000000000001 0.56369777965491019 22.950000000000003 18.633333333333336 0.49626980634301188 21.782552083333339 26.550000000000004 53.500000000000007
decision_type=2 2 2 2 2 2 2 2 2 2 2 2 2 2 2 2 2 2 2 2 2 2 2 2 2 2 2 2 2 2
left_child=6 2 3 -2 -4 -3 8 -8 15 -10 11 -11 13 -12 -15 16 -1 -18 22 -20 -21 -22 -17 -24 -23 29 27 28 -27 -26
right_child=1 5 4 -5 -6 -7 7 -9 9 10 12 -13 -14 14 -16 18 17 -19 19 20 21 24 23 -25 25 26 -28 -29 -30 -31
leaf_value=0.0083879344783256704 -0.050587666387182734 0.066294162344815569 0.0028779505900533974 0.12624653811954314 0.052789660739295842 0.0079881982909400726 -0.028189780909869507 -0.0050275267463789118 0.033925027041803578 -0.0087386325865846277 0.023274675133955418 0.030182923400829315 -0.0080856382677248709 -0.035190416045053761 -0.095040102293805953 0.0090618464783209472 0.015133490116373646 -0.044111826083234905 0.032499260668461608 -0.01455041324642594 0.020433780934632963 0.045013426508311034 -0.020894145155176999 0.10276384685743389 -0.043709506641334092 0.028998343892346703 0.027616693485024699 -0.0032404391215274508 -0.045809581148932139 -0.0038232446828224778
leaf_weight=45598 142 960 5664 50 768 1632 132 1020 960 272 84 1020 336 56 56 1248 2110 2206 2400 4320 5047 859 2496 192 706 309 4115 42977 604 1009
leaf_count=45598 142 960 5664 50 768 1632 132 1020 960 272 84 1020 336 56 56 1248 2110 2206 2400 4320 5047 859 2496 192 706 309 4115 42977 604 1009
internal_value=0.000117049 0.00094184 0.000471015 -0.00515625 0.000638993 0.00214506 5.37744e-05 -0.00177083 7.14408e-05 0.00131825 0.000449562 0.00174923 -0.00270677 -0.00647959 -0.0119643 4.15679e-05 0.000254839 -0.00178869 -0.000119037 -1.9568e-05 -0.000131285 1.49213e-05 -0.00169461 -0.00296131 -0.000201763 -0.000265487 -0.000158837 -0.000349738 -0.00491238 -0.00325073
internal_weight=129348 9216 6624 192 6432 2592 120132 1152 118980 2784 1824 1292 532 196 112 116196 49914 4316 66282 62346 59946 55626 3936 2688 50579 49720 48005 43890 913 1715
internal_count=129348 9216 6624 192 6432 2592 120132 1152 118980 2784 1824 1292 532 196 112 116196 49914 4316 66282 62346 59946 55626 3936 2688 50579 49720 48005 43890 913 1715
is_linear=0
shrinkage=0.05


Tree=195
num_leaves=31
num_cat=0
split_feature=3 11 4 0 4 7 0 0 0 1 11 0 9 7 8 3 0 4 10 8 7 10 8 0 0 4 3 9 8 0
split_gain=2.51082 2.0488 2.25892 2.3498 2.11822 2.055 1.90058 2.33105 3.18433 2.80893 2.30049 2.20739 2.68477 3.16471 2.30895 1.87685 1.82175 4.81096 4.66944 8.00833 3.2697 2.51848 3.61329 3.45513 3.29492 1.87609 1.72597 1.68555 5.59358 14.5526
threshold=0.95998215779580554 1.0702111354222905 -0.20180761162458913 43.500000000000007 0.1573897509163161 21.762500000000006 88.500000000000014 75.500000000000014 55.500000000000007 4.5000000000000009 0.94757355787554809 18.500000000000004 25.097135416666671 21.012500000000006 29.950000000000003 0.99274428880883148 40.500000000000007 0.04621408538533487 1.0000000180025095e-35 32.150000000000013 30.737500000000004 1.0000000180025095e-35 31.650000000000002 31.500000000000004 30.500000000000004 -0.013976481981245173 0.9893236546938301 29.979947916666667 33.350000000000001 24.500000000000004
decision_type=2 2 2 2 2 2 2 2 2 2 2 2 2 2 2 2 2 2 2 2 2 2 2 2 2 2 2 2 2 2
left_child=27 2 3 -2 6 -6 7 8 11 10 -9 12 13 -4 -13 -3 20 -18 -19 -20 21 24 23 -23 25 -16 -12 -1 29 -29
right_child=1 15 4 -5 5 -7 -8 9 -10 -11 26 14 -14 -15 16 -17 17 18 19 -21 -22 22 -24 -25 -26 -27 -28 28 -30 -31
leaf_value=0.0019352650980572609 -0.049837116385350544 0.026849499464537852 0.0033674022839870199 0.0017488423801606486 0.0026422781429940607 -0.020642780976185535 0.058123980295508394 -0.063529829642489349 0.068320521611930904 -0.043250417247426953 -0.044065422511234381 0.061219783536505826 0.052947678377311173 -0.029867381889417666 -0.085094183251608099 -0.0043756423219756544 0.058580620824785226 0.23062914589629224 0.0068146975604477097 -0.15817541485833486 -0.058747294180450285 -0.0031133466517753328 0.022753851633806711 -0.086829502892540114 0.0049808714957805499 -0.023066024521488052 0.037462491696279895 -0.16509447255952106 -0.0029785839772808894 -0.0064583835165110794
leaf_weight=94319 88 2208 348 104 538 518 392 78 1120 208 78 259 665 51 108 384 555 60 60 60 50 78 536 54 156 96 364 50 25621 142
leaf_count=94319 88 2208 348 104 538 518 392 78 1120 208 78 259 665 51 108 384 555 60 60 60 50 78 536 54 156 96 364 50 25621 142
internal_value=0.000119368 0.000914714 0.00044837 -0.00489583 0.000607898 -0.00143939 0.00101004 0.000746389 0.00119361 -0.00186813 9.6154e-05 0.000376276 0.00222744 -0.00101504 -0.000574324 0.00210648 -0.00120518 0.000714286 -0.00638889 -0.0120833 -0.00251391 -0.00190661 -8.98202e-05 -0.0075 -0.00527778 -0.00946078 0.00149321 5.83527e-05 -0.000299655 -0.00880208
internal_weight=129348 9216 6624 192 6432 1056 5376 4984 4256 728 520 3136 1064 399 2072 2592 1813 735 180 120 1078 1028 668 132 360 204 442 120132 25813 192
internal_count=129348 9216 6624 192 6432 1056 5376 4984 4256 728 520 3136 1064 399 2072 2592 1813 735 180 120 1078 1028 668 132 360 204 442 120132 25813 192
is_linear=0
shrinkage=0.05


Tree=196
num_leaves=31
num_cat=0
split_feature=3 9 8 10 0 0 0 0 9 7 3 11 0 4 7 4 0 7 0 0 0 3 0 0 0 0 4 7 10 8
split_gain=2.58474 1.99854 2.2581 2.73934 2.11778 3.56447 1.82597 4.1455 3.63032 2.91669 2.91129 2.72596 2.31786 1.75211 3.30765 1.69426 1.64717 1.62118 2.28024 2.59211 2.67966 2.54854 2.11579 1.61965 1.83622 3.36643 8.13387 5.08714 7.63623 4.725
threshold=0.95998215779580554 28.028125000000003 30.250000000000004 1.0000000180025095e-35 27.500000000000004 18.500000000000004 20.500000000000004 51.500000000000007 27.666406250000005 29.712500000000006 0.99466373373798567 0.93309361111522005 86.500000000000014 -0.031174269516803289 22.512500000000006 0.1573897509163161 8.5000000000000018 27.012500000000006 42.500000000000007 72.500000000000014 78.500000000000014 0.97508442350096236 35.500000000000007 2.5000000000000004 31.500000000000004 23.500000000000004 0.029024409397335523 25.912500000000005 1.0000000180025095e-35 42.800000000000004
decision_type=2 2 2 2 2 2 2 2 2 2 2 2 2 2 2 2 2 2 2 2 2 2 2 2 2 2 2 2 2 2
left_child=23 2 3 4 5 16 11 8 13 12 -10 -4 -9 14 -8 -14 -2 -3 21 -20 -21 -19 -23 -1 25 27 -27 -25 29 -29
right_child=1 17 6 -5 -6 -7 7 9 10 -11 -12 -13 15 -15 -16 -17 -18 18 19 20 -22 22 -24 24 -26 26 -28 28 -30 -31
leaf_value=-0.009305614739629783 -0.030278798497148502 0.071975508653512807 -0.012402192675162467 0.02994491049684064 0.0033817870385216445 -0.031936503184267162 -0.044401003891084111 -0.015859614234474951 -0.010756824403287955 0.055038667469545888 -0.087451186985261678 0.015459975181090952 0.044087605810912478 -0.030930125614219886 0.055153418397017429 -0.019919699238351421 0.054686273023504789 0.061085666264949427 0.090856798765790225 -0.055615945153496688 0.02284558381895755 0.0062522397740647885 -0.06098490401114557 0.0046390414270718189 -0.00065980372829350226 0.053266690702245982 -0.0060150051249133266 0.020073085824223093 -0.021248066961570031 -0.0337181013536886
leaf_weight=3755 54 853 84 1440 408 54 113 915 62 905 62 1008 369 1054 321 99 60 113 690 137 229 74 112 17394 80064 5312 4712 4011 4680 204
leaf_count=3755 54 853 84 1440 408 54 113 915 62 905 62 1008 369 1054 321 99 60 113 690 137 229 74 112 17394 80064 5312 4712 4011 4680 204
internal_value=0.000118595 0.000925564 0.000512272 0.0019246 -0.000989583 -0.00571429 -5.80928e-05 -0.000564102 -0.0025062 0.000804196 -0.0107258 0.00174908 -0.000639913 -0.00182124 0.000852535 0.00222222 -0.000701754 0.00223732 0.00116236 0.00225379 -0.00114754 -0.00269231 -0.00629032 5.66878e-05 8.96657e-05 0.000384573 0.00116421 8.72991e-05 -0.000885329 0.000658363
internal_weight=129348 9216 7008 2016 576 168 4992 3900 1612 2288 124 1092 1383 1488 434 468 114 2208 1355 1056 366 299 186 120132 116377 36313 10024 26289 8895 4215
internal_count=129348 9216 7008 2016 576 168 4992 3900 1612 2288 124 1092 1383 1488 434 468 114 2208 1355 1056 366 299 186 120132 116377 36313 10024 26289 8895 4215
is_linear=0
shrinkage=0.05


Tree=197
num_leaves=31
num_cat=0
split_feature=3 9 8 10 11 11 0 0 9 1 10 4 7 10 7 9 1 9 7 7 3 7 7 8 7 7 9 6 0 1
split_gain=2.22576 1.97346 2.21133 2.12919 2.03909 2.62405 2.10021 3.66364 3.03011 2.98225 2.62727 2.55007 3.24347 3.11725 2.54889 2.15784 2.18225 1.81481 1.8057 3.27857 1.6965 1.77532 1.98751 1.66304 1.63321 3.46029 2.38801 2.22334 1.63207 2.20119
threshold=0.95998215779580554 28.028125000000003 29.950000000000003 1.0000000180025095e-35 0.93309361111522005 0.96717358864259573 20.500000000000004 53.500000000000007 23.805729166666669 1.0000000180025095e-35 1.0000000180025095e-35 -0.031174269516803289 22.512500000000006 1.0000000180025095e-35 29.712500000000006 25.152343750000004 1.5000000000000002 24.631250000000005 26.337500000000006 22.512500000000006 0.99700008544936913 23.962500000000006 19.812500000000004 35.95000000000001 27.487500000000004 34.412500000000016 28.272656250000001 1.0000000180025095e-35 25.500000000000004 2.5000000000000004
decision_type=2 2 2 2 2 2 2 2 2 2 2 2 2 2 2 2 2 2 2 2 2 2 2 2 2 2 2 2 2 2
left_child=-1 2 3 -2 28 17 -7 9 -9 10 -8 12 13 -11 -10 -13 -17 18 19 -6 -5 22 -22 -3 27 26 -26 -25 -4 -30
right_child=1 23 4 20 5 6 7 8 14 11 -12 15 -14 -15 -16 16 -18 -19 -20 -21 21 -23 -24 24 25 -27 -28 -29 29 -31
leaf_value=0.00075805475223722973 -0.0040727439917540333 0.10374152560299346 -0.024588112137742431 0.049060139153012355 0.0085344791485818128 0.010128754300090016 -0.10243606858096542 -0.060367254371903822 -0.002189760077141173 -0.055239130962242311 -0.045182401802392344 -0.020843673120496231 0.051823539003412813 0.028570746845766284 0.077729856626250191 -0.001162645175279755 -0.064319308429060737 0.069223025515466871 0.12193641634496366 -0.090846383501983985 0.0081352709018174159 0.093642652839911703 -0.020146190016394273 0.062351302130731194 -0.057769638725480889 0.059611126758050005 -0.016094281817300309 -0.012663853011469193 -0.06283416459720978 0.0084139628295968206
leaf_weight=120132 576 576 104 960 134 840 66 84 974 50 99 429 372 73 622 66 165 576 97 57 100 141 143 533 75 483 441 100 70 210
leaf_count=120132 576 576 104 960 134 840 66 84 974 50 99 429 372 73 622 66 165 576 97 57 100 141 143 533 75 483 441 100 70 210
internal_value=0.000117049 0.000865886 0.000455194 0.00190104 -9.04086e-05 0.000195578 -0.000364583 -0.000983333 0.000565476 -0.00295455 -0.00924242 -0.00205628 0.000656566 -0.00638211 0.00105263 -0.00409091 -0.00798701 0.00268519 -0.000555555 -0.00337696 0.00299107 0.000182292 -0.00240741 0.00216938 0.00135417 9.50953e-05 -0.00275194 0.00334123 -0.00359375 -0.00160714
internal_weight=129348 9216 7008 1920 5088 4704 3840 3000 1680 1320 165 1155 495 123 1596 660 231 864 288 191 1344 384 243 2208 1632 999 516 633 384 280
internal_count=129348 9216 7008 1920 5088 4704 3840 3000 1680 1320 165 1155 495 123 1596 660 231 864 288 191 1344 384 243 2208 1632 999 516 633 384 280
is_linear=0
shrinkage=0.05


Tree=198
num_leaves=31
num_cat=0
split_feature=3 9 8 10 8 11 11 4 11 7 0 0 8 7 1 8 8 0 8 5 7 11 0 11 3 0 3 1 1 3
split_gain=2.65472 1.83113 1.80584 2.34315 1.63059 1.59392 2.07429 1.61112 2.432 1.7613 1.58334 4.16001 4.12995 2.27882 1.98117 1.96695 1.88554 4.87422 4.42347 3.07451 2.14373 1.57563 2.62344 1.5625 1.47958 4.85872 1.6673 1.55039 1.51474 2.47697
threshold=0.95998215779580554 28.028125000000003 29.650000000000002 1.0000000180025095e-35 35.95000000000001 0.9111617968768696 0.96717358864259573 -0.099822328936730861 1.0353027724959731 30.937500000000004 55.500000000000007 21.500000000000004 35.250000000000007 29.612500000000004 4.5000000000000009 31.150000000000002 33.150000000000013 35.500000000000007 32.45000000000001 1.0000000180025095e-35 29.012500000000006 1.0536951534388417 43.500000000000007 0.95583780249162331 0.94978112945126536 9.5000000000000018 0.9193901325473397 4.5000000000000009 2.5000000000000004 0.42958674266195179
decision_type=2 2 2 2 2 2 2 2 2 2 2 2 2 2 2 2 2 2 2 2 2 2 2 2 2 2 2 2 2 2
left_child=24 2 3 -2 -3 -4 23 8 9 -8 11 15 14 -12 16 -9 17 18 -13 20 -18 22 -16 -7 26 -26 28 -27 29 -1
right_child=1 4 5 -5 -6 6 7 10 -10 -11 13 12 -14 -15 21 -17 19 -19 -20 -21 -22 -23 -24 -25 25 27 -28 -29 -30 -31
leaf_value=-0.0050981390757248212 -0.0043132949318225519 0.098554449322843518 -0.026913614276158918 0.038205879799091048 0.015397335621146159 0.0046109030598157526 -0.011899938397620408 -0.031571984659797277 0.054770816333874317 0.086357007893318141 -0.007152965066042437 -0.079024876603717154 -0.066391829956577678 0.050121879129448613 0.0071772586502144055 0.015311339382688553 -0.030420999034959203 0.020315238954642 -0.0033336718975499019 -0.025579583984178436 -0.084332670964387194 0.074963667738873571 -0.11538658824633873 0.13210475582585562 -0.024470026764385054 -0.019734986450803741 0.01224368111894264 0.011617232101341657 0.002627141369249849 0.0049665210478132956
leaf_weight=35025 480 576 192 1152 1632 768 338 88 384 142 900 112 68 420 154 638 52 280 84 68 50 170 84 384 120 516 2784 516 67847 13324
leaf_count=35025 480 576 192 1152 1632 768 338 88 384 142 900 112 68 420 154 638 52 280 84 68 50 170 84 384 120 516 2784 516 67847 13324
internal_value=0.000118595 0.000936415 0.000540811 0.00199755 0.00219203 9.85865e-05 0.000264275 -0.000270337 0.00164352 -0.000729166 -0.000792298 -0.00173701 -0.00364528 0.000530303 -0.00287476 0.00121212 -0.00459752 -0.00298319 -0.00903061 -0.00911765 -0.0146078 -0.000147059 -0.00277311 0.00213542 5.58554e-05 -0.00172743 7.31217e-05 -0.000620155 4.41497e-05 -0.000169703
internal_weight=129348 9216 7008 1632 2208 5376 5184 4032 864 480 3168 1848 1122 1320 1054 726 646 476 196 170 102 408 238 1152 120132 1152 118980 1032 116196 48349
internal_count=129348 9216 7008 1632 2208 5376 5184 4032 864 480 3168 1848 1122 1320 1054 726 646 476 196 170 102 408 238 1152 120132 1152 118980 1032 116196 48349
is_linear=0
shrinkage=0.05


Tree=199
num_leaves=31
num_cat=0
split_feature=3 9 8 8 10 3 7 7 9 6 9 8 0 4 0 6 8 3 7 1 0 7 3 3 8 11 4 0 11 11
split_gain=2.70524 1.6862 1.57194 1.53582 2.19869 1.72854 1.50595 3.45882 2.19309 2.17229 1.47731 5.27844 13.6395 3.74441 6.04809 3.85852 4.5011 3.54529 4.60699 3.41603 4.76433 3.38071 4.82743 6.06534 5.90481 4.56821 3.32612 4.57785 3.79713 4.95229
threshold=0.95998215779580554 28.028125000000003 35.95000000000001 29.650000000000002 1.0000000180025095e-35 0.99818282439137029 27.487500000000004 34.312500000000007 28.272656250000001 1.0000000180025095e-35 29.979947916666667 33.350000000000001 24.500000000000004 -0.42958798411962301 51.500000000000007 1.0000000180025095e-35 37.550000000000004 0.65233619298682533 26.612500000000004 3.5000000000000004 34.500000000000007 25.412500000000005 0.15951094710994371 0.3342611484689354 37.050000000000004 1.0236468970418959 -0.78324956448884031 33.500000000000007 0.98229519356535999 1.0741250120502992
decision_type=2 2 2 2 2 2 2 2 2 2 2 2 2 2 2 2 2 2 2 2 2 2 2 2 2 2 2 2 2 2
left_child=10 3 -3 4 -2 -6 9 8 -8 -4 -1 12 -12 17 15 16 19 18 21 -15 -21 -13 -23 -24 -25 -26 -20 -28 -29 -30
right_child=1 2 6 -5 5 -7 7 -9 -10 -11 11 13 -14 14 -16 -17 -18 -19 26 20 -22 22 23 24 25 -27 27 28 29 -31
leaf_value=0.0016910929017493208 -0.0040976301852315919 0.093626726856701148 0.05846387024313713 0.00076470466736158337 0.042106953533859431 -0.027760548249038432 -0.056485811419454912 0.055259236774077097 -0.017278386819899075 -0.012800527141952719 -0.1580126630288306 0.047682310572397704 -0.0077656681481908692 -0.035634044628932118 0.016196215999253645 0.17435851770825342 -0.0041080699238619641 0.016878486345535213 -0.0015654388518133036 -0.034446231836790707 -0.18315249413224854 0.057680717391245452 -0.12223416650420618 0.10895495137871319 -0.18725279215545365 -0.033552240574595736 0.032791827936867315 -0.10425499340571927 0.011401661783905913 -0.14501496879947959
leaf_weight=94319 480 576 533 5376 1056 96 73 488 438 100 50 103 142 104 352 52 104 5252 17827 105 51 106 52 73 71 117 400 62 371 419
leaf_count=94319 480 576 533 5376 1056 96 73 488 438 100 50 103 142 104 352 52 104 5252 17827 105 51 106 52 73 71 117 400 62 371 419
internal_value=0.000116276 0.00094184 0.00214674 0.000562215 0.00190564 0.00309028 0.00135417 0.000145145 -0.00272994 0.00326224 5.29419e-05 -0.000282222 -0.00854167 -0.000220327 -0.00365885 -0.00774038 -0.00956044 -0.000114071 -0.000423192 -0.0130769 -0.0177564 -0.00505747 -0.00705251 -0.0101757 -0.00706897 -0.0117553 -0.000296399 -0.00278754 -0.00485915 -0.00392405
internal_weight=129348 9216 2208 7008 1632 1152 1632 999 511 633 120132 25813 192 25621 768 416 364 24853 19601 260 156 522 419 313 261 188 19079 1252 852 790
internal_count=129348 9216 2208 7008 1632 1152 1632 999 511 633 120132 25813 192 25621 768 416 364 24853 19601 260 156 522 419 313 261 188 19079 1252 852 790
is_linear=0
shrinkage=0.05


Tree=200
num_leaves=31
num_cat=0
split_feature=3 0 0 0 11 7 4 10 0 11 11 3 5 3 0 10 11 8 11 7 7 7 11 9 8 3 3 4 3 11
split_gain=2.48396 1.64152 2.48122 2.75702 2.68323 2.43977 3.81442 5.57604 4.69137 2.34572 3.03822 2.2501 2.49951 2.13754 2.08944 2.44324 1.53979 1.49708 1.41113 2.59032 2.6871 3.05499 1.97438 2.93976 3.64376 3.44962 3.74713 3.22933 5.70399 4.37587
threshold=0.95998215779580554 88.500000000000014 74.500000000000014 52.500000000000007 0.9111617968768696 30.212500000000006 0.029024409397335523 1.0000000180025095e-35 40.500000000000007 1.0226926418345352 1.0353027724959731 0.99865421017599998 1.0000000180025095e-35 0.97875492728876534 78.500000000000014 1.0000000180025095e-35 0.94757355787554809 33.750000000000007 0.7641759112864478 11.662500000000003 20.112500000000004 21.762500000000006 0.94187976625705427 30.817708333333339 30.650000000000002 -0.99697703579879204 -0.9954993026558282 -0.84774213365954088 -0.47558551945199218 0.93656793184022147
decision_type=2 2 2 2 2 2 2 2 2 2 2 2 2 2 2 2 2 2 2 2 2 2 2 2 2 2 2 2 2 2
left_child=18 2 3 5 -4 11 8 -8 13 16 -11 -2 17 -7 15 -12 -6 -13 19 -1 -21 -22 23 24 25 -20 -27 28 29 -26
right_child=1 -3 4 -5 9 6 7 -9 -10 10 14 12 -14 -15 -16 -17 -18 -19 22 20 21 -23 -24 -25 27 26 -28 -29 -30 -31
leaf_value=-0.068951984743154768 0.011076430264627062 0.039266612573133353 -0.084658522054768842 0.043317202378189222 -0.04902199710909684 -0.0039307064290376465 0.18345252222982669 -0.057516478205486832 0.031861232493534071 -0.07551683458563696 -0.089885563586644457 -0.0081442160746766964 -0.053511487155150389 -0.067295724103510132 0.0013516928652494236 -0.017967686414205111 0.025608577698084136 0.075474189140358347 0.061326451603273158 0.049843296727631631 -0.032711320884345405 -0.012150491074445846 -0.00035374727578685729 -0.018840690878788854 -0.10865220426258122 -0.067109319465592732 -0.0026340524683520629 0.037491463106237681 0.018950011411426194 0.045005215890492202
leaf_weight=55 3357 672 56 2112 84 66 62 155 538 98 72 528 135 86 460 112 462 161 960 239 56 802 95397 1814 384 96 9888 5567 4682 192
leaf_count=55 3357 672 56 2112 84 66 62 155 538 98 72 528 135 86 460 112 462 161 960 239 56 802 95397 1814 384 96 9888 5567 4682 192
internal_value=0.000118208 0.000909288 0.000722144 0.00109028 -0.00125 0.000459906 -0.00189085 -0.00767281 -7.24636e-05 -0.000784161 -0.00261456 0.000969864 -0.00137136 -0.00782895 -0.00136646 -0.00586956 0.0017033 -0.000152395 5.75202e-05 -0.00168403 -0.00115314 -0.00245921 7.43824e-05 0.000484035 0.000645184 1.82767e-06 -0.000273437 0.00129561 0.000406999 -0.00428819
internal_weight=129348 9216 8544 7200 1344 5088 907 217 690 1288 742 4181 824 152 644 184 546 689 120132 1152 1097 858 118980 23583 21769 10944 9984 10825 5258 576
internal_count=129348 9216 8544 7200 1344 5088 907 217 690 1288 742 4181 824 152 644 184 546 689 120132 1152 1097 858 118980 23583 21769 10944 9984 10825 5258 576
is_linear=0
shrinkage=0.05


Tree=201
num_leaves=31
num_cat=0
split_feature=3 0 0 0 3 0 7 11 9 9 3 1 3 0 0 11 4 8 3 0 0 0 4 10 3 0 3 10 3 11
split_gain=2.29306 1.67218 1.81368 2.93403 2.52523 2.38026 3.91033 2.97433 2.67688 2.15549 2.38859 1.97711 1.72017 1.60437 2.70412 2.35164 1.57756 2.08697 1.56518 2.45343 1.53126 1.51843 2.49851 4.11987 2.57165 1.94797 1.98532 1.47661 2.78133 1.41457
threshold=0.95998215779580554 90.500000000000014 75.500000000000014 78.500000000000014 0.98049069993378934 44.500000000000007 30.212500000000006 1.1443318593415424 27.865885416666668 27.666406250000005 0.99865421017599998 4.5000000000000009 0.98372640911059162 3.5000000000000004 20.500000000000004 1.0282169252610012 -0.12545862287572049 32.150000000000013 0.97314989601849466 39.500000000000007 25.500000000000004 55.500000000000007 0.029024409397335523 1.0000000180025095e-35 0.9893236546938301 67.500000000000014 0.99700008544936913 1.0000000180025095e-35 0.99466373373798567 1.0307298263784668
decision_type=2 2 2 2 2 2 2 2 2 2 2 2 2 2 2 2 2 2 2 2 2 2 2 2 2 2 2 2 2 2
left_child=29 2 5 4 -4 6 8 16 9 10 -2 -5 -13 -12 -15 20 -7 -18 -8 -20 -16 22 -19 -24 -25 -23 -27 -21 -29 -1
right_child=1 -3 3 11 -6 7 18 -9 -10 -11 13 12 -14 14 15 -17 17 21 19 27 -22 25 23 24 -26 26 -28 28 -30 -31
leaf_value=0.0020727847717344531 0.0061222906301890033 0.049595513436659189 -0.090829593140496212 0.013397108766292819 -0.020439871710746984 0.082611911697435439 0.043340975418613981 -0.028203115871525852 0.041992194301601143 -0.046213815033556011 -0.013471906285112405 0.011810730024319616 -0.053437969962386082 0.0053415207639866706 -0.0524006437870735 -0.065371443021431608 0.055062433820807111 0.025376218980827144 -0.064457661922745088 0.02554427333524565 0.016276403168511408 0.061020059044333552 0.14168233814599357 -0.034906150676752512 -0.14572017637066939 -0.038501176656703433 0.069069958508569965 -0.03767051323314622 0.07762374657297906 -0.0025260159323198957
leaf_weight=83253 2293 480 81 840 207 775 75 62 892 75 64 96 216 272 50 138 992 220 83 58 182 444 55 77 55 184 112 87 51 36879
leaf_count=83253 2293 480 81 840 207 775 75 62 892 75 64 96 216 272 50 138 992 220 83 58 182 444 55 77 55 184 112 87 51 36879
internal_value=0.000116662 0.000876736 0.000718865 -0.000902778 -0.00541667 0.00103893 0.000289352 0.00212702 0.00073878 3.90373e-05 0.000248416 0.000225695 -0.00317308 -0.00229462 -0.00154206 -0.00432432 0.00235758 0.00165732 -0.00474576 -0.00646953 -0.00125 0.000204882 -0.00224816 -0.00649733 -0.0112879 0.00155405 -0.00158784 -0.00341837 -0.00623188 5.83527e-05
internal_weight=129348 9216 8736 1440 288 7296 4320 2976 3966 3074 2999 1152 312 706 642 370 2914 2139 354 279 232 1147 407 187 132 740 296 196 138 120132
internal_count=129348 9216 8736 1440 288 7296 4320 2976 3966 3074 2999 1152 312 706 642 370 2914 2139 354 279 232 1147 407 187 132 740 296 196 138 120132
is_linear=0
shrinkage=0.05


Tree=202
num_leaves=31
num_cat=0
split_feature=3 0 7 9 3 11 3 8 10 0 0 5 9 11 11 9 8 0 0 0 10 8 9 8 1 3 3 11 7 11
split_gain=2.15596 1.73418 4.96174 2.7838 2.23512 2.08244 1.96759 1.93888 1.89043 1.829 2.96228 2.88971 1.7626 3.11173 3.2 1.72633 1.81042 4.57143 1.65517 1.36945 3.36061 5.66461 5.49669 4.71221 4.80027 3.72723 3.72268 7.63087 3.56294 3.25464
threshold=0.97875492728876534 41.500000000000007 28.912500000000005 27.865885416666668 0.99865421017599998 0.9111617968768696 0.99552231814189451 31.150000000000002 1.0000000180025095e-35 21.500000000000004 3.5000000000000004 1.0000000180025095e-35 25.097135416666671 0.99909664317366975 0.96717358864259573 27.666406250000005 28.250000000000004 20.500000000000004 70.500000000000014 9.5000000000000018 1.0000000180025095e-35 20.900000000000002 16.601302083333337 19.950000000000003 5.5000000000000009 -0.8821812062722818 -0.96902457013955734 0.89222405554218354 8.2375000000000025 0.95955207118900387
decision_type=2 2 2 2 2 2 2 2 2 2 2 2 2 2 2 2 2 2 2 2 2 2 2 2 2 2 2 2 2 2
left_child=19 2 3 4 15 8 -4 -7 -3 10 -6 -11 13 14 -9 16 17 -2 -16 20 22 23 -1 24 29 26 -23 -28 -26 -22
right_child=1 5 6 -5 9 7 -8 12 -10 11 -12 -13 -14 -15 18 -17 -18 -19 -20 -21 21 25 -24 -25 28 -27 27 -29 -30 -31
leaf_value=0.068624297594047839 -0.031349213150860679 0.068741938467681424 -0.053836831640093036 0.059416864675192152 -0.012798310970857166 0.080902099080295567 0.0037581358671043758 -0.0067563293006778274 -0.046509202232693947 -0.01699300921383904 0.0048058255182899488 -0.079443760838891861 0.024786822192356367 0.012745297568382103 -0.12871306750084638 -0.044226099100957997 0.01354206098457751 0.032390304640914282 -0.0053870850828931244 0.0013629376979542914 -0.06147624183598991 -0.0033866780265886989 -0.0035858194376463485 -0.029086143950297478 -0.023558764588956106 0.00052560256422250499 -0.091874178988314084 -0.019752869867582085 -0.033740669074107742 -0.0029246883507704964
leaf_weight=1230 63 54 154 518 64 756 57 162 162 249 288 59 2106 540 58 73 1436 63 50 109676 80 630 4200 130 54 5090 70 510 86 680
leaf_count=1230 63 54 154 518 64 756 57 162 162 249 288 59 2106 540 58 73 1436 63 50 109676 80 630 4200 130 54 5090 70 510 86 680
internal_value=0.000111637 0.000970776 7.27515e-05 0.000627444 -0.000119826 0.00166924 -0.00732227 0.00194989 -0.00310185 -0.00257576 -0.000113636 -0.00538961 0.00136488 -0.000617284 -0.005 0.00087156 0.00122279 -0.00452381 -0.0116667 6.31352e-05 -0.000427116 -0.00112551 0.000515654 -0.00456311 -0.00327778 -0.000563492 -0.00305785 -0.00594828 -0.0117857 -0.00171053
internal_weight=129348 6912 3024 2813 2295 3888 211 3672 216 660 352 308 2916 810 270 1635 1562 126 108 122436 12760 7330 5430 1030 900 6300 1210 580 140 760
internal_count=129348 6912 3024 2813 2295 3888 211 3672 216 660 352 308 2916 810 270 1635 1562 126 108 122436 12760 7330 5430 1030 900 6300 1210 580 140 760
is_linear=0
shrinkage=0.05


Tree=203
num_leaves=31
num_cat=0
split_feature=3 0 0 0 4 0 9 9 1 7 0 8 0 4 11 7 7 9 0 8 1 8 8 11 0 8 8 0 3 1
split_gain=2.09351 1.57436 2.42074 2.7229 2.41736 1.75208 1.71964 1.52493 4.40917 3.78894 1.83491 2.46272 1.40606 1.34852 4.27148 4.76784 4.18735 3.97765 5.83241 14.525 6.97064 5.81537 3.834 3.74515 3.7198 2.56526 6.35323 5.98552 7.55099 11.7532
threshold=0.97875492728876534 86.500000000000014 76.500000000000014 53.500000000000007 0.071972700440407641 81.500000000000014 28.230989583333336 27.666406250000005 1.0000000180025095e-35 26.537500000000005 3.5000000000000004 32.350000000000001 44.500000000000007 -0.98801846520836312 1.0632854705466908 39.01250000000001 27.387500000000006 32.982031250000013 23.500000000000004 34.45000000000001 3.5000000000000004 36.150000000000013 39.650000000000013 0.99217867693061745 8.5000000000000018 37.050000000000004 34.350000000000001 21.500000000000004 0.60555468348150676 4.5000000000000009
decision_type=2 2 2 2 2 2 2 2 2 2 2 2 2 2 2 2 2 2 2 2 2 2 2 2 2 2 2 2 2 2
left_child=13 2 3 6 5 -4 7 10 -9 -10 11 -2 -11 14 15 16 -1 18 19 20 -18 -20 -19 -21 -25 26 -15 28 29 -27
right_child=1 -3 4 -5 -6 -7 -8 8 9 12 -12 -13 -14 25 -16 -17 17 22 21 23 -22 -23 -24 24 -26 27 -28 -29 -30 -31
leaf_value=0.020515078750266664 -0.027214866692290052 0.047284962946468286 -0.065183962067187226 0.04962120535327702 0.029803436335423091 -0.0029083310479301591 0.035609079469376942 -0.078957753936714892 0.034983850187423504 -0.047305613982795147 0.0040411146235987839 0.013379727329959169 -0.016314335664175419 0.00057400935145254025 0.018264772903056479 -0.53601693174863352 -0.055804460158484365 0.20910873030376809 -0.00035181292764539302 0.023089540173689558 -0.15305172477780865 -0.083451374037214351 -0.041525907701140577 0.023201056138888173 -0.10357756947282409 -0.01933540344398646 0.02773210490750079 0.0002939461667347946 0.00054905069411953088 -0.11447613387140415
leaf_weight=724 112 648 240 1656 240 240 540 54 197 73 2750 108 54 90201 2300 58 104 373 1939 243 66 988 241 63 85 1207 11019 10804 1584 437
leaf_count=724 112 648 240 1656 240 240 540 54 197 73 2750 108 54 90201 2300 58 104 373 1939 243 66 988 241 63 85 1207 11019 10804 1584 437
internal_value=0.000109704 0.000956308 0.000713602 0.00106782 -0.00201389 -0.0040625 0.00034465 -7.76581e-05 -0.00306878 -0.000864197 0.00030303 -0.00409091 -0.00759842 6.19101e-05 -0.000602728 -0.00143939 -0.00126813 -0.00188688 -0.00254014 -0.00721034 -0.0194118 -0.00164503 0.0018241 -0.00190537 -0.00817568 0.000103339 0.000191168 -0.000530216 -0.00241945 -0.00479319
internal_weight=129348 6912 6264 5544 720 480 3888 3348 378 324 2970 220 127 122436 7184 4884 4826 4102 3488 561 170 2927 614 391 148 115252 101220 14032 3228 1644
internal_count=129348 6912 6264 5544 720 480 3888 3348 378 324 2970 220 127 122436 7184 4884 4826 4102 3488 561 170 2927 614 391 148 115252 101220 14032 3228 1644
is_linear=0
shrinkage=0.05


Tree=204
num_leaves=31
num_cat=0
split_feature=3 0 9 9 11 11 1 0 0 1 8 3 10 0 7 1 4 4 0 3 0 9 0 7 1 9 11 7 7 7
split_gain=2.04653 1.54321 1.51332 1.39363 2.32053 1.90782 2.14603 1.81445 3.14127 3.04727 2.74697 2.40228 2.26039 2.97619 1.92389 3.1766 3.70177 3.06563 4.18931 4.79814 1.66982 2.13818 1.29862 1.87245 1.59349 1.28929 1.28492 2.63297 2.58363 2.64934
threshold=0.97875492728876534 89.500000000000014 28.272656250000001 23.317968750000002 0.93309361111522005 0.96717358864259573 1.0000000180025095e-35 21.500000000000004 41.500000000000007 4.5000000000000009 31.550000000000004 0.99374995976406788 1.0000000180025095e-35 29.500000000000004 29.712500000000006 4.5000000000000009 -0.065537083312030994 -0.013976481981245173 57.500000000000007 0.99374995976406788 9.5000000000000018 22.632552083333337 25.500000000000004 24.812500000000004 3.5000000000000004 25.152343750000004 0.7641759112864478 11.662500000000003 20.112500000000004 21.762500000000006
decision_type=2 2 2 2 2 2 2 2 2 2 2 2 2 2 2 2 2 2 2 2 2 2 2 2 2 2 2 2 2 2
left_child=26 2 3 20 22 6 -6 10 9 11 -7 -9 -13 -14 15 -10 -17 -16 19 -19 21 -2 -5 -24 -25 -11 27 -1 -29 -30
right_child=1 -3 -4 4 5 7 -8 8 14 25 -12 12 13 -15 17 16 -18 18 -20 -21 -22 -23 23 24 -26 -27 -28 28 29 -31
leaf_value=-0.067722712623323592 -0.019889367303703553 0.05855488107715872 0.033828625586002449 -0.022776321742452935 -0.029945962067823424 -0.038643205045399476 0.061681409617912943 -0.024706913464109005 0.0083515652568554189 0.049505483805633417 0.019322382577462233 -0.083056088321308341 0.019434777089046975 -0.044659233513171658 0.072963613389128421 -0.079406263394190532 -0.013310801100359199 0.0023593954382974047 0.044949142392160225 -0.10188546547244499 0.027440695116163046 0.032533444991141906 0.044968764272272012 -0.048553504801482295 0.0080250695077276734 -0.025048635364169805 0.00087369915640731128 0.047159018636681885 -0.030656654938296408 -0.011790582639644206
leaf_weight=55 60 432 810 104 90 66 630 300 542 140 814 80 56 84 711 85 201 121 159 101 880 50 72 97 87 140 121284 239 56 802
leaf_count=55 60 432 810 104 90 66 630 300 542 140 814 80 56 84 711 85 201 121 159 101 880 50 72 97 87 140 121284 239 56 802
internal_value=0.000112024 0.000949074 0.000756173 0.000467372 0.000106838 0.000428241 0.00277778 -4.16665e-05 -0.000680147 -0.0033125 0.00193182 -0.00557692 -0.00954545 -0.00571429 0.000416667 -0.00140097 -0.00566434 0.00179487 -0.00182415 -0.00626126 0.00217172 -0.00363636 -0.00375 -0.00183594 -0.00451087 0.000892857 6.47687e-05 -0.00159722 -0.00106199 -0.00234266
internal_weight=129348 6912 6480 5670 4680 4320 720 3600 2720 800 880 520 220 140 1920 828 286 1092 381 222 990 110 360 256 184 280 122436 1152 1097 858
internal_count=129348 6912 6480 5670 4680 4320 720 3600 2720 800 880 520 220 140 1920 828 286 1092 381 222 990 110 360 256 184 280 122436 1152 1097 858
is_linear=0
shrinkage=0.05


Tree=205
num_leaves=31
num_cat=0
split_feature=3 0 0 0 10 8 11 3 9 7 8 1 7 11 9 9 3 11 3 4 1 3 11 8 9 11 7 9 1 11
split_gain=2.5217 1.44453 1.3179 2.83704 3.3355 5.54758 5.19049 7.48081 5.39584 4.5103 4.41261 4.46598 3.82025 3.49249 4.12095 7.3892 3.28946 3.25464 3.23341 4.8505 5.75783 3.16704 6.67911 2.91752 3.2841 2.88277 2.83343 2.81442 2.71646 4.92273
threshold=0.97875492728876534 89.500000000000014 36.500000000000007 9.5000000000000018 1.0000000180025095e-35 20.900000000000002 0.83812870703902109 -0.36647417525074694 16.601302083333337 25.612500000000004 19.950000000000003 5.5000000000000009 8.2375000000000025 0.99167509322876013 18.009635416666672 17.789062500000004 -0.8821812062722818 0.95955207118900387 0.85673801594079257 0.48126256173783166 4.5000000000000009 -0.96902457013955734 0.89222405554218354 28.250000000000004 25.482812500000005 0.99352454386796529 22.512500000000006 28.071614583333339 5.5000000000000009 1.1102543501962845
decision_type=2 2 2 2 2 2 2 2 2 2 2 2 2 2 2 2 2 2 2 2 2 2 2 2 2 2 2 2 2 2
left_child=2 -2 3 4 6 10 7 -1 -8 -9 11 17 -13 -10 15 -15 21 -6 -18 20 -20 -7 -23 -24 -25 -16 -22 -26 -27 -30
right_child=1 -3 -4 -5 5 16 8 9 13 -11 -12 12 -14 14 25 -17 18 -19 19 -21 26 22 23 24 27 28 -28 -29 29 -31
leaf_value=0.066336521392165698 0.00554189851814738 0.055627137023300868 -0.00090822734594549746 0.0056437520645593493 -0.058474815169584519 -0.0032897295506520564 0.068517305705097162 -0.13764172459216242 0.018817571063705425 -0.081048884289048065 -0.027704222178175437 -0.022453211784901752 -0.032126021045795122 -0.018146155841246413 -0.054378549182558591 -0.051404083291586439 0.0049751773370826117 -0.0028508393586259202 0.0052057669787118743 -0.043675112609633637 -0.03545861562472348 -0.087352855464291501 -0.051435034132248363 0.024702703697405907 -0.040437058070620917 0.0036479066912467294 -0.012155031298198594 -0.012851841940122061 -0.021911303696275308 -0.14295302434079971
leaf_weight=70 6480 432 75220 34456 80 630 1220 50 1770 60 130 54 86 110 70 50 4370 680 480 60 96 70 50 170 110 1700 84 180 270 60
leaf_count=70 6480 432 75220 34456 80 630 1220 50 1770 60 130 54 86 110 70 50 4370 680 480 60 96 70 50 170 110 1700 84 180 270 60
internal_value=0.000113956 0.00104311 6.15017e-05 0.000268553 -0.000368338 -0.00106412 0.000570903 -0.00777778 0.000857143 -0.0159091 -0.00446602 -0.00322222 -0.0114286 -2.48137e-05 -0.00132743 -0.0090625 -0.000507936 -0.00171053 4.91161e-05 -0.00305556 -0.00181818 -0.00285124 -0.00551724 -0.00352941 -0.00228261 -0.000738095 -0.00944444 -0.00551724 -0.000394088 -0.00454545
internal_weight=129348 6912 122436 47216 12760 7330 5430 180 5250 110 1030 900 140 4030 2260 160 6300 760 5090 720 660 1210 580 510 460 2100 180 290 2030 330
internal_count=129348 6912 122436 47216 12760 7330 5430 180 5250 110 1030 900 140 4030 2260 160 6300 760 5090 720 660 1210 580 510 460 2100 180 290 2030 330
is_linear=0
shrinkage=0.05


Tree=206
num_leaves=31
num_cat=0
split_feature=3 0 7 9 11 10 3 3 8 0 9 8 7 7 9 9 0 7 11 9 7 8 8 8 8 4 3 4 0 3
split_gain=2.11981 1.52161 3.55529 2.52523 2.24257 2 1.96784 1.818 1.7936 4.19841 1.93093 1.78495 1.71243 2.18097 1.67832 3.33333 2.31481 1.66525 1.38041 2.42908 2.80572 2.63626 2.43809 2.78089 2.58377 3.31768 5.56283 4.03474 3.27094 3.26469
threshold=0.97875492728876534 41.500000000000007 28.912500000000005 27.865885416666668 0.9111617968768696 1.0000000180025095e-35 0.99865421017599998 0.99552231814189451 28.250000000000004 20.500000000000004 27.666406250000005 31.150000000000002 22.212500000000006 25.612500000000004 24.289322916666674 24.140364583333337 71.500000000000014 25.412500000000005 0.94187976625705427 13.209375 11.212500000000004 18.950000000000003 38.850000000000001 39.850000000000001 30.750000000000004 -0.84774213365954088 -0.47558551945199218 -0.62587551141915865 85.500000000000014 -0.99697703579879204
decision_type=2 2 2 2 2 2 2 2 2 2 2 2 2 2 2 2 2 2 2 2 2 2 2 2 2 2 2 2 2 2
left_child=18 2 3 6 5 -3 8 -4 9 -2 -10 -6 -8 -14 15 16 -13 -7 19 20 -1 -22 24 -24 29 26 28 -27 -26 -21
right_child=1 4 7 -5 11 17 12 -9 10 -11 -12 14 13 -15 -16 -17 -18 -19 -20 22 21 -23 23 -25 25 27 -28 -29 -30 -31
leaf_value=-0.055157173893723981 -0.027703635719425891 0.057231492491952363 -0.051541999559481223 0.053603657367419455 0.073666734013550048 -0.076843052807899881 -0.0043214810589390128 0.0043435101848696622 0.012611224933314936 0.028919603995973375 -0.034191196958915225 0.09355979975020913 -0.068689833838051592 -0.0021918052033066833 0.018088041336948878 -0.12012827809818348 -0.070281174749623809 -0.022047868932119366 -0.00015187295092704067 0.057955288672146422 0.029982025680430582 -0.10024274748372863 -0.098573839819192877 0.014396437557112316 -0.055269000375786664 0.087215893397986299 0.012076454168206444 0.010545950397613378 -0.14542542267970449 -0.0026320235905296988
leaf_weight=191 63 54 154 518 756 55 484 57 1436 63 73 120 100 76 2646 54 96 107 97701 960 236 53 377 288 430 2591 5831 3072 50 10656
leaf_count=191 63 54 154 518 756 55 484 57 1436 63 73 120 100 76 2646 54 96 107 97701 960 236 53 377 288 430 2591 5831 3072 50 10656
internal_value=0.000111637 0.000963542 0.000122355 0.000591895 0.0016178 -0.00333333 -0.000119826 -0.00613744 0.000810398 -0.00492063 0.00128893 0.00190904 -0.00242424 -0.00664773 0.00134774 -0.00240741 0.000370371 -0.00611111 6.35436e-05 0.000397211 -0.003125 -1.73009e-05 0.000466914 -0.0025188 0.000551081 0.00106648 0.000278086 0.00194508 -0.00489583 1.98005e-05
internal_weight=129348 6912 3024 2813 3888 216 2295 211 1635 126 1509 3672 660 176 2916 270 216 162 122436 24735 480 289 24255 665 23590 11974 6311 5663 480 11616
internal_count=129348 6912 3024 2813 3888 216 2295 211 1635 126 1509 3672 660 176 2916 270 216 162 122436 24735 480 289 24255 665 23590 11974 6311 5663 480 11616
is_linear=0
shrinkage=0.05


Tree=207
num_leaves=31
num_cat=0
split_feature=3 0 0 0 11 0 8 8 11 11 9 5 10 6 0 11 3 3 7 9 9 4 0 7 0 1 8 8 8 3
split_gain=2.08969 1.57436 1.95277 2.13489 2.12517 2.07752 3.761 2.04579 2.0203 2.79763 1.58048 1.4952 3.80029 1.47544 1.32249 1.32092 2.24643 3.84515 3.35617 2.70632 3.48844 3.9422 4.04189 3.37204 3.28948 4.9596 2.64954 2.35643 2.92253 4.58743
threshold=0.97875492728876534 86.500000000000014 76.500000000000014 47.500000000000007 0.94757355787554809 18.500000000000004 28.250000000000004 29.950000000000003 1.0226926418345352 1.0353027724959731 25.152343750000004 1.0000000180025095e-35 1.0000000180025095e-35 1.0000000180025095e-35 23.500000000000004 0.94187976625705427 -0.99697703579879204 -0.96235977360714686 23.712500000000006 26.352343750000006 27.557552083333338 -0.091258822863740666 53.500000000000007 30.412500000000005 32.500000000000007 1.0000000180025095e-35 28.950000000000003 38.850000000000001 30.750000000000004 -0.59869031648930193
decision_type=2 2 2 2 2 2 2 2 2 2 2 2 2 2 2 2 2 2 2 2 2 2 2 2 2 2 2 2 2 2
left_child=15 2 3 5 -4 6 -2 14 -6 -10 13 -9 -13 -8 -7 16 -1 18 -18 24 21 -21 23 -23 26 -26 -20 28 -19 -30
right_child=1 -3 4 -5 8 7 10 11 9 -11 -12 12 -14 -15 -16 -17 17 27 19 20 -22 22 -24 -25 25 -27 -28 -29 29 -31
leaf_value=0.055057524238539768 -0.015952038952288344 0.039897198262958421 -0.067796860600277953 0.035828055028027557 0.023546585797425353 -0.015979278707999683 0.0050838092233946872 -0.0073671082527250091 -0.084170789972626739 -0.0050008431434105244 0.047083606437774983 -0.074595210570519682 -0.00055058270852820679 -0.015355114405100293 0.058632503615772262 -0.00014427930338018545 0.048605982263702725 -0.00081672191103919749 -0.097975068939264123 0.048200571391216536 -0.08727534918150312 -0.025936661617215424 0.0083998931945527527 -0.081714843807011384 -0.082059295140471514 -0.0032906917763692676 -0.064988799580328938 -0.039843843045855087 0.063781514095569841 0.0083066492689360446
leaf_weight=960 57 648 100 2088 280 55 513 1537 70 270 741 87 145 57 264 97701 217 9696 102 633 192 93 188 62 63 367 99 665 2880 8518
leaf_count=960 57 648 100 2088 280 55 513 1537 70 270 741 87 145 57 264 97701 217 9696 102 633 192 93 188 62 63 367 99 665 2880 8518
internal_value=0.000110477 0.000956308 0.000713602 0.00103175 -0.00173611 0.000269097 0.00178363 -0.00072318 -0.000645161 -0.00323529 0.00233028 -0.00138779 -0.00512931 0.000350877 0.00296238 6.27268e-05 0.000389125 0.000293376 -0.00179563 -0.00250417 -0.00107877 0.000133197 -0.00418367 -0.0101613 -0.00514263 -0.00267442 -0.0104229 0.000486925 0.000579312 0.00112213
internal_weight=129348 6912 6264 5544 720 3456 1368 2088 620 340 1311 1769 232 570 319 122436 24735 23775 2016 1799 1168 976 343 155 631 430 201 21759 21094 11398
internal_count=129348 6912 6264 5544 720 3456 1368 2088 620 340 1311 1769 232 570 319 122436 24735 23775 2016 1799 1168 976 343 155 631 430 201 21759 21094 11398
is_linear=0
shrinkage=0.05


Tree=208
num_leaves=31
num_cat=0
split_feature=3 0 0 11 0 11 0 9 9 1 7 0 8 0 11 7 11 1 8 10 7 3 4 8 3 11 9 9 9 8
split_gain=1.70513 1.58733 1.60808 2.21334 2.00975 1.78297 1.57904 1.54845 1.49463 4.40917 3.35887 1.62344 2.25931 1.34811 2.5382 9.19124 3.66828 7.10746 9.39614 10.7036 4.19691 3.53264 3.35333 4.62802 4.13489 3.66398 3.67456 8.40927 3.09012 3.07635
threshold=0.97875492728876534 86.500000000000014 76.500000000000014 0.94757355787554809 53.500000000000007 0.99880428533532839 67.500000000000014 28.230989583333336 27.666406250000005 1.0000000180025095e-35 26.537500000000005 3.5000000000000004 32.350000000000001 36.500000000000007 0.97333803263008212 7.9125000000000014 0.97505701307780457 3.5000000000000004 34.250000000000007 1.0000000180025095e-35 18.112500000000004 0.94978112945126536 -0.99052477729077237 29.150000000000002 -0.99866806308218525 0.95864859668410973 25.754687500000003 25.885156250000005 13.811458333333336 17.450000000000003
decision_type=2 2 2 2 2 2 2 2 2 2 2 2 2 2 2 2 2 2 2 2 2 2 2 2 2 2 2 2 2 2
left_child=13 2 4 -4 7 -5 -6 8 11 -10 -11 12 -2 14 15 -1 17 -16 19 -19 -21 22 -17 25 -25 26 28 -28 29 -24
right_child=1 -3 3 5 6 -7 -8 -9 9 10 -12 -13 -14 -15 16 21 -18 18 -20 20 -22 -23 23 24 -26 -27 27 -29 -30 -31
leaf_value=-0.076571263133391951 -0.024955253911491716 0.037902338349810258 -0.064407017570263847 0.059335408939478987 0.07583008422916461 -0.018442691933067232 0.0050756037101408052 0.03162954477449146 -0.066446283954819843 0.028357456261826775 -0.040277534090938288 0.003756167046731566 0.008482785340126444 -0.00096112274764332823 0.0082053001728552063 -0.021067778745940374 0.00062666433280391038 -0.2648566905128929 0.092825727322862719 0.015823610263580836 -0.053773279346875175 -0.011050913346361636 0.08009802403863886 -0.076774581244650766 0.036497653351289988 0.023821679374356738 -0.096871642081578835 -0.031218901566867425 0.00077084153115084529 -0.055372057001479458
leaf_weight=85 112 648 100 160 1008 460 648 540 54 197 127 2750 108 75220 296 814 31588 74 74 61 50 222 78 74 8450 1559 74 259 3256 202
leaf_count=85 112 648 100 160 1008 460 648 540 54 197 127 2750 108 75220 296 814 31588 74 74 61 50 222 78 74 8450 1559 74 259 3256 202
internal_value=0.000105452 0.000869502 0.000625798 -0.00159722 0.000914502 -0.000483871 0.00237319 0.00029321 -0.000107527 -0.00306878 -0.000864197 0.00026936 -0.00386364 6.23185e-05 0.00027173 0.000807072 2.0689e-05 -0.00400901 -0.0100579 -0.0160811 -0.00626126 0.000900054 0.000994176 0.00117618 0.00190286 3.50039e-05 -0.00078961 -0.00581081 -0.000316742 -0.00535714
internal_weight=129348 6912 6264 720 5544 620 1656 3888 3348 378 324 2970 220 122436 47216 15073 32143 555 259 185 111 14988 14766 13952 8524 5428 3869 333 3536 280
internal_count=129348 6912 6264 720 5544 620 1656 3888 3348 378 324 2970 220 122436 47216 15073 32143 555 259 185 111 14988 14766 13952 8524 5428 3869 333 3536 280
is_linear=0
shrinkage=0.05


Tree=209
num_leaves=31
num_cat=0
split_feature=3 10 3 4 7 8 0 0 9 4 3 1 7 3 0 3 0 9 4 7 0 9 1 11 1 0 8 0 8 11
split_gain=1.79274 1.43093 5.35332 9.83853 5.94779 5.81226 4.65668 7.62069 4.67186 5.58901 6.96316 7.32857 4.59314 11.1933 9.87414 5.82292 6.57252 5.30728 13.2891 5.28665 5.27897 4.91677 4.66487 4.32847 4.69497 5.60319 11.1545 4.19092 4.11775 4.1109
threshold=0.97875492728876534 1.0000000180025095e-35 0.76696112484652035 0.55478649335567887 16.212500000000006 37.550000000000004 18.500000000000004 63.500000000000007 16.601302083333337 0.85561368268953431 -0.39036798905311365 2.5000000000000004 24.337500000000006 -0.27694604220087021 54.500000000000007 -0.35846811432664222 24.500000000000004 18.633333333333336 0.71353761266622884 19.512500000000006 30.500000000000004 26.680729166666669 2.5000000000000004 1.0174574584294211 2.5000000000000004 40.500000000000007 34.650000000000013 18.500000000000004 14.100000000000001 1.0376678341700196
decision_type=2 2 2 2 2 2 2 2 2 2 2 2 2 2 2 2 2 2 2 2 2 2 2 2 2 2 2 2 2 2
left_child=1 2 6 5 -5 23 8 12 -1 -10 11 -11 13 15 20 16 21 28 -19 -17 -14 22 -8 -4 -25 26 -26 -28 -15 -13
right_child=-2 -3 3 4 -6 -7 7 -9 9 10 -12 29 14 17 -16 19 -18 18 -20 -21 -22 -23 -24 24 25 -27 27 -29 -30 -31
leaf_value=0.062849964877889949 0.00685241650111272 -0.00081381292893483608 -0.0028993702510230319 -0.087785928852301007 -0.030667353772073597 0.029074338658594295 -0.065761779464508216 0.022570053203144202 0.013863692214126864 -0.081940438386928438 0.14367269757510887 -0.055554238359716214 0.097123591051643657 -0.12576409130937402 -0.042816953345463482 -0.085784562505535386 -0.025717732423102921 0.011177715018962845 -0.1493739138139818 -0.1504336294609615 0.0051620860551652324 0.13398623232593002 -0.03886336426863729 -0.0015467601215081311 -0.016868133311731464 -0.044991449676249247 -0.071019841184817176 -0.070024102176693595 0.010349247525297733 0.15975613162838281
leaf_weight=2337 6912 70314 2592 263 505 2014 276 15198 6403 57 95 76 2701 180 3037 168 1781 120 62 57 7221 72 351 480 123 383 76 88 5349 57
leaf_count=2337 6912 70314 2592 263 505 2014 276 15198 6403 57 95 76 2701 180 3037 168 1781 120 62 57 7221 72 351 480 123 383 76 88 5349 57
internal_value=0.000107771 6.35436e-05 0.000262078 -0.00107756 -0.00639323 -0.000368311 0.000453748 0.000202745 0.00147091 0.000798445 -0.00605263 -0.0115789 -0.000405848 -0.00131535 0.000184814 -0.00396488 -0.00326613 -6.04095e-05 -0.00846154 -0.0116667 0.000948398 -0.00737482 -0.00879585 -0.00153394 -0.00408696 -0.00679104 -0.0120732 -0.0206098 0.000216133 -0.00515038
internal_weight=129348 122436 52122 6524 768 5756 45598 36573 9025 6688 285 190 21375 8416 12959 2705 2480 5711 182 225 9922 699 627 3742 1150 670 287 164 5529 133
internal_count=129348 122436 52122 6524 768 5756 45598 36573 9025 6688 285 190 21375 8416 12959 2705 2480 5711 182 225 9922 699 627 3742 1150 670 287 164 5529 133
is_linear=0
shrinkage=0.05


Tree=210
num_leaves=31
num_cat=0
split_feature=3 9 8 0 10 3 0 7 11 11 3 3 8 7 0 1 1 8 8 8 3 8 8 7 7 4 9 1 7 0
split_gain=1.8094 1.81557 2.5306 1.82645 1.47829 1.47337 5.23019 2.24583 1.71181 3.40117 3.19712 3.16323 13.9564 3.5984 6.60037 5.99393 4.08061 10.472 3.42664 2.85149 2.80375 9.21564 14.2785 5.82966 6.43016 5.72989 5.56134 5.83681 4.11382 4.82677
threshold=0.95998215779580554 26.947656250000005 29.950000000000003 3.5000000000000004 1.0000000180025095e-35 0.94978112945126536 13.500000000000002 18.262500000000006 1.0307298263784668 1.0292706579118427 0.51297097409535064 0.3261394409934788 18.750000000000004 11.212500000000004 21.500000000000004 1.5000000000000002 2.5000000000000004 19.550000000000004 37.050000000000004 39.95000000000001 -0.98664820696349753 30.050000000000004 32.45000000000001 24.462500000000006 30.687500000000004 -0.091258822863740666 26.352343750000006 4.5000000000000009 27.812500000000004 52.500000000000007
decision_type=2 2 2 2 2 2 2 2 2 2 2 2 2 2 2 2 2 2 2 2 2 2 2 2 2 2 2 2 2 2
left_child=5 2 3 -2 -5 8 7 -7 9 20 11 -10 -13 -14 15 -15 17 -16 -19 -17 21 25 23 -23 -25 26 27 -1 -24 -30
right_child=1 -3 -4 4 -6 6 -8 -9 10 -11 -12 12 13 14 16 19 -18 18 -20 -21 -22 22 28 24 -26 -27 -28 -29 29 -31
leaf_value=-0.021915976751554021 -0.02252002707630954 0.020798279530383958 -0.0027760415051382393 -0.00046950475137813347 0.029503804750884745 -0.0019264958806806437 -0.002581002738538465 -0.03119929436231518 -0.003939097479502926 0.046056534435599664 0.006831297459717476 -0.074114518507966493 0.07892606041112718 0.19476145846582466 -0.17764725771284798 -0.12264331609985782 0.042359328830587933 0.081300847927762709 -0.079098387733746778 -0.028318817827733624 0.0026304493649033991 -0.095458410413683067 0.054906776211890031 -0.046473171928683742 -0.076105072240541638 0.059244851213782479 0.021951467964878596 -0.080526695067220974 -0.046052300407241717 0.03541119355624469
leaf_weight=288 80 3168 4128 552 1288 50 984 118 24261 1440 9650 288 293 88 58 202 921 207 439 88 76917 132 482 689 139 1440 480 96 173 209
leaf_count=288 80 3168 4128 552 1288 50 984 118 24261 1440 9650 288 293 88 58 202 921 207 439 88 76917 132 482 689 139 1440 480 96 173 209
internal_value=0.000103906 0.00077908 0.000271164 0.00177083 0.00209239 5.21095e-05 -0.00172743 -0.00988095 6.93396e-05 0.00019549 -0.000215783 -0.000496368 -0.00215944 -0.000858014 -0.00161508 -0.00756614 -0.000230769 -0.00309659 -0.00126935 -0.0110345 0.000152693 -0.00111676 -0.00377193 -0.00796875 -0.00641304 0.000985243 -0.0022338 -0.00671875 0.000891204 -0.00298429
internal_weight=129348 9216 6048 1920 1840 120132 1152 168 118980 82485 36495 26845 2584 2296 2003 378 1625 704 646 290 81045 4128 1824 960 828 2304 864 384 864 382
internal_count=129348 9216 6048 1920 1840 120132 1152 168 118980 82485 36495 26845 2584 2296 2003 378 1625 704 646 290 81045 4128 1824 960 828 2304 864 384 864 382
is_linear=0
shrinkage=0.05


Tree=211
num_leaves=31
num_cat=0
split_feature=9 8 8 0 3 3 0 11 1 3 3 3 6 9 3 11 1 8 0 0 8 11 11 4 0 1 11 11 3 8
split_gain=1.55766 4.86643 4.6895 11.902 4.03693 6.99784 12.5213 3.95801 3.01311 2.9882 5.70417 2.52083 3.55556 2.34722 2.2328 4.68308 5.1467 3.74028 4.25347 2.51989 3.07022 2.1874 5.58526 4.43933 5.65602 8.71745 5.96652 4.30207 6.88896 12.4455
threshold=29.979947916666667 34.350000000000001 33.350000000000001 24.500000000000004 0.77244481603295057 0.78325454425165997 20.500000000000004 0.91425880925186409 5.5000000000000009 -0.61237985104942771 -0.72696319516528884 -0.85671820900978868 1.0000000180025095e-35 30.289583333333336 -0.15101209918632377 1.1178088744719634 5.5000000000000009 34.050000000000004 47.500000000000007 29.500000000000004 37.250000000000007 1.0627860117078571 1.058143950967068 -0.99465740988130902 21.500000000000004 1.5000000000000002 0.97613136811415224 0.99576273781117763 0.70290292807158605 38.95000000000001
decision_type=2 2 2 2 2 2 2 2 2 2 2 2 2 2 2 2 2 2 2 2 2 2 2 2 2 2 2 2 2 2
left_child=1 -1 3 -2 -3 6 -6 -7 -8 10 11 12 -4 -13 15 19 -17 18 -16 20 -11 22 23 -19 25 -25 -27 28 29 -28
right_child=2 4 9 -5 5 7 8 -9 -10 14 -12 13 -14 -15 17 16 -18 21 -20 -21 -22 -23 -24 24 -26 26 27 -29 -30 -31
leaf_value=0.00093197129824198327 -0.14484497981108907 0.078560150529961834 -0.053843675302694474 -0.012435154770601234 -0.094787342388860329 -0.044695904112800597 -0.065655487134931523 0.014253270833604989 0.033485775787211312 0.10433849506595688 -0.11685964381660828 0.19154611238597669 0.13959017942122051 -0.06763733050054721 -0.061834025594320413 -0.022803848505783125 -0.23618509546188282 -0.054084355125353513 0.0043286787466213228 0.016292735323681511 -0.065450218149732134 0.0060446421877194297 -0.070163169487601956 0.021062718882317019 0.013513318914334889 0.0004954839249642918 -0.24860378782999504 -0.043353144038465824 -0.011352477806695932 -0.012013973106642156
leaf_weight=94807 50 2876 288 142 63 96 75 4702 148 1080 192 288 96 96 144 288 96 1814 144 2495 60 7735 859 858 8256 550 110 742 110 88
leaf_count=94807 50 2876 288 142 63 96 75 4702 148 1080 192 288 96 96 144 288 96 1814 144 2495 60 7735 859 858 8256 550 110 742 110 88
internal_value=0.000106225 0.000194469 -0.000234942 -0.00802083 0.00138191 0.000535012 -0.00706294 0.000987912 -0.00150224 -0.000178294 -0.00291667 -0.000989583 -0.00385417 0.001875 -7.49143e-05 0.00100647 -0.00424479 -0.000277907 -0.0059375 0.00156121 0.00350877 -0.000200738 -0.00058751 -0.000320083 6.7202e-05 -0.00203824 -0.00421875 -0.00642857 -0.0113961 -0.0169697
internal_weight=129348 102767 26581 192 7960 5084 286 4798 223 26389 960 768 384 384 25429 4019 384 21410 288 3635 1140 21122 13387 12528 10714 2458 1600 1050 308 198
internal_count=129348 102767 26581 192 7960 5084 286 4798 223 26389 960 768 384 384 25429 4019 384 21410 288 3635 1140 21122 13387 12528 10714 2458 1600 1050 308 198
is_linear=0
shrinkage=0.05


Tree=212
num_leaves=31
num_cat=0
split_feature=0 0 1 11 6 7 11 5 1 4 8 11 8 4 3 8 9 3 8 8 1 8 7 1 0 11 4 4 0 3
split_gain=1.55606 1.81126 3.06116 2.56292 2.43713 3.01236 2.3359 2.36519 2.90903 3.52539 5.69531 2.32 2.56569 4.29173 4.42502 6.51042 4.12077 3.72218 6.94024 7.19729 10.5734 6.15089 5.17076 3.65113 3.28446 4.15022 2.73464 3.65371 6.20531 3.37509
threshold=1.5000000000000002 31.500000000000004 5.5000000000000009 1.1855674041436206 1.0000000180025095e-35 23.712500000000006 0.73745831416842689 1.0000000180025095e-35 1.0000000180025095e-35 0.86439018870140905 25.050000000000004 0.82284707828887094 25.850000000000005 0.88917497572200743 -0.43733984355855576 22.350000000000005 17.913281250000004 0.36648264796514479 19.550000000000004 18.450000000000003 2.5000000000000004 18.750000000000004 16.212500000000006 3.5000000000000004 79.500000000000014 0.90935105492399704 0.78724360164103002 0.42763731121559989 78.500000000000014 0.83849049182116964
decision_type=2 2 2 2 2 2 2 2 2 2 2 2 2 2 2 2 2 2 2 2 2 2 2 2 2 2 2 2 2 2
left_child=-1 -2 4 -4 6 -6 -3 11 9 -9 -11 -8 13 23 15 -15 -14 24 19 -19 22 -22 -21 -13 -16 -26 27 -18 -29 -30
right_child=1 2 3 -5 5 -7 7 8 -10 10 -12 12 16 14 17 -17 26 18 -20 20 21 -23 -24 -25 25 -27 -28 28 29 -31
leaf_value=-0.0081374084266698753 0.0037040702621520629 -0.019609095562422029 0.011328887782166567 -0.13814147389719894 -0.0067075328487025132 0.031703022761161027 0.035399465271364818 -0.00081654331920145539 0.029320142984548464 0.012882187714370051 -0.14318304469723617 0.027808891532991015 -0.078264862493442236 0.10116352687614022 -0.0063504131002903742 -0.058066328255930111 -0.0055945851338518315 0.16627299005850624 0.19702410518500091 -0.062160452188964412 -0.068485231393000487 -0.016722434641262815 -0.14328328233660467 -0.0045071090137391127 -0.027416944356428066 0.022322621550044778 0.047502083530156364 -0.034325997639821866 0.027754243811953253 -0.02289502484908704
leaf_weight=2695 40445 256 12709 128 1224 2677 1534 512 3136 64 64 5055 128 64 6624 128 39457 128 192 75 128 320 53 3520 96 2112 896 3619 1054 255
leaf_count=2695 40445 256 12709 128 1224 2677 1534 512 3136 64 64 5055 128 64 6624 128 39457 128 192 75 128 320 53 3520 96 2112 896 3619 1054 255
internal_value=0.000103519 0.000128817 -6.95805e-07 0.000711615 -0.000125322 0.00109075 -0.000193609 -0.000175976 0.00104078 -0.00203125 -0.00945312 -0.000246187 -0.000292313 0.000204109 -0.000504032 -0.00802083 -0.000494505 -0.000355674 -0.00342634 -0.00572443 -0.00810764 -0.00448661 -0.0207812 0.00102332 -4.41574e-05 0.00162591 -0.000469181 -0.000524389 -0.00180804 0.00114209
internal_weight=129348 126653 86208 12837 73371 3901 69470 69214 3776 640 128 65438 63904 18495 9920 192 45409 9728 896 704 576 448 128 8575 8832 2208 45281 44385 4928 1309
internal_count=129348 126653 86208 12837 73371 3901 69470 69214 3776 640 128 65438 63904 18495 9920 192 45409 9728 896 704 576 448 128 8575 8832 2208 45281 44385 4928 1309
is_linear=0
shrinkage=0.05


Tree=213
num_leaves=31
num_cat=0
split_feature=3 1 0 8 9 11 0 7 9 4 0 8 0 8 0 7 1 4 0 0 4 11 10 0 1 11 11 8 0 8
split_gain=1.29511 1.97837 2.70712 2.85479 3.7845 2.56514 2.5192 2.16928 2.38642 2.05545 2.33333 1.99357 2.16236 2.94953 3.59392 2.95789 3.1036 2.5201 1.91727 1.79818 2.03259 1.76363 1.72563 1.70712 1.67377 2.55673 5.47604 4.03652 3.75008 3.14795
threshold=0.9193901325473397 2.5000000000000004 24.500000000000004 31.450000000000003 31.266927083333339 0.9510013064145737 74.500000000000014 20.812500000000004 23.317968750000002 -0.31800055644052067 81.500000000000014 30.250000000000004 53.500000000000007 35.95000000000001 34.500000000000007 33.312500000000007 4.5000000000000009 -0.031174269516803289 18.500000000000004 18.500000000000004 -0.25206183926700709 0.91425880925186409 1.0000000180025095e-35 5.5000000000000009 2.5000000000000004 1.0916629031903622 1.0959530445469128 31.950000000000003 21.500000000000004 44.000000000000007
decision_type=2 2 2 2 2 2 2 2 2 2 2 2 2 2 2 2 2 2 2 2 2 2 2 2 2 2 2 2 2 2
left_child=24 19 3 7 5 -5 11 8 18 -8 -11 -4 13 17 -15 -16 -17 22 23 20 -2 -21 -13 -3 25 29 28 -28 -27 -1
right_child=1 2 6 4 -6 -7 9 -9 -10 10 -12 12 -14 14 15 16 -18 -19 -20 21 -22 -23 -24 -25 -26 26 27 -29 -30 -31
leaf_value=-0.00042468969882310443 -0.012394041095702135 -0.0055589208578740454 0.046330422727061449 -0.018322702314037691 -0.038777973132356022 0.0060190092038257814 -0.053359459848763717 -0.028886445217970493 -0.024696510744747491 -0.02328257302203636 0.0047452910764752285 -0.006338215139203237 0.034720526901533627 0.025465911864779197 -0.073004936496291931 -0.075749051875054235 0.013621583331996213 -0.019308104911971893 -0.033761273975804189 -0.04582843868734366 0.042641597008889351 0.010950755269324966 0.084005210587865378 0.019636817906336063 0.002674584593538983 -0.1097122225971906 -0.044160988481292456 -0.0006656644637724916 -0.057965154629951311 -0.099759416042390123
leaf_weight=44029 171 108 1050 75 75 1050 84 53 192 504 1008 203 1155 100 51 75 64 667 112 77 988 4620 435 235 67847 66 768 3072 222 192
leaf_count=44029 171 108 1050 75 75 1050 84 53 192 504 1008 203 1155 100 51 75 64 667 112 77 988 4620 435 235 67847 66 768 3072 222 192
internal_value=9.6948e-05 0.000567214 1.78182e-05 -0.00160526 -0.000125 0.0006 0.000589326 -0.00414286 -0.00334621 -0.00107769 -0.000654762 0.00128947 0.000581818 -0.000611285 -0.00517241 -0.00921053 -0.00543165 0.000402299 -0.00137363 0.00125171 0.00301553 0.000816479 0.0026489 0.00048105 4.37194e-05 -0.000181079 -0.00137112 -0.000872396 -0.00802083 -6.99892e-05
internal_weight=129348 13152 7296 1900 1200 1125 5396 700 647 1596 1512 3800 2750 1595 290 190 139 1305 455 5856 1159 4697 638 343 116196 48349 4128 3840 288 44221
internal_count=129348 13152 7296 1900 1200 1125 5396 700 647 1596 1512 3800 2750 1595 290 190 139 1305 455 5856 1159 4697 638 343 116196 48349 4128 3840 288 44221
is_linear=0
shrinkage=0.05


Tree=214
num_leaves=31
num_cat=0
split_feature=0 0 1 11 3 3 7 3 8 11 0 11 11 8 5 0 3 3 8 8 8 0 8 9 10 3 0 11 11 1
split_gain=1.31127 1.8708 2.66419 5.01476 4.24129 8.70371 3.98516 4.12505 3.42055 3.01903 3.37229 3.66107 3.54461 5.12295 2.74696 2.50385 2.37058 3.88912 10.6953 3.68367 3.25446 3.29647 3.34821 2.98295 2.34375 2.24409 3.79931 2.78409 2.3512 2.93344
threshold=2.5000000000000004 31.500000000000004 1.0000000180025095e-35 0.9040579196039068 0.47559651477048942 0.17646842360078763 29.612500000000004 -0.11692013674435776 36.550000000000004 0.99948647577224803 34.500000000000007 1.0653535727147359 1.0003514375846063 25.050000000000004 1.0000000180025095e-35 56.500000000000007 -0.67803021058859214 -0.73866753694953124 33.650000000000013 21.950000000000003 19.750000000000004 75.500000000000014 20.350000000000005 13.811458333333336 1.0000000180025095e-35 -0.94139628442229062 73.500000000000014 1.0048076152349941 1.0072311150830457 5.5000000000000009
decision_type=2 2 2 2 2 2 2 2 2 2 2 2 2 2 2 2 2 2 2 2 2 2 2 2 2 2 2 2 2 2
left_child=-1 -2 3 4 5 6 -3 -8 -9 16 11 -11 13 -12 -4 -7 17 -5 -19 20 -18 23 -23 -22 -6 26 -16 -28 -27 -30
right_child=1 2 14 9 24 15 7 8 -10 10 12 -13 -14 -15 25 -17 19 18 -20 -21 21 22 -24 -25 -26 28 27 -29 29 -31
leaf_value=-0.0062615234180872399 0.0038486873447527263 -0.017595049079485395 0.00058966028350564614 -0.006471390286041454 -0.035505830459390604 -0.16354929101387128 -0.19802853078139873 0.0075268705593639663 -0.073992001282382855 -0.10710225035443213 0.011313894022733972 0.03602658506759359 -0.012031213199459698 -0.14493556230476262 0.017290516126069605 -0.072747563415589508 0.021933210323375842 -0.086474745161204861 0.18155611873984456 0.028632954795895449 0.064013225953442388 -0.066378628900774353 -0.023463548956227202 -0.068236265869053916 0.18772509940852453 0.07277243986412775 -0.048561086769641451 -0.014779477235013739 0.024851333592606578 -0.10720820047666457
leaf_weight=4043 39097 749 69955 1664 192 50 50 97 64 144 61 87 4572 61 378 78 448 64 64 3136 132 60 80 176 192 1984 88 110 1280 192
leaf_count=4043 39097 749 69955 1664 192 50 50 97 64 144 61 87 4572 61 378 78 448 64 64 3136 132 60 80 176 192 1984 88 110 1280 192
internal_value=9.84942e-05 0.00012709 -3.01578e-06 -0.000686932 -0.00342391 -0.00501838 -0.00338542 -0.00945498 -0.00555901 -0.000312122 -0.00122335 -0.00712121 -0.000933106 -0.00934426 0.000109952 -0.0172656 0.000458448 -0.00105469 -0.00945312 0.00113095 -0.00169643 -0.00470982 -0.0110714 -0.00181818 0.00109375 0.00137897 -0.00151042 -0.00712121 0.00186053 0.000346468
internal_weight=129348 125305 86208 12221 1472 1088 960 211 161 10749 4925 231 4694 122 73987 128 5824 1792 128 4032 896 448 140 308 384 4032 576 198 3456 1472
internal_count=129348 125305 86208 12221 1472 1088 960 211 161 10749 4925 231 4694 122 73987 128 5824 1792 128 4032 896 448 140 308 384 4032 576 198 3456 1472
is_linear=0
shrinkage=0.05


Tree=215
num_leaves=31
num_cat=0
split_feature=0 9 7 4 10 9 11 11 1 0 1 6 4 11 0 11 4 3 0 0 11 9 8 8 7 8 8 0 9 3
split_gain=1.28451 2.46899 4.95664 2.59118 2.22368 4.61632 2.19712 7.61732 2.17863 1.95548 2.36208 2.54826 2.80049 2.69927 2.57661 2.50651 2.16825 2.40448 3.73789 2.07657 3.22948 2.81372 4.56459 3.83333 2.76453 2.68671 6.96377 2.04556 2.52475 3.34259
threshold=4.5000000000000009 26.680729166666669 25.412500000000005 0.65071284653328287 1.0000000180025095e-35 15.938020833333335 1.0065665091727494 0.99880428533532839 2.5000000000000004 31.500000000000004 5.5000000000000009 1.0000000180025095e-35 0.66367808336324663 0.888018781778247 58.500000000000007 1.1855674041436206 -0.99761278905001471 0.039769539193789977 56.500000000000007 72.500000000000014 0.95165181534458754 26.398958333333336 30.850000000000005 30.050000000000004 27.012500000000006 18.450000000000003 16.300000000000001 58.500000000000007 13.209375 -0.05695216311707673
decision_type=2 2 2 2 2 2 2 2 2 2 2 2 2 2 2 2 2 2 2 2 2 2 2 2 2 2 2 2 2 2
left_child=1 2 3 -1 -5 6 7 8 -6 -2 11 -11 13 14 -13 16 17 -12 -19 27 21 -21 23 -23 -24 26 -22 28 29 -18
right_child=9 -3 -4 4 5 -7 -8 -9 -10 10 15 12 -14 -15 -16 -17 19 18 -20 20 25 22 24 -25 -26 -27 -28 -29 -30 -31
leaf_value=-0.015034210650558464 0.0040801002077554775 0.002990531365691604 -0.1587041387255882 0.029453505985078648 0.0082355958074294185 0.023193099128764938 -0.0068894515020464196 -0.041179245211571763 -0.051391334968390989 -0.0023259631569715984 0.0049260479223291855 0.020906257823425457 -0.0092861787835778319 0.035630572997294906 -0.078634217137018 -0.13139761244619083 -0.092576790606108558 0.030275691507900906 -0.13288989824134859 0.006189948784434355 0.047774120326044563 -0.029671116508121615 -0.64363532195113293 -0.069946321586643628 -0.0058837847888683877 0.0098512275158994592 -0.066240377190201372 0.062126873518458671 0.018087548555122273 -0.024152671649699548
leaf_weight=1417 36400 3370 53 950 90 345 335 65 115 69470 188 54 1024 2749 74 128 54 50 78 299 69 69 70 69 367 3449 69 2703 4743 432
leaf_count=1417 36400 3370 53 950 90 345 335 65 115 69470 188 54 1024 2749 74 128 54 50 78 299 69 69 70 69 367 3449 69 2703 4743 432
internal_value=0.000100813 -0.000571216 -0.00152819 -0.0012858 -7.89472e-05 -0.00178947 -0.00442149 -0.00777778 -0.00304878 0.000137756 8.00408e-06 -0.00010147 0.00114202 0.00194126 -0.00515625 0.000633715 0.000703832 -0.00338608 -0.00867187 0.000808118 -5.49202e-05 -0.00278032 -0.00482609 -0.0127536 -0.00232265 0.000609144 -0.00623188 0.00129349 0.000716198 -0.00271605
internal_weight=129348 6740 3370 3317 1900 950 605 270 205 122608 86208 73371 3901 2877 128 12837 12709 316 128 12393 4461 874 575 138 437 3587 138 7932 5229 486
internal_count=129348 6740 3370 3317 1900 950 605 270 205 122608 86208 73371 3901 2877 128 12837 12709 316 128 12393 4461 874 575 138 437 3587 138 7932 5229 486
is_linear=0
shrinkage=0.05


Tree=216
num_leaves=31
num_cat=0
split_feature=9 8 0 8 3 3 0 11 3 9 1 11 0 3 8 0 11 1 3 10 7 11 8 11 1 8 8 8 8 11
split_gain=1.29688 4.719 11.902 3.98806 3.9647 6.78214 12.5213 3.46563 2.60073 5.20185 2.54113 2.30466 2.57327 2.22142 4.30242 3.25616 3.05126 5.00208 2.77885 2.68938 5.57285 5.2529 9.2784 6.50113 5.39016 3.95255 9.39401 3.5356 3.59271 2.63429
threshold=29.979947916666667 33.350000000000001 24.500000000000004 34.350000000000001 0.77244481603295057 0.78325454425165997 20.500000000000004 0.91425880925186409 -0.61237985104942771 30.048697916666672 5.5000000000000009 0.8675741480979452 45.500000000000007 1.0000000180025095e-35 34.050000000000004 51.500000000000007 1.1178088744719634 5.5000000000000009 0.12545942051955489 1.0000000180025095e-35 27.612500000000004 0.99576273781117763 37.050000000000004 0.98229519356535999 3.5000000000000004 40.850000000000001 41.45000000000001 36.250000000000007 36.650000000000013 1.2071527841224958
decision_type=2 2 2 2 2 2 2 2 2 2 2 2 2 2 2 2 2 2 2 2 2 2 2 2 2 2 2 2 2 2
left_child=3 2 -2 -1 11 6 -6 -7 9 -3 -8 12 -5 16 15 18 -10 -18 -15 27 21 22 23 -21 -24 29 -27 -16 -29 -23
right_child=1 8 -4 4 5 7 10 -9 13 -11 -12 -13 -14 14 19 -17 17 -19 -20 20 -22 25 24 -25 -26 26 -28 28 -30 -31
leaf_value=0.00081969942686336823 -0.13831265510071084 -0.1167770331937998 -0.01295394248371818 -0.1142667726034613 -0.090763347389826665 -0.042547423801627911 -0.061984933892877431 0.013342964926600226 0.021144193421049371 -0.020704354794670799 0.030300997662516784 0.07896537533268061 0.071489023408642965 -0.13002778897800391 0.1205191471255031 -0.0032631696640586655 -0.013010769695291283 -0.22555054364930466 -0.047692130034428182 0.044326945336845745 -0.0044184636079675705 -0.00099310136200503785 -0.043382613219847994 -0.081011876391373444 -0.23794180883788052 -0.15773040561015919 0.007586684499257733 -0.0320342673016649 0.0034333916396173101 -0.096838341433763672
leaf_weight=94807 50 96 142 92 63 96 75 4702 5363 864 148 2684 100 52 480 88 384 96 52 166 7070 953 60 59 73 50 59 288 10078 58
leaf_count=94807 50 96 142 92 63 96 75 4702 5363 864 148 2684 100 52 480 88 384 96 52 166 7070 953 60 59 73 50 59 288 10078 58
internal_value=0.000100813 -0.000210489 -0.00802083 0.000181333 0.00125628 0.000416995 -0.00706294 0.00086286 -0.000153662 -0.00270833 -0.00150224 0.00273992 -0.00255208 -5.72179e-05 -0.000312468 -0.00776042 0.000798391 -0.00302083 -0.01375 -0.000238733 -0.000901965 -0.00369418 -0.00896648 -0.00277778 -0.0194361 -0.00200893 -0.011055 0.000283976 8.97166e-05 -0.00103363
internal_weight=129348 26581 192 102767 7960 5084 286 4798 26389 960 223 2876 192 25429 19586 192 5843 480 104 19394 8548 1478 358 225 133 1120 109 10846 10366 1011
internal_count=129348 26581 192 102767 7960 5084 286 4798 26389 960 223 2876 192 25429 19586 192 5843 480 104 19394 8548 1478 358 225 133 1120 109 10846 10366 1011
is_linear=0
shrinkage=0.05


Tree=217
num_leaves=31
num_cat=0
split_feature=0 0 7 0 3 10 4 8 3 0 9 11 3 3 11 4 5 1 3 8 9 0 11 11 9 9 4 0 10 11
split_gain=1.18877 1.2468 2.50956 10.3556 5.08703 3.98164 4.49328 5.9748 4.53465 3.55259 4.25388 3.162 5.86445 2.97476 2.63258 2.70001 2.57165 2.50729 2.48007 2.31018 2.75901 7.21 2.27024 7.97203 2.25087 5.87124 2.71561 2.75484 3.34392 3.80243
threshold=94.500000000000014 73.500000000000014 25.012500000000006 78.500000000000014 -0.2102246306142678 1.0000000180025095e-35 0.76002003530985496 19.750000000000004 0.31799963745711152 88.500000000000014 26.947656250000005 1.0086109360742508 0.56369777965491019 0.7210268013660811 0.97366293224832023 0.99611390731392835 1.0000000180025095e-35 1.0000000180025095e-35 -0.159513159777915 14.100000000000001 7.2007812500000012 47.500000000000007 0.96501014288629994 0.97155404738359585 27.557552083333338 27.600000000000005 -0.67168186667784702 79.500000000000014 1.0000000180025095e-35 1.1016663470368233
decision_type=2 2 2 2 2 2 2 2 2 2 2 2 2 2 2 2 2 2 2 2 2 2 2 2 2 2 2 2 2 2
left_child=1 19 3 14 16 13 -7 18 -9 10 -4 12 -10 -6 15 -3 -5 -18 -8 20 -1 -22 -15 -24 -12 -26 27 -27 29 -29
right_child=-2 2 9 4 5 6 7 8 11 -11 24 -13 -14 22 -16 -17 17 -19 -20 -21 21 -23 23 -25 25 26 -28 28 -30 -31
leaf_value=-0.013879154772024211 0.024386791790318892 -0.033494792171823454 -0.02966330412928226 0.038641731851392691 0.043760435887922222 0.006437239553654924 -0.033248006246117928 -0.012414185261403277 -0.085352492484297215 -0.03005080229807261 0.034907217112228564 -0.02793635688588085 -0.038551693492873303 0.032646204674818262 -0.019025331710961706 -0.11890096775473967 -0.020468037548717229 0.010343651367958399 -0.0014788854935156575 0.0020660920691620952 -0.0022234299294212412 -0.096446067902176788 -0.07555680392493612 -0.0032473786663454931 -0.42871342045599969 0.048323892437520007 -0.016158077375669228 -0.018999739351583805 0.024355694253186753 -0.070294173935414025
leaf_weight=444 1347 798 1215 3681 1897 2087 96 272 64 3828 788 80 112 284 1977 50 96 267 1104 99117 96 52 64 540 90 2355 3009 1278 1999 261
leaf_count=444 1347 798 1215 3681 1897 2087 96 272 64 3828 788 80 112 284 1977 50 96 267 1104 99117 96 52 64 540 90 2355 3009 1278 1999 261
internal_value=0.000107385 9.18354e-05 -0.000201117 0.000292895 0.00100714 0.000151515 -0.000897772 -0.00278356 -0.00721591 -0.000650003 -0.000193269 -0.0119922 -0.0157386 0.00158887 -0.00239823 -0.00472877 0.00240356 -0.00161157 -0.000833333 0.000174959 -0.00293919 -0.00885135 -0.000799549 -0.00253311 0.000153374 -7.11742e-05 5.72907e-05 0.000681317 -0.000200678 -0.00195257
internal_weight=129348 128001 28292 13469 10644 6600 3815 1728 528 14823 10995 256 176 2785 2825 848 4044 363 1200 99709 592 148 888 604 9780 8992 8902 5893 3538 1539
internal_count=129348 128001 28292 13469 10644 6600 3815 1728 528 14823 10995 256 176 2785 2825 848 4044 363 1200 99709 592 148 888 604 9780 8992 8902 5893 3538 1539
is_linear=0
shrinkage=0.05


Tree=218
num_leaves=31
num_cat=0
split_feature=0 0 1 6 7 8 11 11 5 8 4 0 4 3 10 11 0 3 3 0 3 8 7 4 8 3 0 0 8 8
split_gain=1.15928 1.66628 2.27776 2.52597 2.61848 3.27578 2.22784 1.99412 2.16284 2.30352 6.01254 3.80914 5.15242 4.83572 3.81239 5.02812 3.85714 3.45003 5.6352 5.6672 3.41067 7.103 6.2369 2.98195 3.43779 4.72086 2.71062 2.68835 3.00358 4.8699
threshold=2.5000000000000004 31.500000000000004 5.5000000000000009 1.0000000180025095e-35 18.262500000000006 25.450000000000003 1.1855674041436206 0.73745831416842689 1.0000000180025095e-35 28.750000000000004 0.5969655492110445 80.500000000000014 0.39629089145655322 -0.2102246306142678 1.0000000180025095e-35 0.90935105492399704 87.500000000000014 -0.82897401153126982 -0.90529520250134576 44.500000000000007 0.65883702558178847 18.450000000000003 10.012500000000001 0.94909129669788206 19.950000000000003 0.56369777965491019 77.500000000000014 42.500000000000007 22.350000000000005 22.550000000000004
decision_type=2 2 2 2 2 2 2 2 2 2 2 2 2 2 2 2 2 2 2 2 2 2 2 2 2 2 2 2 2 2
left_child=-1 -2 3 7 5 -5 -4 -3 9 11 -11 12 -9 -13 -15 16 -16 18 -14 -20 21 -17 -23 24 -24 -26 -12 28 -19 -30
right_child=1 2 6 4 -6 -7 -8 8 -10 10 26 13 17 14 15 20 -18 27 19 -21 -22 22 23 -25 25 -27 -28 -29 29 -31
leaf_value=-0.0058531468537749978 0.0034044151972184643 -0.018419241863251681 0.010446544894047364 -0.0060239525539806937 0.023808832743965874 -0.029128737110597203 -0.1267217294599145 0.034896055736556762 0.016784000119195869 -0.0059646903081512301 -0.15602516716629919 0.046525371676213498 0.0097387060594132796 0.025234319608542582 -0.053215266206638127 0.020144906066483337 -0.010975084990789676 -0.0040672018513478866 0.039212070821800032 -0.082674779261241005 0.024789647937021164 -0.045519258293502479 -0.0031604746481375652 0.0014262503000232124 -0.07208845535252846 -0.018362153616748488 0.013678022261507159 0.00019341314904769858 -0.10635672291514082 -0.025516063516800681
leaf_weight=4043 39097 256 12709 441 3395 65 128 1715 3776 40479 184 1860 196 1860 70 555 80 2112 52 144 690 103 129 275 93 75 72 13033 55 1606
leaf_count=4043 39097 256 12709 441 3395 65 128 1715 3776 40479 184 1860 196 1860 70 555 80 2112 52 144 690 103 129 275 93 75 72 13033 55 1606
internal_value=0.000107385 0.000134273 1.1484e-05 -9.60187e-05 0.00114202 -0.00221344 0.000625925 -0.000165539 -0.000149247 -0.000216388 -0.000447404 0.000164555 -0.000178977 0.0012867 0.000292621 -0.00118357 -0.01 -0.000439586 -0.00507653 -0.0110714 -0.000494791 -0.00207317 -0.00551852 -0.00347902 -0.00695286 -0.0116667 -0.00808594 -0.000331429 -0.00150676 -0.00309753
internal_weight=129348 125305 86208 73371 3901 506 12837 69470 69214 65438 40735 24703 18913 5790 3930 2070 150 17198 392 196 1920 1230 675 572 297 168 256 16806 3773 1661
internal_count=129348 125305 86208 73371 3901 506 12837 69470 69214 65438 40735 24703 18913 5790 3930 2070 150 17198 392 196 1920 1230 675 572 297 168 256 16806 3773 1661
is_linear=0
shrinkage=0.05


Tree=219
num_leaves=31
num_cat=0
split_feature=9 8 4 8 4 11 11 8 7 1 8 3 0 8 0 4 9 1 8 8 10 9 1 11 0 3 8 9 1 7
split_gain=1.15356 3.18609 2.90143 5.29633 4.41689 3.241 2.9184 4.62587 4.02611 2.8642 4.25347 4.59375 5.20716 2.78833 2.74363 7.20526 2.3283 3.47222 3.05745 6.68448 4.97454 7.3516 4.15887 4.95644 5.13499 3.98203 3.66713 3.41223 3.30286 3.24796
threshold=11.341666666666669 18.250000000000004 0.97648852793709995 16.300000000000001 0.99958851518450398 1.1265970327176902 0.99466861273465434 17.450000000000003 12.062500000000002 1.0000000180025095e-35 17.450000000000003 0.21862473630160603 34.500000000000007 14.100000000000001 18.500000000000004 0.98332250088165762 11.695833333333335 5.5000000000000009 20.200000000000006 22.350000000000005 1.0000000180025095e-35 14.627864583333336 4.5000000000000009 1.0424368712485985 25.500000000000004 0.52033990680116082 21.550000000000004 13.370572916666669 3.5000000000000004 8.8875000000000011
decision_type=2 2 2 2 2 2 2 2 2 2 2 2 2 2 2 2 2 2 2 2 2 2 2 2 2 2 2 2 2 2
left_child=2 9 -1 13 5 14 -6 -8 -9 10 -2 -12 -13 -4 15 -5 17 -3 22 20 -20 26 23 29 -25 27 -22 -24 -26 -18
right_child=1 16 3 4 6 -7 7 8 -10 -11 11 12 -14 -15 -16 -17 18 -19 19 -21 21 -23 25 24 28 -27 -28 -29 -30 -31
leaf_value=0.02062451073763874 0.15520940954510765 0.23821620194201865 -0.019124176629012616 -0.0079824673788800194 0.075749989870757803 0.015767369303737323 0.12759505276564764 -0.062645512214026589 0.01003538396289321 0.034284295014354503 0.024635031226513254 -0.087514963285766301 -0.053169908032540431 0.024624598724923313 -0.040586308509121219 -0.058581571359601285 0.021429137104725063 -0.01575270772352582 0.066200633729903077 0.00054789646329936163 -0.019434877696047518 0.026904190286263615 -0.012258851524270663 0.0071155419503241392 -0.080380060736733913 0.038962777568373165 -0.060967344812024996 0.02122270032705028 0.010554271237173818 -0.01680318891848406
leaf_weight=960 192 480 768 95 192 96 192 249 135 2208 192 70 122 1056 770 95 626 96 3744 106404 864 1728 1728 130 280 768 96 864 70 4078
leaf_count=960 192 480 768 95 192 96 192 249 135 2208 192 70 122 1056 770 95 626 96 3744 106404 864 1728 1728 130 280 768 96 864 70 4078
internal_value=0.000101973 0.000130672 -0.000674913 -0.00131853 -0.00322368 -0.00532197 -0.000338541 -0.00211806 -0.00528646 0.00180316 -0.00133681 -0.004375 -0.00984375 0.000586623 -0.00619792 -0.0115789 9.24926e-05 0.00326389 7.74429e-05 0.000146496 0.00171175 7.06847e-05 -0.000834504 -0.00172261 -0.0065625 0.000535714 -0.0034375 -0.000401234 -0.00971429 -0.00122874
internal_weight=129348 124740 4608 3648 1824 1056 768 576 384 2784 576 384 192 1824 960 190 121956 576 121380 112836 6432 2688 8544 5184 480 3360 960 2592 350 4704
internal_count=129348 124740 4608 3648 1824 1056 768 576 384 2784 576 384 192 1824 960 190 121956 576 121380 112836 6432 2688 8544 5184 480 3360 960 2592 350 4704
is_linear=0
shrinkage=0.05


Tree=220
num_leaves=31
num_cat=0
split_feature=10 0 0 7 4 0 0 9 3 4 8 9 0 4 0 4 9 4 3 1 3 9 4 9 9 3 3 0 8 0
split_gain=1.12838 5.31415 6.60289 11.2015 16.6202 8.7809 6.62642 7.58989 6.02064 5.27925 4.78317 7.58179 4.6024 5.17579 5.95178 4.45178 4.40089 4.2069 5.80741 5.33439 4.1875 7.46522 7.00278 4.64892 4.32616 4.14165 4.09422 5.97797 9.66944 4.52591
threshold=1.0000000180025095e-35 17.500000000000004 63.500000000000007 24.337500000000006 0.7487283477006671 31.500000000000004 26.500000000000004 27.01979166666667 0.23537774960157334 -0.82413948779581736 25.050000000000004 17.649479166666669 72.500000000000014 0.63755505330306683 77.500000000000014 0.55478649335567887 16.601302083333337 0.85561368268953431 -0.39036798905311365 2.5000000000000004 0.79904096188274243 21.109114583333337 0.22491561436810906 29.296614583333341 25.782291666666669 0.87397152483179585 0.85673801594079257 8.5000000000000018 30.550000000000004 31.500000000000004
decision_type=2 2 2 2 2 2 2 2 2 2 2 2 2 2 2 2 2 2 2 2 2 2 2 2 2 2 2 2 2 2
left_child=1 16 3 4 6 -5 7 10 -6 -7 11 -3 -4 -14 -15 -8 -1 -18 19 -19 -2 -22 23 24 -23 -9 -24 28 -28 -29
right_child=20 2 12 5 8 9 15 25 -10 -11 -12 -13 13 14 -16 -17 17 18 -20 -21 21 22 26 -25 -26 -27 27 29 -30 -31
leaf_value=0.060814891327398257 -0.0019498703541313532 -0.054613287942332944 0.060509309171181795 0.06380082817534416 -0.021389545291775058 -0.031635184492822925 -0.00040356985053532175 0.18506488064554671 0.027930114712368927 0.0071957114134300884 -0.049395644590384737 -0.098908225308338898 -0.0065172388432894347 -0.032300591430511713 0.045291503238773137 -0.059599089179080557 0.010812323836904331 -0.078712908234808088 0.12506966029938585 -0.03542812824995021 0.039840328993811548 -0.00091750354213233269 0.026976807282299183 -0.01339445162351463 0.031951350626263413 -0.030959092880574624 -0.046527575672620697 0.004183392782944279 -0.0043279093099079895 -0.028562665988751058
leaf_weight=2214 61010 72 5103 3631 4245 4288 852 180 2595 8051 1024 81 8577 970 3492 953 7722 54 90 126 2592 2877 480 1728 4507 106 72 414 90 1152
leaf_count=2214 61010 72 5103 3631 4245 4288 852 180 2595 8051 1024 81 8577 970 3492 953 7722 54 90 126 2592 2877 480 1728 4507 106 72 414 90 1152
internal_value=0.000109318 0.000282586 4.52286e-05 -0.000464376 -0.00176692 0.00036005 -0.00470012 -0.00720096 -0.000365497 -0.000275954 -0.00897621 -0.0172222 0.000777753 0.000279546 0.00166069 -0.00267313 0.00131099 0.000764515 -0.00537037 -0.0105556 -1.65504e-05 0.000766245 0.000212014 0.000824188 0.00137053 0.000104895 -0.00231431 -0.00344907 -0.0125926 -0.00250319
internal_weight=129348 54426 44220 26078 10108 15970 3268 1463 6840 12339 1177 153 18142 13039 4462 1805 10206 7992 270 180 74922 13912 11320 9112 7384 286 2208 1728 162 1566
internal_count=129348 54426 44220 26078 10108 15970 3268 1463 6840 12339 1177 153 18142 13039 4462 1805 10206 7992 270 180 74922 13912 11320 9112 7384 286 2208 1728 162 1566
is_linear=0
shrinkage=0.05


Tree=221
num_leaves=31
num_cat=0
split_feature=0 7 10 8 3 0 3 4 9 7 8 0 4 0 4 0 11 11 9 10 8 1 0 3 0 9 8 7 3 1
split_gain=1.17396 2.01753 1.97159 1.71574 2.24693 1.40184 2.22239 7.78044 4.13605 8.3159 3.49175 3.38697 5.93638 2.76341 2.67012 2.56252 4.5657 3.01042 2.36519 2.4042 3.45389 4.66165 2.23296 2.09218 3.14682 3.36588 6.09778 3.28342 2.9337 2.9037
threshold=92.500000000000014 25.412500000000005 1.0000000180025095e-35 40.350000000000001 -0.26037633224328088 73.500000000000014 -0.0053757284505435614 0.62420859727530387 21.109114583333337 19.812500000000004 33.750000000000007 75.500000000000014 -0.17646730165275518 75.500000000000014 0.029024409397335523 82.500000000000014 1.0959530445469128 1.1064219518172318 12.703645833333335 1.0000000180025095e-35 16.300000000000001 2.5000000000000004 74.500000000000014 0.9053161325100999 44.500000000000007 29.923697916666672 37.550000000000004 24.087500000000006 0.97112537654464559 1.5000000000000002
decision_type=2 2 2 2 2 2 2 2 2 2 2 2 2 2 2 2 2 2 2 2 2 2 2 2 2 2 2 2 2 2
left_child=5 -2 -3 4 -4 23 7 8 9 -7 11 12 -10 -9 -13 -12 -17 -18 19 -15 -21 -22 -8 -1 25 -25 27 -27 -28 -30
right_child=1 2 3 -5 -6 6 22 13 10 -11 15 14 -14 18 -16 16 17 -19 -20 20 21 -23 -24 24 -26 26 28 -29 29 -31
leaf_value=0.0011448637419113363 0.02399247590942433 0.038162826996077537 -0.045884358026576047 -0.12835307581685346 0.023565370445365705 0.013671292872970696 0.035240337944265024 -0.011811439111787584 -0.0081003336941245577 -0.077993035740352684 0.08311568455974197 -0.015849068123159588 -0.077461291196025184 0.095734563346373286 0.0089624449789954767 0.031633790309128794 -0.18567073232201281 -0.037029103562509186 0.045249210732078063 0.025179570058626106 0.019669334760070545 -0.031291982532945309 -0.01078188912793661 0.0029344354570949045 0.029090370987343489 -0.070689831880315343 0.070331195811129649 -0.044768035345658791 0.017733322165223546 -0.049601671889533905
leaf_weight=88683 2260 767 508 51 456 72 685 364 482 61 774 4692 290 255 1870 708 60 100 2448 170 85 136 12345 6075 4321 50 180 130 135 135
leaf_count=88683 2260 767 508 51 456 72 685 364 482 61 774 4692 290 255 1870 708 60 100 2448 170 85 136 12345 6075 4321 50 180 130 135 135
internal_value=0.000116276 0.000954973 -0.00030303 -0.00174877 -0.00127593 8.92218e-05 -0.000240848 0.000233548 -0.000532989 -0.00928571 -0.000403297 -0.000869921 -0.00400259 0.00225275 -0.000501371 0.00168088 -0.000184332 -0.0078125 0.00273756 4.64398e-05 -0.00241688 -0.00653846 -0.000698388 0.000173956 0.000823508 0.000145414 -0.00333333 -0.0111111 -0.000222222 -0.00351852
internal_weight=129348 4042 1782 1015 964 125306 25597 12567 9109 133 8976 7334 772 3458 6562 1642 868 160 3094 646 391 221 13030 99709 11026 6705 630 180 450 270
internal_count=129348 4042 1782 1015 964 125306 25597 12567 9109 133 8976 7334 772 3458 6562 1642 868 160 3094 646 391 221 13030 99709 11026 6705 630 180 450 270
is_linear=0
shrinkage=0.05


Tree=222
num_leaves=31
num_cat=0
split_feature=0 0 1 11 3 3 0 7 3 11 0 11 9 8 8 11 9 8 7 8 8 8 8 7 5 11 1 3 8 3
split_gain=1.18415 1.36381 2.25557 4.02926 3.79652 7.72071 3.2208 2.98082 3.01769 2.82319 3.31635 4.87221 5.13148 3.69367 4.82983 8.03571 4.67347 4.34345 2.96351 3.57691 2.74043 2.72633 3.45378 2.67171 2.32805 2.25885 3.41144 2.19248 2.99251 2.9466
threshold=2.5000000000000004 31.500000000000004 1.0000000180025095e-35 0.9040579196039068 0.47559651477048942 0.17646842360078763 56.500000000000007 29.612500000000004 -0.11692013674435776 0.99948647577224803 59.500000000000007 1.0653535727147359 34.42239583333334 37.900000000000006 35.45000000000001 1.0326169115782082 28.146354166666672 18.850000000000005 19.012500000000006 31.150000000000002 36.550000000000004 20.350000000000005 19.250000000000004 32.01250000000001 1.0000000180025095e-35 0.99167509322876013 1.5000000000000002 -0.67803021058859214 21.950000000000003 -0.73866753694953124
decision_type=2 2 2 2 2 2 2 2 2 2 2 2 2 2 2 2 2 2 2 2 2 2 2 2 2 2 2 2 2 2
left_child=-1 -2 3 4 5 7 -7 -3 -9 27 11 12 13 14 16 -16 17 -11 21 -20 -10 22 -19 -12 -4 -26 -27 29 -29 -5
right_child=1 2 24 9 -6 6 -8 8 20 10 23 -13 -14 -15 15 -17 -18 18 19 -21 -22 -23 -24 -25 25 26 -28 28 -30 -31
leaf_value=-0.0056617025445489175 0.0033641667496636602 -0.017359375118937287 0.00091080882049049893 -0.0067487601868569079 0.024328165364042767 -0.1550887278572749 -0.0681664321830278 -0.18761133215167566 0.0079016666445237676 0.04443975312017321 -0.01579249407385307 0.0095968627529307762 -0.24881394910836577 0.14131636103709475 -0.31675479297268255 -0.012479699686621062 0.084674691206135855 -0.13015255933070841 -0.0097304765478758038 -0.067025045194151506 -0.0665984529563525 -0.10467497202380359 0.029909853919509222 0.058863811158190255 0.066479088285316734 0.081186633264225525 -0.011890713402804252 -0.014141243333223506 0.026752193348796416 -0.066619622847415849
leaf_weight=4043 39097 749 69955 1664 384 50 78 50 97 140 2066 812 84 194 56 56 196 51 270 168 64 66 61 705 1664 512 1856 896 3136 128
leaf_count=4043 39097 749 69955 1664 384 50 78 50 97 140 2066 812 84 194 56 56 196 51 270 168 64 66 61 705 1664 512 1856 896 3136 128
internal_value=0.000116276 0.00014345 3.23638e-05 -0.000596923 -0.00305027 -0.00455882 -0.0160937 -0.00302083 -0.00827014 -0.000260954 -0.00114213 -0.00261374 -0.00446349 -0.00366455 -0.00482143 -0.0146429 -0.00366597 -0.00544974 -0.00725649 -0.00504566 -0.00493789 -0.0126966 -0.00794643 1.80459e-06 0.000136308 0.00130456 0.0003125 0.000484203 0.00113095 -0.000970982
internal_weight=129348 125305 86208 12221 1472 1088 128 960 211 10749 4925 2154 1342 1258 1064 112 952 756 616 438 161 178 112 2771 73987 4032 2368 5824 4032 1792
internal_count=129348 125305 86208 12221 1472 1088 128 960 211 10749 4925 2154 1342 1258 1064 112 952 756 616 438 161 178 112 2771 73987 4032 2368 5824 4032 1792
is_linear=0
shrinkage=0.05


Tree=223
num_leaves=31
num_cat=0
split_feature=0 9 7 4 8 8 11 11 9 11 8 4 7 10 9 8 4 8 7 8 9 0 1 6 4 11 0 3 3 3
split_gain=1.18606 2.35549 3.83436 2.46334 1.67395 2.54502 2.03152 2.34455 2.3011 3.03578 1.754 1.57091 1.48659 1.47842 4.00625 2.24984 2.60618 1.96876 1.66113 1.48336 2.80322 1.37929 1.97522 1.90729 2.72489 2.31143 2.33991 2.13148 1.94197 2.73465
threshold=4.5000000000000009 26.680729166666669 25.412500000000005 0.65071284653328287 28.950000000000003 28.450000000000003 1.0150383135137619 0.92180858479239347 25.370572916666671 1.0282169252610012 30.250000000000004 0.089118976521498999 25.212500000000006 1.0000000180025095e-35 15.938020833333335 18.850000000000005 0.86869874770991873 20.900000000000002 9.1875000000000018 23.650000000000002 18.009635416666672 31.500000000000004 5.5000000000000009 1.0000000180025095e-35 0.66367808336324663 0.888018781778247 58.500000000000007 0.57077594689671507 0.93845596220871974 0.93237596376505805
decision_type=2 2 2 2 2 2 2 2 2 2 2 2 2 2 2 2 2 2 2 2 2 2 2 2 2 2 2 2 2 2
left_child=1 2 3 4 5 -1 7 10 9 -8 -6 -10 -3 19 15 18 -17 -18 -15 -5 -21 -2 23 -23 25 26 -25 -27 29 -29
right_child=21 12 -4 13 6 -7 8 -9 11 -11 -12 -13 -14 14 -16 16 17 -19 -20 20 -22 22 -24 24 -26 27 -28 28 -30 -31
leaf_value=-0.019717669585798236 0.0037358193979605773 0.035536159010584226 -0.15050745777103375 0.048998704812789652 0.0038055219680470697 -0.035818040339544888 -0.044159320390079776 0.01717148425748994 -0.010516234601754826 0.0081548610767405317 -0.038601200041887732 -0.12355955684846305 -0.001089530348188915 -0.014777923432383537 0.021563581007627331 -0.039683153245874569 -0.018345073903868418 0.01758592448648557 0.018959837557755571 -0.033817132727370927 0.029755441619020852 -0.0017525753761899326 0.0089829087639742133 0.018511043089006772 -0.010083165433535782 0.07498198627300505 -0.0666891861085398 -0.004641938906263317 0.028682290371490622 -0.082396801849200313
leaf_weight=510 36400 544 53 645 67 65 55 415 60 140 55 50 2826 177 345 85 160 55 128 95 210 69470 12837 54 1024 1405 74 448 832 64
leaf_count=510 36400 544 53 645 67 65 55 415 60 140 55 50 2826 177 345 85 160 55 128 95 210 69470 12837 54 1024 1405 74 448 832 64
internal_value=0.000111637 -0.000534124 -0.00146884 -0.00125565 -0.00283345 -0.00491304 -0.0014133 0.000437617 -0.00467213 -0.00141026 -0.00565574 -0.0104545 0.000400594 -7.89472e-05 -0.00147368 -0.00392562 -0.007 -0.00406977 -0.000901639 0.00131579 -0.00155738 0.000147136 3.81637e-05 -6.19453e-05 0.00101384 0.00180222 -0.00476562 0.00210804 0.000684524 -0.00173828
internal_weight=129348 6740 3370 3317 1417 575 842 537 305 195 122 110 3370 1900 950 605 300 215 305 950 305 122608 86208 73371 3901 2877 128 2749 1344 512
internal_count=129348 6740 3370 3317 1417 575 842 537 305 195 122 110 3370 1900 950 605 300 215 305 950 305 122608 86208 73371 3901 2877 128 2749 1344 512
is_linear=0
shrinkage=0.05


Tree=224
num_leaves=31
num_cat=0
split_feature=8 9 9 0 7 4 4 4 8 1 0 3 1 3 10 1 0 11 7 7 9 8 0 7 9 8 8 1 11 0
split_gain=1.11023 2.84221 4.89968 6.41719 3.80704 1.81676 3.01679 6.71394 3.07545 5.25174 12.3324 5.25174 5.04338 2.90984 3.27337 3.05508 2.8363 4.22672 4.33417 5.33978 2.66995 4.5693 5.3658 6.45729 2.8253 2.56327 2.82031 2.63261 2.49059 2.43943
threshold=43.550000000000004 35.273437500000007 35.062239583333344 79.500000000000014 30.812500000000004 -0.98801846520836312 -0.96466008222729416 -0.95242240592625282 32.95000000000001 3.5000000000000004 22.500000000000004 0.29342972903661901 4.5000000000000009 0.15951094710994371 1.0000000180025095e-35 4.5000000000000009 69.500000000000014 0.98770160441593557 25.812500000000004 32.212500000000013 28.932031250000001 33.350000000000001 22.500000000000004 27.512500000000006 29.157031250000006 38.150000000000013 39.750000000000007 4.5000000000000009 1.1032809260710428 48.500000000000007
decision_type=2 2 2 2 2 2 2 2 2 2 2 2 2 2 2 2 2 2 2 2 2 2 2 2 2 2 2 2 2 2
left_child=1 2 5 -4 -3 20 13 8 9 11 -11 -8 -12 28 -15 16 17 18 -16 -20 -1 22 23 -22 -23 27 29 -10 -7 -27
right_child=-2 4 3 -5 -6 6 7 -9 25 10 12 -13 -14 14 15 -17 -18 -19 19 -21 21 24 -24 -25 -26 26 -28 -29 -30 -31
leaf_value=0.028966516271584489 -0.045292076725719804 -0.041629800067427773 -0.022011465994376492 -0.17302998877653861 0.074267282699673406 0.065934129056478455 0.081656186140437625 0.0015589347053886462 -0.022611141082990144 -0.2360667329131666 -0.17323246250371921 -0.0961990463257371 0.011468133932581732 0.045662083905458541 0.11467955273672917 0.034367135061987061 0.014040328459946936 0.011215491221816845 -0.10500277411589387 -0.003213959987354323 -0.019082306510789626 -0.037412900260738867 -0.041723935738819093 -0.13208006393090874 -0.0059226279728950013 -0.091797118518989904 0.068141578900724711 0.064976321514016763 -0.022852394043282608 -0.059610269978441155
leaf_weight=574 480 179 320 64 1261 2838 192 112517 672 69 73 96 146 1056 68 480 311 280 340 146 79 96 438 59 5362 147 96 384 384 141
leaf_count=574 480 179 320 64 1261 2838 192 112517 672 69 73 96 146 1056 68 480 311 280 340 146 79 96 438 59 5362 147 96 384 384 141
internal_value=0.000108545 0.000117485 9.2523e-05 -0.00554687 0.00232639 0.000109569 0.000153858 9.70465e-05 -0.0027629 -0.00585069 -0.010625 -0.00107639 -0.00481735 0.00125614 3.91647e-05 -0.00136923 -0.00277293 -0.00429257 -0.0068231 -0.00847737 -0.000697639 -0.00100762 -0.00524306 -0.0138406 -0.000560645 -0.00152778 -0.00502604 -0.000255682 0.00226878 -0.0075
internal_weight=129348 128868 127428 384 1440 127044 120436 114533 2016 576 288 288 219 5903 2681 1625 1145 834 554 486 6608 6034 576 138 5458 1440 384 1056 3222 288
internal_count=129348 128868 127428 384 1440 127044 120436 114533 2016 576 288 288 219 5903 2681 1625 1145 834 554 486 6608 6034 576 138 5458 1440 384 1056 3222 288
is_linear=0
shrinkage=0.05


Tree=225
num_leaves=31
num_cat=0
split_feature=0 4 3 8 11 4 3 8 11 0 3 4 9 7 8 0 4 0 9 11 8 0 11 11 9 10 8 1 8 9
split_gain=1.13107 1.8112 1.3287 1.30392 1.46298 1.32275 1.24575 1.19088 1.29726 1.11178 2.1531 7.62789 4.16203 8.3159 3.70776 3.27731 6.0732 2.58226 2.28203 2.97791 2.67045 2.2739 3.78396 2.14074 2.07423 2.21117 3.13203 4.21369 2.03971 2.30631
threshold=92.500000000000014 0.63755505330306683 0.96904697354198299 34.250000000000007 1.0871761346197866 -0.89787881968372518 0.93237596376505805 40.550000000000004 1.0348769204500241 73.500000000000014 -0.0053757284505435614 0.62420859727530387 21.109114583333337 19.812500000000004 33.750000000000007 75.500000000000014 -0.17646730165275518 75.500000000000014 28.369010416666672 1.1396426947228491 31.250000000000004 83.500000000000014 1.0959530445469128 1.1064219518172318 12.703645833333335 1.0000000180025095e-35 16.300000000000001 2.5000000000000004 14.100000000000001 7.2007812500000012
decision_type=2 2 2 2 2 2 2 2 2 2 2 2 2 2 2 2 2 2 2 2 2 2 2 2 2 2 2 2 2 2
left_child=9 2 3 4 6 -6 -2 -5 -9 28 11 12 13 -11 15 16 -14 -13 -17 20 -20 -16 -23 -24 25 -19 -27 -28 29 -1
right_child=1 -3 -4 7 5 -7 -8 8 -10 10 -12 17 14 -15 21 18 -18 24 19 -21 -22 22 23 -25 -26 26 27 -29 -30 -31
leaf_value=-0.01255936544943427 -0.00097089273818566375 0.028908379498860617 0.050012556605175722 0.034352680716166727 -0.10632552910975304 -0.035805294721009767 -0.014134642484910198 -0.10428086955056824 0.06215881866081812 0.012468773092319065 -0.0084518703741597537 -0.011632467218241132 -0.0077311754169025878 -0.074129242360819816 0.07138268492897562 0.0032822058467578035 -0.073624085043708945 0.091161894315637745 -0.1386165764070664 0.075888999737595969 -0.02683939798866989 0.028540531661920821 -0.17740732390640493 -0.035501978029958303 0.043360271923507582 0.024719898292926652 0.01909850969838528 -0.02955497697855819 0.0019460310399461317 -0.059943590354918863
leaf_weight=444 1426 1164 261 783 54 135 78 54 87 72 13030 364 482 61 860 4063 290 255 68 170 2261 638 54 90 2448 170 85 136 99117 148
leaf_count=444 1426 1164 261 783 54 135 78 54 87 72 13030 364 482 61 860 4063 290 255 68 170 2261 638 54 90 2448 170 85 136 99117 148
internal_value=0.000106998 0.000930233 0.000257123 -8.2155e-05 -0.000906674 -0.00505291 -0.000385638 0.00142857 -0.00280142 8.04433e-05 -0.000213501 0.000253442 -0.000505544 -0.00928571 -0.000375445 -0.000856286 -0.00393782 0.00225275 -0.000493752 -0.00168267 -0.00214899 0.00177223 -0.000179028 -0.0075 0.0027214 0.000201239 -0.00216113 -0.00608597 0.000155904 -0.00277027
internal_weight=129348 4042 2878 2617 1693 189 1504 924 141 125306 25597 12567 9109 133 8976 7334 772 3458 6562 2499 2329 1642 782 144 3094 646 391 221 99709 592
internal_count=129348 4042 2878 2617 1693 189 1504 924 141 125306 25597 12567 9109 133 8976 7334 772 3458 6562 2499 2329 1642 782 144 3094 646 391 221 99709 592
is_linear=0
shrinkage=0.05


Tree=226
num_leaves=31
num_cat=0
split_feature=10 0 0 7 4 0 4 11 3 0 8 11 3 7 0 3 11 9 4 3 1 9 11 11 3 8 4 0 9 3
split_gain=1.13781 4.19375 6.45417 10.7688 13.8159 9.667 5.30452 5.6163 8.28539 7.69898 6.71247 7.19808 5.01818 4.43178 4.13661 4.99513 4.127 4.59895 4.38541 4.81667 4.82143 4.12599 3.73663 3.72024 3.67058 6.91861 6.62753 4.55947 10.0794 5.01337
threshold=1.0000000180025095e-35 17.500000000000004 61.500000000000007 24.337500000000006 0.7487283477006671 55.500000000000007 0.51113019672828186 0.96985539426879674 -0.66528616069191593 23.500000000000004 26.850000000000005 1.0221204649632492 0.25206111083856975 29.012500000000006 27.500000000000004 0.87397152483179585 0.7641759112864478 16.601302083333337 0.85561368268953431 -0.39036798905311365 2.5000000000000004 26.680729166666669 0.83812870703902109 1.0376678341700196 0.79904096188274243 27.650000000000002 0.22491561436810906 8.5000000000000018 22.971614583333338 0.94425825643485939
decision_type=2 2 2 2 2 2 2 2 2 2 2 2 2 2 2 2 2 2 2 2 2 2 2 2 2 2 2 2 2 2
left_child=1 16 3 4 6 13 14 8 -8 -10 -9 -12 -6 -5 15 21 -1 -18 -19 20 -20 -3 -4 -22 -2 -26 -27 28 -28 -30
right_child=24 2 22 5 12 -7 7 10 9 -11 11 -13 -14 -15 -16 -17 17 18 19 -21 23 -23 -24 -25 25 26 27 -29 29 -31
leaf_value=-0.08304787685021571 -0.0018582459236837932 -0.038442845352039762 -0.043256532037867321 0.042325298930793981 -0.02075289758907619 -0.03595811016354044 -0.0084841458859212706 -0.006869515502679978 -0.12561267438956752 -0.10400642319660912 -0.075202308966672779 -0.0071069832755021019 0.026343205684729323 0.0032467673003456019 0.0050495071670067729 -0.040746517111924507 0.061007085147022189 0.010461835962814092 -0.074406125443606766 0.11822868650267285 -0.051723356796978752 0.14072082074634198 0.014446015028659146 0.14850128634044299 0.040815538093068676 0.0074193782375520552 -0.043321016852105571 -0.010167109407673893 0.026529324689521645 -0.024185415576497844
leaf_weight=54 61010 365 612 4551 4164 2540 139 545 54 256 355 192 2395 8060 659 471 2196 7686 54 90 72 199 18663 54 2496 9112 63 2088 99 54
leaf_count=54 61010 365 612 4551 4164 2540 139 545 54 256 355 192 2395 8060 659 471 2196 7686 54 90 72 199 18663 54 2496 9112 63 2088 99 54
internal_value=0.000105839 0.00027983 6.89735e-05 -0.000462016 -0.00175413 0.000373243 -0.00442813 -0.00655094 -0.0112584 -0.0158065 -0.00461538 -0.00852834 -0.00043528 0.000940053 -0.00249705 -0.0044686 0.00119342 0.00126675 0.000707642 -0.00555556 -0.0102778 -0.00129433 0.000756161 -0.00492063 -2.05545e-05 0.000712335 0.00019096 -0.00220486 -0.00912037 -0.00218954
internal_weight=129348 54426 44220 24945 9794 15151 3235 1541 449 310 1092 547 6559 12611 1694 1035 10206 10152 7956 270 180 564 19275 126 74922 13912 11416 2304 216 153
internal_count=129348 54426 44220 24945 9794 15151 3235 1541 449 310 1092 547 6559 12611 1694 1035 10206 10152 7956 270 180 564 19275 126 74922 13912 11416 2304 216 153
is_linear=0
shrinkage=0.05


Tree=227
num_leaves=31
num_cat=0
split_feature=0 1 11 8 4 10 7 3 8 1 11 3 7 11 3 11 7 0 1 11 3 3 7 7 3 8 10 5 11 3
split_gain=1.16417 1.97812 2.29399 3.19878 3.50785 2.91027 3.64583 2.21697 2.31289 4.81496 2.2528 2.55508 1.99031 4.3507 2.01891 1.67156 1.64644 1.60531 1.75467 3.31523 3.06162 5.85077 2.74326 2.74219 2.72904 2.42861 2.34375 2.31367 2.24374 3.1966
threshold=6.5000000000000009 5.5000000000000009 1.1102543501962845 28.250000000000004 0.70138038092733435 1.0000000180025095e-35 12.262500000000001 -0.8821812062722818 28.950000000000003 3.5000000000000004 1.0307298263784668 -0.98664820696349753 27.512500000000006 1.0095531556613402 0.94978112945126536 0.7641759112864478 22.812500000000004 31.500000000000004 1.0000000180025095e-35 0.9040579196039068 0.47559651477048942 0.17646842360078763 29.612500000000004 28.212500000000006 -0.11692013674435776 36.550000000000004 1.0000000180025095e-35 1.0000000180025095e-35 0.99948647577224803 0.54940630780725741
decision_type=2 2 2 2 2 2 2 2 2 2 2 2 2 2 2 2 2 2 2 2 2 2 2 2 2 2 2 2 2 2
left_child=1 7 3 4 -3 -6 -7 8 9 16 -10 -12 14 -14 -5 -9 -1 -2 19 20 21 22 -19 -23 -24 -26 -22 -20 -21 -30
right_child=17 2 -4 12 5 6 -8 15 10 -11 11 -13 13 -15 -16 -17 -18 18 27 28 26 23 24 -25 25 -27 -28 -29 29 -31
leaf_value=-0.051665126324045574 0.0040668460121564848 -0.05269415511832886 -0.068986284927738215 0.046203924599856783 0.035644819492498203 -0.022302859921608922 0.0046436282126627254 -0.064501886672103298 -0.00015574918092158994 0.066284991589503628 -0.0060111190619325933 -0.10145758138658634 -0.15979588282086818 0.032225567005390504 -0.016597176736446253 0.0019656330541520731 -0.048618631765328185 -0.016330210259891099 0.00080740304483906404 0.0046454345608058544 -0.033897049708807782 -0.04673045273136818 -0.17790078994977365 -0.12205469570137546 0.0095909474359313213 -0.063156430256568905 0.17397098242096487 0.022379342291136257 -0.03110774611317247 0.0086021549299265827
leaf_weight=51 33705 105 91 574 161 112 56 56 777 56 105 77 93 114 98 6855 54 749 69955 5824 192 50 50 78 97 64 192 4032 3264 1661
leaf_count=51 33705 105 91 574 161 112 56 56 777 56 105 77 93 114 98 6855 54 749 69955 5824 192 50 50 78 97 64 192 4032 3264 1661
internal_value=0.000108158 -0.000426603 -0.00215812 -0.00162605 -0.00513825 -0.00259878 -0.00720238 -0.000123895 -0.0021875 -0.00773292 -0.00125652 -0.00626374 0.000108078 -0.00417874 0.00142857 0.000210534 -0.0140476 0.000150234 3.58437e-05 -0.000519188 -0.00274456 -0.00409926 -0.00276042 -0.0141406 -0.00779621 -0.00462733 0.00109375 0.000127523 -0.000214438 -0.001
internal_weight=129348 9435 1404 1313 434 329 168 8031 1120 161 959 182 879 207 672 6911 105 119913 86208 12221 1472 1088 960 128 211 161 384 73987 10749 4925
internal_count=129348 9435 1404 1313 434 329 168 8031 1120 161 959 182 879 207 672 6911 105 119913 86208 12221 1472 1088 960 128 211 161 384 73987 10749 4925
is_linear=0
shrinkage=0.05


Tree=228
num_leaves=31
num_cat=0
split_feature=0 7 10 3 9 9 8 3 9 4 9 0 7 4 8 4 11 11 8 7 9 1 8 8 10 9 11 8 11 3
split_gain=1.13762 1.9054 1.62656 2.22036 1.21931 1.03967 2.87876 2.81849 3.65328 2.44987 4.24126 3.66266 3.18134 2.42245 4.23544 4.05174 2.56954 2.4273 4.09929 3.56792 2.25403 3.5461 2.56354 5.00306 4.74739 6.68777 3.90458 3.82979 2.97362 3.06012
threshold=93.500000000000014 22.062500000000004 1.0000000180025095e-35 -0.21861968191509915 33.072916666666671 11.341666666666669 18.250000000000004 0.3504237462291826 13.370572916666669 0.97648852793709995 12.247135416666669 32.500000000000007 10.512500000000001 0.97648852793709995 16.300000000000001 0.99958851518450398 1.1265970327176902 0.99466861273465434 17.450000000000003 12.262500000000001 11.695833333333335 5.5000000000000009 20.200000000000006 22.350000000000005 1.0000000180025095e-35 14.627864583333336 1.065666172741313 21.550000000000004 0.93041277635383546 0.49065764355977465
decision_type=2 2 2 2 2 2 2 2 2 2 2 2 2 2 2 2 2 2 2 2 2 2 2 2 2 2 2 2 2 2
left_child=5 -2 -3 -4 -5 13 7 8 9 10 -7 12 -12 -1 -15 16 -16 -17 -19 -20 21 -8 26 24 -24 27 28 -26 -22 -30
right_child=1 2 3 4 -6 6 20 -9 -10 -11 11 -13 -14 14 15 17 -18 18 19 -21 22 -23 23 -25 25 -27 -28 -29 29 -31
leaf_value=0.017701132861020659 0.029439101356303371 0.03926657996658231 -0.049669198014658078 0.025223833462066799 -0.09720659305636635 -0.08601925460986698 0.22219688623051767 0.080935270360242451 0.037380952991110938 0.024388627525669053 0.061296653751599942 0.087689241688824041 -0.046986549605345755 0.0055812611393476798 -0.04181985081586044 0.070473582194570741 0.014066477158377997 0.11754261621376678 -0.060683415407036811 0.011764446396307287 -0.13148296975258258 -0.015084728292515387 0.058307708190323097 0.0004778690620328885 -0.018913460971502614 0.023979914160193266 -0.036246533392386211 -0.05684995134325091 -0.010055324122674542 0.015032497082430409
leaf_weight=940 1153 622 451 406 62 282 470 846 752 470 53 244 79 1786 940 188 94 188 247 129 94 94 3666 104188 846 1692 470 94 5640 2162
leaf_count=940 1153 622 451 406 62 282 470 846 752 470 53 244 79 1786 940 188 94 188 247 129 94 94 3666 104188 846 1692 470 94 5640 2162
internal_value=0.000104292 0.00112101 -2.92016e-05 -0.00136561 0.00104701 8.26663e-05 0.0001102 0.0017168 0.000638298 -0.00116135 -0.0031307 0.000345745 -0.00636364 -0.000662677 -0.001257 -0.00297872 -0.00500967 -0.00018617 -0.00182624 -0.00484043 7.35247e-05 0.00322695 5.85604e-05 0.000122459 0.00149095 -0.000129179 -0.000785321 -0.00351064 -0.000521783 -0.000415278
internal_weight=129348 2694 1541 919 468 126654 122142 2726 1880 1128 658 376 132 4512 3572 1786 1034 752 564 376 119416 564 118852 110486 6298 2632 8366 940 7896 7802
internal_count=129348 2694 1541 919 468 126654 122142 2726 1880 1128 658 376 132 4512 3572 1786 1034 752 564 376 119416 564 118852 110486 6298 2632 8366 940 7896 7802
is_linear=0
shrinkage=0.05


Tree=229
num_leaves=31
num_cat=0
split_feature=11 11 8 1 1 7 3 7 8 11 0 8 8 7 0 0 1 8 1 0 3 7 7 0 0 8 8 0 8 0
split_gain=1.14794 1.64984 6.82404 4.21875 3.14791 2.20597 1.76396 5.05578 4.13142 3.64496 6.02123 3.13657 5.37457 6.38301 2.85849 4.16249 2.65971 3.67647 2.65038 2.40003 2.3951 2.35434 2.28495 1.82323 1.78988 1.71429 2.70959 1.64 4.2875 1.88356
threshold=0.7641759112864478 0.82284707828887094 33.550000000000004 5.5000000000000009 1.0000000180025095e-35 24.912500000000005 -0.98370366633421236 30.412500000000005 30.850000000000005 1.0141813308400838 55.500000000000007 32.45000000000001 31.550000000000004 26.612500000000004 72.500000000000014 78.500000000000014 4.5000000000000009 30.450000000000003 4.5000000000000009 7.5000000000000009 -0.99697703579879204 24.912500000000005 22.962500000000006 17.500000000000004 47.500000000000007 30.650000000000002 30.050000000000004 11.500000000000002 29.050000000000004 55.500000000000007
decision_type=2 2 2 2 2 2 2 2 2 2 2 2 2 2 2 2 2 2 2 2 2 2 2 2 2 2 2 2 2 2
left_child=27 2 4 -4 5 -2 7 11 -9 10 20 12 14 18 19 25 -17 -18 23 22 -10 -20 -3 -14 -22 26 -16 28 -1 -29
right_child=1 6 3 -5 -6 -7 -8 8 9 -11 -12 -13 13 -15 15 16 17 -19 21 -21 24 -23 -24 -25 -26 -27 -28 29 -30 -31
leaf_value=0.011500929789799689 0.059600165090112289 -0.059878963362887554 -0.020605520556500827 -0.65303593996474085 0.11095977710421995 -0.10188561112011074 0.0015630736180060384 -0.13351071420229751 -0.033111862034309374 0.0029813376161327652 0.011854332801479191 0.045749320515364178 0.0097820624969002113 0.0068100814545948608 -0.050022859087407591 0.0099237034160447133 -0.083597553961756152 0.017497577970876404 -0.13215946872728818 0.01723281123781956 -0.085683910669331453 -0.04640872606156838 -0.007064615723455671 -0.078349359113711714 -0.072756053780913946 -0.030767160536146029 -0.15149675539300531 0.019477115947651908 -0.10238869682463739 -0.015339095747460514
leaf_weight=84 101 95 384 96 1526 187 119950 55 88 350 146 713 66 245 114 561 85 85 76 2560 66 91 249 96 67 90 54 528 60 480
leaf_count=84 101 95 384 96 1526 187 119950 55 88 350 146 713 66 245 114 561 85 85 76 2560 66 91 249 96 67 90 54 528 60 480
internal_value=0.000104292 0.000118413 0.00144725 -0.00385417 0.00285006 -0.00194444 9.42004e-05 -0.000745968 -0.00452073 -0.00350767 -0.0069891 -0.000183397 -0.000674949 -0.00519164 -8.99031e-06 -0.00233064 -0.000403557 -0.00588235 -0.00974164 0.000781681 -0.0121946 -0.0141617 -0.00313953 -0.00518518 -0.0164286 -0.0077907 -0.0107738 -0.00146701 -0.00645833 -0.000753968
internal_weight=129348 128196 2294 480 1814 288 125902 5952 772 717 367 5180 4467 574 3893 989 731 170 329 2904 221 167 344 162 133 258 168 1152 144 1008
internal_count=129348 128196 2294 480 1814 288 125902 5952 772 717 367 5180 4467 574 3893 989 731 170 329 2904 221 167 344 162 133 258 168 1152 144 1008
is_linear=0
shrinkage=0.05


Tree=230
num_leaves=31
num_cat=0
split_feature=10 0 0 7 4 0 4 4 11 0 8 11 3 3 8 1 4 7 4 5 11 0 4 0 7 9 0 0 9 11
split_gain=1.02139 3.83359 5.87984 9.61891 13.5479 7.61886 5.57684 7.15853 5.03483 6.38497 5.45364 6.89816 5.01431 6.58809 6.01928 4.56101 4.45792 4.56045 4.41419 4.2125 4.59556 4.13661 5.23118 5.13496 4.03728 3.96798 3.96043 3.86548 3.81081 3.96139
threshold=1.0000000180025095e-35 17.500000000000004 63.500000000000007 24.337500000000006 0.7487283477006671 32.500000000000007 0.5403928698825039 0.56901594657981336 0.96985539426879674 23.500000000000004 26.850000000000005 1.0072311150830457 -0.27694604220087021 -0.35846811432664222 20.450000000000003 1.5000000000000002 0.97832380634958016 13.037500000000003 -0.82413948779581736 1.0000000180025095e-35 0.99352454386796529 72.500000000000014 0.63755505330306683 77.500000000000014 19.512500000000006 16.601302083333337 27.500000000000004 36.500000000000007 12.070312500000002 0.97260028685364042
decision_type=2 2 2 2 2 2 2 2 2 2 2 2 2 2 2 2 2 2 2 2 2 2 2 2 2 2 2 2 2 2
left_child=1 25 3 4 6 -5 26 -8 9 -9 -10 19 13 -6 16 -11 28 -18 -7 20 -12 -4 -23 -24 -15 -1 -3 -17 -14 -30
right_child=-2 2 21 5 12 18 7 8 10 15 11 -13 14 24 -16 27 17 -19 -20 -21 -22 22 23 -25 -26 -27 -28 -29 29 -31
leaf_value=0.055167689566877301 -0.00022174714538351605 -0.03035977801331919 0.055978533497110738 0.057268637130752767 -0.018717275519853225 -0.030153495556236962 -0.097824950326587112 -0.083815596916949786 -0.0012582484009775663 0.0027341212842260207 -0.1153197505428117 -0.022076968324201956 0.21115408195014196 -0.079326889020006175 0.094623177848127599 -0.072948031439547159 -0.075059882065439759 1.73048668842277e-06 0.0058596334706574804 -0.063056854515657165 -0.074249019240490349 -0.0066811305405109905 -0.030994762138689066 0.040863489368909489 -0.14830164842677482 0.0070846501470442332 0.0031810567303451271 -0.11751246866709737 0.082439112941820977 -0.019350727215776856
leaf_weight=2214 74922 1085 5103 3937 1347 4154 86 78 516 130 50 238 644 173 1537 91 787 777 7879 67 77 8577 970 3492 57 7992 738 112 276 1242
leaf_count=2214 74922 1085 5103 3937 1347 4154 86 78 516 130 50 238 644 173 1537 91 787 777 7879 67 77 8577 970 3492 57 7992 738 112 276 1242
internal_value=0.0001012 0.000266049 6.44507e-05 -0.000416443 -0.00162347 0.000347527 -0.00427173 -0.0065917 -0.0057064 -0.0103285 -0.00370253 -0.00784722 -0.000358187 -0.00283133 0.000382862 -0.00731231 -0.000703167 -0.00273657 -0.000277154 -0.0148454 -0.0201968 0.000755705 0.000283381 0.0016719 -0.0106522 0.00113953 -0.0024328 -0.0119951 0.000767808 -0.000599473
internal_weight=129348 54426 44220 26078 10108 15970 3268 1445 1359 411 948 432 6840 1577 5263 333 3726 1564 12033 194 127 18142 13039 4462 230 10206 1823 203 2162 1518
internal_count=129348 54426 44220 26078 10108 15970 3268 1445 1359 411 948 432 6840 1577 5263 333 3726 1564 12033 194 127 18142 13039 4462 230 10206 1823 203 2162 1518
is_linear=0
shrinkage=0.05


Tree=231
num_leaves=31
num_cat=0
split_feature=0 1 9 11 3 8 3 11 10 8 3 11 7 11 7 11 3 9 11 3 7 8 5 10 7 3 4 8 8 4
split_gain=1.10207 2.23608 2.86972 3.15645 2.57611 2.57304 2.52625 2.75844 3.4883 3.47544 3.10256 5.33333 2.38095 4.8106 2.36528 2.17532 2.04472 2.31005 3.20452 3.7037 2.4308 2.02704 3.53641 5.64453 6.4423 2.24175 3.43553 11.4846 2.08703 1.90745
threshold=8.5000000000000018 5.5000000000000009 12.070312500000002 1.1102543501962845 -0.89015004145349408 33.850000000000001 -0.51297808981038739 1.0277626974436829 1.0000000180025095e-35 36.350000000000001 0.15951094710994371 0.97407968238158804 22.812500000000004 0.9664579307749962 29.912500000000005 0.7641759112864478 -0.95244167294248061 27.401302083333334 1.0515743247573357 -0.98930078251469888 25.312500000000004 33.650000000000013 1.0000000180025095e-35 1.0000000180025095e-35 15.012500000000001 0.85673801594079257 0.41202506375868281 27.950000000000003 36.550000000000004 0.71353761266622884
decision_type=2 2 2 2 2 2 2 2 2 2 2 2 2 2 2 2 2 2 2 2 2 2 2 2 2 2 2 2 2 2
left_child=1 4 -3 6 5 16 -4 8 29 10 11 -10 13 -12 15 -6 17 18 20 -20 -1 22 25 -24 -25 -17 -27 -28 -23 -8
right_child=-2 2 3 -5 14 -7 7 -9 9 -11 12 -13 -14 -15 -16 21 -18 -19 19 -21 -22 28 23 24 -26 26 27 -29 -30 -31
leaf_value=0.00047225751403555069 0.001861181368901345 -0.017721985809755005 0.024641750379515902 -0.058598972918939653 -0.084711340805941227 0.083013764271531537 -0.020327574763624762 0.0059246898174160822 -0.0087751012447721127 -0.30816935255261774 -0.022017690562536565 -0.20545619778073157 0.11384260587865958 0.00089068031244006723 -0.02899498884846137 0.0058982789489690213 -0.030382792346474181 0.056025944185914979 -0.0042491106566900456 -0.13442770952454031 -0.056984113836849939 0.044359881722546374 0.046003841654603667 -0.03824565737019256 -0.030359762618079458 -0.0020923706295868762 0.02206129866165853 -0.044581962301430925 0.0015427252550993063 0.048208263639838426
leaf_weight=448 117216 63 522 117 72 117 162 396 54 51 51 54 75 117 612 4809 414 225 54 54 56 1241 135 50 139 684 108 54 1054 144
leaf_count=448 117216 63 522 117 72 117 162 396 54 51 51 54 75 117 612 4809 414 225 54 54 56 1241 135 50 139 684 108 54 1054 144
internal_value=0.00010004 -0.00035361 -0.00197674 -0.00159782 -6.97267e-05 -0.00209064 -0.00102706 -0.00238225 -0.00425141 -0.00731343 -0.00554131 -0.0125926 -0.00240741 -0.00571429 0.000238893 0.000458903 -0.0027538 -0.00133214 -0.00292484 -0.0107407 -0.00125 0.000534204 4.93395e-05 -0.00503086 -0.0106085 0.000340407 -0.0020331 -0.00858025 0.00179739 -0.000228758
internal_weight=129348 12132 1806 1743 10326 1368 1626 1104 708 402 351 108 243 168 8958 8346 1251 837 612 108 504 8274 5979 324 189 5655 846 162 2295 306
internal_count=129348 12132 1806 1743 10326 1368 1626 1104 708 402 351 108 243 168 8958 8346 1251 837 612 108 504 8274 5979 324 189 5655 846 162 2295 306
is_linear=0
shrinkage=0.05


Tree=232
num_leaves=31
num_cat=0
split_feature=8 9 9 0 7 4 9 8 1 0 8 3 7 3 3 7 0 1 4 4 3 8 1 0 1 3 11 8 8 1
split_gain=1.00777 2.60431 4.66139 5.85208 3.69169 1.83858 2.928 4.29556 2.95362 2.38113 3.66568 3.82273 4.91816 3.4379 4.96222 4.3871 3.26093 4.79348 2.09584 6.0876 3.66187 2.80972 5.44444 11.6061 5.04338 4.51562 2.26306 2.1142 2.53125 2.50216
threshold=43.550000000000004 35.273437500000007 35.062239583333344 79.500000000000014 30.812500000000004 -0.99273797715557011 29.557031250000005 37.250000000000007 1.0000000180025095e-35 51.500000000000007 36.150000000000013 1.0000000180025095e-35 30.612500000000004 0.091259403071267925 -0.031173458710879235 27.187500000000004 22.500000000000004 1.0000000180025095e-35 -0.96466008222729416 -0.95242240592625282 -0.15101209918632377 32.95000000000001 3.5000000000000004 22.500000000000004 4.5000000000000009 0.29342972903661901 1.1032809260710428 38.150000000000013 39.750000000000007 4.5000000000000009
decision_type=2 2 2 2 2 2 2 2 2 2 2 2 2 2 2 2 2 2 2 2 2 2 2 2 2 2 2 2 2 2
left_child=1 2 5 -4 -3 6 -1 9 -9 13 -11 -12 -13 14 16 -15 17 -8 20 21 26 22 25 -24 -25 -20 -7 29 -29 -23
right_child=-2 4 3 -5 -6 18 7 8 -10 10 11 12 -14 15 -16 -17 -18 -19 19 -21 -22 27 23 24 -26 -27 -28 28 -30 -31
leaf_value=0.026730679874805114 -0.043266734430899734 -0.038163131085902274 -0.020329104711842409 -0.16443194318853047 0.070487877654463668 0.062741049709298294 0.025126642359352486 -0.1980142504276805 0.019610591750745646 0.016277043379669221 -0.0046432680707626361 0.020025901808571441 -0.24066644141007154 0.020375522374788724 0.01315779921609022 -0.14550339885864869 -0.048151293922355898 -0.095337511389253754 0.077284470732892602 0.0014572622368510882 0.00023384975399516541 -0.020452022880854445 -0.22090634536109183 -0.16364820062503788 0.010502976834353202 -0.086350214015389226 -0.018399339425608802 -0.071527761941017037 0.063618679641087819 0.060114792370654639
leaf_weight=576 480 179 320 64 1261 2838 69 96 1721 704 220 54 122 53 468 148 348 207 192 112517 4503 672 69 73 146 96 384 288 96 384
leaf_count=576 480 179 320 64 1261 2838 69 96 1721 704 220 54 122 53 468 148 348 207 192 112517 4503 672 69 73 146 96 384 288 96 384
internal_value=9.92673e-05 0.000107785 8.38907e-05 -0.00541667 0.00222222 0.000100517 -0.000860844 -0.00131829 0.000514585 -0.00270999 -0.001 -0.00484848 -0.0103409 -0.00416473 -0.00305861 -0.0101741 -0.00597756 -0.0100362 0.000138151 8.43863e-05 0.000935275 -0.00263889 -0.00559028 -0.0104514 -0.00481735 -0.000729166 0.00222222 -0.00145833 -0.00463542 -0.00030303
internal_weight=129348 128868 127428 384 1440 127044 4786 4210 1817 2393 1100 396 176 1293 1092 201 624 276 122258 114533 7725 2016 576 288 219 288 3222 1440 384 1056
internal_count=129348 128868 127428 384 1440 127044 4786 4210 1817 2393 1100 396 176 1293 1092 201 624 276 122258 114533 7725 2016 576 288 219 288 3222 1440 384 1056
is_linear=0
shrinkage=0.05


Tree=233
num_leaves=31
num_cat=0
split_feature=10 0 0 7 4 0 4 4 3 3 8 4 7 11 1 8 7 9 11 0 1 0 4 0 3 0 8 11 1 11
split_gain=1.01004 3.75604 5.2679 8.57855 12.3459 7.57886 4.96108 6.34704 4.65493 5.73273 5.39777 4.19539 4.14131 4.13056 5.5653 5.13423 3.88138 3.75631 3.91337 4.39817 3.78947 3.72151 4.65896 4.85287 3.67688 3.66635 3.53658 3.49299 4.66534 3.97491
threshold=1.0000000180025095e-35 17.500000000000004 63.500000000000007 24.337500000000006 0.7487283477006671 54.500000000000007 0.5403928698825039 0.56901594657981336 -0.27694604220087021 -0.35846811432664222 20.450000000000003 0.97832380634958016 13.037500000000003 0.96985539426879674 1.5000000000000002 25.750000000000004 19.512500000000006 12.070312500000002 0.97260028685364042 44.500000000000007 4.5000000000000009 72.500000000000014 0.63755505330306683 77.500000000000014 0.9193901325473397 30.500000000000004 32.45000000000001 1.0467188401820728 1.5000000000000002 0.99352454386796529
decision_type=2 2 2 2 2 2 2 2 2 2 2 2 2 2 2 2 2 2 2 2 2 2 2 2 2 2 2 2 2 2
left_child=1 -1 3 4 6 25 -3 -8 9 -6 11 17 -13 14 -9 -15 -11 -10 -19 20 -20 -4 -23 -24 -7 -5 -27 28 -17 -30
right_child=-2 2 21 5 8 24 7 13 10 16 -12 12 -14 15 -16 27 -18 18 19 -21 -22 22 23 -25 -26 26 -28 -29 29 -31
leaf_value=0.014278024186436209 -0.00016746985573192112 -0.020817357683158622 0.052765155276533172 0.057721415368400364 -0.017947333924146911 -0.037781513069865096 -0.093099624990544749 -0.0262402178845773 0.20043045567234741 -0.07552646674929317 0.089726096775434805 -0.071472810142454934 -0.00016427821793342227 0.026394885088760173 -0.1013899364829679 -0.016610802309550719 -0.14105248818572255 0.078151235114443551 -0.050482216384404692 0.028294185392739774 0.022250965586322044 -0.0059074332685312087 -0.029610946212042064 0.038654392720176879 0.032443333490977881 0.036051361618566827 -0.0077561323248065452 0.072265277303535991 -0.10322003823941808 -0.049152046994259846
leaf_weight=10206 74922 1823 5103 3326 1347 3379 86 166 644 173 1537 787 777 340 245 195 57 276 513 513 216 8577 970 3492 403 2979 5883 61 69 283
leaf_count=10206 74922 1823 5103 3326 1347 3379 86 166 644 173 1537 787 777 340 245 195 57 276 513 513 216 8577 970 3492 403 2979 5883 61 69 283
internal_value=0.0001012 0.000265131 6.55814e-05 -0.0003896 -0.00152948 0.000331872 -0.00405753 -0.00624567 -0.000321637 -0.0027045 0.000392362 -0.000636071 -0.0026087 -0.00541207 -0.00959854 -0.00359705 -0.01 0.000790934 -0.000566535 -0.00176328 -0.00425926 0.000719877 0.000271877 0.00158225 -0.00162348 0.000938628 0.000407357 -0.00634868 -0.00761426 -0.0110511
internal_weight=129348 54426 44220 26078 10108 15970 3268 1445 6840 1577 5263 3726 1564 1359 411 948 230 2162 1518 1242 729 18142 13039 4462 3782 12188 8862 608 547 352
internal_count=129348 54426 44220 26078 10108 15970 3268 1445 6840 1577 5263 3726 1564 1359 411 948 230 2162 1518 1242 729 18142 13039 4462 3782 12188 8862 608 547 352
is_linear=0
shrinkage=0.05


Tree=234
num_leaves=31
num_cat=0
split_feature=10 3 4 7 11 8 9 7 11 4 3 1 3 1 11 7 9 9 7 7 7 0 0 0 9 7 8 3 3 8
split_gain=1.02681 3.62147 9.61076 5.96809 3.40747 5.36206 5.9209 4.35173 4.12723 3.81807 8.66688 4.5 4.47103 11.9561 7.92187 5.19296 4.93494 4.86541 4.84551 4.41568 5.2191 4.10387 6.08317 5.19244 5.28134 4.69045 3.69375 3.62803 6.24874 9.22106
threshold=1.0000000180025095e-35 0.76696112484652035 0.55478649335567887 16.212500000000006 0.84409739968617681 31.050000000000004 27.666406250000005 28.687500000000004 0.7641759112864478 -0.54219087765047058 -0.81923160956083974 4.5000000000000009 -0.98664820696349753 4.5000000000000009 1.0359848163709104 30.212500000000006 15.127864583333336 27.401302083333334 17.062500000000004 25.812500000000004 30.812500000000004 14.500000000000002 67.500000000000014 54.500000000000007 24.289322916666674 30.012500000000006 33.250000000000007 -0.55657520495441892 0.79904096188274243 22.950000000000003
decision_type=2 2 2 2 2 2 2 2 2 2 2 2 2 2 2 2 2 2 2 2 2 2 2 2 2 2 2 2 2 2
left_child=1 -1 -3 -4 5 6 8 -8 -2 10 11 -6 13 15 19 -11 -14 26 -18 -15 -21 -20 23 24 25 27 -17 -23 29 -29
right_child=4 2 3 -5 9 -7 7 -9 -10 12 -12 -13 16 14 -16 17 18 -19 21 20 -22 22 -24 -25 -26 -27 -28 28 -30 -31
leaf_value=0.0073619517864952676 -0.014988706750254616 -0.0013110612500077108 -0.081315757875387293 -0.024342975710879379 -0.053281858955882444 0.090228865333531305 -0.061952200556236785 -0.17315376689951273 0.05088204152747481 0.011607580439480477 -0.0062451561051067635 -0.1280020440746949 -0.0037868705004262867 -0.087731728775236384 0.0023798410373572481 -0.14515425066675156 0.015768514527792214 0.0026420076334814913 -0.0069486088125801848 -0.039893439309591043 -0.035580636815060726 0.018557050871526915 -0.0043775791711336979 0.050345617468916262 0.018718205070770651 -0.06206060476828195 -0.011953905528528097 0.04335415995761098 0.0052010616127761249 -0.043696737455360901
leaf_weight=45598 672 8060 263 505 288 1134 139 53 1344 2112 26272 96 10272 237 288 97 5777 195 3109 284 55 1844 7667 4215 5814 120 92 320 1606 820
leaf_count=45598 672 8060 263 505 288 1134 139 53 1344 2112 26272 96 10272 237 288 97 5777 195 3109 284 55 1844 7667 4215 5814 120 92 320 1606 820
internal_value=0.000103519 0.000268806 -0.000658133 -0.0060026 -1.65504e-05 0.00154399 0.000108696 -0.00828125 0.000907738 -8.94103e-05 -0.000563475 -0.00802083 0.00019188 -0.0015625 -0.00663194 0.000192308 0.000333702 -0.00515625 0.000645852 -0.0100174 -0.00635693 0.000349794 0.000586004 0.0011802 0.000586279 -0.000658174 -0.010873 -0.00040305 -0.00155499 -0.00438596
internal_weight=129348 54426 8828 768 74922 3342 2208 192 2016 71580 26656 384 44924 3360 864 2496 41564 384 31292 576 339 25515 22406 14739 10524 4710 189 4590 2746 1140
internal_count=129348 54426 8828 768 74922 3342 2208 192 2016 71580 26656 384 44924 3360 864 2496 41564 384 31292 576 339 25515 22406 14739 10524 4710 189 4590 2746 1140
is_linear=0
shrinkage=0.05


Tree=235
num_leaves=31
num_cat=0
split_feature=8 9 9 0 7 3 4 10 9 0 0 7 11 7 8 7 11 11 0 0 11 4 4 3 8 8 0 7 3 9
split_gain=0.919022 2.4342 4.233 5.41875 3.61578 1.5125 1.45274 2.05528 5.44444 10.7655 7.34144 4.38691 2.01904 1.57058 1.49252 1.54099 1.67949 2.36138 3.91559 3.32657 1.42396 1.3822 7.96412 4.19145 3.54816 2.92103 3.54486 2.92201 2.83306 4.5751
threshold=43.550000000000004 35.273437500000007 35.062239583333344 79.500000000000014 30.812500000000004 0.58481550752069722 -0.99628250747696534 1.0000000180025095e-35 32.342708333333341 82.500000000000014 22.500000000000004 39.01250000000001 0.98138839572728742 34.88750000000001 34.45000000000001 31.112500000000004 1.0863116984423709 1.0315188957178159 56.500000000000007 50.500000000000007 1.067458542709339 -0.96234030595689413 -0.95242240592625282 -0.15101209918632377 36.650000000000013 31.950000000000003 68.500000000000014 25.912500000000005 -0.11692013674435776 28.778906250000002
decision_type=2 2 2 2 2 2 2 2 2 2 2 2 2 2 2 2 2 2 2 2 2 2 2 2 2 2 2 2 2 2
left_child=1 2 6 -4 20 -2 7 8 9 10 -1 12 -10 -14 -9 -16 17 19 -19 -17 -3 23 -23 -8 25 -25 27 -27 -29 -30
right_child=5 4 3 -5 -6 -7 21 14 11 -11 -12 -13 13 -15 15 16 -18 18 -20 -21 -22 22 -24 24 -26 26 -28 28 29 -31
leaf_value=-0.10649794974865774 -0.076010057679392479 -0.073682965844754228 -0.019638014118748014 -0.15616506475089242 0.066983192012099277 0.020288421729864579 0.048237359256367338 0.025714606424459094 -0.18328150585679909 -0.25105723442599187 0.0098624329359148777 -0.49620425943756863 0.089022116268897736 -0.047065301319519699 0.0069165094711822785 -0.063796561061516696 -0.0036128596222317639 -0.042786308989188282 -0.82338851625550624 0.092702349579189242 0.013816772964335401 -0.052203714615322527 0.0013533714465052752 0.059750309861918177 0.025764053284606639 0.038282108197690082 0.02178867290686283 0.0094540709547030807 -0.14420153050303261 -0.028418097739925086
leaf_weight=92 288 112 320 64 1261 192 3222 768 96 52 240 52 434 186 577 71 412 65 74 138 67 1536 112517 576 2109 233 1076 582 165 1771
leaf_count=92 288 112 320 64 1261 192 3222 768 96 52 240 52 434 186 577 71 412 65 74 138 67 1536 112517 576 2109 233 1076 582 165 1771
internal_value=0.000100427 0.000108561 8.54602e-05 -0.00515625 0.00215278 -0.00208333 0.000101304 -0.00094105 -0.00263889 -0.0075 -0.00418675 -0.000208333 0.000810056 0.00185484 -1.18763e-05 -0.00102094 -0.0025 -0.00505747 -0.0101079 -0.00169856 -0.00449721 0.000128729 7.99192e-05 0.000700637 -2.91767e-05 -0.000836929 -0.00133656 -0.00228826 -0.00278396 -0.00370351
internal_weight=129348 128868 127428 384 1440 480 127044 3257 1152 384 332 768 716 620 2105 1337 760 348 139 209 179 123787 114053 9734 6512 4403 3827 2751 2518 1936
internal_count=129348 128868 127428 384 1440 480 127044 3257 1152 384 332 768 716 620 2105 1337 760 348 139 209 179 123787 114053 9734 6512 4403 3827 2751 2518 1936
is_linear=0
shrinkage=0.05


Tree=236
num_leaves=31
num_cat=0
split_feature=3 9 8 8 8 10 9 4 0 4 7 7 7 3 0 0 11 0 8 8 7 9 3 1 8 8 10 7 1 0
split_gain=0.930261 4.71408 5.63698 6.00425 4.30671 4.27616 6.4584 4.57143 4.46577 4.17824 4.01143 3.86256 2.80584 2.8344 4.20514 2.75688 2.3818 2.45532 2.30476 2.29365 2.55335 2.1439 5.78223 6.59615 6.25 3.93518 3.79774 3.09033 3.87054 2.52083
threshold=-0.96235977360714686 25.370572916666671 33.150000000000013 31.150000000000002 30.750000000000004 1.0000000180025095e-35 27.252864583333338 0.17435360825960186 60.500000000000007 -0.25206183926700709 24.912500000000005 25.112500000000004 32.112500000000004 -0.98664820696349753 27.500000000000004 21.500000000000004 1.0891277928364806 73.500000000000014 32.95000000000001 35.350000000000001 25.912500000000005 26.352343750000006 -0.9954993026558282 2.5000000000000004 29.050000000000004 29.950000000000003 1.0000000180025095e-35 24.337500000000006 1.0000000180025095e-35 47.500000000000007
decision_type=2 2 2 2 2 2 2 2 2 2 2 2 2 2 2 2 2 2 2 2 2 2 2 2 2 2 2 2 2 2
left_child=1 -1 3 4 21 9 8 10 12 -5 -8 -10 13 15 18 -7 -12 -18 -15 -4 -21 22 -3 26 -25 -23 27 -24 -29 -27
right_child=-2 2 19 5 -6 6 7 -9 11 -11 16 -13 -14 14 -16 -17 17 -19 -20 20 -22 25 23 24 -26 29 -28 28 -30 -31
leaf_value=0.047475537532111284 0.0015219679557075213 0.047459184880278331 0.054743027194506723 -0.35269591191238803 0.043073001063214482 -0.031230753793565831 -0.088657275779343112 0.23352051428036891 -0.055833940548586695 0.018433878403558368 -0.033923004002561576 0.014342252447612225 -0.1125641885955304 -0.027178562909379773 0.0051934106895336384 -0.11116604068255527 0.057908540480200311 -0.08517218068767736 -0.11061104188013622 0.090576890183265424 -0.10001797291634135 0.053705025190765955 -0.068049400717065653 -0.029516377716308908 -0.081445129327124194 0.0046883444177586615 0.064675013811169774 -0.062837565889791044 0.02616661979022028 -0.054034924595237822
leaf_weight=1152 119172 576 1152 96 1152 66 74 192 78 864 791 202 50 84 123 109 221 66 56 83 109 864 91 288 288 384 288 78 215 384
leaf_count=1152 119172 576 1152 96 1152 66 74 192 78 864 791 202 50 84 123 109 221 66 56 83 109 864 91 288 288 384 288 78 215 384
internal_value=0.000103133 -0.000355739 -0.000740248 -0.00126302 -0.000121528 -0.00297526 -0.00423295 -0.00214286 -0.00789062 -0.000208333 -0.00333333 -0.00285714 -0.0107787 -0.00949772 -0.00621673 -0.0144286 -0.0025603 0.00134146 -0.0121429 0.00224702 -0.0028125 -0.00100405 -0.00218202 -0.00409455 -0.00802083 0.0003125 -0.000729166 -0.00398437 -0.00148464 -0.00229167
internal_weight=129348 10176 9024 7680 4608 3072 2112 1344 768 960 1152 280 488 438 263 175 1078 287 140 1344 192 3456 1824 1248 576 1632 672 384 293 768
internal_count=129348 10176 9024 7680 4608 3072 2112 1344 768 960 1152 280 488 438 263 175 1078 287 140 1344 192 3456 1824 1248 576 1632 672 384 293 768
is_linear=0
shrinkage=0.05


Tree=237
num_leaves=31
num_cat=0
split_feature=0 0 1 7 9 10 8 11 6 7 11 0 11 11 9 8 8 8 1 0 11 5 11 8 11 11 3 3 3 10
split_gain=0.940741 1.91292 2.20195 2.18918 2.95134 2.09169 3.25658 5.13181 1.91602 3.08987 1.99078 2.07846 1.95476 1.86735 2.64187 3.66242 2.46863 6.05835 1.86397 1.85206 2.59253 3.97001 3.45423 2.69027 2.41456 2.33499 2.05295 2.17713 2.94727 3.37654
threshold=8.5000000000000018 29.500000000000004 5.5000000000000009 30.087500000000006 33.361458333333339 1.0000000180025095e-35 40.850000000000001 1.0751037620239305 1.0000000180025095e-35 14.412500000000003 0.73745831416842689 76.500000000000014 0.82284707828887094 1.1250574444522627 31.50833333333334 38.45000000000001 35.45000000000001 34.550000000000004 1.0000000180025095e-35 72.500000000000014 1.0118133182750044 1.0000000180025095e-35 1.0165369992544311 19.550000000000004 0.95165181534458754 1.1500756134737387 0.61915405168109316 -0.99697703579879204 -0.78326540922535159 1.0000000180025095e-35
decision_type=2 2 2 2 2 2 2 2 2 2 2 2 2 2 2 2 2 2 2 2 2 2 2 2 2 2 2 2 2 2
left_child=-1 3 8 4 13 -6 -7 -8 10 -10 11 -3 -12 -2 15 16 17 18 -15 20 -4 22 -22 -24 26 -26 27 -21 -29 -30
right_child=1 2 19 -5 5 6 7 -9 9 -11 12 -13 -14 14 -16 -17 -18 -19 -20 24 21 -23 23 -25 25 -27 -28 28 29 -31
leaf_value=-0.0024145153736555508 0.0058976728352385351 -0.013788357298866691 0.040800621779493035 0.042883259318699983 -0.0027435598345683676 -0.01759964072679188 -0.15978767152366746 -0.0039546360945400868 -0.026210017512344211 0.018546693540289465 0.03429148085804503 -0.038247097874496379 -0.0018947066408959712 -0.06678563256160501 0.087703559404469902 -0.05337890021590054 0.13957288864442313 -0.12721518558119743 -0.0015170547645295997 0.11507113295282523 -0.14574802148963847 -0.13139080395297983 -0.062976265845181983 0.018005478241569197 0.006574493587194025 -0.13554917046161569 0.011045101319256319 -0.05241769280931078 -0.21510360753578325 0.0055470783035349502
leaf_weight=12132 25206 188 4943 1116 421 228 63 69 305 3718 1582 76 69798 63 180 83 126 84 671 69 86 129 258 3204 3653 92 253 161 161 230
leaf_count=12132 25206 188 4943 1116 421 228 63 69 305 3718 1582 76 69798 63 180 83 126 84 671 69 86 129 258 3204 3653 92 253 161 161 230
internal_value=9.84942e-05 0.000141875 2.78948e-05 0.000499824 0.000410753 -0.00261844 -0.00541667 -0.0116667 -7.61889e-05 0.000985583 -0.00013581 -0.0044697 -0.000119781 0.000500322 -0.00142088 -0.00240019 -0.00151483 -0.00251834 -0.00106267 0.000622781 0.00105568 5.03129e-05 0.000363585 0.000609474 -0.000185105 0.000367156 -0.00255149 -0.00409823 -0.00514493 -0.00280051
internal_weight=129348 117216 88906 28310 27194 781 360 132 75667 4023 71644 264 71380 26413 1207 1027 944 818 734 13239 8620 3677 3548 3462 4619 3745 874 621 552 391
internal_count=129348 117216 88906 28310 27194 781 360 132 75667 4023 71644 264 71380 26413 1207 1027 944 818 734 13239 8620 3677 3548 3462 4619 3745 874 621 552 391
is_linear=0
shrinkage=0.05


Tree=238
num_leaves=31
num_cat=0
split_feature=0 7 0 11 7 3 1 3 8 7 11 11 4 8 8 1 7 3 11 9 1 11 3 9 1 8 0 4 11 3
split_gain=0.908957 1.15396 1.1113 2.14416 4.88498 2.91903 5.74482 3.18421 6.01667 5.06674 2.64778 3.68019 2.52784 2.84006 4.22433 6.28946 9.15566 2.8002 2.57672 3.33746 2.91667 4.46429 2.3404 2.32356 2.83586 2.46618 2.19658 2.12179 6.60271 3.28325
threshold=1.5000000000000002 31.712500000000006 36.500000000000007 0.97260028685364042 8.2375000000000025 0.65233619298682533 3.5000000000000004 0.7090011537757156 33.050000000000004 22.387500000000006 0.94341039438002372 0.94187976625705427 -0.99052477729077237 29.150000000000002 27.250000000000004 3.5000000000000004 20.637500000000006 -0.99866806308218525 0.91987271837397533 25.754687500000003 2.5000000000000004 0.888018781778247 -0.99697703579879204 13.370572916666669 3.5000000000000004 17.850000000000005 11.500000000000002 0.99855310097228334 0.97407968238158804 -0.022576249993022688
decision_type=2 2 2 2 2 2 2 2 2 2 2 2 2 2 2 2 2 2 2 2 2 2 2 2 2 2 2 2 2 2
left_child=1 -1 3 4 -2 12 10 8 9 -8 11 -7 -6 14 23 16 -16 -15 19 26 21 -21 -5 24 -14 -26 -18 -24 -29 -30
right_child=2 -3 -4 22 5 6 7 -9 -10 -11 -12 -13 13 17 15 -17 18 -19 -20 20 -22 -23 27 -25 25 -27 -28 28 29 -31
leaf_value=-0.0050479191009403807 -0.054554700218291285 -0.069175676537333891 8.1596373609270375e-05 0.0536747705204252 -0.008602202990538094 0.002281712330172382 -0.075547358199360537 -0.0083317017223706463 0.013175306121827213 -0.12614572564967647 0.047124904367662604 -0.088696101909653588 0.14633821239037956 -0.062732475334863119 -0.039535937634290134 0.033798655734944227 -0.020000248338303623 0.041070025175363088 0.052218893998631236 0.03228710461467852 -0.1025227982034928 -0.10227300204438355 0.00084238420113388912 0.019366193643089405 -0.056555797124566889 -0.0051704577153447971 0.035866289772389648 -0.26802670527909028 -0.029372865603412724 -0.0012634563953255907
leaf_weight=2625 78 70 79468 385 770 875 77 1330 105 63 940 70 102 70 133 420 72 6633 151 70 70 70 31212 2290 85 105 169 70 70 700
leaf_count=2625 78 70 79468 385 770 875 77 1330 105 63 940 70 102 70 133 420 72 6633 151 70 70 70 31212 2290 85 105 169 70 70 700
internal_value=0.000101587 -0.00080705 0.000120921 0.000313129 0.000812992 0.000879346 -0.000390173 -0.00261905 -0.00785714 -0.0146429 0.00147215 -0.000396825 0.00127119 0.0014751 0.000370618 -0.00214286 -0.00493197 0.00209085 -0.00230897 -0.00420177 -0.00880952 -0.00464286 8.58589e-05 0.00149497 -0.00270548 -0.00631579 -0.000186722 3.93113e-05 -0.00244048 -0.0011039
internal_weight=129348 2695 126653 47185 14748 14670 3460 1575 245 140 1885 945 11210 10440 3737 1155 735 6703 602 451 210 140 32437 2582 292 190 241 32052 840 770
internal_count=129348 2695 126653 47185 14748 14670 3460 1575 245 140 1885 945 11210 10440 3737 1155 735 6703 602 451 210 140 32437 2582 292 190 241 32052 840 770
is_linear=0
shrinkage=0.05


Tree=239
num_leaves=31
num_cat=0
split_feature=0 0 1 6 4 0 9 9 10 10 3 4 0 10 4 9 4 1 9 11 4 10 4 9 1 7 3 4 8 7
split_gain=0.920614 1.94102 2.02254 1.90649 2.74248 1.90123 4.48749 3.8302 10.5081 3.68815 4.6437 4.9 2.99392 20.2636 7.10342 9.16348 4.49889 3.30023 3.12305 3.57819 4.00346 4.09091 3.1142 2.94533 2.66103 3.93725 8.65137 6.29374 4.17111 3.66066
threshold=8.5000000000000018 29.500000000000004 5.5000000000000009 1.0000000180025095e-35 0.66367808336324663 24.500000000000004 27.703125000000004 28.518489583333338 1.0000000180025095e-35 1.0000000180025095e-35 0.77788564761185042 1.0000000180025095e-35 19.500000000000004 1.0000000180025095e-35 0.89691351184655443 26.585416666666671 0.65071284653328287 1.0000000180025095e-35 11.341666666666669 1.0619294486449482 0.98174098242282837 1.0000000180025095e-35 0.87291090774974645 19.875000000000004 4.5000000000000009 23.412500000000005 0.69056404122701587 -0.15950993297387572 29.750000000000004 24.587500000000006
decision_type=2 2 2 2 2 2 2 2 2 2 2 2 2 2 2 2 2 2 2 2 2 2 2 2 2 2 2 2 2 2
left_child=-1 5 3 -3 -5 7 9 12 -9 10 -7 -12 18 14 15 16 17 -14 19 20 -2 -22 -18 -13 -20 -26 27 28 -27 -29
right_child=1 2 -4 4 -6 6 -8 8 -10 -11 11 23 13 -15 -16 -17 22 -19 24 -21 21 -23 -24 -25 25 26 -28 29 -30 -31
leaf_value=-0.0022795536651272373 0.027238917850606018 -0.0015376719652568779 0.0086003038921101515 0.02472614184764968 -0.012603607108707605 -0.0093376502888590004 0.053293190557693486 0.017811507032039816 -0.019710974256262209 0.021171134617202214 -0.079944636948739309 -0.092655893316132151 -0.081339110148076182 0.029354212570251989 0.0058557723202420052 0.033958820811766224 -0.028678675662227829 -0.056251410549307192 0.017330368394884679 0.006533081516093376 -0.025663867752128939 -0.02410118731553745 -0.05561388460668764 0.00050700050946674707 0.0087576416675990611 -0.069819856379165809 -0.12083793723303425 -0.015076204698289009 0.11204334318630571 -0.084450262993677416
leaf_weight=12132 77 71644 13239 2967 1056 1320 2910 3632 3959 2265 50 75 70 2669 495 240 395 440 6228 231 110 110 60 125 2180 110 71 54 375 59
leaf_count=12132 77 71644 13239 2967 1056 1320 2910 3632 3959 2265 50 75 70 2669 495 240 395 440 6228 231 110 110 60 125 2180 110 71 54 375 59
internal_value=9.81076e-05 0.000141022 2.62076e-05 -7.35457e-05 0.000985583 0.00050159 0.00123425 0.000272432 -0.000631669 0.000110822 -0.00175159 -0.008 0.000763561 -0.000321584 -0.00458824 -0.00665975 -0.0088342 -0.0120588 0.00125716 -0.00248106 -0.00611111 -0.00954545 -0.00521978 -0.0045 0.00147461 0.000208845 -0.00314649 -0.00118729 0.00128866 -0.0118142
internal_weight=129348 117216 88906 75667 4023 28310 6745 21565 7591 3835 1570 250 13974 4369 1700 1205 965 510 9605 528 297 220 455 200 9077 2849 669 598 485 113
internal_count=129348 117216 88906 75667 4023 28310 6745 21565 7591 3835 1570 250 13974 4369 1700 1205 965 510 9605 528 297 220 455 200 9077 2849 669 598 485 113
is_linear=0
shrinkage=0.05


Tree=240
num_leaves=31
num_cat=0
split_feature=0 4 0 3 4 8 1 7 9 0 4 0 3 11 3 11 7 8 3 0 4 0 10 8 3 1 11 11 7 11
split_gain=0.883666 1.65282 0.983409 2.23208 5.37662 3.52581 4.22148 6.68513 3.68691 3.4559 3.93362 3.21323 3.34105 3.07234 3.06567 2.86888 2.59487 3.63742 2.40286 2.34032 6.3946 3.33907 3.18434 3.14876 6.26759 2.77662 2.77289 3.79454 2.22585 2.07384
threshold=93.500000000000014 0.63755505330306683 73.500000000000014 0.28519915169571858 0.45847758937963173 30.450000000000003 2.5000000000000004 27.012500000000006 26.423697916666669 75.500000000000014 0.98005052076767474 83.500000000000014 -0.90529520250134576 0.90935105492399704 0.30164402523644185 0.90935105492399704 34.312500000000007 43.000000000000007 -0.98930078251469888 80.500000000000014 -0.48313741114591585 74.500000000000014 1.0000000180025095e-35 19.950000000000003 0.68432406471780916 4.5000000000000009 1.0234135063856429 0.94187976625705427 15.012500000000001 1.1538549292311382
decision_type=2 2 2 2 2 2 2 2 2 2 2 2 2 2 2 2 2 2 2 2 2 2 2 2 2 2 2 2 2 2
left_child=2 -2 -1 4 5 6 7 8 11 -6 -11 -4 -13 -12 -5 -8 17 19 -17 20 29 -22 25 -24 -25 26 27 -23 -27 -16
right_child=1 -3 3 14 9 -7 15 -9 -10 10 13 12 -14 -15 16 18 -18 -19 -20 -21 21 22 23 24 -26 28 -28 -29 -30 -31
leaf_value=0.0016662326328799404 0.0042193736587768918 0.03800988976219824 -0.062518828755492556 -0.10576276321101033 -0.019241586103431324 -0.00058358744126430179 0.043557151515354525 -0.42329136632396863 0.0084936454895220854 0.035264254945329969 -0.043666098872687679 0.002304274502348963 -0.059198705653985106 0.0022639494587349063 0.048374192933220532 -0.069537109452291621 0.11167432003816824 -0.10573812021584017 -0.014620215873022797 -0.0016986767237102398 0.019591108048632917 -0.1508494410370039 0.040127807929283534 -0.06330241551416213 -0.019971850468616947 -0.036170642446588706 -0.059274725040263355 -0.013157042893973179 -0.10735034038770125 -0.13169807824686638
leaf_weight=99709 1918 776 239 180 578 8507 380 50 231 3510 72 190 50 1620 1001 100 338 70 700 6694 333 60 204 108 888 59 149 366 175 93
leaf_count=99709 1918 776 239 180 578 8507 380 50 231 3510 72 190 50 1620 1001 100 338 70 700 6694 333 60 204 108 888 59 149 366 175 93
internal_value=9.50152e-05 0.000991091 7.59551e-05 -0.000192058 0.00017779 -0.000499186 -0.00242268 -0.00532895 -0.00408451 0.00140138 0.00180892 -0.00658664 -0.0025 -0.000171395 -0.000752006 -0.000550847 -0.000641488 -0.000784314 -0.00225 -0.000705824 -0.00176659 -0.00324082 -0.00400946 -0.002375 -0.00353414 -0.00643387 -0.00456522 -0.00251174 -0.0110256 0.0013894
internal_weight=129348 2694 126654 26945 16227 10447 1940 760 710 5780 5202 479 240 1692 10718 1180 10538 10200 800 10130 3436 2342 2009 1200 996 809 575 426 234 1094
internal_count=129348 2694 126654 26945 16227 10447 1940 760 710 5780 5202 479 240 1692 10718 1180 10538 10200 800 10130 3436 2342 2009 1200 996 809 575 426 234 1094
is_linear=0
shrinkage=0.05


Tree=241
num_leaves=31
num_cat=0
split_feature=0 11 8 1 11 7 3 8 4 11 4 7 8 11 3 3 9 11 3 8 8 8 7 8 10 5 7 9 3 4
split_gain=0.906365 1.96743 2.38095 1.96129 3.50422 3.56699 2.48558 2.82021 3.01342 2.81662 7.37524 2.41262 2.41231 2.28383 3.84941 2.12336 3.46406 2.41734 2.21612 2.2088 6.02038 7.04381 1.96 1.89062 3.16338 5.99775 6.44329 3.10162 2.76508 6.37824
threshold=9.5000000000000018 0.7641759112864478 29.050000000000004 5.5000000000000009 1.1102543501962845 8.2375000000000025 -0.89015004145349408 28.050000000000004 -0.26867065956352881 1.0359848163709104 0.1573897509163161 29.912500000000005 38.150000000000013 0.92180858479239347 -0.98046803196378884 0.36648264796514479 31.937760416666674 0.9796508072056479 0.9193901325473397 29.450000000000003 27.950000000000003 28.450000000000003 22.812500000000004 33.650000000000013 1.0000000180025095e-35 1.0000000180025095e-35 15.012500000000001 28.312500000000004 0.85673801594079257 0.41202506375868281
decision_type=2 2 2 2 2 2 2 2 2 2 2 2 2 2 2 2 2 2 2 2 2 2 2 2 2 2 2 2 2 2
left_child=1 2 -1 6 5 -5 7 22 -9 13 -11 23 -6 14 -10 19 17 18 -17 20 -7 -22 -3 24 -8 28 -27 -28 -26 -30
right_child=-2 3 -4 4 12 15 11 8 9 10 -12 -13 -14 -15 -16 16 -18 -19 -20 -21 21 -23 -24 -25 25 26 27 -29 29 -31
leaf_value=-0.00023151924964044673 0.0017237116639392557 -0.045305574314444839 -0.091287548281454411 -0.015785195871540848 -0.078250483677231891 0.0061443764848481686 0.018820705009142357 -0.026459498150152638 0.0064054271919703615 0.00061656839482086866 -0.12619140813611243 -0.0247269644234226 -0.0057650911196881309 0.034940938258171982 -0.056073572479720168 -0.011173599013309122 -0.26362444717197758 0.0056225470878257626 -0.022976506519141997 0.04176214222106063 -0.18510141051329737 -0.063139413141528891 -0.055157800310891528 0.016181751098643515 0.001154757327565571 -0.035615317226128117 0.0047266490165615675 -0.11244020399299787 -0.0048171733245141492 -0.033090346476893344
leaf_weight=70 115868 50 50 97 80 267 2668 310 140 160 50 664 50 630 90 130 67 376 80 740 50 70 50 2566 3125 56 104 50 520 120
leaf_count=70 115868 50 50 97 80 267 2668 310 140 160 50 664 50 630 90 130 67 376 80 740 50 70 50 2566 3125 56 104 50 520 120
internal_value=9.50152e-05 -0.000293027 -0.00666667 -0.000235778 -0.00167663 -0.0011268 1.89379e-05 -0.00189189 -0.00130435 -4.67288e-05 -0.00523809 0.000305378 -0.00961538 0.00122093 -0.00304348 -0.000617977 -0.00288668 -0.00165529 -0.00595238 0.00069654 -0.00236434 -0.0116667 -0.01 0.000515257 6.99987e-05 -0.000823899 -0.00904762 -0.00376623 -0.000365206 -0.00335937
internal_weight=129348 13480 120 13360 2007 1877 11353 1480 1380 1070 210 9873 130 860 230 1780 653 586 210 1127 387 120 100 9209 6643 3975 210 154 3765 640
internal_count=129348 13480 120 13360 2007 1877 11353 1480 1380 1070 210 9873 130 860 230 1780 653 586 210 1127 387 120 100 9209 6643 3975 210 154 3765 640
is_linear=0
shrinkage=0.05


Tree=242
num_leaves=31
num_cat=0
split_feature=9 9 0 8 3 0 7 3 0 0 3 0 4 10 9 0 0 7 11 7 7 4 4 3 8 8 0 0 8 7
split_gain=0.9476 4.01481 5.03706 2.45 1.70139 1.69345 1.56394 1.5626 2.33399 1.52098 1.36111 1.29048 1.1894 1.96408 4.87674 10.1923 6.42537 4.38691 2.01904 1.57058 1.38378 1.28197 6.41746 3.92985 3.00448 2.2533 3.21053 2.7367 3.53922 2.52079
threshold=35.273437500000007 35.062239583333344 80.500000000000014 42.800000000000004 0.58481550752069722 13.500000000000002 30.312500000000004 0.54940630780725741 57.500000000000007 78.500000000000014 0.29342972903661901 24.500000000000004 -0.99628250747696534 1.0000000180025095e-35 32.342708333333341 82.500000000000014 23.500000000000004 39.01250000000001 0.98138839572728742 34.88750000000001 26.987500000000004 -0.96234030595689413 -0.95242240592625282 -0.15101209918632377 36.650000000000013 31.950000000000003 68.500000000000014 78.500000000000014 30.950000000000003 25.812500000000004
decision_type=2 2 2 2 2 2 2 2 2 2 2 2 2 2 2 2 2 2 2 2 2 2 2 2 2 2 2 2 2 2
left_child=1 12 10 6 5 -5 -2 -7 -9 -6 -3 -12 13 14 15 16 -1 18 -16 -20 -15 23 -23 -14 25 27 29 -25 -29 -27
right_child=3 2 -4 4 9 7 -8 8 -10 -11 11 -13 21 20 17 -17 -18 -19 19 -21 -22 22 -24 24 -26 26 -28 28 -30 -31
leaf_value=-0.10111214338169246 -0.077043751190297979 -0.026430299327935544 -0.15026675097942205 -0.05240749535762227 0.04107295459652606 0.019118162696891705 0.061730866823515376 -0.23618329304770944 0.021590574931493686 -0.072465197667025 -0.058209552729877378 0.059989982968681257 0.045255906322524353 0.045764089223758547 -0.17625151851385182 -0.23846993820198523 0.0093138825943048353 -0.47147210296669018 0.083273156024569819 -0.04479009275454407 -0.003774759446660616 -0.048012539757271794 0.0012309164526019031 0.092032980010316262 0.023420046028881654 0.040038514684817755 0.022247308713593844 -0.041646618889737683 0.081830201201480504 -0.031728107071901164
leaf_weight=96 58 162 60 70 237 246 1094 88 76 51 50 112 3222 201 96 52 236 52 434 186 1904 1536 112517 474 2109 212 1076 51 51 2539
leaf_count=96 58 162 60 70 237 246 1094 88 76 51 50 112 3222 201 96 52 236 52 434 186 1904 1536 112517 474 2109 212 1076 51 51 2539
internal_value=9.54017e-05 7.87898e-05 -0.00502604 0.00119792 -0.000989583 -0.0028125 0.00265625 -0.00158537 -0.00536585 0.00204861 -0.00256173 0.000679013 9.42195e-05 -0.000848941 -0.00250868 -0.00710937 -0.00388554 -0.000208333 0.000810056 0.00185484 5.93826e-05 0.000119035 7.20281e-05 0.000669817 -3.68548e-05 -0.00078015 -0.00121897 0.00213542 -0.00529412 -0.00212468
internal_weight=129348 127428 384 1920 768 480 1152 410 164 288 324 162 127044 3257 1152 384 332 768 716 620 2105 123787 114053 9734 6512 4403 3827 576 102 2751
internal_count=129348 127428 384 1920 768 480 1152 410 164 288 324 162 127044 3257 1152 384 332 768 716 620 2105 123787 114053 9734 6512 4403 3827 576 102 2751
is_linear=0
shrinkage=0.05


Tree=243
num_leaves=31
num_cat=0
split_feature=9 9 0 8 7 3 3 1 7 8 4 10 9 0 0 7 11 7 8 4 10 4 11 11 9 8 0 9 4 11
split_gain=1.04831 3.41534 4.11736 2.33611 2.59795 1.49383 1.46701 1.46007 1.07409 1.86001 1.05915 1.67378 3.9171 8.10025 5.5825 3.76805 1.93633 1.23879 1.20582 1.35089 1.16179 4.31342 8.05304 6.95395 6.59799 7.03339 4.53828 4.36343 6.11573 5.09161
threshold=35.273437500000007 35.062239583333344 80.500000000000014 43.550000000000004 30.812500000000004 0.29342972903661901 0.58481550752069722 1.5000000000000002 40.162500000000009 41.650000000000013 -0.99628250747696534 1.0000000180025095e-35 32.342708333333341 82.500000000000014 23.500000000000004 39.01250000000001 0.98138839572728742 34.88750000000001 34.45000000000001 -0.99761278905001471 1.0000000180025095e-35 -0.52765736634565841 1.0819350045148084 0.81414011311459489 15.609895833333335 20.450000000000003 31.500000000000004 12.070312500000002 0.98174098242282837 1.0337793342305288
decision_type=2 2 2 2 2 2 2 2 2 2 2 2 2 2 2 2 2 2 2 2 2 2 2 2 2 2 2 2 2 2
left_child=1 10 5 4 -2 -3 7 -5 -6 -10 11 12 13 14 -1 16 -14 -18 -13 -20 21 22 23 -12 25 27 -25 28 -23 -29
right_child=3 2 -4 6 8 -7 -8 -9 9 -11 20 18 15 -15 -16 -17 17 -19 19 -21 -22 24 -24 26 -26 -27 -28 29 -30 -31
leaf_value=-0.096056536212607541 -0.037323148360228799 -0.025108784361539179 -0.14275341343045073 -0.016809945784190906 0.085898489154362614 0.015180215989171587 0.016179240730987487 -0.17427738813197852 -0.064941346193582425 0.08798086098128588 -0.10743353528722864 0.02278443283146098 -0.16743894258815928 -0.22654644129188656 0.0088481884645891917 -0.44789849781835589 0.079109498223341082 -0.042550588116817119 -0.0032291325224934777 -0.055171136371025088 -0.0001190604997632524 0.15873117659155359 -0.020661813991275431 0.069961412977261092 -0.0057745255383673186 0.082975760125095888 0.02484874546366158 0.0030939481861306066 -0.0042288023319249279 -0.041393270363920001
leaf_weight=96 179 162 60 192 931 162 192 96 107 223 480 768 96 52 236 52 434 186 1148 189 72721 1440 3838 4224 23806 2496 8446 3744 1536 1056
leaf_count=96 179 162 60 192 931 162 192 96 107 223 480 768 96 52 236 52 434 186 1148 189 72721 1440 3838 4224 23806 2496 8446 3744 1536 1056
internal_value=9.03765e-05 7.29041e-05 -0.00463542 0.00125 0.00225694 -0.00240741 -0.00177083 -0.00402778 0.0030571 0.000606061 8.71354e-05 -0.000802886 -0.00233507 -0.00645833 -0.00358434 -0.000273437 0.000670391 0.00169355 3.56296e-05 -0.000871354 0.000110553 0.000293346 0.000944196 0.00153232 -3.11049e-05 0.00102804 0.00175612 0.00028678 0.00179099 -0.000645833
internal_weight=129348 127428 384 1920 1440 324 480 288 1261 330 127044 3257 1152 384 332 768 716 620 2105 1337 123787 51066 16988 13150 34078 10272 12670 7776 2976 4800
internal_count=129348 127428 384 1920 1440 324 480 288 1261 330 127044 3257 1152 384 332 768 716 620 2105 1337 123787 51066 16988 13150 34078 10272 12670 7776 2976 4800
is_linear=0
shrinkage=0.05


Tree=244
num_leaves=31
num_cat=0
split_feature=9 9 0 8 0 3 3 0 7 7 3 7 8 3 7 11 1 9 7 3 3 0 0 3 8 4 11 9 1 9
split_gain=1.13439 3.2357 4.20696 2.1125 1.77107 1.96695 2.49138 1.54725 1.35088 1.3214 1.30969 1.24508 1.0698 3.83259 6.38487 8.23804 5.3855 3.74115 5.03424 5.03361 3.73671 5.1189 3.61648 9 3.27825 3.78936 3.12327 3.08192 3.59794 3.82346
threshold=35.273437500000007 35.062239583333344 80.500000000000014 42.800000000000004 86.500000000000014 0.57077594689671507 0.54940630780725741 22.500000000000004 31.112500000000004 41.412500000000016 0.29342972903661901 30.312500000000004 37.050000000000004 0.65233619298682533 27.487500000000004 1.0236468970418959 4.5000000000000009 32.128645833333344 31.912500000000005 0.60555468348150676 0.59177612190863982 47.500000000000007 68.500000000000014 0.63920241694561786 34.350000000000001 -0.99983123799342477 1.0741250120502992 31.50833333333334 4.5000000000000009 29.860156250000006
decision_type=2 2 2 2 2 2 2 2 2 2 2 2 2 2 2 2 2 2 2 2 2 2 2 2 2 2 2 2 2 2
left_child=1 12 8 11 5 6 7 -5 -3 -9 -10 -2 24 14 15 16 -14 18 19 -16 -19 -22 23 -23 -1 -26 -24 28 29 -15
right_child=3 2 -4 4 -6 -7 -8 9 10 -11 -12 -13 13 27 17 -17 -18 20 -20 -21 21 22 26 -25 25 -27 -28 -29 -30 -31
leaf_value=0.00037537044804595074 -0.071325406212771364 -0.02621957438636607 -0.13561574275892796 -0.048117834022412716 -0.083747531432341371 0.021269361920442497 -0.18841828634077873 0.19365578525379171 -0.02623642679895093 -0.074452302756241581 0.046183352662487458 0.056704602133951079 -0.042641013231587345 0.048050942764178678 -0.11868919696394552 -0.015093168643183622 -0.22574455321106149 0.0013524964707899226 8.8240279615764335e-05 0.047934261600650341 0.026316741486576031 -0.21931374093288289 -0.1748146928035359 0.0040464064524949874 -0.15205922038291206 0.014720318650010231 0.090719217156831247 0.039619737132127644 0.031705527482529534 -0.023130592368755643
leaf_weight=97303 58 66 60 69 72 348 87 130 141 62 117 1094 100 288 412 362 69 6524 545 108 237 84 80 63 96 14660 93 2761 1150 2109
leaf_count=97303 58 66 60 69 72 348 87 130 141 62 117 1094 100 288 412 362 69 6524 545 108 237 84 80 63 96 14660 93 2761 1150 2109
internal_value=9.57883e-05 7.76126e-05 -0.00450521 0.00130208 -0.000729166 4.31036e-05 -0.00261494 -0.000172414 -0.00225309 0.00213542 -0.000620155 0.00265625 9.14646e-05 -0.000305305 -0.000987092 -0.00629943 -0.0154142 -0.000640805 -0.00340376 -0.00692308 -0.00022525 -0.00415619 -0.00828125 -0.0140476 0.000144522 0.000838981 -0.0033815 0.00063253 -0.000342543 -0.00144556
internal_weight=129348 127428 384 1920 768 696 348 261 324 192 258 1152 127044 14985 8677 531 169 8146 1065 520 7081 557 320 147 112059 14756 173 6308 3547 2397
internal_count=129348 127428 384 1920 768 696 348 261 324 192 258 1152 127044 14985 8677 531 169 8146 1065 520 7081 557 320 147 112059 14756 173 6308 3547 2397
is_linear=0
shrinkage=0.05


Tree=245
num_leaves=31
num_cat=0
split_feature=9 9 0 8 0 3 0 3 7 0 8 8 7 1 7 9 9 7 8 1 3 9 0 7 0 10 3 7 8 3
split_gain=1.13512 2.38119 4.08179 2.1125 1.77107 1.56466 2.23109 2.51866 1.24508 1.15435 1.06961 7.10803 3.34717 2.2772 1.74893 3.10843 1.86545 1.87678 7.6887 9.44 2.3569 1.47512 2.70049 3.69061 3.54809 1.40282 2.13756 3.05941 1.34592 2.47462
threshold=35.273437500000007 35.062239583333344 80.500000000000014 42.800000000000004 86.500000000000014 0.57077594689671507 66.500000000000014 0.54940630780725741 30.312500000000004 12.500000000000002 39.650000000000013 39.750000000000007 39.287500000000016 2.5000000000000004 27.687500000000004 33.472395833333344 33.552604166666676 36.412500000000016 40.650000000000013 3.5000000000000004 0.52766072109828632 31.770312500000006 36.500000000000007 38.787500000000016 78.500000000000014 1.0000000180025095e-35 0.54940630780725741 29.012500000000006 38.95000000000001 0.77244481603295057
decision_type=2 2 2 2 2 2 2 2 2 2 2 2 2 2 2 2 2 2 2 2 2 2 2 2 2 2 2 2 2 2
left_child=1 10 9 8 5 6 7 -5 -2 -3 28 12 -12 21 15 -15 17 20 19 -19 -16 22 -13 24 -24 -23 27 -27 -1 -30
right_child=3 2 -4 4 -6 -7 -8 -9 -10 -11 11 13 -14 14 16 -17 -18 18 -20 -21 -22 25 23 -25 -26 26 -28 -29 29 -31
leaf_value=0.0010610544680045434 -0.06775913590213313 -0.044228381020789777 -0.12883495562098221 -0.017553241085592433 -0.079560154860723806 0.020205893824420205 0.16272581710976916 -0.28400026525854777 0.053869372027253684 -0.0094680913675033868 -0.073903152955813595 0.0096313739056893971 -0.37175636664298273 -0.0032358680518790742 -0.16922654690793146 -0.065147575807269861 0.0037237467461708781 -0.25135225340159101 0.068979156333254882 -0.061480318057205802 0.021133874510849804 0.053159530663482647 -0.15522059077923922 0.038063530807460944 -0.00085030216578375764 -0.084509577328978555 0.028482280298201837 -0.014292542878922596 0.048732861095476511 -0.021914468952619979
leaf_weight=119524 58 52 60 201 72 348 80 67 1094 272 423 111 54 162 90 83 1197 64 165 125 383 1440 63 63 51 74 566 403 1529 474
leaf_count=119524 58 52 60 201 72 348 80 67 1094 272 423 111 54 162 90 83 1197 64 165 125 383 1440 63 63 51 74 566 403 1529 474
internal_value=9.54017e-05 7.72203e-05 -0.00385417 0.00130208 -0.000729166 4.31036e-05 -0.00232759 -0.00451493 0.00265625 -0.0016358 8.91032e-05 -0.000591807 -0.00642558 -3.96824e-05 -0.00121419 -0.00520408 -0.000731225 -0.00255744 -0.00531073 -0.0121958 -0.000496829 0.00092205 -0.00246528 -0.00629943 -0.0116667 0.00131494 -8.14955e-05 -0.00254717 0.000120015 0.00140539
internal_weight=129348 127428 384 1920 768 696 348 268 1152 324 127044 5517 477 5040 2269 245 2024 827 354 189 473 2771 288 177 114 2483 1043 477 121527 2003
internal_count=129348 127428 384 1920 768 696 348 268 1152 324 127044 5517 477 5040 2269 245 2024 827 354 189 473 2771 288 177 114 2483 1043 477 121527 2003
is_linear=0
shrinkage=0.05


Tree=246
num_leaves=31
num_cat=0
split_feature=10 11 1 0 0 7 4 0 4 11 0 9 1 9 4 1 3 1 11 9 0 3 3 8 9 9 9 7 0 1
split_gain=0.948946 3.79177 4.2562 4.01872 5.14571 7.51237 10.117 7.57348 6.04761 7.71911 7.09831 6.71943 4.8631 4.1878 4.73064 4.10975 4.00327 5.68791 8.2451 6.08007 3.85344 3.84946 3.71704 4.88732 3.63903 3.54577 7.91411 6.16731 3.52761 3.39962
threshold=1.0000000180025095e-35 0.80519389663381347 5.5000000000000009 16.500000000000004 63.500000000000007 24.337500000000006 0.7487283477006671 31.500000000000004 0.5403928698825039 0.96985539426879674 23.500000000000004 22.632552083333337 2.5000000000000004 16.601302083333337 0.81800285027139286 1.5000000000000002 -0.39036798905311365 2.5000000000000004 0.99948647577224803 19.278385416666669 55.500000000000007 -0.26037633224328088 0.76140650896573492 41.550000000000004 19.116666666666671 26.111979166666668 26.352343750000006 28.912500000000005 7.5000000000000009 1.0000000180025095e-35
decision_type=2 2 2 2 2 2 2 2 2 2 2 2 2 2 2 2 2 2 2 2 2 2 2 2 2 2 2 2 2 2
left_child=1 2 -1 13 5 6 8 -7 -5 10 -10 -11 21 -3 28 -12 17 18 -16 -19 25 24 -6 -24 29 -9 27 -27 -15 -8
right_child=-2 3 -4 4 22 7 12 20 9 11 15 -13 -14 14 16 -17 -18 19 -20 -21 -22 -23 23 -25 -26 26 -28 -29 -30 -31
leaf_value=-0.01839776715705873 -0.00015676916873444825 0.053652110194625326 -0.60487435820335234 -0.016378658068563822 0.02010721615366922 0.051284136016098637 -0.012345153664448737 0.037307694716771179 -0.089814299681154119 -0.030191382738386442 -0.012450905678136078 -0.081509459810492235 0.014862615392969881 -0.0020815279282100662 -0.049326613541458737 -0.092279419440703891 0.12009573752171598 0.031936795744544451 -0.061925837144020002 -0.046473478874147281 -0.026480696209306209 -0.0091145659562177472 -0.0053977785620182971 -0.14622408745588553 0.0060143233983462772 -0.053783814252930086 -0.0010347998278333501 -0.12789974094161102 0.025893634897580422 -0.081310065909263957
leaf_weight=576 74922 2074 96 1908 14942 3828 176 2057 91 950 110 96 4047 3312 51 223 102 153 51 51 3311 2281 2912 64 158 65 6672 54 3726 289
leaf_count=576 74922 2074 96 1908 14942 3828 176 2057 91 950 110 96 4047 3312 51 223 102 153 51 51 3311 2281 2912 64 158 65 6672 54 3726 289
internal_value=9.15362e-05 0.000250432 -0.00348214 0.000297094 9.65323e-05 -0.000348457 -0.00139946 0.000330581 -0.00364417 -0.00605442 -0.0117453 -0.00374761 -0.000308588 0.00122899 0.000675531 -0.00836336 -0.00455882 -0.0074183 -0.0170588 -0.00259804 -0.000280039 -0.00186983 0.000750084 -0.000863575 -0.00535313 0.000264467 -0.000286408 -0.0130672 0.000978971 -0.00758064
internal_weight=129348 54426 672 53754 44234 26316 10329 15987 3378 1470 424 1046 6951 9520 7446 333 408 306 102 204 12159 2904 17918 2976 623 8848 6791 119 7038 465
internal_count=129348 54426 672 53754 44234 26316 10329 15987 3378 1470 424 1046 6951 9520 7446 333 408 306 102 204 12159 2904 17918 2976 623 8848 6791 119 7038 465
is_linear=0
shrinkage=0.05


Tree=247
num_leaves=31
num_cat=0
split_feature=10 0 0 4 3 4 3 11 9 8 1 4 1 8 9 8 8 7 11 4 0 8 3 4 11 0 11 8 9 7
split_gain=1.04548 3.54183 4.33575 15.357 5.58172 6.16966 5.22895 4.11793 3.87099 3.75926 6.41026 4.0625 3.77064 3.61557 4.3306 11.6765 4.37428 4.19495 4.01541 4.00009 9.28437 3.89768 3.57867 3.57829 3.70591 3.60337 3.36558 4.60248 5.68362 4.53964
threshold=1.0000000180025095e-35 16.500000000000004 42.500000000000007 -0.49812626372919411 -0.87395131947920313 0.7487283477006671 0.9193901325473397 1.0186930070003879 16.601302083333337 29.050000000000004 5.5000000000000009 0.55478649335567887 1.5000000000000002 24.250000000000004 17.220572916666669 24.650000000000002 24.850000000000005 23.562500000000004 1.0118133182750044 0.77652048701313048 74.500000000000014 19.150000000000002 0.59177612190863982 0.81800285027139286 1.0368621852004558 9.5000000000000018 0.84409739968617681 31.050000000000004 27.666406250000005 28.687500000000004
decision_type=2 2 2 2 2 2 2 2 2 2 2 2 2 2 2 2 2 2 2 2 2 2 2 2 2 2 2 2 2 2
left_child=1 8 3 -3 -5 6 7 9 -1 12 11 -11 -6 21 15 -15 18 -17 19 -16 -21 22 -4 25 -25 -10 27 28 -2 -30
right_child=26 2 13 4 5 -7 -8 -9 23 10 -12 -13 -14 14 16 17 -18 -19 -20 20 -22 -23 -24 24 -26 -27 -28 -29 29 -31
leaf_value=0.048794588667736782 0.012630457068076008 0.034115168030075353 0.0032442036214957387 0.010117770292042784 -0.016226455503967615 -0.012654024888339187 -0.011663092227768079 -0.023276967247198327 -0.00071167427535986081 -0.069804702447188935 0.082956879915140613 -0.092841785876575267 -0.065877499979499834 0.10651267673298184 -0.031019948998782371 -0.11149866256368982 0.0055403346377635382 -0.029260939198610086 0.16361481702916117 -0.12986361637672048 0.024524796846911598 0.036088856749214686 -0.15990916017534637 -0.0051001477372473042 -0.058785650786197012 0.029650169331006827 -0.000888320729543652 0.081163509859206159 -0.062217423265544795 -0.166208826572632
leaf_weight=2091 2016 5668 2756 1820 364 4108 1222 468 4200 208 52 52 780 159 371 139 21830 73 106 96 63 4399 53 323 85 2940 71580 1134 139 53
leaf_count=2091 2016 5668 2756 1820 364 4108 1222 468 4200 208 52 52 780 159 371 139 21830 73 106 96 63 4399 53 323 85 2940 71580 1134 139 53
internal_value=9.92673e-05 0.000266049 7.89293e-05 -0.000623389 -0.00189883 -0.00251999 -0.00418627 -0.00581081 0.00113549 -0.00712225 -0.0119872 -0.0151923 -0.00579545 0.000423532 0.000115383 -0.00524259 0.000203864 -0.0129245 -0.00388365 -0.00566038 -0.0122956 0.00139983 -5.51796e-05 0.000608108 -0.00394608 0.000868348 -2.18892e-05 0.00152902 0.000199276 -0.00802083
internal_weight=129348 54426 44787 14742 9074 7254 3146 1924 9639 1456 312 260 1144 30045 22837 371 22466 212 636 530 159 7208 2809 7548 408 7140 74922 3342 2208 192
internal_count=129348 54426 44787 14742 9074 7254 3146 1924 9639 1456 312 260 1144 30045 22837 371 22466 212 636 530 159 7208 2809 7548 408 7140 74922 3342 2208 192
is_linear=0
shrinkage=0.05


Tree=248
num_leaves=31
num_cat=0
split_feature=10 11 1 0 0 7 4 0 1 4 11 0 8 11 4 9 9 1 3 9 9 3 3 8 0 4 11 4 1 9
split_gain=0.955913 3.35884 3.57143 3.52539 4.69398 5.7444 8.52542 6.44388 4.40607 4.27524 6.04276 4.96185 4.8092 4.77926 4.01568 4.00173 5.91202 3.65493 3.55885 3.53248 6.71236 10.401 3.52644 4.3559 3.25951 3.10835 4.11188 3.86671 3.56543 4.66759
threshold=1.0000000180025095e-35 0.80519389663381347 5.5000000000000009 17.500000000000004 63.500000000000007 24.337500000000006 0.7487283477006671 29.500000000000004 2.5000000000000004 0.55478649335567887 0.96985539426879674 23.500000000000004 26.850000000000005 1.0221204649632492 -0.82413948779581736 29.475000000000001 29.557031250000005 1.5000000000000002 0.41398981800788198 28.518489583333338 28.997135416666673 -0.36647417525074694 0.76140650896573492 41.550000000000004 54.500000000000007 -0.5129677127369543 1.0814227493461281 -0.77243990499604276 4.5000000000000009 29.813541666666669
decision_type=2 2 2 2 2 2 2 2 2 2 2 2 2 2 2 2 2 2 2 2 2 2 2 2 2 2 2 2 2 2
left_child=1 2 -1 15 5 6 9 -7 18 -5 11 -11 -12 -14 19 -3 -17 -13 -8 -9 21 -21 -6 -24 -22 27 28 -18 29 -27
right_child=-2 3 -4 4 22 7 8 14 -10 10 12 17 13 -15 -16 16 25 -19 -20 20 24 -23 23 -25 -26 26 -28 -29 -30 -31
leaf_value=-0.017743304518873706 -0.00015682813017071288 0.024623730667789862 -0.57490765702507352 -0.017776888649940998 0.018686164025718405 0.05189189305731351 -0.03571744555361421 0.17962119727440551 0.014148550466210892 -0.083379933014288921 0.00058600320508547191 -0.011017037619032263 -0.063630010077938101 -0.010482938459652641 0.0071230583334384243 -0.10346524711009669 -0.003885128773389901 -0.085085752997137915 0.026958404427348162 -0.18667498971801905 -0.01008451466929264 -0.010155090771567045 -0.0054049063658062066 -0.13918989981497953 -0.057563566713080251 0.037292034330505652 0.075015084157720333 0.060603334259209968 0.18552509741572154 -0.046279830554786766
leaf_weight=576 74922 6732 96 1836 14942 3001 2124 204 3956 78 516 110 274 176 8260 72 2142 223 714 68 3025 102 2912 64 1089 54 108 702 54 216
leaf_count=576 74922 6732 96 1836 14942 3001 2124 204 3956 78 516 110 274 176 8260 72 2142 223 714 68 3025 102 2912 64 1089 54 108 702 54 216
internal_value=9.46286e-05 0.000254107 -0.00325893 0.000298025 0.000103494 -0.000328855 -0.00126561 0.000266366 -0.000261996 -0.0033878 -0.00549383 -0.0105718 -0.00333333 -0.00711111 -0.000224349 0.00114087 -0.000271804 -0.00791291 -0.00176533 -0.00142825 -0.00173436 -0.0114706 0.000724969 -0.000846774 -0.00133204 3.96827e-05 -0.00391204 0.000639944 -0.00672839 -0.00907407
internal_weight=129348 54426 672 53754 43674 25756 10007 15749 6794 3213 1377 411 966 450 12748 10080 3348 333 2838 4488 4284 170 17918 2976 4114 3276 432 2844 324 270
internal_count=129348 54426 672 53754 43674 25756 10007 15749 6794 3213 1377 411 966 450 12748 10080 3348 333 2838 4488 4284 170 17918 2976 4114 3276 432 2844 324 270
is_linear=0
shrinkage=0.05


Tree=249
num_leaves=31
num_cat=0
split_feature=0 7 0 11 9 11 1 7 8 8 8 3 4 10 4 9 8 0 9 3 3 7 0 4 7 3 0 10 0 8
split_gain=1.01308 1.13378 1.13254 2.31234 6.39696 4.13857 5.83333 10.0762 3.13469 4.82857 2.31955 4.44847 3.22165 2.9648 8.47476 2.66261 8.49084 3.48662 3.28588 2.51806 2.49135 2.23187 8.57166 2.71058 2.22878 2.39904 2.88682 3.27319 2.34352 2.19429
threshold=1.5000000000000002 31.712500000000006 36.500000000000007 0.98229519356535999 12.247135416666669 0.98315999032224444 2.5000000000000004 27.587500000000006 17.650000000000002 17.450000000000003 29.150000000000002 -0.11692013674435776 0.67644692717078936 1.0000000180025095e-35 0.61067742788105683 28.071614583333339 34.250000000000007 22.500000000000004 25.782291666666669 -0.99866806308218525 0.94978112945126536 15.012500000000001 17.500000000000004 -0.10837475778693638 12.062500000000002 0.1169228398841501 21.500000000000004 1.0000000180025095e-35 27.500000000000004 32.750000000000007
decision_type=2 2 2 2 2 2 2 2 2 2 2 2 2 2 2 2 2 2 2 2 2 2 2 2 2 2 2 2 2 2
left_child=1 -1 3 4 8 6 29 -8 9 -2 12 19 13 14 21 18 17 -17 20 -12 -13 22 -6 -23 25 26 -14 28 -28 -5
right_child=2 -3 -4 5 10 -7 7 -9 -10 -11 11 15 24 -15 -16 16 -18 -19 -20 -21 -22 23 -24 -25 -26 -27 27 -29 -30 -31
leaf_value=-0.0046526716569433814 -0.009800170757188198 -0.060630608450403717 1.1416003826093521e-05 0.095534436145184989 0.028021107651518891 0.0010120377733799232 -0.086055152176878758 0.023820242894181651 -0.002303617352167464 -0.083964604710084961 -0.055610153775300819 -0.06170815326771642 -7.552386330165102e-05 0.0010916006772028681 -0.038918472610327493 -0.048981400950689036 0.011845031938707434 -0.030397410260335551 0.053042923456569468 0.042364631872480768 0.0016265137944587095 -0.04096433087243205 -0.06939505594171369 0.010731415980371448 0.02385918432385899 0.015012936284117779 -0.10487753339155637 -0.0061018716263577192 -0.080952741245134283 -0.06466755891675062
leaf_weight=2625 70 70 79468 105 122 29707 84 56 105 70 70 105 303 1960 140 441 2344 294 905 5689 560 105 107 576 2228 666 56 92 50 175
leaf_count=2625 70 70 79468 105 122 29707 84 56 105 70 70 105 303 1960 140 441 2344 294 905 5689 560 105 107 576 2228 666 56 92 50 175
internal_value=9.65614e-05 -0.000862709 0.000116973 0.00031101 0.000776176 4.76319e-05 -0.00488095 -0.0132143 -0.0072449 -0.0121429 0.000893059 0.00135377 0.000144419 -0.00104651 -0.00319048 0.00020327 -0.000651185 -0.00534014 0.00187898 0.00228251 -0.000789473 -0.00142857 -0.00569869 7.34233e-06 0.00120029 -0.000569837 -0.00318363 -0.00787879 -0.0138679 -0.000714286
internal_weight=129348 2695 126653 47185 17058 30127 420 140 245 140 16813 10408 6405 3010 1050 4649 3079 735 1570 5759 665 910 229 681 3395 1167 501 198 106 280
internal_count=129348 2695 126653 47185 17058 30127 420 140 245 140 16813 10408 6405 3010 1050 4649 3079 735 1570 5759 665 910 229 681 3395 1167 501 198 106 280
is_linear=0
shrinkage=0.05


Tree=250
num_leaves=31
num_cat=0
split_feature=0 9 4 7 0 1 11 3 3 7 7 10 11 11 8 3 3 3 0 3 7 3 8 7 10 3 7 8 4 3
split_gain=1.02869 2.06559 2.21288 1.61441 1.53728 1.88362 2.36291 2.9898 3.73165 2.2439 2.12317 2.04167 2.03412 4.47518 7.05385 3.59622 3.33497 3.70161 5.07815 4.15416 3.24428 4.15231 6.60584 3.00443 5.86833 2.85458 4.25558 2.73895 2.65395 2.50001
threshold=4.5000000000000009 27.237760416666671 0.65071284653328287 25.612500000000004 31.500000000000004 1.0000000180025095e-35 0.9040579196039068 0.47559651477048942 0.17646842360078763 29.712500000000006 31.112500000000004 1.0000000180025095e-35 0.97260028685364042 0.98278088755484905 34.150000000000013 -0.39036798905311365 -0.21861968191509915 0.54940630780725741 60.500000000000007 -0.159513159777915 29.212500000000006 -0.49813634056773481 25.050000000000004 26.537500000000005 1.0000000180025095e-35 0.35846314187849709 12.062500000000002 21.950000000000003 0.20812153622207724 -0.76141707087277943
decision_type=2 2 2 2 2 2 2 2 2 2 2 2 2 2 2 2 2 2 2 2 2 2 2 2 2 2 2 2 2 2
left_child=1 2 -1 -3 -2 6 7 8 9 -6 -11 -9 27 14 23 20 -17 18 19 -18 21 -15 -23 -14 -25 -20 -27 -8 -26 -29
right_child=4 3 -4 -5 5 -7 12 11 -10 10 -12 -13 13 15 -16 16 17 -19 25 -21 -22 22 -24 24 28 26 -28 29 -30 -31
leaf_value=-0.015512761303724937 0.0034509414260712984 0.047832363483069879 -0.00059734864116383149 -0.00062047296061437099 -0.019095744575641439 0.0014873643430324745 -0.028658326063506292 -0.031248393226934148 -0.092828986705412564 -0.15065152986061281 -0.025518386658398052 0.16128508405715647 0.025477332264305499 -0.035374096316852364 -0.13094027811432415 0.062248875832962562 -0.30355889919746559 0.013848693175087301 0.025567992364868203 -0.050625243861161552 -0.001489866687009898 0.012424392419306873 -0.13636370989027549 0.040036893602783924 -0.078913771779700603 -0.055092476216163339 -0.019928148630363046 -0.0067256759537056487 -0.041129691040200637 0.051302883502161993
leaf_weight=1680 36400 533 1900 2627 753 73987 320 192 128 59 148 192 194 719 64 640 58 2685 735 928 776 64 105 108 64 52 403 1024 82 1728
leaf_count=1680 36400 533 1900 2627 753 73987 320 192 128 59 148 192 194 719 64 640 58 2685 735 928 776 64 105 108 64 52 403 1024 82 1728
internal_value=9.6948e-05 -0.000504451 -0.00132682 0.000427215 0.000130008 1.4964e-05 -0.000560101 -0.00243886 -0.00377757 -0.00270833 -0.00731884 0.00135417 -0.000302819 -0.000737918 -0.00525391 -0.000415213 0.000200873 -0.000245834 -0.00177849 -0.00443205 -0.00245192 -0.00451577 -0.011568 -0.00303571 -0.00661417 0.000420168 -0.00269231 0.000784505 -0.0131507 0.0012936
internal_weight=129348 6740 3580 3160 122608 86208 12221 1472 1088 960 207 384 10749 7677 512 7165 5501 4861 2176 986 1664 888 169 448 254 1190 455 3072 146 2752
internal_count=129348 6740 3580 3160 122608 86208 12221 1472 1088 960 207 384 10749 7677 512 7165 5501 4861 2176 986 1664 888 169 448 254 1190 455 3072 146 2752
is_linear=0
shrinkage=0.05


Tree=251
num_leaves=31
num_cat=0
split_feature=0 10 7 3 0 3 4 8 4 0 8 0 11 9 9 1 7 7 8 4 4 0 4 4 9 1 11 11 7 4
split_gain=0.98962 1.52637 1.61422 1.5839 1.15769 2.1446 5.24108 3.46535 3.44079 3.94256 2.90361 2.69503 2.69282 2.54137 8.53477 3.00073 2.92128 2.44206 4.04004 2.34563 2.22279 2.0613 5.56236 2.41175 3.37338 2.24565 2.03077 4.3748 5.82127 3.72308
threshold=93.500000000000014 1.0000000180025095e-35 22.062500000000004 -0.21861968191509915 73.500000000000014 0.28519915169571858 0.45847758937963173 26.850000000000005 0.98005052076767474 75.500000000000014 33.750000000000007 80.500000000000014 0.90935105492399704 32.080989583333341 32.651041666666671 1.5000000000000002 34.01250000000001 34.88750000000001 43.000000000000007 0.44312301391210612 0.90803977035715633 77.500000000000014 -0.27694043983797384 -0.074115882986646633 26.423697916666669 1.0000000180025095e-35 0.95301643267371083 0.95864859668410973 9.4625000000000039 -0.29342786347392819
decision_type=2 2 2 2 2 2 2 2 2 2 2 2 2 2 2 2 2 2 2 2 2 2 2 2 2 2 2 2 2 2
left_child=4 -2 -3 -4 26 6 7 -6 9 -8 19 -12 -10 -13 15 -15 -16 18 20 21 -7 22 -9 24 -23 -24 29 28 -28 -1
right_child=1 2 3 -5 5 17 8 10 12 -11 11 13 -14 14 16 -17 -18 -19 -20 -21 -22 23 25 -25 -26 -27 27 -29 -30 -31
leaf_value=0.018029360704619701 0.038483619144928455 0.020764820090143635 -0.047345587579862951 0.015819303128474956 -0.03656318646803209 -0.0059032467133504161 -0.019392726239068424 -0.0055043760313917981 -0.047587967245387996 0.032793892623436821 0.060190019147031398 0.021063003117049169 1.1455445703390712e-05 -0.19935858983877663 0.045447343342653768 -0.043660117303546048 -0.086332331598762857 0.11455734616258745 -0.10262740746896107 -0.033891719575248468 -0.034993122877759381 -0.045083605618632366 -0.09771678705255972 0.01141243761620165 -0.0083029830829324421 -0.043458111785348204 -0.059206598381590918 0.00093373721878171618 -0.020849795614503681 -0.0010278085941671745
leaf_weight=11740 1134 641 451 468 60 9656 390 948 80 3510 1062 1244 1800 65 510 91 75 259 83 60 720 224 76 1472 4128 432 68 75167 1264 11470
leaf_count=11740 1134 641 451 468 60 9656 390 948 80 3510 1062 1244 1800 65 510 91 75 259 83 60 720 224 76 1472 4128 432 68 75167 1264 11470
internal_value=9.84942e-05 0.00104677 3.20515e-05 -0.00131121 7.83238e-05 -0.00021247 0.000150059 -0.00051833 0.00135813 0.00220513 -0.000449119 0.000848376 -0.000398936 -0.000239295 -0.00255735 -0.0129487 0.000213675 -0.000761336 -0.000880103 -0.000987738 -0.000792213 -0.000906593 -0.00258929 -0.00048592 -0.00107767 -0.00681102 0.000156907 3.2615e-05 -0.00280781 0.000566566
internal_weight=129348 2694 1560 919 126654 26945 16227 10447 5780 3900 10387 3047 1880 1985 741 156 585 10718 10459 7340 10376 7280 1456 5824 4352 508 99709 76499 1332 23210
internal_count=129348 2694 1560 919 126654 26945 16227 10447 5780 3900 10387 3047 1880 1985 741 156 585 10718 10459 7340 10376 7280 1456 5824 4352 508 99709 76499 1332 23210
is_linear=0
shrinkage=0.05


Tree=252
num_leaves=31
num_cat=0
split_feature=11 11 11 7 7 9 1 0 9 9 0 3 0 1 0 3 9 1 0 4 11 7 8 3 11 3 4 10 0 8
split_gain=0.929359 1.92141 3.1597 2.65625 2.66488 2.59667 1.94351 2.27961 1.81481 1.25 1.32514 1.14006 1.09601 2.4 1.35055 2.16569 1.07022 1.54569 0.965663 1.35942 0.931487 3.17051 4.37514 3.59152 4.11519 3.06276 2.4128 2.90437 2.32919 4.29828
threshold=1.2071527841224958 1.1649345393363679 1.1538549292311382 27.987500000000004 38.562500000000007 28.836718750000006 5.5000000000000009 68.500000000000014 34.603385416666676 32.651041666666671 77.500000000000014 -0.048361574224334618 45.500000000000007 1.5000000000000002 11.500000000000002 0.3261394409934788 32.982031250000013 4.5000000000000009 93.500000000000014 0.63755505330306683 1.0145048597912061 11.437500000000002 18.850000000000005 0.47559651477048942 1.0065665091727494 0.44505654568748165 0.9989598388634241 1.0000000180025095e-35 37.500000000000007 37.350000000000001
decision_type=2 2 2 2 2 2 2 2 2 2 2 2 2 2 2 2 2 2 2 2 2 2 2 2 2 2 2 2 2 2
left_child=1 2 18 -4 11 -3 -7 -8 9 12 -11 -5 14 -14 -2 -16 -13 -18 20 -20 21 23 -23 24 26 -26 -1 -28 29 -24
right_child=8 5 3 4 -6 6 7 -9 -10 10 -12 16 13 -15 15 -17 17 -19 19 -21 -22 22 28 -25 25 -27 27 -29 -30 -31
leaf_value=-0.023755598437437644 0.033913361455786911 -0.076821097394564844 -0.042125256196225758 -0.23910282329665714 -0.19047433660828486 0.065629948129142412 0.034713318409373368 -0.3359413112854438 -0.074997211657868851 0.076995942724541466 -0.042958480985151939 0.093086918592670168 -0.06288677845420397 0.10345522673407331 0.0074834325813085273 -0.092851432476215578 0.026409593121246411 -0.11295822662421705 0.0056252226797357269 0.034422184465808241 -0.00067900337342659159 0.027558191441229063 0.0078278717188319993 0.013802462833349287 0.018051841509918756 -0.040717678750013413 0.14537658064488679 -0.0082144123995563229 -0.0003291260971133201 -0.019869126523683885
leaf_weight=2086 60 96 133 57 51 1056 138 54 96 234 54 218 100 150 68 102 117 96 1858 776 50855 2495 23562 1058 514 62 196 198 40762 2046
leaf_count=2086 60 96 133 57 51 1056 138 54 96 234 54 218 100 150 68 102 117 96 1858 776 50855 2495 23562 1058 514 62 196 198 40762 2046
internal_value=9.50152e-05 0.000106006 8.61257e-05 -0.00333333 -0.0017718 0.00198661 0.00259615 -0.00203125 -0.00153935 -0.000729166 0.001875 -0.000635246 -0.00229167 1.86265e-10 -0.00478261 -0.00705882 0.00024362 -0.002277 0.000104295 0.00105163 8.41451e-05 0.000198619 0.00027917 -0.00114973 -0.00201898 0.00178819 -0.00290323 0.000685279 0.000201899 0.000575602
internal_weight=129348 128484 127140 672 539 1344 1248 192 864 768 288 488 480 250 230 170 431 213 126468 2634 123834 72979 68865 4114 3056 576 2480 394 66370 25608
internal_count=129348 128484 127140 672 539 1344 1248 192 864 768 288 488 480 250 230 170 431 213 126468 2634 123834 72979 68865 4114 3056 576 2480 394 66370 25608
is_linear=0
shrinkage=0.05


Tree=253
num_leaves=31
num_cat=0
split_feature=10 3 4 7 11 8 9 7 11 3 11 1 4 4 3 0 0 0 0 4 8 4 9 0 3 8 3 7 1 1
split_gain=0.978067 3.34926 7.48362 5.39708 2.98998 4.45259 5.23862 4.05526 3.87525 3.55256 4.30792 7.0875 3.75982 3.7017 7.3757 4.65301 4.91838 5.85189 5.06678 9.40532 10.0761 5.89794 4.61395 8.80476 4.18456 9.39307 7.98413 4.68003 5.15651 4.28237
threshold=1.0000000180025095e-35 0.76696112484652035 0.55478649335567887 16.212500000000006 0.84409739968617681 31.050000000000004 27.666406250000005 28.687500000000004 0.7641759112864478 -0.99372698525316483 0.96595727420028521 4.5000000000000009 0.071972700440407641 -0.54219087765047058 -0.81923160956083974 10.500000000000002 67.500000000000014 57.500000000000007 37.500000000000007 0.029024409397335523 31.150000000000002 0.35645927230573393 30.289583333333336 45.500000000000007 0.13398903995667991 25.650000000000002 0.7210268013660811 18.262500000000006 3.5000000000000004 4.5000000000000009
decision_type=2 2 2 2 2 2 2 2 2 2 2 2 2 2 2 2 2 2 2 2 2 2 2 2 2 2 2 2 2 2
left_child=1 -1 -3 -4 5 6 8 -8 -2 10 11 -6 -12 14 -11 -15 17 18 -17 22 21 -21 -20 -24 -23 26 27 -26 -29 -30
right_child=4 2 3 -5 9 -7 7 -9 -10 13 12 -13 -14 15 -16 16 -18 -19 19 20 -22 24 23 -25 25 -27 -28 28 29 -31
leaf_value=0.0062030994959781675 -0.013651255505623634 -0.0012124453938007324 -0.070389949277527952 -0.020093855888290491 -0.012173809018257752 0.07504515728491537 -0.06210738419682648 -0.15434705269827317 0.046512830436845565 -0.068785826249620027 0.016668410531644012 -0.055300776471277881 -0.061305959487753726 -0.0050160815660418257 -0.0055976412088539224 0.010725779169720943 -0.0033447771468065172 0.045071244816095174 0.053255959976316838 0.098545438630706333 -0.043350695084156725 0.00099805001577063339 -0.076427186909828582 0.027665207363608824 -0.014162574051429866 -0.0567703086377261 0.18616436423295188 -0.025980443124203945 -0.18215216388725997 -0.073441432087897343
leaf_weight=45598 672 8060 263 505 672 1134 139 53 1344 384 864 288 384 4895 26272 12015 12460 4450 2137 800 720 2719 56 84 894 440 420 345 83 198
leaf_count=45598 672 8060 263 505 672 1134 139 53 1344 384 864 288 384 4895 26272 12015 12460 4450 2137 800 720 2719 56 84 894 440 420 345 83 198
internal_value=9.46286e-05 0.000255944 -0.000635478 -0.00535156 -2.25566e-05 0.00143926 0.000131341 -0.00776042 0.000882937 -9.08073e-05 -0.00206522 -0.00458333 -0.000128205 -2.7965e-05 -0.000490321 0.000260558 0.000448296 0.000847956 0.000497585 -0.000406924 -0.00136048 -0.000678928 0.00236495 -0.00642857 -0.00130516 -0.00283613 -0.00134021 -0.00302632 -0.00634185 -0.0113701
internal_weight=129348 54426 8828 768 74922 3342 2208 192 2016 71580 2208 960 1248 69372 26656 42716 37821 25361 20911 8896 6619 5899 2277 140 5099 2380 1940 1520 626 281
internal_count=129348 54426 8828 768 74922 3342 2208 192 2016 71580 2208 960 1248 69372 26656 42716 37821 25361 20911 8896 6619 5899 2277 140 5099 2380 1940 1520 626 281
is_linear=0
shrinkage=0.05


Tree=254
num_leaves=31
num_cat=0
split_feature=3 9 8 7 3 10 9 11 1 3 7 11 11 8 7 11 11 11 0 7 11 1 7 0 1 0 8 7 3 1
split_gain=0.894247 5.15324 6.53117 5.00972 4.2899 3.22845 4.15008 3.24538 3.56695 3.17819 3.79613 3.07681 3.2206 3.75576 6.39716 3.53926 2.82909 4.02185 3.53456 2.86814 2.50218 4.79855 5.16931 4.41739 2.82871 2.47976 2.45906 2.40877 2.26852 2.14509
threshold=-0.95754239937548935 25.593489583333341 33.150000000000013 30.687500000000004 -0.96902457013955734 1.0000000180025095e-35 27.252864583333338 0.99517992508811626 1.0000000180025095e-35 -0.98664820696349753 32.01250000000001 1.067458542709339 0.99880428533532839 32.050000000000004 26.212500000000006 0.96595727420028521 0.94757355787554809 0.95301643267371083 50.500000000000007 25.512500000000006 0.888018781778247 3.5000000000000004 24.587500000000006 23.500000000000004 5.5000000000000009 38.500000000000007 29.950000000000003 27.587500000000006 -0.99166060804803513 4.5000000000000009
decision_type=2 2 2 2 2 2 2 2 2 2 2 2 2 2 2 2 2 2 2 2 2 2 2 2 2 2 2 2 2 2
left_child=1 29 3 11 5 -5 9 8 -8 -7 -11 12 15 -14 -15 16 20 19 -19 -18 21 22 -3 -24 -22 -26 -27 -20 -4 -1
right_child=-2 2 28 4 -6 6 7 -9 -10 10 -12 -13 13 14 -16 -17 17 18 27 -21 24 -23 23 -25 25 26 -28 -29 -30 -31
leaf_value=0.008682342424574916 0.0014758181780834575 0.032617613922848308 -0.0014537081622020397 0.020784625205904197 -0.3535512265934907 -0.14392912055905963 0.0051539722126523278 0.037004006038825067 -0.053114788931836236 0.012174519795722004 -0.097461295153498037 0.018435358211839569 -0.011274150641127835 -0.054939594525086746 0.0092689483265855476 0.020526744227179657 -0.070944108457146784 0.054265638039158098 0.0075497046013034254 -0.044920435721819786 0.022039598251040238 0.054543420811672065 -0.10255378459394776 -0.064257045496003931 0.0058093685597774124 0.034785579052033659 -0.08957412564512976 -0.094485846617419281 0.079858658680469818 0.13737707533865975
leaf_weight=1344 118596 125 576 217 77 68 78 142 92 64 55 1119 819 347 166 1424 83 191 69 173 999 177 80 358 117 57 114 85 864 672
leaf_count=1344 118596 125 576 217 77 68 78 142 92 64 55 1119 819 347 166 1424 83 191 69 173 999 177 80 358 117 57 114 85 864 672
internal_value=0.000107385 -0.000329241 -0.000855082 -0.00146244 -0.00521438 -0.00400838 -0.00622244 -0.00269231 -0.00735294 -0.0121123 -0.00718487 -0.00100492 -0.00150074 -0.00363363 -0.0069883 -0.000799605 -0.00188737 -0.00490017 -0.00137681 -0.00964844 -0.00099408 -0.00331081 -0.00556838 -0.00812785 0.000337996 -0.00402778 -0.0078655 -0.00701299 0.00222222 0.0019494
internal_weight=129348 10752 8736 7296 793 716 499 312 170 187 119 6503 5384 1332 513 4052 2628 601 345 256 2027 740 563 438 1287 288 171 154 1440 2016
internal_count=129348 10752 8736 7296 793 716 499 312 170 187 119 6503 5384 1332 513 4052 2628 601 345 256 2027 740 563 438 1287 288 171 154 1440 2016
is_linear=0
shrinkage=0.05


Tree=255
num_leaves=31
num_cat=0
split_feature=0 0 1 0 9 10 9 10 3 4 3 8 8 8 11 3 8 9 3 3 4 3 9 9 4 4 9 11 8 8
split_gain=0.853281 1.62517 1.95305 1.83264 5.64168 8.03093 5.08787 5.6711 6.3027 5.88704 2.8563 5.92433 4.67456 2.68834 6.45333 2.48915 2.14382 2.77778 2.24614 5.72917 1.9447 2.10979 1.8587 4.39708 16.0237 5.91627 2.89182 3.48765 7.70483 5.22667
threshold=8.5000000000000018 29.500000000000004 5.5000000000000009 23.500000000000004 28.518489583333338 1.0000000180025095e-35 27.865885416666668 1.0000000180025095e-35 0.75580964594513067 -0.013976481981245173 -0.96235977360714686 31.150000000000002 32.650000000000013 40.850000000000001 1.0515743247573357 0.83849049182116964 42.800000000000004 35.620312500000004 0.86548282553247169 0.9193901325473397 -0.20180761162458913 0.94425825643485939 29.327864583333341 29.25026041666667 -0.75013812021657655 -0.83375966452616657 29.979947916666667 0.99576273781117763 37.050000000000004 38.750000000000007
decision_type=2 2 2 2 2 2 2 2 2 2 2 2 2 2 2 2 2 2 2 2 2 2 2 2 2 2 2 2 2 2
left_child=-1 3 -3 4 -2 16 7 8 -5 -10 11 -9 -13 20 -15 -11 18 -18 -6 -20 21 22 23 25 -25 -7 -24 28 -28 -30
right_child=1 2 -4 6 5 13 -8 10 9 15 -12 12 -14 14 -16 -17 17 -19 19 -21 -22 -23 26 24 -26 -27 27 -29 29 -31
leaf_value=-0.0018482697826562467 0.006366771807719095 -0.00073900222484788347 0.0076162399833341601 -0.0097776280850954845 0.021298802915457514 -0.04436302352986761 0.047424926734467771 0.027362287920075879 -0.075108024964708572 -0.06980769744768596 0.033305139186647938 -0.10727639214532284 -0.028358556048988237 -0.13831101440758634 0.0023542431477490649 -0.024669616187194186 -0.056422284025044261 0.0048427600474246898 -0.047512035600093164 0.0069915550989948618 0.10610590522971584 -0.061887620964097216 0.019063879685236193 0.054605887137354217 -0.12160955806046536 0.0092759935168428963 -0.0076411266603043709 -0.0057470247876821806 -0.21409262032220436 -0.026411599917753062
leaf_weight=12132 13100 75667 13239 1578 3015 420 3372 234 60 60 2466 54 60 60 75 210 60 90 75 165 90 90 772 75 60 509 285 1125 75 75
leaf_count=12132 13100 75667 13239 1578 3015 420 3372 234 60 60 2466 54 60 60 75 210 60 90 75 165 90 90 772 75 60 509 285 1125 75 75
internal_value=0.000107385 0.0001487 4.36418e-05 0.00047863 0.00022408 -0.000909218 0.00111441 5.50616e-05 -0.00204927 -0.00833333 0.00148188 -0.00275862 -0.0121053 -0.00251819 -0.00944444 -0.00518518 0.000844347 -0.005 0.00111367 -0.00354167 -0.00225671 -0.00244406 -0.00224382 -0.00397556 -0.0124074 -0.00275027 -0.00145369 -0.00269231 -0.00649425 -0.0156667
internal_weight=129348 117216 88906 28310 20216 7116 8094 4722 1908 330 2814 348 114 3711 135 270 3405 150 3255 240 3576 3486 3396 1064 135 929 2332 1560 435 150
internal_count=129348 117216 88906 28310 20216 7116 8094 4722 1908 330 2814 348 114 3711 135 270 3405 150 3255 240 3576 3486 3396 1064 135 929 2332 1560 435 150
is_linear=0
shrinkage=0.05


Tree=256
num_leaves=31
num_cat=0
split_feature=11 7 8 3 11 11 9 7 4 10 11 0 11 11 11 8 0 9 1 11 0 10 3 4 7 4 9 8 7 11
split_gain=0.813971 2.78926 3.83104 3.18327 3.91121 3.58626 2.73663 6.99449 3.99849 5.77622 3.99477 3.5564 3.388 2.74579 2.32284 2.64714 2.32496 4.03122 6.19018 10.0978 8.59986 5.5796 4.60526 4.21821 7.92009 3.61065 4.3686 3.59799 5.61406 3.4386
threshold=1.0145048597912061 11.212500000000004 18.850000000000005 0.46039464932087154 1.0061158603317641 1.0052470737456287 12.070312500000002 7.1875000000000009 0.92519182738459482 1.0000000180025095e-35 0.97407968238158804 22.500000000000004 0.99948647577224803 0.91425880925186409 1.0095531556613402 32.350000000000001 37.500000000000007 31.589322916666671 3.5000000000000004 0.99167509322876013 19.500000000000004 1.0000000180025095e-35 0.59177612190863982 -0.99052477729077237 27.887500000000006 -0.48313741114591585 29.813541666666669 18.950000000000003 16.912500000000005 0.98871441963832118
decision_type=2 2 2 2 2 2 2 2 2 2 2 2 2 2 2 2 2 2 2 2 2 2 2 2 2 2 2 2 2 2
left_child=1 3 -3 4 5 6 10 -8 9 -9 11 -1 -11 -10 16 -16 17 23 -19 22 21 -21 -20 24 -4 -25 -27 28 -18 -28
right_child=-2 2 14 -5 -6 -7 7 8 13 12 -12 -13 -14 -15 15 -17 27 18 19 20 -22 -23 -24 25 -26 26 29 -29 -30 -31
leaf_value=-0.055469259771954896 -0.00036074852826664482 0.025409173115929926 0.0055631447860535858 0.0098476486787586835 0.010345581749263802 -0.051457566999107078 -0.085181340997503852 -0.073352616846329988 -0.052051561391240835 0.070785038398464839 0.026131517382536454 -0.007335421488292259 -0.034170816352585003 -0.0053685363610404694 0.00031617522352721391 0.050973893196007584 0.016473313082370249 0.010693925132956146 0.0048615702952393451 -0.051429219379693691 -0.073967280123693899 -0.27810024991747689 -0.067008738136874996 0.031804950186356713 -0.099004669301996528 0.0040243044492234781 -0.085775770862297596 -0.00073093387737034827 -0.11139241253045257 -0.014964359653217527
leaf_weight=68 54819 2589 419 1145 630 71 55 120 63 97 551 114 131 935 1364 1440 95 1063 532 80 124 57 76 7198 303 14585 76 40233 87 228
leaf_count=68 54819 2589 419 1145 630 71 55 120 63 97 551 114 131 935 1364 1440 95 1063 532 80 124 57 76 7198 303 14585 76 40233 87 228
internal_value=0.00011241 0.000219982 0.000292634 -0.00106784 -0.00196649 -0.00295918 -0.00259138 -0.00388651 -0.00317236 -0.00778736 -0.000115962 -0.00653846 -0.00311403 -0.00156313 0.000220718 0.00162981 0.000160078 0.000541813 -0.00165114 -0.00478136 -0.0130077 -0.0216423 -0.00125 0.000727564 -0.00303324 0.0008505 0.000406005 -7.36111e-05 -0.00708791 -0.00552632
internal_weight=129348 74529 70549 3980 2835 2205 2134 1401 1346 348 733 182 228 998 67960 2804 65156 24741 1932 869 261 137 608 22809 722 22087 14889 40415 182 304
internal_count=129348 74529 70549 3980 2835 2205 2134 1401 1346 348 733 182 228 998 67960 2804 65156 24741 1932 869 261 137 608 22809 722 22087 14889 40415 182 304
is_linear=0
shrinkage=0.05


Tree=257
num_leaves=31
num_cat=0
split_feature=0 0 0 9 10 3 4 3 1 8 3 3 3 9 11 11 10 9 7 4 9 11 8 3 3 8 7 3 10 3
split_gain=0.934114 0.843793 1.96751 6.06196 4.83287 5.09204 8.7432 3.34354 3.32079 4.08216 6.17324 5.31917 7.5494 8.73214 6.95207 12.1636 4.1106 2.82507 3.69516 5.28862 5.58838 11.9074 5.92027 3.06647 5.92913 6.38088 4.29018 4.06039 4.52899 3.86015
threshold=1.0000000180025095e-35 31.500000000000004 23.500000000000004 27.703125000000004 1.0000000180025095e-35 0.77788564761185042 -0.013976481981245173 0.86548282553247169 1.5000000000000002 37.050000000000004 -0.082689790342551819 0.17646842360078763 0.60555468348150676 33.875000000000007 1.0515743247573357 0.97613136811415224 1.0000000180025095e-35 31.770312500000006 27.387500000000006 -0.99465740988130902 29.764843750000001 1.0855630818775608 32.750000000000007 0.76140650896573492 0.77788564761185042 36.45000000000001 17.662500000000005 0.97875492728876534 1.0000000180025095e-35 -0.92923668111203805
decision_type=2 2 2 2 2 2 2 2 2 2 2 2 2 2 2 2 2 2 2 2 2 2 2 2 2 2 2 2 2 2
left_child=-1 2 8 4 5 -4 -7 -8 -2 17 -11 -12 13 14 15 -13 -17 18 23 -20 21 -21 -23 29 26 -26 -25 28 -27 -10
right_child=1 -3 3 -5 -6 6 7 -9 9 10 11 12 -14 -15 -16 16 -18 -19 19 20 -22 22 -24 24 25 27 -28 -29 -30 -31
leaf_value=-0.0094449162618758988 0.0066617839926949906 0.00034059758278573205 -0.011070340941370141 0.040577118787371518 0.014171097671175149 -0.075524399556644514 -0.073468110338815257 -0.0037122307503853246 -0.014308301004855096 -0.1103583528881002 0.031979765825270477 -0.014693088683124952 0.00078606812337758182 -0.020692538702470523 -0.034772833301077312 -0.075695950204684337 -0.22795156234577771 0.13658189459165904 -0.13390536086155111 -0.005747282902709587 0.021809508989240878 -0.019107510177181337 -0.14525465449976635 -0.031156261649429175 -0.0011393768548976669 -0.018631843145482826 -0.10517580395137359 0.0067583880364983848 -0.078910726647322335 0.0072884360471971088
leaf_weight=1347 8740 86208 2112 4656 3624 72 72 256 2304 69 529 115 1173 736 138 69 87 322 115 368 701 62 80 88 3279 69 50 69 69 11769
leaf_count=1347 8740 86208 2112 4656 3624 72 72 256 2304 69 529 115 1173 736 138 69 87 322 115 368 701 62 80 88 3279 69 50 69 69 11769
internal_value=0.000110864 0.000124648 0.000309023 0.000890475 -0.000141786 -0.00182723 -0.007 -0.00353659 0.00010661 -0.000217645 -0.00196159 -0.00160344 -0.00263589 -0.00552402 -0.0113814 -0.0160332 -0.0251282 4.52315e-05 -3.33805e-05 -0.00257919 -0.00160611 -0.00558823 -0.0178873 0.000157371 -0.00113962 -0.000737234 -0.0113043 -0.00925121 -0.0142029 0.000491367
internal_weight=129348 128001 41793 10792 6136 2512 400 328 31001 22261 2916 2847 2318 1145 409 271 156 19345 19023 1326 1211 510 142 17697 3624 3486 138 207 138 14073
internal_count=129348 128001 41793 10792 6136 2512 400 328 31001 22261 2916 2847 2318 1145 409 271 156 19345 19023 1326 1211 510 142 17697 3624 3486 138 207 138 14073
is_linear=0
shrinkage=0.05


Tree=258
num_leaves=31
num_cat=0
split_feature=10 3 4 7 9 8 8 0 11 3 0 4 4 3 1 11 0 8 6 3 11 8 9 11 7 4 3 9 3 9
split_gain=0.795819 3.14764 6.1723 5.00248 3.09368 6.88588 4.94969 7.08482 8 4 3.66348 7.25969 10.983 4.12297 4.74248 3.5452 4.35116 3.21526 2.8875 2.88001 2.71353 4.10728 4.90928 3.69534 3.59821 2.86223 6.37574 3.76162 5.55646 6.07829
threshold=1.0000000180025095e-35 0.76696112484652035 0.55478649335567887 14.612500000000002 12.070312500000002 18.850000000000005 19.050000000000004 41.500000000000007 1.0037329538813851 0.44505654568748165 18.500000000000004 0.98332250088165762 0.98899263613956456 0.42958674266195179 4.5000000000000009 1.0711909405400801 6.5000000000000009 16.900000000000002 1.0000000180025095e-35 0.56369777965491019 0.84409739968617681 31.050000000000004 27.666406250000005 0.7641759112864478 28.687500000000004 -0.54219087765047058 -0.81923160956083974 16.435937500000005 -0.8821812062722818 21.109114583333337
decision_type=2 2 2 2 2 2 2 2 2 2 2 2 2 2 2 2 2 2 2 2 2 2 2 2 2 2 2 2 2 2
left_child=1 -1 -3 -4 10 -6 7 -7 -9 -10 11 13 -13 -2 -15 16 -14 18 -12 -19 21 22 23 -8 -24 26 -22 -27 29 -29
right_child=4 2 3 -5 5 6 20 8 9 -11 17 12 15 14 -16 -17 -18 19 -20 -21 25 -23 24 -25 -26 27 -28 28 -30 -31
leaf_value=0.005980587737920498 0.0099835951199553942 -0.0010920778774514285 -0.065596034814343049 -0.021963936081549729 0.025961797625762631 0.01807220874215917 -0.014967305408737648 0.1097790053523343 -0.12716208333282628 -0.018979332379550861 0.021106064885813063 -0.055251309709004076 0.00071879200210328293 0.00048156343896972131 -0.029703342549932499 0.0067677177899224256 -0.018095610460609812 -0.0205214162131373 -0.052815937946535468 0.10161576629358926 -0.065382368187526033 0.070006420587492263 -0.059661045750827563 0.04472448902404394 -0.14664702404628979 -0.0072462251504496721 -0.0050339160371148627 -0.043922918785434986 0.0074898379953407326 -0.0042152030884858166
leaf_weight=45598 323 8060 149 619 2400 168 576 54 108 54 1155 57 63 76 57 95 108 1771 77 154 384 1134 139 1344 53 5664 26272 288 21980 10368
leaf_count=45598 323 8060 149 619 2400 168 576 54 108 54 1155 57 63 76 57 95 108 1771 77 154 384 1134 139 1344 53 5664 26272 288 21980 10368
internal_value=0.000105839 0.000251351 -0.000612823 -0.00489583 1.33658e-07 7.57898e-05 -1.63297e-05 -0.00567708 -0.0116667 -0.0172222 -0.00136433 -0.00443517 -0.0101703 -0.000372807 -0.00778195 -0.00590226 -0.0102047 -0.000606588 0.00138799 -0.00188312 1.55423e-05 0.00142637 0.000123106 0.000885417 -0.0075 -5.49601e-05 -0.000452806 0.000221932 0.000428361 -0.000508633
internal_weight=129348 54426 8828 768 74922 70986 68586 384 216 162 3936 779 323 456 133 266 171 3157 1232 1925 68202 3246 2112 1920 192 64956 26656 38300 32636 10656
internal_count=129348 54426 8828 768 74922 70986 68586 384 216 162 3936 779 323 456 133 266 171 3157 1232 1925 68202 3246 2112 1920 192 64956 26656 38300 32636 10656
is_linear=0
shrinkage=0.05


Tree=259
num_leaves=31
num_cat=0
split_feature=0 10 7 8 4 9 7 8 3 0 7 4 4 3 7 10 3 9 8 9 9 3 6 4 11 6 3 7 3 1
split_gain=0.830292 1.67828 1.33526 1.35962 1.22744 1.19107 1.18714 6.45973 1.56466 1.18375 6.22023 2.03121 2.22762 2.0501 2.18605 1.91329 3.11112 1.55638 2.82532 1.82492 2.42283 1.41571 1.27821 2.46397 1.2702 1.0629 3.45494 2.27343 3.56652 3.99936
threshold=92.500000000000014 1.0000000180025095e-35 25.512500000000006 30.450000000000003 -0.90531874877253482 27.961718750000006 11.437500000000002 19.450000000000003 -0.89015004145349408 88.500000000000014 27.187500000000004 -0.96234030595689413 -0.7614016681079937 -0.85671820900978868 27.887500000000006 1.0000000180025095e-35 0.73283908552571664 31.589322916666671 32.750000000000007 33.875000000000007 33.255729166666676 -0.52032787705993211 1.0000000180025095e-35 0.70138038092733435 1.0610300454257775 1.0000000180025095e-35 -0.99166060804803513 23.562500000000004 -0.89785546691630314 1.5000000000000002
decision_type=2 2 2 2 2 2 2 2 2 2 2 2 2 2 2 2 2 2 2 2 2 2 2 2 2 2 2 2 2 2
left_child=9 -2 6 -4 -5 -6 7 -3 -8 25 22 -12 17 14 -14 -15 -17 18 21 20 24 -13 -11 -24 -19 -1 -27 28 -28 -30
right_child=1 2 3 4 5 -7 8 -9 -10 10 11 12 13 15 -16 16 -18 19 -20 -21 -22 -23 23 -25 -26 26 27 -29 29 -31
leaf_value=0.00077447598791777401 0.034829774545635427 0.010351513629268732 -0.071020310915312954 0.014280449047609065 0.049898076031817624 -0.045066316901158379 -0.028636954276060507 -0.047716373304411197 0.031150143522233581 0.0062688803143246506 -0.0030978489019409072 -0.047707247919949021 -0.02343154007913243 0.035109827809762448 -0.13547131953369781 0.0095178300470082147 -0.093291328434679605 -0.13862150132015952 -0.00399366497418264 -0.08249488113815126 -0.21640771346076246 -0.15754674813853314 0.0034140727878266444 -0.052822543420680913 -0.051394500688859292 -0.045647079358750224 -0.042768495338998444 0.02029559849672408 -0.018766633677866396 0.024408293209348928
leaf_weight=113508 1701 196 73 367 82 479 208 57 879 3401 501 64 84 227 67 144 65 50 223 144 51 87 165 64 56 89 104 4009 974 1229
leaf_count=113508 1701 196 73 367 82 479 208 57 879 3401 501 64 84 227 67 144 65 50 223 144 51 87 165 64 56 89 104 4009 974 1229
internal_value=0.0001012 0.000806532 -6.19392e-05 -0.00144356 -0.000926724 -0.0023975 0.000970149 -0.00211462 0.00168813 7.84481e-05 -0.000646208 -0.00308281 -0.00415214 -0.00189949 -0.00692053 -0.00016055 -0.00361244 -0.00611111 -0.00395722 -0.00878738 -0.0125159 -0.00923841 0.00053719 -0.0030786 -0.00820755 0.000111039 0.000737705 0.000875554 -0.000374946 5.22017e-05
internal_weight=129348 4042 2341 1001 928 561 1340 253 1087 125306 5393 1763 1262 587 151 436 209 675 374 301 157 151 3630 229 106 119913 6405 6316 2307 2203
internal_count=129348 4042 2341 1001 928 561 1340 253 1087 125306 5393 1763 1262 587 151 436 209 675 374 301 157 151 3630 229 106 119913 6405 6316 2307 2203
is_linear=0
shrinkage=0.05


Tree=260
num_leaves=31
num_cat=0
split_feature=0 10 8 0 7 3 11 7 8 9 9 7 4 11 11 8 11 11 8 8 7 6 8 11 11 11 8 11 4 8
split_gain=0.918571 1.79491 2.77326 1.71189 5.03707 1.18984 2.20513 1.32263 6.04288 3.00057 1.38473 1.5134 1.71599 1.55165 1.50987 1.09281 1.76555 1.02959 1.0227 1.68496 1.65686 1.5988 1.01186 1.00558 1.12008 1.23093 0.98 0.949322 1.12687 0.943489
threshold=91.500000000000014 1.0000000180025095e-35 40.550000000000004 88.500000000000014 27.187500000000004 -0.96902457013955734 1.0635821354874333 11.437500000000002 19.450000000000003 20.344270833333336 21.782552083333339 25.512500000000006 -0.90531874877253482 0.96809040440132665 0.93309361111522005 34.050000000000004 1.0871761346197866 1.1027172427607128 34.45000000000001 33.550000000000004 25.412500000000005 1.0000000180025095e-35 27.750000000000004 0.83052972725518914 0.96159218389975776 0.966722927756276 31.550000000000004 1.0635821354874333 0.98332250088165762 24.250000000000004
decision_type=2 2 2 2 2 2 2 2 2 2 2 2 2 2 2 2 2 2 2 2 2 2 2 2 2 2 2 2 2 2
left_child=3 23 5 -1 18 6 26 8 -7 -9 22 13 15 14 -12 16 -13 -14 19 21 -21 27 -11 -2 -25 -26 -3 -5 -29 -27
right_child=1 2 -4 4 -6 7 -8 9 -10 10 11 12 17 -15 -16 -17 -18 -19 -20 20 -22 -23 -24 24 25 29 -28 28 -30 -31
leaf_value=0.0010182783746753613 -0.028787481129436951 0.052953228398371979 -0.093182945837179676 0.0085479756810675541 -0.050756388766710583 0.005494952992371167 -0.10429223049644741 0.040126071879549065 -0.03390264905997397 -0.0059072609343280439 0.032601576450195513 0.016811677884704165 -0.041214817444184537 0.057771250498075744 -0.041432142647556645 0.05864733962310658 -0.09077931037485637 0.040442724863224221 0.033869717165167998 0.0023919015237698739 -0.17745983790836886 -0.027519630909632123 -0.035311679374886926 0.050142061978947453 -0.027204149697024102 0.059439772159247312 -0.034334927239149431 -0.0028079235067979529 -0.041659671683745791 0.011487671577119631
leaf_weight=119913 64 128 56 2010 1336 258 52 519 75 60 136 187 621 404 98 252 60 88 199 51 51 135 56 492 84 444 72 197 66 1184
leaf_count=119913 64 128 56 2010 1336 258 52 519 75 60 136 187 621 404 98 252 60 88 199 51 51 135 56 492 84 444 72 197 66 1184
internal_value=9.38555e-05 0.000732839 -4.48429e-05 6.6071e-05 -0.000945612 0.000156556 -0.00313492 0.000451315 -0.00250751 0.000848448 -4.58714e-05 0.000287107 -0.000753311 0.00225705 -0.000982906 0.00149299 -0.000870445 -0.00233427 0.000293466 1.99205e-05 -0.00627451 0.000286545 -0.00534483 0.00180335 0.00198276 0.0013785 -0.00075 0.000600528 -0.00222433 0.00168305
internal_weight=129348 5390 3122 123958 4045 3066 252 2814 333 2481 1962 1846 1208 638 234 499 247 709 2709 2510 102 2408 116 2268 2204 1712 200 2273 263 1628
internal_count=129348 5390 3122 123958 4045 3066 252 2814 333 2481 1962 1846 1208 638 234 499 247 709 2709 2510 102 2408 116 2268 2204 1712 200 2273 263 1628
is_linear=0
shrinkage=0.05


Tree=261
num_leaves=31
num_cat=0
split_feature=0 8 8 8 1 0 7 0 9 4 4 8 4 8 3 9 4 7 0 0 9 8 8 10 9 11 8 11 0 1
split_gain=0.92693 0.777082 2.26793 1.80132 1.40351 2.96053 1.42951 2.73265 1.13266 2.89341 3.11766 4.92867 3.03158 2.66877 2.90865 4.0704 6.52807 3.15858 2.68331 3.86893 2.57463 2.95543 4.32416 4.00639 5.54908 3.29567 3.18421 3.06771 2.86229 2.84211
threshold=94.500000000000014 14.100000000000001 15.350000000000003 12.650000000000002 2.5000000000000004 74.500000000000014 5.0875000000000012 52.500000000000007 11.341666666666669 0.97648852793709995 0.99530134160901229 16.900000000000002 0.98332250088165762 18.250000000000004 0.3504237462291826 12.247135416666669 0.97648852793709995 11.662500000000003 77.500000000000014 56.500000000000007 11.695833333333335 20.200000000000006 22.350000000000005 1.0000000180025095e-35 14.627864583333336 1.065666172741313 21.550000000000004 0.95955207118900387 23.500000000000004 5.5000000000000009
decision_type=2 2 2 2 2 2 2 2 2 2 2 2 2 2 2 2 2 2 2 2 2 2 2 2 2 2 2 2 2 2
left_child=1 3 -3 -1 -5 6 -6 -8 9 -4 11 12 -11 14 15 16 18 -17 19 -10 29 25 23 -23 26 27 -25 28 -22 -15
right_child=-2 2 8 4 5 -7 7 -9 13 10 -12 -13 -14 20 -16 17 -18 -19 -20 -21 21 22 -24 24 -26 -27 -28 -29 -30 -31
leaf_value=0.017829961940803569 0.018295476620612438 0.048911237227557233 0.013929334196664991 0.0052944462429384579 -0.031464366811995555 0.023717718877595946 -0.0014197026860322667 -0.082462990953683368 -0.046691581335937718 0.021238798768673919 0.0031930979118972164 -0.045042435573033224 -0.011672130591027823 0.18892886921577981 0.072087373676462729 -0.017268175295413534 0.052840119578363001 0.03733716718720264 0.07669937428596077 -0.27209968184906991 0.013600774394380531 0.047810028653893888 0.00047709872168995716 -0.017835483149549532 0.020131332961878801 -0.035114340344055528 -0.052192760264931887 -0.0036880128120724124 -0.087039144570184246 -0.013080003394290947
leaf_weight=380 1347 380 950 95 57 60 102 66 171 285 950 665 570 475 855 271 285 1059 51 63 72 3705 105296 855 1710 475 95 7695 213 95
leaf_count=380 1347 380 950 95 57 60 102 66 171 285 950 665 570 475 855 271 285 1059 51 63 72 3705 105296 855 1710 475 95 7695 213 95
internal_value=9.46286e-05 8.0898e-05 9.04192e-05 -0.00151316 -0.00394737 -0.00570175 -0.00833333 -0.0060119 7.8866e-05 -0.000818713 -0.00172065 -0.003125 -0.000614035 0.000103734 0.00164247 0.000552632 -0.00298246 0.00206767 -0.00833333 -0.0105983 6.8608e-05 5.26992e-05 0.000120947 0.00138649 -9.39848e-05 -0.00084861 -0.00315789 -0.000607769 -0.00570175 0.00342105
internal_weight=129348 128001 127241 760 380 285 225 168 126861 3420 2470 1520 855 123441 2755 1900 570 1330 285 234 120686 120116 111661 6365 2660 8455 950 7980 285 570
internal_count=129348 128001 127241 760 380 285 225 168 126861 3420 2470 1520 855 123441 2755 1900 570 1330 285 234 120686 120116 111661 6365 2660 8455 950 7980 285 570
is_linear=0
shrinkage=0.05


Tree=262
num_leaves=31
num_cat=0
split_feature=0 10 8 0 7 3 11 7 4 7 8 11 3 4 11 9 3 8 11 11 11 9 7 11 8 9 3 9 3 7
split_gain=0.914131 1.57998 2.36459 1.47516 4.45213 1.21354 2.20513 1.11424 1.99641 1.87654 5.46793 1.36641 1.9804 1.28857 1.3205 1.18959 4.186 0.992015 0.984166 1.0846 1.22143 1.63687 2.73984 1.22236 0.98 0.958176 2.95861 2.0929 0.957944 1.07572
threshold=91.500000000000014 1.0000000180025095e-35 40.550000000000004 88.500000000000014 27.187500000000004 -0.96902457013955734 1.0635821354874333 26.112500000000004 -0.90531874877253482 10.987500000000002 19.450000000000003 0.96809040440132665 0.93237596376505805 -0.34234976856068178 1.1027172427607128 30.687239583333337 -0.52032787705993211 31.550000000000004 0.83052972725518914 0.96159218389975776 1.0091361572373578 15.938020833333335 14.612500000000002 0.99948647577224803 31.550000000000004 33.361458333333339 0.29342972903661901 34.265104166666674 0.15951094710994371 27.812500000000004
decision_type=2 2 2 2 2 2 2 2 2 2 2 2 2 2 2 2 2 2 2 2 2 2 2 2 2 2 2 2 2 2
left_child=3 18 5 -1 -5 6 24 9 -9 10 -7 12 -11 14 15 16 -10 -6 -2 -20 21 -21 -23 -24 -3 28 -27 -28 -19 -30
right_child=1 2 -4 4 17 7 -8 8 13 11 -12 -13 -14 -15 -16 -17 -18 25 19 20 -22 22 23 -25 -26 26 27 -29 29 -31
leaf_value=0.00097719732320070596 -0.027530166451726706 0.049820351270103098 -0.08854765348140485 0.0026778899791537916 -0.14293232425426625 0.0042883151219290355 -0.099101473907709792 0.020452416792195203 -0.027827810131450331 0.0084088166236032241 -0.042683464868275005 0.03923779567808771 -0.034667640524779157 0.049672068469325446 0.036453498798897609 0.020435544258676469 -0.1079130300061516 -0.042082446819865067 0.047611103943915031 0.057204031891259902 0.040620552304501484 -0.071204078511237182 0.0059278021703856737 -0.060009795725787254 -0.032642035813276689 0.047293264285404361 -0.19752326442916002 -0.087417497367138303 -0.036067632632478412 0.022063474736530055
leaf_weight=119913 64 128 56 2709 95 235 52 459 275 398 56 954 88 73 80 92 104 646 492 164 1012 51 397 88 72 75 68 84 63 305
leaf_count=119913 64 128 56 2709 95 235 52 459 275 398 56 954 88 73 80 92 104 646 492 164 1012 51 397 88 72 75 68 84 63 305
internal_value=9.54017e-05 0.000732839 3.20326e-06 6.76844e-05 -0.000871446 0.000189172 -0.00313492 0.000486852 -0.000771006 0.00127383 -0.00238832 0.00201389 -0.000144033 -0.00261218 -0.0034392 -0.00444798 -0.00568602 -0.00323353 0.00173721 0.0019147 0.00132009 -0.000285714 -0.00162313 -0.000463917 -0.00075 -0.00285657 -0.00579295 -0.00980263 -0.00219921 -0.000163043
internal_weight=129348 5390 3122 123958 4045 3066 252 2814 1083 1731 291 1440 486 624 551 471 379 1336 2268 2204 1712 700 536 485 200 1241 227 152 1014 368
internal_count=129348 5390 3122 123958 4045 3066 252 2814 1083 1731 291 1440 486 624 551 471 379 1336 2268 2204 1712 700 536 485 200 1241 227 152 1014 368
is_linear=0
shrinkage=0.05


Tree=263
num_leaves=31
num_cat=0
split_feature=0 4 8 11 7 8 3 11 3 0 8 1 8 11 8 8 7 0 3 11 8 8 9 11 3 4 3 0 0 1
split_gain=1.03781 1.63622 0.987727 0.822513 2.45608 3.2086 2.8158 3.60174 3.06276 2.07675 3.19179 5.92954 7.45249 13.5714 3.70614 3.09265 4.93382 2.72745 4.91988 3.05469 6.00559 2.26785 6.31752 6.29762 3.57143 2.98526 4.23507 5.32389 5.21361 3.09637
threshold=93.500000000000014 0.63755505330306683 34.250000000000007 1.0145048597912061 11.437500000000002 18.850000000000005 0.47559651477048942 1.0065665091727494 0.44505654568748165 37.500000000000007 37.350000000000001 3.5000000000000004 38.250000000000007 0.97613136811415224 38.050000000000004 18.950000000000003 16.912500000000005 20.500000000000004 0.39827038710620805 0.99167509322876013 41.350000000000001 24.250000000000004 17.489322916666669 1.0015760182812448 0.7090011537757156 0.93158198870884079 -0.27694604220087021 73.500000000000014 53.500000000000007 1.5000000000000002
decision_type=2 2 2 2 2 2 2 2 2 2 2 2 2 2 2 2 2 2 2 2 2 2 2 2 2 2 2 2 2 2
left_child=3 2 -2 4 6 -6 7 -1 -9 10 -7 -12 13 14 -13 16 -11 18 19 -14 -21 25 23 24 -23 -17 27 28 -27 -28
right_child=1 -3 -4 -5 5 9 -8 8 -10 15 11 12 17 -15 -16 21 -18 -19 -20 20 -22 22 -24 -25 -26 26 29 -29 -30 -31
leaf_value=-0.0162341231563988 -0.005055273975927442 0.030330776924736361 0.027744808983907489 -0.00070401597217120129 0.024659672052040907 0.006924047795872944 0.011357593475796332 0.016777176420312734 -0.041948728243547638 0.019805874991628836 0.0099984305825372155 -0.25797692614386242 -0.01762830257170515 -0.21182128588945592 0.032374617013157768 0.02121472583181876 -0.10117358769128289 0.036412561087323818 0.020434506385427834 -0.12175445781146375 -0.037267202470255299 -0.096870340925372014 -0.0010940484664772798 0.030656826683602829 -0.032497182007644967 -0.041077629054452135 -0.022769439710968464 0.033531491950136383 -0.11943602993852664 0.022167229311950032
leaf_weight=2480 1242 776 676 53675 2495 23562 1058 514 62 89 1101 76 84 76 114 3886 87 304 168 60 63 224 33290 224 224 80 763 100 100 1695
leaf_count=2480 1242 776 676 53675 2495 23562 1058 514 62 89 1101 76 84 76 114 3886 87 304 168 60 63 224 33290 224 224 80 763 100 100 1695
internal_value=9.42421e-05 0.00106533 0.000281543 7.35865e-05 0.000182861 0.000253758 -0.00100389 -0.00177356 0.00178819 0.000187585 0.000540456 -0.00135386 -0.00425926 -0.0113534 -0.00421053 -3.41002e-05 -0.00664773 -0.00148012 -0.00433333 -0.00949275 -0.0145122 -5.4204e-06 -0.000170484 -0.00497024 -0.00839286 0.000840882 -0.000423667 -0.00625 -0.0113889 0.000240033
internal_weight=129348 2694 1918 126654 72979 68865 4114 3056 576 66370 25608 2046 945 266 190 40762 176 679 375 207 123 40586 33962 672 448 6624 2738 280 180 2458
internal_count=129348 2694 1918 126654 72979 68865 4114 3056 576 66370 25608 2046 945 266 190 40762 176 679 375 207 123 40586 33962 672 448 6624 2738 280 180 2458
is_linear=0
shrinkage=0.05


Tree=264
num_leaves=31
num_cat=0
split_feature=0 9 8 8 9 1 8 8 10 9 1 11 0 3 8 3 1 8 8 0 10 8 1 7 7 8 1 3 11 0
split_gain=0.928578 0.798865 2.48325 2.62339 2.57272 2.84211 2.58799 3.92575 3.77154 5.10881 2.93891 3.87544 4.31699 3.36246 3.95833 3.82105 2.90909 3.83174 2.90658 4.72314 5.01389 2.88292 2.6087 2.56609 2.37193 2.31877 4.29692 3.06947 2.71719 2.67531
threshold=94.500000000000014 11.341666666666669 18.250000000000004 18.050000000000004 11.695833333333335 5.5000000000000009 20.200000000000006 22.350000000000005 1.0000000180025095e-35 14.627864583333336 4.5000000000000009 1.0424368712485985 25.500000000000004 0.52033990680116082 19.950000000000003 0.28519915169571858 1.5000000000000002 20.550000000000004 19.050000000000004 71.500000000000014 1.0000000180025095e-35 21.550000000000004 3.5000000000000004 8.2375000000000025 7.9125000000000014 17.450000000000003 1.0000000180025095e-35 -0.2102246306142678 0.97613136811415224 32.500000000000007
decision_type=2 2 2 2 2 2 2 2 2 2 2 2 2 2 2 2 2 2 2 2 2 2 2 2 2 2 2 2 2 2
left_child=1 -1 3 25 5 -4 10 8 16 21 11 23 -13 14 15 -12 17 -8 19 20 -17 -10 -14 -6 -16 -3 -27 -28 29 -29
right_child=-2 2 4 -5 6 -7 7 -9 9 -11 13 12 22 -15 24 18 -18 -19 -20 -21 -22 -23 -24 -25 -26 26 27 28 -30 -31
leaf_value=-0.0036315990938782742 0.017271411892613438 0.025727132257297933 0.17946876668744025 0.077311180189993778 0.019060817761613932 -0.012439662292128678 -0.03556310801489207 0.00045165257117695163 -0.016645746320628735 0.018674938994541378 0.012424580090774857 0.0089314446104420391 -0.071332236698465196 0.033207058260766253 -0.058625591936779631 0.049749959219720516 0.079570974531602598 0.026989985176817319 0.0087990642975168797 -0.08922682826886276 -0.04876673289639763 -0.050692718409435691 0.013076403316391315 -0.012769126341550432 -0.05941526269548604 -0.04521728286517912 -0.058778186537112601 -0.025910322807338605 0.061896987560195252 0.044689767902939596
leaf_weight=4560 1347 855 475 665 432 95 285 105296 855 1710 1520 130 276 760 57 144 2660 760 380 92 144 95 69 4223 228 285 190 99 475 186
leaf_count=4560 1347 855 475 665 432 95 285 105296 855 1710 1520 130 276 760 57 144 2660 760 380 92 144 95 69 4223 228 285 190 99 475 186
internal_value=9.3469e-05 7.97261e-05 0.000103734 0.00158802 6.98509e-05 0.00342105 5.3948e-05 0.000117812 0.00132365 -0.000112782 -0.000789473 -0.00153996 -0.0058421 0.000368421 -0.000497076 0.000197369 0.00235493 0.000119617 -0.00269737 -0.00578947 -0.00263889 -0.00305263 -0.00876812 -0.00110097 -0.00605263 0.000717704 -0.000668016 0.000947369 0.00236842 -0.00149123
internal_weight=129348 128001 123441 2755 120686 570 120116 111661 6365 2660 8455 5130 475 3325 2565 2280 3705 1045 760 380 288 950 345 4655 285 2090 1235 950 760 285
internal_count=129348 128001 123441 2755 120686 570 120116 111661 6365 2660 8455 5130 475 3325 2565 2280 3705 1045 760 380 288 950 345 4655 285 2090 1235 950 760 285
is_linear=0
shrinkage=0.05


Tree=265
num_leaves=31
num_cat=0
split_feature=9 8 9 0 0 3 0 3 7 4 7 9 4 4 3 8 8 8 0 7 9 3 0 7 7 8 4 8 1 9
split_gain=0.809442 2.13967 1.9405 4.35233 1.67961 1.2931 2.23109 2.51866 1.18526 1.0808 1.63816 1.56357 1.25445 5.78818 3.22441 2.5978 2.75601 2.62894 2.51956 2.34888 2.29909 5.24386 3.4259 4.25021 4.34017 3.53862 2.61905 4.2788 2.23575 2.59621
threshold=35.273437500000007 42.800000000000004 35.062239583333344 80.500000000000014 86.500000000000014 0.57077594689671507 66.500000000000014 0.54940630780725741 30.312500000000004 -0.99628250747696534 38.787500000000016 34.42239583333334 -0.96234030595689413 -0.95242240592625282 -0.15101209918632377 36.650000000000013 39.650000000000013 31.950000000000003 68.500000000000014 25.812500000000004 29.235937500000002 0.12545942051955489 21.500000000000004 28.812500000000004 32.212500000000013 32.750000000000007 -0.99273797715557011 36.150000000000013 3.5000000000000004 31.820312500000004
decision_type=2 2 2 2 2 2 2 2 2 2 2 2 2 2 2 2 2 2 2 2 2 2 2 2 2 2 2 2 2 2
left_child=2 8 9 -4 5 6 7 -3 -2 10 -1 -12 14 -14 28 17 -17 -16 19 -19 21 -21 -23 -24 25 -25 27 -22 29 -11
right_child=1 4 3 -5 -6 -7 -8 -9 -10 12 11 -13 13 -15 15 16 -18 18 -20 20 26 22 23 24 -26 -27 -28 -29 -30 -31
leaf_value=-0.0056698082415096059 -0.072444959872887779 -0.019368445338512192 -0.011740301614585414 -0.12103208498058811 -0.073406711342884748 0.017393770351977131 0.15183226203801162 -0.26957086783768869 0.050233278564895914 0.028362507223209488 -0.028754958984720247 -0.40073662865595749 -0.045020883046568261 0.00098740615013112967 0.052357639812477111 0.064582886347629681 -0.013834773813943669 0.039737019919004024 0.01815541024278591 0.041453626047334782 -0.034289310831335802 -0.066704189836199607 0.048131183653060378 -0.224465011491401 0.010707815986134898 -0.093397298320517311 -0.0039095448054357823 -0.38414122897775682 0.099193323467821753 -0.062368315560788271
leaf_weight=3141 58 201 324 60 72 348 80 67 1094 1624 59 57 1536 112517 576 1437 672 212 1076 159 532 77 95 69 61 98 1386 62 1310 288
leaf_count=3141 58 201 324 60 72 348 80 67 1094 1624 59 57 1536 112517 576 1437 672 212 1076 159 532 77 95 69 61 98 1386 62 1310 288
internal_value=0.000100813 0.00111979 8.54602e-05 -0.00346354 -0.000924479 -0.000172414 -0.00232759 -0.00451493 0.00248264 9.61873e-05 -0.000802886 -0.00663793 0.000119843 7.33433e-05 0.000664681 2.45702e-05 0.00146752 -0.000666591 -0.00114058 -0.00194293 -0.0023651 -0.00519678 -0.00825 -0.00599071 -0.00969298 -0.0138623 -0.00156566 -0.00434343 0.00195841 0.000868201
internal_weight=129348 1920 127428 384 768 696 348 268 1152 127044 3257 116 123787 114053 9734 6512 2109 4403 3827 2751 2539 559 400 323 228 167 1980 594 3222 1912
internal_count=129348 1920 127428 384 768 696 348 268 1152 127044 3257 116 123787 114053 9734 6512 2109 4403 3827 2751 2539 559 400 323 228 167 1980 594 3222 1912
is_linear=0
shrinkage=0.05


Tree=266
num_leaves=31
num_cat=0
split_feature=9 9 0 8 0 7 7 8 0 0 3 0 4 7 9 9 8 0 0 0 8 11 7 4 8 0 1 4 4 3
split_gain=0.942292 1.79701 3.8716 1.77509 1.8021 1.27643 1.19008 2.06703 1.18392 0.917423 1.70261 1.08014 0.895502 1.68154 1.56357 1.201 2.31553 4.62684 1.95927 1.49259 1.43261 2.14428 2.14675 1.95449 1.78206 1.50089 1.25643 1.07629 5.06094 3.06997
threshold=35.273437500000007 35.062239583333344 80.500000000000014 42.800000000000004 86.500000000000014 30.812500000000004 40.162500000000009 41.650000000000013 15.500000000000002 66.500000000000014 0.58481550752069722 12.500000000000002 -0.99628250747696534 38.787500000000016 34.42239583333334 29.557031250000005 33.750000000000007 33.500000000000007 78.500000000000014 32.500000000000007 34.45000000000001 0.9796508072056479 33.412500000000016 -0.99761278905001471 35.750000000000007 55.500000000000007 4.5000000000000009 -0.96234030595689413 -0.95242240592625282 -0.15101209918632377
decision_type=2 2 2 2 2 2 2 2 2 2 2 2 2 2 2 2 2 2 2 2 2 2 2 2 2 2 2 2 2 2
left_child=1 12 -3 5 9 8 -7 -8 -2 10 11 -5 13 15 -15 -1 17 -17 -19 -18 -21 22 -22 24 -23 -25 -26 29 -29 -14
right_child=3 2 -4 4 -6 6 7 -9 -10 -11 -12 -13 27 14 -16 16 19 18 -20 20 21 23 -24 25 26 -27 -28 28 -30 -31
leaf_value=0.030904651135682595 0.022774268062507277 -0.011153286533855701 -0.11498048073155892 -0.027111224277886582 -0.069736375775739864 0.081034777176365716 -0.07162758519531133 0.086725806981254025 -0.076024435180097619 0.091688716092016342 0.028413066544019001 -0.047417074041591664 0.038559412063900074 -0.027317211035483527 -0.38069979722316 -0.097840726084937463 0.013717283652887794 0.060548335222296024 -0.078295775302492099 0.038475291998268046 -0.20142372075865778 -0.13687950254759981 -0.066539059235594708 0.0069366300293891882 0.036197356581797707 -0.12645586886591645 -0.031812652366843323 -0.0427698388942402 0.00093803584262459416 -0.00014618144432632332
leaf_weight=288 57 324 60 65 72 793 107 141 54 160 201 270 3222 59 57 102 924 135 51 252 53 63 73 80 544 144 432 1536 112517 6512
leaf_count=288 57 324 60 65 72 793 107 141 54 160 201 270 3222 59 57 102 924 135 51 252 53 63 73 80 544 144 432 1536 112517 6512
internal_value=9.84942e-05 8.19288e-05 -0.00333333 0.00119792 -0.000664062 0.00243924 0.00298271 -4.03224e-05 -0.00265766 0.000114943 -0.000876865 -0.0030597 9.22517e-05 -0.000726128 -0.00663793 -0.0005078 -0.000818437 -0.00506944 -0.000376344 -0.00034113 -0.00124619 -0.00187545 -0.00809524 -0.00125495 -0.000341674 -0.00549107 0.000184426 0.000113784 7.07129e-05 0.000618451
internal_weight=129348 127428 384 1920 768 1152 1041 248 111 696 536 335 127044 3257 116 3141 2853 288 186 2565 1641 1389 126 1263 1039 224 976 123787 114053 9734
internal_count=129348 127428 384 1920 768 1152 1041 248 111 696 536 335 127044 3257 116 3141 2853 288 186 2565 1641 1389 126 1263 1039 224 976 123787 114053 9734
is_linear=0
shrinkage=0.05


Tree=267
num_leaves=31
num_cat=0
split_feature=0 9 4 7 7 7 1 3 8 9 1 11 1 8 11 11 3 9 0 1 0 4 10 7 10 3 3 9 9 9
split_gain=0.871072 2.00894 2.30113 1.457 1.4479 1.42401 2.88758 1.32487 1.2484 3.41195 4.92756 1.69042 2.47441 2.15806 1.48575 2.38526 1.31647 1.27918 1.16446 1.89741 1.8557 4.2388 4.32165 4.21679 6.45082 4.17101 3.37345 4.69968 2.97287 2.65243
threshold=4.5000000000000009 27.237760416666671 0.65071284653328287 25.612500000000004 14.212500000000004 25.312500000000004 2.5000000000000004 0.99939377080793557 28.950000000000003 21.109114583333337 2.5000000000000004 1.0150383135137619 2.5000000000000004 30.450000000000003 0.92180858479239347 0.9083425663746435 -0.82897401153126982 22.358333333333338 29.500000000000004 5.5000000000000009 23.500000000000004 -0.48313741114591585 1.0000000180025095e-35 25.912500000000005 1.0000000180025095e-35 0.75580964594513067 0.24372619187392155 29.642968750000005 34.603385416666676 29.327864583333341
decision_type=2 2 2 2 2 2 2 2 2 2 2 2 2 2 2 2 2 2 2 2 2 2 2 2 2 2 2 2 2 2
left_child=1 2 4 -3 -1 7 -7 8 9 -6 16 14 -13 -14 15 -10 -11 -12 20 -20 23 -22 25 -2 26 -23 -25 -28 -29 -26
right_child=18 3 -4 -5 5 6 -8 -9 11 10 17 12 13 -15 -16 -17 -18 -19 19 -21 21 22 -24 24 29 -27 27 28 -30 -31
leaf_value=-0.022863462523468981 0.0039478900877862677 0.043100981984713953 -7.1523447964606096e-05 -0.00084728602505786891 0.0012209195893472368 0.019587942805890268 -0.13745559760517409 -0.015891080915835205 0.01790268907725414 -0.037618548482575787 -0.02813339200643172 -0.093772095144736126 -0.022674357153422413 0.0060269493088349422 0.01775660180297987 -0.030968050764933166 -0.037796989521230194 0.026905374164178392 -0.00084228781690537748 0.007072326762351009 0.048166050327795251 -0.0052012495348944237 0.016815995248301244 0.027311138124811368 -0.027575558539652323 -0.04054575406315139 -0.080200043538202467 0.01431285997885281 -0.023876924118481399 -0.009064342212872804
leaf_weight=50 17665 533 1900 2627 280 50 79 55 96 54 55 96 50 205 415 60 50 85 75667 13239 3210 1644 2808 2548 1668 432 52 770 412 2493
leaf_count=50 17665 533 1900 2627 280 50 79 55 96 54 55 96 50 205 415 60 50 85 75667 13239 3210 1644 2808 2548 1668 432 52 770 412 2493
internal_value=9.3469e-05 -0.00045994 -0.00127095 0.000458861 -0.00261905 -0.00236196 -0.0074031 -0.00192871 -0.001639 -0.00358779 -0.00790984 -0.000531453 -0.00326211 -0.000686274 0.00114711 -0.00301282 -0.0161538 -0.00178571 0.000123891 2.90196e-05 0.000374162 0.0010341 0.00010647 0.000165573 -0.000791263 -0.00162331 0.000703332 -0.00144246 -0.000795262 -0.00214972
internal_weight=129348 6740 3580 3160 1680 1630 129 1501 1446 524 244 922 351 255 571 156 104 140 122608 88906 33702 8094 4884 25608 7943 2076 3782 1234 1182 4161
internal_count=129348 6740 3580 3160 1680 1630 129 1501 1446 524 244 922 351 255 571 156 104 140 122608 88906 33702 8094 4884 25608 7943 2076 3782 1234 1182 4161
is_linear=0
shrinkage=0.05


Tree=268
num_leaves=31
num_cat=0
split_feature=9 8 0 9 0 7 7 8 0 3 0 0 10 3 4 7 8 4 0 4 4 8 4 9 9 9 8 0 3 8
split_gain=0.865257 1.67717 1.8021 1.52807 3.02979 1.14136 0.97374 2.06703 0.917423 1.70261 1.08014 0.840458 1.65245 1.24697 1.6336 2.90905 4.51038 1.19558 1.14713 3.56457 2.15538 1.29248 0.891736 1.91238 1.69679 2.46783 1.65128 1.22273 1.591 1.66121
threshold=35.273437500000007 42.800000000000004 86.500000000000014 35.062239583333344 78.500000000000014 30.312500000000004 40.162500000000009 41.650000000000013 66.500000000000014 0.58481550752069722 12.500000000000002 91.500000000000014 1.0000000180025095e-35 0.96904697354198299 0.52583933546504591 11.437500000000002 19.450000000000003 -0.93845867424155849 88.500000000000014 -0.34234976856068178 -0.39036009226888674 40.850000000000001 -0.99465740988130902 29.557031250000005 34.603385416666676 34.42239583333334 37.750000000000007 49.500000000000007 0.022575936829235418 38.750000000000007
decision_type=2 2 2 2 2 2 2 2 2 2 2 2 2 2 2 2 2 2 2 2 2 2 2 2 2 2 2 2 2 2
left_child=3 5 8 11 -5 -2 -7 -8 9 10 -3 18 -13 14 17 16 -16 -14 22 20 21 -20 23 -1 25 26 -25 -28 -29 -30
right_child=1 2 -4 4 -6 6 7 -9 -10 -11 -12 12 13 -15 15 -17 -18 -19 19 -21 -22 -23 -24 24 -26 -27 27 28 29 -31
leaf_value=0.020857461430110413 -0.063827643914315141 -0.025252705891057443 -0.066207442596107779 -0.0099429361671390624 -0.10644141976082662 0.063927448671963705 -0.068004091544700829 0.082035900376629667 0.086790236928434558 0.028186259422740775 -0.04396754685343493 0.027349852533859537 0.012631708549624998 0.052759581080352363 0.0040408115426557338 0.035249910707424205 -0.033396216007065924 -0.023612099576832767 -0.035557758915189169 0.0043980555383384759 -0.10945166094889253 -0.11838604815216935 0.0010037540979633656 -0.026976410097750498 0.14499346906720675 -0.12847169480073878 0.024103835400933166 0.056597708048759132 0.026229016991459977 -0.16310021554710044
leaf_weight=445 58 65 72 316 68 846 107 141 160 201 270 2176 426 232 258 547 75 1580 1576 2292 51 54 113964 1951 267 89 600 195 113 153
leaf_count=445 58 65 72 316 68 846 107 141 160 201 270 2176 426 232 258 547 75 1580 1576 2292 51 54 113964 1951 267 89 600 195 113 153
internal_value=9.23093e-05 0.00114583 -0.000664062 7.64355e-05 -0.00307292 0.00235243 0.00271481 -4.03224e-05 0.000114943 -0.000876865 -0.0030597 8.59547e-05 0.000702682 -3.52788e-05 -0.00031878 0.00147727 -0.00220721 -0.00110668 5.91378e-05 -0.000776491 -0.00252528 -0.00220859 8.73262e-05 -0.000664831 -0.00107185 -0.00140116 -0.0011587 0.000428841 -0.00150759 -0.00402256
internal_weight=129348 1920 768 127428 384 1152 1094 248 696 536 335 127044 5294 3118 2886 880 333 2006 121750 3973 1681 1630 117777 3813 3368 3101 3012 1061 461 266
internal_count=129348 1920 768 127428 384 1152 1094 248 696 536 335 127044 5294 3118 2886 880 333 2006 121750 3973 1681 1630 117777 3813 3368 3101 3012 1061 461 266
is_linear=0
shrinkage=0.05


Tree=269
num_leaves=31
num_cat=0
split_feature=9 9 0 3 7 9 8 11 0 1 4 7 9 7 8 10 0 3 11 0 11 7 8 4 8 9 11 7 9 3
split_gain=1.14605 1.52313 3.02979 1.40625 0.88234 1.17645 1.11887 0.895091 1.3347 0.877831 0.870699 1.44528 1.33626 1.15628 1.45223 1.86873 4.17999 1.63799 1.50679 2.3745 1.90156 1.76636 1.06673 2.8049 2.2252 4.09303 3.44781 2.81579 2.5811 3.06806
threshold=35.273437500000007 35.062239583333344 78.500000000000014 0.26866988313759588 30.812500000000004 35.949479166666677 43.000000000000007 1.065666172741313 83.500000000000014 4.5000000000000009 -0.99628250747696534 38.787500000000016 34.42239583333334 26.787500000000005 37.900000000000006 1.0000000180025095e-35 82.500000000000014 1.0000000180025095e-35 1.0095531556613402 52.500000000000007 0.99290724717615986 34.88750000000001 34.350000000000001 0.1573897509163161 31.950000000000003 28.856770833333339 1.0819350045148084 29.312500000000004 28.737760416666671 -0.59869031648930193
decision_type=2 2 2 2 2 2 2 2 2 2 2 2 2 2 2 2 2 2 2 2 2 2 2 2 2 2 2 2 2 2
left_child=1 10 -3 -2 6 -6 9 -7 -9 -5 11 13 -13 -1 15 16 18 -16 19 20 -15 -20 24 -24 25 28 -27 -28 -12 -30
right_child=3 2 -4 4 5 7 -8 8 -10 -11 22 12 -14 14 17 -17 -18 -19 21 -21 -22 -23 23 -25 -26 26 27 -29 29 -31
leaf_value=0.051001206565756185 0.07835793192569343 -0.0094457893587822882 -0.10111934877278597 -0.026689356313414448 0.049894411398758685 -0.14040501974786909 0.0021580434444824432 0.010435317100036421 -0.063055005388960639 -0.099219158656649459 0.001160439245261909 -0.017754225315508167 -0.36451675744239581 -0.074146901880035213 0.090671256363273042 -0.0023881077973222087 -0.16027998885138714 -0.0026321379326244045 0.056277582533688857 0.028421604097682365 -0.17455189377669894 -0.043665537781642019 0.004213515494910682 0.10850380211800142 -0.0050591122312057596 0.10822582629388758 0.018758624322310197 -0.075303134254802812 0.019986804513272394 -0.063660517295498112
leaf_weight=168 480 316 68 65 706 93 117 348 60 51 72188 59 57 158 269 1182 91 851 165 120 53 84 26772 480 22811 864 106 86 192 288
leaf_count=168 480 316 68 65 706 93 117 348 60 51 72188 59 57 158 269 1182 91 851 165 120 53 84 26772 480 22811 864 106 86 192 288
internal_value=8.96034e-05 7.13346e-05 -0.00307292 0.00130208 0.000520834 0.00106462 -0.00229614 -0.000788423 0.000220588 -0.00577586 8.08383e-05 -0.000726128 -0.0062069 -0.000523718 -0.000751766 -0.0016109 -0.00371833 0.000669643 -0.00215517 -0.00436556 -0.00755924 0.000783133 0.000102071 0.000378321 2.40847e-05 0.000157615 0.00324811 -0.0028125 0.000112705 -0.00354167
internal_weight=129348 127428 384 1920 1440 1207 233 501 408 116 127044 3257 116 3141 2973 1853 671 1120 580 331 211 249 123787 27252 96535 73724 1056 192 72668 480
internal_count=129348 127428 384 1920 1440 1207 233 501 408 116 127044 3257 116 3141 2973 1853 671 1120 580 331 211 249 123787 27252 96535 73724 1056 192 72668 480
is_linear=0
shrinkage=0.05


Tree=270
num_leaves=31
num_cat=0
split_feature=9 9 0 3 0 0 9 0 0 10 8 3 11 7 8 9 9 7 11 11 8 4 7 1 1 1 11 11 11 9
split_gain=1.05391 1.52161 3.02979 1.46944 1.1827 2.21514 1.26043 0.921827 0.832969 1.54031 1.18375 1.15474 2.20513 1.13215 4.65937 1.69509 1.63361 1.3166 1.4775 1.3399 1.25225 1.16362 1.16477 1.12711 1.08177 1.34533 0.982023 1.04301 1.25145 1.7695
threshold=35.273437500000007 35.062239583333344 78.500000000000014 0.26866988313759588 22.500000000000004 18.500000000000004 35.949479166666677 53.500000000000007 91.500000000000014 1.0000000180025095e-35 40.550000000000004 -0.96902457013955734 1.0635821354874333 10.287500000000003 18.650000000000002 20.344270833333336 21.782552083333339 25.512500000000006 0.96809040440132665 0.92664623957318337 30.050000000000004 -0.90531874877253482 26.287500000000005 1.0000000180025095e-35 4.5000000000000009 5.5000000000000009 0.83812870703902109 0.96159218389975776 1.0056949036199556 15.938020833333335
decision_type=2 2 2 2 2 2 2 2 2 2 2 2 2 2 2 2 2 2 2 2 2 2 2 2 2 2 2 2 2 2
left_child=1 8 -3 -2 5 -5 7 -6 -1 26 11 12 -11 14 -13 -15 -17 18 19 -18 -19 -22 -23 -24 -25 -26 -10 -28 29 -29
right_child=3 2 -4 4 6 -7 -8 -9 9 10 -12 13 -14 15 -16 16 17 20 -20 -21 21 22 23 24 25 -27 27 28 -30 -31
leaf_value=0.00043306954077823356 0.07444003532940871 -0.0089734998908433516 -0.096063381334146783 -0.00069327502053337679 0.18738819737920814 -0.07372725935746105 -0.013261567721619603 0.027333219370249663 -0.027625262643330747 -0.017917793172147624 -0.069395456454797763 0.010871122599239372 -0.093390416579465577 0.025832205246574522 -0.040928575311323434 -0.027281829356121497 0.038378083477870743 -0.072944781071434303 0.051711661786833799 -0.028053212864429258 0.01600518395091723 0.06052634290951369 -0.057822932981596069 0.0047698956872603941 -0.081500296911898543 -0.016841175283953201 0.045364224569677924 0.057765484937714565 0.036100337168369315 -0.021851317161594077
leaf_weight=121750 480 316 68 285 279 60 438 378 72 200 52 164 52 619 69 116 124 76 404 110 479 86 87 309 75 96 480 136 988 500
leaf_count=121750 480 316 68 285 279 60 438 378 72 200 52 164 52 619 69 116 124 76 404 110 479 86 87 309 75 96 480 136 988 500
internal_value=8.72841e-05 6.97651e-05 -0.00307292 0.00125 0.000451389 -0.00210145 0.00125571 0.00264079 7.92641e-05 0.000693238 -1.92429e-05 0.000107632 -0.00313492 0.00039801 -0.00293991 0.000699342 -2.03872e-05 0.000341279 0.00217868 -0.000982906 -0.000629139 -0.000212014 -0.00158499 -0.00240741 -0.00145833 -0.00464912 0.00171415 0.00191065 0.00130542 -0.000424528
internal_weight=129348 127428 384 1920 1440 345 1095 657 127044 5294 3118 3066 252 2814 233 2581 1962 1846 638 234 1208 1132 653 567 480 171 2176 2104 1624 636
internal_count=129348 127428 384 1920 1440 345 1095 657 127044 5294 3118 3066 252 2814 233 2581 1962 1846 638 234 1208 1132 653 567 480 171 2176 2104 1624 636
is_linear=0
shrinkage=0.05


Tree=271
num_leaves=31
num_cat=0
split_feature=9 9 0 3 0 0 9 3 0 3 0 7 0 4 8 11 11 9 9 9 11 9 8 3 9 4 7 9 1 8
split_gain=1.05742 1.39631 2.65893 1.225 1.11379 1.87963 1.17869 1.05469 0.921827 0.913242 1.37068 1.28397 0.841646 1.08873 1.10524 0.966548 1.21588 1.28115 1.60233 1.44091 1.41176 0.934395 2.3295 2.63961 2.89032 4.26613 2.9388 2.63861 2.58961 2.51141
threshold=35.273437500000007 35.062239583333344 78.500000000000014 0.26866988313759588 22.500000000000004 18.500000000000004 35.949479166666677 1.0000000180025095e-35 53.500000000000007 0.58481550752069722 67.500000000000014 35.962500000000013 92.500000000000014 0.63755505330306683 34.250000000000007 0.80519389663381347 0.92423624745419519 21.782552083333339 24.729427083333338 20.344270833333336 0.98380014225728607 11.341666666666669 18.250000000000004 0.3504237462291826 12.247135416666669 0.97461712852231652 11.662500000000003 11.695833333333335 5.5000000000000009 17.850000000000005
decision_type=2 2 2 2 2 2 2 2 2 2 2 2 2 2 2 2 2 2 2 2 2 2 2 2 2 2 2 2 2 2
left_child=1 12 -3 7 5 -5 8 -2 -6 10 -8 -11 21 14 15 -14 -17 19 -19 20 -18 -1 23 24 25 -23 29 28 -24 -26
right_child=3 2 -4 4 6 -7 9 -9 -10 11 -12 -13 13 -15 -16 16 17 18 -20 -21 -22 22 27 -25 26 -27 -28 -29 -30 -31
leaf_value=-0.0043872558179061296 -0.0050312390044054221 -0.0085248248963005115 -0.091260212267439411 -0.0006586112695071896 0.17801878751024711 -0.070040896389587617 -0.10446015935823463 0.16680815717954342 0.02596655840173652 -0.032533649544497577 0.048127223613964883 0.083333631884061454 -0.070198539415036107 0.019235265413850566 0.025727826874149151 0.018829919717285832 -0.076027138533064267 0.029208535772546385 -0.013997217764430038 -0.029159382426078736 0.048813991481930975 -0.12960837899242991 0.17243367136756624 0.066082684500758423 -0.033853345914966269 0.0062969251331559386 0.032809078024321696 0.00025224789431072366 -0.010462474844299458 0.044658934557250153
leaf_weight=4464 96 316 68 285 279 60 135 384 378 74 84 145 54 1164 942 394 51 213 1020 81 51 186 465 837 176 372 1047 115355 93 79
leaf_count=4464 96 316 68 285 279 60 135 384 378 74 84 145 54 1164 942 394 51 213 1020 81 51 186 465 837 176 372 1047 115355 93 79
internal_value=8.53513e-05 6.78032e-05 -0.00294271 0.00125 0.000520834 -0.00195652 0.00130137 0.0034375 0.00264079 -0.000707762 -0.00299087 0.00157534 7.69027e-05 0.000793451 0.000260157 -0.000445279 -0.000248619 -0.000932203 -0.000352798 -0.00483607 -0.000882353 5.3789e-05 8.05162e-05 0.00153319 0.000483871 -0.00252688 0.00177419 4.67163e-05 0.0034767 -0.00303922
internal_weight=129348 127428 384 1920 1440 345 1095 480 657 438 219 219 127044 3970 2806 1864 1810 1416 1233 183 102 123074 118610 2697 1860 558 1302 115913 558 255
internal_count=129348 127428 384 1920 1440 345 1095 480 657 438 219 219 127044 3970 2806 1864 1810 1416 1233 183 102 123074 118610 2697 1860 558 1302 115913 558 255
is_linear=0
shrinkage=0.05


Tree=272
num_leaves=31
num_cat=0
split_feature=9 3 9 0 3 0 0 9 3 0 0 0 0 4 3 9 3 7 8 11 9 9 1 3 11 11 8 0 7 11
split_gain=0.876085 1.34444 1.27988 2.73669 1.05469 0.992407 1.87963 1.0997 0.832192 2.88097 2.04062 0.819229 0.751727 1.07998 1.21052 1.15667 1.34988 0.945363 1.38039 1.05223 1.4592 1.28017 0.848047 1.06603 0.753206 3.29344 3.12386 3.28497 3.64593 2.99141
threshold=35.273437500000007 0.26866988313759588 35.062239583333344 78.500000000000014 1.0000000180025095e-35 22.500000000000004 18.500000000000004 35.949479166666677 0.57077594689671507 67.500000000000014 80.500000000000014 48.500000000000007 92.500000000000014 0.63755505330306683 0.96904697354198299 30.529427083333335 0.94978112945126536 27.112500000000004 34.95000000000001 1.0855630818775608 29.557031250000005 29.382031250000001 1.0000000180025095e-35 0.3342611484689354 0.99547686574958993 0.99596115158401199 19.350000000000005 73.500000000000014 17.212500000000006 0.99517992508811626
decision_type=2 2 2 2 2 2 2 2 2 2 2 2 2 2 2 2 2 2 2 2 2 2 2 2 2 2 2 2 2 2
left_child=2 4 12 -4 -2 6 -3 11 9 -9 -10 -7 24 14 15 16 17 -14 19 21 -21 -19 23 -15 29 26 -26 -28 -29 -1
right_child=1 5 3 -5 -6 7 -8 8 10 -11 -12 -13 13 22 -16 -17 -18 18 -20 20 -22 -23 -24 -25 25 -27 27 28 -30 -31
leaf_value=0.0017528283088958962 -0.0047796770541849304 -0.00062568070603216978 -0.0080985836514848829 -0.086697201654067982 0.15846774932056684 0.21887226207796617 -0.066538851570107638 -0.13509009678482126 0.04545951035637473 0.24796263429544912 -0.063530466133454574 0.029498790770224471 0.0026386325048576944 0.026794445535081059 0.034669432858764157 0.027966183641483167 -0.024186348317198028 -0.036996581637355273 -0.057297000808139778 0.0087708617074454005 -0.067436642553195772 0.026154495317003635 0.021709893735282971 -0.052166561721127207 0.039315694696468534 -9.6184077344176486e-05 -0.028592521154361318 -0.022285328633490715 -0.080520741002930135 0.055706316928958333
leaf_weight=55189 96 285 316 68 384 234 60 90 232 56 60 423 1343 114 261 597 51 195 54 50 69 186 996 54 279 66397 518 68 65 558
leaf_count=55189 96 285 316 68 384 234 60 90 232 56 60 423 1343 114 261 597 51 195 54 50 69 186 996 54 279 66397 518 68 65 558
internal_value=8.57379e-05 0.00114583 6.97651e-05 -0.0028125 0.0034375 0.000381945 -0.00195652 0.00111872 -0.000821918 -0.00390411 0.000719178 0.00241248 7.84769e-05 0.000755668 0.000224519 -0.000108055 -0.000698152 -0.00048234 -0.00222022 -0.0014 -0.0055042 -0.00011811 0.00203608 -0.00125 5.66328e-05 -5.59209e-05 -0.00301075 -0.00490783 -0.0119173 0.000192567
internal_weight=129348 1920 127428 384 480 1440 345 1095 438 146 292 657 127044 3970 2806 2545 1948 1897 554 500 119 381 1164 168 123074 67327 930 651 133 55747
internal_count=129348 1920 127428 384 480 1440 345 1095 438 146 292 657 127044 3970 2806 2545 1948 1897 554 500 119 381 1164 168 123074 67327 930 651 133 55747
is_linear=0
shrinkage=0.05


Tree=273
num_leaves=31
num_cat=0
split_feature=9 3 9 0 0 0 8 0 3 3 0 9 7 1 3 7 0 8 1 9 0 7 0 3 3 9 8 11 8 3
split_gain=1.01066 1.25434 1.16552 2.74169 0.841058 1.29123 0.924657 0.95829 1.2071 0.833333 0.761576 1.65071 2.07755 2.88758 1.69103 1.30136 1.07382 2.14474 1.679 3.84514 9.44399 3.2381 1.96801 2.84027 2.41667 2.47838 8.27755 2.79883 2.74286 2.53968
threshold=35.273437500000007 0.26866988313759588 35.062239583333344 80.500000000000014 22.500000000000004 18.500000000000004 43.550000000000004 83.500000000000014 0.57077594689671507 1.0000000180025095e-35 4.5000000000000009 27.237760416666671 25.312500000000004 2.5000000000000004 0.99865421017599998 25.612500000000004 29.500000000000004 42.800000000000004 1.0000000180025095e-35 34.42239583333334 60.500000000000007 35.51250000000001 53.500000000000007 -0.48314718476766422 -0.49813634056773481 29.327864583333341 32.850000000000001 0.9040579196039068 28.950000000000003 -0.81923160956083974
decision_type=2 2 2 2 2 2 2 2 2 2 2 2 2 2 2 2 2 2 2 2 2 2 2 2 2 2 2 2 2 2
left_child=2 9 10 -4 5 -3 -6 8 -8 -2 11 12 14 -14 -1 -13 17 -12 19 21 -21 22 -18 24 25 27 -27 28 -24 -29
right_child=1 4 3 -5 6 -7 7 -9 -10 -11 16 15 13 -15 -16 -17 18 -19 -20 20 -22 -23 23 -25 -26 26 -28 29 -30 -31
leaf_value=-0.0038143402123628788 -0.0045406932014755352 -0.00059439667073033246 -0.0068079063366152555 -0.085110264114673762 0.048792281188233026 -0.063211908991602589 -0.1005169619617526 -0.060353942826782428 0.037250383076031054 0.1505443618545379 0.0032650160655614429 0.040678198022162715 0.018400450206140805 -0.13072048405996414 -0.010464092850792951 -0.00082111271060371967 -0.019508039884840806 -0.022455652046820117 0.001222822268934366 -0.1546223050932593 0.084548923484359703 0.062388271061351842 0.0074776631123880475 0.0049722589840529591 -0.10001023918118584 -0.10656662297083586 -0.0015070281877331288 -0.014414741371100315 -0.0675821200795369 0.044264666055355353
leaf_weight=3371 96 285 324 60 730 60 122 60 183 384 33052 533 50 79 80 2507 4120 50 74983 62 70 740 168 4911 84 84 210 1008 210 672
leaf_count=3371 96 285 324 60 730 60 122 60 183 384 33052 533 50 79 80 2507 4120 50 74983 62 70 740 168 4911 84 84 210 1008 210 672
internal_value=8.53513e-05 0.00122396 6.81956e-05 -0.00268229 0.000486111 -0.00166667 0.00116438 -0.000890411 0.000245902 0.0034375 7.65091e-05 -0.000445619 -0.00117318 -0.0074031 -0.000940307 0.000411184 0.000105212 0.000347713 1.32844e-05 -0.00052719 -0.00901515 -0.000435406 -0.000642278 -0.000151762 -0.00154762 -0.00125 -0.00554422 -0.00063654 -0.00452381 0.000238095
internal_weight=129348 1920 127428 384 1440 345 1095 365 305 480 127044 6620 3580 129 3451 3040 120424 33102 87322 12339 132 12207 11467 7347 2436 2352 294 2058 378 1680
internal_count=129348 1920 127428 384 1440 345 1095 365 305 480 127044 6620 3580 129 3451 3040 120424 33102 87322 12339 132 12207 11467 7347 2436 2352 294 2058 378 1680
is_linear=0
shrinkage=0.05


Tree=274
num_leaves=31
num_cat=0
split_feature=9 3 8 8 7 11 9 1 9 8 3 0 8 3 3 7 8 7 1 0 8 3 11 8 0 0 8 11 9 9
split_gain=0.885052 1.34444 1.04599 2.86148 2.91734 3.39167 3.22164 2.70389 1.84539 1.81668 2.08847 1.70709 1.64314 1.42636 1.6981 3.30969 8.89378 3.16352 4.19516 2.65136 2.67931 3.05773 2.5271 2.04572 1.70733 1.63106 1.90304 1.55769 3.26292 1.39236
threshold=35.273437500000007 0.26866988313759588 39.45000000000001 39.750000000000007 37.962500000000013 1.0863116984423709 33.62916666666667 2.5000000000000004 31.770312500000006 39.250000000000007 0.97508442350096236 62.500000000000007 39.650000000000013 0.69056404122701587 0.59177612190863982 36.412500000000016 41.650000000000013 30.137500000000006 4.5000000000000009 81.500000000000014 40.150000000000013 0.36648264796514479 1.0056949036199556 43.20000000000001 66.500000000000014 55.500000000000007 41.150000000000013 1.0114098712100164 33.552604166666676 34.42239583333334
decision_type=2 2 2 2 2 2 2 2 2 2 2 2 2 2 2 2 2 2 2 2 2 2 2 2 2 2 2 2 2 2
left_child=2 -2 9 4 12 6 -6 8 11 29 -11 -5 -4 14 17 23 -17 18 27 22 -21 -22 24 -16 25 26 -19 -9 -29 -1
right_child=1 -3 3 7 5 -7 -8 13 -10 10 -12 -13 -14 -15 15 16 -18 19 -20 20 21 -23 -24 -25 -26 -27 -28 28 -30 -31
leaf_value=0.0007657664379027364 0.061704398353820834 0.0042443688624261211 0.014294187864897981 0.00064594149525468777 -0.028088748706498731 0.076009881620718561 -0.27111869890476969 0.097504095438679883 0.024709461999098653 0.11246867313408507 -0.04197907116028201 -0.11636673289139664 -0.052236891648876772 0.010297175938193539 0.0049147249561062225 -0.20111194873634572 0.19667885655806164 -0.019508239999095577 -0.11457558952036251 0.081255924528064072 -0.15291724310949284 -0.094296997712665143 0.077091225094108207 -0.10104682627272291 0.064741229064383191 -0.050257396222296684 0.12323861750751962 0.057438008599471506 -0.059997114241488493 -0.1040248780285072
leaf_weight=120189 480 1440 368 189 70 67 84 50 2483 671 96 99 363 660 240 95 73 185 62 70 56 90 660 57 90 66 69 59 71 96
leaf_count=120189 480 1440 368 189 70 67 84 50 2483 671 96 99 363 660 240 95 73 185 62 70 56 90 660 57 90 66 69 59 71 96
internal_value=8.03261e-05 0.00114583 6.42718e-05 -0.000559912 -0.00308824 -0.00812217 -0.0122078 -0.00011615 0.000976182 9.71485e-05 0.00252282 -0.0028125 -0.00156635 -0.00125707 -0.00192423 -0.00456989 -0.0101786 -0.00111911 -0.00636364 -0.000132193 -0.00518518 -0.0090411 0.000887851 -0.00139731 -0.00219512 -0.00390625 -0.00208661 -0.0025 -0.00538462 8.16812e-05
internal_weight=129348 1920 127428 6376 952 221 154 5424 2771 121052 767 288 731 2653 1993 465 168 1528 242 1286 216 146 1070 297 410 320 254 180 130 120285
internal_count=129348 1920 127428 6376 952 221 154 5424 2771 121052 767 288 731 2653 1993 465 168 1528 242 1286 216 146 1070 297 410 320 254 180 130 120285
is_linear=0
shrinkage=0.05


Tree=275
num_leaves=31
num_cat=0
split_feature=10 3 4 7 0 0 4 7 4 1 8 8 5 9 4 1 11 11 8 11 1 3 4 1 1 1 11 11 7 3
split_gain=0.901527 3.6214 5.40619 4.44042 2.94068 5.41541 5.05437 7.18541 4.93573 4.89181 4.05071 8.36692 3.78962 8.05921 3.74796 6.32279 6.50781 3.69654 3.2889 6.82259 19.0224 5.15025 3.20886 3.13283 3.60151 4.80117 3.6862 3.06846 3.00094 2.99019
threshold=1.0000000180025095e-35 0.76696112484652035 0.55478649335567887 14.612500000000002 18.500000000000004 38.500000000000007 0.98332250088165762 11.662500000000003 0.51113019672828186 1.0000000180025095e-35 29.850000000000005 29.650000000000002 1.0000000180025095e-35 19.588802083333338 0.48126256173783166 5.5000000000000009 0.99596115158401199 1.0515743247573357 36.45000000000001 1.0072311150830457 5.5000000000000009 0.7210268013660811 0.98899263613956456 1.0000000180025095e-35 2.5000000000000004 5.5000000000000009 1.0711909405400801 1.1064219518172318 18.712500000000006 0.79904096188274243
decision_type=2 2 2 2 2 2 2 2 2 2 2 2 2 2 2 2 2 2 2 2 2 2 2 2 2 2 2 2 2 2
left_child=1 -1 -3 -4 6 17 8 22 9 -2 11 14 -10 -14 15 -11 -17 -6 -12 20 21 -20 -8 -24 26 -26 -25 29 -13 -7
right_child=4 2 3 -5 5 27 7 -9 12 10 18 28 13 -15 -16 16 -18 -19 19 -21 -22 -23 23 24 25 -27 -28 -29 -30 -31
leaf_value=0.0057846453289207731 0.01415159287665428 -0.001921540805424362 -0.062248942813821567 -0.021864391377482643 0.017366168103801774 -0.0059275030190523029 -0.043704921067696981 0.015510213740440097 0.0082188116528669527 -0.003790364871033622 -0.0032070373608491208 -0.0076943845273825225 -0.031016590516663885 0.039786656238907772 -0.019851478330428246 -0.006873295183320755 -0.16104736832069316 -0.003862533711623985 0.0056473076713240526 -0.0081332879540445616 -0.2431761592504918 -0.07631145478888908 0.0087455487740608837 -0.025416793946548107 -1.6190598385852152e-05 -0.031830765327341574 -0.0052494595760718002 0.021750034282366978 -0.060193129039711551 0.0066462556913318357
leaf_weight=45598 1501 8060 149 619 11892 33071 85 200 3287 1235 6080 50 76 76 76 114 95 3735 171 1042 54 76 76 108 215 76 57 3471 83 7920
leaf_count=45598 1501 8060 149 619 11892 33071 85 200 3287 1235 6080 50 76 76 76 114 95 3735 171 1042 54 76 76 108 215 76 57 3471 83 7920
internal_value=7.99396e-05 0.000234814 -0.000692116 -0.00470052 -3.2567e-05 0.000123068 -0.000663048 -0.00448592 -0.000440211 -0.000975229 -0.00141252 -0.00365094 0.00120529 -0.00651316 -0.00259868 -0.00202909 -0.0100718 0.000923722 -0.000914051 -0.00315339 -0.00978405 -0.00390688 -0.00715559 -0.00571429 -0.0072807 -0.00393471 -0.0131818 -0.000158337 -0.0156767 -0.000279207
internal_weight=129348 54426 8828 768 74922 60089 14833 817 14016 10577 9076 1653 3439 152 1520 1444 209 15627 7423 1343 301 247 617 532 456 291 165 44462 133 40991
internal_count=129348 54426 8828 768 74922 60089 14833 817 14016 10577 9076 1653 3439 152 1520 1444 209 15627 7423 1343 301 247 617 532 456 291 165 44462 133 40991
is_linear=0
shrinkage=0.05


Tree=276
num_leaves=31
num_cat=0
split_feature=0 8 8 9 7 9 3 3 9 0 0 11 1 0 6 3 7 1 4 8 10 7 3 7 8 4 0 4 11 1
split_gain=0.845867 0.859687 1.95011 1.57895 3.54086 0.825844 1.09491 0.973158 0.914929 2.57014 0.787544 4.03333 1.5 1.29076 0.779751 2.62521 1.98875 3.69319 4.64888 3.49228 3.22533 7.50649 2.76178 2.22246 2.12299 1.89787 1.81085 1.74734 1.71723 1.60656
threshold=1.0000000180025095e-35 14.100000000000001 15.350000000000003 7.2007812500000012 7.9125000000000014 35.273437500000007 0.26866988313759588 1.0000000180025095e-35 35.062239583333344 78.500000000000014 45.500000000000007 1.078728888014248 1.0000000180025095e-35 28.500000000000004 1.0000000180025095e-35 -0.99166060804803513 23.562500000000004 1.5000000000000002 0.34033495509342487 29.550000000000004 1.0000000180025095e-35 14.612500000000002 -0.76141707087277943 18.262500000000006 30.050000000000004 -0.048362832084465616 24.500000000000004 -0.71502926860092908 1.1338093104982068 1.0000000180025095e-35
decision_type=2 2 2 2 2 2 2 2 2 2 2 2 2 2 2 2 2 2 2 2 2 2 2 2 2 2 2 2 2 2
left_child=-1 3 -3 10 -5 8 7 -7 14 -10 11 13 -12 -2 -4 -16 17 19 25 20 21 -17 -22 29 -18 -19 -27 -26 -29 -23
right_child=1 2 5 4 -6 6 -8 -9 9 -11 12 -13 -14 -15 15 16 24 18 -20 -21 22 23 -24 -25 27 26 -28 28 -30 -31
leaf_value=-0.0083420585981595109 -0.013453099333480224 0.048420734913192168 0.00056876719200075717 -0.00034590502213586381 -0.082809544080276229 -0.0031254967812376078 0.0047173476530585831 0.14624073791728007 -0.0047453970545651702 -0.077818925681888237 -0.06861056056524871 0.017025748156886001 0.054996379747906138 -0.21253019754590136 -0.036306103049366482 -0.072225293168072954 0.060772973961035086 0.13068141351879911 0.043103158642780165 0.027233687949812482 -0.032680216889403403 -0.039235155821389492 0.0054677562337338177 0.00016622428939211593 0.049347601037565365 -0.026082432792108479 -0.007705459000058707 0.0027683714746185037 -0.064951876568030642 -0.0187087080868675
leaf_weight=1347 84 380 118029 121 69 95 1425 380 312 68 100 135 200 51 95 81 954 104 995 194 98 61 388 175 947 144 108 2052 95 61
leaf_count=1347 84 380 118029 121 69 95 1425 380 312 68 100 135 200 51 95 81 954 104 995 194 98 61 388 175 947 144 108 2052 95 61
internal_value=8.45782e-05 9.76947e-05 0.000107709 -0.00157895 -0.00552632 9.69961e-05 0.00113158 0.00321053 8.12655e-05 -0.00236842 -0.000263158 -0.00222222 0.0015 -0.00833333 8.87376e-05 0.000619658 0.000741056 -0.00039643 0.00133605 -0.0026087 -0.00396991 -0.00743386 -0.00127572 -0.00375421 0.00141798 -0.00356742 -0.0059127 0.000782159 -6.98631e-06 -0.00893443
internal_weight=129348 128001 127241 760 190 126861 1900 475 124961 380 570 270 300 135 124581 6552 6457 2409 1351 1058 864 378 486 297 4048 356 252 3094 2147 122
internal_count=129348 128001 127241 760 190 126861 1900 475 124961 380 570 270 300 135 124581 6552 6457 2409 1351 1058 864 378 486 297 4048 356 252 3094 2147 122
is_linear=0
shrinkage=0.05


Tree=277
num_leaves=31
num_cat=0
split_feature=9 3 3 9 0 0 10 8 3 11 7 8 8 9 9 11 7 3 11 7 1 0 8 7 11 8 11 0 4 4
split_gain=0.793938 1.16736 0.963021 0.858832 1.69012 0.765009 1.22752 1.19902 1.18984 2.20513 1.40439 3.06628 2.81862 2.48137 1.25584 1.19677 2.14346 1.73173 1.90139 1.31732 1.3109 1.09872 1.00506 2.29448 1.17197 0.98 0.931373 0.897951 2.87 1.96559
threshold=35.273437500000007 0.26866988313759588 1.0000000180025095e-35 35.062239583333344 80.500000000000014 91.500000000000014 1.0000000180025095e-35 40.550000000000004 -0.96902457013955734 1.0635821354874333 12.262500000000001 19.450000000000003 20.200000000000006 20.344270833333336 21.782552083333339 0.97333803263008212 26.287500000000005 0.69056404122701587 0.93825018639968583 29.412500000000005 1.0000000180025095e-35 93.500000000000014 24.250000000000004 15.212500000000004 0.83052972725518914 31.550000000000004 0.82284707828887094 88.500000000000014 -0.34234976856068178 -0.45273527932988084
decision_type=2 2 2 2 2 2 2 2 2 2 2 2 2 2 2 2 2 2 2 2 2 2 2 2 2 2 2 2 2 2
left_child=3 2 -2 5 -5 27 22 8 9 25 11 21 -13 -12 -15 17 -17 26 -19 20 -18 -10 -7 -24 -25 -8 -16 -1 29 -29
right_child=1 -3 -4 4 -6 6 7 -9 10 -11 13 12 -14 14 15 16 19 18 -20 -21 -22 -23 23 24 -26 -27 -28 28 -30 -31
leaf_value=0.00074309152844308441 -0.0075318358864761605 0.0035070507702045922 0.13233065468180963 -0.0055440614335491977 -0.077806697091686777 0.04625469016532055 0.048490790481146621 -0.06834293494105867 -0.011899195334680908 -0.089727492781105325 0.04694977987943609 -0.036015156732602291 -0.0028772180997141874 -0.026294118578041693 -0.046201657820958197 0.049333469629901254 -0.055375213236187715 0.0082437025658219868 -0.12794405657717228 0.05802528774579585 -0.01222763663874633 0.018743874287790428 -0.06154656361623384 -0.036520078295503494 0.024148792175289428 -0.027787829941670995 0.0035165556076599486 -0.0340347123012592 0.0041659250636079505 -0.12604066882955897
leaf_weight=117777 96 1440 384 324 60 544 128 52 137 52 455 60 57 116 54 498 64 64 80 153 477 143 82 56 1494 72 456 1567 2292 114
leaf_count=117777 96 1440 384 324 60 544 128 52 137 52 455 60 57 116 54 498 64 64 80 153 477 143 82 56 1494 72 456 1567 2292 114
internal_value=8.45782e-05 0.00109375 0.00322917 6.93727e-05 -0.00229167 7.65091e-05 0.000664904 2.88648e-05 0.000156556 -0.00313492 0.000451315 -0.00230479 -0.00910256 0.000904013 0.000132518 0.000449621 0.00139262 -0.00126911 -0.00611111 -0.000403458 -0.00156192 0.000535714 0.00157629 0.000955883 0.0013871 -0.00075 9.80394e-05 5.09242e-05 -0.000688396 -0.00225758
internal_weight=129348 1920 480 127428 384 127044 5294 3118 3066 252 2814 397 117 2417 1962 1846 1192 654 144 694 541 280 2176 1632 1550 200 510 121750 3973 1681
internal_count=129348 1920 480 127428 384 127044 5294 3118 3066 252 2814 397 117 2417 1962 1846 1192 654 144 694 541 280 2176 1632 1550 200 510 121750 3973 1681
is_linear=0
shrinkage=0.05


Tree=278
num_leaves=31
num_cat=0
split_feature=0 4 3 9 9 11 1 3 9 11 11 9 11 0 1 0 7 9 7 0 1 7 7 9 9 0 0 1 0 9
split_gain=0.961614 1.06861 0.998642 1.03463 2.55737 0.933814 0.742295 1.1785 0.734299 0.710576 1.66969 2.65532 1.84492 2.20531 1.75412 2.06057 2.22932 1.60714 2.52148 2.4298 1.44827 1.35252 1.96197 1.23671 1.26891 1.1917 1.1409 0.962658 0.833095 0.803106
threshold=92.500000000000014 0.63755505330306683 0.96904697354198299 21.782552083333339 20.344270833333336 0.80519389663381347 1.0000000180025095e-35 0.3342611484689354 18.009635416666672 1.2071527841224958 1.1649345393363679 28.836718750000006 1.1538549292311382 59.500000000000007 5.5000000000000009 37.500000000000007 36.712500000000013 31.428125000000005 31.012500000000006 40.500000000000007 4.5000000000000009 32.412500000000016 35.13750000000001 34.603385416666676 32.651041666666671 79.500000000000014 78.500000000000014 1.0000000180025095e-35 75.500000000000014 35.273437500000007
decision_type=2 2 2 2 2 2 2 2 2 2 2 2 2 2 2 2 2 2 2 2 2 2 2 2 2 2 2 2 2 2
left_child=9 2 3 4 8 -5 7 -3 -2 10 12 -12 29 17 25 -16 -17 18 20 -19 -14 -15 -23 24 26 -13 27 -11 -26 -1
right_child=1 6 -4 5 -6 -7 -8 -9 -10 23 11 14 13 21 15 16 -18 19 -20 -21 -22 22 -24 -25 28 -27 -28 -29 -30 -31
leaf_value=0.00048562812122785902 0.050914146218746403 0.025895388810834863 0.03169673077320783 -0.058729725819072258 -0.02742053424106819 0.0052524803319547037 0.02010652666289137 -0.048920009846087943 -0.01993149344633138 -0.047418194130444562 -0.074442400814597409 0.074958517498841887 -0.073160988583587994 0.067564097894195083 0.085392529216113872 -0.30176247211320717 0.036867178452577878 0.011802157029802378 0.051759291022795952 -0.21286307393052942 -0.11928878633892943 -0.13710147906751857 0.10829741613838256 -0.07426188204456427 0.069349571550990197 -0.010517258680290874 0.094755904582729616 -0.040974014602976352 -0.04564813170982239 0.015479504780108528
leaf_weight=120749 57 114 261 60 72 2347 996 54 81 79 93 880 74 120 76 58 52 164 51 76 55 50 61 93 228 143 70 316 51 1767
leaf_count=120749 57 114 261 60 72 2347 996 54 81 79 93 880 74 120 76 58 52 164 51 76 55 50 61 93 228 143 70 316 51 1767
internal_value=8.45782e-05 0.000843642 0.000326616 3.24801e-05 -0.00333333 0.000326132 0.00212199 -0.000952381 0.000652174 6.00931e-05 6.98569e-05 0.001851 5.10285e-05 -0.00260369 0.00247725 -0.00198925 -0.00636364 -0.0047619 -0.00833333 -0.00208333 -0.0120543 0.00132035 -0.00265766 -0.00139188 -0.000712365 0.00328935 -0.00231183 -0.00335443 0.00195341 6.51345e-05
internal_weight=129348 4042 2878 2617 210 2407 1164 168 138 125306 124469 1302 123167 651 1209 186 110 420 180 240 129 231 111 837 744 1023 465 395 279 122516
internal_count=129348 4042 2878 2617 210 2407 1164 168 138 125306 124469 1302 123167 651 1209 186 110 420 180 240 129 231 111 837 744 1023 465 395 279 122516
is_linear=0
shrinkage=0.05


Tree=279
num_leaves=31
num_cat=0
split_feature=0 11 10 8 7 8 4 3 8 11 3 3 11 8 7 8 8 3 8 0 7 0 11 11 1 7 9 4 3 11
split_gain=0.87455 0.896299 0.782177 1.04303 1.03514 3.33097 1.98315 1.11125 1.61702 1.14542 1.16348 1.44185 1.18178 0.783443 1.34158 0.783276 1.38063 0.744344 0.735175 0.716424 0.800873 0.778739 1.81502 3.90434 6 8.97782 3.86832 3.03557 3.83067 3.65146
threshold=92.500000000000014 0.80519389663381347 1.0000000180025095e-35 40.350000000000001 12.062500000000002 19.450000000000003 0.52583933546504591 -0.21861968191509915 31.850000000000005 1.0492608630788383 0.44505654568748165 0.89017062131308955 0.97366293224832023 24.250000000000004 15.212500000000004 30.450000000000003 29.750000000000004 0.80926549319045582 28.850000000000005 1.0000000180025095e-35 30.537500000000005 36.500000000000007 0.98229519356535999 0.98315999032224444 2.5000000000000004 27.587500000000006 12.247135416666669 -0.48313741114591585 -0.11692013674435776 0.95165181534458754
decision_type=2 2 2 2 2 2 2 2 2 2 2 2 2 2 2 2 2 2 2 2 2 2 2 2 2 2 2 2 2 2
left_child=19 -2 13 4 5 -4 7 8 15 10 -9 17 -13 -3 -15 16 18 -12 -6 20 -1 22 26 24 -24 -26 -21 28 -28 -29
right_child=1 2 3 -5 6 -7 -8 9 -10 -11 11 12 -14 14 -16 -17 -18 -19 -20 21 -22 -23 23 -25 25 -27 27 29 -30 -31
leaf_value=-0.0068292834755139366 -0.050604051706232958 0.045290742593000359 0.0041374291992469113 -0.068313666367976825 -0.012739824749547421 -0.023236061671734684 0.040799981838151096 0.028872835648442941 -0.03598055732964011 0.057865698931804189 -0.088488696453504545 -0.020871200353333584 0.040532933405513831 -0.049985294761816693 0.024417385964371301 0.039763379863605612 -0.11452282043503091 -0.040096949678962851 0.028779851694349087 -0.026016081786604906 -0.046524063249414563 -0.00036484806309112702 -0.011375216646772107 0.00056828765095720101 -0.080614959615637458 0.019030828117149335 0.054712073755940442 -0.0042114312077732472 0.0047650278260197593 0.012203456949431974
leaf_weight=1270 72 405 204 51 69 82 368 184 309 267 111 81 141 64 1211 222 57 54 90 252 77 75426 288 30555 87 57 3620 5724 3810 4140
leaf_count=1270 72 405 204 51 69 82 368 184 309 267 111 81 141 64 1211 222 57 54 90 252 77 75426 288 30555 87 57 3620 5724 3810 4140
internal_value=8.26455e-05 0.000806532 0.000906801 0.000305677 0.000466726 -0.00234266 0.000878136 0.00011041 -0.00129183 0.00136038 9.63224e-05 -0.00145995 0.00117117 0.00172619 0.00111765 0.000662101 -0.00148148 -0.005 0.00091195 5.9295e-05 -0.0010876 7.17578e-05 0.000227989 -2.09747e-06 -0.00472222 -0.0130556 0.000634333 0.000723951 0.00148721 0.000149027
internal_weight=129348 4042 3970 2290 2239 286 1953 1585 747 838 571 387 222 1680 1275 438 216 165 159 125306 1347 123959 48533 30987 432 144 17546 17294 7430 9864
internal_count=129348 4042 3970 2290 2239 286 1953 1585 747 838 571 387 222 1680 1275 438 216 165 159 125306 1347 123959 48533 30987 432 144 17546 17294 7430 9864
is_linear=0
shrinkage=0.05


Tree=280
num_leaves=31
num_cat=0
split_feature=1 9 3 9 9 9 8 8 9 11 5 9 11 0 4 3 4 0 7 7 0 4 3 7 8 0 7 3 9 8
split_gain=0.750725 3.4409 3.18029 4.52679 3.01593 7.08349 4.47823 6.55726 6.94913 4.3813 3.62612 3.34792 4.51896 9.59519 7.26593 4.71944 4.38038 4.08333 3.96449 3.51252 2.93889 2.83333 6.61765 2.23109 2.18726 2.33671 2.11795 2.06824 3.9596 3.08455
threshold=5.5000000000000009 12.703645833333335 0.50557357885840837 12.339322916666669 26.398958333333336 28.111979166666671 28.750000000000004 23.550000000000004 16.601302083333337 1.1054431876437014 1.0000000180025095e-35 28.071614583333339 1.0174574584294211 33.500000000000007 -0.54219087765047058 -0.98930078251469888 -0.16799793862756093 47.500000000000007 26.987500000000004 32.51250000000001 59.500000000000007 -0.42958798411962301 0.98522604642031408 11.437500000000002 16.300000000000001 39.500000000000007 6.1125000000000016 -0.40614700388750385 17.422656250000003 25.650000000000002
decision_type=2 2 2 2 2 2 2 2 2 2 2 2 2 2 2 2 2 2 2 2 2 2 2 2 2 2 2 2 2 2
left_child=-1 2 3 23 6 11 7 10 -9 -7 -3 12 15 14 -14 18 -15 -13 -6 -18 -5 -16 -23 24 26 -26 -2 -10 -29 -30
right_child=1 4 -4 20 5 9 -8 8 27 -11 -12 17 13 16 21 -17 19 -19 -20 -21 -22 22 -24 -25 25 -27 -28 28 29 -31
leaf_value=0.00029734111744777873 -0.019551944808303388 0.026489109514116083 0.014914769514108202 -0.087824290478875078 -0.069817031840283331 0.019504480638739191 0.035396849726898355 -0.032084650463289947 0.0053804430185512521 -0.033272585738745523 -0.12587426085180661 -0.088339281189546773 -0.16788831400580342 0.054309872396407638 0.0057959681004013039 0.0070540373308501511 -0.055735631844370886 -0.48904527686416116 -0.011910626417901877 0.14347644409345503 -0.024114626093415366 -0.13042005195996262 -0.0057564814776872898 0.035772822483690805 -0.0081783331235963878 -0.068938180171549734 0.032857843381898837 -0.063743969485648574 0.0057079767514012208 -0.019864219677447351
leaf_weight=110082 86 2592 384 120 91 6505 2781 96 960 1054 96 96 68 308 68 1632 133 96 101 53 72 68 68 209 151 81 145 96 672 384
leaf_count=110082 86 2592 384 120 91 6505 2781 96 960 1054 96 96 68 308 68 1632 133 96 101 53 72 68 68 209 151 81 145 96 672 384
internal_value=7.9553e-05 0.000367487 -0.00217147 -0.00385417 0.000543346 -1.40217e-05 0.00129413 0.000383987 -0.00163496 0.000779865 0.00204241 -0.0021711 -0.00169884 -0.00492167 -0.0124632 -0.000345395 -0.000769231 -0.00854167 -0.00776042 -0.00682796 -0.010625 -0.0077451 -0.0119118 -0.00191964 -0.00385529 -0.00728448 -0.000411255 -0.00103693 -0.00246528 -0.00158144
internal_weight=129348 19266 1248 864 18018 10341 7677 4896 2208 7559 2688 2782 2590 766 272 1824 494 192 192 186 192 204 136 672 463 232 231 2112 1152 1056
internal_count=129348 19266 1248 864 18018 10341 7677 4896 2208 7559 2688 2782 2590 766 272 1824 494 192 192 186 192 204 136 672 463 232 231 2112 1152 1056
is_linear=0
shrinkage=0.05


Tree=281
num_leaves=31
num_cat=0
split_feature=1 0 3 3 11 3 7 7 8 9 8 3 3 11 8 3 3 11 11 9 0 11 5 11 0 8 11 3 3 7
split_gain=0.912354 2.97777 4.61724 5.44413 4.56719 3.18293 4.12951 3.03759 2.57143 2.56765 9.63391 12.7367 3.02667 2.8513 7.07859 3.83223 4.16833 2.41718 3.88889 2.37144 2.28723 2.73776 6.38647 4.02579 3.50032 2.17914 1.95025 2.23688 2.48007 2.06925
threshold=5.5000000000000009 20.500000000000004 -0.51297808981038739 -0.49813634056773481 1.1250574444522627 -0.98046803196378884 24.687500000000004 6.7375000000000016 38.150000000000013 17.649479166666669 28.750000000000004 0.77788564761185042 -0.099819732675876835 1.0095531556613402 38.150000000000013 0.94978112945126536 0.15951094710994371 1.0632854705466908 1.0751037620239305 12.070312500000002 72.500000000000014 1.0145048597912061 1.0000000180025095e-35 1.0165369992544311 37.500000000000007 24.050000000000004 0.95165181534458754 0.61915405168109316 -0.99697703579879204 27.387500000000006
decision_type=2 2 2 2 2 2 2 2 2 2 2 2 2 2 2 2 2 2 2 2 2 2 2 2 2 2 2 2 2 2
left_child=-1 2 5 -4 7 6 -2 -5 -6 19 11 -11 -12 14 15 16 -14 -15 -19 -9 21 -3 23 -23 -24 -13 27 28 -22 -30
right_child=1 20 3 4 8 -7 -8 9 -10 10 12 25 13 17 -16 -17 -18 18 -20 -21 26 22 24 -25 -26 -27 -28 -29 29 -31
leaf_value=0.0002824740615748096 0.0077378686599304889 0.035984554719123756 -0.056197154947256578 -0.024773149213396833 -0.13946144629687326 0.033539149185229912 -0.070454591468046557 -0.016576618808765202 -0.011254870065239628 -0.15955737065272491 0.1024022126163199 -0.023676433992809338 -0.076654856827969409 0.02348306571271121 -0.19236817416757512 -0.020131187192253902 0.048360087715044159 -0.064897161600445258 0.0072746121782336186 0.012188305659547888 0.12098152820985875 -0.18082606475149421 -0.096376703767924135 0.012160433023032685 -0.11923564688404371 0.0087927059355627224 0.0031897771158394999 0.0095474220748022788 -0.076894549762250297 -0.027966449516593186
leaf_weight=110082 158 6030 63 113 63 1092 73 69 63 63 231 63 63 462 102 84 294 126 210 742 69 52 51 4191 105 84 3745 253 284 268
leaf_count=110082 158 6030 63 113 63 1092 73 69 63 63 231 63 63 462 102 84 294 126 210 742 69 52 51 4191 105 84 3745 253 284 268
internal_value=8.38051e-05 0.000401225 -0.000772878 -0.00189119 -0.0015678 0.00167423 -0.00365801 -0.00113452 -0.010873 -0.000784805 -0.00184624 -0.0119048 -0.000502544 -0.00141312 -0.0042081 -0.00146258 0.000798319 0.000488722 -0.00273809 0.00154747 0.00073033 0.00114057 0.000192089 0.000557389 -0.00974359 -0.00384354 -0.00019593 -0.00232265 -0.0039372 -0.00505435
internal_weight=129348 19266 4218 2895 2832 1323 231 2706 126 2593 1782 210 1572 1341 543 441 357 798 336 811 15048 10429 4399 4243 156 147 4619 874 621 552
internal_count=129348 19266 4218 2895 2832 1323 231 2706 126 2593 1782 210 1572 1341 543 441 357 798 336 811 15048 10429 4399 4243 156 147 4619 874 621 552
is_linear=0
shrinkage=0.05


Tree=282
num_leaves=31
num_cat=0
split_feature=1 9 9 9 8 8 9 5 11 0 4 4 9 3 0 7 7 11 3 9 7 0 8 4 3 7 9 3 0 4
split_gain=1.04612 3.07028 2.92921 6.19583 3.60376 4.64261 5.82642 3.52783 3.20327 8.86824 8.51868 5.04928 3.96305 4.24357 3.84664 3.30372 3.20523 3.11786 2.65516 4.12458 2.54611 2.22222 1.88001 1.79598 3.80172 1.77554 1.75594 1.6693 1.6248 3.96309
threshold=5.5000000000000009 12.703645833333335 26.398958333333336 28.111979166666671 28.750000000000004 23.550000000000004 16.601302083333337 1.0000000180025095e-35 1.0174574584294211 28.500000000000004 -0.54219087765047058 -0.16799793862756093 28.071614583333339 -0.98930078251469888 68.500000000000014 26.412500000000005 32.51250000000001 1.1054431876437014 0.534952257794027 12.339322916666669 11.437500000000002 59.500000000000007 31.150000000000002 -0.42958798411962301 0.98522604642031408 22.512500000000006 17.649479166666669 0.84773968378660736 38.500000000000007 -0.15950993297387572
decision_type=2 2 2 2 2 2 2 2 2 2 2 2 2 2 2 2 2 2 2 2 2 2 2 2 2 2 2 2 2 2
left_child=-1 18 4 8 5 7 -7 26 12 10 -10 -11 13 15 -14 -4 -13 25 19 20 -2 -21 28 -12 -25 -5 -3 -6 29 -15
right_child=1 2 3 17 27 6 -8 -9 9 11 23 16 14 22 -16 -17 -18 -19 -20 21 -22 -23 -24 24 -26 -27 -28 -29 -30 -31
leaf_value=0.00026835035849591529 -0.012503214304815796 0.02754262724844958 -0.06366850013143481 -0.019435604434108748 0.072891070992497503 -0.028763951297107446 -0.0054822883528622031 -0.1197400366650076 -0.15237827364225337 0.046570894361373259 -0.00019776265253684672 -0.060327584806556867 -0.10417459857341858 0.12417113204501724 -0.49738644831167972 -0.012216554315668494 0.13569460023762966 -0.030968590556659122 0.078495515290490758 -0.082498206475235716 0.021239591586515644 -0.023232357706034063 0.055499030588561482 -0.12409301859022209 -0.0080791711770090893 0.02084549289362567 -0.031659755475969657 0.008264404834099362 -0.030092796806274958 -0.055363678523077713
leaf_weight=110082 569 2496 80 61 1728 96 2112 96 58 333 58 148 138 312 54 112 53 1054 192 120 295 72 576 58 58 6444 96 1053 627 117
leaf_count=110082 569 2496 80 61 1728 96 2112 96 58 333 58 148 138 312 54 112 53 1054 192 120 295 72 576 58 58 6444 96 1053 627 117
internal_value=8.72841e-05 0.000427178 0.000593296 4.39998e-05 0.0013332 0.000516749 -0.00118207 0.0019122 -0.0019734 -0.00472585 -0.0128879 -0.00117978 -0.000927579 -0.000208333 -0.00776042 -0.00723958 -0.00743781 0.00078648 -0.00197115 -0.00295455 -0.00148148 -0.00958333 0.000618873 -0.00735632 -0.0109483 0.00119523 0.0022608 0.00277059 -0.000634469 0.0017366
internal_weight=129348 19266 18018 10341 7677 4896 2208 2688 2782 766 232 534 2016 1824 192 192 201 7559 1248 1056 864 192 1632 174 116 6505 2592 2781 1056 429
internal_count=129348 19266 18018 10341 7677 4896 2208 2688 2782 766 232 534 2016 1824 192 192 201 7559 1248 1056 864 192 1632 174 116 6505 2592 2781 1056 429
is_linear=0
shrinkage=0.05


Tree=283
num_leaves=31
num_cat=0
split_feature=1 9 3 9 9 3 10 0 9 0 8 8 9 5 7 7 0 11 8 3 11 11 7 5 0 9 9 4 4 9
split_gain=1.21636 2.64623 2.46212 2.63973 2.41013 5.04881 4.21875 4.42222 3.57648 8.73338 3.15848 4.39837 4.9025 3.12191 2.67478 2.39756 2.31952 1.92997 1.84973 2.71044 1.72974 3.70383 9.38189 3.17911 2.86131 2.57193 2.58167 2.34044 1.987 2.83688
threshold=5.5000000000000009 12.703645833333335 0.534952257794027 12.339322916666669 26.398958333333336 -0.98370366633421236 1.0000000180025095e-35 33.500000000000007 26.680729166666669 22.500000000000004 28.750000000000004 23.550000000000004 16.601302083333337 1.0000000180025095e-35 25.212500000000006 11.437500000000002 58.500000000000007 1.1054431876437014 34.550000000000004 0.26866988313759588 0.99517992508811626 0.99415218657029769 29.812500000000004 1.0000000180025095e-35 48.500000000000007 28.111979166666671 28.071614583333339 -0.99052477729077237 -0.61236746317008228 27.557552083333338
decision_type=2 2 2 2 2 2 2 2 2 2 2 2 2 2 2 2 2 2 2 2 2 2 2 2 2 2 2 2 2 2
left_child=-1 2 3 15 10 6 -6 -8 9 14 11 13 -13 -3 -7 -2 -5 20 -19 -20 21 24 -23 -22 27 26 28 -10 -26 -30
right_child=1 4 -4 16 5 8 7 -9 17 -11 -12 12 -14 -15 -16 -17 -18 18 19 -21 23 22 -24 -25 25 -27 -28 -29 29 -31
leaf_value=0.00025493284057181829 -0.011878053589575074 0.023207224707864162 0.074570739525966545 -0.082117650206402937 0.048969670440268877 -0.050997825495890561 -0.081653532105037965 -0.024198643180232838 -0.037902314831988873 -0.0029274050131173112 0.031398287292077866 -0.027325753732252739 -0.0052081739352196239 -0.11375303483175724 -0.14656391983244471 0.020177612007189566 -0.019186785978550447 0.015411556960880285 -0.22063143480963132 -0.029150107526902759 0.031053601203036702 -0.1913058157210743 0.042905189234003653 -0.094269445564651097 0.045322280411038487 0.0033523443255781271 -0.44097364465789096 0.043411018166986864 0.040386618242824961 -0.075325977915743553
leaf_weight=110082 569 2592 192 118 96 64 136 248 98 365 2781 96 2112 96 51 295 74 384 96 670 4391 74 118 96 141 1222 94 1715 94 188
leaf_count=110082 569 2592 192 118 96 64 136 248 98 365 2781 96 2112 96 51 295 74 384 96 670 4391 74 118 96 141 1222 94 1715 94 188
internal_value=8.92169e-05 0.000455725 -0.00177083 -0.0027178 0.000609946 0.000111692 -0.00489583 -0.00723958 0.000355441 -0.00385417 0.0012811 0.000516749 -0.00113678 0.001875 -0.0158696 -0.00153935 -0.00802083 0.000570835 -0.00134783 -0.00276762 0.000838902 4.54062e-05 -0.00671875 0.001501 0.000411036 -0.00103795 -0.0039942 0.00180088 -0.0023286 -0.00475177
internal_weight=129348 19266 1248 1056 18018 10341 480 384 9861 480 7677 4896 2208 2688 115 864 192 9381 1150 766 8231 3744 192 4487 3552 1739 517 1813 423 282
internal_count=129348 19266 1248 1056 18018 10341 480 384 9861 480 7677 4896 2208 2688 115 864 192 9381 1150 766 8231 3744 192 4487 3552 1739 517 1813 423 282
is_linear=0
shrinkage=0.05


Tree=284
num_leaves=31
num_cat=0
split_feature=1 3 0 11 10 4 8 11 8 3 8 9 8 3 9 10 0 0 4 8 3 8 7 11 0 3 3 7 11 11
split_gain=1.30857 2.32753 3.34944 2.66053 2.97355 5.78204 5.74914 8.70076 5.66552 5.08594 3.90265 10.9215 3.0582 2.29513 4.70052 3.76302 4.31998 2.4275 2.55349 2.9233 1.97126 2.32529 2.28605 1.9315 1.86375 1.79127 1.83068 1.7882 1.89102 1.75
threshold=5.5000000000000009 -0.54220184589352438 20.500000000000004 1.1250574444522627 1.0000000180025095e-35 0.99611390731392835 35.350000000000001 1.0095531556613402 37.050000000000004 -0.49813634056773481 30.550000000000004 23.438802083333339 37.900000000000006 -0.98370366633421236 26.423697916666669 1.0000000180025095e-35 33.500000000000007 37.500000000000007 0.17435360825960186 26.350000000000005 -0.92923668111203805 33.550000000000004 27.587500000000006 0.89108496733767706 7.5000000000000009 -0.49813634056773481 -0.42957681104363482 27.737500000000004 1.0619294486449482 1.0359848163709104
decision_type=2 2 2 2 2 2 2 2 2 2 2 2 2 2 2 2 2 2 2 2 2 2 2 2 2 2 2 2 2 2
left_child=-1 13 3 4 23 6 9 8 -8 -6 11 24 -9 14 -2 -16 -17 -15 20 -20 22 27 -19 -3 -11 -4 -27 28 -22 -25
right_child=1 2 25 -5 5 -7 7 12 -10 10 -12 -13 -14 17 15 16 -18 18 19 -21 21 -23 -24 29 -26 26 -28 -29 -30 -31
leaf_value=0.00024218619854371305 0.066208505858806666 -0.071969272889652408 -0.015842532097920903 -0.066641043417469362 -0.055989174606843495 -0.038185661079093963 -0.020311272498201347 -0.039549008454444604 -0.21259937484883157 -0.005884301807411646 0.032657257666746625 -0.1366323924463545 0.032770743213532419 0.046145641978266025 0.04652118691825529 -0.077570855499786137 -0.022988711021221464 0.04016144339337524 -0.036773299921399737 0.048941298927076868 -0.095493714031549687 -0.16460130844102708 -0.076316362906437563 0.028554152708745568 0.0087176961372436631 0.1191986022197475 0.0074524765628517205 0.031226008290572534 0.066774830575413155 -0.013666650924565333
leaf_weight=110082 384 63 375 126 63 84 63 63 60 200 567 63 126 1976 96 136 248 68 58 1508 200 58 164 756 325 300 9798 872 88 378
leaf_count=110082 384 63 375 126 63 84 63 63 60 200 567 63 126 1976 96 136 248 68 58 1508 200 58 164 756 325 300 9798 872 88 378
internal_value=9.11496e-05 0.000471297 0.000108128 -0.00138407 -0.00106546 -0.00246592 -0.00176471 -0.00782051 -0.0181707 -0.000213465 0.000541126 -0.00231292 -0.00108466 0.00130294 -0.00107639 -0.004375 -0.00658854 0.00171474 0.000822281 0.00222222 -0.000689655 0.000114943 -0.00491379 0.000822891 4.76192e-05 0.000526592 0.000652605 0.000603448 -0.0028125 0.0012963
internal_weight=129348 19266 13410 2937 2811 1614 1530 312 123 1218 1155 588 189 5856 864 480 384 4992 3016 1566 1450 1218 232 1197 525 10473 10098 1160 288 1134
internal_count=129348 19266 13410 2937 2811 1614 1530 312 123 1218 1155 588 189 5856 864 480 384 4992 3016 1566 1450 1218 232 1197 525 10473 10098 1160 288 1134
is_linear=0
shrinkage=0.05


Tree=285
num_leaves=31
num_cat=0
split_feature=1 3 0 11 7 10 8 11 8 3 8 7 8 4 9 8 11 3 9 10 0 0 8 4 8 3 10 0 3 4
split_gain=1.45541 2.12055 2.77915 2.7895 2.56959 2.55821 4.34989 8.41401 5.6446 4.26927 4.05535 6.78365 2.38095 2.30726 2.27461 3.37732 3.9375 2.15282 4.28148 3.58802 3.76605 2.18048 2.19458 2.71557 2.01796 1.90014 2.41523 1.82863 2.06939 1.66865
threshold=5.5000000000000009 -0.54220184589352438 20.500000000000004 1.1250574444522627 6.7375000000000016 1.0000000180025095e-35 35.350000000000001 1.0095531556613402 37.050000000000004 -0.49813634056773481 30.550000000000004 19.312500000000004 37.900000000000006 0.99611390731392835 16.723697916666669 35.050000000000004 1.0368621852004558 -0.98370366633421236 26.423697916666669 1.0000000180025095e-35 33.500000000000007 37.500000000000007 26.350000000000005 0.17435360825960186 33.550000000000004 -0.92923668111203805 1.0000000180025095e-35 9.5000000000000018 0.42958674266195179 -0.98801846520836312
decision_type=2 2 2 2 2 2 2 2 2 2 2 2 2 2 2 2 2 2 2 2 2 2 2 2 2 2 2 2 2 2
left_child=-1 17 3 4 -3 14 9 8 -8 -7 11 13 -9 27 -6 16 -16 18 -2 -20 -21 -19 -23 24 25 26 -24 28 -11 -12
right_child=1 2 -4 -5 5 6 7 12 -10 10 29 -13 -14 -15 15 -17 -18 21 19 20 -22 22 23 -25 -26 -27 -28 -29 -30 -31
leaf_value=0.00023007688861701305 0.062898080565866141 -0.017950916898443841 0.0069895105346234748 -0.063308991246596252 0.054333088350646333 -0.053189715876500988 -0.019295708873291812 -0.03757155803172172 -0.2019694061063905 0.0065071043512345732 -0.017743383138701822 -0.13214630995103321 0.031132206052856493 -0.042570018758610065 -0.0046724684855940944 0.022597078833801937 -0.06089691093455353 0.043838359879353202 0.044195127572342521 -0.073692312724797523 -0.021839275470160804 -0.034934634925329389 -0.11951282489323603 0.046494233980723061 -0.15637124301897531 0.0066536751677379715 -0.016198691226691566 0.0092854431509110796 -0.011977018270146345 0.042103970104446414
leaf_weight=110082 384 113 10473 126 350 63 63 63 60 105 63 52 126 53 252 462 84 1976 96 136 248 58 58 1508 58 1160 174 258 140 504
leaf_count=110082 384 113 10473 126 350 63 63 63 60 105 63 52 126 53 252 462 84 1976 96 136 248 58 58 1508 58 1160 174 258 140 504
internal_value=9.11496e-05 0.000492059 0.000145414 -0.00121382 -0.000887584 -0.000578206 -0.00190323 -0.00717949 -0.0173577 -0.000573505 0.000106383 -0.00273026 -0.000555555 -0.00111511 0.0012108 -0.000263158 -0.00407738 0.00128586 -0.00101852 -0.00416667 -0.00632812 0.0016847 0.00083886 0.00102772 -0.000517241 -0.000136494 -0.00426724 -6.95823e-05 -0.00316327 0.00314815
internal_weight=129348 19266 13410 2937 2811 2698 1550 312 123 1238 1175 608 189 556 1148 798 336 5856 864 480 384 4992 3016 2958 1450 1392 232 503 245 567
internal_count=129348 19266 13410 2937 2811 2698 1550 312 123 1238 1175 608 189 556 1148 798 336 5856 864 480 384 4992 3016 2958 1450 1392 232 503 245 567
is_linear=0
shrinkage=0.05


Tree=286
num_leaves=31
num_cat=0
split_feature=1 9 3 11 11 8 3 0 3 7 3 7 7 7 8 11 11 3 7 3 4 11 0 7 4 7 3 0 0 7
split_gain=1.34532 2.23097 2.27637 2.19567 1.84332 1.82466 2.70399 1.89943 1.80931 3.5122 2.99495 3.57096 5.67735 4.55042 2.9419 2.5022 2.29529 5.04584 3.26747 1.97347 1.90758 1.8444 2.65705 1.72132 1.87379 2.586 1.70897 1.8797 4.04281 2.53922
threshold=5.5000000000000009 12.703645833333335 0.534952257794027 1.1054431876437014 1.0764042280335069 34.550000000000004 0.26866988313759588 9.5000000000000018 0.42958674266195179 34.662500000000016 0.60555468348150676 29.412500000000005 25.512500000000006 16.912500000000005 37.050000000000004 1.0693501317157568 0.89222405554218354 -0.98370366633421236 25.712500000000006 0.58481550752069722 -0.048362832084465616 0.94932709307190133 72.500000000000014 27.212500000000006 -0.27694043983797384 28.112500000000004 0.98667101781630195 75.500000000000014 86.500000000000014 17.987500000000004
decision_type=2 2 2 2 2 2 2 2 2 2 2 2 2 2 2 2 2 2 2 2 2 2 2 2 2 2 2 2 2 2
left_child=-1 2 -2 4 8 7 -7 -5 15 10 11 12 13 -10 20 16 -3 18 -18 -14 -12 22 23 -19 25 -25 27 -22 29 -29
right_child=1 3 -4 5 -6 6 -8 -9 9 -11 14 -13 19 -15 -16 -17 17 21 -20 -21 26 -23 -24 24 -26 -27 -28 28 -30 -31
leaf_value=0.00021857304418636381 -0.011875484286610886 0.095110939076887765 0.070120103194793976 -0.032064064828331594 0.13412276858895 -0.2103219624240239 -0.031987540249871903 0.023834946349727992 -0.12648646844271316 0.12887255421435578 -0.016612550784714658 0.010788935093873367 -0.42219440292977101 0.068197793882641425 0.065287246216052794 -0.073507345713417105 -0.053347042010638314 0.057806231599751706 -0.0066630882215299838 -0.1853570391032778 0.0020198583368662764 0.019870023248987779 -0.029473328513416903 -0.065404954464887366 -0.082870592846146118 0.028654873879087835 0.021552913795594812 -0.021129924645955062 0.0070244019955789027 -0.071000282883025997
leaf_weight=110082 1056 672 192 60 476 96 766 516 63 487 1200 250 83 153 393 96 181 371 299 55 1596 8430 276 64 90 351 574 133 189 98
leaf_count=110082 1056 672 192 60 476 96 766 516 63 487 1200 250 83 153 393 96 181 371 299 55 1596 8430 276 64 90 351 574 133 189 98
internal_value=8.84438e-05 0.000473892 -0.00157051 0.000615496 0.000778046 -0.00125869 -0.00271462 0.000920139 0.000687407 -7.20514e-05 -0.000483601 -0.00377483 -0.00700565 -0.00194444 -8.36701e-06 0.00105725 0.00112912 0.000940171 -0.0040625 -0.0149275 -0.000435356 0.00119077 -0.000685764 0.000662101 -0.00123762 0.000180723 0.000328186 -0.000357143 -0.00333333 -0.00777056
internal_weight=129348 19266 1248 18018 16580 1438 862 576 16104 5274 4787 604 354 216 4183 10830 10734 10062 480 138 3790 9582 1152 876 505 415 2590 2016 420 231
internal_count=129348 19266 1248 18018 16580 1438 862 576 16104 5274 4787 604 354 216 4183 10830 10734 10062 480 138 3790 9582 1152 876 505 415 2590 2016 420 231
is_linear=0
shrinkage=0.05


Tree=287
num_leaves=31
num_cat=0
split_feature=1 9 3 8 8 11 9 4 11 3 7 8 8 0 8 8 0 5 4 0 8 3 3 9 0 9 9 3 0 9
split_gain=1.40298 1.91061 2.13301 1.75462 4.0133 2.83712 2.42485 3.42824 2.39935 3.3837 3.33421 2.99508 6.64271 13.3547 2.67498 4.22234 4.35191 2.69185 2.3641 2.28906 2.23797 1.97116 1.90139 1.69409 1.94079 1.67769 2.85188 2.65714 2.04843 1.62963
threshold=5.5000000000000009 12.703645833333335 0.534952257794027 33.350000000000001 33.750000000000007 1.1054431876437014 28.535937499999999 -0.048362832084465616 0.88579141231058722 -0.98370366633421236 25.712500000000006 28.750000000000004 27.950000000000003 17.500000000000004 23.550000000000004 24.050000000000004 41.500000000000007 1.0000000180025095e-35 -0.98212955754013376 33.500000000000007 31.650000000000002 0.26866988313759588 0.99700008544936913 23.438802083333339 37.500000000000007 20.509375000000002 19.875000000000004 0.79904096188274243 56.500000000000007 12.339322916666669
decision_type=2 2 2 2 2 2 2 2 2 2 2 2 2 2 2 2 2 2 2 2 2 2 2 2 2 2 2 2 2 2
left_child=-1 2 29 8 22 6 7 -6 -3 10 20 12 14 -14 17 16 -16 -11 -8 -17 -10 -7 -5 -13 -25 26 27 28 -21 -2
right_child=1 3 -4 4 5 21 18 -9 9 11 -12 23 13 -15 15 19 -18 -19 -20 25 -22 -23 -24 24 -26 -27 -28 -29 -30 -31
leaf_value=0.00020764439197738915 -0.0046543856107252451 0.11018755002057808 0.066614098035054178 -0.080110431316095951 -0.026063974038245848 -0.19980586430282299 -0.0061603016089848261 0.053058460078722981 -0.031735534342502869 0.021033231243370271 0.0035647500406115321 0.058811202548624431 -0.11342753326809885 -0.018322703330356859 -0.029985198913415265 0.018273372891520364 -0.0016531053022937497 -0.10246315902290813 0.039523580032409501 -0.049086973282223424 -0.10185442028891201 -0.03038816323737828 0.0058540692856291479 0.041267631028284749 0.0066190921622580265 0.044388186100618801 -0.04856054438470999 0.087286514131272128 -0.0031405611243954462 -0.059970695388133689
leaf_weight=110082 864 384 192 480 670 96 956 288 212 2592 391 864 90 390 126 510 162 96 3162 161 69 766 96 1862 2826 186 124 186 273 192
leaf_count=110082 864 384 192 480 670 96 956 288 212 2592 391 864 90 390 126 510 162 96 3162 161 69 766 96 1862 2826 186 124 186 273 192
internal_value=8.80572e-05 0.000481678 -0.00141026 0.000612721 -4.29842e-05 0.00034355 0.000793932 -0.00147182 0.000984006 0.00084982 -0.00258929 0.00107102 0.000169526 -0.00541667 0.000776721 -0.000758102 -0.00628472 0.00176339 0.00132103 0.000347222 -0.00674377 -0.00230858 -0.00402778 0.00186599 0.00149104 -0.00112903 -0.00219086 -0.000806451 -0.00294931 -0.00229167
internal_weight=129348 19266 1248 18018 6514 5938 5076 958 11504 11120 672 10448 4896 480 4416 1728 288 2688 4118 1440 281 862 576 5552 4688 930 744 620 434 1056
internal_count=129348 19266 1248 18018 6514 5938 5076 958 11504 11120 672 10448 4896 480 4416 1728 288 2688 4118 1440 281 862 576 5552 4688 930 744 620 434 1056
is_linear=0
shrinkage=0.05


Tree=288
num_leaves=31
num_cat=0
split_feature=1 9 3 8 11 11 3 8 8 0 7 8 8 0 5 11 9 11 5 0 9 9 0 9 8 3 0 0 9 0
split_gain=1.52396 1.86664 1.87678 1.76157 3.55881 2.37793 2.72289 2.63549 5.80166 10.9894 2.55508 2.32339 3.87604 3.81222 2.65544 2.12143 2.01925 2.08708 1.92397 1.85977 1.68771 1.90091 1.85875 2.07917 3.95457 1.94825 1.72107 1.68181 1.90572 4.80646
threshold=5.5000000000000009 12.703645833333335 0.534952257794027 33.350000000000001 0.83052972725518914 0.88579141231058722 -0.98370366633421236 28.750000000000004 27.950000000000003 22.500000000000004 25.712500000000006 23.550000000000004 24.050000000000004 41.500000000000007 1.0000000180025095e-35 1.1054431876437014 29.642968750000005 1.0376678341700196 1.0000000180025095e-35 33.500000000000007 23.438802083333339 29.382031250000001 37.500000000000007 27.557552083333338 30.850000000000005 0.89787622492179153 24.500000000000004 85.500000000000014 29.475000000000001 46.500000000000007
decision_type=2 2 2 2 2 2 2 2 2 2 2 2 2 2 2 2 2 2 2 2 2 2 2 2 2 2 2 2 2 2
left_child=-1 2 -2 5 -5 -3 10 8 11 -10 -7 14 13 -13 -8 16 27 -18 -11 -14 -9 22 25 -24 -25 -22 -27 28 -6 -30
right_child=1 3 -4 4 15 6 7 20 9 18 -12 12 19 -15 -16 -17 17 -19 -20 -21 21 -23 23 24 -26 26 -28 -29 29 -31
leaf_value=0.00019726217237921851 -0.010857759343662335 0.1046781725195489 0.063283393133301863 -0.45475610209737127 -0.0069185033087670548 -0.04285783712412003 0.019981569681202023 0.055870642421193877 -0.097560772308444121 0.014090201050209396 0.0033865125385803235 -0.028485938967744845 0.01735970424694467 -0.0015704500371789547 -0.097340001071762938 -0.03874140700066199 0.0040969127095821694 0.060046704980057021 -0.074018389973377091 -0.0063956204619698897 0.049991792364426357 0.15255806283513351 0.033893973543787308 -0.096709937535748344 -0.00046638179533834123 -0.018095341303248146 0.049786264292490695 0.033591598749171322 0.013947194848798576 -0.13253435539324659
leaf_weight=110082 1056 384 192 96 1546 281 2592 864 115 292 391 126 510 162 96 862 2395 1243 73 930 1482 467 1331 174 1044 125 65 200 94 78
leaf_count=110082 1056 384 192 96 1546 281 2592 864 115 292 391 126 510 162 96 862 2395 1243 73 930 1482 467 1331 174 1044 125 65 200 94 78
internal_value=8.96034e-05 0.000499844 -0.00137019 0.000629371 -2.76326e-05 0.00100139 0.000867806 0.00106623 0.000220588 -0.005 -0.00221726 0.000788044 -0.000642361 -0.0059375 0.00170759 0.000115301 0.000473362 0.00116548 -0.000753424 0.000416667 0.00181196 0.00143771 0.00110282 0.000253041 -0.00123974 0.00239833 -0.00236842 -0.000839416 -0.00134459 -0.00633721
internal_weight=129348 19266 1248 18018 6514 11504 11120 10448 4896 480 672 4416 1728 288 2688 6418 5556 3638 365 1440 5552 4688 4221 2549 1218 1672 190 1918 1718 172
internal_count=129348 19266 1248 18018 6514 11504 11120 10448 4896 480 672 4416 1728 288 2688 6418 5556 3638 365 1440 5552 4688 4221 2549 1218 1672 190 1918 1718 172
is_linear=0
shrinkage=0.05


Tree=289
num_leaves=31
num_cat=0
split_feature=1 3 3 3 0 10 7 7 7 9 8 3 10 4 8 3 3 11 9 11 7 3 11 3 7 0 8 4 11 3
split_gain=1.46465 1.7013 2.45649 2.75243 2.23055 2.22222 2.79238 2.04422 1.62411 1.83308 4.23236 6.22222 1.992 2.30747 1.85359 2.50794 3.30764 3.06427 4.33351 2.86964 2.35332 1.78135 1.5929 2.90254 2.27242 1.7407 2.12035 2.41385 1.58622 1.53807
threshold=5.5000000000000009 -0.54220184589352438 -0.49813634056773481 -0.42957681104363482 20.500000000000004 1.0000000180025095e-35 20.112500000000004 31.112500000000004 6.7375000000000016 17.649479166666669 29.850000000000005 0.79904096188274243 1.0000000180025095e-35 0.99611390731392835 40.95000000000001 0.58481550752069722 0.61915405168109316 1.0632854705466908 28.427604166666669 0.9796508072056479 29.712500000000006 0.85673801594079257 0.89222405554218354 -0.98370366633421236 25.712500000000006 37.500000000000007 26.350000000000005 0.17435360825960186 1.0286377156291111 -0.50556189049999822
decision_type=2 2 2 2 2 2 2 2 2 2 2 2 2 2 2 2 2 2 2 2 2 2 2 2 2 2 2 2 2 2
left_child=-1 22 5 -4 8 7 -7 -3 -5 12 11 -11 -10 28 15 -12 -17 19 -19 -18 -16 -20 -2 24 -24 -25 -27 -28 -14 -8
right_child=1 2 3 4 -6 6 29 -9 9 10 14 -13 13 -15 20 16 17 18 21 -21 -22 -23 23 25 -26 26 27 -29 -30 -31
leaf_value=0.00018739906376031689 0.10355976295641295 0.039871001421183647 0.087421977783307445 -0.015314919899978345 0.0063430929302636194 -0.027608424327039624 0.0035484482297278713 -0.044031285009914274 0.045081277944394468 -0.1100651864906896 0.019328163273837955 -0.010520519363585787 0.0065423469691003495 -0.043485759029357342 -0.10288805770644655 -0.15095606018069851 -0.0095740298822072217 -0.085948551522896363 0.013368714508772939 0.022600858377004901 0.020462340259491733 -0.03788729433626721 -0.040714945267913451 0.036289633597731727 0.0032171869116511724 -0.031433596099178229 -0.0094048783211898059 0.042021407830917845 -0.011236063583943971 -0.061855453137650951
leaf_weight=110082 288 141 384 113 9798 71 121 51 392 84 735 168 261 53 50 63 147 63 105 336 52 63 281 1938 391 58 1392 1508 63 96
leaf_count=110082 288 141 384 113 9798 71 121 51 392 84 735 168 261 53 50 63 147 63 105 336 52 63 281 1938 391 58 1392 1508 63 96
internal_value=8.72841e-05 0.000489463 0.000178971 0.000309358 0.000181731 -0.00333333 -0.00611111 0.000833334 -0.00107715 -0.000825427 -0.00167203 -0.00769841 0.00122887 -0.00136605 -0.000731103 -0.000291005 -0.00227156 -0.00130252 -0.00603896 0.000962733 -0.0072549 -0.00184524 0.00120048 0.00101293 -0.00206845 0.00143587 0.000672752 0.000862069 0.00021605 -0.00329493
internal_weight=129348 19266 13410 12930 12546 480 288 192 2748 2635 1866 252 769 377 1614 1512 777 714 231 483 102 168 5856 5568 672 4896 2958 2900 324 217
internal_count=129348 19266 13410 12930 12546 480 288 192 2748 2635 1866 252 769 377 1614 1512 777 714 231 483 102 168 5856 5568 672 4896 2958 2900 324 217
is_linear=0
shrinkage=0.05


Tree=290
num_leaves=31
num_cat=0
split_feature=1 9 3 8 11 11 9 11 3 10 9 7 11 0 0 0 3 4 7 8 8 3 8 7 3 9 7 11 11 4
split_gain=1.67609 1.59854 1.74683 1.57912 3.59319 2.38862 2.24311 2.20824 1.9841 2.25134 1.86754 1.83451 1.73162 1.53992 1.91485 1.58904 2.4796 1.48932 1.6 2.55857 6.55011 3.80374 1.61006 2.46691 1.46787 1.44971 1.90687 1.4351 3.02609 2.26056
threshold=5.5000000000000009 12.703645833333335 0.534952257794027 33.350000000000001 0.83052972725518914 0.88579141231058722 29.382031250000001 1.1054431876437014 -0.98370366633421236 1.0000000180025095e-35 29.642968750000005 25.712500000000006 1.0376678341700196 71.500000000000014 81.500000000000014 5.5000000000000009 0.9193901325473397 -0.99052477729077237 36.412500000000016 38.050000000000004 38.350000000000001 0.58481550752069722 39.750000000000007 30.087500000000006 0.26866988313759588 12.339322916666669 11.212500000000004 1.0145048597912061 1.0751037620239305 -0.9497838742125716
decision_type=2 2 2 2 2 2 2 2 2 2 2 2 2 2 2 2 2 2 2 2 2 2 2 2 2 2 2 2 2 2
left_child=-1 2 25 5 -5 -3 8 10 9 -7 27 -11 17 15 -15 16 -10 -12 19 -19 21 -21 -22 -24 -9 26 -2 29 -29 -6
right_child=1 3 -4 4 7 6 -8 24 13 11 12 -13 -14 14 -16 -17 -18 18 -20 20 22 -23 23 -25 -26 -27 -28 28 -30 -31
leaf_value=0.00017802911057292881 -0.010747975158719048 0.09545062019762296 0.059802068830124101 -0.43233545163901499 -0.032013749022817631 0.022803867510017721 0.14311567801348987 -0.18819565538416183 -0.00062823317081834315 -0.05801592464923977 -0.026136395756947945 -0.0091907347000855337 0.056086603254759039 -0.019232843743298832 0.0084165959695784286 0.017039131063078056 -0.024390713934042969 0.032304617209339935 0.13199553288149968 -0.031559032097173541 0.06217519446495115 -0.17289637712924555 -0.067528048475987215 0.042231517003652817 -0.024725340242500712 -0.056746427298057171 0.016980434073885369 -0.033938311020400867 0.028231407233491913 0.015345176827378224
leaf_weight=110082 550 384 192 96 96 192 467 96 564 202 480 278 1243 1040 1456 6861 60 918 343 76 279 71 63 165 766 192 314 766 288 768
leaf_count=110082 550 384 192 96 96 192 467 96 564 202 480 278 1243 1040 1456 6861 60 918 343 76 279 71 63 165 766 192 314 766 288 768
internal_value=9.03765e-05 0.000520606 -0.00120994 0.000640471 1.8422e-05 0.000992698 0.000858813 0.000162044 0.000710129 -0.00191964 0.000527358 -0.00375 0.00119296 0.000887186 -0.000188301 0.00124583 -0.00116987 0.000407098 0.00103133 0.000356234 -0.00203364 -0.0113265 0.00066075 -0.00245614 -0.00219258 -0.00200758 -0.00113426 -0.000735141 -0.00197343 0.000775463
internal_weight=129348 19266 1248 18018 6514 11504 11120 6418 10653 672 5556 480 3638 9981 2496 7485 624 2395 1915 1572 654 147 507 228 862 1056 864 1918 1054 864
internal_count=129348 19266 1248 18018 6514 11504 11120 6418 10653 672 5556 480 3638 9981 2496 7485 624 2395 1915 1572 654 147 507 228 862 1056 864 1918 1054 864
is_linear=0
shrinkage=0.05


Tree=291
num_leaves=31
num_cat=0
split_feature=1 3 3 7 3 3 3 10 7 7 8 8 7 11 7 0 3 7 7 0 4 3 7 10 9 9 0 3 11 11
split_gain=1.54702 1.57096 1.67047 2.1373 1.7987 2.39978 2.67136 2.1125 2.04863 2.04422 1.76085 4.50536 2.22994 2.05971 3.73498 1.86054 1.79693 1.73156 2.16541 1.67212 2.26185 1.5309 1.99875 1.79094 1.49915 4.61913 2.9656 5.04167 3.78125 2.99152
threshold=5.5000000000000009 -0.99940763397299126 -0.98370366633421236 25.712500000000006 -0.54220184589352438 -0.49813634056773481 -0.42957681104363482 1.0000000180025095e-35 20.112500000000004 31.112500000000004 28.450000000000003 28.150000000000002 25.212500000000006 1.0693501317157568 31.112500000000004 52.500000000000007 -0.77245553105869302 24.337500000000006 26.212500000000006 38.500000000000007 0.17435360825960186 -0.92923668111203805 28.112500000000004 1.0000000180025095e-35 28.535937499999999 26.49270833333334 15.500000000000002 0.97875492728876534 1.0145048597912061 0.89222405554218354
decision_type=2 2 2 2 2 2 2 2 2 2 2 2 2 2 2 2 2 2 2 2 2 2 2 2 2 2 2 2 2 2
left_child=-1 -2 3 -3 10 7 -7 9 -9 -6 11 17 16 19 15 -15 -13 -4 -19 -12 21 23 -23 -21 25 -8 27 28 -27 -28
right_child=1 2 4 -5 5 6 24 8 -10 -11 13 12 -14 14 -16 -17 -18 18 -20 20 -22 22 -24 -25 -26 26 29 -29 -30 -31
leaf_value=0.00016912765504434169 0.16474719759360487 -0.03647217378761787 0.026358780340924128 0.0035158643010733252 0.037025494796969122 0.082198922340987038 0.0024113739484291343 -0.026171430504062784 -0.040927688963578332 -0.043444951619886318 0.065458846024124717 -0.010525365159124306 0.043612410547351162 -0.018569939488291394 -0.14887784178796154 0.062079238080432489 -0.071762300848650984 -0.044833618835655585 0.037967642786547552 -0.10603422946107968 0.070908314050272939 -0.049762773789433022 0.033686715576131114 -0.014525719172593972 0.01408466615432735 -0.020294986521388145 -0.4274971241827924 0.018296149995808409 -0.11017548711099066 -0.010516546543301843
leaf_weight=110082 192 281 367 391 141 384 6045 71 217 51 1599 66 53 183 52 149 73 52 61 57 1140 291 678 171 5351 64 80 64 64 878
leaf_count=110082 192 281 367 391 141 384 6045 71 217 51 1599 66 53 183 52 149 73 52 61 57 1140 291 678 171 5351 64 80 64 64 878
internal_value=8.6511e-05 0.000499844 0.000454546 -0.00199405 0.000543963 0.000242357 0.00037123 -0.00322917 -0.0059375 0.000833334 0.00135417 -0.00102679 -0.0075 0.00172454 -0.00177083 0.000180723 -0.0108273 0.0015625 -0.00384956 0.00206555 0.00121309 -0.000304929 0.000562436 -0.00399123 0.000245497 -0.000225851 -0.00313043 -0.00880208 -0.0145312 -0.00199374
internal_weight=129348 19266 19074 672 18402 13410 12930 480 288 192 4992 672 192 4320 384 332 139 480 113 3936 2337 1197 969 228 12546 7195 1150 192 128 958
internal_count=129348 19266 19074 672 18402 13410 12930 480 288 192 4992 672 192 4320 384 332 139 480 113 3936 2337 1197 969 228 12546 7195 1150 192 128 958
is_linear=0
shrinkage=0.05


Tree=292
num_leaves=31
num_cat=0
split_feature=1 3 3 3 10 3 3 10 7 7 7 3 0 4 0 7 11 7 4 4 8 1 10 1 0 8 9 8 9 0
split_gain=1.68815 1.5565 1.5006 2.19031 2.17872 1.71624 2.38599 1.85035 1.71548 1.69233 1.67103 1.6917 1.46958 1.5539 1.47441 1.42041 4.06605 3.22581 2.74389 2.07083 3.49172 2.25344 2.47083 2.37852 2.12313 1.47392 3.04432 1.7273 1.45315 1.62686
threshold=5.5000000000000009 -0.99940763397299126 -0.98370366633421236 -0.54220184589352438 1.0000000180025095e-35 -0.49813634056773481 -0.42957681104363482 1.0000000180025095e-35 31.112500000000004 25.712500000000006 20.112500000000004 -0.50556189049999822 20.500000000000004 0.99855310097228334 31.500000000000004 8.5625000000000018 0.97407968238158804 7.5625000000000009 0.98174098242282837 0.98899263613956456 17.650000000000002 3.5000000000000004 1.0000000180025095e-35 1.5000000000000002 21.500000000000004 14.100000000000001 7.2007812500000012 15.350000000000003 12.786979166666667 21.500000000000004
decision_type=2 2 2 2 2 2 2 2 2 2 2 2 2 2 2 2 2 2 2 2 2 2 2 2 2 2 2 2 2 2
left_child=15 -2 4 -4 -3 7 -7 8 -5 -6 -9 -12 13 -8 -14 16 17 -1 28 20 -20 22 -21 -24 -25 26 -17 -27 -18 -30
right_child=1 2 3 5 9 6 12 10 -10 -11 11 -13 14 -15 -16 25 18 -19 19 21 -22 -23 23 24 -26 27 -28 -29 29 -31
leaf_value=-0.060758643161803794 0.15650983771392424 0.022152136594973337 0.019529866753074731 0.035174220057120203 -0.053291519727397721 0.078088976223938109 -0.0030583000113117366 -0.024862858978859578 -0.041272704038892549 -0.0089069911801345596 0.0045654537910635095 -0.056911005166577905 0.031167588314698305 -0.025957948587681769 0.0026078576436606746 0.0021627219683656926 0.023628108441721654 0.0031656214010779972 -0.044544277684915062 0.03616770588980691 0.11362479666091163 0.040672738300762623 0.0044364485905133378 -0.019670345913006135 -0.019522970748804061 0.091844676541920411 -0.085658011037308204 -0.00017993684776526088 0.014103633842450142 -0.038372074239603239
leaf_weight=62 192 192 4992 141 202 384 2664 71 51 278 121 96 1441 84 8357 106 1572 62 118 465 55 393 221 141 160 191 58 106146 221 111
leaf_count=62 192 192 4992 141 202 384 2664 71 51 278 121 96 1441 84 8357 106 1572 62 118 465 55 393 221 141 160 191 58 106146 221 111
internal_value=8.88303e-05 0.000520606 0.000475517 0.000560265 -0.00184524 0.000227442 0.000336427 -0.00270833 0.00109375 -0.00364583 -0.00524306 -0.00306452 0.000217599 -0.000804221 0.000504185 1.3263e-05 0.00099274 -0.00790323 0.00131183 -0.000247907 -0.00540462 0.000398551 -0.000876393 -0.00323755 -0.00612957 -1.9671e-05 -0.0047561 -1.23662e-05 0.00258403 -0.000421687
internal_weight=129348 19266 19074 18402 672 13410 12930 480 192 480 288 217 12546 2748 9798 110082 3581 124 3457 1553 173 1380 987 522 301 106501 164 106337 1904 332
internal_count=129348 19266 19074 18402 672 13410 12930 480 192 480 288 217 12546 2748 9798 110082 3581 124 3457 1553 173 1380 987 522 301 106501 164 106337 1904 332
is_linear=0
shrinkage=0.05


Tree=293
num_leaves=31
num_cat=0
split_feature=1 3 3 10 3 7 8 3 7 11 7 0 0 3 0 3 3 10 7 0 4 7 3 10 7 11 7 4 4 8
split_gain=1.48443 1.57822 1.46019 2.17872 1.87182 1.69233 1.67578 3.38672 2.7107 1.79036 2.92014 2.27565 1.72815 2.09922 1.82073 1.58821 2.40027 1.75035 1.71548 1.43095 2.50638 1.48561 1.6306 3.22105 1.4191 3.7058 2.91129 2.36708 2.14913 3.49172
threshold=5.5000000000000009 -0.99940763397299126 -0.98370366633421236 1.0000000180025095e-35 -0.54220184589352438 25.712500000000006 28.850000000000005 -0.70291267844185523 17.812500000000004 1.0693501317157568 30.137500000000006 12.500000000000002 58.500000000000007 -0.87395131947920313 71.500000000000014 -0.49813634056773481 -0.42957681104363482 1.0000000180025095e-35 31.112500000000004 38.500000000000007 0.17435360825960186 29.812500000000004 -0.90529520250134576 1.0000000180025095e-35 8.5625000000000018 0.97407968238158804 7.5625000000000009 0.98174098242282837 0.98899263613956456 17.650000000000002
decision_type=2 2 2 2 2 2 2 2 2 2 2 2 2 2 2 2 2 2 2 2 2 2 2 2 2 2 2 2 2 2
left_child=24 -2 3 -3 6 -5 7 8 -4 19 11 -11 13 -10 -14 17 -17 18 -6 -8 21 22 23 -21 25 26 -1 -27 29 -29
right_child=1 2 4 5 15 -7 9 -9 12 10 -12 -13 14 -15 -16 16 -18 -19 -20 20 -22 -23 -24 -25 -26 27 -28 28 -30 -31
leaf_value=-0.05772071100371428 0.14868434582822862 0.021044529765224917 0.01583374689647642 -0.050626943741027969 0.033415509054264443 -0.0084616416211275459 0.060208857400476296 0.031838539522333356 -0.014362071601294142 -0.038814661201271014 -0.11596804323587427 0.033414641379762432 0.069221976933048643 -0.06129806075949349 -0.015536314089647861 0.074184527412742604 0.0019634918325420253 -0.027049447619811241 -0.0392090688369474 -0.1577874225186251 0.076164058386801875 0.029150201216555777 -0.0019713732058204802 -0.00077834827705384405 -0.00016760077275221777 0.017633942811760072 0.003007340331023952 -0.042317063800669748 0.0033125668187285635 0.1079435568278666
leaf_weight=62 192 192 92 202 141 278 1560 384 59 52 96 236 52 97 84 384 12546 288 51 83 1083 457 522 135 106501 1904 62 118 1380 55
leaf_count=62 192 192 92 202 141 278 1560 384 59 52 96 236 52 97 84 384 12546 288 51 83 1083 457 522 135 106501 1904 62 118 1380 55
internal_value=8.45782e-05 0.000489463 0.00044406 -0.00184524 0.00052766 -0.00364583 0.00135417 -0.000794271 -0.00411458 0.00174479 -0.00151042 0.00100694 -0.0064726 -0.0100641 -0.00235294 0.000219985 0.000324826 -0.00260417 0.00109375 0.00207031 0.00127193 -0.000304929 -0.00168919 -0.0053211 1.37172e-05 0.00099274 -0.0075 0.00129737 -0.00015132 -0.00540462
internal_weight=129348 19266 19074 672 18402 480 4992 768 384 4224 384 288 292 156 136 13410 12930 480 192 3840 2280 1197 740 218 110082 3581 124 3457 1553 173
internal_count=129348 19266 19074 672 18402 480 4992 768 384 4224 384 288 292 156 136 13410 12930 480 192 3840 2280 1197 740 218 110082 3581 124 3457 1553 173
is_linear=0
shrinkage=0.05


Tree=294
num_leaves=31
num_cat=0
split_feature=1 7 11 7 4 3 10 11 9 8 0 0 8 1 7 8 9 8 3 8 9 3 11 3 11 4 11 0 5 3
split_gain=1.44661 1.41647 3.36226 2.6129 2.01821 1.70686 2.17553 1.67103 1.66694 4.49567 1.75996 1.56099 2.72129 3.21575 1.93032 1.4748 3.04432 1.54121 1.40467 1.3612 4.41967 3.16756 2.55507 2.93117 2.70411 3.98923 2.24619 2.69136 2.20052 2.15682
threshold=5.5000000000000009 8.5625000000000018 0.97407968238158804 7.5625000000000009 0.97461712852231652 -0.0053757284505435614 1.0000000180025095e-35 1.0052470737456287 10.96640625 18.650000000000002 23.500000000000004 18.500000000000004 15.350000000000003 2.5000000000000004 5.0875000000000012 14.100000000000001 7.2007812500000012 15.350000000000003 -0.99940763397299126 34.350000000000001 29.525520833333335 -0.94705910369513524 1.0292706579118427 0.99274428880883148 0.96809040440132665 -0.12545862287572049 0.8817286741633612 44.500000000000007 1.0000000180025095e-35 1.0000000180025095e-35
decision_type=2 2 2 2 2 2 2 2 2 2 2 2 2 2 2 2 2 2 2 2 2 2 2 2 2 2 2 2 2 2
left_child=1 2 3 -1 -4 6 -6 -7 -9 -10 -11 12 -8 -14 -13 16 -3 -17 -2 -19 22 -22 24 -24 26 28 27 -21 -26 -23
right_child=18 15 4 -5 5 7 11 8 9 10 -12 14 13 -15 -16 17 -18 19 -20 20 21 29 23 -25 25 -27 -28 -29 -30 -31
leaf_value=-0.054834675453528027 0.14125012853681715 0.0020629659085847061 0.023323913718288965 0.0028569733144734621 0.071848251555166984 0.026869762792687543 0.0054178975547713691 -0.0048287135163390454 -0.09464183471280134 0.0062032625686879624 -0.075281281212082218 -0.051445744334479585 -0.027872526108186385 3.3494413353629337e-07 0.027055174160217632 0.087260822753462641 -0.081366730446804925 -0.001186610001899519 0.0044151030376426868 -0.11106568545896192 -0.049475680686856864 0.01940199682413847 0.070326297432670645 -0.03398898841717881 -0.050062343515928524 0.019247654108575679 0.072409154741507137 0.057068941481219673 0.039890171387161583 -0.0018469985636870865
leaf_weight=62 192 106 1456 62 511 208 114 367 65 123 51 82 74 73 333 191 58 79367 19074 90 96 4211 1824 96 384 1152 764 102 96 17964
leaf_count=62 192 106 1456 62 511 208 114 367 65 123 51 82 74 73 333 191 58 79367 19074 90 96 4211 1824 96 384 1152 764 102 96 17964
internal_value=8.45782e-05 1.46256e-05 0.00099274 -0.00709677 0.0012829 0.000252374 0.00146167 -0.00151106 -0.00283828 -0.00608787 -0.00189655 -0.000399408 -0.00342912 -0.00792517 0.00150602 -1.82626e-05 -0.0047561 -1.09555e-05 0.000484273 -1.90302e-05 0.000289219 2.24693e-07 0.00171695 0.00309896 0.000691654 -0.000545343 0.00280335 -0.00203125 -0.004375 3.9459e-05
internal_weight=129348 110082 3581 124 3457 2001 1187 814 606 239 174 676 261 147 415 106501 164 106337 19266 106146 26779 22271 4508 1920 2588 1632 956 192 480 22175
internal_count=129348 110082 3581 124 3457 2001 1187 814 606 239 174 676 261 147 415 106501 164 106337 19266 106146 26779 22271 4508 1920 2588 1632 956 192 480 22175
is_linear=0
shrinkage=0.05


Tree=295
num_leaves=31
num_cat=0
split_feature=1 7 11 7 4 8 9 9 3 3 7 3 3 3 10 8 3 7 0 9 0 11 4 7 0 7 7 3 3 11
split_gain=1.27121 1.59921 3.42054 2.6129 1.85131 1.47889 3.04432 1.4212 1.41841 1.43025 1.87948 1.84656 1.44908 2.43375 1.90139 1.43511 2.8763 2.46591 1.63916 1.59656 1.47523 1.55157 1.77389 2.36223 4.21233 1.41555 1.41531 1.6917 1.39676 3.27403
threshold=5.5000000000000009 8.5625000000000018 0.97407968238158804 7.5625000000000009 0.98174098242282837 14.100000000000001 7.2007812500000012 12.786979166666667 -0.99940763397299126 -0.98370366633421236 25.712500000000006 -0.54220184589352438 -0.49813634056773481 -0.42957681104363482 1.0000000180025095e-35 28.850000000000005 -0.70291267844185523 17.212500000000006 26.500000000000004 23.438802083333339 37.500000000000007 1.0693501317157568 0.17435360825960186 23.412500000000005 30.500000000000004 31.112500000000004 20.112500000000004 -0.50556189049999822 -0.0053757284505435614 1.0315188957178159
decision_type=2 2 2 2 2 2 2 2 2 2 2 2 2 2 2 2 2 2 2 2 2 2 2 2 2 2 2 2 2 2
left_child=1 2 3 -1 7 6 -3 -4 -2 10 -10 15 14 -14 25 16 17 -11 -19 -17 21 22 -21 -24 -25 -13 -16 -28 -6 -30
right_child=8 5 4 -5 28 -7 -8 -9 9 11 -12 12 13 -15 26 19 -18 18 -20 20 -22 -23 23 24 -26 -27 27 -29 29 -31
leaf_value=-0.052092941680852017 0.1341876221099759 0.0019598176131557831 0.021302697870105702 0.0027141246487502125 0.0059969710326665763 -4.900604899408018e-05 -0.077298393924464803 -0.0040913514956794393 -0.031182914583496864 0.052138890607344758 0.0039877475742004301 0.031523978449671829 0.070254545890224826 0.001644562089032781 -0.02248799880080847 0.064082802262080796 0.030025857394334145 -0.029567195125330344 -0.021702354780810371 0.10194606321065709 0.0067550421666880056 -0.010307530581785922 0.038122427966549383 -0.077567264835805644 0.069252051776043946 -0.037469370546981927 0.0054688983306191742 -0.052933737679140828 0.010847609159423824 -0.075614897815107676
leaf_weight=62 192 106 1572 62 951 106337 58 332 281 76 391 141 384 12546 71 576 384 50 258 798 2204 152 348 66 80 51 121 96 324 278
leaf_count=62 192 106 1572 62 951 106337 58 332 281 76 391 141 384 12546 71 576 384 50 258 798 2204 152 348 66 80 51 121 96 324 278
internal_value=8.88303e-05 2.32556e-05 0.00106255 -0.00709677 0.00135522 -1.16898e-05 -0.0047561 0.00240021 0.000463511 0.000420468 -0.00184524 0.000503206 0.000197614 0.000297757 -0.0025 0.00132412 -0.000664062 -0.00372396 -0.00571429 0.00168561 0.00129934 0.00254155 0.00310372 0.000748988 -0.00458904 0.00135417 -0.00506944 -0.00306452 7.40504e-05 -0.00181063
internal_weight=129348 110082 3581 124 3457 106501 164 1904 19266 19074 672 18402 13410 12930 480 4992 768 384 308 4224 3648 1444 1292 494 146 192 288 217 1553 602
internal_count=129348 110082 3581 124 3457 106501 164 1904 19266 19074 672 18402 13410 12930 480 4992 768 384 308 4224 3648 1444 1292 494 146 192 288 217 1553 602
is_linear=0
shrinkage=0.05


Tree=296
num_leaves=31
num_cat=0
split_feature=1 3 9 3 4 8 8 0 9 11 8 7 8 7 0 8 8 7 7 11 7 3 9 9 3 8 7 5 8 9
split_gain=1.2518 1.42185 1.34207 1.71507 1.53616 1.55204 5.22084 14.6471 3.03409 1.45322 1.39457 2.0544 1.5744 2.16964 1.91908 3.48113 3.23894 1.66112 1.32188 2.40945 3.47848 2.25793 2.04674 2.79541 2.69204 1.36526 1.32055 1.36168 1.3204 4.3867
threshold=5.5000000000000009 -0.99940763397299126 12.703645833333335 0.534952257794027 0.91852788691372023 28.450000000000003 27.950000000000003 21.500000000000004 23.438802083333339 0.966722927756276 16.300000000000001 6.1125000000000016 20.450000000000003 13.812500000000002 41.500000000000007 19.250000000000004 19.250000000000004 18.562500000000004 8.8875000000000011 0.97407968238158804 7.5625000000000009 0.65883702558178847 11.084895833333334 10.96640625 0.21862473630160603 17.450000000000003 25.212500000000006 1.0000000180025095e-35 34.350000000000001 29.296614583333341
decision_type=2 2 2 2 2 2 2 2 2 2 2 2 2 2 2 2 2 2 2 2 2 2 2 2 2 2 2 2 2 2
left_child=18 -2 3 10 5 6 -4 -8 -7 -6 11 -3 13 14 16 -16 -12 -15 19 20 -1 22 23 25 -25 -21 27 -9 -20 -30
right_child=1 2 4 -5 9 8 7 26 -10 -11 12 -13 -14 17 15 -17 -18 -19 28 21 -22 -23 -24 24 -26 -27 -28 -29 29 -31
leaf_value=-0.049488294596809312 0.12747824100447705 -0.012350877370985388 0.0010279916397485916 0.056017046901274008 -0.01308351007470783 0.044357799958378304 -0.097501569253086895 -0.0010135411921150727 0.0046734428092272294 0.031455967388248067 0.0038055859084059288 0.03747130891547306 0.05937381044623722 0.020994073252151694 -0.082509236589362156 -0.00055368614104152759 -0.047735078781183063 -0.1237279935026665 -0.0011397748108814474 0.0065574723327676407 0.0031936085535650307 -0.025112903629324265 0.019805106609188619 -0.090671854625008319 0.0017885758162183762 -0.016030802511586596 0.041020536801402274 -0.08979328371203249 0.028201412617652084 0.00030904408382736754
leaf_weight=62 192 86 2880 192 192 960 88 98 12066 1344 160 202 96 167 107 57 124 57 79247 1376 110 65 2040 112 109 182 147 51 3932 22847
leaf_count=62 192 86 2880 192 192 960 88 98 12066 1344 160 202 96 167 107 57 124 57 79247 1376 110 65 2040 112 109 182 147 51 3932 22847
internal_value=8.6511e-05 0.000458321 0.000415225 -0.00116987 0.000526198 0.000383671 -0.000591299 -0.00606771 0.000627975 0.00203776 -0.00196023 0.00100694 -0.00307292 -0.00392857 -0.0059375 -0.0102439 -0.0034507 8.92859e-05 2.14387e-05 0.000907298 -0.00488372 0.00116375 0.00132103 8.15066e-05 -0.005181 0.000827985 -0.000743243 -0.0040604 -1.24496e-05 0.000291086
internal_weight=129348 19266 19074 1248 17826 16290 3264 384 13026 1536 1056 288 768 672 448 164 284 224 110082 4056 172 3884 3819 1779 221 1558 296 149 106026 26779
internal_count=129348 19266 19074 1248 17826 16290 3264 384 13026 1536 1056 288 768 672 448 164 284 224 110082 4056 172 3884 3819 1779 221 1558 296 149 106026 26779
is_linear=0
shrinkage=0.05


Tree=297
num_leaves=31
num_cat=0
split_feature=1 7 11 7 4 3 3 10 3 7 0 10 4 8 11 8 9 7 8 11 4 7 11 11 3 3 7 0 0 4
split_gain=1.25366 1.59782 2.48149 1.81452 1.48691 1.42013 1.24546 2.03705 1.57833 1.42517 1.35666 1.75921 3.19183 4.0197 5.50631 4.3675 2.90857 7.79246 2.84444 1.8761 1.94326 2.73008 1.85969 2.02292 2.99358 1.40979 1.4955 1.29112 3.80465 2.13576
threshold=5.5000000000000009 8.5625000000000018 0.97407968238158804 7.5625000000000009 0.97461712852231652 -0.99940763397299126 -0.98370366633421236 1.0000000180025095e-35 -0.54220184589352438 25.712500000000006 20.500000000000004 1.0000000180025095e-35 0.9863035000474919 35.350000000000001 1.0095531556613402 37.050000000000004 28.997135416666673 25.812500000000004 37.900000000000006 1.0174574584294211 -0.20180761162458913 11.212500000000004 0.89108496733767706 1.0359848163709104 -0.32614396506100213 0.7210268013660811 7.5625000000000009 74.500000000000014 86.500000000000014 -0.31800055644052067
decision_type=2 2 2 2 2 2 2 2 2 2 2 2 2 2 2 2 2 2 2 2 2 2 2 2 2 2 2 2 2 2
left_child=1 2 3 -1 -4 -2 7 -7 -8 -9 11 22 13 16 15 -15 17 19 -16 -13 -21 -22 -10 25 -25 26 -24 -12 29 -29
right_child=5 -3 4 -5 -6 6 8 9 10 -11 27 12 -14 14 18 -17 -18 -19 -20 20 21 -23 23 24 -26 -27 -28 28 -30 -31
leaf_value=-0.047013879866968665 0.12110432895425366 -8.2340973183026137e-05 0.020708290821021179 0.0024187379886341752 0.002119809609990678 0.019514342417198377 0.016965713186421597 -0.046990878117145259 -0.051644039305606265 -0.0086923742111252745 0.014887712766687067 0.00652843582681657 -0.02710871379937313 -0.015606895032089381 -0.040533312065490712 -0.16977763491308367 0.10669243018514572 -0.09859778994063495 0.033494290874400513 -0.0774146222738194 -0.012504616687436132 0.0097486913917211593 -0.026516355035964136 -0.092839742170202355 0.0020356902517445021 -0.0068029615521991819 0.045922352943532703 -0.00056256426118728728 0.011405426466197554 -0.035470550450280136
leaf_weight=62 192 106501 1456 62 2001 192 4992 202 63 278 7534 510 105 63 63 60 273 73 147 89 117 177 64 63 378 126 566 803 1260 876
leaf_count=62 192 106501 1456 62 2001 192 4992 202 63 278 7534 510 105 63 63 60 273 73 147 89 117 177 64 63 378 126 566 803 1260 876
internal_value=8.88303e-05 2.37098e-05 0.00106255 -0.0058871 0.00131183 0.000460916 0.000417846 -0.00169643 0.000495055 -0.0034375 0.000212528 -0.000737147 -0.00179785 -0.0012341 -0.00611111 -0.0145122 7.66749e-05 -0.00121118 -0.00119048 7.27885e-05 -0.0025718 -0.000612245 0.000674603 0.00111529 -0.00157596 0.00268519 0.00365079 0.000478851 -0.000410003 -0.00196843
internal_weight=129348 110082 3581 124 3457 19266 19074 672 18402 480 13410 2937 1677 1572 333 123 1239 966 210 893 383 294 1260 1197 441 756 630 10473 2939 1679
internal_count=129348 110082 3581 124 3457 19266 19074 672 18402 480 13410 2937 1677 1572 333 123 1239 966 210 893 383 294 1260 1197 441 756 630 10473 2939 1679
is_linear=0
shrinkage=0.05


Tree=298
num_leaves=31
num_cat=0
split_feature=1 7 11 4 3 7 3 10 11 0 9 7 7 10 4 7 3 7 11 0 8 8 0 3 3 9 11 0 0 8
split_gain=1.3701 1.63822 1.94781 1.5225 1.40638 1.3629 1.36036 1.86667 1.54369 1.68004 1.6219 1.42517 1.38704 1.59871 3.01519 1.26931 1.64798 2.50293 1.72384 1.20629 2.09373 6.34413 7.72026 1.82418 5.50905 2.79024 1.80233 1.57061 1.25244 1.17786
threshold=5.5000000000000009 8.5625000000000018 0.97407968238158804 0.97461712852231652 -0.99940763397299126 7.5625000000000009 -0.98370366633421236 1.0000000180025095e-35 1.1054431876437014 47.500000000000007 30.817708333333339 25.712500000000006 25.412500000000005 1.0000000180025095e-35 -0.80417042486635371 36.912500000000016 -0.17647087149565668 35.01250000000001 1.0693501317157568 70.500000000000014 28.850000000000005 27.950000000000003 15.500000000000002 -0.95244167294248061 -0.96235977360714686 27.557552083333338 0.95165181534458754 78.500000000000014 38.500000000000007 34.350000000000001
decision_type=2 2 2 2 2 2 2 2 2 2 2 2 2 2 2 2 2 2 2 2 2 2 2 2 2 2 2 2 2 2
left_child=1 2 5 -4 -2 -1 7 -6 15 12 -11 -9 -10 14 -14 16 17 18 19 20 21 -8 -23 24 25 -22 -21 -28 -27 -3
right_child=4 29 3 -5 6 -7 8 11 9 10 -12 -13 13 -15 -16 -17 -18 -19 -20 26 23 22 -24 -25 -26 28 27 -29 -30 -31
leaf_value=-0.044663185873620337 0.11504911250654065 -0.0010500252486199632 0.019672876279969484 0.0020138191294917038 0.01853862529633787 0.0022978010892031743 0.014494679768400047 -0.044641334211287416 -0.037474665270222599 0.035875707295003868 -0.03414490482869894 -0.0082577555005684412 -0.18171370749624033 0.0061721003491843019 -0.024378642532630307 0.10941693865181995 0.00088826675855501684 -0.036573960011021672 -0.053106218689289192 -0.028757872812990401 0.08649734421675942 -0.086163412978438325 -0.021045569586825075 0.056922989190649712 -0.075733128434863031 0.012060494148117488 -0.013831078431444113 0.025249027456279046 -0.082197824236685701 0.0035378469925709784
leaf_weight=62 192 79722 1456 2001 192 62 994 202 50 286 336 278 96 288 190 456 9609 61 96 350 284 80 275 3195 71 117 469 1003 96 26779
leaf_count=62 192 79722 1456 2001 192 62 994 202 50 286 336 278 96 288 190 456 9609 61 96 350 284 80 275 3195 71 117 469 1003 96 26779
internal_value=9.26959e-05 2.46182e-05 0.00107652 0.00129737 0.000481678 -0.00508064 0.000438817 -0.00177083 0.000519509 -0.00117978 0.000659164 -0.0034375 -0.00301282 -0.00231707 -0.00496503 0.000642924 0.000571856 0.00115005 0.00123755 0.00132968 0.0017234 3.33582e-05 -0.00570423 0.00232926 -0.00028169 0.00157948 0.000225028 0.000991848 -0.00274648 -1.07509e-05
internal_weight=129348 110082 3581 3457 19266 124 19074 672 18402 1246 622 480 624 574 286 17156 16700 7091 7030 6934 5112 1349 355 3763 568 497 1822 1472 213 106501
internal_count=129348 110082 3581 3457 19266 124 19074 672 18402 1246 622 480 624 574 286 17156 16700 7091 7030 6934 5112 1349 355 3763 568 497 1822 1472 213 106501
is_linear=0
shrinkage=0.05


Tree=299
num_leaves=31
num_cat=0
split_feature=1 7 11 3 4 11 3 10 0 3 7 3 7 11 7 7 9 0 7 9 7 0 8 8 8 0 0 4 8 3
split_gain=1.35188 1.42667 1.66002 1.4081 1.39987 1.24862 1.71477 1.93802 1.85437 1.82857 1.27786 1.61892 2.11398 1.71686 1.23785 2.17115 1.60692 2.81022 1.43921 1.73153 1.16129 1.15726 1.131 2.94403 3.43793 9.47666 2.31795 2.77889 1.9734 1.90135
threshold=5.5000000000000009 8.5625000000000018 0.97407968238158804 -0.99940763397299126 0.97461712852231652 1.1054431876437014 -0.98370366633421236 1.0000000180025095e-35 34.500000000000007 -0.98930078251469888 36.912500000000016 -0.17647087149565668 34.88750000000001 1.0693501317157568 24.212500000000006 22.662500000000005 30.817708333333339 10.500000000000002 28.612500000000004 31.50833333333334 7.5625000000000009 68.500000000000014 23.750000000000004 28.450000000000003 27.950000000000003 21.500000000000004 56.500000000000007 -0.21022037796396451 24.550000000000004 -0.95244167294248061
decision_type=2 2 2 2 2 2 2 2 2 2 2 2 2 2 2 2 2 2 2 2 2 2 2 2 2 2 2 2 2 2
left_child=1 2 20 -2 -4 6 7 -5 9 -9 11 12 13 22 15 -7 17 -16 -18 -20 -1 -21 -8 24 28 -26 29 -28 -24 -25
right_child=3 -3 4 5 -6 14 10 8 -10 -11 -12 -13 -14 -15 16 -17 18 -19 19 21 -22 -23 23 26 25 -27 27 -29 -30 -31
leaf_value=-0.042430026579939495 0.10929665688121365 -8.8623807088352173e-05 0.018689232465971015 0.041960805039311266 0.0019131281730166126 0.024277904978151507 0.047084895883002353 -0.020465240564648598 -0.0084620218074026032 -0.081785804397798242 0.10394609171922829 0.00084385342062746546 -0.034704196700913265 -0.050450907754824498 -0.036038684743985881 -0.065297390126254129 0.036444999832251572 0.024755251700213095 -0.19209252035416288 -0.04309934677747173 0.0021829110347425149 0.035922927168553213 -0.014839204453338195 -0.0034734662150441653 -0.083388430644478179 -0.0037519794891763361 -0.013869059529065168 0.058412532405259947 0.0098225586541492212 0.058963247819562928
leaf_weight=62 192 106501 1456 96 2001 52 576 70 244 70 456 9609 73 96 55 74 125 587 131 279 62 135 96 456 88 296 1276 819 672 2643
leaf_count=62 192 106501 1456 96 2001 52 576 70 244 70 456 9609 73 96 55 74 125 587 131 279 62 135 96 456 88 296 1276 819 672 2643
internal_value=9.26959e-05 2.50724e-05 0.0010067 0.000479082 0.00121059 0.000436196 0.000551713 -0.00239583 -0.00398437 -0.00857143 0.000634181 0.000562874 0.00113595 0.001224 -0.000980528 -0.00571429 -0.000525914 0.00126168 -0.00223881 -0.00334862 -0.00467742 -0.00176328 0.00131609 0.00112354 -0.00116319 -0.00502604 0.00163073 0.000346062 0.000768229 0.00249919
internal_weight=129348 110082 3581 19266 3457 19074 17636 480 384 140 17156 16700 7091 7018 1438 126 1312 642 670 545 124 414 6922 6346 1152 384 5194 2095 768 3099
internal_count=129348 110082 3581 19266 3457 19074 17636 480 384 140 17156 16700 7091 7018 1438 126 1312 642 670 545 124 414 6922 6346 1152 384 5194 2095 768 3099
is_linear=0
shrinkage=0.05


end of trees

feature_importances:
slot=2055
sin_doy=1305
up_ratio=1036
temp_daymax=1002
temp_daymean=968
cos_doy=817
temp=773
district_id=496
dow=464
is_holiday=43
is_holiday_prev=41

parameters:
[boosting: gbdt]
[objective: quantile]
[metric: quantile]
[tree_learner: serial]
[device_type: cpu]
[data_sample_strategy: bagging]
[data: ]
[valid: ]
[num_iterations: 300]
[learning_rate: 0.05]
[num_leaves: 31]
[num_threads: 8]
[seed: 42]
[deterministic: 1]
[force_col_wise: 1]
[force_row_wise: 0]
[histogram_pool_size: -1]
[max_depth: -1]
[min_data_in_leaf: 50]
[min_sum_hessian_in_leaf: 0.001]
[bagging_fraction: 1]
[pos_bagging_fraction: 1]
[neg_bagging_fraction: 1]
[bagging_freq: 0]
[bagging_seed: 400]
[bagging_by_query: 0]
[feature_fraction: 1]
[feature_fraction_bynode: 1]
[feature_fraction_seed: 30056]
[extra_trees: 0]
[extra_seed: 12879]
[early_stopping_round: 0]
[early_stopping_min_delta: 0]
[first_metric_only: 0]
[max_delta_step: 0]
[lambda_l1: 0]
[lambda_l2: 0]
[linear_lambda: 0]
[min_gain_to_split: 0]
[drop_rate: 0.1]
[max_drop: 50]
[skip_drop: 0.5]
[xgboost_dart_mode: 0]
[uniform_drop: 0]
[drop_seed: 17869]
[top_rate: 0.2]
[other_rate: 0.1]
[min_data_per_group: 100]
[max_cat_threshold: 32]
[cat_l2: 10]
[cat_smooth: 10]
[max_cat_to_onehot: 4]
[top_k: 20]
[monotone_constraints: ]
[monotone_constraints_method: basic]
[monotone_penalty: 0]
[feature_contri: ]
[forcedsplits_filename: ]
[refit_decay_rate: 0.9]
[cegb_tradeoff: 1]
[cegb_penalty_split: 0]
[cegb_penalty_feature_lazy: ]
[cegb_penalty_feature_coupled: ]
[path_smooth: 0]
[interaction_constraints: ]
[verbosity: -1]
[saved_feature_importance_type: 0]
[use_quantized_grad: 0]
[num_grad_quant_bins: 4]
[quant_train_renew_leaf: 0]
[stochastic_rounding: 1]
[linear_tree: 0]
[max_bin: 255]
[max_bin_by_feature: ]
[min_data_in_bin: 3]
[bin_construct_sample_cnt: 200000]
[data_random_seed: 175]
[is_enable_sparse: 1]
[enable_bundle: 1]
[use_missing: 1]
[zero_as_missing: 0]
[feature_pre_filter: 1]
[pre_partition: 0]
[two_round: 0]
[header: 0]
[label_column: ]
[weight_column: ]
[group_column: ]
[ignore_column: ]
[categorical_feature: ]
[forcedbins_filename: ]
[precise_float_parser: 0]
[parser_config_file: ]
[objective_seed: 16083]
[num_class: 1]
[is_unbalance: 0]
[scale_pos_weight: 1]
[sigmoid: 1]
[boost_from_average: 1]
[reg_sqrt: 0]
[alpha: 0.1]
[fair_c: 1]
[poisson_max_delta_step: 0.7]
[tweedie_variance_power: 1.5]
[lambdarank_truncation_level: 30]
[lambdarank_norm: 1]
[label_gain: ]
[lambdarank_position_bias_regularization: 0]
[eval_at: ]
[multi_error_top_k: 1]
[auc_mu_weights: ]
[num_machines: 1]
[local_listen_port: 12400]
[time_out: 120]
[machine_list_filename: ]
[machines: ]
[gpu_platform_id: -1]
[gpu_device_id: -1]
[gpu_device_id_list: ]
[gpu_use_dp: 0]
[num_gpu: 1]

end of parameters

pandas_categorical:[]
